EVENT_ID,CZ_NAME_STR,BEGIN_LOCATION,BEGIN_DATE,BEGIN_TIME,EVENT_TYPE,MAGNITUDE,TOR_F_SCALE,DEATHS_DIRECT,INJURIES_DIRECT,DAMAGE_PROPERTY_NUM,DAMAGE_CROPS_NUM,STATE_ABBR,CZ_TIMEZONE,MAGNITUDE_TYPE,EPISODE_ID,CZ_TYPE,CZ_FIPS,WFO,INJURIES_INDIRECT,DEATHS_INDIRECT,SOURCE,FLOOD_CAUSE,TOR_LENGTH,TOR_WIDTH,BEGIN_RANGE,BEGIN_AZIMUTH,END_RANGE,END_AZIMUTH,END_LOCATION,END_DATE,END_TIME,BEGIN_LAT,BEGIN_LON,END_LAT,END_LON,EVENT_NARRATIVE,EPISODE_NARRATIVE,ABSOLUTE_ROWNUMBER
330790,PASCO CO.,ZEPHYR HILLS MUNI AR,07/07/2011,1605,Tornado, ,EF0,0,0,20000,0,FL,EST-5, ,55044,C,101,TBW,0,0,Emergency Manager, ,0.22,20,1,SW,1,SW,ZEPHYR HILLS MUNI AR,07/07/2011,1607,28.2088,-82.1615,28.2114,-82.1594,"A brief EF0 tornado resulted when a westward moving thunderstorm merged with a northeastward moving thunderstorm over the Zephyrhills area. Damage occurred to some manufactured homes near Chancey Road, with two structures sustaining minor roof damage, two having minor siding damage, and some lawn furniture was scattered.","Deep tropical moisture was in place across the area as a tropical wave slowly moved over the area. This allowed for numerous heavy showers and thunderstorms with a brief tornado spawning from boundary collisions.",1
319162,DUNN CO.,EMERSON,07/08/2011,1535,Tornado, ,EF0,0,0,0,0,ND,MST-7, ,53358,C,25,BIS,0,0,Public, ,1.93,25,7,SW,6,SW,EMERSON,07/08/2011,1540,47.11,-102.77,47.1117,-102.729,"Multiple public reports of a tornado were called in to the Dickinson 911 dispatch center. This tornado occurred south of Manning in the open country of Dunn County. No damage was reported. The same thunderstorm complex that produced this tornado in Dunn County produced tornadoes later in Mercer County. See Mercer County tornado entries.","Tornado Watch number 611 was issued in the early afternoon in anticipation of an increasing threat for thunderstorms across west and central North Dakota for the afternoon and evening hours of July 8th.  Destabilization occurred behind a northward advecting warm front, where storms eventually developed across the south. Veering low level winds in the warm sector also created an environment conducive for tornado development. Numerous severe weather warnings were issued. Six tornadoes occurred during this event and all were rated EF0 as there were no damage reports.",2
319165,MERCER CO.,GOLDEN VLY,07/08/2011,1643,Tornado, ,EF0,0,0,0,0,ND,CST-6, ,53358,C,57,BIS,0,0,COOP Observer, ,3.13,40,2,WNW,2,NNE,GOLDEN VLY,07/08/2011,1648,47.29,-102.12,47.31,-102.06,"This tornado occurred in open country northwest of the town of Golden Valley, in Mercer County. No damage was reported. The same thunderstorm complex that produced this tornado in Mercer County produced one earlier, south of Manning in Dunn County, and one later, also in Mercer County, near Beulah. See Dunn County and other Mercer County tornado entries.","Tornado Watch number 611 was issued in the early afternoon in anticipation of an increasing threat for thunderstorms across west and central North Dakota for the afternoon and evening hours of July 8th.  Destabilization occurred behind a northward advecting warm front, where storms eventually developed across the south. Veering low level winds in the warm sector also created an environment conducive for tornado development. Numerous severe weather warnings were issued. Six tornadoes occurred during this event and all were rated EF0 as there were no damage reports.",3
338791,MERCER CO.,BEULAH,07/08/2011,1702,Tornado, ,EF0,0,0,0,0,ND,CST-6, ,53358,C,57,BIS,0,0,Law Enforcement, ,3.16,30,1,WNW,3,NNE,BEULAH,07/08/2011,1707,47.2755,-101.7997,47.3101,-101.7555,"This tornado was reported by law enforcement. It moved near Beulah, Mercer County, just to the west and north of the city. No damage was reported. The same thunderstorm complex that produced this tornado in Mercer County produced one earlier northwest of Golden Valley, Mercer County, and one before that south of Manning in Dunn County. See Dunn County and other Mercer County tornado entries.","Tornado Watch number 611 was issued in the early afternoon in anticipation of an increasing threat for thunderstorms across west and central North Dakota for the afternoon and evening hours of July 8th.  Destabilization occurred behind a northward advecting warm front, where storms eventually developed across the south. Veering low level winds in the warm sector also created an environment conducive for tornado development. Numerous severe weather warnings were issued. Six tornadoes occurred during this event and all were rated EF0 as there were no damage reports.",4
319170,MORTON CO.,FT RICE,07/08/2011,1738,Tornado, ,EF0,0,0,0,0,ND,CST-6, ,53358,C,59,BIS,0,0,Public, ,0.01,15,7,SSW,7,SSW,FT RICE,07/08/2011,1738,46.42,-100.64,46.42,-100.64,"A tornado touched the ground near the Cannon Ball River and quickly lifted. It was on the ground for less than one minute. No damage was reported with this tornado.","Tornado Watch number 611 was issued in the early afternoon in anticipation of an increasing threat for thunderstorms across west and central North Dakota for the afternoon and evening hours of July 8th.  Destabilization occurred behind a northward advecting warm front, where storms eventually developed across the south. Veering low level winds in the warm sector also created an environment conducive for tornado development. Numerous severe weather warnings were issued. Six tornadoes occurred during this event and all were rated EF0 as there were no damage reports.",5
319172,MCLEAN CO.,UNDERWOOD,07/08/2011,1759,Tornado, ,EF0,0,0,0,0,ND,CST-6, ,53358,C,55,BIS,0,0,Public, ,0.23,30,1,NNW,1,N,UNDERWOOD,07/08/2011,1800,47.47,-101.14,47.4702,-101.1352,"A brief tornado touched down near Underwood but did not impact any structures. No damage was reported with this tornado.","Tornado Watch number 611 was issued in the early afternoon in anticipation of an increasing threat for thunderstorms across west and central North Dakota for the afternoon and evening hours of July 8th.  Destabilization occurred behind a northward advecting warm front, where storms eventually developed across the south. Veering low level winds in the warm sector also created an environment conducive for tornado development. Numerous severe weather warnings were issued. Six tornadoes occurred during this event and all were rated EF0 as there were no damage reports.",6
319174,LOGAN CO.,NAPOLEON,07/08/2011,1935,Tornado, ,EF0,0,0,0,0,ND,CST-6, ,53358,C,47,BIS,0,0,Public, ,0.26,30,1,N,1,NNE,NAPOLEON,07/08/2011,1936,46.51,-99.77,46.5108,-99.7646,"A brief tornado touchdown occurred near Napoleon. No structures were impacted, and no damage was reported with this tornado.","Tornado Watch number 611 was issued in the early afternoon in anticipation of an increasing threat for thunderstorms across west and central North Dakota for the afternoon and evening hours of July 8th.  Destabilization occurred behind a northward advecting warm front, where storms eventually developed across the south. Veering low level winds in the warm sector also created an environment conducive for tornado development. Numerous severe weather warnings were issued. Six tornadoes occurred during this event and all were rated EF0 as there were no damage reports.",7
333962,PUEBLO CO.,CEDARWOOD,07/10/2011,1255,Tornado, ,EF0,0,0,20000,0,CO,MST-7, ,55697,C,101,PUB,0,0,Public, ,0.2,30,11,NNW,11,NNW,CEDARWOOD,07/10/2011,1259,38.0643,-104.7153,38.0637,-104.7152,"A short-lived landspout tornado destroyed a carport and damaged a vehicle, and lifted the roof of a recreation room causing some minor damage.","A storm south of Pueblo generated a short-lived landspout, as well as hailstones up to the size of nickels.",8
322007,LOGAN CO.,NAPOLEON,07/10/2011,1340,Tornado, ,EF2,0,0,450000,0,ND,CST-6, ,53360,C,47,BIS,0,0,NWS Storm Survey, ,11.98,50,7,S,4,E,BURNSTAD,07/10/2011,1359,46.401,-99.792,46.3761,-99.5432,"A National Weather Service storm survey confirmed that an EF2 tornado on the Enhanced Fujita Scale touched down around seven miles south southwest of Napoleon, then moved east southeast before lifting four miles east of Burnstad. No fewer than three farmsteads were damaged along the path of the tornado. The worst damage occurred seven miles south southwest of Napoleon, where the tornado picked up and threw an 18 thousand bushel grain bin 250 yards, and also destroyed 1,800 feet of shelter belt trees near 100 feet tall.  East southeast of this farmstead, the tornado lifted and rolled a ten ton grain bin three quarters of one mile to another farmstead, where it impacted and damaged a barn. The damage corresponded to EF2 on the Enhanced Fujita Scale. From that it was determined that wind speeds with this tornado were around 120 miles per hour.","A strong upper level jet streak moving into the region triggered scattered elevated thunderstorm activity during the late morning hours of July 10th over southwest North Dakota. Large hail up to two inches in diameter was reported with these storms. As the aerial coverage of storms became more widespread, Severe Thunderstorm Watch number 616 was issued.  Once the storms advected to the east into south central and southeast North Dakota during the afternoon, they became rooted in the boundary layer and became much more intense necessitating the issuance of Tornado Watch number 617.  Considerable veering winds with height, strong instability, and favorable deep layer sheer produced a favorable environment for very large hail, damaging winds, and isolated tornadoes.||Multiple severe thunderstorm warnings and several tornado warnings were issued during this event. Numerous reports of large hail and destructive thunderstorm winds were received. After in depth investigation including two separate storm damage surveys, it was concluded that four confirmed tornadoes occurred during this event, including EF2 tornado damage seven miles south of Napoleon.",9
322014,MCINTOSH CO.,ASHLEY,07/10/2011,1434,Tornado, ,EF0,0,0,0,0,ND,CST-6, ,53360,C,51,BIS,0,0,Law Enforcement, ,0.93,20,1,W,1,SW,ASHLEY,07/10/2011,1439,46.03,-99.39,46.0175,-99.3827,"A tornado touched down in a field near Ashley. No damage was reported with this tornado.","A strong upper level jet streak moving into the region triggered scattered elevated thunderstorm activity during the late morning hours of July 10th over southwest North Dakota. Large hail up to two inches in diameter was reported with these storms. As the aerial coverage of storms became more widespread, Severe Thunderstorm Watch number 616 was issued.  Once the storms advected to the east into south central and southeast North Dakota during the afternoon, they became rooted in the boundary layer and became much more intense necessitating the issuance of Tornado Watch number 617.  Considerable veering winds with height, strong instability, and favorable deep layer sheer produced a favorable environment for very large hail, damaging winds, and isolated tornadoes.||Multiple severe thunderstorm warnings and several tornado warnings were issued during this event. Numerous reports of large hail and destructive thunderstorm winds were received. After in depth investigation including two separate storm damage surveys, it was concluded that four confirmed tornadoes occurred during this event, including EF2 tornado damage seven miles south of Napoleon.",10
322016,DICKEY CO.,MERRICOURT,07/10/2011,1448,Tornado, ,EF1,0,0,75000,0,ND,CST-6, ,53360,C,21,BIS,0,0,NWS Storm Survey, ,0.49,25,6,NW,6,NW,MERRICOURT,07/10/2011,1450,46.26,-98.84,46.2563,-98.8314,"A National Weather Service storm survey confirmed that an EF1 tornado on the Enhanced Fujita Scale briefly touched down five miles northwest of Merricourt. There was an eye witness to the tornado. A pole barn was damaged along with numerous trees snapped. The damage corresponded to low end EF1 on the Enhanced Fujita Scale. From that it was determined that wind speeds were on the order of 90 miles per hour.","A strong upper level jet streak moving into the region triggered scattered elevated thunderstorm activity during the late morning hours of July 10th over southwest North Dakota. Large hail up to two inches in diameter was reported with these storms. As the aerial coverage of storms became more widespread, Severe Thunderstorm Watch number 616 was issued.  Once the storms advected to the east into south central and southeast North Dakota during the afternoon, they became rooted in the boundary layer and became much more intense necessitating the issuance of Tornado Watch number 617.  Considerable veering winds with height, strong instability, and favorable deep layer sheer produced a favorable environment for very large hail, damaging winds, and isolated tornadoes.||Multiple severe thunderstorm warnings and several tornado warnings were issued during this event. Numerous reports of large hail and destructive thunderstorm winds were received. After in depth investigation including two separate storm damage surveys, it was concluded that four confirmed tornadoes occurred during this event, including EF2 tornado damage seven miles south of Napoleon.",11
322019,DICKEY CO.,MONANGO,07/10/2011,1504,Tornado, ,EF0,0,0,0,0,ND,CST-6, ,53360,C,21,BIS,0,0,Trained Spotter, ,0.38,25,0,W,0,SW,MONANGO,07/10/2011,1506,46.17,-98.59,46.1684,-98.5824,"A trained weather spotter reported a tornado on the ground near Monango. Very strong straight line winds were also reported. Damage was associated with the straight line winds. The tornado was reported in the open country with no damage attributed to it.","A strong upper level jet streak moving into the region triggered scattered elevated thunderstorm activity during the late morning hours of July 10th over southwest North Dakota. Large hail up to two inches in diameter was reported with these storms. As the aerial coverage of storms became more widespread, Severe Thunderstorm Watch number 616 was issued.  Once the storms advected to the east into south central and southeast North Dakota during the afternoon, they became rooted in the boundary layer and became much more intense necessitating the issuance of Tornado Watch number 617.  Considerable veering winds with height, strong instability, and favorable deep layer sheer produced a favorable environment for very large hail, damaging winds, and isolated tornadoes.||Multiple severe thunderstorm warnings and several tornado warnings were issued during this event. Numerous reports of large hail and destructive thunderstorm winds were received. After in depth investigation including two separate storm damage surveys, it was concluded that four confirmed tornadoes occurred during this event, including EF2 tornado damage seven miles south of Napoleon.",12
322020,DICKEY CO.,GLOVER,07/10/2011,1535,Tornado, ,EF0,0,0,0,0,ND,CST-6, ,53360,C,21,BIS,0,0,Public, ,0.14,20,3,SSW,3,SSW,GLOVER,07/10/2011,1536,46.19,-98.16,46.1885,-98.158,"A visual confirmation of a brief tornado touchdown was received. The tornado was reported to have touched down in open fields northwest of Oakes, with no damage attributed to it.","A strong upper level jet streak moving into the region triggered scattered elevated thunderstorm activity during the late morning hours of July 10th over southwest North Dakota. Large hail up to two inches in diameter was reported with these storms. As the aerial coverage of storms became more widespread, Severe Thunderstorm Watch number 616 was issued.  Once the storms advected to the east into south central and southeast North Dakota during the afternoon, they became rooted in the boundary layer and became much more intense necessitating the issuance of Tornado Watch number 617.  Considerable veering winds with height, strong instability, and favorable deep layer sheer produced a favorable environment for very large hail, damaging winds, and isolated tornadoes.||Multiple severe thunderstorm warnings and several tornado warnings were issued during this event. Numerous reports of large hail and destructive thunderstorm winds were received. After in depth investigation including two separate storm damage surveys, it was concluded that four confirmed tornadoes occurred during this event, including EF2 tornado damage seven miles south of Napoleon.",13
333619,SARGENT CO.,NICHOLSON,07/10/2011,1550,Tornado, ,EF2,0,0,800000,2000000,ND,CST-6, ,52478,C,81,FGF,0,0,NWS Storm Survey, ,26,600,4,W,3,SE,CAYUGA,07/10/2011,1627,46.11,-97.95,46.0444,-97.3431,"This tornado was enshrouded in downburst winds and heavy rains, but was briefly visible to spotters near Cogswell. The tornado ripped out nearly seven miles of dual wooden high voltage power line along its track. Numerous trees and singular power poles were snapped and pole sheds and steel grain bins were destroyed at multiple locations. Peak winds were estimated at 120 mph.","Late in the afternoon of the 10th, an area of weak surface low pressure was located over north central South Dakota. There were several boundaries in the vicinity, but these were also fairly weak. However, there was ample instability and upper support, which led to severe thunderstorms over portions of southeast North Dakota.",14
333625,SARGENT CO.,MILNOR MUNI ARPT,07/10/2011,1621,Tornado, ,EF1,0,0,100000,50000,ND,CST-6, ,52478,C,81,FGF,0,0,NWS Storm Survey, ,4,400,0,E,1,E,DE LAMERE,07/10/2011,1628,46.25,-97.42,46.27,-97.3091,"This tornado was likely wrapped in heavy rains and downburst winds for much of its track. The tornado snapped or uprooted numerous elm and ash trees in farm shelterbelts and in the town of Delamere. Peak winds were estimated at 100 mph.","Late in the afternoon of the 10th, an area of weak surface low pressure was located over north central South Dakota. There were several boundaries in the vicinity, but these were also fairly weak. However, there was ample instability and upper support, which led to severe thunderstorms over portions of southeast North Dakota.",15
333635,RICHLAND CO.,STILES,07/10/2011,1653,Tornado, ,EF1,0,0,30000,300000,ND,CST-6, ,52478,C,77,FGF,0,0,NWS Storm Survey, ,2.91,200,5,SW,3,S,STILES,07/10/2011,1659,46.02,-97.11,46.0266,-97.05,"The tornado became enshrouded in heavy rains and downburst winds. Several trees were snapped or uprooted in farm shelterbelts. Peak winds were estimated at 95 mph.","Late in the afternoon of the 10th, an area of weak surface low pressure was located over north central South Dakota. There were several boundaries in the vicinity, but these were also fairly weak. However, there was ample instability and upper support, which led to severe thunderstorms over portions of southeast North Dakota.",16
324876,KANDIYOHI CO.,ATWATER,07/10/2011,1947,Tornado, ,EF0,0,0,0,5000,MN,CST-6, ,51982,C,67,MPX,0,0,NWS Storm Survey, ,0.09,10,5,NNE,5,NNE,ATWATER,07/10/2011,1948,45.1965,-94.7601,45.1962,-94.7583,"There were several reports of a brief tornado from Skywarn Spotters and the public in a field along 310th Street, approximately 5 miles north-northeast of Atwater, Minnesota. An EF-0 tornado was confirmed the next day by a National Weather Service Service Team near the Kandiyohi/Meeker County line.||One detailed account indicated the condensation of the tornado reached the ground for about 20 seconds before the tornado dissipated. This occurred in a corn field.||Based on radar and information from the survey, winds were around 65 mph, with a path length near an 1/8 of a mile, and a width of 10 yards.","The early evening of Sunday July 10th, a complex of thunderstorms developed across southeast North Dakota, and northeast South Dakota, and moved southeast across Minnesota. Ample instability and wind shear allowed for several bow echoes to form along the leading edge of a strong thunderstorm complex. ||Several wind sensors across west central Minnesota recorded measured wind speeds in excess of 70 mph as these storms moved rapidly southeast. There was a brief tornado that touched down north of Atwater, Minnesota. However, most of the storm damage was with straight-line winds, some of which caused widespread damage near Sauk Centre. ||The worst damage, in terms of hundreds of trees uprooted or down power lines was across Douglas, Pope and Stearns Counties of west central and central Minnesota early in the storm's path.",17
313017,WEBSTER CO.,MOORLAND NESLER ARPT,07/11/2011,152,Tornado, ,EF0,0,0,0,10000,IA,CST-6, ,51881,C,187,DMX,0,0,Airplane Pilot, ,2.21,50,0,WSW,2,E,MOORLAND NESLER ARPT,07/11/2011,156,42.4273,-94.2883,42.432,-94.2455,"An intermittent path captured by photographs from an airplane.  The narrow path was entirely in fields of corn and soybeans as it moved nearly due east.","A very unstable airmass was in place over Iowa with CAPE values around 6000 J/kg and lifted indices around -11 C.  The downdraft CAPE was 1500 to 1900 J/kg.  CAPE in the -10 to -30 C layer of the atmosphere was high, in the 800 to 1200 J/kg range, however the freezing level was 15,500 feet, limiting the hail production.  The shear profile was relatively weak with 30 kts of effective shear available.  Predawn temperatures were in the upper 70s to around 80, with dewpoints in the mid 70s.  Precipitable water values were in the 1.5 to 2 inch range, boosted by a 35 kt low level jet.  Thunderstorms formed in two complexes along a weak frontal boundary extending from Minnesota into Kansas.  One of the complexes pushed north and east out of Kansas and Nebraska, the second was over southern Minnesota.  The two filled in during the night as the whole system moved into richer air.  An outflow boundary was located across northern Iowa from the complex in Minnesota, enhancing convection there.  As the storms moved into Iowa, the primary threat came in the form of wind with wind gusts of 40 to 60 MPH associated with the fast moving forward propagating MCS.  Wind damage occurred in the Atlantic area with a tree blocking U.S. Highway 6.  This cluster of storms continued to move across the state at around 55 MPH.  Wind damage occurred in the Des Moines area with tree branches down and power line damage caused by 60 MPH winds.  A 59 MPH wind gust was recorded at the Ames Airport as the storms passed.  As the complex of storms continued east out of central Iowa, widespread damage occurred across Marshall and Tama Counties with winds of 70 to 100 MPH.  Two radio towers were downed, one in central Tama County, the other in northern Polk County.  A local television station's weather radar was destroyed near Alleman, also in Polk County.  Local wind speeds in these areas were estimated as high as 115 MPH.  Widespread power outages were reported with 90% of the power still out in Marshall County, and 75% out in Tama County 12 hours after the event.  Power was out for 3 to 4 days in some places.  Governor Terry Brandstad gave a State Disaster Proclamation to Story, Marshall, and Tama Counties due the extensive damage.  A presidential declaration for major disaster was also given to Story, Marshall, and Tama Counties.  A broad area of severe damage occurred with a path 5 miles wide of EF1 type damage caused by the high winds.  A path, 10 miles wide, of 70 to 80 MPH was surveyed, with a 15 to 20 mile wide path of wind speeds above 60 MPH.  The damage swath was nearly continuous with no evidence of tornadoes.  It extended from southern Story and northern Polk Counties, through Marshall, and Tama Counties, and was about 75 miles in length before exiting the CWA.  Crop losses were substantial with around 40% or greater loss on over 100,000 acres of corn and soy beans.  The corn had much more damage than the bean plants, with damage on these acres estimated at $95,000,000.  Other damage occurred around the area as well.  This derecho event was the most widespread one to affect central and east central Iowa since the June 1998 event.  Some examples of the notable wind speeds estimated from the survey include 96 MPH near Huxley, 94 MPH near Maxwell, 70 to 90 MPH near Marshalltown, 105 MPH east of Garwin, 85 to 97 MPH between Garwin and Union Grove State Park, 100 MPH south of Traer, and south to southwest of Dysart 105 to 115 MPH, with 80 to 100 MPH winds just south of that part of the swath.  One dairy farmer near Dysart reported the total loss of 300 acres of corn and $300,000 damage to the farm.  Several of his dairy cows perished or had to be euthanized.  The farmer said he would have to go out of the farming business after 45 years due to the extent of the loss.  In Tama County, officials reported that 1000 county road signs were destroyed by the high wind.  Meanwhile, the northern part of the system continued to produce strong winds with a 63 MPH wind gust reported at the Fort Dodge Airport.",18
319474,ELBERT CO.,CEDAR PT,07/12/2011,1824,Tornado, ,EF0,0,0,0,0,CO,MST-7, ,53396,C,39,BOU,0,0,Trained Spotter, ,0.1,50,10,W,10,W,CEDAR PT,07/12/2011,1824,39.37,-104.08,39.37,-104.08,"A tornado touched down briefly and knocked down approximately 20 large ponderosa pines.","Severe thunderstorms developed over parts of Adams, Denver and Elbert Counties.  Two tornadoes touched down briefly in Elbert County.  In addition, the storms produced hail from quarter to golfball size, and wind gusts to near 70 mph.  The wind downed a tree in Adams County.  In Weld County, heavy rain and flash flooding caused widespread field flooding.  Several county roads were washed out near Pawnee National Grassland.  Another flash flood occurred in Elbert County, between Kiowa, Elizabeth and Agate.",19
319477,ELBERT CO.,FONDIS,07/12/2011,1911,Tornado, ,EF0,0,0,0,0,CO,MST-7, ,53396,C,39,BOU,0,0,Fire Department/Rescue, ,0.1,50,0,N,0,N,FONDIS,07/12/2011,1911,39.22,-104.45,39.22,-104.45,"A tornado touched down briefly but did no damage.","Severe thunderstorms developed over parts of Adams, Denver and Elbert Counties.  Two tornadoes touched down briefly in Elbert County.  In addition, the storms produced hail from quarter to golfball size, and wind gusts to near 70 mph.  The wind downed a tree in Adams County.  In Weld County, heavy rain and flash flooding caused widespread field flooding.  Several county roads were washed out near Pawnee National Grassland.  Another flash flood occurred in Elbert County, between Kiowa, Elizabeth and Agate.",20
331566,DONA ANA CO.,STRAUSS,07/13/2011,1446,Tornado, ,EF0,0,0,0,0,NM,MST-7, ,55191,C,13,EPZ,0,0,NWS Employee, ,0.42,10,4,W,3,W,STRAUSS,07/13/2011,1455,31.8677,-106.7596,31.8677,-106.7524,"National Weather Service Employees saw a landspout tornado about 3 miles west of the office with some dust debris on the ground. The tornado did not strike any structures and remained in the rural desert.","A surface low was setup near the bootheel of New Mexico with southeast winds over far South-Central New Mexico and a southerly flow aloft. This allowed for a brief landspout tornado to occur near the Santa Teresa Airport.",21
333208,FRANKLIN CO.,UPLAND,07/13/2011,1943,Tornado, ,EF0,0,0,0,0,NE,CST-6, ,55006,C,61,GID,0,0,Fire Department/Rescue, ,0.1,25,4,SW,4,SW,UPLAND,07/13/2011,1944,40.2791,-98.9537,40.2795,-98.9521,"A brief touchdown was reported approximately 4 miles southwest of Upland.  No damage was reported from this tornado.","For several hours between the mid-afternoon and late-evening on this Wednesday, a few supercell storms affected portions of South Central Nebraska. The majority of severe weather focused in two separate areas, one north of Interstate 80, and the other, more significant zone, south of Interstate 80 and west of Highway 281. Although large hail, damaging winds and locally heavy rainfall were the main issues, a pair of brief EF0 tornadoes occurred near Upland in northern Franklin County, with no damage reported. A few of the more notable hail and wind reports included golf ball size hail in southwest Furnas County and estimated 65 MPH winds in the Franklin area, with the roof of a storage shed peeled back just north of town. Rainfall wise, some of the heaviest downpours targeted Howard and Franklin Counties. Observers in the Dannebrog and St. Paul areas reported nearly 3 inches of rain, while in Franklin, 3.43 inches fell in a short time, resulting in localized flooding. After sunrise the next morning, the Thompson Creek at Riverton briefly exceeded flood stage of 10 feet. ||Focusing on timing and evolution, storms south of Interstate 80 first blossomed around 530 PM CDT as a supercell formed over Furnas County. The second and most noteworthy supercell in this southern area took shape over Kearney County around 7 PM CDT, before making a right turn southeast into Franklin County and producing the brief tornadoes. The storms north of Interstate 80 developed earlier on, first becoming strong in Howard and northern Hall Counties around 4 PM CDT. Additional storms continued to regenerate over this area, with one small supercell eventually tracking east into Merrick County around 7 PM CDT, dropping quarter size hail. All storms in South Central Nebraska weakened considerably or faded away altogether by midnight CDT.||There were both pros and cons regarding the risk for severe weather on this day. Working against a viable threat was overall weak large-scale forcing and strong capping, with only subtle shortwaves aloft rippling through west-southwest flow between a ridge dominating the southern states and a trough centered over the Pacific Northwest. On the other hand, the mesoscale environment became increasingly supportive of severe storms as the afternoon wore on, with the dominant supercells south of I-80 focused along an east-west surface front draped near the Nebraska-Kansas border. As easterly surface winds pooled considerable moisture and instability north of this boundary, mesoscale parameters during the mid-evening hours featured around 3000 J/kg MLCAPE, but only around 30 knots of deep-layer vertical wind shear. However, the surface front enhanced low level shear and resultant brief tornado development, with 0-1 kilometer storm relative helicity increasing to over 200 m2/s2.",22
333209,FRANKLIN CO.,UPLAND,07/13/2011,2004,Tornado, ,EF0,0,0,0,0,NE,CST-6, ,55006,C,61,GID,0,0,Fire Department/Rescue, ,0.1,25,5,SE,5,SE,UPLAND,07/13/2011,2005,40.2688,-98.8329,40.2692,-98.8317,"A second brief touchdown was reported approximately 5 miles southeast of Upland.  No damage was reported from this tornado.","For several hours between the mid-afternoon and late-evening on this Wednesday, a few supercell storms affected portions of South Central Nebraska. The majority of severe weather focused in two separate areas, one north of Interstate 80, and the other, more significant zone, south of Interstate 80 and west of Highway 281. Although large hail, damaging winds and locally heavy rainfall were the main issues, a pair of brief EF0 tornadoes occurred near Upland in northern Franklin County, with no damage reported. A few of the more notable hail and wind reports included golf ball size hail in southwest Furnas County and estimated 65 MPH winds in the Franklin area, with the roof of a storage shed peeled back just north of town. Rainfall wise, some of the heaviest downpours targeted Howard and Franklin Counties. Observers in the Dannebrog and St. Paul areas reported nearly 3 inches of rain, while in Franklin, 3.43 inches fell in a short time, resulting in localized flooding. After sunrise the next morning, the Thompson Creek at Riverton briefly exceeded flood stage of 10 feet. ||Focusing on timing and evolution, storms south of Interstate 80 first blossomed around 530 PM CDT as a supercell formed over Furnas County. The second and most noteworthy supercell in this southern area took shape over Kearney County around 7 PM CDT, before making a right turn southeast into Franklin County and producing the brief tornadoes. The storms north of Interstate 80 developed earlier on, first becoming strong in Howard and northern Hall Counties around 4 PM CDT. Additional storms continued to regenerate over this area, with one small supercell eventually tracking east into Merrick County around 7 PM CDT, dropping quarter size hail. All storms in South Central Nebraska weakened considerably or faded away altogether by midnight CDT.||There were both pros and cons regarding the risk for severe weather on this day. Working against a viable threat was overall weak large-scale forcing and strong capping, with only subtle shortwaves aloft rippling through west-southwest flow between a ridge dominating the southern states and a trough centered over the Pacific Northwest. On the other hand, the mesoscale environment became increasingly supportive of severe storms as the afternoon wore on, with the dominant supercells south of I-80 focused along an east-west surface front draped near the Nebraska-Kansas border. As easterly surface winds pooled considerable moisture and instability north of this boundary, mesoscale parameters during the mid-evening hours featured around 3000 J/kg MLCAPE, but only around 30 knots of deep-layer vertical wind shear. However, the surface front enhanced low level shear and resultant brief tornado development, with 0-1 kilometer storm relative helicity increasing to over 200 m2/s2.",23
312672,BANNER CO.,HARRISBURG,07/14/2011,1610,Tornado, ,EF0,0,0,0,0,NE,MST-7, ,52287,C,7,CYS,0,0,Public, ,0.1,20,17,NE,17,NE,HARRISBURG,07/14/2011,1612,41.7,-103.49,41.7,-103.49,"The public reported a brief tornado touchdown on open range.","A severe thunderstorm produced large hail and a brief tornado cloud in Banner County during the late afternoon.",24
331787,BARNES CO.,VALLEY CITY ARPT,07/15/2011,240,Tornado, ,EF1,0,0,750000,250000,ND,CST-6, ,52488,C,3,FGF,0,0,Law Enforcement, ,3,100,0,W,1,E,VALLEY CITY,07/15/2011,246,46.93,-98.03,46.92,-97.9788,"A tornado was briefly viewed wrapped in heavy rains as it approached the northeast corner of Valley City. The tornado became entirely wrapped in heavy rains and downburst winds as it tracked for about three miles across northern portions of Valley City. Numerous large tree limbs and branches were broken down around town. Peak winds were estimated at 95 mph. The downburst winds affected a much wider path.","The combination of upper and lower jet support led to some nocturnal thunderstorms across southeast North Dakota and west central Minnesota.",25
331790,WILKIN CO.,BRECKENRIDGE,07/15/2011,432,Tornado, ,EF1,0,0,5000,0,MN,CST-6, ,52490,C,167,FGF,0,0,Emergency Manager, ,1,50,3,ESE,4,ESE,BRECKENRIDGE,07/15/2011,435,46.2534,-96.522,46.2479,-96.5026,"This tornado touched down in a farmstead shelterbelt just east of Lake Breckenridge and tracked near a second residence during its roughly one mile path. Some large trees were knocked down, a number of large branches were broken down and a few shingles were lifted off the house. A two cubic yard metal dumpster was lifted and thrown about 100 feet into a nearby ditch. Peak winds were estimated at 95 mph.","The combination of upper and lower jet support led to some nocturnal thunderstorms across southeast North Dakota and west central Minnesota.",26
330579,BURLEIGH CO.,REGAN,07/16/2011,1635,Tornado, ,EF1,0,0,10000,0,ND,CST-6, ,54986,C,15,BIS,0,0,Law Enforcement, ,4.05,50,9,N,12,N,REGAN,07/16/2011,1646,47.273,-100.53,47.33,-100.51,"This tornado crossed from Burleigh into Sheridan County. It was reported by a North Dakota Game Warden and also by professional storm chasers. It was in open country with no buildings impacted, however, large trees were uprooted and snapped, including one that was two and a half feet in diameter. The tornado damage corresponded to EF1 on the Enhanced Fujita Scale and from that it was determined that wind speeds with the tornado were on the order of 100 miles per hour. This tornado crossed into Sheridan County. See the entry for Sheridan County.","Tornado Watch number 649 was issued in the late afternoon of July 16th in anticipation of supercell thunderstorm development. A weak surface trough and low level convergence zone combined with a very unstable air mass with CAPE up to 4,000 Joules per Kilogram over south central North Dakota. This environment proved sufficient for tornadoes to develop.",27
337760,SHERIDAN CO.,PICKARDVILLE,07/16/2011,1646,Tornado, ,EF1,0,0,0,0,ND,CST-6, ,54986,C,83,BIS,0,0,Law Enforcement, ,2.13,50,10,SSE,8,SSE,PICKARDVILLE,07/16/2011,1651,47.33,-100.51,47.36,-100.5,"This tornado crossed from Burleigh into Sheridan County. It was reported by a North Dakota Game Warden and also by professional storm chasers. It was in open country with no buildings impacted, however, large trees were uprooted and snapped, including one that was two and a half feet in diameter. That occurred in Burleigh County, which resulted in the EF1 rating. The tornado weakened and lifted in Sheridan County with no damage reported. The tornado damage, from Burleigh County,  corresponded to EF1 on the Enhanced Fujita Scale and from that it was determined that wind speeds with the tornado were on the order of 100 miles per hour. This tornado crossed into Sheridan County from Burleigh. See the entry for Burleigh County.","Tornado Watch number 649 was issued in the late afternoon of July 16th in anticipation of supercell thunderstorm development. A weak surface trough and low level convergence zone combined with a very unstable air mass with CAPE up to 4,000 Joules per Kilogram over south central North Dakota. This environment proved sufficient for tornadoes to develop.",28
313553,GRIGGS CO.,REVERE,07/16/2011,1810,Tornado, ,EF1,0,0,0,20000,ND,CST-6, ,52485,C,39,FGF,0,0,Public, ,1.2,50,5,S,7,W,HANNAFORD,07/16/2011,1814,47.28,-98.33,47.32,-98.3188,"This tornado was first reported by an observer located south of Sutton and looking east towards Hannaford. The tornado snapped down several trees in a shelterbelt and flattened part of a corn field before lifting. Peak winds were estimated at 95 mph.","The 16th was hot and humid with late afternoon temperatures topping out in the 80s to around 90 and dew point temperatures well into the 70s. This created a large amount of instability. By early in the evening, thunderstorms began to flare up again aided by a weak low level jet.",29
313567,GRIGGS CO.,REVERE,07/16/2011,1820,Tornado, ,EF1,0,0,10000,50000,ND,CST-6, ,52485,C,39,FGF,0,0,Broadcast Media, ,1,100,1,E,6,NW,HANNAFORD,07/16/2011,1824,47.35,-98.31,47.3814,-98.2706,"The tornado knocked down several trees in various shelterbelts along its route. At one farmstead several sheets of steel roofing were ripped up and tossed off of a shed and numerous tree branches were scattered about. Peak winds were estimated at 95 mph.","The 16th was hot and humid with late afternoon temperatures topping out in the 80s to around 90 and dew point temperatures well into the 70s. This created a large amount of instability. By early in the evening, thunderstorms began to flare up again aided by a weak low level jet.",30
330580,WELLS CO.,BOWDON,07/16/2011,1831,Tornado, ,EF0,0,0,0,0,ND,CST-6, ,54986,C,103,BIS,0,0,Storm Chaser, ,5.62,30,9,SSW,9,S,HEATON,07/16/2011,1845,47.35,-99.65,47.3497,-99.53,"This tornado touched down in the open country. There were no reports of damage associated with this tornado.","Tornado Watch number 649 was issued in the late afternoon of July 16th in anticipation of supercell thunderstorm development. A weak surface trough and low level convergence zone combined with a very unstable air mass with CAPE up to 4,000 Joules per Kilogram over south central North Dakota. This environment proved sufficient for tornadoes to develop.",31
331588,WELLS CO.,BOWDON,07/16/2011,1838,Tornado, ,EF0,0,0,0,0,ND,CST-6, ,54986,C,103,BIS,0,0,Newspaper, ,1.17,30,5,S,6,S,BOWDON,07/16/2011,1841,47.3923,-99.5787,47.39,-99.554,"This tornado touched down in the open country. There were no reports of damage associated with this tornado.","Tornado Watch number 649 was issued in the late afternoon of July 16th in anticipation of supercell thunderstorm development. A weak surface trough and low level convergence zone combined with a very unstable air mass with CAPE up to 4,000 Joules per Kilogram over south central North Dakota. This environment proved sufficient for tornadoes to develop.",32
313557,BENSON CO.,MINNEWAUKAN,07/16/2011,1851,Tornado, ,EF0,0,0,0,0,ND,CST-6, ,52485,C,5,FGF,0,0,Law Enforcement, ,3,100,3,SSW,3,SSE,MINNEWAUKAN,07/16/2011,1900,48.03,-99.27,48.0299,-99.2251,"This tornado tracked into the northern portion of Long Lake and became quite visible as it pulled up lake water. The tornado tracked for roughly 3 miles and became rain wrapped. Peak winds were estimated at 75 mph.","The 16th was hot and humid with late afternoon temperatures topping out in the 80s to around 90 and dew point temperatures well into the 70s. This created a large amount of instability. By early in the evening, thunderstorms began to flare up again aided by a weak low level jet.",33
313568,BENSON CO.,FT TOTTEN,07/16/2011,1918,Tornado, ,EF0,0,0,0,0,ND,CST-6, ,52485,C,5,FGF,0,0,Public, ,3,50,4,NW,2,N,FT TOTTEN,07/16/2011,1926,48.02,-99.06,48.0017,-99,"This tornado developed over the west bay of Devils Lake and tracked intermittently across open lake water for nearly three miles. The tornado was partially rain wrapped but briefly viewable from Lakewood Park. Peak winds were estimated at 75 mph.","The 16th was hot and humid with late afternoon temperatures topping out in the 80s to around 90 and dew point temperatures well into the 70s. This created a large amount of instability. By early in the evening, thunderstorms began to flare up again aided by a weak low level jet.",34
332415,MARSHALL CO.,STEPHEN ARPT,07/16/2011,1925,Tornado, ,EF0,0,0,0,0,MN,CST-6, ,52487,C,89,FGF,0,0,Fire Department/Rescue, ,0.1,10,4,NNE,4,NNE,STEPHEN ARPT,07/16/2011,1926,48.52,-96.84,48.52,-96.84,"A brief touchdown with dust swirl was noted in a open field. Peak winds were estimated at 70 mph.","The 16th was hot and humid with late afternoon temperatures topping out in the 80s to around 90 and dew point temperatures well into the 70s. This created a large amount of instability. By early in the evening, thunderstorms began to flare up again aided by a weak low level jet.",35
330584,EMMONS CO.,LINTON,07/16/2011,2047,Tornado, ,EF0,0,0,30000,50000,ND,CST-6, ,54986,C,29,BIS,0,0,Law Enforcement, ,1.86,30,8,ESE,10,E,LINTON MUNI ARPT,07/16/2011,2051,46.2475,-100.0702,46.2437,-100.0316,"This tornado touched down in the open country. Although there were no reports of structural damage associated with this tornado, there were reports of shelterbelt tree and crop damage at two farmsteads. Tree damage corresponded to high end EF0 on the Enhanced Fujita Scale and from that it was determined that wind speeds were around 85 miles per hour.","Tornado Watch number 649 was issued in the late afternoon of July 16th in anticipation of supercell thunderstorm development. A weak surface trough and low level convergence zone combined with a very unstable air mass with CAPE up to 4,000 Joules per Kilogram over south central North Dakota. This environment proved sufficient for tornadoes to develop.",36
313559,RAMSEY CO.,DOYON,07/16/2011,2048,Tornado, ,EF0,0,0,0,0,ND,CST-6, ,52485,C,71,FGF,0,0,Storm Chaser, ,0.2,10,10,S,10,S,DOYON,07/16/2011,2049,47.91,-98.54,47.91,-98.54,"The tornado briefly touched down in an open field. Peak winds were estimated at 70 mph.","The 16th was hot and humid with late afternoon temperatures topping out in the 80s to around 90 and dew point temperatures well into the 70s. This created a large amount of instability. By early in the evening, thunderstorms began to flare up again aided by a weak low level jet.",37
331460,WELLS CO.,HARVEY ARPT,07/17/2011,1048,Tornado, ,EF0,0,0,0,0,ND,CST-6, ,52281,C,103,BIS,0,0,Public, ,0.04,20,2,NNE,2,NNE,HARVEY ARPT,07/17/2011,1049,47.8298,-99.9086,47.8296,-99.9077,"This tornado touched down in the open country. There were no impacts to structures and so no reports of damage.","A prolonged severe weather event materialized July 17th with an extremely unstable atmosphere present and supportive mid level dynamics. The first wave of storms occurred from the mid morning through the early afternoon hours as a short wave mid level impulse crested the central plains upper ridge across North Dakota. Storms intensified ahead of this feature, prompting the issuance of several severe thunderstorm and tornado warnings. Numerous reports of large hail and severe thunderstorm wind gusts were received. In addition, 3 confirmed tornadoes occurred with this first wave.||The second wave occurred from the mid afternoon through the mid evening hours. This mainly consisted of one supercell thunderstorm. Severe weather reports included very large hail, strong winds, and two confirmed tornadoes. This included an EF3 tornado in Lamoure County.",38
312470,EDDY CO.,NEW ROCKFORD,07/17/2011,1209,Tornado, ,EF1,0,0,10000,10000,ND,CST-6, ,52328,C,27,FGF,0,0,NWS Storm Survey, ,1,150,4,S,5,SSE,NEW ROCKFORD,07/17/2011,1212,47.62,-99.14,47.6131,-99.0889,"The tornado broke down two power poles along the west side of highway 281 and severely damaged several trees in a shelterbelt east of highway 281. Peak winds were estimated at 105 mph.","Early in the afternoon of the 17th, one supercell tracked across extreme southwest Benson county, down through western Eddy county, and into Griggs county. This cell maintained a very slow southeast movement along its entire track. The supercell fed off an extremely unstable atmosphere, with surface temperatures in the 80s and 90s and dew point readings in the mid to upper 70s. By late afternoon into the early evening, more storms broke out along and south of the Interstate 94 corridor.",39
331467,FOSTER CO.,JUANITA,07/17/2011,1242,Tornado, ,EF0,0,0,0,0,ND,CST-6, ,52281,C,31,BIS,0,0,Storm Chaser, ,1.46,30,2,W,1,SW,JUANITA,07/17/2011,1245,47.5,-98.7229,47.4929,-98.6934,"This tornado touched down in the open country. There were no impacts to structures and so no reports of damage.","A prolonged severe weather event materialized July 17th with an extremely unstable atmosphere present and supportive mid level dynamics. The first wave of storms occurred from the mid morning through the early afternoon hours as a short wave mid level impulse crested the central plains upper ridge across North Dakota. Storms intensified ahead of this feature, prompting the issuance of several severe thunderstorm and tornado warnings. Numerous reports of large hail and severe thunderstorm wind gusts were received. In addition, 3 confirmed tornadoes occurred with this first wave.||The second wave occurred from the mid afternoon through the mid evening hours. This mainly consisted of one supercell thunderstorm. Severe weather reports included very large hail, strong winds, and two confirmed tornadoes. This included an EF3 tornado in Lamoure County.",40
331468,FOSTER CO.,GLENFIELD,07/17/2011,1328,Tornado, ,EF0,0,0,0,0,ND,CST-6, ,52281,C,31,BIS,0,0,Public, ,0.02,20,6,SSE,6,SSE,GLENFIELD,07/17/2011,1329,47.36,-98.54,47.3598,-98.5397,"This tornado touched down in the open country. There were no impacts to structures and so no reports of damage.","A prolonged severe weather event materialized July 17th with an extremely unstable atmosphere present and supportive mid level dynamics. The first wave of storms occurred from the mid morning through the early afternoon hours as a short wave mid level impulse crested the central plains upper ridge across North Dakota. Storms intensified ahead of this feature, prompting the issuance of several severe thunderstorm and tornado warnings. Numerous reports of large hail and severe thunderstorm wind gusts were received. In addition, 3 confirmed tornadoes occurred with this first wave.||The second wave occurred from the mid afternoon through the mid evening hours. This mainly consisted of one supercell thunderstorm. Severe weather reports included very large hail, strong winds, and two confirmed tornadoes. This included an EF3 tornado in Lamoure County.",41
312473,GRIGGS CO.,SUTTON,07/17/2011,1335,Tornado, ,EF0,0,0,0,0,ND,CST-6, ,52328,C,39,FGF,0,0,NWS Storm Survey, ,5,100,1,S,2,WSW,REVERE,07/17/2011,1350,47.39,-98.45,47.3389,-98.3695,"This tornado tracked intermittently along the path and knocked down several trees in shelterbelts. Peak winds were estimated at 85 mph.","Early in the afternoon of the 17th, one supercell tracked across extreme southwest Benson county, down through western Eddy county, and into Griggs county. This cell maintained a very slow southeast movement along its entire track. The supercell fed off an extremely unstable atmosphere, with surface temperatures in the 80s and 90s and dew point readings in the mid to upper 70s. By late afternoon into the early evening, more storms broke out along and south of the Interstate 94 corridor.",42
312475,GRIGGS CO.,HANNAFORD,07/17/2011,1416,Tornado, ,EF0,0,0,0,0,ND,CST-6, ,52328,C,39,FGF,0,0,Storm Chaser, ,1.54,75,4,WNW,4,W,HANNAFORD,07/17/2011,1418,47.3422,-98.2589,47.32,-98.2547,"Trees and limbs were blown down along the tornado path. Peak winds were estimated at 80 mph.","Early in the afternoon of the 17th, one supercell tracked across extreme southwest Benson county, down through western Eddy county, and into Griggs county. This cell maintained a very slow southeast movement along its entire track. The supercell fed off an extremely unstable atmosphere, with surface temperatures in the 80s and 90s and dew point readings in the mid to upper 70s. By late afternoon into the early evening, more storms broke out along and south of the Interstate 94 corridor.",43
333705,CASS CO.,AYR,07/17/2011,1623,Tornado, ,EF0,0,0,0,0,ND,CST-6, ,52328,C,17,FGF,0,0,NWS Storm Survey, ,0.5,15,1,SSW,3,S,AYR,07/17/2011,1625,47.01,-97.51,46.9866,-97.5,"The tornado touchdown was visible from near Ayr. Tree branches and limbs were broken down along a narrow path in two shelterbelts. Two smaller trees were snapped and thrown about in a farm yard. Peak winds were estimated at 80 mph.","Early in the afternoon of the 17th, one supercell tracked across extreme southwest Benson county, down through western Eddy county, and into Griggs county. This cell maintained a very slow southeast movement along its entire track. The supercell fed off an extremely unstable atmosphere, with surface temperatures in the 80s and 90s and dew point readings in the mid to upper 70s. By late afternoon into the early evening, more storms broke out along and south of the Interstate 94 corridor.",44
331480,LA MOURE CO.,NORTONVILLE,07/17/2011,1657,Tornado, ,EF3,0,1,500000,250000,ND,CST-6, ,52281,C,45,BIS,0,0,NWS Storm Survey, ,16.18,880,6,SE,6,SSE,BERLIN,07/17/2011,1737,46.49,-98.63,46.2998,-98.4319,"A National Weather Service storm survey confirmed that an EF3 tornado touched down around seven miles southeast of Nortonville, then moved southeast before lifting six miles south southeast of Berlin. This was a long tracked tornado across parts of Russell, Wano, Henrietta, and Badger townships. Damage was observed all along the tornado path, with no fewer than five farmsteads impacted, some very severely. One injury occurred where a farm home was damaged beyond repair. There were no deaths. The worst damage consisted of a farm house completely destroyed, outbuildings completely destroyed, a vehicle tossed up to one half mile away from its original location and almost unrecognizable as a motor vehicle, and a significant number of very large hard and soft wood trees both snapped and uprooted. The violent nature of tornadoes was evidenced by the twisted and mangled trees. In one case farm animals were killed. The tornado damage corresponded to EF3 on the Enhanced Fujita Scale. From that it was determined that wind speeds were on the order of 165 miles per hour.","A prolonged severe weather event materialized July 17th with an extremely unstable atmosphere present and supportive mid level dynamics. The first wave of storms occurred from the mid morning through the early afternoon hours as a short wave mid level impulse crested the central plains upper ridge across North Dakota. Storms intensified ahead of this feature, prompting the issuance of several severe thunderstorm and tornado warnings. Numerous reports of large hail and severe thunderstorm wind gusts were received. In addition, 3 confirmed tornadoes occurred with this first wave.||The second wave occurred from the mid afternoon through the mid evening hours. This mainly consisted of one supercell thunderstorm. Severe weather reports included very large hail, strong winds, and two confirmed tornadoes. This included an EF3 tornado in Lamoure County.",45
331496,DICKEY CO.,FULLERTON,07/17/2011,1806,Tornado, ,EF0,0,0,0,0,ND,CST-6, ,52281,C,21,BIS,0,0,Emergency Manager, ,0.05,25,3,N,3,N,FULLERTON,07/17/2011,1807,46.21,-98.43,46.2095,-98.4292,"This tornado touched down in the open country. There were no impacts to structures and so no reports of damage. This was the same storm complex that produced the EF3 tornado earlier in Lamoure County.","A prolonged severe weather event materialized July 17th with an extremely unstable atmosphere present and supportive mid level dynamics. The first wave of storms occurred from the mid morning through the early afternoon hours as a short wave mid level impulse crested the central plains upper ridge across North Dakota. Storms intensified ahead of this feature, prompting the issuance of several severe thunderstorm and tornado warnings. Numerous reports of large hail and severe thunderstorm wind gusts were received. In addition, 3 confirmed tornadoes occurred with this first wave.||The second wave occurred from the mid afternoon through the mid evening hours. This mainly consisted of one supercell thunderstorm. Severe weather reports included very large hail, strong winds, and two confirmed tornadoes. This included an EF3 tornado in Lamoure County.",46
333937,HARDING CO.,REVA,07/18/2011,1436,Tornado, ,EF1,0,0,5000,0,SD,MST-7, ,52569,C,63,UNR,0,0,Storm Chaser, ,9.77,100,12,SW,8,SSW,REVA,07/18/2011,1452,45.4511,-103.2863,45.4517,-103.1548,"A tornado touched down west of the Slim Buttes in eastern Harding County and tracked eastward, dissapating prior to reaching SD Highway 79. Trees and a semi-trailer were blown over at a ranch west of the Slim Buttes. A rancher reported trees snapped along Jones Creek east of the Slim Buttes.","A supercell thunderstorm developed over central Harding County and tracked eastward into Perkins County. The storm produced large hail and strong wind gusts and a tornado over the Slim Buttes southwest of Reva. Heavy rain caused street flooding in Buffalo.",47
331280,MONTEZUMA CO.,TOWAOC,07/18/2011,1940,Tornado, ,EF0,0,0,0,0,CO,MST-7, ,55131,C,83,GJT,0,0,Public, ,0.25,50,2,NE,2,NE,TOWAOC,07/18/2011,1945,37.2205,-108.7043,37.223,-108.7011,"A tornado was observed by several people as it moved over open country.  The tornado was located just over a mile west of Highway 160.  Some cottonwood trees had limbs broken off.","An embedded disturbance within a southerly flow of subtropical moisture across the region produced areas of heavy rainfall and isolated severe thunderstorms in portions of western Colorado.",48
322354,MEDINA CO.,HONDO,07/19/2011,1339,Tornado, ,EF0,0,0,0,0,TX,CST-6, ,53357,C,325,EWX,0,0,Law Enforcement, ,0.1,10,2,W,2,W,HONDO,07/19/2011,1340,29.35,-99.1832,29.35,-99.1849,"A thunderstorm produced a brief, weak tornado west of Hondo. The tornado did not cause any damage and was rated EF0.","An easterly wave moved into Texas from the Gulf of Mexico and caused isolated thunderstorms. One of these storms produced a weak tornado and another produced damaging wind.",49
333594,POLK CO.,RANGE,07/19/2011,1830,Tornado, ,EF0,0,0,0,0,WI,CST-6, ,52509,C,95,MPX,0,0,NWS Storm Survey, ,0.87,25,9,NNE,9,NNW,TURTLE LAKE,07/19/2011,1832,45.5276,-92.2175,45.5193,-92.2041,"A weak tornado knocked down several dozen trees before crossing Pipe Lake, and dissipated on the eastern shore of Pipe Lake.  A damage survey revealed the tornadic winds were about 65 mph. Just to the west of the tornado was a strong rear flank downdraft, with winds just less than 80 mph, which knocked down at least 100 trees (see separate entry).","Thunderstorms that developed across northern Minnesota during the afternoon of Tuesday, July 19th, moved southeast into west central Wisconsin by the early evening and produced numerous damaging wind reports and flash flooding.",50
313186,PIERCE CO.,RUGBY,07/20/2011,550,Tornado, ,EF1,0,0,325000,150000,ND,CST-6, ,52411,C,69,BIS,0,0,Law Enforcement, ,1.25,50,5,S,4,S,RUGBY,07/20/2011,555,48.3,-100,48.3107,-99.978,"A brief tornado touched down five miles south of Rugby on the leading edge of a linear severe thunderstorm. This tornado was within a larger area of straight line thunderstorm winds which also caused damage. Several buildings sustained damage or were destroyed by this tornado, along with trees, and three power poles were snapped along North Dakota Highway 3 where the tornado crossed. A semi truck was picked up along Highway 3 and thrown into the ditch. There were no injuries or deaths reported with this tornado. The tornado damage corresponded to EF1 on the Enhanced Fujita Scale. From that it was determined that wind speeds with this tornado were on the order of 100 miles per hour.","Early morning thunderstorms developed and intensified across north central into northeastern North Dakota in response to a strengthening low level jet and in advance of a strong surface cold front. Storms initially were elevated with several reports of strong thunderstorm wind gusts. A bowing structure developed with one confirmed tornado on the leading edge of the storm near Rugby.  Additional reports of strong winds followed the tornado, with the storms eventually moving east out of the Bismarck County Warning Area.",51
331602,MORTON CO.,ALMONT,07/22/2011,1740,Tornado, ,EF0,0,0,0,0,ND,CST-6, ,55204,C,59,BIS,0,0,Public, ,0.17,20,8,SSW,8,SSW,ALMONT,07/22/2011,1741,46.63,-101.57,46.6316,-101.5673,"This tornado touched down in the open country. There were no reports of damage associated with this tornado.","A severe thunderstorm outbreak materialized over west and south central North Dakota in the late afternoon and evening hours of July 22nd, lasting into the early morning hours of the 23rd. Tornado watch numbers 673, 674, and 675 were in effect for this event. A tornadic storm developed over south central North Dakota along a surface warm front. Much of the severe weather for this event originated over eastern Montana associated with a strong upper level jet streak. This activity pushed into western North Dakota, and tracked eastward throughout the evening. The severe weather event resulted in large hail, high winds, tornadoes, and flash floods.",52
331604,MCKENZIE CO.,GRASSY BUTTE,07/22/2011,1823,Tornado, ,EF0,0,0,100000,0,ND,MST-7, ,55204,C,53,BIS,2,0,Law Enforcement, ,0.45,30,13,N,13,N,GRASSY BUTTE,07/22/2011,1824,47.59,-103.26,47.5894,-103.2504,"A brief tornado occurred and resulted in a traffic accident with injuries (indirect). A local newpaper article stated that a semi truck hit a downed power line which cut into the cab of the truck. The line then snapped, sending it into a parked vehicle. The semi truck then collided with a third vehicle. Two people were injured (indirect) during this accident. This chain of events occurred after the tornado had passed, leaving the downed line in its wake. The tornado damage to the power line corresponded to EF0 on the Enhanced Fujita Scale.","A severe thunderstorm outbreak materialized over west and south central North Dakota in the late afternoon and evening hours of July 22nd, lasting into the early morning hours of the 23rd. Tornado watch numbers 673, 674, and 675 were in effect for this event. A tornadic storm developed over south central North Dakota along a surface warm front. Much of the severe weather for this event originated over eastern Montana associated with a strong upper level jet streak. This activity pushed into western North Dakota, and tracked eastward throughout the evening. The severe weather event resulted in large hail, high winds, tornadoes, and flash floods.",53
331607,STARK CO.,BELFIELD,07/22/2011,1835,Tornado, ,EF0,0,0,0,0,ND,MST-7, ,55204,C,89,BIS,0,0,Trained Spotter, ,0.09,30,1,SSW,0,SSW,BELFIELD,07/22/2011,1836,46.8736,-103.2047,46.8736,-103.2027,"This tornado touched down just to the south of Belfield. There were no reports of damage associated with this short lived tornado.","A severe thunderstorm outbreak materialized over west and south central North Dakota in the late afternoon and evening hours of July 22nd, lasting into the early morning hours of the 23rd. Tornado watch numbers 673, 674, and 675 were in effect for this event. A tornadic storm developed over south central North Dakota along a surface warm front. Much of the severe weather for this event originated over eastern Montana associated with a strong upper level jet streak. This activity pushed into western North Dakota, and tracked eastward throughout the evening. The severe weather event resulted in large hail, high winds, tornadoes, and flash floods.",54
331609,STARK CO.,SOUTH HEART,07/22/2011,1905,Tornado, ,EF0,0,0,0,0,ND,MST-7, ,55204,C,89,BIS,0,0,Fire Department/Rescue, ,1.53,30,12,SSW,13,SSW,SOUTH HEART,07/22/2011,1910,46.7,-103.09,46.6933,-103.0593,"This tornado touched down in the open country. There were no reports of damage associated with this tornado.","A severe thunderstorm outbreak materialized over west and south central North Dakota in the late afternoon and evening hours of July 22nd, lasting into the early morning hours of the 23rd. Tornado watch numbers 673, 674, and 675 were in effect for this event. A tornadic storm developed over south central North Dakota along a surface warm front. Much of the severe weather for this event originated over eastern Montana associated with a strong upper level jet streak. This activity pushed into western North Dakota, and tracked eastward throughout the evening. The severe weather event resulted in large hail, high winds, tornadoes, and flash floods.",55
331611,MORTON CO.,GLEN ULLIN,07/22/2011,2110,Tornado, ,EF0,0,0,0,0,ND,CST-6, ,55204,C,59,BIS,0,0,Trained Spotter, ,0.98,20,12,NE,12,WNW,NEW SALEM,07/22/2011,2112,46.94,-101.65,46.9367,-101.6297,"This tornado touched down in the open country. There were no reports of damage associated with this tornado.","A severe thunderstorm outbreak materialized over west and south central North Dakota in the late afternoon and evening hours of July 22nd, lasting into the early morning hours of the 23rd. Tornado watch numbers 673, 674, and 675 were in effect for this event. A tornadic storm developed over south central North Dakota along a surface warm front. Much of the severe weather for this event originated over eastern Montana associated with a strong upper level jet streak. This activity pushed into western North Dakota, and tracked eastward throughout the evening. The severe weather event resulted in large hail, high winds, tornadoes, and flash floods.",56
334213,NEWTON CO.,KENTLAND,07/23/2011,1239,Tornado, ,EF0,0,0,0,0,IN,CST-6, ,55620,C,111,LOT,0,0,Law Enforcement, ,0.25,10,3,NNW,3,N,KENTLAND,07/23/2011,1240,40.8082,-87.4416,40.8099,-87.4375,"A brief tornado touched down near 1300 S and Route 41.  No damage was reported.","Severe thunderstorms developed across parts of northwest Indiana during the afternoon and evening hours of July 23rd.",57
335794,NAVAJO CO.,SNOWFLAKE,07/24/2011,1750,Tornado, ,EF0,0,0,0,0,AZ,MST-7, ,56009,C,17,FGZ,0,0,Trained Spotter, ,1,10,1,N,2,N,SNOWFLAKE,07/24/2011,1755,34.52,-110.08,34.5345,-110.08,"Possible tornado sighted.","A trained spotter reported a possible tornado near Snowflake.",58
332450,MARSHALL CO.,ESPELIE,07/24/2011,1812,Tornado, ,EF1,0,0,0,0,MN,CST-6, ,53075,C,89,FGF,0,0,Trained Spotter, ,2.5,50,6,WNW,4,WSW,ESPELIE,07/24/2011,1817,48.26,-95.8,48.2079,-95.7603,"This tornado was briefly viewed by spotters near Goodridge. A 10 inch diameter ash tree was snapped about four feet above the ground. Several sections of tin roofing were torn off of a house and numerous large tree branches were blown down in shelterbelts and groves. Peak winds were estimated at 90 mph.","Despite the fact there was very little surface forcing, severe thunderstorms fired up across northeast North Dakota and northwest Minnesota on the evening of the 24th. A weak surface trough did extend from near Bismarck (ND) into the extreme northwest corner of Minnesota. Most of the thunderstorm activity was diurnally driven and associated with good upper jet support. Therefore most of the thunderstorms flared up in the very late afternoon and diminished around sunset.",59
332475,MARSHALL CO.,ROSEWOOD,07/24/2011,1842,Tornado, ,EF0,0,0,0,0,MN,CST-6, ,53075,C,89,FGF,0,0,Emergency Manager, ,0.1,10,2,ESE,2,ESE,ROSEWOOD,07/24/2011,1843,48.19,-96.25,48.19,-96.25,"A brief touchdown in a open field was noted. Peak winds were estimated at 70 mph.","Despite the fact there was very little surface forcing, severe thunderstorms fired up across northeast North Dakota and northwest Minnesota on the evening of the 24th. A weak surface trough did extend from near Bismarck (ND) into the extreme northwest corner of Minnesota. Most of the thunderstorm activity was diurnally driven and associated with good upper jet support. Therefore most of the thunderstorms flared up in the very late afternoon and diminished around sunset.",60
332689,MIDLAND CO.,HOPE,07/24/2011,1951,Tornado, ,EF0,0,0,0,0,MI,EST-5, ,55442,C,111,DTX,0,0,NWS Storm Survey, ,0.35,50,4,WSW,4,WSW,HOPE,07/24/2011,1953,43.74,-84.4003,43.7415,-84.3936,"A storm survey conducted by the National Weather Service confirms an EF0 tornado occurred in Midland County Sunday July 24, 2011. Video showed the tornado touched down on Sanford Lake just north of the mouth of Varity Creek and traveled 0.4 miles northeast before lifting near the south end of North Weeping Willow Lane. The tornado was 50 yards wide with wind speeds up to 65 MPH. Damage was limited to a boat hoist along with minor tree damage.","An isolated severe thunderstorm over Midland county spawned a brief tornado.",61
335968,ONEIDA CO.,FRANKLIN SPGS,07/26/2011,1155,Tornado, ,EF0,0,0,15000,0,NY,EST-5, ,56032,C,65,BGM,0,0,NWS Storm Survey, ,1.01,125,2,NW,1,NNW,FRANKLIN SPGS,07/26/2011,1156,43.05,-75.43,43.05,-75.41,"A tornado briefly touched down just north of College Hill Road, about a mile west of the Hamilton College campus.  Several trees were snapped off and one large tree was uprooted.  The tornado lifted as it crossed College Hill Road before briefly touching down again just south in a field south of Crane Farm. Video submitted to the NWS via email and also posted by WKTV-TV in Utica helped aide in the determination of the tornado touchdown.  ||The tornado continued on the ground before lifting near Peters Lane.  Damage was still mostly toward the east, but the Kirkland Highway Supervisor confirmed that some of the brush in this area was pointing in the opposite direction.||The combination of eyewitness reports and video at the two damage locations helped aide in this confirmation.  It appears that after these two brief touchdowns near college Hill Road, the tornado lifted up and did not touch down again until near Kellogg Street just east of Route 12.","A trough of low pressure moved through the the region, with sufficient moisture to produce showers and thunderstorms across central New York. Some of the storms became severe, with reports of damaging winds and large hail. One thunderstorm produced two brief, weak tornado touchdowns.",62
335969,ONEIDA CO.,CHUCKERY CORNERS,07/26/2011,1203,Tornado, ,EF0,0,0,5000,0,NY,EST-5, ,56032,C,65,BGM,0,0,NWS Storm Survey, ,0.51,100,1,W,0,N,CHUCKERY CORNERS,07/26/2011,1204,43.03,-75.34,43.03,-75.33,"A tornado briefly touched down along Kellogg Street, just west of State Route 12. Several large hardwood trees were either uprooted or snapped.  The downed trees just on the north side of Kellogg Street were pointing toward the west to southwest, while the storm motion and most other damage were oriented toward the east.||As judged from the observed damage patterns and eyewitness accounts, the tornado appeared to be on the ground for a very short period of time, likely less than a minute.","A trough of low pressure moved through the the region, with sufficient moisture to produce showers and thunderstorms across central New York. Some of the storms became severe, with reports of damaging winds and large hail. One thunderstorm produced two brief, weak tornado touchdowns.",63
320657,ESSEX CO.,CANAAN BUNNELL ARPT,07/26/2011,1614,Tornado, ,EF0,0,0,10000,0,VT,EST-5, ,53429,C,9,BTV,0,0,NWS Storm Survey, ,0.48,75,3,SSE,3,SSE,CANAAN BUNNELL ARPT,07/26/2011,1615,44.8933,-71.5167,44.8967,-71.5081,"A weak EF0 tornado touched down along Route 102 and the NH border near Lemington, VT and traveled northeast along the Vermont border of the Connecticut river for nearly an half mile before crossing into New Hampshire in the town of Colebrook. There were dozens of trees that were snapped or uprooted in Vermont with no other damage. Estimated wind speeds of 70 to 75 mph were determined by the NWS Gray, ME storm survey team.","A cold front moved across Vermont during the afternoon of July 26th with a line of thunderstorms that moved across the northern third of Vermont. An isolated wind damage report occurred near Worcester (Washington county) and a weak, short-lived  EF0 tornado occurred near Lemington (Essex county) along the NH border with Colebrook, NH.",64
338149,COOS CO.,COLEBROOK ARPT,07/26/2011,1614,Tornado, ,EF0,0,0,0,0,NH,EST-5, ,55149,C,7,GYX,0,0,NWS Storm Survey, ,0.39,100,1,NNW,1,N,COLEBROOK ARPT,07/26/2011,1616,44.8967,-71.5081,44.899,-71.5019,"An weak tornado touched down in Essex County, Vermont, just west of the Connecticut River, then crossed into Colebrook  where it downed and uprooted trees in the town.  Based on a damage survey, the tornado was rated an EF0 with an overall path length of about a mile and a maximum path width of 100 yards.  Maximum wind gusts were estimated to be between 70 and 75 mph. No injuries were reported.","A strong upper level trough was digging into New England on the afternoon of July 26th with an associated cold front approaching the region. Instability was marginal with CAPE's of 1000 j/kg or less generally pooled ahead of the front. However... dynamics associated with the shortwave and moderate to strong low level shear produced numerous severe thunderstorm cells with large hail and damaging winds. A short-lived EF0 tornado touched down on the Vermont side of the Connecticut River and then crossed into Colebrook.  The tornado snapped and uprooted trees in the town.  In addition, heavy rain with some of these storms resulted in flash flooding and road washouts.",65
337616,WALWORTH CO.,LOWRY,07/26/2011,1805,Tornado, ,EF0,0,0,0,0,SD,CST-6, ,56224,C,129,ABR,0,0,Trained Spotter, ,0.37,10,12,ESE,13,ESE,LOWRY,07/26/2011,1807,45.27,-99.73,45.2711,-99.7225,"A tornado touched down briefly northeast of Hoven in an open field with no damage occurring.","A surface low pressure area moving east along with a strong warm front surging north brought numerous severe thunderstorms to north central and northeast South Dakota. Damaging winds, large hail, flash flooding, along with a few tornadoes all occurred with this system.",66
337624,POTTER CO.,HOVEN,07/26/2011,1815,Tornado, ,EF0,0,0,0,0,SD,CST-6, ,56224,C,107,ABR,0,0,Broadcast Media, ,0.14,10,1,SE,1,ESE,HOVEN,07/26/2011,1816,45.24,-99.78,45.2404,-99.7772,"A tornado touched down briefly in Hoven heavily damaging the roof of a business along with downing several trees.","A surface low pressure area moving east along with a strong warm front surging north brought numerous severe thunderstorms to north central and northeast South Dakota. Damaging winds, large hail, flash flooding, along with a few tornadoes all occurred with this system.",67
337636,MARSHALL CO.,SPAIN,07/26/2011,1940,Tornado, ,EF0,0,0,0,0,SD,CST-6, ,56224,C,91,ABR,0,0,NWS Storm Survey, ,0.91,25,6,ENE,6,ENE,SPAIN,07/26/2011,1950,45.72,-97.65,45.7246,-97.6323,"A tornado touched downed about seven miles southeast of Britton. The tornado downed many trees as it tracked east northeast for about a mile.","A surface low pressure area moving east along with a strong warm front surging north brought numerous severe thunderstorms to north central and northeast South Dakota. Damaging winds, large hail, flash flooding, along with a few tornadoes all occurred with this system.",68
332686,JO DAVIESS CO.,GALENA,07/27/2011,1818,Tornado, ,EF0,0,0,0,0,IL,CST-6, ,54870,C,85,DVN,0,0,Trained Spotter, ,0.05,17,4,NW,4,NW,GALENA,07/27/2011,1819,42.462,-90.473,42.462,-90.472,"At 718 pm CDT July 27, a tornado was sited 1 mile northwest of the intersection of Highway 20 and Highway 84 or about 4 miles northwest of Galena, IL.","Hot and humid conditions prevailed across the region July 27, as a warm front lifted northward into northeast Iowa.  Showers and thunderstorms developed along the Highway 20 corridor in Dubuque, Jo Daviess and Stephenson Counties during the early evening hours of July 27.  They continued to redevelop and move over the same areas for about 18 hours.  Record-setting rainfall totals of 7 to 15 inches resulted in flash flooding of much of the area.  The Mississippi River at Dubuque, IA even rose about 4 feet in 12 hours due to the excessive rainfall.  In addition to the heavy rains and flooding, some of the stronger storms producing large hail and a brief tornado.  High temperatures on July 27 topped out in the lower and middle 90s.  Due to the high humidity levels, low temperatures the morning of July 28 only managed to slip into the 70s and lower 80s.",69
332690,JO DAVIESS CO.,STOCKTON,07/27/2011,1855,Tornado, ,EF0,0,0,0,0,IL,CST-6, ,54870,C,85,DVN,0,0,Public, ,0.51,17,4,NE,4,NE,STOCKTON,07/27/2011,1856,42.3847,-89.9481,42.3885,-89.9396,"Around 755 pm CDT July 27, a tornado was reported about 3 miles northeast of Stockton, IL near Tiger Whip Road.  This report was relayed by the emergency manager.","Hot and humid conditions prevailed across the region July 27, as a warm front lifted northward into northeast Iowa.  Showers and thunderstorms developed along the Highway 20 corridor in Dubuque, Jo Daviess and Stephenson Counties during the early evening hours of July 27.  They continued to redevelop and move over the same areas for about 18 hours.  Record-setting rainfall totals of 7 to 15 inches resulted in flash flooding of much of the area.  The Mississippi River at Dubuque, IA even rose about 4 feet in 12 hours due to the excessive rainfall.  In addition to the heavy rains and flooding, some of the stronger storms producing large hail and a brief tornado.  High temperatures on July 27 topped out in the lower and middle 90s.  Due to the high humidity levels, low temperatures the morning of July 28 only managed to slip into the 70s and lower 80s.",70
336272,CHENANGO CO.,GUILFORD,07/29/2011,1500,Tornado, ,EF0,0,0,5000,0,NY,EST-5, ,56059,C,17,BGM,0,0,NWS Storm Survey, ,0.27,175,2,ENE,2,NNW,ROCKDALE,07/29/2011,1501,42.41,-75.44,42.4104,-75.4347,"A brief tornado touch down occurred on Phillips-Odell Road. Convergent damage in the area included a flipped shed, some minor tree damage and a paddle boat blown approximately 50 yards from a lake.  An eyewitness indicated that a rotating funnel of strong winds passed over the area at the time of the damage.  The tornado initially touched down west of Phillips-Odell Road, then dissipated in a field east of the road.","As a cold front approached central New York, scattered showers and thunderstorms developed in the moist and unstable airmass ahead of the boundary.  Some of the thunderstorms became severe, with two storms producing tornadoes and other damage from severe micro-burst winds.",71
336468,WAYNE CO.,FLORTENIA,07/29/2011,1544,Tornado, ,EF1,0,0,50000,0,PA,EST-5, ,56085,C,127,BGM,0,0,NWS Storm Survey, ,0.65,160,1,ESE,1,WNW,HONESDALE,07/29/2011,1546,41.5779,-75.2899,41.5717,-75.2805,"A tornado touched down near West Locust Avenue and Route 6 just west of Honesdale.  The primary damage was to numerous trees which were uprooted and snapped.  One home was damaged and a shed was destroyed by falling trees.  Minor damage to other homes and buildings occurred, such as shingles blown off and objects tossed.  Trees and debris were in a very convergent pattern, indicative of a tornado.  Some of the shingles were found on the upwind side of the storm.  The tornado moved southeast across the Lackawaxen River and weakened as it moved up the hill on the other side.","As a cold front approached northeast Pennsylvania, scattered showers and thunderstorms developed in the moist and unstable airmass ahead of the boundary.  Some of the thunderstorms became severe, with one storm producing two tornado touchdowns, and other damage from severe micro-burst winds.",72
336469,WAYNE CO.,HONESDALE,07/29/2011,1548,Tornado, ,EF0,0,0,25000,0,PA,EST-5, ,56085,C,127,BGM,0,0,NWS Storm Survey, ,0.55,100,1,SSE,1,NE,EAST HONESDALE,07/29/2011,1550,41.5622,-75.2641,41.5591,-75.2544,"A second tornado touched down occurred from the same storm.  An area of damage was surveyed near the Honesdale high school and middle school.  This tornado was a bit smaller and weaker than the first.  Some shingles were blown off a roof of a home and damaged some trim on another home.  A couple dozen trees were snapped and uprooted along the path.  Insulation from the roof of the middle school, which was under construction, was strewn to the north and northeast of the path.","As a cold front approached northeast Pennsylvania, scattered showers and thunderstorms developed in the moist and unstable airmass ahead of the boundary.  Some of the thunderstorms became severe, with one storm producing two tornado touchdowns, and other damage from severe micro-burst winds.",73
337730,ORANGE CO.,KIPPS,07/29/2011,1557,Tornado, ,EF1,0,0,50000,0,NY,EST-5, ,56316,C,71,OKX,0,0,NWS Storm Survey, ,4.67,100,1,SSE,1,SE,CRAIGSVILLE,07/29/2011,1615,41.4045,-74.2924,41.3695,-74.2154,"Based on a storm survey performed by the National Weather Service, radar signatures, and eyewitness reports, the National Weather Service confirmed an EF-1 tornado that ran from Goshen to Blooming Grove NY, on Friday July 29th.|The tornado touched down near 109 Coleman Road and lifted near 600 Craigsville Road in Goshen, then skipped along near Craigsville Road, before finally lifting near 379 Prospect Road in Blooming Grove.  All along this path, trees converged into a well-defined narrow path. The most significant property damage occurred on Hasbrouck Road in Goshen, where 2 houses directly across the street from one another - 101 and 110 Hasbrouck - were impacted.  At 101 Hasbrouck Road, roof shingles were torn off, skylight windows were blown in with glass shattering, and debris was embedded all along the sides of the house including a small branch that went right through a gutter.  At 110 Hasbrouck Road, trees were draped all over the house with minor structural damage.","A passing pre-frontal trough and cold front, coupled with a mid level disturbance, produced severe thunderstorms across Southeast New York. The largest impact was across the Lower Hudson Valley, where there was at least one supercell, which produced a tornado in Orange County, and caused a microburst in Westchester County.",74
336273,OTSEGO CO.,BURLINGTON FLATS,07/29/2011,1620,Tornado, ,EF0,0,0,0,0,NY,EST-5, ,56059,C,77,BGM,0,0,NWS Storm Survey, ,0.51,120,1,SW,1,S,BURLINGTON FLATS,07/29/2011,1621,42.74,-75.19,42.74,-75.18,"A NWS storm survey team determined that a tornado initially touched down just west of the intersection of Fish and Game Road and Gardner Road.  A photo indicated a funnel just west of the initial touchdown location.  Convergent damage included two large wagons blown toward the northwest, while several large trees were uprooted and blown toward the northeast.  Damage occurred at and near a barn, including a several hundred pound tub of sand being moved a few feet, a broken window, and damage to a wooden structure.  Corn was also sheared in a field. Damage in this area indicated top wind speeds of 75 to 80 mph, indicated EF0 intensity.||The tornado appeared to dissipate briefly in a field just east of Gardner Road, then a second touchdown occurred at a creek near 162 Chapin Road. EF1 damage was surveyed in this area, including 10 to 20 large, uprooted trees and a large barn blown several inches off its foundation.  One of the large trees hit a house and damaged the roof.  Damage in this area was also convergent, as the top of a large tree was determined to be blown northeast of Chapin Road, while several other trees were uprooted and blown toward the northwest.  The tornado crossed Chapin Road and dissipated in a corn field west of County Route 51.  Damage in this area indicated top wind speeds of 85 to 90 mph.","As a cold front approached central New York, scattered showers and thunderstorms developed in the moist and unstable airmass ahead of the boundary.  Some of the thunderstorms became severe, with two storms producing tornadoes and other damage from severe micro-burst winds.",75
338776,RICHLAND CO.,ENID,07/29/2011,1828,Tornado, ,EF0,0,0,0,0,MT,MST-7, ,56485,C,83,GGW,0,0,NWS Storm Survey, ,11.45,50,2,NW,3,SSE,LAMBERT,07/29/2011,1904,47.7205,-104.8104,47.6399,-104.5953,"Richland County dispatch received 4 public calls reporting the tornado near Lambert.  The majority of the damage in the Lambert to Savage area was straight line wind damage, not tornadic.  The tornado caused little damage.","An very unstable environment and deep-layer shear combined with plentiful surface moisture to produce severe thunderstorms and a few tornadoes.",76
338182,TRAVERSE CO.,COLLIS,07/30/2011,1811,Tornado, ,EF0,0,0,0,0,MN,CST-6, ,56391,C,155,ABR,0,0,Trained Spotter, ,0.47,25,8,ESE,8,ESE,COLLIS,07/30/2011,1818,45.59,-96.29,45.5864,-96.2819,"The tornado touched down in a corn field near Collis and traveled slowly southeast through a tree grove. The tornado damaged the corn along with many trees with several trees uprooted.","A thunderstorm developed along a cold front sweeping southward across west central Minnesota.  A weak tornado dropped from the thunderstorm in far southeast Traverse County.",77
336346,TODD CO.,GUTCHES GROVE,07/30/2011,1813,Tornado, ,EF0,0,0,0,0,MN,CST-6, ,53120,C,153,MPX,0,0,Storm Chaser, ,0.74,25,3,NNE,3,WNW,LONG PRAIRIE,07/30/2011,1815,45.9912,-94.9418,45.9865,-94.9279,"A storm chaser filmed a funnel cloud that looked like it may have been on the ground, though trees shrouded the view.  A subsequent NWS damage survey did indeed find nearly two dozen trees that were downed in a convergent pattern from the storm. No structures were hit.","Thunderstorms developed Saturday afternoon across central Minnesota and moved east-southeast across portions of central and east-central Minnesota and produced significant wind damage around Milaca, Dalbo and Foreston, Minnesota. Two EF-0 tornadoes occurred, one near Long Prairie and another near Dalbo.",78
318582,MILLE LACS CO.,BOCK,07/30/2011,1926,Tornado, ,EF0,0,0,0,25000,MN,CST-6, ,53120,C,95,MPX,0,0,NWS Storm Survey, ,0.21,100,4,SSE,5,SSE,BOCK,07/30/2011,1927,45.7206,-93.5155,45.7184,-93.5124,"An EF-0 tornado touched down approximately one-quarter mile west of the Isanti County border, north of County Road 10. Damage was confined to crops and a few trees as it moved southeast into Isanti County at 50th Street. Maximum wind speeds were 70 to 80 mph.","Thunderstorms developed Saturday afternoon across central Minnesota and moved east-southeast across portions of central and east-central Minnesota and produced significant wind damage around Milaca, Dalbo and Foreston, Minnesota. Two EF-0 tornadoes occurred, one near Long Prairie and another near Dalbo.",79
318590,ISANTI CO.,CARMODY,07/30/2011,1927,Tornado, ,EF0,0,0,50000,100000,MN,CST-6, ,53120,C,59,MPX,0,0,NWS Storm Survey, ,4.95,100,4,NNW,1,SSE,CARMODY,07/30/2011,1944,45.7184,-93.5124,45.6527,-93.4717,"An EF-0 tornado continued southeast across northwest Isanti County, before turning directly south along County Road 58 west of Dalbo, and north of Carmody, Minnesota. The tornado ended less than a half mile north of South Stanchfield Lake. The most intense damage occurred along County Road 58 where concentrated tree damage was present, along with a resident garage which was shifted off its foundation. Another resident had small structure damage to shingles or roof damage. Two trailers at this residences slid a short distance, while one of the trailers flipped over. Maximum wind speeds were 70 to 80 mph along with a path length of approximately 5 miles.","Thunderstorms developed Saturday afternoon across central Minnesota and moved east-southeast across portions of central and east-central Minnesota and produced significant wind damage around Milaca, Dalbo and Foreston, Minnesota. Two EF-0 tornadoes occurred, one near Long Prairie and another near Dalbo.",80
340593,BROWARD CO.,LAUDERDALE LAKES,08/02/2011,1603,Tornado, ,EF1,0,0,180000,0,FL,EST-5, ,56845,C,11,MFL,0,0,NWS Storm Survey, ,2.14,90,5,NW,3,SSW,CORAL SPGS,08/02/2011,1608,26.2,-80.25,26.227,-80.233,"A tornado with estimated maximum winds of 85-90 mph, or on  very low end of EF1 scale, moved through portions of Tamarac and North Lauderdale north of McNab RD and east of University DR. The path length was about 2 miles and max path width  90 yards. Most damage was to roofing material and vegetation, with the roof partially peeled off on home and frame windows broken and blown from a couple of others. About 30 homes were damaged.","Numerous late afternoon thunderstorms developed over SE Florida. A tornado formed near the intersection of two thunderstorm cells in the Tamarac and North Lauderdale area of Broward County.",81
339709,BERNALILLO CO.,CARNUEL,08/03/2011,1436,Tornado, ,EF0,0,0,0,0,NM,MST-7, ,53666,C,1,ABQ,0,0,Broadcast Media, ,0.1,10,5,SSW,5,SSW,CARNUEL,08/03/2011,1436,34.9864,-106.4825,34.9864,-106.4825,"A brief landspout formed underneath a developing updraft is southeast Albuquerque.  Though the landspout picked up some dust, no damage was noted.","One of the most active monsoonal days occurred on August 3rd, with heavy rains noted across much of the state.  However, the biggest impact came to the recently burned areas, particularly to the Las Conchas and White Fire burn scars.   Minor flooding was reported across many other locations, including around Abo, Folsom, and Grants. A few storms also reported severe wind gusts in outflow boundaries, including around White Sands Missile Range.  Even a landspout formed in the Albuquerque metro area.",82
331494,LAKE CO.,GRAND IS,08/05/2011,1836,Tornado, ,EF0,0,0,25000,0,FL,EST-5, ,55173,C,69,MLB,0,0,Public, ,0.37,10,1,SE,1,SE,GRAND IS,08/05/2011,1837,28.87,-81.71,28.8748,-81.7128,"A storm sparked by the collision of the east and west coast sea breezes over Lake County spawned a waterspout over Lake Eustis.  The waterspout moved onshore the north shore of Lake Eustis into the Grand Island area and caused damage to three residences.  A boathouse roof was blown away on one property, a screen porch was destroyed with some water intrusion inside the home on a second property, and a third residence had sheets of plywood blown away, causing some water intrusion into the house.  An eyewitness reported that the waterspout/tornado lasted for an estimated 40-50 seconds before dissipating.","A collision of the east and west coast sea breezes sparked storms in Lake County. One of the storms spawned a waterspout over Lake Eustis which briefly moved on land and caused damage to three residential properties.",83
339506,WILSON CO.,BLACK CREEK,08/06/2011,1025,Tornado, ,EF0,0,0,150000,0,NC,EST-5, ,56632,C,195,RAH,0,0,NWS Storm Survey, ,2.54,75,3,SSE,3,SW,STANTONSBURG,08/06/2011,1030,35.59,-77.92,35.59,-77.8749,"The National Weather Service in Raleigh NC confirmed a tornado in far southern Wilson County near Black Creek on August 6, 2011. Damage was first observed just west of Frank Price Church Road where a mobile home and barn were damaged and several trees were downed. The touchdown time was estimated at 1125 AM EDT. Several other trees were downed along Jaycross Road between Frank Price Road and Pelt Road. Four turkey houses on Pelt Road were damaged with one turkey house virtually destroyed. Debris was blown 300-400 yards to the east. The tornado appeared to weaken in a wooded area east of Pelt Road at approximately 1130 AM EDT. A total of 7 mobile homes had damage with most of the damage minor in nature.  The owners of the turkey farmer did not want to disclose any information so the monetary damages were estimated.","A very moist air mass was in place in the morning of the 6th as a band of convection in association with an MCV moved north over the area. Heavy rainfall of 3 to 4 inches fell over the central Piedmont, causing flash flooding in Wake and Nash Counties. By mid morning, a previously stall frontal zone lifted north over the area. As the MCV continued to move east, new convection developed and tracked northeastward, paralleling the surface front and weak surface low. A weak EF-0 and moved east for approximately 3 miles across southern Wilson County, where it caused minor damage to homes and a turkey farm.",84
330631,HALL CO.,NEWLIN,08/06/2011,1430,Tornado, ,EF0,0,0,0,0,TX,CST-6, ,54994,C,191,LUB,0,0,Broadcast Media, ,0.11,10,1,WNW,1,NW,NEWLIN,08/06/2011,1431,34.5894,-100.4482,34.5907,-100.447,"Broadcast media relayed a report of a landspout tornado along US Highway 287 between Memphis and Estelline. No damage was reported.","Scattered thunderstorms developed over the southeastern Texas panhandle during the afternoon hours on the 6th. A low level circulation was stretched into a non-mesocyclonic tornado in Hall county between Estelline and Memphis along US Highway 287. No damage was reported.",85
340522,MOCA CO.,MOCA,08/07/2011,1335,Tornado, ,EF0,0,0,80000,0,XX,AST-4, ,53520,C,99,SJU,0,0,NWS Storm Survey, ,0.8,80,2,W,1,WSW,MOCA,08/07/2011,1342,18.3789,-67.0956,18.3737,-67.0824,"The National Weather Service conducted a storm damage survey that occured from route PR-125 to the southwest of town of Moca through Barrio Cruz to route PR-111 on the east side of town.|After a damage survey and eyewitness accouts...the National Weather Service in San Juan Determined that a Tornado estimated at EF0 on the Enhanced Fujita Scale affected the Cuba sector and Barrio Cruz neighborhood during the early afternoon hours of Sunday August 7th with estimated winds of 65 to 75 mph.","The National Weather Service conducted a storm damage survey that occurred from route PR-125 to the southwest town of Moca through Barrio Cruz to route PR-111 on the east side of town. After a damage survey and eyewitness accounts, the National Weather Service determined that a tornado estimated at EF-0 on the enhanced Fujita scale affected the Cuba sector and Barrio Cruz neighborhood during the early afternoon hours of Sunday August 7th with estimated winds of 65 to 75 mph. ||The tornado formed within a cluster of severe thunderstorms that developed across the interior mountain range near Adjuntas municipality and moved rapidly northwest northwest around 20 mph through the municipalities of Lares, San Sebastian, and Moca. The small circulation of the tornado was likely caused by a small low pressure area or meso low that typically develops during the afternoons over northwest Puerto Rico during the summer months due to interaction of the west coast sea breeze and the prevailing trade winds. Depending on the magnitude of the prevailing and local winds, this meso low can create sufficient horizontal spin in the atmosphere to create small rotating columns of air to generate a tornado assuming enough moisture and instability are present. In other words...this tornado was generated|by boundary interactions and not from a typical tornadic supercell. The path of wind damage started from near PR-125 to the southwest of town and then continued for approximately 0.8 miles to the northwest through some open field and through the streets of Los Cipreses and Los Loperena where it crossed PR-125 again to near|PR-111 where the tornado was seen to have lifted up or dissipated.||The damage from the ef-0 tornado consisted of many trees snapped with a couple of them uprooted...an overturned truck parked on the street Los Cipreses, broken glass and windows to some residences and a power pole snapped. Evidence of the tornado included a video which showed a funnel cloud touching the ground with debris blowing in different directions, trees falling in a convergent pattern...eyewitness reports and leaves splattered on all four sides of structures.||The large amount of trees snapped suggests that winds within the tornado reached 65 mph while a couple of large uprooted trees indicate winds may have reached up to 75 mph. It is estimated that this tornado traveled a distance of up to 0.8 miles and lasted between 5 and 10 minutes.||The National Weather Service in San Juan issued a severe thunderstorm warning for the municipalities of San Sebastian, Moca, Aguada, Aguadilla and Isabela. A special weather statement was also issued prior to the severe thunderstorm warning highlighting the threat of strong thunderstorms with strong winds.",86
339359,IOSCO CO.,ALABASTER JCT,08/07/2011,1550,Tornado, ,EF0,0,0,75000,0,MI,EST-5, ,56609,C,69,APX,0,0,NWS Storm Survey, ,0.18,50,1,S,1,SSE,ALABASTER JCT,08/07/2011,1551,44.2346,-83.5483,44.2357,-83.5449,"Several people witnessed the tornado touch down between US-23 and Tawas Bay.  The tornado was on the ground for less than a quarter-mile, crossing Douglas Drive just north of Lakeview Drive, before reaching the bay as a waterspout.  Forty trees were downed, and six homes suffered damage, mostly roof damage due to those falling trees.  Winds were estimated at 70 mph.","Scattered showers and a few thunderstorms moved across Northern Lower Michigan.  One storm produced a tornado just before moving out over Tawas Bay.",87
343646,DANE CO.,BLOOMING GROVE,08/08/2011,1813,Tornado, ,EF0,0,0,0,0,WI,CST-6, ,57084,C,25,MKX,0,0,Law Enforcement, ,1.21,20,1,N,1,ENE,BLOOMING GROVE,08/08/2011,1822,43.0672,-89.3659,43.0526,-89.3527,"Law enforcement officials, as well as many members of the general public, reported a tornado that formed and stayed over Lake Monona, about 1 mile east of Law Park in the City of Madison.  The tornado tracked south, then southeast, over the lake before dissipating west of Squaw Bay, about 1/4 mile north of Waunona Park.  No damage was reported.  The tornado kicked up water spray, estimated about 20 feet wide at the surface of the water expanding to 40 feet wide about 40 feet above the water.  Many public reports of the tornado/waterspout came into local law enforcement, along with photos and video clips of the vortex from a variety of locations around the lake.  The associated condensation funnel never developed more than half-way down to the water surface.  Though actually a waterspout, it is being termed a tornado in the official Storm Data report due to National Weather Service rules that limit waterspout reports to bodies of water with a designated marine zone.  Lake Monona does not have an assigned marine zone number.  The exact starting point was Lat 43.06722 and Lon -89.36588, the mid-point was Lat 43.05864 and Lon -89.36147, and the end point was Lat 43.05263 and Lon -89.35266.  The average path width was 15 yards.  This tornado-waterspout had estimated wind speeds of 30 to 40 mph based on eyewitness reports.  This value is below the minimum wind speed of an EF-0 tornado which is 65 mph in the current EF-Scale.","An unusual tornado event occurred during the early evening hours of August 8th. A vigorous short wave moved across the region in the early evening hours. While deep layer wind shear was weak, there was enough instability, with CAPE values around 700 J/Kg, to produce strong enough updrafts to ingest low-level vorticity and stretch it to produce non-supercell tornadoes (land-spout variety).  A weak EF0 tornado formed as a shower moved over a weak, west to east orientated low-level atmospheric boundary over Lake Monona in Madison, southeast of the State Capitol.",88
340719,MONMOUTH CO.,PERRINEVILLE,08/09/2011,1323,Tornado, ,EF0,0,0,100000,0,NJ,EST-5, ,53727,C,25,PHI,0,0,NWS Storm Survey, ,1.71,50,1,N,1,W,MANALAPAN,08/09/2011,1328,40.2515,-74.432,40.2709,-74.4119,"An EF-0 tornado touched down in Millstone Township in Monmouth County. The tornado initially touched down north of Buono Farm and tracked northeast where it crossed New Jersey State Route 33.and damaged a flag pole and a business fencing.  A barn was damaged on Prodelin Way. Numerous trees and some wires were knocked down along its path, especially on Prodelin and Arrowhead Ways and Bergen Mills Road. The tornado moved along Arrowhead Way before it lifted. The tornado's approximate path length was 1.7 miles, maximum path width of 50 yards and estimated maximum wind speed of 70 mph. No deaths or injuries were reported.","A warm front helped trigger some strong to locally severe thunderstorms and also one confirmed tornado across central and southern New Jersey during the afternoon of the 9th.",89
331509,PARK CO.,WILSALL,08/09/2011,1345,Tornado, ,EF0,0,0,0,0,MT,MST-7, ,55176,C,67,BYZ,0,0,Trained Spotter, ,0.1,10,3,NW,3,NW,WILSALL,08/09/2011,1345,46.03,-110.71,46.03,-110.71,"A weak landspout was reported 3 miles northwest of Wilsall.","A landspout formed within the updraft of a weak cumulus cloud.",90
322499,GRATIOT CO.,GALLOWAY,08/09/2011,1405,Tornado, ,EF0,0,0,500000,0,MI,EST-5, ,53810,C,57,GRR,0,0,NWS Storm Survey, ,0.14,50,1,WNW,1,WNW,GALLOWAY,08/09/2011,1407,43.3378,-84.3898,43.338,-84.3871,"A National Weather Service Storm Survey Team confirmed an EF-0 tornado briefly touched down on Tuesday, August 9th, 2011 in Lafayette Township in Gratiot County. This tornado was on the ground for about 250 yards in Lafeyette Township causing significant damage to a 99 year old family farm. This same storm produced a weak EF-0 tornado that touched down briefly for about 200 yards in a corn field in Lakefield Township in Saginaw County.  Some very minor crop damage was found along the path between the two tornado touchdowns. Maximum wind gusts were estimated to be around 80mph in Lafayette Township.","A minor severe weather outbreak occurred across southwest lower Michigan on the afternoon of August 9th, as a cold front moved through the area.",91
332636,SAGINAW CO.,LAKEFIELD,08/09/2011,1408,Tornado, ,EF0,0,0,0,500,MI,EST-5, ,55434,C,145,DTX,0,0,NWS Storm Survey, ,0.6,40,2,WSW,2,WSW,LAKEFIELD,08/09/2011,1410,43.3394,-84.3697,43.3402,-84.3578,"A weak tornado over Lafayette Township in Gratiot County tracked east-northeast into Saginaw County before lifting. Just some minor crop damage was observed, with winds estimated at 70 mph.","A marginal severe thunderstorm produced a brief tornado in Lakefield Township in Saginaw County.  Then another isolated severe thunderstorm moved through the northern suburbs of Detroit.",92
340623,MAYES CO.,LOCUST GROVE,08/10/2011,232,Tornado, ,EF1,0,0,0,0,OK,CST-6, ,55881,C,97,TSA,0,0,NWS Storm Survey, ,1.5,300,5,SSE,4,SE,LOCUST GROVE,08/10/2011,234,36.1393,-95.138,36.154,-95.1184,"This is the first of three segments of this tornado. The tornado developed on the leading edge of a short convective line of thunderstorms that wasn't undercut by cold outflow. It moved northeast uprooting and snapping a number of large trees within this segment in Mayes County and then moved into the extreme northwestern corner of Cherokee County. Based on the tree damage, maximum estimated wind in this segment of the tornado was about 105 mph.","Strong to severe thunderstorms developed during the early morning hours of August 10th near a stationary frontal boundary that extended across eastern Oklahoma. Strong, damaging winds occurred across much of eastern Oklahoma as these storms moved across the region as well as a tornado.",93
340630,CHEROKEE CO.,PEGGS,08/10/2011,234,Tornado, ,EF1,0,0,0,0,OK,CST-6, ,55881,C,21,TSA,0,0,NWS Storm Survey, ,0.8,400,5,NNW,6,N,PEGGS,08/10/2011,235,36.154,-95.1184,36.1616,-95.1082,"This is the second of three segments of this tornado. The tornado tracked northeast across the extreme northwestern corner of Cherokee County, uprooting and snapping numerous trees. Based on the tree damage, maximum estimated wind in this segment of the tornado was about 105 mph. The tornado continued northeastward into Mayes County.","Strong to severe thunderstorms developed during the early morning hours of August 10th near a stationary frontal boundary that extended across eastern Oklahoma. Strong, damaging winds occurred across much of eastern Oklahoma as these storms moved across the region as well as a tornado.",94
340632,MAYES CO.,LOCUST GROVE,08/10/2011,235,Tornado, ,EF2,1,2,0,0,OK,CST-6, ,55881,C,97,TSA,0,0,NWS Storm Survey, ,2.7,400,4,SE,3,SW,ROSE,08/10/2011,239,36.1616,-95.1082,36.1879,-95.0731,"This is the third of three segments of this tornado. As the tornado crossed back into Mayes County, it destroyed a double wide mobile home and damaged a single wide mobile home just north of the E590 Road. A woman was killed in the double wide mobile home and two people were injured in the other mobile home. Trees were uprooted and snapped and debris from the double wide mobile home was transported several hundred yards downstream. The tornado damaged another mobile home south of the E580 Road where it destroyed a greenhouse. Numerous trees were uprooted and snapped along the path until the tornado dissipated just south of the E570 Road. Based on this damage, maximum estimated wind in this segment of the tornado was about 125 mph. ||August is one of the least active months for tornadoes in this part of the country so the intensity of this tornado was even more unusual. In fact, this is only the 4th strong tornado (EF-2 or EF-3) that has been confirmed in eastern Oklahoma since 1950.","Strong to severe thunderstorms developed during the early morning hours of August 10th near a stationary frontal boundary that extended across eastern Oklahoma. Strong, damaging winds occurred across much of eastern Oklahoma as these storms moved across the region as well as a tornado.",95
323781,KIMBALL CO.,BUSHNELL,08/10/2011,1500,Tornado, ,EF0,0,0,0,0,NE,MST-7, ,54045,C,105,CYS,0,0,Law Enforcement, ,1.14,50,2,SE,3,SE,BUSHNELL,08/10/2011,1505,41.2095,-103.8728,41.2005,-103.8545,"An EF0 tornado touched down a few miles southeast of Bushnell between County Roads 20 and 30.  No damage was reported.","A late afternoon thunderstorm spawned an EF0 tornado just southeast of Bushnell in Kimball County.",96
342016,MARQUETTE CO.,(MQT)MARQUETTE CO AR,08/11/2011,1400,Tornado, ,EF0,0,0,0,0,MI,EST-5, ,57073,C,103,MQT,0,0,Public, ,0.05,5,5,NW,5,NW,(MQT)MARQUETTE CO AR,08/11/2011,1401,46.5866,-87.6448,46.5866,-87.6448,"A waterspout was observed for 15 to 20 seconds near the north shore of the Dead River Basin.","A waterspout was observed for 15 to 20 seconds over the Dead River Basin on the afternoon of the 11th.",97
335901,CHERRY CO.,WOOD LAKE,08/11/2011,1849,Tornado, ,EF0,0,0,0,0,NE,CST-6, ,56023,C,31,LBF,0,0,Trained Spotter, ,0.02,20,2,WNW,2,WNW,WOOD LAKE,08/11/2011,1850,42.64,-100.26,42.6397,-100.2599,"The tornado briefly touched down with no damage being observed and was rated as an EF0. The spotter indicated the condensation funnel did not extend completely from the funnel to the ground, but debris was seen flying under the funnel.","Severe thunderstorms developed in north central Nebraska on the afternoon of August 11th in the vicinity of a warm front draped from southwest South Dakota into northeast Nebraska.  The storms quickly became tornadic with six tornados occurring by the end of the evening.  The largest tornado was classified as an EF3 and touched down over southeast Cherry county and traveled into Brown county before lifting.  The other tornadoes produced minimal damage and were rated EF0's and EF1's.  Large hail also impacted these areas, with the largest size being tennis ball size.",98
335933,BROWN CO.,(ANW)AINSWORTH MUNI,08/11/2011,1858,Tornado, ,EF0,0,0,0,0,NE,CST-6, ,56023,C,17,LBF,0,0,Law Enforcement, ,0.02,20,6,NNE,6,NNE,(ANW)AINSWORTH MUNI,08/11/2011,1859,42.66,-99.92,42.6598,-99.9198,"A tornado briefly touched down in an open field eight miles north-northwest of Ainsworth.  No damage occurred from this tornado and it was rated an EF0.","Severe thunderstorms developed in north central Nebraska on the afternoon of August 11th in the vicinity of a warm front draped from southwest South Dakota into northeast Nebraska.  The storms quickly became tornadic with six tornados occurring by the end of the evening.  The largest tornado was classified as an EF3 and touched down over southeast Cherry county and traveled into Brown county before lifting.  The other tornadoes produced minimal damage and were rated EF0's and EF1's.  Large hail also impacted these areas, with the largest size being tennis ball size.",99
335905,CHERRY CO.,WOOD LAKE,08/11/2011,1900,Tornado, ,EF1,0,0,3000,0,NE,CST-6, ,56023,C,31,LBF,0,0,Trained Spotter, ,1.38,75,2,WNW,1,WSW,WOOD LAKE,08/11/2011,1902,42.64,-100.26,42.6225,-100.247,"The tornado destroyed a 12 foot by 16 foot storage building and rolled a metal calving shed over 300 feet.  Three large hay bails were rolled up an incline and damaged fencing and a swing set.  A detached garage door was also damaged and the chimney was torn off of the house.","Severe thunderstorms developed in north central Nebraska on the afternoon of August 11th in the vicinity of a warm front draped from southwest South Dakota into northeast Nebraska.  The storms quickly became tornadic with six tornados occurring by the end of the evening.  The largest tornado was classified as an EF3 and touched down over southeast Cherry county and traveled into Brown county before lifting.  The other tornadoes produced minimal damage and were rated EF0's and EF1's.  Large hail also impacted these areas, with the largest size being tennis ball size.",100
335920,CHERRY CO.,WOOD LAKE,08/11/2011,1905,Tornado, ,EF3,0,0,15000,0,NE,CST-6, ,56023,C,31,LBF,0,0,Trained Spotter, ,0.52,900,5,SSE,5,SSE,WOOD LAKE,08/11/2011,1925,42.5634,-100.209,42.5559,-100.209,"A tornado developed five miles south-southeast of Wood Lake and traveled to the south.  It was on the ground for approximately 20 minutes and was up to a maximum of a half mile wide with maximum winds of 140 m.p.h.  The tornado caused damage to two tree groves.  One tree was debarked, uprooted, and moved while several other trees were uprooted.  Additionally, a windmill was destroyed and another three were damaged; a steel culvert from Plum Creek washed out and was broken and displaced three-quarters a mile downstream.  Also, two miles of barb wire fencing was destroyed.","Severe thunderstorms developed in north central Nebraska on the afternoon of August 11th in the vicinity of a warm front draped from southwest South Dakota into northeast Nebraska.  The storms quickly became tornadic with six tornados occurring by the end of the evening.  The largest tornado was classified as an EF3 and touched down over southeast Cherry county and traveled into Brown county before lifting.  The other tornadoes produced minimal damage and were rated EF0's and EF1's.  Large hail also impacted these areas, with the largest size being tennis ball size.",101
335923,BROWN CO.,JOHNSTOWN,08/11/2011,1922,Tornado, ,EF0,0,0,0,0,NE,CST-6, ,56023,C,17,LBF,0,0,Trained Spotter, ,0.02,20,5,N,5,N,JOHNSTOWN,08/11/2011,1923,42.64,-100.06,42.6399,-100.0598,"A tornado briefly touched down five miles north of Johnstown.  No damage occurred from this tornado.","Severe thunderstorms developed in north central Nebraska on the afternoon of August 11th in the vicinity of a warm front draped from southwest South Dakota into northeast Nebraska.  The storms quickly became tornadic with six tornados occurring by the end of the evening.  The largest tornado was classified as an EF3 and touched down over southeast Cherry county and traveled into Brown county before lifting.  The other tornadoes produced minimal damage and were rated EF0's and EF1's.  Large hail also impacted these areas, with the largest size being tennis ball size.",102
335925,BROWN CO.,JOHNSTOWN,08/11/2011,1954,Tornado, ,EF0,0,0,2000,0,NE,CST-6, ,56023,C,17,LBF,0,0,Trained Spotter, ,3.6,50,10,S,13,SSE,JOHNSTOWN,08/11/2011,2002,42.4205,-100.055,42.3831,-100.006,"A tornado touched down and traveled southeast about one mile, crossed a road and moved another two miles before lifting.  Two trees were twisted off close to the point of touch down, with no additional damage noted.  The maximum wind speed was 75 m.p.h., and the tornado was rated a EF0.","Severe thunderstorms developed in north central Nebraska on the afternoon of August 11th in the vicinity of a warm front draped from southwest South Dakota into northeast Nebraska.  The storms quickly became tornadic with six tornados occurring by the end of the evening.  The largest tornado was classified as an EF3 and touched down over southeast Cherry county and traveled into Brown county before lifting.  The other tornadoes produced minimal damage and were rated EF0's and EF1's.  Large hail also impacted these areas, with the largest size being tennis ball size.",103
335930,THOMAS CO.,HALSEY,08/11/2011,2053,Tornado, ,EF0,0,0,11000,0,NE,CST-6, ,56023,C,171,LBF,0,0,NWS Storm Survey, ,0.06,50,12,NNE,12,NNE,HALSEY,08/11/2011,2054,42.0726,-100.276,42.072,-100.2753,"A tornado touched down one mile west northwest of Purdum and caused damage to trees and power lines.  Large limbs from elm trees were snapped off and displaced up to 300 feet to the south.  Also, four power poles on the south side of the road were snapped off and 250 feet of barbed wire fencing was damaged.","Severe thunderstorms developed in north central Nebraska on the afternoon of August 11th in the vicinity of a warm front draped from southwest South Dakota into northeast Nebraska.  The storms quickly became tornadic with six tornados occurring by the end of the evening.  The largest tornado was classified as an EF3 and touched down over southeast Cherry county and traveled into Brown county before lifting.  The other tornadoes produced minimal damage and were rated EF0's and EF1's.  Large hail also impacted these areas, with the largest size being tennis ball size.",104
345048,NEWTON CO.,HARTBURG,08/14/2011,1519,Tornado, ,EF0,0,0,1000,0,TX,CST-6, ,57519,C,351,LCH,0,0,Public, ,0.02,10,1,W,1,W,HARTBURG,08/14/2011,1520,30.2487,-93.7695,30.2487,-93.7691,"A tornado briefy touched down, knocking large branches down from some trees.","A low pressure area helped produce an isolated tornado in rural Newton County.",105
344066,CORSON CO.,MAHTO,08/14/2011,1835,Tornado, ,EF0,0,0,0,0,SD,MST-7, ,57404,C,31,ABR,0,0,Law Enforcement, ,0.2,10,5,WSW,5,WSW,MAHTO,08/14/2011,1837,45.74,-100.77,45.7382,-100.7669,"A tornado touched down briefly with no damage reported.","Severe thunderstorms brought large hail, damaging winds, along with a few tornadoes to parts of north central and northeast South Dakota.",106
344067,CORSON CO.,LITTLE EAGLE,08/14/2011,1855,Tornado, ,EF0,0,0,0,0,SD,MST-7, ,57404,C,31,ABR,0,0,Public, ,0.21,10,3,ENE,4,E,LITTLE EAGLE,08/14/2011,1857,45.68,-100.75,45.6784,-100.7464,"A tornado touched down briefly in the open country.","Severe thunderstorms brought large hail, damaging winds, along with a few tornadoes to parts of north central and northeast South Dakota.",107
340093,NEW HANOVER CO.,CAROLINA BEACH,08/18/2011,915,Tornado, ,EF0,0,0,3000,0,NC,EST-5, ,56758,C,129,ILM,0,0,NWS Storm Survey, ,0.33,20,0,E,0,ESE,CAROLINA BEACH,08/18/2011,918,34.0311,-77.8923,34.0286,-77.8972,"A National Weather Service Storm Survey Team concluded a waterspout came ashore as an EF-0 tornado with winds to 65 mph. The tornado had a path length of one-third of a mile and a maximum path width of 20 yards. The waterspout was moving to the southwest, parallel to the northern portions of Carolina Beach. It eventually moved onto the coast just southeast of the Marriott Hotel at the north end of Carolina Beach Avenue South. The tornado crossed over the dunes and destroyed a wooden dune bridge structure. The tornado crossed near the intersection of Woody Hewett Avenue and Atlanta Avenue causing minor damage to a light pole at a car wash. The tornado tossed patio furniture and umbrellas into the air prior to crossing South Lake Park Boulevard. Video showed that the tornado moved across Carolina Beach Lake and then quickly lifted near the lake's southern shoreline.","An inverted surface trough just offshore coupled with light winds and early morning instability resulted in the development of several waterspouts. One of these waterspouts did move onto the coast as a weak tornado.",108
336238,HOLT CO.,EWING,08/18/2011,1623,Tornado, ,EF0,0,0,0,0,NE,CST-6, ,56052,C,89,LBF,0,0,Fire Department/Rescue, ,0.02,20,1,N,1,N,EWING,08/18/2011,1624,42.2845,-98.35,42.2841,-98.3494,"There was a brief tornado touchdown just north of Ewing.  As the storm moved over Ewing the entire storm exhibited massive rotation.  No damage occurred from this tornado and it was rated as an EF0 tornado.","Several intense severe thunderstorms developed on the afternoon of August 18th over north central Nebraska.  These storms became anchored on a boundary which resulted in slow storm motions and enhanced the rotation in the storms.  Very large hail up to baseball size fell from these storms, while they also produced funnel clouds and tornadoes near Ewing (eastern Holt county).  In addition, another isolated thunderstorm dropped ping pong size hail over northwest Cherry county in the early evening hours.",109
343485,ALEXANDER CO.,PAYNES STORE,08/18/2011,1635,Tornado, ,EF0,0,0,500000,0,NC,EST-5, ,57298,C,3,GSP,0,0,NWS Storm Survey, ,0.36,150,2,NNW,2,NNW,PAYNES STORE,08/18/2011,1636,35.896,-81.143,35.891,-81.141,"A small area of tornadic damage was surveyed in the Powell Rd, Taylorsville Manufacturing Rd area. A manufactured home was pushed off its block foundation and several outbuildings were destroyed. Several homes also received damage due to wind-blown hail.","A few thunderstorms developed over western North Carolina during the afternoon hours. One of the storms briefly took on supercell characteristics, despite weak wind shear, and produced a brief tornado.",110
326924,ANTELOPE CO.,CLEARWATER,08/18/2011,1646,Tornado, ,EF0,0,0,0,0,NE,CST-6, ,54306,C,3,OAX,0,0,Trained Spotter, ,1.16,100,4,W,3,W,CLEARWATER,08/18/2011,1650,42.17,-98.25,42.1628,-98.2295,"A tornado was on ground for about 1 mile west of Clearwater.  The tornado was caught on film by several people, and apparently did little damage.","Conditions became moderately to highly unstable across eastern Nebraska and southwest Iowa by early afternoon on August 18th ahead of a weak slow moving cold front that was driven southeast by a weak upper level disturbance.  Scattered super-cell thunderstorms developed by early afternoon near the northeast Nebraska and South Dakota border and tracked and developed southeast across eastern Nebraska and southwest Iowa through the afternoon and evening hours for a prolonged severe weather event across the area.  Several of the storms produced very large destructive hail and very strong wind gusts.  At least one tornado was also reported in the area.  As of the second week in September, State Farm Insurance stated it had processed around 1,000 homeowner and 1,400 auto claims in Nebraska from the storm.",111
336240,HOLT CO.,EWING,08/18/2011,1648,Tornado, ,EF0,0,0,0,0,NE,CST-6, ,56052,C,89,LBF,0,0,Storm Chaser, ,0.39,50,2,ESE,2,ESE,EWING,08/18/2011,1649,42.2581,-98.3246,42.256,-98.3174,"A tornado touched down just southeast of Ewing near the Holt county and Antelope county line.  It was on the ground for one minute with no damage observed.  At the time of the report, the tornado was large and was becoming rain wrapped.","Several intense severe thunderstorms developed on the afternoon of August 18th over north central Nebraska.  These storms became anchored on a boundary which resulted in slow storm motions and enhanced the rotation in the storms.  Very large hail up to baseball size fell from these storms, while they also produced funnel clouds and tornadoes near Ewing (eastern Holt county).  In addition, another isolated thunderstorm dropped ping pong size hail over northwest Cherry county in the early evening hours.",112
336251,CHERRY CO.,MERRITT RES,08/18/2011,1840,Tornado, ,EF0,0,0,0,0,NE,CST-6, ,56052,C,31,LBF,0,0,Public, ,0.02,20,33,SW,33,SW,MERRITT RES,08/18/2011,1841,42.3,-101.39,42.2999,-101.3895,"A rope tornado briefly touched down in a pasture just southwest of a residence. No damage occurred and the tornado was rated as an EF0.","Several intense severe thunderstorms developed on the afternoon of August 18th over north central Nebraska.  These storms became anchored on a boundary which resulted in slow storm motions and enhanced the rotation in the storms.  Very large hail up to baseball size fell from these storms, while they also produced funnel clouds and tornadoes near Ewing (eastern Holt county).  In addition, another isolated thunderstorm dropped ping pong size hail over northwest Cherry county in the early evening hours.",113
342019,ONTONAGON CO.,ONTONAGON,08/19/2011,705,Tornado, ,EF0,0,0,20000,0,MI,EST-5, ,57075,C,131,MQT,0,0,NWS Storm Survey, ,1.54,125,1,WSW,1,E,ONTONAGON,08/19/2011,709,46.865,-89.3182,46.8717,-89.2871,"A strong EF0 tornado with winds estimated around 85 mph touched down at the River Pines RV Park and Campground and then skipped northeastward across the village lifting on the east side of the Ontonagon Golf Course.  Most of the damage was confined to snapped and uprooted trees, snapped power poles, a small flipped boat, minor roof damage, and some structural damage to a garage.  There were no injuries.","A deep low pressure system moving through northwest Ontario pushed a warm front across western Upper Michigan in the morning hours...followed by a cold frontal passage in the afternoon.  The frontal boundaries produced several severe thunderstorms and two weak tornadoes over western Upper Michigan on the 19th.",114
324661,MARINETTE CO.,WAUSAUKEE,08/19/2011,1545,Tornado, ,EF1,1,0,110000,0,WI,CST-6, ,54134,C,75,GRB,0,0,NWS Storm Survey, ,6.03,250,3,NW,3,ESE,WAUSAUKEE,08/19/2011,1556,45.4026,-87.987,45.3521,-87.8857,"A tornado quickly developed northwest of the city of Wausaukee during the late afternoon and moved southeast for nearly eight miles before dissipating.  The twister touched down near Long Lake, snapping or uprooting hundreds of trees (DI 28, DOD 3, 4) as it moved toward Wausaukee.  A mobile home near Long Lake was heavily damaged by fallen trees, but the occupants escaped without injury.  As the tornado moved into Wausaukee, it leveled another mobile home (DI 3, DOD 7), killing a 46 year old male.  Two additional buildings on the property sustained damage, including a house that lost part of its roof (DI 2, DOD 4).  Two semi-trailers on the property were blown over.  The tornado continued southeast, damaging a baseball field and hundreds of additional trees on the east side of Wausaukee.  The tornado reached the Menominee River and briefly crossed into Upper Michigan before moving back into Wisconsin and dissipating.||The tornado was rated EF1, with estimated maximum winds of 100 to 105 mph.  The average path width was 100 yards.","A deadly tornado occurred in Marinette County in Wausaukee and isolated severe thunderstorms produced large hail and gusty winds across north-central Wisconsin.  The storms knocked out electricity to 2,000 customers and caused at least $120,000 in damage.",115
342042,MENOMINEE CO.,LONGRIE,08/19/2011,1556,Tornado, ,EF0,0,0,5000,0,MI,CST-6, ,57075,C,109,MQT,0,0,NWS Storm Survey, ,0.29,100,8,WSW,8,WSW,KOSS,08/19/2011,1557,45.3521,-87.8857,45.3515,-87.8798,"About a dozen trees were uprooted and numerous branches broken in the Escanaba River State Forest along the Menominee River.","A deep low pressure system moving through northwest Ontario pushed a warm front across western Upper Michigan in the morning hours...followed by a cold frontal passage in the afternoon.  The frontal boundaries produced several severe thunderstorms and two weak tornadoes over western Upper Michigan on the 19th.",116
324662,MARINETTE CO.,WAUSAUKEE,08/19/2011,1557,Tornado, ,EF0,0,0,10000,0,WI,CST-6, ,54134,C,75,GRB,0,0,NWS Storm Survey, ,1.58,100,4,ESE,5,ESE,WAUSAUKEE,08/19/2011,1600,45.3515,-87.8798,45.3401,-87.8515,"The thunderstorm that produced the tornado near Wausaukee re-entered Wisconsin from Menominee County, MI along the Menominee River.  The tornado uprooted several trees and snapped numerous branches (DI 28, DOD 2, 3) as it continued to weaken along Highway 180.  One tree fell onto the roof of a home near Deer Lane Road.","A deadly tornado occurred in Marinette County in Wausaukee and isolated severe thunderstorms produced large hail and gusty winds across north-central Wisconsin.  The storms knocked out electricity to 2,000 customers and caused at least $120,000 in damage.",117
343150,SAGINAW CO.,CHESANING ARPT,08/20/2011,1400,Tornado, ,EF0,0,0,3000,0,MI,EST-5, ,57122,C,145,DTX,0,0,NWS Storm Survey, ,2.73,100,1,NNW,2,NE,CHESANING,08/20/2011,1404,43.2008,-84.1374,43.2042,-84.0834,"A storm survey conducted by the National Weather Service confirmed an EF0 tornado near Chesaning on Saturday August 20, 2011. The track began near the intersection of Mckeighan and Baldwin roads at approximately 300 pm. The tornado then tracked east and ended near the intersection of Chesaning and Stuart roads. The tornado was 100 yards wide with wind speeds up to 80 mph. Damage was mainly limited to large trees and an overturned trailer.","Severe thunderstorms were concentrated mostly along the M-59 corridor, causing the Dream Cruise along Woodward Avenue to be cut short, as minor damage was reported. The other notable item from this event was a weak tornado reported near Chesaning in Saginaw County.",118
343871,WAYNE CO.,SAVANNAH,08/21/2011,1415,Tornado, ,EF2,0,0,150000,0,NY,EST-5, ,57373,C,117,BUF,0,0,Emergency Manager, ,4.11,200,0,SW,4,ENE,SAVANNAH,08/21/2011,1425,43.0664,-76.7855,43.092,-76.712,"A tornado touched down in Savannah in Wayne County the continued east northeast into Cayuga County.","A cold front crossed the region bringing thunderstorms to the northern Finger Lakes region during the afternoon hours. Thunderstorm winds, gusting to 65 mph, downed trees and powers lines in Cato and Port Byron. Hail up to an inch-and-a-quarter diameter was reported in Meridian.  The thunderstorms spawned a tornado which moved from Savannah in Wayne County to Conquest in Cayuga County. A NWS survey concluded that the EF2 tornado snapped trees, took down over a dozen power poles, and completely removed two roofs from their homes. Several outbuildings, including a barn, were completely destroyed. One eyewitness reported seeing two funnels. The path length was 8 miles and width was 200 yards. Winds were estimated between 115 and 120 mph.",119
343873,CAYUGA CO.,SPRING LAKE,08/21/2011,1425,Tornado, ,EF2,0,0,100000,0,NY,EST-5, ,57373,C,11,BUF,0,0,Emergency Manager, ,3.77,200,3,SSW,0,NE,CONQUEST,08/21/2011,1435,43.092,-76.712,43.121,-76.6489,"A tornado moved from Wayne county to Conquest in northern Cayuga county.","A cold front crossed the region bringing thunderstorms to the northern Finger Lakes region during the afternoon hours. Thunderstorm winds, gusting to 65 mph, downed trees and powers lines in Cato and Port Byron. Hail up to an inch-and-a-quarter diameter was reported in Meridian.  The thunderstorms spawned a tornado which moved from Savannah in Wayne County to Conquest in Cayuga County. A NWS survey concluded that the EF2 tornado snapped trees, took down over a dozen power poles, and completely removed two roofs from their homes. Several outbuildings, including a barn, were completely destroyed. One eyewitness reported seeing two funnels. The path length was 8 miles and width was 200 yards. Winds were estimated between 115 and 120 mph.",120
345323,GRAFTON CO.,GRAFTON CENTER,08/21/2011,1945,Tornado, ,EF1,0,0,0,0,NH,EST-5, ,57040,C,9,GYX,0,0,NWS Storm Survey, ,2.69,350,3,NW,2,SW,ORANGE,08/21/2011,1950,43.6173,-72.0252,43.649,-71.9939,"An EF1 tornado touched down about 8:45 pm in the town of Canaan. The tornado touched down west of Abbott Road, the crossed Abbott Road, Grist Mill Road, and tracked parallel to and just southeast of Ball Park Road.  From there, it crossed Route 4 and Mirror Lake and lifted off the ground just east of the Canaan transfer station.||The tornado was on the ground for about 2.7 miles and had a maximum damage path width of about 350 yards.  The maximum wind gusts were estimated at 95 mph.||The tornado uprooted or snapped several hundred trees along its path.  Several buildings were damaged by falling trees and several outbuildings were damaged by the wind.  In addition, a sailboat and rowboat were moved by the tornado's winds.","A strong upper trough and associated cold front pushed into the region on the afternoon of the 21st. Good low level moisture and instability combined with an impressive wind field aloft to produce numerous severe thunderstorms during the afternoon and evening hours. All reports of damage were due to strong winds.",121
335363,CLARK CO.,SPOKEVILLE,08/23/2011,1605,Tornado, ,EF2,0,2,1400000,90700,WI,CST-6, ,55934,C,19,ARX,0,1,NWS Storm Survey, ,7.61,200,3,SW,3,NNE,CHILI,08/23/2011,1630,44.6875,-90.4707,44.669,-90.3179,"Two people were directly injured and there was an indirect loss of life from an EF2 tornado that tracked across the east central sections of Clark County near Chili. The death occurred when an oxygen machine stopped working due to a power outage caused by the tornado. The tornado was on the ground for just over 7 miles and destroyed four homes, damaged at least 19 others, destroyed four barns and 15 outbuildings with numerous other farm buildings damaged. One farmer lost several specialty birds including 12 peacocks and 16 guinea hens. Around 1500 residents across Clark County were without power after the storms moved through. Damages from the tornado are estimated to be around $1.5 million.","Two people were directly injured and an indirect death occurred from an EF2 tornado near Chili (Clark County) during the late afternoon of August 23rd. The death occurred when an oxygen machine stopped working due to a power outage caused by the tornado. The tornado destroyed four homes, damaged close to 20 others and destroyed numerous farm buildings. Damages from the tornado are estimated to be around $1.5 million.",122
329600,WOOD CO.,ARPIN,08/23/2011,1658,Tornado, ,EF0,0,0,0,0,WI,CST-6, ,54299,C,141,GRB,0,0,Law Enforcement, ,0.01,10,0,NW,0,NW,ARPIN,08/23/2011,1658,44.553,-90.0331,44.553,-90.0331,"A brief tornado, witnessed by local law enforcement, touched down for less than 10 seconds in a corn field.  A couple stalks of corn where thrown in the air, but no damage was reported.  The tornado was rated EF0 with winds around 60 mph.","Severe thunderstorms formed as a strong upper level low pressure system moved across Wisconsin.",123
325945,SHAWANO CO.,BRIARTON,08/23/2011,1756,Tornado, ,EF0,0,0,0,0,WI,CST-6, ,54299,C,115,GRB,0,0,NWS Storm Survey, ,0.23,50,1,SE,1,SE,BRIARTON,08/23/2011,1757,44.5895,-88.4096,44.5891,-88.405,"A brief tornado, rated EF0, touched down in a field near Briarton shortly before 7:00 pm CDT along Shady Road in Shawano County, just north of the Outagamie County line.  Tall grass and hay in a field was flattened in a cyclonic pattern.  In addition, about a dozen trees had snapped limbs (DI 28, DOD 1, 2).  Peak winds were estimated at 65 to 70 mph. The average path width was about 50 yards.","Severe thunderstorms formed as a strong upper level low pressure system moved across Wisconsin.",124
326497,CALUMET CO.,SHERWOOD,08/23/2011,2005,Tornado, ,EF0,0,0,50000,0,WI,CST-6, ,54299,C,15,GRB,0,0,NWS Storm Survey, ,0.5,100,1,ENE,1,E,SHERWOOD,08/23/2011,2006,44.1826,-88.2541,44.1813,-88.2442,"A tornado struck less than a mile northeast of Sherwood at 9:05 PM CDT.  The EF0 tornado toppled two trees that damaged the roof of a house and snapped or uprooted six pine trees near Highway M.  The tornado continued east-southeast, moving over a swamp, where swirl marks were seen in the thick swamp grass.  The tornado then hit a farm on Kesler Road.  Two old barns were heavily damaged (DI 1, DOD 5, 6 -- lower bound due to condition of structures).  Peak winds were estimated near 85 mph.  Average path width of the tornado was 75 yards.","Severe thunderstorms formed as a strong upper level low pressure system moved across Wisconsin.",125
332453,PUEBLO CO.,PINON,08/24/2011,1324,Tornado, ,EF0,0,0,0,0,CO,MST-7, ,55394,C,101,PUB,0,0,NWS Employee, ,0.31,100,4,SSW,4,SSW,PINON,08/24/2011,1330,38.3726,-104.6277,38.3693,-104.6316,"A landspout tornado was spotted from the NWS Pueblo office.","A tornado occurred in a field west of I-25 along a wind shift boundary around 6 miles north of downtown Pueblo. There wa no damage.",126
346603,WASHINGTON CO.,HURRICANE ARPT,08/24/2011,1515,Tornado, ,EF0,0,0,0,0,UT,MST-7, ,57439,C,53,SLC,0,0,Trained Spotter, ,1.05,1,7,ESE,7,SW,GRAFTON,08/24/2011,1520,37.09,-113.18,37.0972,-113.1633,"A trained spotter observed a tornado west of Apple Valley, Utah. The weak tornado was short-lived and caused no damage; tall grasses in the area were disturbed, but nearby bushes and trees remained undamaged.","A weak tornado was spotted in far southern Utah on August 24th, and flash flooding occurred once again in Capitol Reef National Park on the 25th.",127
344684,GEAUGA CO.,SCOTLAND,08/24/2011,2340,Tornado, ,EF1,0,0,300000,0,OH,EST-5, ,57410,C,55,CLE,0,0,NWS Storm Survey, ,2.91,50,1,NW,1,SE,CHESTERLAND,08/24/2011,2350,41.5306,-81.3629,41.5103,-81.3136,"An EF1 tornado touched down west of Chesterland just to the north of the intersection of U.S. Route 322 and Caves Road.  The tornado then traveled east southeast through Chesterland and finally lifted north of the intersection of Sperry and Cedar Roads.  The damage path was nearly three miles in length and up to 50 yards in width.  Dozens of trees were downed along the damage path.  Some homes and businesses in Chesterland sustained roof and siding damage.  Many windows were also blown out.","A very strong cold front moved across the Upper Ohio Valley during the evening hours of August 24th and early morning hours of the 25th.  Showers and thunderstorms  developed in association with this front late in the evening of the 24th and continued into the early morning hours of the 25th.  Strong downburst winds caused damage in Huron and Sandusky Counties.  A tornado touched down in Geauga County.",128
337978,CALHOUN CO.,MAGNOLIA BEACH,08/25/2011,1225,Tornado, ,EF0,0,0,30000,0,TX,CST-6, ,56245,C,57,CRP,0,0,NWS Storm Survey, ,0.24,100,2,NNW,2,NW,MAGNOLIA BEACH,08/25/2011,1226,28.574,-96.565,28.574,-96.569,"An NWS survey concluded a short lived tornado touched down near Alamo Beach Street and Lee Street in Alamo Beach. Near this point two homes were observed with small portions of their roofs peeled back. Sheet metal was also torn off the side of one of the homes and a window was broken. A third home near the area was observed to have missing shingles. The tornado continued west to a point near F. M. 2717 between Fannin and East Sunrise Streets. At this point, a poorly constructed mobile home with two floors was observed to have significant damage. The top floor was taken off and deposited to the west-southwest. The bottom floor was partially shifted off the blocks but remained upright. A brick facade on the west side of the home collapsed. Maximum winds were estimated to be around 75 mph with a path length of one quarter of a mile and path width of 100 yards.","On Thursday afternoon, August 25th 2011, portions of the Coastal Bend of South Texas experienced strong to severe thunderstorms. Several clusters of thunderstorms moved southwest across the Coastal Bend and produced winds between 40 and 70 mph. Isolated pockets of wind damage were the result. There was also a brief EF-0 tornado which touched down near Alamo Beach.||An upper level disturbance originating from Northeast Texas and Arkansas the day before had pushed into Southeast Texas by the morning of the 25th. This disturbance then moved southwestward into South Texas during the afternoon of the 25th. Meanwhile, the atmosphere across South Texas became increasingly moist and unstable throughout the afternoon as this disturbance moved into the area.||Damage was fairly minimal throughout the region, although 3,000 customers did lose power during the storms. The storms did bring beneficial rainfall to parts of drought-stricken South Texas.",129
330634,LUBBOCK CO.,WOLFFORTH,08/25/2011,1530,Tornado, ,EF0,0,0,0,0,TX,CST-6, ,54995,C,303,LUB,0,0,NWS Employee, ,0.15,15,4,E,4,E,WOLFFORTH,08/25/2011,1534,33.5042,-101.955,33.5021,-101.9549,"A NWS employee reported a weak landspout tornado southwest of Lubbock during the afternoon of the 25th. No damage was reported.","Scattered thunderstorms developed over the South Plains and Rolling Plains on the afternoon of the 25th. Around 1530 CST, a NWS employee reported a weak non-mesocyclonic tornado southwest of the city of Lubbock. No damages were reported.",130
342670,ST. MARY'S CO.,LNRDTWN ST MARYS ARP,08/25/2011,1658,Tornado, ,EF0,0,0,5000,0,MD,EST-5, ,57194,C,37,LWX,0,0,Public, ,3.41,50,2,SSW,2,NNW,CALIFORNIA,08/25/2011,1702,38.3,-76.561,38.33,-76.511,"There was video evidence of a tornado along with damage to trees and flag poles.","A cold front passed moved into the region on the 25th. Tropical moisture ahead of the front caused moderate amounts of instability to develop. Thunderstorms that developed ahead of the cold front were able to produce damaging winds and large hail.",131
342669,ST. MARY'S CO.,PATUXENT RIVER,08/25/2011,1711,Tornado, ,EF0,0,0,0,0,MD,EST-5, ,57194,C,37,LWX,0,0,Public, ,0.05,25,1,WNW,1,WNW,PATUXENT RIVER,08/25/2011,1712,38.283,-76.412,38.283,-76.411,"There was video evidence of a brief tornado on the Patuxent River Airfield.","A cold front passed moved into the region on the 25th. Tropical moisture ahead of the front caused moderate amounts of instability to develop. Thunderstorms that developed ahead of the cold front were able to produce damaging winds and large hail.",132
332454,EL PASO CO.,FT CARSON,08/26/2011,1245,Tornado, ,EF0,0,0,0,0,CO,MST-7, ,55395,C,41,PUB,0,0,Other Federal Agency, ,0.11,50,3,WSW,2,WSW,FT CARSON,08/26/2011,1247,38.7184,-104.8244,38.7197,-104.8232,"A tornado occurred west of Highway 115 in a field.  There was no damage.","A brief tornado occurred on the north side of Ft. Carson.  There was no damage.",133
345360,BEAUFORT CO.,LEECHVILLE,08/26/2011,2012,Tornado, ,EF1,0,0,200000,0,NC,EST-5, ,57500,C,13,MHX,0,0,NWS Storm Survey, ,4.4,75,2,SW,2,N,BELHAVEN,08/26/2011,2022,35.5526,-76.5442,35.5546,-76.6283,"An EF1 Tornado touched down along Highway 264 and Bible Shore Rd. damaging large Pine trees. A utility trailer was also overturned. The tornado skipped 4.4 miles into Belhaven heavily damaging Edgewood Motors Dealership with two walls blown out.","Hurricane Irene made landfall during the morning of the 27th, near Cape Lookout, as a large category 1 hurricane on the Saffir/Simpson Hurricane Wind Scale. Due to the large size of the hurricane, strong damaging winds, major storm surge, and flooding rains were experienced across much of eastern North Carolina. Several destructive tornados occurred during the evening of the 26th associated with the hurricane. Millions of dollars in damages were reported across the area. Property and crop damages were estimated to be 381 million dollars. Storm surge damages were estimated at 240 million dollars. The lowest pressure, 950.6 millibars, was recorded in  Duck at 2112 UTC on the 27th. The highest official sustained wind measured was 63 knots or 73 mph at Cedar Island at 1050 UTC on the 27th. The highest wind gust of 100 knots was recorded at the Cedar Island Ferry at 1150 UTC on the 27th. The highest storm surges of 8-11 feet occurred along the Pamlico Sound, and the lower reaches of the Neuse and Pamlico Rivers on the 27th. Storm total rainfall ranged from 5.2 to 15.74 inches across area with the heaviest rainfall across Pamlico, Beaufort, and Craven counties. Two direct fatalities occurred in Pitt County.  One fatality was due to a fallen tree on a house, and a second fatality resulted when a man drove into a tree.  There were two indirect fatalities as well. In Beaufort Co. a woman with a pre-existing medical condition had an emergency as the hurricane began and emergency personnel were unable to reach her for two hours due to downed trees and flooding. She passed away the following day. In Onslow County, a man died from a heart attack while boarding up prior to the hurricane.",134
345353,WASHINGTON CO.,SCUPPERNONG,08/26/2011,2112,Tornado, ,EF0,0,0,75000,0,NC,EST-5, ,57500,C,187,MHX,0,0,NWS Storm Survey, ,0.1,50,0,NNE,0,N,SCUPPERNONG,08/26/2011,2122,35.8846,-76.4188,35.885,-76.4206,"A brief EF1 tornado damaged a grain silo and a hardware store.","Hurricane Irene made landfall during the morning of the 27th, near Cape Lookout, as a large category 1 hurricane on the Saffir/Simpson Hurricane Wind Scale. Due to the large size of the hurricane, strong damaging winds, major storm surge, and flooding rains were experienced across much of eastern North Carolina. Several destructive tornados occurred during the evening of the 26th associated with the hurricane. Millions of dollars in damages were reported across the area. Property and crop damages were estimated to be 381 million dollars. Storm surge damages were estimated at 240 million dollars. The lowest pressure, 950.6 millibars, was recorded in  Duck at 2112 UTC on the 27th. The highest official sustained wind measured was 63 knots or 73 mph at Cedar Island at 1050 UTC on the 27th. The highest wind gust of 100 knots was recorded at the Cedar Island Ferry at 1150 UTC on the 27th. The highest storm surges of 8-11 feet occurred along the Pamlico Sound, and the lower reaches of the Neuse and Pamlico Rivers on the 27th. Storm total rainfall ranged from 5.2 to 15.74 inches across area with the heaviest rainfall across Pamlico, Beaufort, and Craven counties. Two direct fatalities occurred in Pitt County.  One fatality was due to a fallen tree on a house, and a second fatality resulted when a man drove into a tree.  There were two indirect fatalities as well. In Beaufort Co. a woman with a pre-existing medical condition had an emergency as the hurricane began and emergency personnel were unable to reach her for two hours due to downed trees and flooding. She passed away the following day. In Onslow County, a man died from a heart attack while boarding up prior to the hurricane.",135
345347,TYRRELL CO.,COLUMBIA,08/26/2011,2255,Tornado, ,EF2,0,0,150000,0,NC,EST-5, ,57500,C,177,MHX,0,0,NWS Storm Survey, ,0.49,50,2,E,2,E,COLUMBIA,08/26/2011,2259,35.9185,-76.2233,35.9196,-76.2147,"Several manufactured homes were completely destroyed with the metal undercarriages severely mangled and twisted around tree trunks indicating a high end EF2 tornado with estimated winds of 130 mph.","Hurricane Irene made landfall during the morning of the 27th, near Cape Lookout, as a large category 1 hurricane on the Saffir/Simpson Hurricane Wind Scale. Due to the large size of the hurricane, strong damaging winds, major storm surge, and flooding rains were experienced across much of eastern North Carolina. Several destructive tornados occurred during the evening of the 26th associated with the hurricane. Millions of dollars in damages were reported across the area. Property and crop damages were estimated to be 381 million dollars. Storm surge damages were estimated at 240 million dollars. The lowest pressure, 950.6 millibars, was recorded in  Duck at 2112 UTC on the 27th. The highest official sustained wind measured was 63 knots or 73 mph at Cedar Island at 1050 UTC on the 27th. The highest wind gust of 100 knots was recorded at the Cedar Island Ferry at 1150 UTC on the 27th. The highest storm surges of 8-11 feet occurred along the Pamlico Sound, and the lower reaches of the Neuse and Pamlico Rivers on the 27th. Storm total rainfall ranged from 5.2 to 15.74 inches across area with the heaviest rainfall across Pamlico, Beaufort, and Craven counties. Two direct fatalities occurred in Pitt County.  One fatality was due to a fallen tree on a house, and a second fatality resulted when a man drove into a tree.  There were two indirect fatalities as well. In Beaufort Co. a woman with a pre-existing medical condition had an emergency as the hurricane began and emergency personnel were unable to reach her for two hours due to downed trees and flooding. She passed away the following day. In Onslow County, a man died from a heart attack while boarding up prior to the hurricane.",136
345252,VIRGINIA BEACH (C) CO.,SIGMA,08/27/2011,749,Tornado, ,EF0,0,0,150000,0,VA,EST-5, ,57553,C,810,AKQ,0,0,Emergency Manager, ,0.14,50,2,ENE,2,ENE,SIGMA,08/27/2011,751,36.7371,-75.9405,36.7371,-75.943,"Weak tornado (EF0) severely damaged a home on Sandpiper Road. There was also minor damage to one other home.","Hurricane Irene moving northward over the outer banks of North Carolina and just off the Virginia coast produced two tornadoes across portions of eastern and southeast Virginia during Saturday, August 27th.",137
345242,ACCOMACK CO.,CHINCOTEAGUE,08/27/2011,1030,Tornado, ,EF0,0,0,25000,0,VA,EST-5, ,57553,C,1,AKQ,0,0,Emergency Manager, ,0.47,50,1,ENE,1,ENE,CHINCOTEAGUE,08/27/2011,1032,37.9341,-75.3664,37.9349,-75.3578,"Weak tornado (EF0) downed trees and caused minor roof damage.","Hurricane Irene moving northward over the outer banks of North Carolina and just off the Virginia coast produced two tornadoes across portions of eastern and southeast Virginia during Saturday, August 27th.",138
343049,SUSSEX CO.,NASSAU,08/27/2011,1738,Tornado, ,EF1,0,0,0,0,DE,EST-5, ,54805,C,5,PHI,0,0,Emergency Manager, ,0.7,80,1,NNE,1,NNE,BELLTOWN,08/27/2011,1739,38.763,-75.165,38.7583,-75.1765,"An EF1 tornado touched down in the Quakertown area near Lewes during the early evening of the 27th. This tornado was embedded within convective bands associated with Hurricane Irene. About 50 homes were damaged and several vehicles and sheds were either damaged or destroyed. The tornado touched down near the eastern end of Tradewinds Lane, then moved west along Tradewinds Lane, crossed Delaware State Route 269A before lifting at Crab Apple Lane. Numerous trees were uprooted or snapped along this path, and numerous homes experienced shingle damage in the Tradewinds, Donovan Smith, Swanendael Acres and Nassau Station Developments. The most significant damage occurred on Crab Apple Lane where a house sustained substantial roof damage with its rafters exposed. The house's garage was also ripped away.||The tornado path length was estimated at 0.7 miles, its maximum path width was 80 yards and its estimated maximum wind speed was 95 mph. No serious injuries were reported.","Hurricane Irene produced heavy flooding rain, widespread tropical storm force wind gusts, a confirmed tornado near Lewes in Sussex County, moderate to severe coastal flooding and beach erosion and caused two flooding related deaths, forced evacuations near the coast over the weekend of August 27th and 28th in Delaware. About 100,000 people were evacuated from the Atlantic Coast. Numerous roadways were flooded and closed and thousands of trees were knocked down. About 100,000 utility customers lost power. In addition, chickens were killed by flooding and agricultural crops were damaged by the flooding. Delaware received federal disaster declaration.  ||Tropical storm force wind gusts overspread Delaware during the afternoon of the 27th and persisted through the afternoon of the 28th. Peak wind gusts averaged around 60 mph. The strongest winds associated with Irene occurred at two distinct times. The first surge occurred during bands of heavier rain during the evening of the 27th. The second peak occurred during the late morning and early afternoon of the 28th when skies were clearing and deeper mixing of the atmosphere brought stronger winds to the ground. The rain associated with Irene overspread the state between 7 a.m. EDT and Noon EDT on the 27th, fell at its heaviest from the late afternoon of the 27th into the early morning of the 28th and ended around Noon EDT on the 28th. Event precipitation totals averaged 5 to 12 inches and caused widespread and in some instances record breaking flooding. Because the flash flooding and flooding blended into one, all stormdata flooding related county entries were combined into one under flood events. The storm surge of 3 to 4 feet caused minor to moderate tidal flooding along tidal sections of the Delaware River and in Upper Delaware Bay and moderate to severe tidal flooding along lower Delaware Bay and along the coast during the evening high tide cycle on the 27th. The winds shifted to the northwest during the morning high tide cycle on the 28th.  ||Governor Jack Markell ordered visitors to evacuate the Delaware beaches effective 6 pm EDT on August 25th. In addition, a state of emergency was declared and shelters were opened throughout the state on August 26th. Driving restrictions were in place. Mandatory evacuations of approximately one hundred thousand tourists and residents occurred, including special populations, began on Thursday, August 25th. The Cape May���Lewes Ferry suspended service for August 27th and 28th. Toll operations on Delaware State Route 1 were halted. Transit services were shut down on August 27th and 28th, while most of the bridges over the Chesapeake and Delaware Canal and the Indian River were closed due to the wind.||About 100,000 utility customers lost power at the peak of the storm. Power was not fully restored until August 31st. Schools were dismissed early on Friday the 26th and remained closed through the duration of the event. The state highway department reported over two hundred roads under water. Seven bridges sustained structural damage. At least thirty-seven homes and businesses sustained major damage or were destroyed. Extensive damage occurred to the six state maintained beaches as severe beach erosion and dune breaches occurred. The combination of heavy rain and severe tidal flooding washed out Prime Hook Road along Delaware Bay in Cedar Creek Hundred (Sussex County). In Kent County, tidal flooding occurred along Kitts Hummock Road as well as along Bowers Beach. | |The highest wind gusts recorded during Hurricane Irene were 66 mph in Lewes (Sussex County), 64 mph in Dewey Beach (Sussex County), 60 mph in Georgetown (Sussex County), 57 mph in Wilmington (New Castle County), and 52 mph in Dover (Kent County). The highest tides included 8.20 feet above mean lower low water at Breakwater Harbor in Sussex County (severe flooding starts at 8.0 feet above mean lower low water) and 8.03 feet above mean lower low water at Reedy Island in New Castle County. Minor tidal flooding at Reedy starts at 7.2 feet above mean lower low water.||Hurricane Irene formed east of the Leeward Islands on Saturday the 20th. It moved northeast and passed over Puerto Rico overnight on the 21st. As Irene moved off the island, it intensified into a hurricane. Irene just bypassed the island of Hispaniola to its north and then passed over the Eastern Bahamas on the 25th as it reached category three hurricane strength. From the Bahamas, Irene moved nearly due north and slowly weakened to a category two hurricane on the 26th and a category one hurricane on the 27th. Irene made her initial landfall near Cape Lookout, North Carolina at 8 a.m. EDT on the 27th and then proceeded to the northnortheast and went back over the Atlantic Ocean near the Virginia and North Carolina border at 7 p.m. EDT on the 27th. Irene then paralleled the Delmarva Peninsula and the center passed about 15 miles east of Delaware between 3 a.m. and 4 a.m. EDT on the 28th. Irene made her second landfall as a tropical storm on Brigantine Island, just north of Atlantic City, New Jersey at 535 a.m. EDT on the 28th. From there the center of Irene moved along eastern parts of Ocean and Monmouth Counties and was located near Tinton Falls Township in Monmouth County at 8 a.m. EDT on the 28th. At about 9 a.m. EDT the center of Irene passed over New York City.",139
345238,MERCER CO.,HIGHTSTOWN,08/28/2011,200,Tornado, ,EF0,0,0,25000,0,NJ,EST-5, ,54807,C,21,PHI,0,0,Law Enforcement, ,0.6,30,1,NW,1,WNW,HIGHTSTOWN,08/28/2011,201,40.2357,-74.5409,40.2383,-74.5517,"An EF-0 tornado touched down in Robbinsville Township about 3 a.m. EDT on the 28th.  The tornado touched down in a Mercer County Park, crossed Perrineville Road and lifted just southwest of Woods Road. Numerous trees were knocked down, along with several electric poles and  wires. Damage was concentrated on the 500 block of Perrineville Road.  The estimated path length was six tenths of a mile, the maximum path width was thirty yards and the estimated maximum wind speed was 85 mph.","Irene produced torrential downpour rains that resulted in major flooding and a number of record breaking crests on area rivers, tropical storm force wind gusts with record breaking outages for New Jersey utilities, one confirmed tornado and a three to five foot storm surge that caused moderate to severe tidal flooding with extensive beach erosion over the weekend of August 27th and 28th. Irene is expected to be the costliest natural disaster in the history of New Jersey. Approximately one million people were evacuated from the coast and low lying areas prone to inland flooding throughout the state of New Jersey including all of Cape May County. Irene also caused record breaking outages to utility customers as around one and a half million people lost power throughout the state. Power was not fully restored until September 5th. The widespread flooding resulted in the second highest crest (highest was with Hurricane Floyd in September 1999) on record for the Raritan Basin, but the highest crest on record for many other river basins including the Passaic. Moderate tidal flooding occurred along the tidal Delaware River and Delaware Bay and minor to moderate flooding occurred farther north along the Delaware River. Moderate to severe tidal flooding occurred along the Atlantic Coast and Raritan Bay There were six direct deaths associated with Irene, all drownings. The deaths occurred in Salem County, Mercer County (two), Ocean County (two) and Morris County. Preliminary damage estimates in the whole state of New Jersey were near one billion dollars to approximately 200,000 homes and businesses. The closure of the Atlantic City casinos (only the third time in history) for three days caused an estimated 45 million dollars in lost revenue.   The combination of wind and flooding forced the closure of about 350 main roadways in the state including sections of Interstate 287, the Garden State Parkway and the New Jersey Turnpike. The flooding rains and winds damaged the corn, peach, pumpkin, tomato,  pepper, cucumber, potato and squash crops and feared will damage the blueberry crop in 2012. Drug industry production fell the week of August 29th because of traveling problems. Free ice and water were distributed in locations with widespread power outages. The American Red Cross distributed over 1,000 clean-up kits and 100,000 meals and snacks.   ||Tropical storm force wind gusts overspread New Jersey during the late afternoon and evening of the 27th and persisted through the afternoon of the 28th. Peak wind gusts averaged around 50 mph inland and around 65 mph at the coast. The strongest winds associated with Irene occurred at two distinct times. The first surge occurred during bands of heavier rain during the evening of the 27th and early morning of the 28th. The second peak occurred during the afternoon of the 28th when skies were clearing and deeper mixing of the atmosphere brought stronger winds to the ground. Most of the inland peak wind gusts occurred at this time. The rain associated with Irene overspread New Jersey during the late morning on the 27th, fell at its heaviest during the evening of the 27th into the early morning of the 28th and ended during the early afternoon on the 28th. Event precipitation totals averaged 5 to 10 inches and caused widespread record breaking flooding. Many locations broke August's all time monthly rainfall records even before Irene arrived. Because the flash flooding and flooding blended into one, all flooding related Stormdata county entries were combined into one under flood events. The storm surge of 3 to 5 feet caused moderate to severe tidal flooding along the ocean side and moderate tidal flooding in Delaware Bay and tidal sections of the Delaware River. The tidal flooding was during the evening and overnight high tide on the 27th across southern New Jersey, Delaware Bay and the Delaware River, but with the morning high on the 28th in Northern New Jersey. The morning high tide coincided closer with the high tide cycle and caused most of the severe tidal flooding to occur there.  Minor tidal flooding persisted in tidal sections of the Delaware River during the high tide cycles from the 29th through the 31st. ||Governor Chris Christie declared a state of emergency on August 25th. New Jersey Transit rail, bus and light rail operations were suspended on the weekend of the 27th and 28th. Full transit service was not restored until Wednesday August 31st.  In Cape May County, countywide mandatory evacuations were ordered on August 25th, and for residents the next day. Traffic on New Jersey State Route 55 south of Vineland, New Jersey Route 47 and New Jersey Route 347 were only allowed to head north leaving Cape May County.||All Atlantic County shore communities east of U.S. Route 9 including Atlantic City were placed under a voluntary evacuation at 8 p.m. August 25th and the following day a mandatory evacuation effective starting 6 a.m. EDT. All Atlantic City casinos were shut down as the city faced the first mandatory evacuation in history. About 1,500 National Guard troops had been deployed in the state to help with evacuations.  In Ocean County, all of the barrier islands including Long Beach Island were under mandatory evacuation starting at 8 a.m. EDT on August 26th.  To relieve evacuation traffic, toll operations were temporarily suspended on the Garden State Parkway south of the Raritan River and on the Atlantic City Expressway. The southbound lanes on the Garden State Parkway south of exit 98 were closed at 8 p.m. EDT on August 26th, while eastbound traffic was stopped on New Jersey State Routes 70 and Route 72.||Major flooding occurred on the Raritan, Millstone, Rockaway and Passaic Rivers.  Record flows were reported at the Musconetcong River in Warren County as well as the Assunpink Creek in Mercer County and the Rancocas Creek in Burlington County. Flooding on the rivers lasted as long as September 5th. The flooding affected and closed   numerous roads, including the heavily used Interstate 287 in Boonton when the northbound shoulder collapsed from the force of the Rockaway River. The Garden State Parkway flooded in Toms River near exit 98. On Monday August 29th, eighty roadways were still closed and thirty-six roadways were still closed on the 30th.  Ninety-eight percent of the closed roadways were reopened as of September 1st.  Coupled with a reduced transit schedule, travel was described as gridlock on the 29th   Thousands of homes were also flooded, especially in Morris and Somerset Counties. Many northern New Jersey schools that were scheduled to open on the 29th were closed. ||At the Trenton Train Station along Assunpink Creek, flooding impacted Amtrak's Northeast Corridor, SEPTA's Trenton Line, and New Jersey Transit's (NJT) Northeast Corridor Rail Line. Service was not fully restored to and through Trenton until August 31st. Irene cost NJT just under $10 million in lost revenue and damaged infrastructure. Numerous homes suffered structural damages from the winds, and limbs impacting their roofs. ||In total, approximately 1.6 million customers of JCP&L and PSE&G throughout the state lost power. Two days after the storm, 500,000 PSE&G customers were still without power, down from a peak of about 928,000. By September 3 power had been restored to all but 750, but thousands of JCP&L customers were still without service. On September 2nd, 37,000 JCP&L customers were awaiting restoration of service. On Sunday September 5, power had been returned to last remaining 2,000 residents who suffered a power outage. ||There was one confirmed tornado in Mercer County, but widespread tree wind damage (and damage to homes and vehicles when trees fell on them) occurred in every county.  In addition, a few municipalities experienced stronger wind bursts that caused direct property damage. The strong winds forced the suspension of service on the Cape May Lewes Ferry.  In Monmouth County, in Long Branch, the high winds damaged two roofs of an apartment complex on Ocean Boulevard.  In Ocean County, an estimated 500 trees were knocked down.  The SpongeBob ride at the Funtown Pier in Seaside Park was damaged. In Atlantic County, a piece of an exterior wall of the Borgota Hotel was blown off.  In Gloucester County, a 61-year-old woman suffered a head injury after being struck by a tree. ||The shore took a pounding from the coastal flooding and heavy surf. A 25-year-old and a 24-year-old man drowned in Point Pleasant (Ocean County) after going to the shore to view the storm. The average sand loss was about four to five feet high and one hundred fifty feet wide.  Waves were estimated to reach as high as 12 feet as offshore seas reached 25 feet. There were numerous reports of dune fence damage and sand overwashes onto streets and boardwalks. Along the Raritan Bay side of Middlesex and Monmouth Counties, most of the vertical cuts were less than two feet and no breaches were reported. In Keansburg and Union Beach in Monmouth County low lying bayshore communities experienced tidal flooding. About 3,000 county residents were evacuated along Raritan Bay. Along the Atlantic Ocean side of Monmouth County, vertical cuts averaged 2 to 5 feet. In Spring Lake, about one and a half miles of the borough���s boardwalk was damaged and closed. In Ocean County, vertical cuts averaged 2 to 4 feet north of Barnegat Light and 4 to 6 feet south of Barnegat Light. A dune cut was reported in Harvey Cedars. Dune washovers occurred in Brant Beach. In Beach Haven, dune cuts reached 10 feet and the geotubes at Merrivale Avenue were overtopped. No flood damage to homes was reported. The entrance to the Holgate Natural Area was impassable as stone and rubble were exposed. In Atlantic County, vertical cuts averaged 1 to 4 feet, but reached 6 feet in Brigantine. In Cape May County, vertical cuts averaged 2 to 4 feet. A couple of horizontal dune cuts occurred in North Wildwood and the top cap of a timber bulkhead was knocked off. In Cape May City, a horizontal dune cut occurred on Poverty Beach. | |President Barack Obama initially declared the state a disaster area, making residents of Bergen, Essex, Morris, Passaic and Somerset Counties and made them eligible for federal aid. The declaration was later extended throughout the state.||The highest wind gusts recorded during Hurricane Irene were 75 mph at Cape May Ferry Terminal (Cape May County), 69 mph in Harvey Cedars (Ocean County), 69 mph in Tuckerton (Ocean County), 68 mph in Cape May Harbor (Cape May County), 66 mph at the Atlantic City Marina (Atlantic County), 66 mph in Ocean City (Cape May County), 65 mph in Point Pleasant (Ocean County), 58 mph in Atlantic City (Atlantic County), 58 mph in Sandy Hook (Monmouth County), 58 mph in Brick (Ocean County), 57 mph in Keansburg (Monmouth County), 55 mph in Barnegat Light (Ocean County), 55 mph at Lakehurst NAS (Ocean County), 55 mph at Point Point (Atlantic County), 55 mph in Seaside Heights (Ocean County), 53 mph at Wildwood (Cape May County), 52 mph in Belmar (Monmouth County), 52 mph in Bivalve (Cumberland County), 52 mph in Trenton (Mercer County), 51 mph at Ft Dix-Wrightstown (Burlington County), 50 mph in Wantage (Sussex County), 47 mph in Mount Holly (Burlington County) and 42 mph in Somerville (Somerset County).||Peak storm tides included 9.75 feet above mean lower low water in Sandy Hook (Monmouth County). Severe tidal flooding starts at 8.7 feet above mean lower low water. This was the third highest tide on record and highest tide since the December 1992 nor'easter. Other peak tides included 6.96 feet above mean lower low water in Atlantic City (Atlantic County), moderate tidal flooding starts at 7.0 feet above mean lower low water; 8.55 feet above mean lower low water in Cape May (Cape May County), severe tidal flooding starts at 8.7 feet above mean lower low water; 8.03 feet above mean lower low water at Reedy Island, New Castle County Delaware, moderate tidal flooding starts at 7.2 feet above mean lower low water and 9.89 feet above mean lower low water in Philadelphia Pennsylvania, moderate tidal flooding starts at 9.2 feet above mean lower low water. Along tidal sections of the Delaware River, Big Timber Creek flooded along the Gloucester and Camden County lines and about 300 homes in Burlington City (Burlington County) had flooded basements.   ||Hurricane Irene formed east of the Leeward Islands on Saturday the 20th. It moved northeast and passed over Puerto Rico overnight on the 21st. As Irene moved off the island, it intensified into a hurricane. Irene just bypassed the island of Hispaniola to its north and then passed over the Eastern Bahamas on the 25th as it reached category three hurricane strength. From the Bahamas, Irene moved nearly due north and slowly weakened to a category two hurricane on the 26th and a category one hurricane on the 27th. Irene made her initial landfall near Cape Lookout, North Carolina at 8 a.m. EDT on the 27th as a category one and then proceeded to the northnortheast. Irene went back over the Atlantic Ocean near the Virginia and North Carolina border at 7 p.m. EDT on the 27th. From there Irene paralleled the Delmarva Peninsula and the center passed about 15 miles east of Delaware between 3 a.m. and 4 a.m. EDT on the 28th. Irene continued to slowly weaken and made her second landfall as a tropical storm on Brigantine Island, just north of Atlantic City, New Jersey at 535 a.m. EDT on the 28th. From there the center of Irene moved along eastern parts of Ocean and Monmouth Counties and was located near Tinton Falls Township in Monmouth County at 8 a.m. EDT on the 28th. At about 9 a.m. EDT the center of Irene passed over New York City.||Irene helped make August 2011 the wettest August on record for the state of New Jersey dating back to 1895. A new August monthly rainfall record of 16.10 inches was established in Trenton.",140
349929,QUEENS CO.,HOLLIS,08/28/2011,300,Tornado, ,EF0,0,0,0,0,NY,EST-5, ,58163,C,81,OKX,0,0,NWS Storm Survey, ,1,220,1,NE,1,SE,BAYSIDE,08/28/2011,301,40.73,-73.76,40.74,-73.77,"Based on an NWS Storm Survey, a weak F0 tornado was confirmed in Cunningham Park, near the Grand Central Parkway and Clearview Expressway intersection northwest toward the Long Island Expressway.||The estimated maximum wind gust was 85 mph.||This weak tornado was spawned by a rotating thunderstorm within a spiral rain band rotating around then Hurricane Irene several hours before it made landfall in New York City.","As Hurricane Irene moved north along the Atlantic coast and interacted with land, it weakened and made its second landfall as a Tropical Storm near Little Egg Inlet along the southeast NJ Coast on August 28, 2011 around 5:35 am EDT.  Tropical Storm Irene made its third landfall in New York City around 9:00 am.||Irene brought sustained tropical storm winds, heavy rain, and destructive storm surge along with two confirmed tornadoes.||Seven deaths occurred:||one 53 year old man was found dead after a 3 hr. rescue effort after his boat overturned in strong rapids while boating in the Croton River in Croton (Westchester County)||one 68 year old man drowned in a marina off City Island in the Bronx; where he had gone to check on his boat.||one 52 year old man drove through flood waters around 3 barricades and drowned in the Town of Tuxedo in Orange County, NY.||one older man died wind surfing in Suffolk County during the afternoon of 8/28/2011||one 51 year old man fell 30 feet from a 60-foot high tree while trimming large tree branches in Roslyn Heights in Nassau County on 9/9/2011.||one child came into contact with downed electrical wires and was electrocuted in Rockland County; died 9/10-11/2011||one man came into contact with downed electrical wires and was electrocuted in Rockland County||At least 600,000 people were ordered (both voluntary and mandatory) to evacuate from storm surge and fresh water inland flooding.||Widespread power outages lasted up to 1 week following Tropical Storm Irene.",141
349931,SUFFOLK CO.,BABYLON,08/28/2011,350,Tornado, ,EF0,0,0,0,0,NY,EST-5, ,58163,C,103,OKX,0,0,NWS Storm Survey, ,4,220,0,N,1,E,WYANDANCH,08/28/2011,354,40.7,-73.32,40.75,-73.35,"Based on a National Weather Service Storm Survey, a weak F0 tornado was confirmed from near Babylon northwest to near Wyandanch in southwest Suffolk County.||The estimated maximum wind gust was 75 mph.||This weak tornado was spawned by a rotating thunderstorm within a spiral rain band rotating around then Hurricane Irene several hours before it made landfall in New York City.","As Hurricane Irene moved north along the Atlantic coast and interacted with land, it weakened and made its second landfall as a Tropical Storm near Little Egg Inlet along the southeast NJ Coast on August 28, 2011 around 5:35 am EDT.  Tropical Storm Irene made its third landfall in New York City around 9:00 am.||Irene brought sustained tropical storm winds, heavy rain, and destructive storm surge along with two confirmed tornadoes.||Seven deaths occurred:||one 53 year old man was found dead after a 3 hr. rescue effort after his boat overturned in strong rapids while boating in the Croton River in Croton (Westchester County)||one 68 year old man drowned in a marina off City Island in the Bronx; where he had gone to check on his boat.||one 52 year old man drove through flood waters around 3 barricades and drowned in the Town of Tuxedo in Orange County, NY.||one older man died wind surfing in Suffolk County during the afternoon of 8/28/2011||one 51 year old man fell 30 feet from a 60-foot high tree while trimming large tree branches in Roslyn Heights in Nassau County on 9/9/2011.||one child came into contact with downed electrical wires and was electrocuted in Rockland County; died 9/10-11/2011||one man came into contact with downed electrical wires and was electrocuted in Rockland County||At least 600,000 people were ordered (both voluntary and mandatory) to evacuate from storm surge and fresh water inland flooding.||Widespread power outages lasted up to 1 week following Tropical Storm Irene.",142
329593,DAWES CO.,CHADRON,08/29/2011,1610,Tornado, ,EF0,0,0,0,0,NE,MST-7, ,54852,C,45,CYS,0,0,Public, ,0.28,25,6,S,5,S,CHADRON,08/29/2011,1612,42.7497,-103.0035,42.7514,-102.9986,"A weak tornado briefly touched down in a wooded area just south of King Canyon Road. Produced damage to a tree and windmill.","Afternoon thunderstorms produced torrential rainfall, which caused flash flooding in southern Cheyenne County, as well as some reports of large hail and wind damage over portions of the western Panhandle.  A tornado was also spotted by the public south of Chadron.",143
346528,LAKE CO.,POLSON ARPT,09/01/2011,1155,Tornado, ,EF0,0,0,0,0,MT,MST-7, ,57740,C,47,MSO,0,0,Broadcast Media, ,0.73,3,8,NE,9,NE,POLSON ARPT,09/01/2011,1206,47.7763,-114.0422,47.7754,-114.0266,"A waterspout formed over Skidoo Bay and remained over water. No damage was reported.","An upper level trough moved over northwest Montana with very cold air aloft.  This interacted with the warmer and moist air over Flathead Lake to produce some cumulonimbus clouds. A waterspout extended out of one of these clouds over Skidoo Bay.",144
348479,NAVAJO CO.,HOLBROOK,09/01/2011,1325,Tornado, ,EF0,0,0,0,0,AZ,MST-7, ,58103,C,17,FGZ,0,0,Trained Spotter, ,1.19,10,4,SE,4,SE,HOLBROOK,09/01/2011,1325,34.87,-110.12,34.87,-110.12,"A tornado briefly touched down 1 mile east of milepost 384 on State Route 77.","A thunderstorm produced a brief tornado near Holbook.",145
348797,LAFAYETTE PAR.,RIDGE,09/03/2011,1210,Tornado, ,EF0,0,0,0,0,LA,CST-6, ,58110,C,55,LCH,0,0,Public, ,0.1,10,2,ESE,2,ESE,RIDGE,09/03/2011,1211,30.1641,-92.1471,30.1642,-92.1487,"Eyewitnesses saw a tornado briefly touch down in a field off of Golden Grain Road, doing no damage.","Tropical Storm Lee made landfall south of Intracoastal City in Vermilion Parish on September 4th. No deaths or injuries were reported. Storm total rainfall ranged from 3 to 10 inches, with the highest amounts recorded in central Louisiana (a co-op station near Alexandria recorded 10.96 inches). Due to inland flooding, a few state roads were closed in Avoyelles Parish, and one home in Acadia Parish had water enter it. The highest sustained wind of 30 knots (35 mph) was recorded at Lafayette Regional Airport. The highest wind gust of 43 knots (50 mph) was recorded at LSU Dean Lee near Alexandria. There were scattered power outages and isolated trees blown down across the region, with a few homes having trees land on them. The lowest sea-level pressure was 987.5 mb at Acadiana Regional Airport near New Iberia. The maximum tide was 5.82 ft MLLW, which was 4.76 ft above normal. This resulted in roads and low elevations in Cypremort Point to be flooded with 2-3 feet of water for a few hours in the morning of September 4th. Minor coastal flooding also occurred in Cameron Parish near Holly Beach, where water approached Highway 82, and near Delcambre along the Vermilion/Iberia Parish line where water covered local roadways and property. One tornado was reported in Lafayette Parish, briefly touching down in a field and doing no damage. Total property damage was $270K.",146
347145,MOBILE CO.,DAUPHIN IS,09/03/2011,1212,Tornado, ,EF0,0,0,0,0,AL,CST-6, ,57859,C,97,MOB,0,0,Public, ,0.18,50,5,W,5,W,DAUPHIN IS,09/03/2011,1213,30.2463,-88.1991,30.2488,-88.1997,"A small tornado crossed the western-most portion of Dauphin Island.  No structures or trees were affected by the brief tornado.","Tropical Storm Lee began as a tropical wave in the Caribbean Sea during the last week of August. By the evening of Thursday, 1 September 2011, the tropical wave further developed into Tropical Depression 13. By 1 PM the following Friday afternoon, Tropical Depression Lee had formed. Lee slowly moved northward towards the south central Louisiana coastline by Saturday afternoon 3 September, while continuing to produce extremely heavy rainfall over portions of southern Louisiana, southern Mississippi, southern Alabama and the northwest Florida Panhandle. ||The outer rain-bands of Lee produced near-continuous heavy rainfall over portions of southern Alabama, southeastern Mississippi and the northwestern Florida Panhandle by early Saturday morning and that endured through early Sunday before dry air aloft wrapped into Lee���s western side. The center of Lee moved over land around sunrise Sunday, 4 September. However, it would be a while before Lee would weaken to a depression because it remained nearly stationary while the southern half of the circulation was over water where it could continue to derive additional energy from the warm ocean. The next day, Lee was eventually picked up by an upper air trough, turned northeastward and resumed a faster forward speed late in the day on Sunday, 4 September as it began its welcome exit to the northeast late Sunday through late Monday.||Lee���s impacts were far reaching across our region. Although the continuous rains became somewhat intermittent as dry air wrapped into Lee from the west, this created a situation from Sunday afternoon through midday Monday whereby individual thunderstorms became more intense due to increasing levels of atmospheric instability. Stronger thunderstorms and isolated tornadoes affected the North Central Gulf Coast Region, as they formed within the detached outer spiral rain-bands well to the east of Lee���s center on Sunday and finally to the southeast on Monday. The highest total storm tide levels (astronomical plus surge effects) ranged from approximately 3.5 to just barely over 5 feet.||While Lee was in the process of being picked up by a fast moving upper air trough, a series of squall lines that produced moderately widespread thunderstorm wind damage along and ahead of the surface cold front, as well as more isolated tornadoes, affected the area through late Monday afternoon. In all, some 10 to 15 inches of rain fell along coastal sections of Alabama and northwest Florida. Additionally, several weak tornadoes occurred producing modest structural and tree damage. There was also moderate beach erosion and the rip currents endured over a multi-day period. Inland flooding was exacerbated along the immediate coastal zone by higher tide levels due to Lee���s surge effects which created poor to no drainage of area coastal rivers, bays and sounds on during astronomical high tide cycles from 3-5 September (late night hours each day).",147
348880,ST. BERNARD PAR.,VERRET,09/03/2011,1950,Tornado, ,EF1,0,0,10000,0,LA,CST-6, ,58178,C,87,LIX,0,0,NWS Storm Survey, ,0.5,50,1,NNE,1,NNE,VERRET,09/03/2011,1952,29.8587,-89.778,29.8654,-89.7732,"A tornado touchdown occurred near the intersection of Pilate Lane and Bayou Road. The tornado touched down near the flood wall and moved NNE across Pilate Lane. It caused significant damage to one trailer, separating the roof from the walls. It also snapped several large tree branches, downed a wooden fence, and destroyed a wooden shed. Near Bayou Road, the tornado caused minor damage to a brick home and snapped an 18 inch diameter tree near the base. From there, the tornado continued NNE into a marshy area where damage was observed in the tree tops. Total surveyed path was roughly 0.5 miles, but the path may have been longer through the marshy area into Lake Borgne. Maximum sustained winds were estimated at 100 mph. Path width 50 yards.","Tropical Storm Lee initially developed as Tropical Depression Thirteen in middle Gulf of Mexico on Thursday evening September 1st.   The depression moved slowly north and gradually strengthened, eventually reaching tropical storm strength just south of Louisiana coast on Friday afternoon September 2nd.  Tropical Storm Lee made only slow and haltingly northward progress over the next 24 hours eventually moving  onshore the Louisiana coast Saturday night, September 3rd,  with a maximum sustained wind estimated around 60 mph.   Lee moved slowly inland to north of Baton Rouge late Sunday September 4th,  and eventually weakened to a tropical depression Sunday evening. ||There was one confirmed tornado touchdown in Saint Bernard Parish resulting in $5,000 in property damage.",148
348881,HANCOCK CO.,KILN,09/03/2011,2120,Tornado, ,EF0,0,0,30000,0,MS,CST-6, ,58176,C,45,LIX,0,0,NWS Storm Survey, ,0.09,30,4,N,4,N,KILN,09/03/2011,2121,30.4779,-89.43,30.4791,-89.4307,"A weak tornado moving southeast to northwest touched down for a short distance. A mobile home was turned on its side, the tops of trees were snapped, and a few small trees snapped. Estimated strength was upper end EF0. Path length was 0.1 mile and the path width 30 yards.","Tropical Storm Lee initially developed as Tropical Depression Thirteen in middle Gulf of Mexico on Thursday evening September 1st.   The depression moved slowly north and gradually strengthened, eventually reaching tropical storm strength just south of the  Louisiana coast on Friday afternoon September 2nd.  Tropical Storm Lee made only slow and haltingly northward progress over the next 24 hours eventually moving  onshore the southeast Louisiana coast Saturday night, September 3rd,  with a maximum sustained wind estimated around 60 mph.   Lee move slowly inland to north of Baton Rouge late Sunday September 4th, and eventually weakened to a tropical depression Sunday evening. ||There were three confirmed tornado touchdowns in coastal Mississippi resulting in an estimated $100,000 in property damage.",149
347147,MOBILE CO.,MON LOUIS,09/04/2011,2,Tornado, ,EF1,0,0,45000,0,AL,CST-6, ,57859,C,97,MOB,0,0,NWS Storm Survey, ,1.93,100,2,NNW,2,ENE,SOUTH ORCHARD,09/04/2011,4,30.4527,-88.1098,30.4769,-88.1261,"A tornado moved onshore near the mouth of East Fowl River on Byrnewood road and tracked northwest to the end of Pioneer Road in the Bellefontaine community.  The tornado produced extensive damage to trees consistent with EF-1 type damage and winds between 86 MPH and 110 MPH.  Four residences and one large barn had structural damage in the area between Bay Road and Pioneer Road.  Of those structures, one mobile home was almost completely destroyed from a large tree that fell on it, with minor damage to mostly roofing shingles and window panes observed with the other three homes.  The barn received minor structural damage on an exterior wall with three large roll-up doors completely blown out.","Tropical Storm Lee began as a tropical wave in the Caribbean Sea during the last week of August. By the evening of Thursday, 1 September 2011, the tropical wave further developed into Tropical Depression 13. By 1 PM the following Friday afternoon, Tropical Depression Lee had formed. Lee slowly moved northward towards the south central Louisiana coastline by Saturday afternoon 3 September, while continuing to produce extremely heavy rainfall over portions of southern Louisiana, southern Mississippi, southern Alabama and the northwest Florida Panhandle. ||The outer rain-bands of Lee produced near-continuous heavy rainfall over portions of southern Alabama, southeastern Mississippi and the northwestern Florida Panhandle by early Saturday morning and that endured through early Sunday before dry air aloft wrapped into Lee���s western side. The center of Lee moved over land around sunrise Sunday, 4 September. However, it would be a while before Lee would weaken to a depression because it remained nearly stationary while the southern half of the circulation was over water where it could continue to derive additional energy from the warm ocean. The next day, Lee was eventually picked up by an upper air trough, turned northeastward and resumed a faster forward speed late in the day on Sunday, 4 September as it began its welcome exit to the northeast late Sunday through late Monday.||Lee���s impacts were far reaching across our region. Although the continuous rains became somewhat intermittent as dry air wrapped into Lee from the west, this created a situation from Sunday afternoon through midday Monday whereby individual thunderstorms became more intense due to increasing levels of atmospheric instability. Stronger thunderstorms and isolated tornadoes affected the North Central Gulf Coast Region, as they formed within the detached outer spiral rain-bands well to the east of Lee���s center on Sunday and finally to the southeast on Monday. The highest total storm tide levels (astronomical plus surge effects) ranged from approximately 3.5 to just barely over 5 feet.||While Lee was in the process of being picked up by a fast moving upper air trough, a series of squall lines that produced moderately widespread thunderstorm wind damage along and ahead of the surface cold front, as well as more isolated tornadoes, affected the area through late Monday afternoon. In all, some 10 to 15 inches of rain fell along coastal sections of Alabama and northwest Florida. Additionally, several weak tornadoes occurred producing modest structural and tree damage. There was also moderate beach erosion and the rip currents endured over a multi-day period. Inland flooding was exacerbated along the immediate coastal zone by higher tide levels due to Lee���s surge effects which created poor to no drainage of area coastal rivers, bays and sounds on during astronomical high tide cycles from 3-5 September (late night hours each day).",150
347151,ESCAMBIA CO.,GULF BEACH,09/04/2011,210,Tornado, ,EF1,0,0,250000,0,FL,CST-6, ,57864,C,33,MOB,0,0,NWS Storm Survey, ,2.4,50,0,S,1,NE,INERARITY PT,09/04/2011,213,30.2959,-87.4295,30.3301,-87.4362,"The tornado moved off the Gulf of Mexico in Perdido Key, then continued north northwest causing more pronounced damage at Inerarity Point.  The tornado continued across Perdido Bay into Baldwin County Alabama near Lillian.  ||the most extensive damage was at Inerarity Point to a residence on Dune Avenue.  The home lost the north half of its roof, resulting in partial collapse of the walls.  the roof appeared to be straight nailed with no hurricane straps.  Other homes suffered minor roof damage.  At approximately one mile north northwest of Dune Avenue on Garcon Boulevard, an aluminum carport with steel poles was destroyed.","Tropical Storm Lee began as a tropical wave in the Caribbean Sea during the last week of August. By the evening of Thursday, 1 September 2011, the tropical wave further developed into Tropical Depression 13. By 1 PM the following Friday afternoon, Tropical Depression Lee had formed. Lee slowly moved northward towards the south central Louisiana coastline by Saturday afternoon 3 September, while continuing to produce extremely heavy rainfall over portions of southern Louisiana, southern Mississippi, southern Alabama and the northwest Florida Panhandle. ||The outer rain-bands of Lee produced near-continuous heavy rainfall over portions of southern Alabama, southeastern Mississippi and the northwestern Florida Panhandle by early Saturday morning and that endured through early Sunday before dry air aloft wrapped into Lee���s western side. The center of Lee moved over land around sunrise Sunday, 4 September. However, it would be a while before Lee would weaken to a depression because it remained nearly stationary while the southern half of the circulation was over water where it could continue to derive additional energy from the warm ocean. The next day, Lee was eventually picked up by an upper air trough, turned northeastward and resumed a faster forward speed late in the day on Sunday, 4 September as it began its welcome exit to the northeast late Sunday through late Monday.||Lee���s impacts were far reaching across our region. Although the continuous rains became somewhat intermittent as dry air wrapped into Lee from the west, this created a situation from Sunday afternoon through midday Monday whereby individual thunderstorms became more intense due to increasing levels of atmospheric instability. Stronger thunderstorms and isolated tornadoes affected the North Central Gulf Coast Region, as they formed within the detached outer spiral rain-bands well to the east of Lee���s center on Sunday and finally to the southeast on Monday. The highest total storm tide levels (astronomical plus surge effects) ranged from approximately 3.5 to just barely over 5 feet.||While Lee was in the process of being picked up by a fast moving upper air trough, a series of squall lines that produced moderately widespread thunderstorm wind damage along and ahead of the surface cold front, as well as more isolated tornadoes, affected the area through late Monday afternoon. In all, some 10 to 15 inches of rain fell along coastal sections of Alabama and northwest Florida. Additionally, several weak tornadoes occurred producing modest structural and tree damage. There was also moderate beach erosion and the rip currents endured over a multi-day period. Inland flooding was exacerbated along the immediate coastal zone by higher tide levels due to Lee���s surge effects which created poor to no drainage of area coastal rivers, bays and sounds on during astronomical high tide cycles from 3-5 September (late night hours each day).",151
347155,BALDWIN CO.,LILLIAN,09/04/2011,222,Tornado, ,EF1,0,0,200000,0,AL,CST-6, ,57859,C,3,MOB,0,0,NWS Storm Survey, ,0.76,50,1,S,0,WNW,LILLIAN,09/04/2011,225,30.3906,-87.4509,30.4012,-87.4545,"The tornado moved off the Gulf of Mexico in Perdido Key, Florida and continued moving north-northwest into southeastern Baldwin county near Lillian.  The tornado moved off of Perdido Bay near Spanish Cove, south of Lillian.  A brick home on Clubhouse Drive was destroyed when a large tree fell on the house.  A house across the street suffered roof and chimney damage.  The tornado continued north-northwest into a K.O.A. campground, downing and snapping trees as well as rolling a recreation vehicle onto its side.  The last location of noted damage was to trees in the Spanish Cove West subdivision.","Tropical Storm Lee began as a tropical wave in the Caribbean Sea during the last week of August. By the evening of Thursday, 1 September 2011, the tropical wave further developed into Tropical Depression 13. By 1 PM the following Friday afternoon, Tropical Depression Lee had formed. Lee slowly moved northward towards the south central Louisiana coastline by Saturday afternoon 3 September, while continuing to produce extremely heavy rainfall over portions of southern Louisiana, southern Mississippi, southern Alabama and the northwest Florida Panhandle. ||The outer rain-bands of Lee produced near-continuous heavy rainfall over portions of southern Alabama, southeastern Mississippi and the northwestern Florida Panhandle by early Saturday morning and that endured through early Sunday before dry air aloft wrapped into Lee���s western side. The center of Lee moved over land around sunrise Sunday, 4 September. However, it would be a while before Lee would weaken to a depression because it remained nearly stationary while the southern half of the circulation was over water where it could continue to derive additional energy from the warm ocean. The next day, Lee was eventually picked up by an upper air trough, turned northeastward and resumed a faster forward speed late in the day on Sunday, 4 September as it began its welcome exit to the northeast late Sunday through late Monday.||Lee���s impacts were far reaching across our region. Although the continuous rains became somewhat intermittent as dry air wrapped into Lee from the west, this created a situation from Sunday afternoon through midday Monday whereby individual thunderstorms became more intense due to increasing levels of atmospheric instability. Stronger thunderstorms and isolated tornadoes affected the North Central Gulf Coast Region, as they formed within the detached outer spiral rain-bands well to the east of Lee���s center on Sunday and finally to the southeast on Monday. The highest total storm tide levels (astronomical plus surge effects) ranged from approximately 3.5 to just barely over 5 feet.||While Lee was in the process of being picked up by a fast moving upper air trough, a series of squall lines that produced moderately widespread thunderstorm wind damage along and ahead of the surface cold front, as well as more isolated tornadoes, affected the area through late Monday afternoon. In all, some 10 to 15 inches of rain fell along coastal sections of Alabama and northwest Florida. Additionally, several weak tornadoes occurred producing modest structural and tree damage. There was also moderate beach erosion and the rip currents endured over a multi-day period. Inland flooding was exacerbated along the immediate coastal zone by higher tide levels due to Lee���s surge effects which created poor to no drainage of area coastal rivers, bays and sounds on during astronomical high tide cycles from 3-5 September (late night hours each day).",152
347160,OKALOOSA CO.,CRESTVIEW,09/04/2011,415,Tornado, ,EF0,0,0,25000,0,FL,CST-6, ,57864,C,91,MOB,0,0,Other Federal Agency, ,0.78,40,3,SE,3,ESE,CRESTVIEW,09/04/2011,417,30.7229,-86.558,30.7336,-86.5536,"Tornado touched down in a subdivision off John King Road just south of Interstate 10.  At the start of the tornado path damage was observed to trees and property fences, with the windshield of an automobile knocked out by a tree limb.  The tornado moved north of Interstate 10 crossing another subdivision producing damage to several fences and the roofing of a few residences.","Tropical Storm Lee began as a tropical wave in the Caribbean Sea during the last week of August. By the evening of Thursday, 1 September 2011, the tropical wave further developed into Tropical Depression 13. By 1 PM the following Friday afternoon, Tropical Depression Lee had formed. Lee slowly moved northward towards the south central Louisiana coastline by Saturday afternoon 3 September, while continuing to produce extremely heavy rainfall over portions of southern Louisiana, southern Mississippi, southern Alabama and the northwest Florida Panhandle. ||The outer rain-bands of Lee produced near-continuous heavy rainfall over portions of southern Alabama, southeastern Mississippi and the northwestern Florida Panhandle by early Saturday morning and that endured through early Sunday before dry air aloft wrapped into Lee���s western side. The center of Lee moved over land around sunrise Sunday, 4 September. However, it would be a while before Lee would weaken to a depression because it remained nearly stationary while the southern half of the circulation was over water where it could continue to derive additional energy from the warm ocean. The next day, Lee was eventually picked up by an upper air trough, turned northeastward and resumed a faster forward speed late in the day on Sunday, 4 September as it began its welcome exit to the northeast late Sunday through late Monday.||Lee���s impacts were far reaching across our region. Although the continuous rains became somewhat intermittent as dry air wrapped into Lee from the west, this created a situation from Sunday afternoon through midday Monday whereby individual thunderstorms became more intense due to increasing levels of atmospheric instability. Stronger thunderstorms and isolated tornadoes affected the North Central Gulf Coast Region, as they formed within the detached outer spiral rain-bands well to the east of Lee���s center on Sunday and finally to the southeast on Monday. The highest total storm tide levels (astronomical plus surge effects) ranged from approximately 3.5 to just barely over 5 feet.||While Lee was in the process of being picked up by a fast moving upper air trough, a series of squall lines that produced moderately widespread thunderstorm wind damage along and ahead of the surface cold front, as well as more isolated tornadoes, affected the area through late Monday afternoon. In all, some 10 to 15 inches of rain fell along coastal sections of Alabama and northwest Florida. Additionally, several weak tornadoes occurred producing modest structural and tree damage. There was also moderate beach erosion and the rip currents endured over a multi-day period. Inland flooding was exacerbated along the immediate coastal zone by higher tide levels due to Lee���s surge effects which created poor to no drainage of area coastal rivers, bays and sounds on during astronomical high tide cycles from 3-5 September (late night hours each day).",153
348882,PEARL RIVER CO.,MC NEIL,09/04/2011,643,Tornado, ,EF1,0,0,50000,0,MS,CST-6, ,58176,C,109,LIX,0,0,NWS Storm Survey, ,0.59,100,4,SSW,3,N,CARRIERE,09/04/2011,645,30.6165,-89.6558,30.6231,-89.6621,"A weak tornado moved along an intermittent path for approximately 0.6 miles. Large tree limbs were snapped and several trees were blown down. Shingles were peeled from a garage and aluminum fascia was peeled off of an eave. The tornado also tossed a single engine Cessna aircraft that had been chained to anchors about 35 yards, severely damaging it. Additionally, a pontoon boat that had been anchored to shore, was ripped from its mooring anchors and badly damaged. Path width was approximately 100 yards. Maximum rating was low end EF1.","Tropical Storm Lee initially developed as Tropical Depression Thirteen in middle Gulf of Mexico on Thursday evening September 1st.   The depression moved slowly north and gradually strengthened, eventually reaching tropical storm strength just south of the  Louisiana coast on Friday afternoon September 2nd.  Tropical Storm Lee made only slow and haltingly northward progress over the next 24 hours eventually moving  onshore the southeast Louisiana coast Saturday night, September 3rd,  with a maximum sustained wind estimated around 60 mph.   Lee move slowly inland to north of Baton Rouge late Sunday September 4th, and eventually weakened to a tropical depression Sunday evening. ||There were three confirmed tornado touchdowns in coastal Mississippi resulting in an estimated $100,000 in property damage.",154
340141,LAMAR CO.,EPLEY,09/04/2011,705,Tornado, ,EF0,0,0,500,0,MS,CST-6, ,56774,C,73,JAN,0,0,Emergency Manager, ,0.01,40,3,ENE,3,ENE,EPLEY,09/04/2011,705,31.4,-89.48,31.4,-89.48,"A tornado briefly touched down damaging a few trees. The tornado was viewed by fire personnel who observed the minor tree damage and debris. Maximum winds were estimated at 75 mph.","Tropical Depression 13 formed on the evening of September 1, 2011 about 225 miles southwest of the mouth of the Mississippi River with maximum sustained winds of 35 mph. The depression moved very slowly, around 2 mph, across northern portions of the Gulf of Mexico. Through mid day on the 2nd, Tropical Depression 13 remained mostly stationary over the northern Gulf of Mexico, drenching Louisiana with several inches of rain. Around 1 pm on the 2nd, the depression was found to have strengthened to Tropical Storm strength by both Air Force Hurricane Hunter aircraft and local observations on oil rigs, becoming the 12th named storm of 2011. Tropical Storm Lee as it was named, had moved little and was located about 210 miles to the southwest of the mouth of the Mississippi River. Maximum sustained winds of 40 mph were found with the newly named tropical storm and a minimum central pressure of 1003 mb.||Lee continued to move very slowly on the 2nd and 3rd, while heavy rain and strong winds continued to lash southern Louisiana. By mid day on the 3rd, Lee stalled south of the Louisiana coast with sustained winds around 60 mph. Lee continued to meander just along or south of the Louisiana coast through the remainder of the day on the 3rd. During the early morning hours of the 4th, Tropical Storm Lee finally made landfall near Vermillion Bay, LA, with maximum sustained wind speeds of 45 mph. However, Lee was still moving very slowly to the north northeast, dumping large quantities of rain and spawning tornadoes across portions of southern Louisiana, southeastern Mississippi and other portions of the Gulf Coast. ||As the center of Lee continued to trek northward, heavy rain bands spiraled across much of central Mississippi producing significant flooding issues. Rainfall amounts of 4 to 10 inches were common across the NWS Jackson County Warning Area, with a few locations reporting amounts of 10 to 13 inches. Significant flash flooding was reported in the Jackson metro area, along with a few locations in southern Mississippi. Reports from emergency manager officials indicated that at least 50 homes, 60 apartment units and several other buildings were flooded by Monday morning. Numerous vehicles in the Jackson area were flooded, primarily in low-lying parking spots. Dozens of roads and bridges were washed out in central Mississippi. U.S. Highway 80 and Interstate 20 east of Jackson were both closed due to high water. Locations in the Mississippi Delta, northeast Louisiana and southeast Arkansas saw the least amount of rainfall, with amounts generally ranging from one half of an inch to 2 inches. Rivers responded to the large volume of rain, with many points on the Pearl River rising to minor to low-end moderate flooding. Other smaller creeks also came close to flood stage. ||In addition to the significant rainfall and flooding, tornadoes also occurred with Tropical Storm Lee. Four confirmed tornadoes occurred in the Jackson County Warning Area. As is the case with most tropical systems, these tornadoes were very brief and fairly weak. Much of the damage was EF-0 type damage, with mostly trees and limbs coming down. The strongest tornado was rated EF-1 near Collins, MS. Some structural damage occurred along with tree damage. This tornado tracked for 3 miles with maximum estimated winds at 90 mph.||Around 10pm on September 4th, Lee was downgraded to a Tropical Depression with maximum sustained winds of 35 mph. However, these winds were occurring well to the south and southeast of the center out over the Gulf of Mexico. The weakened cyclone was located about 55 miles to the west southwest of McComb, MS. The remnants of Lee got caught up with an approaching cold front and moved quickly to the northeast, dumping rainfall on the Mid-Atlantic region that was doused by Hurricane Irene only a week prior.||Select rainfall totals(inches) from across central Mississippi include Florence, MS(13.55), Forest, MS(12.82), Walnut Grove(12.59), 8mi south Philadelphia, MS(12.03), 5mi east Philadelphia, MS(12.00), 8mi west southwest Hattiesburg, MS(11.64), Prentiss, MS(11.33), and at the Jackson International Airport(11.15).",155
338707,BAY CO.,VICKSBURG,09/04/2011,932,Tornado, ,EF0,0,0,0,0,FL,CST-6, ,55278,C,5,TAE,0,0,Public, ,1.05,25,7,NNW,8,NNW,VICKSBURG,09/04/2011,935,30.4209,-85.6946,30.4357,-85.6906,"The public reported a tornado near Highway 20 around Crystal Lake.  The tornado dissipated as it crossed the highway.  No known damage occurred.  This tornado was associated with the outer feeder bands from the remnants of Tropical Storm Lee.","A fairly widespread outbreak of severe thunderstorms occurred on Labor Day across much of the NWS Tallahassee County Warning Area (CWA).  This event was forced by unseasonably strong wind fields associated with a potent extra-tropical cyclone that was formerly Tropical Storm Lee.  Post-tropical cyclone Lee was moving slowly toward the east-northeast along the north central Gulf Coast during the morning hours of September 5, 2011.  By 3:00 pm EDT (1900 UTC), the cyclone was centered near Mobile Bay.  It was at this point that the system finally began to accelerate off to the northeast.  While tornadoes were initially considered to be the primary threat, examination of a special 1800 UTC KTAE sounding showed that low level winds had veered and that the flow was unidirectional through a deep layer.  WFO Tallahassee coordinated with the Storm Prediction Center (SPC) to replace the existing tornado watch with a severe thunderstorm watch at 4:00 pm EDT (2000 UTC).  WFO Tallahassee issued a total of 35 convective warnings during the event along with several special marine warnings.  A total of 52 severe weather reports were received across southeast Alabama, southwest and south central Georgia, and the Florida panhandle and big bend.  ||Aside from the severe weather, the forecast area experienced other peripheral impacts from post-tropical storm Lee. Widespread storm-total rainfall of 3 to 6 inches was measured across the Florida panhandle and big bend, with 1 to 2 inch totals more common across the Alabama and Georgia portions of the CWA.  The Apalachicola and Cedar Key tide gauges showed that tidal departures ran just over 2 feet above normal along the Florida big bend coastline during the high tide cycle of Tuesday morning, September 6. For the most part, flooding was avoided. The water rose up to the top of the sea walls in Dixie County, and there was some minor flooding in Wakulla County where the emergency manager reported about a 2-inch over-wash in St. Marks on Old Fort Rd.  The pressure gradient associated with Post-Tropical Storm Lee produced occasional strong wind gusts across Wakulla county for around 10 hours.  These strong wind gusts, combined with periods of heavy rain and wet soils, led to numerous trees and power lines falling throughout the day and into the evening hours.  The emergency manager reported a total of 16 trees down and 28 power lines down by the end of the day.  Of those 28 power lines, 10 of them sparked fires as a result of blowing down.",156
348883,HARRISON CO.,LYMAN,09/04/2011,1142,Tornado, ,EF1,0,0,20000,0,MS,CST-6, ,58176,C,47,LIX,0,0,NWS Storm Survey, ,3.64,75,3,N,2,NW,WORTHAM,09/04/2011,1150,30.5434,-89.12,30.5875,-89.1535,"A weak tornado moved along an intermittent path for about 3.6 miles. Large tree limbs were snapped, several trees were blown down and fences blown down. Roof damage to several homes occurred, as well as mobile home damage. Damage path was 3.6 miles, path width 75 yards. Maximum rating low end EF1.","Tropical Storm Lee initially developed as Tropical Depression Thirteen in middle Gulf of Mexico on Thursday evening September 1st.   The depression moved slowly north and gradually strengthened, eventually reaching tropical storm strength just south of the  Louisiana coast on Friday afternoon September 2nd.  Tropical Storm Lee made only slow and haltingly northward progress over the next 24 hours eventually moving  onshore the southeast Louisiana coast Saturday night, September 3rd,  with a maximum sustained wind estimated around 60 mph.   Lee move slowly inland to north of Baton Rouge late Sunday September 4th, and eventually weakened to a tropical depression Sunday evening. ||There were three confirmed tornado touchdowns in coastal Mississippi resulting in an estimated $100,000 in property damage.",157
347950,ETOWAH CO.,RAINBOW CITY,09/04/2011,1450,Tornado, ,EF0,0,0,30000,0,AL,CST-6, ,57649,C,55,BMX,0,0,NWS Storm Survey, ,0.7,50,1,W,1,WNW,RAINBOW CITY,09/04/2011,1451,33.9481,-86.0423,33.9577,-86.0463,"An EF0 tornado, associated with Tropical Storm Lee, with estimated peak winds of 80 MPH touched down in Rainbow City.  After touching down near Hill St, the tornado took a turn to the northwest, crossing U.S. Highway 411 west of Bland St. The tornado turn back to the north and lifted near Irene St., west of Alabama Highway 77. Ten to 15 pine trees were snapped and a few hardwood trees were uprooted. Several HVAC units were blown off the roof of Rainbow City Hall on U.S. Highway 411 and minor structural damage occurred at the Spring Lake Lodge Apartments.","A tropical depression developed in the Gulf of Mexico on Thursday, September 1 and strengthened as it remained nearly stationary becoming Tropical Storm Lee Friday afternoon, September 2. Tropical Storm Lee slowly moved northward toward the central Louisiana coast, eventually making landfall Sunday, September 4 near Vermillion Bay, LA, with maximum sustained wind speeds of 45 mph. Rain bands spread northward into Central Alabama Saturday afternoon, September 3, skirting the southwest corner of the area for approximately 6 hours before pushing further north across west Central Alabama. Moderate to heavy rainfall finally moved into other portions of the area overnight and continued through Sunday, September 4. Lee was downgraded to an extratropical cyclone early Monday morning, September 5. As the remnants of Lee interacted with an approaching cold front, heavy rainfall and gusty winds continued to affect Central Alabama through late Monday evening, September 7.  ||The remnants of Tropical Storm Lee brought beneficial rainfall to Central Alabama over several days. However, an extended period of heavy rainfall led to significant flash flooding across portions of north Central Alabama, including the Birmingham metro area. First Responders across the Birmingham area conducted at least 30 water rescues as heavy rainfall caused widespread urban flooding and area creeks to rise out their banks, flooding nearby streets and neighborhoods. In addition, two tornadoes touched down and strong gradient winds caused widespread damage across many counties. ||An area of maximum rainfall stretched from southwest to northeast along and north of the Interstate 59 corridor, with more than 8 inches of event total rainfall in many locations. The Birmingham-Shuttlesworth International Airport set a new record for maximum daily rainfall with 7.11 inches on Monday, September 5. The previous record was 2.1 inches set in 1949. Longtime COOP Observer in Pinson Alabama, James B. Price, has been taking observations since January 1, 1951. The remnants of Tropical Storm Lee set a new record daily maximum rainfall of 8.94 inches on Monday, September 5 in Pinson. The previous record for September 5 was 1.2 inches set in 1968. Also, the 8.94 inches on September 5, 2011 breaks the all time record of rainfall received on any calendar day in Pinson. The previous record was 6.85 inches set on March 19, 1970.",158
346666,MONTGOMERY CO.,SOUTH AMSTERDAM,09/04/2011,1620,Tornado, ,EF1,0,0,0,0,NY,EST-5, ,57766,C,57,ALY,0,0,NWS Storm Survey, ,2.2,880,2,SE,0,S,CRANESVILLE,09/04/2011,1625,42.8982,-74.1678,42.9139,-74.1301,"A tornado touched down in the Town of Florida in Montgomery County. It moved northeast to the western end of Glenville in Schenectady County. Damage was extensive along the entire path length, with the worst damage in the Town of Cranesville in Montgomery County. Damage included numerous trees snapped off and uprooted, broken windows to homes, shingles stripped off roof tops, and some houses which had parts of their roofs torn off. Numerous sheds and out buildings were destroyed. The tornado was caught on video from the Mohawk Travel Plaza rest area on the New York State Thruway.","A warm, moist and unstable airmass was in place across the region with a slow moving cold front approaching from the Great Lakes Region. A pre-frontal trough developed ahead of the approaching cold front Sunday afternoon, September 4th, and this, in combination with the approach of an upper level trough, triggered convection across east central New York during the mid afternoon into the early evening. The storms produced very heavy rainfall which resulted in some flash flooding. The severe thunderstorms produced damaging winds. A supercell developed over Montgomery County, where a tornado touched down before tracking northeastward into Schenectady County.",159
346667,SCHENECTADY CO.,GLENVILLE,09/04/2011,1625,Tornado, ,EF1,0,0,0,0,NY,EST-5, ,57766,C,93,ALY,0,0,NWS Storm Survey, ,4.77,880,3,W,2,NNE,GLENVILLE,09/04/2011,1635,42.9139,-74.1301,42.9484,-74.0484,"A tornado touched down in the Town of Florida in Montgomery County. It moved northeast to the western end of Glenville in Schenectady County. Damage was extensive along the entire path length, with the worst damage in the Town of Cranesville in Montgomery County. Damage included numerous trees snapped off and uprooted, broken windows to homes, shingles stripped off roof tops, and some houses which had parts of their roofs torn off. Numerous sheds and out buildings were destroyed.","A warm, moist and unstable airmass was in place across the region with a slow moving cold front approaching from the Great Lakes Region. A pre-frontal trough developed ahead of the approaching cold front Sunday afternoon, September 4th, and this, in combination with the approach of an upper level trough, triggered convection across east central New York during the mid afternoon into the early evening. The storms produced very heavy rainfall which resulted in some flash flooding. The severe thunderstorms produced damaging winds. A supercell developed over Montgomery County, where a tornado touched down before tracking northeastward into Schenectady County.",160
347143,STONE CO.,TEN MILE,09/04/2011,1810,Tornado, ,EF1,0,1,100000,0,MS,CST-6, ,57858,C,131,MOB,0,0,NWS Storm Survey, ,8.76,100,1,W,1,WSW,BOND,09/04/2011,1820,30.7677,-89.1647,30.8945,-89.165,"The tornado touched down just north of Bankston Road which is just west of the town of Perkinston.  The tornado moved north and lifted in the town of Bond near the intersection of U.S. Highway 49 and Pump Branch Road.  The path length was approximately 9 miles, but was not always fully in contact with the ground and became very narrow in several places.  Numerous trees were blown over or snapped with several trees snapped off at the top.  Two residences suffered damage from the tornado.  A double-wide mobile home on Sumrall Road west of Perkinston lost 40 percent of its roof.  The mobile home was also shifted off its concrete masonry unit piers, consistent with EF-1 intensity damage with winds between 86 MPH and 110 MPH.  One adult male was injured in the mobile home, suffering cuts and abrasions to his arms.  A single-wide mobile home, on College Avenue West, was severely damaged when a large tree fell on it.","Tropical Storm Lee began as a tropical wave in the Caribbean Sea during the last week of August. By the evening of Thursday, 1 September 2011, the tropical wave further developed into Tropical Depression 13. By 1 PM the following Friday afternoon, Tropical Depression Lee had formed. Lee slowly moved northward towards the south central Louisiana coastline by Saturday afternoon 3 September, while continuing to produce extremely heavy rainfall over portions of southern Louisiana, southern Mississippi, southern Alabama and the northwest Florida Panhandle. ||The outer rain-bands of Lee produced near-continuous heavy rainfall over portions of southern Alabama, southeastern Mississippi and the northwestern Florida Panhandle by early Saturday morning and that endured through early Sunday before dry air aloft wrapped into Lee���s western side. The center of Lee moved over land around sunrise Sunday, 4 September. However, it would be a while before Lee would weaken to a depression because it remained nearly stationary while the southern half of the circulation was over water where it could continue to derive additional energy from the warm ocean. The next day, Lee was eventually picked up by an upper air trough, turned northeastward and resumed a faster forward speed late in the day on Sunday, 4 September as it began its welcome exit to the northeast late Sunday through late Monday.||Lee���s impacts were far reaching across our region. Although the continuous rains became somewhat intermittent as dry air wrapped into Lee from the west, this created a situation from Sunday afternoon through midday Monday whereby individual thunderstorms became more intense due to increasing levels of atmospheric instability. Stronger thunderstorms and isolated tornadoes affected the North Central Gulf Coast Region, as they formed within the detached outer spiral rain-bands well to the east of Lee���s center on Sunday and finally to the southeast on Monday. The highest total storm tide levels (astronomical plus surge effects) ranged from approximately 3.5 to just barely over 5 feet.||While Lee was in the process of being picked up by a fast moving upper air trough, a series of squall lines that produced moderately widespread thunderstorm wind damage along and ahead of the surface cold front, as well as more isolated tornadoes, affected the area through late Monday afternoon. In all, some 10 to 15 inches of rain fell along coastal sections of Alabama and northwest Florida. Additionally, several weak tornadoes occurred producing modest structural and tree damage. There was also moderate beach erosion and the rip currents endured over a multi-day period. Inland flooding was exacerbated along the immediate coastal zone by higher tide levels due to Lee���s surge effects which created poor to no drainage of area coastal rivers, bays and sounds on during astronomical high tide cycles from 3-5 September (late night hours each day).",161
340143,FORREST CO.,MC LAURIN,09/04/2011,1845,Tornado, ,EF0,0,0,500,0,MS,CST-6, ,56774,C,35,JAN,0,0,Public, ,0.01,40,4,NW,4,NW,MC LAURIN,09/04/2011,1845,31.2109,-89.2679,31.2109,-89.2679,"The public observed a brief tornado touchdown off Highway 49 near Camp Shelby. Maximum winds were estimated at 70 mph.","Tropical Depression 13 formed on the evening of September 1, 2011 about 225 miles southwest of the mouth of the Mississippi River with maximum sustained winds of 35 mph. The depression moved very slowly, around 2 mph, across northern portions of the Gulf of Mexico. Through mid day on the 2nd, Tropical Depression 13 remained mostly stationary over the northern Gulf of Mexico, drenching Louisiana with several inches of rain. Around 1 pm on the 2nd, the depression was found to have strengthened to Tropical Storm strength by both Air Force Hurricane Hunter aircraft and local observations on oil rigs, becoming the 12th named storm of 2011. Tropical Storm Lee as it was named, had moved little and was located about 210 miles to the southwest of the mouth of the Mississippi River. Maximum sustained winds of 40 mph were found with the newly named tropical storm and a minimum central pressure of 1003 mb.||Lee continued to move very slowly on the 2nd and 3rd, while heavy rain and strong winds continued to lash southern Louisiana. By mid day on the 3rd, Lee stalled south of the Louisiana coast with sustained winds around 60 mph. Lee continued to meander just along or south of the Louisiana coast through the remainder of the day on the 3rd. During the early morning hours of the 4th, Tropical Storm Lee finally made landfall near Vermillion Bay, LA, with maximum sustained wind speeds of 45 mph. However, Lee was still moving very slowly to the north northeast, dumping large quantities of rain and spawning tornadoes across portions of southern Louisiana, southeastern Mississippi and other portions of the Gulf Coast. ||As the center of Lee continued to trek northward, heavy rain bands spiraled across much of central Mississippi producing significant flooding issues. Rainfall amounts of 4 to 10 inches were common across the NWS Jackson County Warning Area, with a few locations reporting amounts of 10 to 13 inches. Significant flash flooding was reported in the Jackson metro area, along with a few locations in southern Mississippi. Reports from emergency manager officials indicated that at least 50 homes, 60 apartment units and several other buildings were flooded by Monday morning. Numerous vehicles in the Jackson area were flooded, primarily in low-lying parking spots. Dozens of roads and bridges were washed out in central Mississippi. U.S. Highway 80 and Interstate 20 east of Jackson were both closed due to high water. Locations in the Mississippi Delta, northeast Louisiana and southeast Arkansas saw the least amount of rainfall, with amounts generally ranging from one half of an inch to 2 inches. Rivers responded to the large volume of rain, with many points on the Pearl River rising to minor to low-end moderate flooding. Other smaller creeks also came close to flood stage. ||In addition to the significant rainfall and flooding, tornadoes also occurred with Tropical Storm Lee. Four confirmed tornadoes occurred in the Jackson County Warning Area. As is the case with most tropical systems, these tornadoes were very brief and fairly weak. Much of the damage was EF-0 type damage, with mostly trees and limbs coming down. The strongest tornado was rated EF-1 near Collins, MS. Some structural damage occurred along with tree damage. This tornado tracked for 3 miles with maximum estimated winds at 90 mph.||Around 10pm on September 4th, Lee was downgraded to a Tropical Depression with maximum sustained winds of 35 mph. However, these winds were occurring well to the south and southeast of the center out over the Gulf of Mexico. The weakened cyclone was located about 55 miles to the west southwest of McComb, MS. The remnants of Lee got caught up with an approaching cold front and moved quickly to the northeast, dumping rainfall on the Mid-Atlantic region that was doused by Hurricane Irene only a week prior.||Select rainfall totals(inches) from across central Mississippi include Florence, MS(13.55), Forest, MS(12.82), Walnut Grove(12.59), 8mi south Philadelphia, MS(12.03), 5mi east Philadelphia, MS(12.00), 8mi west southwest Hattiesburg, MS(11.64), Prentiss, MS(11.33), and at the Jackson International Airport(11.15).",162
340144,COVINGTON CO.,WILLIAMSBURG,09/04/2011,1905,Tornado, ,EF1,0,0,25000,0,MS,CST-6, ,56774,C,31,JAN,0,0,NWS Storm Survey, ,3.93,50,2,SSE,3,WSW,GANDSI,09/04/2011,1909,31.5956,-89.6024,31.5607,-89.5496,"Two barns were heavily damaged along the tornado path. One home suffered minor roof and structural damage. A number of trees were snapped and uprooted. A wooden light pole was snapped and a couple of power lines downed. Maximum winds were estimated at 90 mph.","Tropical Depression 13 formed on the evening of September 1, 2011 about 225 miles southwest of the mouth of the Mississippi River with maximum sustained winds of 35 mph. The depression moved very slowly, around 2 mph, across northern portions of the Gulf of Mexico. Through mid day on the 2nd, Tropical Depression 13 remained mostly stationary over the northern Gulf of Mexico, drenching Louisiana with several inches of rain. Around 1 pm on the 2nd, the depression was found to have strengthened to Tropical Storm strength by both Air Force Hurricane Hunter aircraft and local observations on oil rigs, becoming the 12th named storm of 2011. Tropical Storm Lee as it was named, had moved little and was located about 210 miles to the southwest of the mouth of the Mississippi River. Maximum sustained winds of 40 mph were found with the newly named tropical storm and a minimum central pressure of 1003 mb.||Lee continued to move very slowly on the 2nd and 3rd, while heavy rain and strong winds continued to lash southern Louisiana. By mid day on the 3rd, Lee stalled south of the Louisiana coast with sustained winds around 60 mph. Lee continued to meander just along or south of the Louisiana coast through the remainder of the day on the 3rd. During the early morning hours of the 4th, Tropical Storm Lee finally made landfall near Vermillion Bay, LA, with maximum sustained wind speeds of 45 mph. However, Lee was still moving very slowly to the north northeast, dumping large quantities of rain and spawning tornadoes across portions of southern Louisiana, southeastern Mississippi and other portions of the Gulf Coast. ||As the center of Lee continued to trek northward, heavy rain bands spiraled across much of central Mississippi producing significant flooding issues. Rainfall amounts of 4 to 10 inches were common across the NWS Jackson County Warning Area, with a few locations reporting amounts of 10 to 13 inches. Significant flash flooding was reported in the Jackson metro area, along with a few locations in southern Mississippi. Reports from emergency manager officials indicated that at least 50 homes, 60 apartment units and several other buildings were flooded by Monday morning. Numerous vehicles in the Jackson area were flooded, primarily in low-lying parking spots. Dozens of roads and bridges were washed out in central Mississippi. U.S. Highway 80 and Interstate 20 east of Jackson were both closed due to high water. Locations in the Mississippi Delta, northeast Louisiana and southeast Arkansas saw the least amount of rainfall, with amounts generally ranging from one half of an inch to 2 inches. Rivers responded to the large volume of rain, with many points on the Pearl River rising to minor to low-end moderate flooding. Other smaller creeks also came close to flood stage. ||In addition to the significant rainfall and flooding, tornadoes also occurred with Tropical Storm Lee. Four confirmed tornadoes occurred in the Jackson County Warning Area. As is the case with most tropical systems, these tornadoes were very brief and fairly weak. Much of the damage was EF-0 type damage, with mostly trees and limbs coming down. The strongest tornado was rated EF-1 near Collins, MS. Some structural damage occurred along with tree damage. This tornado tracked for 3 miles with maximum estimated winds at 90 mph.||Around 10pm on September 4th, Lee was downgraded to a Tropical Depression with maximum sustained winds of 35 mph. However, these winds were occurring well to the south and southeast of the center out over the Gulf of Mexico. The weakened cyclone was located about 55 miles to the west southwest of McComb, MS. The remnants of Lee got caught up with an approaching cold front and moved quickly to the northeast, dumping rainfall on the Mid-Atlantic region that was doused by Hurricane Irene only a week prior.||Select rainfall totals(inches) from across central Mississippi include Florence, MS(13.55), Forest, MS(12.82), Walnut Grove(12.59), 8mi south Philadelphia, MS(12.03), 5mi east Philadelphia, MS(12.00), 8mi west southwest Hattiesburg, MS(11.64), Prentiss, MS(11.33), and at the Jackson International Airport(11.15).",163
340147,SMITH CO.,PINEVILLE,09/04/2011,2145,Tornado, ,EF0,0,0,3000,0,MS,CST-6, ,56774,C,129,JAN,0,0,NWS Storm Survey, ,0.6,50,4,SE,3,SE,PINEVILLE,09/04/2011,2146,32.0911,-89.3541,32.0973,-89.3613,"Several trees were blown down and several large limbs were snapped along the path. Maximum winds were estimated at 70 mph.","Tropical Depression 13 formed on the evening of September 1, 2011 about 225 miles southwest of the mouth of the Mississippi River with maximum sustained winds of 35 mph. The depression moved very slowly, around 2 mph, across northern portions of the Gulf of Mexico. Through mid day on the 2nd, Tropical Depression 13 remained mostly stationary over the northern Gulf of Mexico, drenching Louisiana with several inches of rain. Around 1 pm on the 2nd, the depression was found to have strengthened to Tropical Storm strength by both Air Force Hurricane Hunter aircraft and local observations on oil rigs, becoming the 12th named storm of 2011. Tropical Storm Lee as it was named, had moved little and was located about 210 miles to the southwest of the mouth of the Mississippi River. Maximum sustained winds of 40 mph were found with the newly named tropical storm and a minimum central pressure of 1003 mb.||Lee continued to move very slowly on the 2nd and 3rd, while heavy rain and strong winds continued to lash southern Louisiana. By mid day on the 3rd, Lee stalled south of the Louisiana coast with sustained winds around 60 mph. Lee continued to meander just along or south of the Louisiana coast through the remainder of the day on the 3rd. During the early morning hours of the 4th, Tropical Storm Lee finally made landfall near Vermillion Bay, LA, with maximum sustained wind speeds of 45 mph. However, Lee was still moving very slowly to the north northeast, dumping large quantities of rain and spawning tornadoes across portions of southern Louisiana, southeastern Mississippi and other portions of the Gulf Coast. ||As the center of Lee continued to trek northward, heavy rain bands spiraled across much of central Mississippi producing significant flooding issues. Rainfall amounts of 4 to 10 inches were common across the NWS Jackson County Warning Area, with a few locations reporting amounts of 10 to 13 inches. Significant flash flooding was reported in the Jackson metro area, along with a few locations in southern Mississippi. Reports from emergency manager officials indicated that at least 50 homes, 60 apartment units and several other buildings were flooded by Monday morning. Numerous vehicles in the Jackson area were flooded, primarily in low-lying parking spots. Dozens of roads and bridges were washed out in central Mississippi. U.S. Highway 80 and Interstate 20 east of Jackson were both closed due to high water. Locations in the Mississippi Delta, northeast Louisiana and southeast Arkansas saw the least amount of rainfall, with amounts generally ranging from one half of an inch to 2 inches. Rivers responded to the large volume of rain, with many points on the Pearl River rising to minor to low-end moderate flooding. Other smaller creeks also came close to flood stage. ||In addition to the significant rainfall and flooding, tornadoes also occurred with Tropical Storm Lee. Four confirmed tornadoes occurred in the Jackson County Warning Area. As is the case with most tropical systems, these tornadoes were very brief and fairly weak. Much of the damage was EF-0 type damage, with mostly trees and limbs coming down. The strongest tornado was rated EF-1 near Collins, MS. Some structural damage occurred along with tree damage. This tornado tracked for 3 miles with maximum estimated winds at 90 mph.||Around 10pm on September 4th, Lee was downgraded to a Tropical Depression with maximum sustained winds of 35 mph. However, these winds were occurring well to the south and southeast of the center out over the Gulf of Mexico. The weakened cyclone was located about 55 miles to the west southwest of McComb, MS. The remnants of Lee got caught up with an approaching cold front and moved quickly to the northeast, dumping rainfall on the Mid-Atlantic region that was doused by Hurricane Irene only a week prior.||Select rainfall totals(inches) from across central Mississippi include Florence, MS(13.55), Forest, MS(12.82), Walnut Grove(12.59), 8mi south Philadelphia, MS(12.03), 5mi east Philadelphia, MS(12.00), 8mi west southwest Hattiesburg, MS(11.64), Prentiss, MS(11.33), and at the Jackson International Airport(11.15).",164
350145,HALE CO.,HOGGLESVILLE,09/05/2011,1100,Tornado, ,EF0,0,0,12000,0,AL,CST-6, ,57649,C,65,BMX,0,0,Emergency Manager, ,3.43,50,5,SSW,2,SSW,HOGGLESVILLE,09/05/2011,1104,32.7789,-87.4965,32.8279,-87.4872,"An EF0 tornado, associated with the remnants of Tropical Storm Lee, with estimated peak winds of 70 MPH touched down approximately 8 miles northeast of Greensboro, near the intersection of County Road 32 and County Road 51. The tornado moved north-northeast, parallel to Alabama Highway 25, and lifted just north of Starling Rd. The tornado snapped off or uprooted several trees. The downed trees caused roof damage to a house and a small storage barn. The metal roof panels of another outbuilding were torn off.","A tropical depression developed in the Gulf of Mexico on Thursday, September 1 and strengthened as it remained nearly stationary becoming Tropical Storm Lee Friday afternoon, September 2. Tropical Storm Lee slowly moved northward toward the central Louisiana coast, eventually making landfall Sunday, September 4 near Vermillion Bay, LA, with maximum sustained wind speeds of 45 mph. Rain bands spread northward into Central Alabama Saturday afternoon, September 3, skirting the southwest corner of the area for approximately 6 hours before pushing further north across west Central Alabama. Moderate to heavy rainfall finally moved into other portions of the area overnight and continued through Sunday, September 4. Lee was downgraded to an extratropical cyclone early Monday morning, September 5. As the remnants of Lee interacted with an approaching cold front, heavy rainfall and gusty winds continued to affect Central Alabama through late Monday evening, September 7.  ||The remnants of Tropical Storm Lee brought beneficial rainfall to Central Alabama over several days. However, an extended period of heavy rainfall led to significant flash flooding across portions of north Central Alabama, including the Birmingham metro area. First Responders across the Birmingham area conducted at least 30 water rescues as heavy rainfall caused widespread urban flooding and area creeks to rise out their banks, flooding nearby streets and neighborhoods. In addition, two tornadoes touched down and strong gradient winds caused widespread damage across many counties. ||An area of maximum rainfall stretched from southwest to northeast along and north of the Interstate 59 corridor, with more than 8 inches of event total rainfall in many locations. The Birmingham-Shuttlesworth International Airport set a new record for maximum daily rainfall with 7.11 inches on Monday, September 5. The previous record was 2.1 inches set in 1949. Longtime COOP Observer in Pinson Alabama, James B. Price, has been taking observations since January 1, 1951. The remnants of Tropical Storm Lee set a new record daily maximum rainfall of 8.94 inches on Monday, September 5 in Pinson. The previous record for September 5 was 1.2 inches set in 1968. Also, the 8.94 inches on September 5, 2011 breaks the all time record of rainfall received on any calendar day in Pinson. The previous record was 6.85 inches set on March 19, 1970.",165
338722,JACKSON CO.,DELLWOOD,09/05/2011,1157,Tornado, ,EF0,0,0,1000,0,FL,CST-6, ,55278,C,63,TAE,0,0,Public, ,0.35,25,2,SSE,2,SE,DELLWOOD,09/05/2011,1158,30.79,-85.03,30.7951,-85.0305,"A brief tornado touchdown occurred near 3164 Highway 69 NE.  The public reported seeing a condensation funnel with trees uprooted and a farm tractor moved.  The report was relayed by the Florida State Watch Office.  This tornado occurred in association with the outer feeder bands of the remnants of Tropical Storm Lee.  Monetary damage was estimated.","A fairly widespread outbreak of severe thunderstorms occurred on Labor Day across much of the NWS Tallahassee County Warning Area (CWA).  This event was forced by unseasonably strong wind fields associated with a potent extra-tropical cyclone that was formerly Tropical Storm Lee.  Post-tropical cyclone Lee was moving slowly toward the east-northeast along the north central Gulf Coast during the morning hours of September 5, 2011.  By 3:00 pm EDT (1900 UTC), the cyclone was centered near Mobile Bay.  It was at this point that the system finally began to accelerate off to the northeast.  While tornadoes were initially considered to be the primary threat, examination of a special 1800 UTC KTAE sounding showed that low level winds had veered and that the flow was unidirectional through a deep layer.  WFO Tallahassee coordinated with the Storm Prediction Center (SPC) to replace the existing tornado watch with a severe thunderstorm watch at 4:00 pm EDT (2000 UTC).  WFO Tallahassee issued a total of 35 convective warnings during the event along with several special marine warnings.  A total of 52 severe weather reports were received across southeast Alabama, southwest and south central Georgia, and the Florida panhandle and big bend.  ||Aside from the severe weather, the forecast area experienced other peripheral impacts from post-tropical storm Lee. Widespread storm-total rainfall of 3 to 6 inches was measured across the Florida panhandle and big bend, with 1 to 2 inch totals more common across the Alabama and Georgia portions of the CWA.  The Apalachicola and Cedar Key tide gauges showed that tidal departures ran just over 2 feet above normal along the Florida big bend coastline during the high tide cycle of Tuesday morning, September 6. For the most part, flooding was avoided. The water rose up to the top of the sea walls in Dixie County, and there was some minor flooding in Wakulla County where the emergency manager reported about a 2-inch over-wash in St. Marks on Old Fort Rd.  The pressure gradient associated with Post-Tropical Storm Lee produced occasional strong wind gusts across Wakulla county for around 10 hours.  These strong wind gusts, combined with periods of heavy rain and wet soils, led to numerous trees and power lines falling throughout the day and into the evening hours.  The emergency manager reported a total of 16 trees down and 28 power lines down by the end of the day.  Of those 28 power lines, 10 of them sparked fires as a result of blowing down.",166
346394,CHEROKEE CO.,WOODSTOCK,09/05/2011,1411,Tornado, ,EF1,0,1,17000000,0,GA,EST-5, ,57632,C,57,FFC,0,0,NWS Storm Survey, ,23.47,440,3,WSW,4,NNE,BALL GROUND,09/05/2011,1447,34.0829,-84.5627,34.3799,-84.3634,"A damage survey conducted by the National Weather Service Forecast Office in Peachtree City, Georgia and the Cherokee County Emergency Manager confirmed that an EF1 tornado, spawned by strong shear associated with the remnants of Tropical Storm Lee, touched down in southern Cherokee county, just south of the Dixie Speedway, or just west of Woodstock, then tracked north-northeast across eastern Cherokee county before moving into southeastern Pickens county near the city of Nelson.  The tornado, with a semi-continuous path nearly 24 miles long across Cherokee county, had a maximum path width of 1/4 mile and maximum wind gusts of 90 mph.  The tornado caused extensive damage to homes and business across eastern Cherokee county.  The Brookshire and Town Lake Hills South subdivisions sustained much of the structural damage within the county.  The Dixie Speedway, just west of Woodstock, suffered extensive damage as well.  A number of recreational vehicles and boats were parked at the facility in anticipation of an event.  Dozens of these were overturned and destroyed by the tornado.  Over 600 single-family homes sustained some form of structural damage, with seven of these homes completely destroyed.  One injury was confirmed at one of the heavily damaged homes.  A total of 148 homes sustained major damage and 269 sustained minor damage.  In addition, six apartment units sustained damage, with three of these classified as having major damage.  Twenty commercial businesses were affected by the tornado, three of which were destroyed.  Sixteen of these businesses suffered major damage.  Finally, three churches sustained damage, two of which suffered major damage.  In addition to the structural damage, hundreds of trees were damaged or destroyed by the tornado, many of which subsequently caused damage to adjacent structures and dozens of vehicles.||[09/05/11: Tornado #1, County #1-2, EF1, Cherokee-Pickens, 2011:025].","Tropical Storm Lee formed from a persistent low pressure area off the upper Texas and Louisiana coasts on the south side of a mammoth subtropical ridge centered across the eastern Ohio valley.  This occurred during the late few days of August.  The system slowly intensified under weak steering currents and moved onshore the Louisiana coast on the 3rd.  Tropical Storm Lee was extremely slow moving at this point and consequently dumped excessive rainfall across southeast Louisiana.  A sharp upper trough began to take shape in the central U.S. on September 4th as upper energy dug southeast from Canada.  As this occurred, the remnants of Lee began to accelerate northeastward in association with the advancing upper trough.  The remnants of Lee traveled very quickly along the advancing front, racing across Georgia on the 5th.  Rain bands began to affect the area late on the 4th, but most of these were light to moderate.  On the 5th, persistent heavy rain impacted northwest Georgia and resulted in minor flooding.  Despite widespread rainfall of four to five inches across northwest Georgia with localized six to eight inches, the ongoing drought across the state resulted in minimal impacts of the heavy rain on the area,  The bigger problems came during the afternoon of the 5th when an area of strong shear, associated with the remnants of Lee, tracked from southwest to northeast across the area.  This combined with an unstable atmosphere as breaks in the clouds allowed temperatures to warm into the lower 80s.  Numerous strong thunderstorm cells developed quickly and tracked first from the Columbus area and west central Georgia into northeast Georgia.  Strong mesocyclones were indicated in many of these cells and prompted dozens of tornado warnings.  However, only one thunderstorm cell actually netted a tornado, which caused considerable damage in Cherokee county, just northwest of Atlanta.||As the outer remnant feeder bands moved away from the area during the mid-evening, the remnant core of Tropical Storm Lee passed by just to the west across northwest Alabama.  A two to three hour window of strong winds gusting to 35 to 40 mph were observed in several northwest Georgia counties as this occurred causing damage to dozens of trees and a number of power lines during this time frame.",167
346714,PICKENS CO.,NELSON,09/05/2011,1447,Tornado, ,EF1,0,0,3000000,0,GA,EST-5, ,57632,C,227,FFC,0,0,Emergency Manager, ,4.91,220,0,E,2,NNW,MARBLEHILL,09/05/2011,1456,34.3799,-84.3634,34.45,-84.35,"The Pickens County Emergency Management Director confirmed that the EF1 tornado, which originally touched down in far southern Cherokee county just west of Woodstock and continued on a north-northeastward track across eastern Cherokee county, entered Pickens county at the city of Nelson.  Damage in Pickens county remained consistent with an EF1 rating.  From here, the tornado continued north-northeast to just past Marble Hill before finally lifting.  Within Pickens county the tornado had a path length of approximately five miles with a maximum path width of 220 yards or 1/8 mile.  Eleven homes were damaged along the path of the tornado within Pickens county.  One of these homes was completely removed from its foundation and destroyed.  Four other homes suffered major damage, three with moderate damage, and the remaining three minor damage.  The majority of this damage was in the Marble Hill community.  In addition, three structures at the Emory Marble Plant in Marble Hill suffered major damage.  Dozens of medium to large-sized trees, including several large oak trees, were downed along the path of the tornado.  Several roads were completely blocked as a result, including a portion of Georgia Highway 53 between Tate and Marble Hill.||[09/05/11: Tornado #1, County #2-2, EF1, Cherokee-Pickens, 2011:025].","Tropical Storm Lee formed from a persistent low pressure area off the upper Texas and Louisiana coasts on the south side of a mammoth subtropical ridge centered across the eastern Ohio valley.  This occurred during the late few days of August.  The system slowly intensified under weak steering currents and moved onshore the Louisiana coast on the 3rd.  Tropical Storm Lee was extremely slow moving at this point and consequently dumped excessive rainfall across southeast Louisiana.  A sharp upper trough began to take shape in the central U.S. on September 4th as upper energy dug southeast from Canada.  As this occurred, the remnants of Lee began to accelerate northeastward in association with the advancing upper trough.  The remnants of Lee traveled very quickly along the advancing front, racing across Georgia on the 5th.  Rain bands began to affect the area late on the 4th, but most of these were light to moderate.  On the 5th, persistent heavy rain impacted northwest Georgia and resulted in minor flooding.  Despite widespread rainfall of four to five inches across northwest Georgia with localized six to eight inches, the ongoing drought across the state resulted in minimal impacts of the heavy rain on the area,  The bigger problems came during the afternoon of the 5th when an area of strong shear, associated with the remnants of Lee, tracked from southwest to northeast across the area.  This combined with an unstable atmosphere as breaks in the clouds allowed temperatures to warm into the lower 80s.  Numerous strong thunderstorm cells developed quickly and tracked first from the Columbus area and west central Georgia into northeast Georgia.  Strong mesocyclones were indicated in many of these cells and prompted dozens of tornado warnings.  However, only one thunderstorm cell actually netted a tornado, which caused considerable damage in Cherokee county, just northwest of Atlanta.||As the outer remnant feeder bands moved away from the area during the mid-evening, the remnant core of Tropical Storm Lee passed by just to the west across northwest Alabama.  A two to three hour window of strong winds gusting to 35 to 40 mph were observed in several northwest Georgia counties as this occurred causing damage to dozens of trees and a number of power lines during this time frame.",168
331121,NEWBERRY CO.,BROWNS XRDS,09/05/2011,1616,Tornado, ,EF0,0,0,0,0,SC,EST-5, ,55103,C,71,CAE,0,0,NWS Storm Survey, ,0.06,50,1,WSW,1,W,BROWNS XRDS,09/05/2011,1617,34.3675,-81.5443,34.3682,-81.5438,"A NWS Survey concluded a brief EF0 tornado touched down near the intersection of Epps and Spur Roads. The track length was 100 yards and width 50 yards. Estimated winds were between 65 and 75 mph. Three trees were topped and several other smaller trees were bent over or knocked down. Law enforcement reported a persistent funnel cloud from near Newberry northeastward to the Fairfield County line.","Bands associated with Tropical Depression Lee produced scattered severe thunderstorms and at least one confirmed tornado across the Midlands.",169
347036,WILKES CO.,JOYNES,09/05/2011,1620,Tornado, ,EF1,0,0,850000,0,NC,EST-5, ,57838,C,193,RNK,0,0,State Official, ,1.32,250,1,W,2,NNW,JOYNES,09/05/2011,1622,36.371,-81.086,36.39,-81.083,"The tornado touched down just south of the intersection of Longbottom Road and Green Street Mountain Resort Road. From here, it tracked north into Stone Mountain State Park where it destroyed 14 outbuildings, damaged three homes, and uprooted a large oak tree. Damage values are estimated.","Remnants of Tropical Storm Lee moved northeast through the Tennessee Valley. Strong shear on the east side of the system was responsible for generating numerous rotating thunderstorms. One rotating storm produced a tornado in Wilkes County near Abshers. Other storms produced severe weather in the form of damaging winds.  Very heavy rain was also associated with the system. Flooding and flash flooding occurred over parts of the region. The heaviest rainfall was concentrated along the crest of the blue ridge where three to five inches of rain fell. Some bursts of heavy rain had rainfall rates between one and two inches per hour.",170
348544,FLUVANNA CO.,BYBEE,09/05/2011,1705,Tornado, ,EF0,0,0,10000,0,VA,EST-5, ,58114,C,65,AKQ,0,0,NWS Storm Survey, ,0.88,100,2,NW,2,NNW,BYBEE,09/05/2011,1707,37.94,-78.2,37.95,-78.19,"Tornado (EF0) initially touched down along State Route 613 just southwest of Bybee Baptist Church. It then tracked northeast along Route 613, moving over the church before crossing State Route 607 before lifting in a wooded field. Numerous large limbs were snapped off trees with two trees downed, one at the church and the second fell across State Route 607. The church also had some minor damage to the steeple and roof. Winds with the tornado were estimated in the 60 to 70 mph range.","Isolated severe thunderstorm in advance of a cold front produced a weak tornado across portions of central Virginia.",171
347266,UNION CO.,UNIONVILLE,09/05/2011,1851,Tornado, ,EF0,0,0,0,0,NC,EST-5, ,57892,C,179,GSP,0,0,Law Enforcement, ,0.47,40,2,WSW,2,WSW,UNIONVILLE,09/05/2011,1852,35.067,-80.556,35.073,-80.552,"This brief, weak tornado touched down at a farm site just southwest of the intersection of Ridge Rd and C.J. Thomas Rd. The tornado traveled around one-half mile before lifting near Bernard Thompson Rd. A few barns received roof damage and some trees were blown down.","As the remnants of tropical cyclone ���Lee��� moved toward the region, increasing wind shear and instability resulted in a few low topped, rotating thunderstorms. Despite the storms' having strong mid-level rotation on radar, only one of them went on to produce a tornado over the North Carolina piedmont. A little straight-line wind damage was also reported over the region.",172
347515,STANLY CO.,MILLINGPORT,09/05/2011,1953,Tornado, ,EF0,0,0,35000,0,NC,EST-5, ,57943,C,167,RAH,0,0,Emergency Manager, ,4.15,100,3,NNE,1,E,MISENHEIMER,09/05/2011,1958,35.42,-80.29,35.48,-80.29,"The National Weather Service in Raleigh has confirmed that an EF-0 tornado touched down south of the Richfield area in Stanly County. The first touchdown occurred immediately south of Rogers Road where a swath of downed trees and power lines 100 yards across were located. The tornado  continued northward tearing the roof off of four wooden outbuildings with metal sheet roofing. Two of the buildings were completely destroyed while the other two were intact despite considerable roof damage. Debris from these buildings was scattered for 200-300 yards in a circular pattern. Debris also included half inch thick metal fencing that had been twisted and displaced one hundred yards. Many trees were snapped off near their bases. Beyond the outbuildings of the farm, the tornado continued northward, briefly lifting north of Sunnybrook Road. | |Another brief touchdown was noted approximately 3 miles to the north and produced damage to several trees at a residence along NC Highway 49. Touchdown occurred south of Highway 49, continued across the road and lifted near the residence at 22221 Highway 49 just north of the road. No structural damage was found at this location.","Southwesterly flow associated with the remnants of Tropical Cyclone Lee increased the moisture (precipitable water values exceeded 2 inches) and instability across the forecast area. This remnant low also resulted in increasing low level helicity, with early afternoon observed values at or exceeding 150 m2/s2, and model output showing even higher values later in the evening hours. As scattered thunderstorms entered the favorable environment, a tornado developed along a weak baroclinic zone and tracked through Stanly County.",173
346825,CARROLL CO.,CANA,09/05/2011,2103,Tornado, ,EF0,0,2,300000,0,VA,EST-5, ,57786,C,35,RNK,0,0,NWS Storm Survey, ,0.01,50,1,ENE,1,ENE,CANA,09/05/2011,2103,36.584,-80.661,36.584,-80.661,"The tornado with maximum sustained winds of 80 mph touched down very briefly at a gas station on U.S. 52, Fancy Gap Highway. The tornadic winds blew the roof off the station and into the awning covering the gas pumps. Some of the debris fell on a vehicle parked in the parking lot of the station. No other damage was noted. A piece of wood from the roof was carried 100 yards northwest along the highway. Two people were injured inside the gas station. Minor straight line wind damage occurred to nearby large limbs and small trees. Damage values are estimated.","Remnants of Tropical Storm Lee moved northeast through the Tennessee Valley. Strong shear on the east side of the system was responsible for generating numerous rotating thunderstorms. Some of these produced severe weather in the form of damaging winds.  The rotation was strong enough in one of the storms to produce a tornado in Carroll County. Very heavy rain was also associated with the system. Flooding and flash flooding occurred over parts of the region. The heaviest rainfall was concentrated along the crest of the blue ridge where four to almost eight inches of rain fell. Some bursts of heavy rain had rainfall rates between one and two inches per hour.",174
347380,MOORE CO.,MIDTOWN,09/06/2011,540,Tornado, ,EF0,0,0,10000,0,NC,EST-5, ,57915,C,125,RAH,0,0,Emergency Manager, ,1.28,25,1,SW,1,WNW,MIDTOWN,09/06/2011,542,35.1558,-79.4395,35.1728,-79.4306,"The National Weather Service in Raleigh, NC has confirmed an EF0 tornado with maximum winds of 80 mph near Pinehurst in Moore County North Carolina on September 6, 2011. The damage was mainly confined to several clusters of trees along a narrow path that was 1.3 miles in length in the country club of North Carolina Golf Resort. At least two homes had fallen trees on them, but damage to the homes was minimal. At least two homes experienced extensive debris across the property including a small boat that was lifted out of a nearby pond and tossed up onto the property. Monetary damage was estimated.","As the remnants of Tropical Storm Lee tracked along a frontal zone that extended from the southern Appalachians into central Virginia, heavy rain and severe storms spread into central North Carolina. The initial severe weather threat, during the early morning hours, was tornadoes, due to the highly sheared environment associated with the former tropical cyclone. As the day progressed, and the remnant low of Lee continued to weaken, the severe weather threat transitioned to straight line winds, as instability increased with the heating of the day.",175
348412,ROBESON CO.,RENNERT,09/06/2011,1841,Tornado, ,EF0,0,0,20000,0,NC,EST-5, ,58098,C,155,ILM,0,0,NWS Storm Survey, ,0.88,60,1,SE,1,E,RENNERT,09/06/2011,1844,34.8092,-79.0624,34.8219,-79.0634,"A National Weather Service Storm Survey Team concluded an EF0 tornado touched down near Rennert, North Carolina. The maximum wind speed was estimated to 85 mph.  The path length was just under a mile. The maximum path width was 60 yards. The tornado first touched down just to the south of West Great Marsh Church Road and uprooted several trees. The tornado crossed the roadway and uprooted a few trees near a field. Wind speeds reached 85 mph south of Vazquez Road where the tornado destroyed a poorly constructed barn and a single wide trailer that was used for storage. The tornado caused minor damage to a double wide trailer including damage to the foundation, an above ground swimming pool, roof shingles and pump house. As the tornado approached Vazquez Road, it peeled about 20 percent of a metal roof off a double wide trailer. The tornado also destroyed the back porch of this residence and uprooted several trees. The tornado then moved north of Vazquez Road and into a wooded area uprooting a few more trees. Finally, the tornado moved north of Covington Farm Road and dissipated. Monetary damages were estimated to $20,000 dollars.","The remnants of Tropical Storm Lee brought a tropical environment into the area. An approaching cold front provided additional lift and shear.",176
347217,ST. MARY'S CO.,CHINGVILLE,09/07/2011,1833,Tornado, ,EF0,0,0,0,0,MD,EST-5, ,57796,C,37,LWX,0,0,Trained Spotter, ,0.98,50,1,SSE,1,SSW,CHINGVILLE,09/07/2011,1840,38.215,-76.544,38.215,-76.562,"A storm spotter witnessed the snapping of several trees along with roaring wind. The damage was in the woods just north of Route 5 near the intersection with Lightfoot Way.","Low pressure developed over the Ohio Valley while high pressure remained off the East Coast. A southerly flow between these two systems pumped in plenty of moisture across the region. A warm front combined with the deep moisture to produce showers and thunderstorms. Moderate instability behind the warm front caused a few thunderstorms to produce damaging winds. Low-level winds caused enough rotation for a couple off the stronger thunderstorms to produce tornadoes.",177
347219,CHARLES CO.,WICOMICO,09/07/2011,2034,Tornado, ,EF0,0,0,5000,0,MD,EST-5, ,57796,C,17,LWX,0,0,Trained Spotter, ,1.4,50,1,SE,1,W,RYCEVILLE,09/07/2011,2036,38.411,-76.867,38.427,-76.851,"A tornado downed trees at the intersection of Route 34 and Trinity Church Road. Shingle and siding damage occurred to a home and a chimney was blown off. A shed was also destroyed.","Low pressure developed over the Ohio Valley while high pressure remained off the East Coast. A southerly flow between these two systems pumped in plenty of moisture across the region. A warm front combined with the deep moisture to produce showers and thunderstorms. Moderate instability behind the warm front caused a few thunderstorms to produce damaging winds. Low-level winds caused enough rotation for a couple off the stronger thunderstorms to produce tornadoes.",178
349327,COCONINO CO.,FLAGSTAFF,09/14/2011,1723,Tornado, ,EF2,0,0,0,0,AZ,MST-7, ,58198,C,5,FGZ,0,0,NWS Storm Survey, ,0.5,50,10,NNW,10,NNW,FLAGSTAFF,09/14/2011,1726,35.3347,-111.7056,35.3354,-111.6967,"A storm survey revealed that significant forest damage occurred along the Humpherys Trail near the Snowbowl Ski Area around 10,000 feet elevation. Preliminary rating was EF2.","A low pressure center over northwestern Arizona brought abundant moisture and dynamics to central and eastern parts of northern Arizona. This lead to thunderstorms producing a tornado, large hail, heavy rain, and flash flooding.",179
348553,WORCESTER CO.,OCEAN PINES,09/15/2011,1435,Tornado, ,EF0,0,0,40000,0,MD,EST-5, ,58120,C,47,AKQ,0,0,NWS Storm Survey, ,0.81,40,2,E,3,E,OCEAN PINES,09/15/2011,1437,38.3958,-75.0761,38.3957,-75.0611,"Brief weak tornado (EF0) originally touched down just west of Ocean City in Assawoman Bay and weakened as it moved toward Ocean City. The tornado produced minor damage to several buildings with windows broken, siding ripped off, and minor roof damage. Damage generally occurred above the first floor. In addition, a number of vehicles had windows broken by flying debris. Winds with the tornado were estimated in the 60 to 70 mph range.","Isolated severe thunderstorm in advance of a cold front produced a weak tornado across portions of the Lower Maryland Eastern Shore.",180
347199,JIM WELLS CO.,ALFRED,09/17/2011,1609,Tornado, ,EF1,0,0,20000,0,TX,CST-6, ,57876,C,249,CRP,0,0,NWS Storm Survey, ,1.93,100,3,SE,4,S,ALFRED,09/17/2011,1613,27.8685,-97.9442,27.8439,-97.9594,"A NWS survey concluded an EF-1 tornado touched down 3 miles southeast of Alfred along County Road 44 near the Jim Wells and Nueces County line. The tornado was approximately 100 yards wide and on the ground for nearly 2 miles. The maximum winds were estimated to be at 90 MPH. A house was damaged and lost part of its roof. An outdoor storage shed was destroyed and many mesquite trees lost large limbs or were snapped at their base.","A weak upper level disturbance moving out of northeast Mexico in combination with deep atmospheric moisture and a sea breeze boundary led to severe thunderstorms over the southern Coastal Bend in the afternoon.",181
349600,GRANT CO.,WAKITA,09/17/2011,1646,Tornado, ,EF0,0,0,0,0,OK,CST-6, ,55768,C,53,OUN,0,0,Storm Chaser, ,1.52,75,4,S,5,S,WAKITA,09/17/2011,1649,36.82,-97.932,36.808,-97.909,"Numerous storm chasers reported a tornado south of Wakita that persisted for a few minutes as it moved southeast. No damage was reported.","A warm front moved slowly north through Oklahoma, settling near the Oklahoma and Kansas border by mid afternoon. Scattered thunderstorms developed over western and northern Oklahoma, with another area of thunderstorms developing near the Red River. The thunderstorms produced large hail and heavy rain as they moved east and northeast. One thunderstorm, however, remained discrete and moved east and then east-southeast over north-central Oklahoma. Backed surface winds near the warm front helped maximize low-level wind shear, and three brief tornadoes developed over open country in Grant county. The storms over southwest Oklahoma weakened with the loss of daytime heating, but the northern Oklahoma storms merged into a complex. This complex continued well into the evening producing heavy rain.",182
349601,GRANT CO.,WAKITA,09/17/2011,1649,Tornado, ,EF0,0,0,0,0,OK,CST-6, ,55768,C,53,OUN,0,0,Storm Chaser, ,0.5,10,5,SSE,5,SSE,WAKITA,09/17/2011,1649,36.815,-97.887,36.815,-97.887,"A second tornado was observed by numerous storm chasers to the northeast of the larger tornado that was occurring south of Wakita. This tornado was a narrow rope tornado that became very elongated and tilted from the cloud base. No damage was reported with this tornado.","A warm front moved slowly north through Oklahoma, settling near the Oklahoma and Kansas border by mid afternoon. Scattered thunderstorms developed over western and northern Oklahoma, with another area of thunderstorms developing near the Red River. The thunderstorms produced large hail and heavy rain as they moved east and northeast. One thunderstorm, however, remained discrete and moved east and then east-southeast over north-central Oklahoma. Backed surface winds near the warm front helped maximize low-level wind shear, and three brief tornadoes developed over open country in Grant county. The storms over southwest Oklahoma weakened with the loss of daytime heating, but the northern Oklahoma storms merged into a complex. This complex continued well into the evening producing heavy rain.",183
349602,GRANT CO.,WAKITA,09/17/2011,1655,Tornado, ,EF0,0,0,0,0,OK,CST-6, ,55768,C,53,OUN,0,0,Broadcast Media, ,0.5,30,7,S,7,S,WAKITA,09/17/2011,1655,36.784,-97.897,36.784,-97.897,"A third brief tornado was observed by a media storm chaser. Again, no damage was reported with this tornado.","A warm front moved slowly north through Oklahoma, settling near the Oklahoma and Kansas border by mid afternoon. Scattered thunderstorms developed over western and northern Oklahoma, with another area of thunderstorms developing near the Red River. The thunderstorms produced large hail and heavy rain as they moved east and northeast. One thunderstorm, however, remained discrete and moved east and then east-southeast over north-central Oklahoma. Backed surface winds near the warm front helped maximize low-level wind shear, and three brief tornadoes developed over open country in Grant county. The storms over southwest Oklahoma weakened with the loss of daytime heating, but the northern Oklahoma storms merged into a complex. This complex continued well into the evening producing heavy rain.",184
343562,BARRY CO.,WASHBURN,09/18/2011,1630,Tornado, ,EF0,0,0,0,0,MO,CST-6, ,56103,C,9,SGF,0,0,Fire Department/Rescue, ,0.03,10,3,W,3,W,WASHBURN,09/18/2011,1631,36.5751,-94.019,36.5751,-94.0184,"A trained weather spotter and volunteer fire department saw a brief touchdown of a tornado across Highway 90 near the intersection of Highway NN. No damage was reported with this brief touchdown as it was over an open field. Local fire department and law enforcement witnessed this brief tornado in open areas along with funnel clouds reported with this same storm.","An isolated supercell thunderstorm produced localized wind damage, large hail, and a brief tornado over Barry County.  Other strong storms in the area produced heavy rainfall and a deadly lightning strike which killed some livestock.",185
334432,HARRISON CO.,MISSISSIPPI CITY,09/19/2011,1147,Tornado, ,EF0,0,0,0,0,MS,CST-6, ,55800,C,47,LIX,0,0,Law Enforcement, ,0.1,25,1,WSW,1,W,MISSISSIPPI CITY,09/19/2011,1155,30.3774,-89.0441,30.3788,-89.0445,"Waterspout reported moving onshore by law enforcement near Courthouse Road. Dissipation occurred at 1255 CDT. No damage reported.","Scattered thunderstorms produced a waterspout that moved onshore near Gulfport.",186
334526,ORANGE CO.,UNION PARK,09/19/2011,1315,Tornado, ,EF0,0,0,0,0,FL,EST-5, ,55821,C,95,MLB,0,0,Public, ,0.1,15,1,E,1,E,UNION PARK,09/19/2011,1315,28.569,-81.2689,28.569,-81.2689,"A citizen observed a funnel cloud briefly touch down in a mostly vacant lot near the intersection of Highway 50 and Highway 417 in Orlando. The landspout tornado picked up some sand and dust, which was lifted aloft within a debris cloud. The touchdown lasted between 30 and 60 seconds and resulted in no damage. Observations from three nearby construction workers suggest the winds were well below severe limits (estimated at only 30-35 mph).","An isolated heavy shower quickly developed and dissipated over Orlando. A citizen observed a funnel cloud which briefly touched down (for less than a minute) in association with the shower. The landspout tornado touched down in a mostly vacant lot within the city, and produced no damage. Several witnesses very close to the landspout tornado described it as a huge dust devil, although photos clearly showed the vortex connecting to the cloud base aloft.",187
346863,MONTGOMERY CO.,AURIESVILLE,09/22/2011,1715,Tornado, ,EF0,0,0,0,0,NY,EST-5, ,57798,C,57,ALY,0,0,NWS Storm Survey, ,0.73,50,1,SE,1,SW,FT HUNTER,09/22/2011,1716,42.9128,-74.3034,42.9195,-74.2921,"A National Weather Service Storm Survey team confirmed a weak tornado touched down in the Town of Glen. The tornado downed some small hardwood trees and broke off some large branches. Damage extended from just west of Noeltner Road to near Ripley Road. There was video and photo evidence.","A weakening frontal boundary became stalled across northern and central New York on Thursday, September 22nd. A disturbance moved along the boundary triggering showers and thunderstorms across east central New York. One thunderstorm produced a brief, weak tornado in Montgomery County. No other severe weather was reported.",188
336722,ARKANSAS CO.,TICHNOR,09/25/2011,1730,Tornado, ,EF0,0,0,15000,0,AR,CST-6, ,56143,C,1,LZK,0,0,NWS Storm Survey, ,1.91,50,3,WNW,1,NW,TICHNOR,09/25/2011,1732,34.1388,-91.319,34.1454,-91.2866,"Shingles were torn off a house, tin was peeled back on the roof of a barn, and some trees were knocked down.","The arrival of a cold front, accompanied by an area of low pressure bringing cold air aloft, triggered hailstorms and a tornado during the late afternoon and early evening of the 25th.",189
339704,BOLIVAR CO.,KIMBALL LAKE,09/25/2011,1904,Tornado, ,EF1,0,0,2500000,0,MS,CST-6, ,56688,C,11,JAN,0,0,NWS Storm Survey, ,7.66,800,3,NE,4,E,CLEVELAND,09/25/2011,1916,33.7933,-90.7814,33.7469,-90.6602,"The tornado started out producing a relatively narrow path of tree damage along Township Road. It moved southeast through the Stanton subdivision, heavily damaging four trailer homes and caused minor to moderate damage to several other homes and outbuildings. It continued to move southeast causing tree damage, and widened as it moved into the northwest side of the city of Cleveland. As the tornado moved through the north side of Cleveland, it snapped and uprooted numerous trees, blew the signs out of several restaurants and stores, blew the doors out of the automotive area of a department store, and blew out a wall and a large part of a roof of another commercial building. Several homes suffered shingle damage and power lines were downed. The tornado then turned more eastward, continuing to cause tree damage as it moved along and just north of State Highway 8 east of Cleveland. Additional power lines were downed and a few more homes suffered minor roof damage due to wind or branches falling on them. As the tornado crossed into Sunflower County it moved more southeast again. It snapped several wooden power poles along and just south of Highway 8 along Mallette-Jones Road, along with destroying a greenhouse type structure and causing some roof damage to a frame home. The tornado continued to cause tree damage in a relatively narrow path as it crossed Walker Road, and then dissipated before reaching Lusk Road. Maximum wind speeds were estimated at 100 mph.","An anomalous early autumn storm system brought severe weather to portions of the ArkLaMiss. Tornadoes, damaging winds and large hail occurred in the ArkLaMiss Delta during the evening hours of September twenty fifth. The most significant damage occurred in Cleveland, MS where a tornado damaged portions of a subdivision as well as a Walmart and Sears. The line of storms tracked very slowly to the south and east, causing numerous trees to fall across the Delta as well as flash flooding. Another tornado moved over Sunflower County near Drew. An agricultural pivot was flipped over and a few trees and power lines were blown down.",190
348180,SUNFLOWER CO.,DOCKERY,09/25/2011,1916,Tornado, ,EF1,0,0,200000,0,MS,CST-6, ,56688,C,133,JAN,0,0,NWS Storm Survey, ,2.57,800,2,NW,1,SSE,DOCKERY,09/25/2011,1922,33.7478,-90.6578,33.7212,-90.6264,"The tornado started out producing a relatively narrow path of tree damage along Township Road. It moved southeast through the Stanton subdivision, heavily damaging four trailer homes and caused minor to moderate damage to several other homes and outbuildings. It continued to move southeast causing tree damage, and widened as it moved into the northwest side of the city of Cleveland. As the tornado moved through the north side of Cleveland, it snapped and uprooted numerous trees, blew the signs out of several restaurants and stores, blew the doors out of the automotive area of a department store, and blew out a wall and a large part of a roof of another commercial building. Several homes suffered shingle damage and power lines were downed. The tornado then turned more eastward, continuing to cause tree damage as it moved along and just north of State Highway 8 east of Cleveland. Additional power lines were downed and a few more homes suffered minor roof damage due to wind or branches falling on them. As the tornado crossed into Sunflower County it moved more southeast again. It snapped several wooden power poles along and just south of Highway 8 along Mallette-Jones Road, along with destroying a greenhouse type structure and causing some roof damage to a frame home. The tornado continued to cause tree damage in a relatively narrow path as it crossed Walker Road, and then dissipated before reaching Lusk Road. Maximum wind speeds were estimated at 100 mph.","An anomalous early autumn storm system brought severe weather to portions of the ArkLaMiss. Tornadoes, damaging winds and large hail occurred in the ArkLaMiss Delta during the evening hours of September twenty fifth. The most significant damage occurred in Cleveland, MS where a tornado damaged portions of a subdivision as well as a Walmart and Sears. The line of storms tracked very slowly to the south and east, causing numerous trees to fall across the Delta as well as flash flooding. Another tornado moved over Sunflower County near Drew. An agricultural pivot was flipped over and a few trees and power lines were blown down.",191
342875,HOPKINS CO.,WHITE PLAINS,09/25/2011,1925,Tornado, ,EF2,0,0,80000,0,KY,CST-6, ,57218,C,107,PAH,0,0,NWS Storm Survey, ,0.52,80,1,SSW,0,ESE,WHITE PLAINS,09/25/2011,1926,37.1725,-87.3822,37.1778,-87.3755,"This short-lived tornado occurred along Highway 813. One framed home and one mobile home were destroyed. There was minor damage to two framed homes. Four sheds were destroyed. Power lines were blown down. Several large trees were downed or uprooted. The destroyed mobile home was thrown about 30 feet into a tree. The lone resident of the mobile home was ejected, but he sustained no injuries requiring treatment. The destroyed framed home lost most of the roof, and bricks were shifted. Peak winds were estimated near 120 mph.","A surface low pressure center moved northeast from eastern Arkansas, passing across northwest Tennessee and into western Kentucky. A closed 500 mb low was centered over the Mid-Mississippi Valley. Along and east of the surface low pressure center track, scattered strong to severe thunderstorms were embedded within a large area of rain. The storms were aided by convergence in the exit region of an intense south-southwesterly low-level jet of around 50 knots. Upper-level divergence within the right entrance region of a jet streak over northern Indiana further enhanced the storms. A couple of isolated tornadoes and microbursts accompanied the storms.",192
339761,SUNFLOWER CO.,DREW,09/25/2011,1929,Tornado, ,EF1,0,0,20000,0,MS,CST-6, ,56688,C,133,JAN,0,0,Emergency Manager, ,1.44,200,3,SSW,1,SSW,BALLASTON,09/25/2011,1934,33.7866,-90.5467,33.7673,-90.537,"An agricultural pivot was flipped over, along with two trees snapped. Powerlines were downed, the roof was blown off a pumphouse as well as a baseball dugout, and some playground equipment was flipped over. The damage started just west of Radio Station Road and ended along Blue Lake Road. Maximum winds were estimated at 95 mph.","An anomalous early autumn storm system brought severe weather to portions of the ArkLaMiss. Tornadoes, damaging winds and large hail occurred in the ArkLaMiss Delta during the evening hours of September twenty fifth. The most significant damage occurred in Cleveland, MS where a tornado damaged portions of a subdivision as well as a Walmart and Sears. The line of storms tracked very slowly to the south and east, causing numerous trees to fall across the Delta as well as flash flooding. Another tornado moved over Sunflower County near Drew. An agricultural pivot was flipped over and a few trees and power lines were blown down.",193
342871,CHRISTIAN CO.,HERNDON,09/25/2011,1950,Tornado, ,EF1,0,0,40000,0,KY,CST-6, ,57218,C,47,PAH,0,0,NWS Storm Survey, ,1,100,2,NE,3,NE,HERNDON,09/25/2011,1951,36.7505,-87.5445,36.7607,-87.5317,"Two barns were damaged. One of the barns was nearly levelled. A pole barn lost one side and some roofing. Several trees were snapped or blown down, and several tree tops were snapped. Peak winds were estimated near 90 mph.","A surface low pressure center moved northeast from eastern Arkansas, passing across northwest Tennessee and into western Kentucky. A closed 500 mb low was centered over the Mid-Mississippi Valley. Along and east of the surface low pressure center track, scattered strong to severe thunderstorms were embedded within a large area of rain. The storms were aided by convergence in the exit region of an intense south-southwesterly low-level jet of around 50 knots. Upper-level divergence within the right entrance region of a jet streak over northern Indiana further enhanced the storms. A couple of isolated tornadoes and microbursts accompanied the storms.",194
348750,JENNINGS CO.,HAYDEN,09/25/2011,2333,Tornado, ,EF1,0,0,65000,2000,IN,EST-5, ,58068,C,79,IND,0,0,NWS Storm Survey, ,0.48,75,3,NNW,3,N,HAYDEN,09/25/2011,2334,39.0164,-85.7424,39.0232,-85.7405,"The tornado began at approximately 12:33 AM EDT around 6 miles west of North Vernon along County Road 700 West between County Roads 150 North and 300 North.  The tornado destroyed a pole barn, damaged 2 homes, overturned tractors, downed trees and telephone poles, and laid down a corn field before lifting around 12:34 AM EDT.  One of the homes had its roof blown off.  There were no injuries.  The path was approximately a half mile long and 75 yards wide.  Based on the damage, the tornado was rated an EF1 on the Enhanced Fujita scale with winds estimated near 100 mph.","An area of low pressure moved into central Indiana during the early morning hours of September the 26th. Thunderstorms developed as the low moved north, and some of these storms became severe. One severe storm produced a tornado in Jennings County.",195
337209,ELKHART CO.,NAPPANEE,09/27/2011,1156,Tornado, ,EF0,0,0,10000,0,IN,EST-5, ,56212,C,39,IWX,0,0,NWS Storm Survey, ,0.57,30,2,ESE,2,E,NAPPANEE,09/27/2011,1158,41.4418,-85.9718,41.4499,-85.9702,"A NWS survey of damage and eyewitness reports of a possible tornado was performed near Nappanee. Four different eyewitnesses reported a tornado touch down at a business on the south side of US 6 and quickly track north across US 6, ending near County Road 54. Minor shingle and soffit damage was observed to 2 businesses. Small branches were also broken in the area. Eyewitnesses reported that branches and leaves were being bent upwards into the circulation but remained generally intact. Wind speed are estimated in the 70 to 75 mph range.","A closed upper level low lingered across the southern Great Lakes for several days. Bands of showers developed on the eastern flank of the upper low during the early afternoon hours of the 27th. A small circulation developed in an isolated shower and produced a weak tornado.",196
347366,MONROE CO.,TEMPERANCE,09/28/2011,1446,Tornado, ,EF0,0,0,3000,0,MI,EST-5, ,57908,C,115,DTX,0,0,Emergency Manager, ,0.09,50,0,E,1,E,TEMPERANCE,09/28/2011,1447,41.7803,-83.5614,41.7807,-83.5597,"A tornado was reported to have struck the Village Meadows Subdivision, causing minor damage to a garage roof and knocking over a wooden play structure.","A thunderstorm spawned a brief weak tornado over Monroe County.",197
344768,TYRRELL CO.,JERRY,09/29/2011,310,Tornado, ,EF1,0,1,20000,0,NC,EST-5, ,57492,C,177,MHX,0,0,NWS Storm Survey, ,0.05,10,2,WNW,2,WNW,JERRY,09/29/2011,312,35.8899,-76.2484,35.8899,-76.2484,"A NWS storm survey found that a EF1 tornado with maximum estimated wind speeds of 105 mph briefly touched down destroying a mobile home causing one injury. The tornado was small with a path length less than 100 yards and a path width of 10 yards. ||The touchdown occurred in a field between Newland Road and Basnight Lane. It then hit a single wide mobile home and immediately lifted back up. The mobile home was lifted off its foundation and rolled, ending up 45 degrees from its original alignment. Debris was scattered both upstream and downstream from the damaged mobile home with some debris lofted into nearby power lines. Adjacent mobile homes had minimal damage mainly to skirting. The injury occurred to a single male occupant who received a broken shoulder, lacerations, and bruises.","A series of weak upper level disturbances crossed Eastern North Carolina on September 28th and 29th. A few downed trees were reported with one small tornado.",198
348572,WHITMAN CO.,ST JOHN,10/05/2011,1419,Tornado, ,EF0,0,0,0,0,WA,PST-8, ,58129,C,75,OTX,0,0,Public, ,0.02,20,13,NW,6,NW,LAVISTA,10/05/2011,1424,47.233,-117.7657,47.2333,-117.7658,"A farmer in northern Whitman County spotted two funnel clouds the afternoon of October 5th approximately thirteen miles northwest of Saint John.  One funnel cloud briefly touched down over open wheat fields.","A deep upper-level trough sagged into the Pacific Northwest during the afternoon of October 5th. Stable rainfall was common through most of the morning and early afternoon over eastern Washington.  During the early afternoon, a jet streak rounding the base of the trough coupled with cooling aloft, and brief thinning of the overcast skies on the eastern flank of the precipitation shield contributed to a rapid, very short-lived window of surface based instability and low-level wind shear over the Washington Palouse. This resulted in the development of two intense updrafts and formation of a pair of funnel clouds, one which briefly touched down over open wheat fields in northern Whitman County. There was no damage or injuries related to the tornado.",199
349364,THOMAS CO.,BREWSTER,10/06/2011,2017,Tornado, ,EF1,0,0,200000,0,KS,CST-6, ,57758,C,193,GLD,0,0,NWS Storm Survey, ,7.09,50,4,SSE,4,NE,BREWSTER,10/06/2011,2024,39.3084,-101.353,39.4102,-101.3359,"The tornado developed about 4 miles SSE of Brewster near Roads 3 and M.  The tornado traveled north-northeast at speeds of 50 mph, passing east of Brewster and dissipating about 4 miles northeast of Brewster near roads 4 and T.  One farmstead south of Interstate 70 received damage to outbuildings, trees, a large grain bin and utility poles on the property.  Fortunately only minor roof damage occurred as the large tree branches fell on the house.  Further northeast several utility poles were snapped and at least one irrigation pivot was overturned.  Numerous outbuildings were also damaged at a farm near Roads 4 and R as the tornado moved northeast.","Thunderstorms developed during the evening hours, resulting in several hail reports of nickel to half dollar size and one wind gust to 77 mph.",200
