EVENT_ID,CZ_NAME_STR,BEGIN_LOCATION,BEGIN_DATE,BEGIN_TIME,EVENT_TYPE,MAGNITUDE,TOR_F_SCALE,DEATHS_DIRECT,INJURIES_DIRECT,DAMAGE_PROPERTY_NUM,DAMAGE_CROPS_NUM,STATE_ABBR,CZ_TIMEZONE,MAGNITUDE_TYPE,EPISODE_ID,CZ_TYPE,CZ_FIPS,WFO,INJURIES_INDIRECT,DEATHS_INDIRECT,SOURCE,FLOOD_CAUSE,TOR_LENGTH,TOR_WIDTH,BEGIN_RANGE,BEGIN_AZIMUTH,END_RANGE,END_AZIMUTH,END_LOCATION,END_DATE,END_TIME,BEGIN_LAT,BEGIN_LON,END_LAT,END_LON,EVENT_NARRATIVE,EPISODE_NARRATIVE,ABSOLUTE_ROWNUMBER
383913,OLDHAM CO.,ADRIAN,05/21/2012,1937,Tornado, ,EF0,0,0,0,0,TX,CST-6, ,64116,C,359,AMA,0,0,NWS Storm Survey, ,0.57,100,4,NW,4,NW,ADRIAN,05/21/2012,1940,35.3109,-102.7302,35.3032,-102.7332,"An official National Weather Service Storm Survey revealed that a tornado occurred four miles northwest of Adrian Texas in Oldham county around 1937CST and was on the ground for three minutes. The tornado was rated an EF0 with winds estimated near fifty-six knots. The tornado moved south southwest with a path length of one thousand yards and a path width of one hundred yards. The tornado lifted around 1940CST between three and a half and four miles northwest of Adrian Texas in Oldham county. There was no damage and there were no injuries or fatalities.","Severe thunderstorms during the evening hours produced large hail, thunderstorm wind gust and a tornado across the southwestern and south central sections of the Texas Panhandle. There was no report of damage and there were no reports of injuries or fatalities.",1
378032,DIVIDE CO.,AMBROSE,05/22/2012,1607,Tornado, ,EF0,0,0,0,0,ND,CST-6, ,62210,C,23,BIS,0,0,Storm Chaser, ,5.32,50,6,WNW,3,N,AMBROSE,05/22/2012,1617,48.9832,-103.5922,48.998,-103.477,"This tornado touched down in the open country of Divide County, along the international border. There were no reports of damage associated with this tornado.","Tornado Watch number 290 and Severe Thunderstorm Watch number 291 were in effect during this event. ||Strong afternoon destabilization occurred north and east of an area of low pressure situated over southwest North Dakota May 22nd. The trigger for thunderstorm development was a strong upper level jet streak advecting northeast across the Rockies and into the Northern Plains. While a strong capping inversion was in place in the low's warm sector, a weaker cap existed over northern North Dakota, where convection first initiated late in the afternoon over the far northwest. Additional strong to severe thunderstorms developed during the evening across the north central and from the south central into the James River Basin. Severe hail, severe thunderstorm winds, and two confirmed EF0 tornadoes occurred during this event.",2
381206,MOUNTRAIL CO.,BLAISDELL,05/22/2012,1721,Tornado, ,EF0,0,0,0,0,ND,CST-6, ,62210,C,61,BIS,0,0,Storm Chaser, ,0.83,25,2,ENE,3,ENE,BLAISDELL,05/22/2012,1723,48.34,-102.03,48.35,-102.02,"Professional storm chasers reported this brief tornado. There were no reports of damage so the tornado is rated EF0.","Tornado Watch number 290 and Severe Thunderstorm Watch number 291 were in effect during this event. ||Strong afternoon destabilization occurred north and east of an area of low pressure situated over southwest North Dakota May 22nd. The trigger for thunderstorm development was a strong upper level jet streak advecting northeast across the Rockies and into the Northern Plains. While a strong capping inversion was in place in the low's warm sector, a weaker cap existed over northern North Dakota, where convection first initiated late in the afternoon over the far northwest. Additional strong to severe thunderstorms developed during the evening across the north central and from the south central into the James River Basin. Severe hail, severe thunderstorm winds, and two confirmed EF0 tornadoes occurred during this event.",3
380439,ST. BERNARD PAR.,ARABI,05/23/2012,1407,Tornado, ,EF0,0,0,20000,0,LA,CST-6, ,63524,C,87,LIX,0,0,NWS Storm Survey, ,0.24,33,1,NNE,1,NE,ARABI,05/23/2012,1408,29.964,-89.9903,29.9653,-89.9866,"A NWS storm survey confirmed a short and narrow damage path about 0.25 miles long and 100 feet wide. Eyewitnesses reported seeing a funnel cloud before residences were damaged. The damage path started near the corner of Puma and Chinchilla Streets. The damage path extended northeast to near the corner of Bear Street and Cougar Drive. Approximately 10 homes received minor damage. The most extensive damage was one carport being destroyed and also causing shingle and roof cap damage. Winds were estimated at 70 mph.","A stationary frontal boundary aided the development of isolated severe thunderstorms over southeast Louisiana, including one tornado.",4
374961,FAYETTE CO.,HAWKEYE,05/24/2012,1556,Tornado, ,EF1,0,0,30000,5000,IA,CST-6, ,62696,C,65,ARX,0,0,Emergency Manager, ,2.99,30,3,NNW,3,SSW,DOUGLAS,05/24/2012,1558,42.9661,-91.9604,42.9868,-91.9085,"A brief tornado, along a line of storms, damaged numerous barns, grain buildings, outbuildings, and some homes along and just northeast of U.S. Highway 18 north of Hawkeye, IA.  Most of the damage was EF0 but peak wind speeds and described damage briefly reached EF1.","Small lines of severe thunderstorms formed along a fast moving cold front during the afternoon of May 24th. These thunderstorms caused sporadic wind damage and at least one tornado across parts of northeast Iowa. The tornado was rated as an EF1 on its track near Hawkeye (Fayette County).",5
373425,PLATTE CO.,ST BERNARD,05/24/2012,1636,Tornado, ,EF2,0,0,100000,0,NE,CST-6, ,62418,C,141,OAX,0,0,Emergency Manager, ,0.75,100,1,E,2,ESE,ST BERNARD,05/24/2012,1637,41.7164,-97.6028,41.7131,-97.5986,"A brief tornado from a low-topped mini-supercell destroyed a farm house a few miles west northwest of Cornlea.  The house had it's roof lifted off which caused several walls to collapse.  The family in the house had seen the tornado approach and had taken cover in the basement and were uninjured.","An upper level disturbance that tracked across northern Nebraska and South Dakota during the late afternoon of May 24th caused small thunderstorm complex to track from northern Nebraska toward east central Nebraska late in the afternoon and early evening.  A front had already passed through the region earlier in the day which had cleared out a lot of the moisture and instability.  However, strong enough heating had allowed a partial atmospheric recovery so that by the time the storms pushed toward the region they had strengthened some.  A low-topped mini-supercell thunderstorm northwest of Columbus spun up a brief tornado which destroyed a farm house near Cornlea.",6
373783,MARATHON CO.,MARATHON,05/24/2012,1801,Tornado, ,EF0,0,0,0,0,WI,CST-6, ,62472,C,73,GRB,0,0,Emergency Manager, ,5.94,75,4,SSE,5,ENE,MARATHON,05/24/2012,1807,44.8689,-89.8053,44.9393,-89.7356,"A tornado formed southwest of Wausau and rapidly moved northeast just after 7:00 pm CDT.  About 100 trees sustained large broken branches or were snapped by the tornado (DI 28, DOD 2, 4).  No structures were damaged.  Average path width was 50 yards.","A strong low pressure system moved across northwest Wisconsin.  Thunderstorms formed along a trailing cold front.  The storms moved quickly and some produced high winds that downed trees and tree limbs.  One of the storms produced a brief tornado southwest of Wausau in Marathon County.",7
374110,RUSSELL CO.,GORHAM,05/25/2012,1748,Tornado, ,EF0,0,0,0,0,KS,CST-6, ,62526,C,167,ICT,0,0,Trained Spotter, ,1.4,50,4,S,3,SSE,GORHAM,05/25/2012,1750,38.82,-99.02,38.8328,-98.9999,"Brief tornado touchdown in open country.","Three tornadoes touched down in Russell county causing damage on the south side of town.",8
374115,RUSSELL CO.,GORHAM,05/25/2012,1935,Tornado, ,EF0,0,0,0,0,KS,CST-6, ,62526,C,167,ICT,0,0,Trained Spotter, ,0.62,50,6,S,6,S,GORHAM,05/25/2012,1937,38.79,-99.02,38.7946,-99.01,"Brief touchdown over open country.","Three tornadoes touched down in Russell county causing damage on the south side of town.",9
374116,RUSSELL CO.,MILBERGER,05/25/2012,1944,Tornado, ,EF0,0,0,0,0,KS,CST-6, ,62526,C,167,ICT,0,0,Trained Spotter, ,5.81,100,7,NW,6,SW,RUSSELL,05/25/2012,1950,38.78,-99.02,38.8237,-98.9278,"The tornado moved over open country.","Three tornadoes touched down in Russell county causing damage on the south side of town.",10
393951,RUSH CO.,HARGRAVE,05/25/2012,2008,Tornado, ,EF0,0,0,0,0,KS,CST-6, ,64726,C,165,DDC,0,0,NWS Storm Survey, ,0.6,50,1,WNW,1,NW,HARGRAVE,05/25/2012,2012,38.5594,-99.4527,38.5641,-99.4437,"This brief and weak tornado was the first of many that a large supercell thunderstorm produced.  This one did damage to a shed and blew a sign down.","A warm front lifting north under very cold temperatures aloft was the focus of severe thunderstorms during the late afternoon and evening.  Tornadoes produced scattered damage.",11
395041,RUSH CO.,HARGRAVE,05/25/2012,2015,Tornado, ,EF0,0,0,0,0,KS,CST-6, ,64726,C,165,DDC,0,0,NWS Storm Survey, ,2.7,100,2,W,0,SSE,HARGRAVE,05/25/2012,2023,38.5494,-99.4583,38.5451,-99.4282,"Based on a damage survey, radar data and spotter reports this slow moving tornado moved south, then east and finally east and northeast making a winding loop. Damage was done to trees and an outbuilding.","A warm front lifting north under very cold temperatures aloft was the focus of severe thunderstorms during the late afternoon and evening.  Tornadoes produced scattered damage.",12
395043,RUSH CO.,HARGRAVE,05/25/2012,2022,Tornado, ,EF1,0,0,0,0,KS,CST-6, ,64726,C,165,DDC,0,0,NWS Storm Survey, ,1.9,150,1,SSE,2,E,HARGRAVE,05/25/2012,2032,38.5366,-99.4242,38.5496,-99.3974,"This tornado moved in a loop starting moving east and then northeast.  Damage was done to a trees and outbuildings.","A warm front lifting north under very cold temperatures aloft was the focus of severe thunderstorms during the late afternoon and evening.  Tornadoes produced scattered damage.",13
395046,RUSH CO.,HARGRAVE,05/25/2012,2030,Tornado, ,EF2,0,0,0,0,KS,CST-6, ,64726,C,165,DDC,0,0,NWS Storm Survey, ,9.2,950,2,SE,3,SSE,LIEBENTHAL,05/25/2012,2049,38.5345,-99.4087,38.6021,-99.302,"This tornado became a wedge as it traveled northeast and finally north and west as it dissipated.  Damage was done to a couple of farms, trees, outbuildings and pivot sprinklers.","A warm front lifting north under very cold temperatures aloft was the focus of severe thunderstorms during the late afternoon and evening.  Tornadoes produced scattered damage.",14
395063,RUSH CO.,LA CROSSE HOOVER ARP,05/25/2012,2040,Tornado, ,EF1,0,0,0,0,KS,CST-6, ,64726,C,165,DDC,0,0,NWS Storm Survey, ,1.89,350,0,SE,1,NE,LA CROSSE,05/25/2012,2044,38.5283,-99.3177,38.5384,-99.2852,"This was a satellite tornado with the wedge to the northwest of LaCrosse.  This satellite tornado passed through the town of LaCrosse and damaged numerous trees, several buildings and destroyed 3 camper trailers.  Fortunately the occupants were not in the trailers or there would of likely been injuries, if not fatalities.","A warm front lifting north under very cold temperatures aloft was the focus of severe thunderstorms during the late afternoon and evening.  Tornadoes produced scattered damage.",15
374117,RUSSELL CO.,RUSSELL,05/25/2012,2040,Tornado, ,EF2,0,0,0,0,KS,CST-6, ,62526,C,167,ICT,0,0,Storm Chaser, ,0.17,150,2,S,2,S,RUSSELL,05/25/2012,2044,38.856,-98.854,38.8584,-98.8532,"Tornado moved through a small housing area just to the south of Russell causing extensive damage to four homesteads.","Three tornadoes touched down in Russell county causing damage on the south side of town.",16
395066,RUSH CO.,LA CROSSE,05/25/2012,2045,Tornado, ,EF2,0,0,0,0,KS,CST-6, ,64726,C,165,DDC,0,0,NWS Storm Survey, ,1,150,2,NNW,3,N,LA CROSSE,05/25/2012,2048,38.5548,-99.3094,38.5685,-99.3063,"This tornado may have been another satellite tornado based on spotter video and from the damage survey moved north through trees but yet was east of the larger wedge tornado.","A warm front lifting north under very cold temperatures aloft was the focus of severe thunderstorms during the late afternoon and evening.  Tornadoes produced scattered damage.",17
395069,RUSH CO.,BISON,05/25/2012,2058,Tornado, ,EF2,0,0,0,0,KS,CST-6, ,64726,C,165,DDC,0,0,NWS Storm Survey, ,5.8,650,4,NNW,2,SE,LIEBENTHAL,05/25/2012,2122,38.5641,-99.2351,38.6286,-99.2832,"This tornado starting moving north then turned back to the northwest and finally west before dissipating.  It did damage mainly to trees and power lines.  During the damage survey there was evidence of significant ground and vegetation scouring.","A warm front lifting north under very cold temperatures aloft was the focus of severe thunderstorms during the late afternoon and evening.  Tornadoes produced scattered damage.",18
395071,RUSH CO.,LORETTA,05/25/2012,2111,Tornado, ,EF1,0,0,0,0,KS,CST-6, ,64726,C,165,DDC,0,0,NWS Storm Survey, ,1.32,100,3,SSE,2,SE,LORETTA,05/25/2012,2117,38.6143,-99.1674,38.6309,-99.1552,"Damage was done to trees from this tornado.","A warm front lifting north under very cold temperatures aloft was the focus of severe thunderstorms during the late afternoon and evening.  Tornadoes produced scattered damage.",19
395074,RUSH CO.,LORETTA,05/25/2012,2135,Tornado, ,EF0,0,0,0,0,KS,CST-6, ,64726,C,165,DDC,0,0,NWS Storm Survey, ,2.21,200,2,ENE,4,NNE,LORETTA,05/25/2012,2140,38.6672,-99.14,38.6973,-99.154,"This tornado moved into Ellis county at 10:40 CDT.","A warm front lifting north under very cold temperatures aloft was the focus of severe thunderstorms during the late afternoon and evening.  Tornadoes produced scattered damage.",20
395078,ELLIS CO.,PFEIFER,05/25/2012,2140,Tornado, ,EF1,0,0,0,0,KS,CST-6, ,64726,C,51,DDC,0,0,NWS Storm Survey, ,0.56,200,1,ESE,1,ENE,PFEIFER,05/25/2012,2142,38.6973,-99.154,38.7052,-99.1563,"This tornado moved out of Rush county at 10:40 PM CDT and did damage to trees and power poles.","A warm front lifting north under very cold temperatures aloft was the focus of severe thunderstorms during the late afternoon and evening.  Tornadoes produced scattered damage.",21
373438,BOONE CO.,CLOSTER,05/27/2012,1606,Tornado, ,EF0,0,0,0,0,NE,CST-6, ,62420,C,11,OAX,0,0,Law Enforcement, ,1.35,75,4,WNW,4,NW,CLOSTER,05/27/2012,1608,41.9,-97.97,41.9153,-97.9538,"A brief tornado was reported south and east of Elgin by law enforcement.  The tornado caused no apparent damage.","Scattered thunderstorms, including a few supercell/tornado producing storms, developed ahead of and along a cold front that pressed into eastern Nebraska during the afternoon and evening of May 27th.  Temperatures ahead of the front climbed into the upper 80s to lower 90s.  So even though dew point temperatures were in the 50s and lower 60s, not especially high for the season, the high temperatures, an upper level disturbance driving the front east, and deeper mid level moisture all contributed to the strength of the storms this evening.  The storms also produced pockets of very heavy rainfall as they tracked repeatedly across some locations.",22
379941,GREELEY CO.,GREELEY,05/27/2012,1623,Tornado, ,EF0,0,0,0,0,NE,CST-6, ,62876,C,77,GID,0,0,Storm Chaser, ,0.06,15,6,SSE,6,SSE,GREELEY,05/27/2012,1624,41.4747,-98.4672,41.4753,-98.4664,"No damage was reported with this brief tornado touchdown.","Sunday of Memorial Day weekend featured a prolonged afternoon and evening outbreak of severe thunderstorms primarily within the eastern two-thirds of South Central Nebraska. In addition to dozens of reports of large hail and damaging winds over the course of seven hours between 4-11 PM CDT, there was one brief EF0 tornado reported by storm chasers in a rural area between Greeley and Wolbach around 530 PM CDT with no damage reported. Hail to at least golf ball size fell in several locations, including in or near Greeley, Geneva, Franklin, Riverton, Blue Hill and along Interstate 80 in far eastern York County. In east central Greeley County, at least one home sustained broken windows. Damaging winds estimated from 60 to at least 70 MPH overturned a number of irrigation pivots, destroyed grain bins and downed trees, with some of this wind damage reported in or near Wood River, Blue Hill and Fairfield. Rainfall-wise, several counties received 1-3 inches, with a few of the highest known measured amounts including 2.90 inches southeast of Palmer and 2.88 inches north of Osceola. Although flooding was not widespread, rainfall of around 2.60 inches in the Wood River area resulted in water over a county road.||The primary zone of severe storms was associated with a slow-moving cold front and focused roughly 20 miles either side of the Highway 281 corridor between the Kansas border and the Greeley area. However, a smaller, separate cluster of severe storms also developed east of the frontal zone, affecting counties such as Thayer, Fillmore and eastern York. In both of these areas, the initiation of severe storms occurred between 4-6 PM CDT. During these first few hours, one of the strongest, most discrete supercells of the day produced the brief tornado and large hail in Greeley County before exiting the local area into Boone County. Between 6-8 PM CDT, a mix of brief supercell and quasi-linear multicell storm structures trained along the aforementioned north-south corridor near Highway 281. Then between 8-11 PM CDT, this initially narrow zone of storms expanded eastward as northern storms weakened and southern storms became more dominant. It was during this time frame that a few intense storms passed along a corridor from Franklin to Clay Counties, including a short bowing segment that resulted in several wind damage reports. Finally by 11 PM CDT, storm intensity trended downward and no additional severe weather was reported despite activity lingering well past midnight mainly south of Interstate 80 and east of Highway 281. ||This severe weather event was anticipated several days in advance, and featured a Moderate Risk Day 1 Convective Outlook from the Storm Prediction Center. The primary forcing mechanism aloft was a strong shortwave pushing northeast out of Colorado, along the southeast periphery of a deep mid-level low centered in Montana. At the surface, the aforementioned slow-moving cold front served as the primary low-level trigger, as it aligned from northwest Kansas to northeast Nebraska at mid-afternoon. As this strong upper forcing intercepted the cold front and severe storms erupted, mesoscale convective parameters featured between 1000-2000 J/kg mixed-layer CAPE and impressive 0-6 kilometer vertical wind shear of 50-70 knots. A potentially more significant tornado threat was likely kept in check by somewhat high cloud bases, resulting from surface temperature-dewpoint spreads of 20-30F early in the event.",23
373444,BOONE CO.,CLOSTER,05/27/2012,1705,Tornado, ,EF0,0,0,0,0,NE,CST-6, ,62420,C,11,OAX,0,0,Public, ,1.71,55,4,SSE,3,SE,CLOSTER,05/27/2012,1708,41.82,-97.87,41.844,-97.8621,"A tornado briefly touched down in an open field south of Highway 32 northeast of Albion.  The tornado caused no apparent damage.","Scattered thunderstorms, including a few supercell/tornado producing storms, developed ahead of and along a cold front that pressed into eastern Nebraska during the afternoon and evening of May 27th.  Temperatures ahead of the front climbed into the upper 80s to lower 90s.  So even though dew point temperatures were in the 50s and lower 60s, not especially high for the season, the high temperatures, an upper level disturbance driving the front east, and deeper mid level moisture all contributed to the strength of the storms this evening.  The storms also produced pockets of very heavy rainfall as they tracked repeatedly across some locations.",24
373447,MADISON CO.,MADISON,05/27/2012,1730,Tornado, ,EF0,0,0,0,0,NE,CST-6, ,62420,C,119,OAX,0,0,Fire Department/Rescue, ,1.75,75,8,W,8,W,MADISON,05/27/2012,1732,41.8282,-97.6345,41.8512,-97.6204,"A tornado was on the ground for a few minutes near Highways 121 and 32.  The tornado was caught on video by a storm chaser.","Scattered thunderstorms, including a few supercell/tornado producing storms, developed ahead of and along a cold front that pressed into eastern Nebraska during the afternoon and evening of May 27th.  Temperatures ahead of the front climbed into the upper 80s to lower 90s.  So even though dew point temperatures were in the 50s and lower 60s, not especially high for the season, the high temperatures, an upper level disturbance driving the front east, and deeper mid level moisture all contributed to the strength of the storms this evening.  The storms also produced pockets of very heavy rainfall as they tracked repeatedly across some locations.",25
386890,POLK CO.,LUCK,05/27/2012,1913,Tornado, ,EF0,0,0,0,0,WI,CST-6, ,62413,C,95,MPX,0,0,Storm Chaser, ,0.19,25,2,NNE,2,NE,LUCK,05/27/2012,1915,45.5922,-92.4596,45.5938,-92.4563,"A tornado occasionally touched down during a two minute span filmed by a storm chaser. It appeared to be rather weak. The tornado touched down in a marsh area and caused no damage.","Bands of thunderstorms developed during the evening of Sunday, May 27th, across portions of southwest, and east central Minnesota. The storms that moved from east central Minnesota, northeast into west central Wisconsin, became severe, along with several rounds of the storms in Polk County.  This caused flash flooding in the county, along with rainfall amounts as high as 2 to 4 inches in less than 3 hours.  In addition, two separate storms caused a few trees to blow down near Frederic and Clam Falls.  One brief weak tornado touched down northeast of Luck.",26
374621,ST. LUCIE CO.,PORT ST LUCIE,05/28/2012,1358,Tornado, ,EF0,0,0,20000,0,FL,EST-5, ,62642,C,111,MLB,0,0,Law Enforcement, ,0.69,40,1,NE,2,WSW,WALTON,05/28/2012,1402,27.287,-80.3072,27.2873,-80.2959,"A line of thunderstorms formed along the sea breeze boundary within the far outer circulation of Tropical Storm Beryl. One of the storms produced a brief tornado in Lyngate Park and near the Saint Lucie Medical Center near Port Saint Lucie. Estimated sustained winds were around 65 mph, consistent with low-end EF0 damage. Minor damage was sustained to the roofs of two homes, several fences were knocked over, and a few small trees were downed. The tornado was witnessed by a Saint Lucie County Sheriff Officer and damage assessment was relayed from Saint Lucie County Emergency Management. No injuries or fatalities occurred.","Tropical Storm Beryl impacted east central Florida during May 27-29. Rainbands directly related to the tropical storm impacted mainly areas north of a line from Orlando to Cape Canaveral. Indirect impacts occurred farther south as additional rainbands developed during daytime heating and produced scattered thunderstorms with heavy rain, gusty winds, and an isolated short-lived tornado.",27
373723,LEVY CO.,YANKEETOWN,05/29/2012,1313,Tornado, ,EF0,0,0,0,0,FL,EST-5, ,62461,C,75,TBW,0,0,Fire Department/Rescue, ,2.84,200,2,W,2,N,YANKEETOWN,05/29/2012,1317,29.0348,-82.7569,29.0561,-82.7168,"A large waterspout moved onshore at Hodges Island, then began to dissipate.  Damage was limited to trees as the tornado was just north of roads and buildings in this rural area.","The outer bands of Tropical Storm Beryl began to move over west central Florida on the 27th, before the center made landfall near Jacksonville early on the 28th.  Beryl then became a tropical depression less than 12 hours later as it curved northward to the Georgia border.  Beryl created onshore flow in west central Florida leading to isolated areas of heavy rain and tornadoes.||In Levy county, wind gusts of up to 38 knots with sustained winds of 20 to 25 knots were measured.  Rainfall of 1.25 inches was measured at the COOP station at Usher Tower.||In Citrus county, sustained winds of around 20 knots were measured across the county.  Rainfall of 3.98 inches was measured at the COOP station at Inverness 3 SE.||In Hernando county, sustained winds of 25 to 30 knots were measured across the county.  Rainfall of three to five inches was measured, with 5.00 inches measured at the COOP station at Brooksville - Chin Hill.  Radar rainfall estimates were as high as 8 inches in some parts of the county.||In Sumter County, rainfall of 2.83 inches was measured at the COOP site at Bushnell.||In Pasco County, sustained winds of 20 to 25 knots were measured across the county.  The COOP site at St. Leo measured 3.31 inches of rain.||In Pinellas County, thunderstorm wind gusts of up to 48 knots, with sustained wind gusts of 20 to 25 knots were measured.  Rainfall an inch or more were measured over the northern half of the county, with 1.12 inches measured at the COOP site at Tarpon Springs.||In Hillsborough County, thunderstorm wind gusts of up to 38 knots with sustained winds of around 25 knots were measured across the county.  Rainfall of around one inch or more were measured over most of the county, with 1.60 inches measured at the COOP station at Hillsborough River State Park.||In Polk County, thunderstorm wind gusts of up to 40 knots with sustained winds of around 30 knots were measured across the county.  The highest rainfall measured was 1.12 inches at the COOP site at Lakeland.||In Manatee County, sustained winds of around 20 knots were measured across the county.  Rainfall of over an inch were measured around the county, with 1.86 inches measured at the COOP station at Fort Green 12 WSW.||Over southwest Florida, sustained winds of around 20 knots were measured, with rainfall generally less than one inch were measured.",28
376759,ORLEANS CO.,SOUTH ALBANY,05/29/2012,1425,Tornado, ,EF0,0,0,10000,0,VT,EST-5, ,62670,C,19,BTV,0,0,NWS Storm Survey, ,0.27,100,2,ENE,2,ENE,SOUTH ALBANY,05/29/2012,1426,44.6965,-72.2609,44.6928,-72.2592,"Tornado touched down near a private residence on Beach Hill road and tracked eastward for approximately 1/3 mile. Maximum width was 100 yards. Damage was limited to a chimney of the private residence and approximately 45 trees.","A warm front moved across Vermont during the morning hours of May 29th, which lead to numerous thunderstorms with heavy rain, damaging lightning and some isolated large hail and strong winds. Some of these thunderstorms deposited up to 2 inches of rainfall in portions of north-central and northeast Vermont.||A warm, humid and unstable air mass was draped across the region in the afternoon with an approaching cold front from Ontario, Canada. Numerous thunderstorms developed ahead of the cold front during the afternoon crossing New York into Vermont. There were numerous reports of hail greater than an inch in diameter, damaging winds, along with a confirmed EF0 tornado in West Glover VT. ||Some of these storms trained across the same areas, including those that witnessed nearly two inches of rain earlier in the day. The end result was flash flooding in portions of north-central, northeast Vermont and Addison county with radar estimated storm total rainfall of 3 to 5 inches.",29
386213,CANADIAN CO.,PIEDMONT,05/29/2012,1926,Tornado, ,EF1,0,0,5000,0,OK,CST-6, ,64128,C,17,OUN,0,0,Emergency Manager, ,1,30,3,WSW,3,WSW,PIEDMONT,05/29/2012,1928,35.6236,-97.7984,35.6236,-97.7984,"Numerous people observed a small tornado that touched down near northwest 150th Street and Richland Road to the WSW of Piemont. The tornado damaged the roof of a trailer. Monetary damages estimated.","A surface low developed over the Texas Panhandle through the day, lifting a stationary front northward as a warm front across Oklahoma. As the surface low deepened, a potent dryline developed over western Oklahoma. Despite somewhat marginal upper level winds for supercells, effective shear was highly supportive of sustained rotating thunderstorms which propagated east-southeastward through the afternoon. Storms began during the mid to late afternoon over parts of north-central and northwest Oklahoma, and migrated southward into the Oklahoma City metropolitan area by evening. Significant damage occurred across the Oklahoma City area due to very large hail and severe winds. A couple of brief tornadoes also occurred northwest of Oklahoma City. Total damages of $400 to $500 million were estimated across the Oklahoma City Metropolitan area.",30
386216,CANADIAN CO.,UNION CITY,05/29/2012,2015,Tornado, ,EF0,0,0,0,0,OK,CST-6, ,64128,C,17,OUN,0,0,Storm Chaser, ,1,30,3,W,3,W,UNION CITY,05/29/2012,2016,35.384,-97.99,35.384,-97.99,"Storm chasers observed a small tornado to the west of Union City. Some light damage was reported near Reformatory Road to the south of southwest 74th Street.","A surface low developed over the Texas Panhandle through the day, lifting a stationary front northward as a warm front across Oklahoma. As the surface low deepened, a potent dryline developed over western Oklahoma. Despite somewhat marginal upper level winds for supercells, effective shear was highly supportive of sustained rotating thunderstorms which propagated east-southeastward through the afternoon. Storms began during the mid to late afternoon over parts of north-central and northwest Oklahoma, and migrated southward into the Oklahoma City metropolitan area by evening. Significant damage occurred across the Oklahoma City area due to very large hail and severe winds. A couple of brief tornadoes also occurred northwest of Oklahoma City. Total damages of $400 to $500 million were estimated across the Oklahoma City Metropolitan area.",31
373906,ORANGEBURG CO.,HOLLY HILL ARPT,05/29/2012,2103,Tornado, ,EF1,0,0,20000,2000,SC,EST-5, ,62496,C,75,CAE,0,0,NWS Storm Survey, ,1.52,60,1,ESE,1,NNE,HOLLY HILL ARPT,05/29/2012,2105,33.31,-80.36,33.329,-80.3733,"NWS storm survey found a weak EF1 tornado touched down just southeast of Holly Hill taking out tops of trees, uprooting trees, and causing minor damage to a home.  The tornado continued through a corn field leaving flattened swirls of corn in its wake.","Remnants of Tropical Storm Beryl produced an EF1 tornado in the Holly Hill area taking down trees, corn crops, and doing minor damage to a home.",32
380991,CARTERET CO.,TRUTTNEYS LNDG,05/30/2012,934,Tornado, ,EF1,0,0,600000,0,NC,EST-5, ,63650,C,31,MHX,0,0,State Official, ,0.57,250,1,N,1,NW,TRUTTNEYS LNDG,05/30/2012,936,34.73,-77.1,34.73,-77.11,"Confirmed EF1 tornado with winds of 110 mph touched down 1.5 miles west of Peletier. The tornado tracked west-northwest for about 1/2 mile then lifted near the White Oak River. Approximately 67 homes were damaged, most minor, however 3 mobile homes and a garage were completely destroyed. No injuries or fatalities were reported.","Tropical Depression Beryl tracked northeast just offshore of the North Carolina coast on May 30th 2012. Beryl produced widespread heavy rain across the region with some flooding. One tornado also touched down in Carteret county damaging many homes.",33
384337,SHERMAN CO.,EDSON,05/30/2012,1400,Tornado, ,EF0,0,0,0,0,KS,MST-7, ,64182,C,181,GLD,0,0,NWS Employee, ,0.25,10,10,NE,10,NE,EDSON,05/30/2012,1420,39.43,-101.41,39.43,-101.41,"Employee reported a small landspout tornado that eventually dissipated after 20 minutes.  Little movement noted and tornado remained over open fields with no known damage.","A cluster of thunderstorms formed during the afternoon hours and moved southeast across portions of northwest Kansas and extreme southwest Nebraska.  The storms produced one landspout tornado and hail up to the size of golf balls.",34
375204,COTTLE CO.,PADUCAH RICHARDS ARP,05/30/2012,1655,Tornado, ,EF0,0,0,0,0,TX,CST-6, ,62580,C,101,LUB,0,0,NWS Employee, ,0.69,30,1,SSW,1,SSW,PADUCAH RICHARDS ARP,05/30/2012,1658,34.0114,-100.2839,34.0015,-100.2853,"An off-duty NWS employee observed a non-mesocyclonic tornado attached to the flanking line of a supercell. The tornado was a cylindrical column of dirt and moved slowly SSW over an open field causing no damage.","Very strong instability and ample wind shear created a volatile airmass in the eastern Panhandle and Rolling Plains on the afternoon and evening of the 30th. A weak surface low moved into the northeast South Plains early in the afternoon and enhanced lift along a sharp dryline and residual outflow boundary. By mid-afternoon, a pair of thunderstorms erupted in Hall and Motley Counties and quickly became supercells while moving to the east and southeast. These storms produced very large and even giant hail at times and were accompanied by intense inflow and outflow wind gusts at or above 60 mph.||The second of these supercells produced several gustnadoes and at least four weak, non-mesocyclonic tornadoes under its flanking line as it moved through central Cottle County. However, all of the damage in and around the Paducah area was attributed to ferocious winds in the rear flank downdraft (RFD) of this supercell. Although NWS radars from both Lubbock, TX and Frederick, OK indicated a high probability of a significant tornado in far eastern Cottle County from this same storm, a NWS storm survey found no such evidence despite a large tornado having occurred a short while later in nearby western Foard County.||By early evening, a third supercell developed northwest of Paducah and tracked south-southeast into King County. This storm produced a weak tornado about nine miles west of Paducah that moved over open land before crossing Highway 70 and dissipating. While in King County, this supercell produced scattered to widespread structural and tree damage in Guthrie from intense RFD winds estimated to be at least 80 mph.",35
375220,COTTLE CO.,PADUCAH RICHARDS ARP,05/30/2012,1659,Tornado, ,EF0,0,0,0,0,TX,CST-6, ,62580,C,101,LUB,0,0,NWS Employee, ,0.38,30,1,S,2,S,PADUCAH RICHARDS ARP,05/30/2012,1702,34.0009,-100.2832,33.9958,-100.2856,"An off-duty NWS employee observed a second non-mesocyclonic tornado under the flanking line of a supercell. The tornado was a cylindrical column of dirt and moved slowly SSW over an open field causing no damage.","Very strong instability and ample wind shear created a volatile airmass in the eastern Panhandle and Rolling Plains on the afternoon and evening of the 30th. A weak surface low moved into the northeast South Plains early in the afternoon and enhanced lift along a sharp dryline and residual outflow boundary. By mid-afternoon, a pair of thunderstorms erupted in Hall and Motley Counties and quickly became supercells while moving to the east and southeast. These storms produced very large and even giant hail at times and were accompanied by intense inflow and outflow wind gusts at or above 60 mph.||The second of these supercells produced several gustnadoes and at least four weak, non-mesocyclonic tornadoes under its flanking line as it moved through central Cottle County. However, all of the damage in and around the Paducah area was attributed to ferocious winds in the rear flank downdraft (RFD) of this supercell. Although NWS radars from both Lubbock, TX and Frederick, OK indicated a high probability of a significant tornado in far eastern Cottle County from this same storm, a NWS storm survey found no such evidence despite a large tornado having occurred a short while later in nearby western Foard County.||By early evening, a third supercell developed northwest of Paducah and tracked south-southeast into King County. This storm produced a weak tornado about nine miles west of Paducah that moved over open land before crossing Highway 70 and dissipating. While in King County, this supercell produced scattered to widespread structural and tree damage in Guthrie from intense RFD winds estimated to be at least 80 mph.",36
375221,COTTLE CO.,PADUCAH RICHARDS ARP,05/30/2012,1700,Tornado, ,EF0,0,0,0,0,TX,CST-6, ,62580,C,101,LUB,0,0,NWS Employee, ,0.32,20,1,S,2,S,PADUCAH RICHARDS ARP,05/30/2012,1702,34.0018,-100.2805,33.9972,-100.2798,"An off-duty NWS employee observed a third non-mesocyclonic tornado attached to the flanking line of a supercell. The tornado was a cylindrical column of dirt and moved slowly south over an open field causing no damage.","Very strong instability and ample wind shear created a volatile airmass in the eastern Panhandle and Rolling Plains on the afternoon and evening of the 30th. A weak surface low moved into the northeast South Plains early in the afternoon and enhanced lift along a sharp dryline and residual outflow boundary. By mid-afternoon, a pair of thunderstorms erupted in Hall and Motley Counties and quickly became supercells while moving to the east and southeast. These storms produced very large and even giant hail at times and were accompanied by intense inflow and outflow wind gusts at or above 60 mph.||The second of these supercells produced several gustnadoes and at least four weak, non-mesocyclonic tornadoes under its flanking line as it moved through central Cottle County. However, all of the damage in and around the Paducah area was attributed to ferocious winds in the rear flank downdraft (RFD) of this supercell. Although NWS radars from both Lubbock, TX and Frederick, OK indicated a high probability of a significant tornado in far eastern Cottle County from this same storm, a NWS storm survey found no such evidence despite a large tornado having occurred a short while later in nearby western Foard County.||By early evening, a third supercell developed northwest of Paducah and tracked south-southeast into King County. This storm produced a weak tornado about nine miles west of Paducah that moved over open land before crossing Highway 70 and dissipating. While in King County, this supercell produced scattered to widespread structural and tree damage in Guthrie from intense RFD winds estimated to be at least 80 mph.",37
375252,COTTLE CO.,PADUCAH,05/30/2012,1713,Tornado, ,EF0,0,0,0,0,TX,CST-6, ,62580,C,101,LUB,0,0,NWS Employee, ,0.56,30,4,S,4,S,PADUCAH,05/30/2012,1715,33.9634,-100.2969,33.9556,-100.2939,"Multiple storm chasers including two off-duty NWS employees observed a non-mesocyclonic rope tornado about four miles south-southeast of Paducah. The tornado remained over open land and caused no known damage.","Very strong instability and ample wind shear created a volatile airmass in the eastern Panhandle and Rolling Plains on the afternoon and evening of the 30th. A weak surface low moved into the northeast South Plains early in the afternoon and enhanced lift along a sharp dryline and residual outflow boundary. By mid-afternoon, a pair of thunderstorms erupted in Hall and Motley Counties and quickly became supercells while moving to the east and southeast. These storms produced very large and even giant hail at times and were accompanied by intense inflow and outflow wind gusts at or above 60 mph.||The second of these supercells produced several gustnadoes and at least four weak, non-mesocyclonic tornadoes under its flanking line as it moved through central Cottle County. However, all of the damage in and around the Paducah area was attributed to ferocious winds in the rear flank downdraft (RFD) of this supercell. Although NWS radars from both Lubbock, TX and Frederick, OK indicated a high probability of a significant tornado in far eastern Cottle County from this same storm, a NWS storm survey found no such evidence despite a large tornado having occurred a short while later in nearby western Foard County.||By early evening, a third supercell developed northwest of Paducah and tracked south-southeast into King County. This storm produced a weak tornado about nine miles west of Paducah that moved over open land before crossing Highway 70 and dissipating. While in King County, this supercell produced scattered to widespread structural and tree damage in Guthrie from intense RFD winds estimated to be at least 80 mph.",38
386219,FOARD CO.,CROWELL,05/30/2012,1727,Tornado, ,EF0,0,0,0,0,TX,CST-6, ,64322,C,155,OUN,0,0,Storm Chaser, ,2,400,15,WSW,15,WSW,CROWELL,05/30/2012,1730,33.87,-99.95,33.87,-99.95,"A storm chaser reported a large rain-wrapped tornado estimated to be about 10 miles northwest of Truscott. This tornado occurred in open country and no damage was reported. This tornado may have been a longer duration event, but the high-precipitation character of the storm and lack of damage likely prevented confirmation of the tornado through much of the tornado's life cycle.","Another active weather day occurred across north Texas as a surface low deepened across the Texas Panhandle. This drove a dryline into western north Texas during the late afternoon hours. Severe storms developed rapidly along and ahead of the dryline in a moist and unstable environment with upper level winds support of sustained supercell storms. Large hail and damaging winds were reported over the area along with at least one tornado.",39
384951,RUNNELS CO.,BALLINGER BRUCE ARPT,05/30/2012,1738,Tornado, ,EF0,0,0,0,0,TX,CST-6, ,64290,C,399,SJT,0,0,Trained Spotter, ,0.1,25,9,SE,9,SE,BALLINGER BRUCE ARPT,05/30/2012,1739,31.5789,-99.863,31.5779,-99.8618,"A brief tornado was reported along the Runnels and Concho County Line approximately 2 miles east of U.S. Highway 83.  This tornado was also recorded on video.","A westward moving outflow boundary, formed from a dying Mesoscale Convective System, collided with a dryline across West Central Texas beneath a highly sheared storm environment.  This resulted in the development of a long tracked isolated supercell that produced a few weak tornadoes, damaging winds, and large hail.",40
384948,CONCHO CO.,CONCHO,05/30/2012,1747,Tornado, ,EF0,0,0,0,0,TX,CST-6, ,64290,C,95,SJT,0,0,Amateur Radio, ,0.1,25,4,W,4,W,CONCHO,05/30/2012,1748,31.53,-99.8411,31.53,-99.8394,"A rain wrapped tornado was reported approximately 5 miles east northeast of Paint Rock on Farm to Market Road 1929.","A westward moving outflow boundary, formed from a dying Mesoscale Convective System, collided with a dryline across West Central Texas beneath a highly sheared storm environment.  This resulted in the development of a long tracked isolated supercell that produced a few weak tornadoes, damaging winds, and large hail.",41
375090,COTTLE CO.,NARCISSO,05/30/2012,1814,Tornado, ,EF0,0,0,0,0,TX,CST-6, ,62580,C,101,LUB,0,0,NWS Employee, ,4.77,200,3,NNE,3,SE,NARCISSO,05/30/2012,1817,34.0393,-100.4535,33.9722,-100.4343,"An off-duty NWS employee documented a partially rain-wrapped tornado move south-southeast over US Highway 70 about 9W Paducah. The initially large cone tornado was largely obscured in rain curtains before later emerging and shrinking in girth. Aside from crossing the highway, the tornado remained over open land. A NWS storm survey the following day revealed no damage.","Very strong instability and ample wind shear created a volatile airmass in the eastern Panhandle and Rolling Plains on the afternoon and evening of the 30th. A weak surface low moved into the northeast South Plains early in the afternoon and enhanced lift along a sharp dryline and residual outflow boundary. By mid-afternoon, a pair of thunderstorms erupted in Hall and Motley Counties and quickly became supercells while moving to the east and southeast. These storms produced very large and even giant hail at times and were accompanied by intense inflow and outflow wind gusts at or above 60 mph.||The second of these supercells produced several gustnadoes and at least four weak, non-mesocyclonic tornadoes under its flanking line as it moved through central Cottle County. However, all of the damage in and around the Paducah area was attributed to ferocious winds in the rear flank downdraft (RFD) of this supercell. Although NWS radars from both Lubbock, TX and Frederick, OK indicated a high probability of a significant tornado in far eastern Cottle County from this same storm, a NWS storm survey found no such evidence despite a large tornado having occurred a short while later in nearby western Foard County.||By early evening, a third supercell developed northwest of Paducah and tracked south-southeast into King County. This storm produced a weak tornado about nine miles west of Paducah that moved over open land before crossing Highway 70 and dissipating. While in King County, this supercell produced scattered to widespread structural and tree damage in Guthrie from intense RFD winds estimated to be at least 80 mph.",42
384957,CONCHO CO.,MILLERSVIEW,05/30/2012,1820,Tornado, ,EF0,0,0,0,0,TX,CST-6, ,64290,C,95,SJT,0,0,Trained Spotter, ,0.15,25,1,ESE,1,SE,MILLERSVIEW,05/30/2012,1827,31.41,-99.75,31.408,-99.7512,"A trained storm spotter in the Millersview area observed this tornado 40 to 50 yards east of his location.  The tornado remained in open fields and briefly touched down.","A westward moving outflow boundary, formed from a dying Mesoscale Convective System, collided with a dryline across West Central Texas beneath a highly sheared storm environment.  This resulted in the development of a long tracked isolated supercell that produced a few weak tornadoes, damaging winds, and large hail.",43
392061,HODGEMAN CO.,JETMORE,05/30/2012,1825,Tornado, ,EF0,0,0,0,0,KS,CST-6, ,65481,C,83,DDC,0,0,Storm Chaser, ,0.35,75,8,NE,5,NW,HANSTON,05/30/2012,1827,38.1619,-99.7959,38.1583,-99.7912,"A brief tornado occurred but did not cause any damage as it moved southeast.","A weak surface boundary provided enough forcing to help produce thunderstorms in a very unstable atmosphere during the afternoon.",44
392063,HODGEMAN CO.,JETMORE MUNI ARPT,05/30/2012,1835,Tornado, ,EF0,0,0,0,0,KS,CST-6, ,65481,C,83,DDC,0,0,Storm Chaser, ,0.17,30,2,NNW,2,NNW,JETMORE MUNI ARPT,05/30/2012,1837,38.0076,-99.895,38.0054,-99.8939,"A second brief tornado was observed but it did not cause any damage.","A weak surface boundary provided enough forcing to help produce thunderstorms in a very unstable atmosphere during the afternoon.",45
391763,MONTGOMERY CO.,PURDUM,06/01/2012,1329,Tornado, ,EF0,0,0,5000,0,MD,EST-5, ,65430,C,31,LWX,0,0,NWS Storm Survey, ,0.56,150,0,SSW,0,NW,PURDUM,06/01/2012,1332,39.274,-77.232,39.282,-77.233,"A tornado uprooted nearly two dozen trees in a wooded area along western sections of Kings Valley Drive between Kingstead and Mountain View Road. The tornado produced roofing damage to a barn in the 11000 Block of Mountain View Road.","Low pressure tracked through the Ohio Valley and into the Great Lakes. The warm front associated with this system passed through our region during the first. Plenty of moisture from the Gulf of Mexico and the Atlantic Ocean combined with strong forcing associated with the warm front, causing thunderstorms to develop. Moderate instability along with strong forcing caused some thunderstorms to become severe. ||Wind speed and direction changed rapidly with height near the warm front. This caused rotating thunderstorms, and some of them were able to produce tornadoes.",46
391764,MONTGOMERY CO.,POOLESVILLE,06/01/2012,1337,Tornado, ,EF0,0,0,5000,0,MD,EST-5, ,65430,C,31,LWX,0,0,NWS Storm Survey, ,0.56,50,4,SSW,3,SSW,POOLESVILLE,06/01/2012,1338,39.099,-77.446,39.107,-77.447,"Damage was observed to about a dozen trees and a street sign on Mount Ebo Road. |A video recording made at the time showed the tornado touching down where the damage occurred.","Low pressure tracked through the Ohio Valley and into the Great Lakes. The warm front associated with this system passed through our region during the first. Plenty of moisture from the Gulf of Mexico and the Atlantic Ocean combined with strong forcing associated with the warm front, causing thunderstorms to develop. Moderate instability along with strong forcing caused some thunderstorms to become severe. ||Wind speed and direction changed rapidly with height near the warm front. This caused rotating thunderstorms, and some of them were able to produce tornadoes.",47
391765,CARROLL CO.,MT AIRY,06/01/2012,1348,Tornado, ,EF0,0,0,5000,0,MD,EST-5, ,65430,C,13,LWX,0,0,NWS Storm Survey, ,0.43,100,2,SSE,1,SSE,MT AIRY,06/01/2012,1349,39.358,-77.139,39.364,-77.137,"The tornado produced sporadic damage near Twin Arch road. There were about two dozen trees uprooted along with large limbs snapped.","Low pressure tracked through the Ohio Valley and into the Great Lakes. The warm front associated with this system passed through our region during the first. Plenty of moisture from the Gulf of Mexico and the Atlantic Ocean combined with strong forcing associated with the warm front, causing thunderstorms to develop. Moderate instability along with strong forcing caused some thunderstorms to become severe. ||Wind speed and direction changed rapidly with height near the warm front. This caused rotating thunderstorms, and some of them were able to produce tornadoes.",48
391766,HOWARD CO.,WATERSVILLE JCT,06/01/2012,1352,Tornado, ,EF1,0,0,5000,0,MD,EST-5, ,65430,C,27,LWX,0,0,NWS Storm Survey, ,2.07,200,1,SW,1,ENE,WATERSVILLE JCT,06/01/2012,1354,39.357,-77.139,39.374,-77.107,"Intitial tornado damage occurred to trees along west Watersville Road just north of Old Frederick Road. The tornado tracked northeast across a large wooded area of West Watersville Road where a swath of large Hardwood trees were either snapped or uprooted. ||An area of intense damage consistent with EF-1 level winds was noted in the 500 Block of West Watersville Road where 30 to 40 large Hardwood trees up to two feet in diameter were uprooted or snapped twenty feet up.","Low pressure tracked through the Ohio Valley and into the Great Lakes. The warm front associated with this system passed through our region during the first. Plenty of moisture from the Gulf of Mexico and the Atlantic Ocean combined with strong forcing associated with the warm front, causing thunderstorms to develop. Moderate instability along with strong forcing caused some thunderstorms to become severe. ||Wind speed and direction changed rapidly with height near the warm front. This caused rotating thunderstorms, and some of them were able to produce tornadoes.",49
391768,MONTGOMERY CO.,CEDAR GROVE,06/01/2012,1409,Tornado, ,EF0,0,0,50000,0,MD,EST-5, ,65430,C,31,LWX,0,0,NWS Storm Survey, ,0.47,75,2,E,2,SSE,DAMASCUS,06/01/2012,1411,39.245,-77.194,39.251,-77.19,"The tornado caused tree damage along Pleasant View Lane. Some shingles were blown off house roofs and trees fell onto several homes and power lines. A house in the 23700 Block of Woodfield Road had minor damage to its eaves on the northeast-facing side. ||The tornado caused tree damage and minor structure damage to one home along Echo Creek Court.","Low pressure tracked through the Ohio Valley and into the Great Lakes. The warm front associated with this system passed through our region during the first. Plenty of moisture from the Gulf of Mexico and the Atlantic Ocean combined with strong forcing associated with the warm front, causing thunderstorms to develop. Moderate instability along with strong forcing caused some thunderstorms to become severe. ||Wind speed and direction changed rapidly with height near the warm front. This caused rotating thunderstorms, and some of them were able to produce tornadoes.",50
391767,CARROLL CO.,EASTVIEW,06/01/2012,1421,Tornado, ,EF1,0,0,200000,0,MD,EST-5, ,65430,C,13,LWX,0,0,NWS Storm Survey, ,2.87,150,1,S,1,E,SANDYVILLE,06/01/2012,1430,39.503,-76.952,39.527,-76.908,"The tornado snapped and uprooted several trees along the 2600 Block of Bird View Road. The most concentrated damage was focused along and north off Green Mill Road where numerous hardwood trees were uprooted and snapped, with some tree trunk diameters in excess of two feet. A tree fell onto a house, leaving that residence uninhabitable. ||The tornado tracked across MD State Route 140, after passing near the Finksburg Library, producing scattered tree damage.","Low pressure tracked through the Ohio Valley and into the Great Lakes. The warm front associated with this system passed through our region during the first. Plenty of moisture from the Gulf of Mexico and the Atlantic Ocean combined with strong forcing associated with the warm front, causing thunderstorms to develop. Moderate instability along with strong forcing caused some thunderstorms to become severe. ||Wind speed and direction changed rapidly with height near the warm front. This caused rotating thunderstorms, and some of them were able to produce tornadoes.",51
391769,HOWARD CO.,SCAGGSVILLE,06/01/2012,1529,Tornado, ,EF0,0,0,100000,0,MD,EST-5, ,65430,C,27,LWX,0,0,NWS Storm Survey, ,1.58,150,1,E,1,SE,SIMPSONVILLE,06/01/2012,1532,39.15,-76.878,39.172,-76.87,"The tornado topped a few trees in a neighborhood just north of Hammond Middle School and south of the 10500 Block of Gorman Road. ||The tornado uprooted and topped trees at the end of Broad Cloth Way. The most intense damage was in the 7400 Block of Weather Worn Way near the intersection with Eden Brook Drive, where about two dozen mature hardwood trees were uprooted and snapped behind two homes. There was roof damage to a house after a large tree fell onto it, and another home across fro a Day Care Center on Eden Brook had its chimney blown over. ||After passing north of Eden Brook Driver near First League, tornado damage was more intermittent, with several trees topped. One large limb fell on a house on Kindler Road at Single Wheel Path. The tornado lifted before crossing Route 32. An eyewitness on Route 32 near Interstate 95 approximately two miles away observed the tornado just before it lifted.","Low pressure tracked through the Ohio Valley and into the Great Lakes. The warm front associated with this system passed through our region during the first. Plenty of moisture from the Gulf of Mexico and the Atlantic Ocean combined with strong forcing associated with the warm front, causing thunderstorms to develop. Moderate instability along with strong forcing caused some thunderstorms to become severe. ||Wind speed and direction changed rapidly with height near the warm front. This caused rotating thunderstorms, and some of them were able to produce tornadoes.",52
375255,YORK CO.,ADAMSVILLE,06/01/2012,1532,Tornado, ,EF0,0,0,25000,0,PA,EST-5, ,62720,C,133,CTP,0,0,NWS Storm Survey, ,0.04,25,1,S,1,S,ADAMSVILLE,06/01/2012,1532,39.8593,-76.6224,39.8593,-76.6224,"A National Weather Service survey team concluded that a tornado briefly touched down in North Hopewell Township in southern York County, about 2 miles north of the town of Winterstown during the afternoon of Friday, June 1. Damage was confined to one property on Lists Road, near the intersection of Route 24, where an entire roof was lifted off a single story home, and one tree was damaged. Although damage from the tornado was limited, strong video and photographic evidence was available to support the tornado. Maximum winds were estimated at 70 mph, making this an EF0. There were no injuries or fatalities.","Strongly forced ascent associated with an upper level trough and surface cold front produced a fast-moving line of low-topped thunderstorms along the spine of the Appalachians during the afternoon. As the front crossed the Alleghenies during the late afternoon and interacted with greater instability east of the mountains, more vigorous storm development was observed with intense bowing/squall line segments producing widespread thunderstorm wind damage as they accelerated eastward through the central mountains into the ridge and valley region. Multiple reports of wind damage were verified with an isolated spin-up/gustnado confirmed in southern Clearfield County. ||To the south and east of the advancing cold front, an enhanced but focused tornado threat evolved near a developing frontal wave and attendant warm front/triple point. |As the warm front lifted northward from the Baltimore/Washington D.C. area into south-central and southeastern Pennsylvania, the convective environment become very favorable for tornadoes as very strong low level wind shear overspread the area. Several rotating storm signatures were observed via radar with two weak (EF0) tornadoes confirmed in Bedford and York Counties.",53
377993,OKEECHOBEE CO.,NORTH OKEECHOBEE,06/01/2012,1613,Tornado, ,EF0,0,0,0,0,FL,EST-5, ,62612,C,93,MLB,0,0,Emergency Manager, ,0.9,20,3,ENE,3,N,CYPRESS QUARTERS,06/01/2012,1615,27.2902,-80.7899,27.2955,-80.7765,"A brief tornado with estimated winds of 55 to 65 mph, or weak EF-0 strength, touched down in a rural, un-populated area east of U.S. Highway 441 and north of Highway 70, to the northeast of Okeechobee town. The touchdown was confirmed several days after it occurred, when the Florida Forest Service flew along the radar-based track of the storm. Sporadic wind damage was found along the storm track, consisting of isolated debris and vegetation blown-downs.","A band of heavy showers and isolated thunderstorms developed ahead of an upper trough which moved through east central Florida during the day. One storm acquired rotation during the afternoon hours and produced a short-lived tornado in a rural area. A funnel cloud was also spotted in association with the storm shortly thereafter.",54
407744,PASQUOTANK CO.,ELIZABETH CITY ARPT,06/01/2012,1618,Tornado, ,EF0,0,0,0,0,NC,EST-5, ,65377,C,139,AKQ,0,0,Law Enforcement, ,0.56,50,2,NNW,2,NNW,ELIZABETH CITY ARPT,06/01/2012,1620,36.28,-76.29,36.28,-76.28,"State police reported a tornado touchdown in farmland just west of Highway 17 near Elizabeth City.","Scattered severe thunderstorms in advance of a cold front produced damaging winds across portions of northeast North Carolina.",55
390625,WESTMORELAND CO.,OAK GROVE,06/01/2012,1625,Tornado, ,EF1,0,0,3000000,0,PA,EST-5, ,63336,C,129,PBZ,0,0,NWS Storm Survey, ,4.81,300,1,SSW,3,SSW,WEST FAIRFIELD,06/01/2012,1630,40.2595,-79.2053,40.3108,-79.1437,"The National Weather Service office in Pittsburgh Pennsylvania confirmed an EF1 tornado touched down near Ligonier in Westmoreland county on June 1st. The tornado initially touched down a quarter mile east of the Borough of Ligonier and traveled northeast causing sporadic damage over a path of approximately 5 miles before lifting east of the Champion Lakes golf course. ||The most intense damage occurred to a house on Robb Road, where the entire roof was blown off. The width of the tornado at this location was approximately 100 yards. Another mile or two north, along route 711 and Stanislaw Farms, 10-20 trees were snapped at the truck or uprooted. Three stationary vehicles were moved three to six feet. ||Sporadic snapping and uprooting of trees was observed until reaching the Antiochian Village. There, 14 cabins sustained minor damage, mainly from snapped trees landing on roofs. Approximately 27 structures and 2 businesses experienced some level of damage. Insured damages were estimated to be near 3 million dollars.","A strong squall line associated with a cold front crossed through western Pennsylvania in the afternoon on the 1st. While most of the line remained sub-severe, a microburst over Neville Island caused the golf dome at Robert Morris University to collapse. In addition, an EF-1 tornado caused damage to parts of Ligonier Borough in Westmoreland county.",56
391775,PRINCE GEORGE'S CO.,BUENA VISTA,06/01/2012,1627,Tornado, ,EF0,0,0,2000,0,MD,EST-5, ,65430,C,33,LWX,0,0,NWS Storm Survey, ,0.9,50,1,WSW,0,NW,BUENA VISTA,06/01/2012,1628,38.944,-76.846,38.953,-76.834,"A short narrow damage path was encountered between Meadowhill Road and Forbes Boulevard, consisting of spotty tree damage. The debris field exhibited evidence of cyclonic curvature consistent with a weak EF-0 tornado.","Low pressure tracked through the Ohio Valley and into the Great Lakes. The warm front associated with this system passed through our region during the first. Plenty of moisture from the Gulf of Mexico and the Atlantic Ocean combined with strong forcing associated with the warm front, causing thunderstorms to develop. Moderate instability along with strong forcing caused some thunderstorms to become severe. ||Wind speed and direction changed rapidly with height near the warm front. This caused rotating thunderstorms, and some of them were able to produce tornadoes.",57
391635,BROWN CO.,COLUMBIA,06/01/2012,1627,Tornado, ,EF0,0,0,0,0,SD,CST-6, ,65370,C,13,ABR,0,0,Trained Spotter, ,0.48,10,2,N,2,N,COLUMBIA,06/01/2012,1629,45.65,-98.32,45.6448,-98.3133,"A tornado touched down briefly north of Columbia with no damage reported.","An upper level short wave trough brought a few severe thunderstorms which produced quarter size hail along with a few tornado touchdowns.",58
391771,ANNE ARUNDEL CO.,(FME)TIPTON AAF FT M,06/01/2012,1646,Tornado, ,EF0,0,0,3000,0,MD,EST-5, ,65430,C,3,LWX,0,0,NWS Storm Survey, ,0.15,75,2,S,1,SSW,(FME)TIPTON AAF FT M,06/01/2012,1647,39.047,-76.755,39.049,-76.756,"Damage consisted entirely of uprooted and snapped healthy trees along a brief and concentrated path that began near Lemon Bridge Road and Wildlife Loop South and ended near South Road and Wildlife South. In this portion of the forest, several trees were uprooted or snapped, with other adjacent trees exhibiting snapped limbs.","Low pressure tracked through the Ohio Valley and into the Great Lakes. The warm front associated with this system passed through our region during the first. Plenty of moisture from the Gulf of Mexico and the Atlantic Ocean combined with strong forcing associated with the warm front, causing thunderstorms to develop. Moderate instability along with strong forcing caused some thunderstorms to become severe. ||Wind speed and direction changed rapidly with height near the warm front. This caused rotating thunderstorms, and some of them were able to produce tornadoes.",59
391779,HARFORD CO.,BAGLEY,06/01/2012,1656,Tornado, ,EF1,0,2,300000,0,MD,EST-5, ,65430,C,25,LWX,0,0,NWS Storm Survey, ,1.2,300,1,SSE,1,WNW,BENSON,06/01/2012,1659,39.487,-76.393,39.504,-76.388,"Initial tree damage was noted in the Stoneybrook Community along Streamside Drive. The tornado crossed Mountain Road and then traveled along the many Strip Malls and Businesses along the Route 1-Belair Road Corridor in Pleasant Hills. Many downed trees and business signs were blown out. Roof and siding damage was also noted on several properties. ||A dentist office in Bel Air lost a portion of its roof. Some signs and debris were carried a half mile along the tornado track. ||The tornado reached its peak intensity along West Grove Avenue and Eutaw Place. The businesses in this area were severely damaged. Warehouses had their front doors and windows blown out and then had significant roof and wall damage as winds exited the structures. A light pickup truck was picked up by the wind and overturned. A small office and storage concrete block structure was unroofed and then had its walls blown in. The falling blocks fell on two men sheltering inside who were injured. ||A nearby Wal-Mart parking lot had street sign and some tree damage. The tornado created chaotic tree damage along Harford Road just west of Connelly Road in a residential area before lifting.","Low pressure tracked through the Ohio Valley and into the Great Lakes. The warm front associated with this system passed through our region during the first. Plenty of moisture from the Gulf of Mexico and the Atlantic Ocean combined with strong forcing associated with the warm front, causing thunderstorms to develop. Moderate instability along with strong forcing caused some thunderstorms to become severe. ||Wind speed and direction changed rapidly with height near the warm front. This caused rotating thunderstorms, and some of them were able to produce tornadoes.",60
375258,BEDFORD CO.,ALUM BANK,06/01/2012,1718,Tornado, ,EF0,0,0,25000,0,PA,EST-5, ,62720,C,9,CTP,0,0,NWS Storm Survey, ,1.51,75,2,ENE,1,SSW,WEYANT,06/01/2012,1720,40.188,-78.5841,40.2009,-78.561,"A storm survey team from the National Weather Service concluded that a short lived tornado touched down near Alum Bank in Bedford County. The tornado touched down at the intersection of Route 96 and Gordon Hall Road and was on the ground about one and one half miles before lifting up at the intersection of Route 96 and Township Road T606.  The tornado was embedded within a larger area of straight line winds. Maximum winds were estimated at 70 mph which damaged a barn and caused minor damage to three other structures. Approximately 30 trees were also knocked down from the storm which several witnesses reported as being accompanied by whirling clouds and a driving rain. There were no injuries or fatalities.","Strongly forced ascent associated with an upper level trough and surface cold front produced a fast-moving line of low-topped thunderstorms along the spine of the Appalachians during the afternoon. As the front crossed the Alleghenies during the late afternoon and interacted with greater instability east of the mountains, more vigorous storm development was observed with intense bowing/squall line segments producing widespread thunderstorm wind damage as they accelerated eastward through the central mountains into the ridge and valley region. Multiple reports of wind damage were verified with an isolated spin-up/gustnado confirmed in southern Clearfield County. ||To the south and east of the advancing cold front, an enhanced but focused tornado threat evolved near a developing frontal wave and attendant warm front/triple point. |As the warm front lifted northward from the Baltimore/Washington D.C. area into south-central and southeastern Pennsylvania, the convective environment become very favorable for tornadoes as very strong low level wind shear overspread the area. Several rotating storm signatures were observed via radar with two weak (EF0) tornadoes confirmed in Bedford and York Counties.",61
391806,ALLEGANY CO.,PINEY GROVE,06/01/2012,1731,Tornado, ,EF1,0,0,2000,0,MD,EST-5, ,65430,C,1,LWX,0,0,NWS Storm Survey, ,1.1,175,1,SSE,1,E,PINEY GROVE,06/01/2012,1732,39.688,-78.376,39.699,-78.361,"The tornado touched down near the intersection of Orleans Road NE and Turkey Farm Road NE. The track was nearly one mile long. The tornado snapped numerous trees and uprooted one large and several smaller trees.  Electrified fencing had to be repaired and trees removed from Turkey Farm Road NE.","Low pressure tracked through the Ohio Valley and into the Great Lakes. The warm front associated with this system passed through our region during the first. Plenty of moisture from the Gulf of Mexico and the Atlantic Ocean combined with strong forcing associated with the warm front, causing thunderstorms to develop. Moderate instability along with strong forcing caused some thunderstorms to become severe. ||Wind speed and direction changed rapidly with height near the warm front. This caused rotating thunderstorms, and some of them were able to produce tornadoes.",62
391636,PETERSBURG (C) CO.,PETERSBURG,06/01/2012,1802,Tornado, ,EF0,0,5,175000,0,VA,EST-5, ,65367,C,730,AKQ,0,0,NWS Storm Survey, ,3,150,4,SE,3,E,PETERSBURG,06/01/2012,1809,37.1791,-77.3817,37.2201,-77.3638,"The tornado tracked approximately 3 miles beginning on the western edge of Fort Hayes Common where a couple of trees were damaged. It then continued northeast through portions of the Battlefield Park, Oakhurst and East Walnut Hill sections of Petersburg. The tornado then crossed Interstate 95 causing minor damage, mainly windows blown out and signs damaged just east of the intersection of Route 460 and Hickory Hill Road. The last damage or debris was observed on the north side of the Petersburg National Battlefield. The tornado damage was characterized by trees, large limbs and power lines down. A number of trees fell on homes. The most significant damage occurred in the East Walnut Hill neighborhood and the northeast sections of the Oakhurst neighborhood.","Scattered severe thunderstorms in advance of a cold front produced damaging winds, large hail and several tornadoes across portions of central and eastern Virginia.",63
391802,ANNE ARUNDEL CO.,TIPTON AAF ARPT,06/01/2012,1806,Tornado, ,EF0,0,0,100000,0,MD,EST-5, ,65430,C,3,LWX,0,0,NWS Storm Survey, ,6.62,100,2,NE,1,NW,(BWI)BALTMOR-WSHNGTN,06/01/2012,1822,39.098,-76.744,39.179,-76.678,"Damage encountered along the circulation path was primarily trees, consisting of uprooted and snapped trees and limbs. ||Minor damage was  noted to eaves and siding at an apartment complex along Disney Road, where tree damage was also found. Damage to trees was encountered along Carriage drive, Golden Pine Circle and Gesna Road, and to trees and house siding along Fairbanks Drive. A sun room on one house in this area suffered uplift of a portion of its roof, but uplift appears to be the result in large part of channeled wind. ||A decaying tornado was observed by tower personnel and airport patrons crossing the western portion of a runway.","Low pressure tracked through the Ohio Valley and into the Great Lakes. The warm front associated with this system passed through our region during the first. Plenty of moisture from the Gulf of Mexico and the Atlantic Ocean combined with strong forcing associated with the warm front, causing thunderstorms to develop. Moderate instability along with strong forcing caused some thunderstorms to become severe. ||Wind speed and direction changed rapidly with height near the warm front. This caused rotating thunderstorms, and some of them were able to produce tornadoes.",64
407743,HANOVER CO.,HANOVER,06/01/2012,1817,Tornado, ,EF0,0,0,0,0,VA,EST-5, ,65367,C,85,AKQ,0,0,NWS Storm Survey, ,1.78,100,3,NNW,2,N,HANOVER,06/01/2012,1820,37.79,-77.4,37.78,-77.37,"A brief tornado touched down just west of Highway 301 tracking southeast. The tornado knocked down numerous trees blocking roads including Highway 301.","Scattered severe thunderstorms in advance of a cold front produced damaging winds, large hail and several tornadoes across portions of central and eastern Virginia.",65
391641,CLARK CO.,RAYMOND,06/01/2012,1859,Tornado, ,EF0,0,0,0,0,SD,CST-6, ,65370,C,25,ABR,0,0,Trained Spotter, ,2.38,20,2,ESE,4,SE,RAYMOND,06/01/2012,1904,44.91,-97.88,44.8826,-97.8504,"A tornado touched down east of Raymond and traveled over two miles before lifting. No damage was reported.","An upper level short wave trough brought a few severe thunderstorms which produced quarter size hail along with a few tornado touchdowns.",66
395185,HAMPTON (C) CO.,HAMPTON,06/01/2012,1913,Tornado, ,EF1,0,0,1000000,0,VA,EST-5, ,65367,C,650,AKQ,0,0,NWS Storm Survey, ,3.23,500,1,SSW,2,NE,HAMPTON,06/01/2012,1920,37.0034,-76.3553,37.04,-76.319,"The tornado began on the James River just east of the Monitor Merrimac Bridge Tunnel. Its track went over Chesapeake Avenue, through downtown Hampton to the Hampton Yacht Club before moving across Mercury Boulevard, then dissipating over the Chesapeake Bay. Numerous tents and vendor areas at the Blackbeard Festival were blown over. Hundreds of homes were damaged at both the Merrimac Shores and Withe Neighborhoods. At the Hampton Yacht Club, windows were blown out and the roof was partially damaged. Many trees were downed, some onto homes. A number of large oak trees 3 feet in diameter were felled by the tornado. The Hampton Roads Seafood building on Sunset Road and Armory's Seafood Restaurant also experienced roof damage. Several boats were damaged at the Crown Plaza Hotel Marina on King Street.","Scattered severe thunderstorms in advance of a cold front produced damaging winds, large hail and several tornadoes across portions of central and eastern Virginia.",67
375967,QUEEN ANNE'S CO.,HAYDEN,06/01/2012,1930,Tornado, ,EF0,0,0,100000,0,MD,EST-5, ,62587,C,35,PHI,0,0,NWS Storm Survey, ,5,50,2,SW,2,SW,HAYDEN,06/01/2012,1935,39.0559,-76.0045,39.0559,-76.0045,"An EF-0 tornado touched down in Queen Anne's County, northeast of Centreville around 830 p.m. EDT.  The tornado began just north of Shellcross Farm Lane and tracked about 5 miles northeast to between Route 19 and Route 302 before dissipating, remaining on the west side of Route 301.  Near the beginning of the tornado's path, in the 1200-block of White Marsh Road, the roof on one side of a large pole barn was torn off.  Its debris was scattered for a quarter to a half mile in all directions and damaged a nearby home.  Minor to moderate structural damage also occurred to several homes, barns, and outbuildings along Granny Branch Road, Route 405, and Route 19.  Damage to fencing and an overturned irrigation system was also observed along Route 405.  In addition, numerous trees were either snapped or uprooted along the tornado's 5-mile long path.  The tornado's maximum path width was about 50 yards, with a maximum estimated wind speed of 80 mph.  No injuries were reported.","A cold front approaching a moist, unstable airmass across the Middle Atlantic region triggered scattered strong to severe thunderstorms from the Eastern Shore of Maryland into portions of Delaware and Pennsylvania during the evening and overnight of the 1st.  One confirmed tornado occurred in the Eastern Shore of Maryland.",68
391645,CLARK CO.,WILLOW LAKE,06/01/2012,1948,Tornado, ,EF0,0,0,0,0,SD,CST-6, ,65370,C,25,ABR,0,0,Trained Spotter, ,0.54,10,6,N,5,N,WILLOW LAKE,06/01/2012,1950,44.7,-97.64,44.694,-97.6328,"A tornado touched down briefly north of Willow Lake with no damage reported.","An upper level short wave trough brought a few severe thunderstorms which produced quarter size hail along with a few tornado touchdowns.",69
395200,NORTHAMPTON CO.,CAPE CHARLES,06/01/2012,2008,Tornado, ,EF0,0,0,3000,0,VA,EST-5, ,65367,C,131,AKQ,0,0,NWS Storm Survey, ,0.73,75,3,N,3,SW,EASTVILLE,06/01/2012,2015,37.3125,-76.0192,37.3183,-76.008,"The tornado was spawned from the same supercell which produced a tornado just east of the Monitor Merrimac Bridge Tunnel and moved across the city of Hampton before moving over the Chesapeake Bay. The tornado produced damage consistent with an EF-0, tossing around kayaks and shearing off the tops of several trees. The tornado occurred at the Savage Neck Dunes Natural Area Preserve.","Scattered severe thunderstorms in advance of a cold front produced damaging winds, large hail and several tornadoes across portions of central and eastern Virginia.",70
391650,CLARK CO.,WILLOW LAKE,06/01/2012,2014,Tornado, ,EF0,0,0,0,0,SD,CST-6, ,65370,C,25,ABR,0,0,Emergency Manager, ,0.62,10,3,SSW,3,S,WILLOW LAKE,06/01/2012,2016,44.58,-97.64,44.5731,-97.6321,"A tornado touched down briefly south of Willow Lake with no damage occuring.","An upper level short wave trough brought a few severe thunderstorms which produced quarter size hail along with a few tornado touchdowns.",71
377970,KIOWA CO.,EADS,06/02/2012,1608,Tornado, ,EF0,0,0,0,0,CO,MST-7, ,63124,C,61,PUB,0,0,Emergency Manager, ,1.25,75,3,SW,2,SSW,EADS,06/02/2012,1610,38.4474,-102.8125,38.4477,-102.7895,"A tornado occurred over open fields south of Eads causing no known damage.","Severe storms across the southeast plains...producing large hail...damaging winds...and a tornado near Eads.",72
391510,KIOWA CO.,EADS,06/02/2012,1611,Tornado, ,EF0,0,0,0,0,CO,MST-7, ,63124,C,61,PUB,0,0,Storm Chaser, ,1.06,200,2,SE,2,SE,EADS,06/02/2012,1613,38.459,-102.7617,38.4599,-102.7421,"A large, slowly rotating tornado occurred over a field, and caused no known damage.","Severe storms across the southeast plains...producing large hail...damaging winds...and a tornado near Eads.",73
377039,CHEYENNE CO.,FIRSTVIEW,06/02/2012,1616,Tornado, ,EF0,0,0,0,0,CO,MST-7, ,63000,C,17,GLD,0,0,Law Enforcement, ,1.5,25,4,SW,2,SSW,FIRSTVIEW,06/02/2012,1620,38.78,-102.58,38.7925,-102.5506,"Landspout tornado remained over open fields with no known damage.","During the late afternoon and early evening a line of severe thunderstorms produced brief land spouts near Firstview in East Central Colorado.",74
384349,KIT CARSON CO.,PECONIC,06/02/2012,1706,Tornado, ,EF0,0,0,0,0,CO,MST-7, ,63000,C,63,GLD,0,0,Storm Chaser, ,1.5,25,3,SSE,3,SE,PECONIC,06/02/2012,1710,39.285,-102.112,39.293,-102.082,"Storm chaser reported funnel cloud and swirling dirt beneath, correlating good with a brief circulation on Doppler radar.  There was no apparent damage.","During the late afternoon and early evening a line of severe thunderstorms produced brief land spouts near Firstview in East Central Colorado.",75
374841,WALSH CO.,HERRICK,06/03/2012,1707,Tornado, ,EF0,0,0,0,0,ND,CST-6, ,62672,C,99,FGF,0,0,Emergency Manager, ,3.07,40,2,NE,4,E,HERRICK,06/03/2012,1716,48.54,-97.2,48.52,-97.14,"A tornado touched down along Interstate 29 near the south Drayton exit. The tornado tracked intermittently to the southeast before crossing the Red River. Tree limbs were snapped and branches were scattered in at least three sets of shelterbelts along the route. Peak winds were estimated at 80 mph. This tornado continued into northwest Marshall County in Minnesota.","By early in the evening of June 3rd, a surface boundary had crept into the Red River Valley. Dew point values, which had held in the 50s for much of the day, managed to rise into the low to mid 60s right along the boundary. Showers and thunderstorms fired up early in the evening along the boundary, producing tornado and funnel reports.",76
378923,MARSHALL CO.,STEPHEN ARPT,06/03/2012,1716,Tornado, ,EF0,0,0,0,0,MN,CST-6, ,62673,C,89,FGF,0,0,NWS Storm Survey, ,3,40,13,WNW,10,WNW,STEPHEN,06/03/2012,1725,48.52,-97.14,48.5054,-97.0717,"This tornado originated in Walsh County, North Dakota, at 1707 CST. The tornado tracked intermittently for about three miles in Marshall County, where it snapped tree limbs and branches in several shelterbelts along its track. Peak winds were estimated at 80 mph.","By early in the evening of June 3rd, a surface boundary had crept into the Red River Valley. Dew point values, which had held in the 50s for much of the day, managed to rise into the low to mid 60s right along the boundary. Showers and thunderstorms fired up early in the evening along the boundary, producing tornado and funnel reports.",77
378907,WALSH CO.,WARSAW,06/03/2012,1802,Tornado, ,EF0,0,0,0,0,ND,CST-6, ,62672,C,99,FGF,0,0,Law Enforcement, ,3,25,3,ENE,5,E,WARSAW,06/03/2012,1809,48.31,-97.19,48.3,-97.1412,"A persistent funnel was viewed from exit 168 on Interstate 29. Intermittent tornado touchdowns occurred along a three mile path, which resulted in tree limbs being snapped in several shelterbelts along the route. Peak winds were estimated at 80 mph.","By early in the evening of June 3rd, a surface boundary had crept into the Red River Valley. Dew point values, which had held in the 50s for much of the day, managed to rise into the low to mid 60s right along the boundary. Showers and thunderstorms fired up early in the evening along the boundary, producing tornado and funnel reports.",78
378911,BARNES CO.,NORTH VLY CITY,06/03/2012,1816,Tornado, ,EF0,0,0,0,0,ND,CST-6, ,62672,C,3,FGF,0,0,Broadcast Media, ,0.24,20,1,W,1,W,NORTH VLY CITY,06/03/2012,1817,46.95,-98.02,46.95,-98.015,"This tornado appeared to have started as a ground based dust devil which grew vertically into a landspout but dissipated fairly quickly. The path occurred over open fields and peak winds were estimated at 65 mph.","By early in the evening of June 3rd, a surface boundary had crept into the Red River Valley. Dew point values, which had held in the 50s for much of the day, managed to rise into the low to mid 60s right along the boundary. Showers and thunderstorms fired up early in the evening along the boundary, producing tornado and funnel reports.",79
378945,MARSHALL CO.,OSLO,06/03/2012,1820,Tornado, ,EF1,0,0,0,0,MN,CST-6, ,62673,C,89,FGF,0,0,Trained Spotter, ,3.49,40,2,NE,2,WSW,ALVARADO,06/03/2012,1829,48.22,-97.1,48.1889,-97.0401,"This tornado snapped several trees and tree limbs while scattering branches from at least three shelterbelts along its path. Shingles were torn from farm buildings. Peak winds were estimated at 90 mph.","By early in the evening of June 3rd, a surface boundary had crept into the Red River Valley. Dew point values, which had held in the 50s for much of the day, managed to rise into the low to mid 60s right along the boundary. Showers and thunderstorms fired up early in the evening along the boundary, producing tornado and funnel reports.",80
374834,LONOKE CO.,CULLER,06/04/2012,1445,Tornado, ,EF0,0,0,0,0,AR,CST-6, ,62657,C,85,LZK,0,0,Public, ,0.11,15,3,NE,3,NE,CULLER,06/04/2012,1446,34.684,-91.786,34.684,-91.784,"A landspout-type tornado occurred over open farmland. It was witnessed and photographed by a number of people.","A Mesoscale Convective Vortex (low pressure left behind by previous thunderstorms) traveled across central and southern Arkansas, causing several severe thunderstorms on the afternoon of the 4th.",81
377155,CROSBY CO.,CROSBYTON MUNI ARPT,06/04/2012,1928,Tornado, ,EF0,0,0,0,0,TX,CST-6, ,62766,C,107,LUB,0,0,Storm Chaser, ,0.01,20,2,WNW,2,WNW,CROSBYTON MUNI ARPT,06/04/2012,1928,33.63,-101.27,33.63,-101.27,"A brief tornado located about two miles southwest of Crosbyton was photographed by a storm chaser. NWS radar indicated a short-lived, low-level mesocyclone that developed along the northwest edge of an apparent surging gust front. The increased cyclonic shear to the left of the gust front's motion was likely stretched vertically and produced the brief EF0 tornado. No damage survey was conducted as the tornado was only in progress for less than one minute over open land.","Moisture trapped beneath a developing ridge of upper high pressure combined with strong daytime heating to fuel the development of numerous thunderstorms. Although wind shear was minimal, very strong instability led to several of these storms becoming strong while growing into multicellular clusters and lines. Some of these storms produced large hail, high winds and even one very brief EF0 tornado. The large coverage of these slow-moving storms proved very beneficial to South Plains residents and farmers as a widespread rain event had not occurred since early spring.",82
384508,SCOTT CO.,DIEHLSTADT,06/04/2012,1944,Tornado, ,EF2,3,0,100000,0,MO,CST-6, ,64208,C,201,PAH,0,0,NWS Storm Survey, ,0.5,75,0,N,0,S,DIEHLSTADT,06/04/2012,1945,36.9736,-89.43,36.9664,-89.43,"A single wide mobile home was demolished. The undercarriage was blown 100 yards. A father and his two adult sons, who were inside the home, were killed. Highway 77 was shut down in Diehlstadt. Numerous power lines were down. Several large warehouse buildings sustained partial roof loss and moderate structural damage. Several trees were snapped or uprooted. Propane leaks were reported. Fencing and signs were blown down. The tornado damage was on the eastern edge of a larger area of downburst wind damage. Peak winds were estimated near 115 mph.","Thunderstorms increased and spread southeast through the evening hours. Storm development was focused along and southwest of a frontal boundary that extended southeast from a weak surface low near St. Louis. A favorable combination of wind shear and instability near the boundary supported a few sustained severe storms with large hail, damaging winds, and a tornado.",83
376456,MEAGHER CO.,WHITE SULPHUR SPGS,06/05/2012,1440,Tornado, ,EF1,0,0,0,0,MT,MST-7, ,62927,C,59,TFX,0,0,NWS Storm Survey, ,2.78,300,3,ESE,3,NE,WHITE SULPHUR SPGS,06/05/2012,1515,46.5378,-110.8578,46.5774,-110.8683,"Tornado damage included a water tower at the water treatment facility that was almost completely destroyed. Additional buildings at the treatment facility were also severely damaged. Several homes and numerous trees were also damaged.","Thunderstorms spawned three tornadoes and large hail over portions of North Central Montana during the late afternoon and early evening hours. Some structural damage was reported and surveyed.",84
376459,CHOUTEAU CO.,EAGLETON,06/05/2012,1810,Tornado, ,EF0,0,0,0,0,MT,MST-7, ,62927,C,15,TFX,0,0,NWS Storm Survey, ,1.05,100,3,NNW,4,NNW,EAGLETON,06/05/2012,1915,48.0388,-109.8201,48.0525,-109.8301,"The area the tornado was reported was extensively rural. Tree damage was noted 16 miles southeast of Big Sandy in the Eagle Creek drainage.","Thunderstorms spawned three tornadoes and large hail over portions of North Central Montana during the late afternoon and early evening hours. Some structural damage was reported and surveyed.",85
387761,DENVER CO.,LOWRY AFB,06/06/2012,1605,Tornado, ,EF0,0,0,0,0,CO,MST-7, ,64783,C,31,BOU,0,0,Trained Spotter, ,0.1,50,12,NNE,12,NNE,LOWRY AFB,06/06/2012,1605,39.87,-104.67,39.87,-104.67,"A small landspout touched down north of Denver International Airport but did no damage.","Severe thunderstorms broke late in the evening, striking areas hardest from Denver southward.  Locations impacted by the storms included but were not limited to:  Aurora, Castle Rock, Centennial, Highlands Ranch, Lone Tree, Parker, Surrey Ridge.  The storms produced a barrage of large hail, damaging straight line winds, flash flooding and several short lived tornadoes.  The hail ranged in size from 1 to 2 inches in diameter, and caused extensive damage to homes and automobiles.  The hail inundated the roadways with several inches of hail in Douglas County.  Consequently, snow plows had to be called out to clear the roadways. One tornado that touched down near Grover in Weld County ripped a tree from the ground and tossed it approximately twenty feet.  ||The combination of torrential hail and heavy rain produced flash flooding in parts of Elbert, Douglas and Arapahoe Counties, as thunderstorms brought up to 3.35 inches of rain to some areas within 90 minutes.  In Aurora, Picadilly Road was closed from flooding north of 6th Avenue.  A water rescue took place on South Gun Club Road in Arapahoe County, where floodwaters were rushing to depth of 3 feet.  Flash flooding forced the closure of several streets and roads from Parker south to The Pinery, where the floodwaters inundated the roadway with up to 2 feet in several locations.||At Centennial Airport in Arapahoe County, a historic B-17 Flying Fortress suffered extensive damage as hailstones as large as ping pong balls hit the aircraft. Although the airframe itself did not require repair, the fabric-covered ailerons and elevators were extensively damaged.  The hail came straight down and punched holes in the fabric-covered control surfaces.  The plane landed just hours before the storm hit to participate in the weekend tour stop.  Lightning struck two homes, one in Lakewood and the other in Parker.  Straight line winds downed trees and power lines in Aurora.  As a result, scattered electrical outages affect approximately five thousand residents.",86
387762,WELD CO.,GROVER,06/06/2012,1738,Tornado, ,EF0,0,0,0,0,CO,MST-7, ,64783,C,123,BOU,0,0,Trained Spotter, ,0.1,50,1,W,1,W,GROVER,06/06/2012,1738,40.87,-104.23,40.87,-104.23,"A tornado touched down a ripped a small tree from the ground and threw it a distance of 20 feet.","Severe thunderstorms broke late in the evening, striking areas hardest from Denver southward.  Locations impacted by the storms included but were not limited to:  Aurora, Castle Rock, Centennial, Highlands Ranch, Lone Tree, Parker, Surrey Ridge.  The storms produced a barrage of large hail, damaging straight line winds, flash flooding and several short lived tornadoes.  The hail ranged in size from 1 to 2 inches in diameter, and caused extensive damage to homes and automobiles.  The hail inundated the roadways with several inches of hail in Douglas County.  Consequently, snow plows had to be called out to clear the roadways. One tornado that touched down near Grover in Weld County ripped a tree from the ground and tossed it approximately twenty feet.  ||The combination of torrential hail and heavy rain produced flash flooding in parts of Elbert, Douglas and Arapahoe Counties, as thunderstorms brought up to 3.35 inches of rain to some areas within 90 minutes.  In Aurora, Picadilly Road was closed from flooding north of 6th Avenue.  A water rescue took place on South Gun Club Road in Arapahoe County, where floodwaters were rushing to depth of 3 feet.  Flash flooding forced the closure of several streets and roads from Parker south to The Pinery, where the floodwaters inundated the roadway with up to 2 feet in several locations.||At Centennial Airport in Arapahoe County, a historic B-17 Flying Fortress suffered extensive damage as hailstones as large as ping pong balls hit the aircraft. Although the airframe itself did not require repair, the fabric-covered ailerons and elevators were extensively damaged.  The hail came straight down and punched holes in the fabric-covered control surfaces.  The plane landed just hours before the storm hit to participate in the weekend tour stop.  Lightning struck two homes, one in Lakewood and the other in Parker.  Straight line winds downed trees and power lines in Aurora.  As a result, scattered electrical outages affect approximately five thousand residents.",87
387765,ELBERT CO.,ELIZABETH,06/06/2012,1830,Tornado, ,EF0,0,0,0,0,CO,MST-7, ,64783,C,39,BOU,0,0,Trained Spotter, ,0.1,50,4,SSW,4,SSW,ELIZABETH,06/06/2012,1830,39.29,-104.63,39.29,-104.63,"A small tornado touched down but did no damage.","Severe thunderstorms broke late in the evening, striking areas hardest from Denver southward.  Locations impacted by the storms included but were not limited to:  Aurora, Castle Rock, Centennial, Highlands Ranch, Lone Tree, Parker, Surrey Ridge.  The storms produced a barrage of large hail, damaging straight line winds, flash flooding and several short lived tornadoes.  The hail ranged in size from 1 to 2 inches in diameter, and caused extensive damage to homes and automobiles.  The hail inundated the roadways with several inches of hail in Douglas County.  Consequently, snow plows had to be called out to clear the roadways. One tornado that touched down near Grover in Weld County ripped a tree from the ground and tossed it approximately twenty feet.  ||The combination of torrential hail and heavy rain produced flash flooding in parts of Elbert, Douglas and Arapahoe Counties, as thunderstorms brought up to 3.35 inches of rain to some areas within 90 minutes.  In Aurora, Picadilly Road was closed from flooding north of 6th Avenue.  A water rescue took place on South Gun Club Road in Arapahoe County, where floodwaters were rushing to depth of 3 feet.  Flash flooding forced the closure of several streets and roads from Parker south to The Pinery, where the floodwaters inundated the roadway with up to 2 feet in several locations.||At Centennial Airport in Arapahoe County, a historic B-17 Flying Fortress suffered extensive damage as hailstones as large as ping pong balls hit the aircraft. Although the airframe itself did not require repair, the fabric-covered ailerons and elevators were extensively damaged.  The hail came straight down and punched holes in the fabric-covered control surfaces.  The plane landed just hours before the storm hit to participate in the weekend tour stop.  Lightning struck two homes, one in Lakewood and the other in Parker.  Straight line winds downed trees and power lines in Aurora.  As a result, scattered electrical outages affect approximately five thousand residents.",88
387764,DOUGLAS CO.,FRANKTOWN,06/06/2012,1840,Tornado, ,EF0,0,0,0,0,CO,MST-7, ,64783,C,35,BOU,0,0,Trained Spotter, ,0.1,50,5,ENE,5,ENE,FRANKTOWN,06/06/2012,1840,39.41,-104.67,39.41,-104.67,"A small tornado touched down but did no damage.","Severe thunderstorms broke late in the evening, striking areas hardest from Denver southward.  Locations impacted by the storms included but were not limited to:  Aurora, Castle Rock, Centennial, Highlands Ranch, Lone Tree, Parker, Surrey Ridge.  The storms produced a barrage of large hail, damaging straight line winds, flash flooding and several short lived tornadoes.  The hail ranged in size from 1 to 2 inches in diameter, and caused extensive damage to homes and automobiles.  The hail inundated the roadways with several inches of hail in Douglas County.  Consequently, snow plows had to be called out to clear the roadways. One tornado that touched down near Grover in Weld County ripped a tree from the ground and tossed it approximately twenty feet.  ||The combination of torrential hail and heavy rain produced flash flooding in parts of Elbert, Douglas and Arapahoe Counties, as thunderstorms brought up to 3.35 inches of rain to some areas within 90 minutes.  In Aurora, Picadilly Road was closed from flooding north of 6th Avenue.  A water rescue took place on South Gun Club Road in Arapahoe County, where floodwaters were rushing to depth of 3 feet.  Flash flooding forced the closure of several streets and roads from Parker south to The Pinery, where the floodwaters inundated the roadway with up to 2 feet in several locations.||At Centennial Airport in Arapahoe County, a historic B-17 Flying Fortress suffered extensive damage as hailstones as large as ping pong balls hit the aircraft. Although the airframe itself did not require repair, the fabric-covered ailerons and elevators were extensively damaged.  The hail came straight down and punched holes in the fabric-covered control surfaces.  The plane landed just hours before the storm hit to participate in the weekend tour stop.  Lightning struck two homes, one in Lakewood and the other in Parker.  Straight line winds downed trees and power lines in Aurora.  As a result, scattered electrical outages affect approximately five thousand residents.",89
387767,ELBERT CO.,ELIZABETH,06/06/2012,1844,Tornado, ,EF0,0,0,0,0,CO,MST-7, ,64783,C,39,BOU,0,0,Trained Spotter, ,0.1,50,8,N,8,N,ELIZABETH,06/06/2012,1844,39.47,-104.62,39.47,-104.62,"A small tornado touched down but did no damage.","Severe thunderstorms broke late in the evening, striking areas hardest from Denver southward.  Locations impacted by the storms included but were not limited to:  Aurora, Castle Rock, Centennial, Highlands Ranch, Lone Tree, Parker, Surrey Ridge.  The storms produced a barrage of large hail, damaging straight line winds, flash flooding and several short lived tornadoes.  The hail ranged in size from 1 to 2 inches in diameter, and caused extensive damage to homes and automobiles.  The hail inundated the roadways with several inches of hail in Douglas County.  Consequently, snow plows had to be called out to clear the roadways. One tornado that touched down near Grover in Weld County ripped a tree from the ground and tossed it approximately twenty feet.  ||The combination of torrential hail and heavy rain produced flash flooding in parts of Elbert, Douglas and Arapahoe Counties, as thunderstorms brought up to 3.35 inches of rain to some areas within 90 minutes.  In Aurora, Picadilly Road was closed from flooding north of 6th Avenue.  A water rescue took place on South Gun Club Road in Arapahoe County, where floodwaters were rushing to depth of 3 feet.  Flash flooding forced the closure of several streets and roads from Parker south to The Pinery, where the floodwaters inundated the roadway with up to 2 feet in several locations.||At Centennial Airport in Arapahoe County, a historic B-17 Flying Fortress suffered extensive damage as hailstones as large as ping pong balls hit the aircraft. Although the airframe itself did not require repair, the fabric-covered ailerons and elevators were extensively damaged.  The hail came straight down and punched holes in the fabric-covered control surfaces.  The plane landed just hours before the storm hit to participate in the weekend tour stop.  Lightning struck two homes, one in Lakewood and the other in Parker.  Straight line winds downed trees and power lines in Aurora.  As a result, scattered electrical outages affect approximately five thousand residents.",90
387763,ARAPAHOE CO.,(BKF)BUCKLEY AIR FORCE BASE,06/06/2012,1845,Tornado, ,EF0,0,0,0,0,CO,MST-7, ,64783,C,5,BOU,0,0,Trained Spotter, ,0.1,50,10,SE,10,SE,(BKF)BUCKLEY AIR FORCE BASE,06/06/2012,1845,39.61,-104.61,39.61,-104.61,"A small tornado touched down but did no damage.","Severe thunderstorms broke late in the evening, striking areas hardest from Denver southward.  Locations impacted by the storms included but were not limited to:  Aurora, Castle Rock, Centennial, Highlands Ranch, Lone Tree, Parker, Surrey Ridge.  The storms produced a barrage of large hail, damaging straight line winds, flash flooding and several short lived tornadoes.  The hail ranged in size from 1 to 2 inches in diameter, and caused extensive damage to homes and automobiles.  The hail inundated the roadways with several inches of hail in Douglas County.  Consequently, snow plows had to be called out to clear the roadways. One tornado that touched down near Grover in Weld County ripped a tree from the ground and tossed it approximately twenty feet.  ||The combination of torrential hail and heavy rain produced flash flooding in parts of Elbert, Douglas and Arapahoe Counties, as thunderstorms brought up to 3.35 inches of rain to some areas within 90 minutes.  In Aurora, Picadilly Road was closed from flooding north of 6th Avenue.  A water rescue took place on South Gun Club Road in Arapahoe County, where floodwaters were rushing to depth of 3 feet.  Flash flooding forced the closure of several streets and roads from Parker south to The Pinery, where the floodwaters inundated the roadway with up to 2 feet in several locations.||At Centennial Airport in Arapahoe County, a historic B-17 Flying Fortress suffered extensive damage as hailstones as large as ping pong balls hit the aircraft. Although the airframe itself did not require repair, the fabric-covered ailerons and elevators were extensively damaged.  The hail came straight down and punched holes in the fabric-covered control surfaces.  The plane landed just hours before the storm hit to participate in the weekend tour stop.  Lightning struck two homes, one in Lakewood and the other in Parker.  Straight line winds downed trees and power lines in Aurora.  As a result, scattered electrical outages affect approximately five thousand residents.",91
387768,ELBERT CO.,ELIZABETH,06/06/2012,1951,Tornado, ,EF0,0,0,0,0,CO,MST-7, ,64783,C,39,BOU,0,0,Trained Spotter, ,0.1,50,11,N,11,N,ELIZABETH,06/06/2012,1951,39.51,-104.6,39.51,-104.6,"A small tornado touched down but did no damage.","Severe thunderstorms broke late in the evening, striking areas hardest from Denver southward.  Locations impacted by the storms included but were not limited to:  Aurora, Castle Rock, Centennial, Highlands Ranch, Lone Tree, Parker, Surrey Ridge.  The storms produced a barrage of large hail, damaging straight line winds, flash flooding and several short lived tornadoes.  The hail ranged in size from 1 to 2 inches in diameter, and caused extensive damage to homes and automobiles.  The hail inundated the roadways with several inches of hail in Douglas County.  Consequently, snow plows had to be called out to clear the roadways. One tornado that touched down near Grover in Weld County ripped a tree from the ground and tossed it approximately twenty feet.  ||The combination of torrential hail and heavy rain produced flash flooding in parts of Elbert, Douglas and Arapahoe Counties, as thunderstorms brought up to 3.35 inches of rain to some areas within 90 minutes.  In Aurora, Picadilly Road was closed from flooding north of 6th Avenue.  A water rescue took place on South Gun Club Road in Arapahoe County, where floodwaters were rushing to depth of 3 feet.  Flash flooding forced the closure of several streets and roads from Parker south to The Pinery, where the floodwaters inundated the roadway with up to 2 feet in several locations.||At Centennial Airport in Arapahoe County, a historic B-17 Flying Fortress suffered extensive damage as hailstones as large as ping pong balls hit the aircraft. Although the airframe itself did not require repair, the fabric-covered ailerons and elevators were extensively damaged.  The hail came straight down and punched holes in the fabric-covered control surfaces.  The plane landed just hours before the storm hit to participate in the weekend tour stop.  Lightning struck two homes, one in Lakewood and the other in Parker.  Straight line winds downed trees and power lines in Aurora.  As a result, scattered electrical outages affect approximately five thousand residents.",92
398193,CUSTER CO.,ARGYLE,06/07/2012,1355,Tornado, ,EF1,0,0,1000,0,SD,MST-7, ,62849,C,33,UNR,0,0,Public, ,0.1,20,3,ESE,3,ESE,ARGYLE,06/07/2012,1355,43.5077,-103.589,43.5077,-103.589,"Trees were snapped and uprooted along Argyle Road.","A severe thunderstorm produced a small tornado and 70 mph wind gusts over the southern Black Hills.",93
377624,PLATTE CO.,WHEATLAND,06/07/2012,1407,Tornado, ,EF2,0,1,0,0,WY,MST-7, ,63056,C,31,CYS,0,0,NWS Storm Survey, ,20.57,200,7,W,2,SE,SLATER,06/07/2012,1519,42.05,-105.1064,41.85,-104.81,"A large tornado touched down west of Wheatland and moved to the southeast across western Platte County.  The tornado remained in contact with the ground for just over an hour before dissipating northeast of Chugwater.  An NWS survey team rated the tornado an EF2 with maximum winds estimated between 130 and 135 mph.  The damage assessment revealed the most significant damage to be along Olson Road, about 6 miles southwest of Wheatland.  An unoccupied mobile home was completely destroyed, with unrecognizable debris spread about 50 yards from the foundation.  A poorly constructed modular home with a crawl space was completely swept from its foundation, with parts of the metal frame found one quarter of a mile away.  Many outbuildings on various properties were severely damaged or completely destroyed.  A well-constructed one to two family home lost a large portion of the roof, but most of the walls remained intact with the exception of the garage.  The most significant damage, however, was found near the intersection of Grange and Olson Roads.  A very well constructed and recently completed barn was demolished, with debris found more than two miles away.  In addition to the building damage, numerous large cottonwood trees were either snapped or uprooted but were not debarked.  The tornado also derailed 6 empty rail cars about 6 miles northeast of Chugwater, shortly before it dissipated.  The tornado crossed Interstate 25 just south of the Bordeaux exit at about 14:38 MST.  No vehicles were affected by the tornado as it crossed the interstate.  One person suffered minor injury from flying debris.","Afternoon supercell thunderstorms spawned three tornadoes: two in Laramie County and one in Platte County.  The Platte County tornado was rated an EF2 and produced considerable damage and one minor injury.",94
377625,LARAMIE CO.,LITTLE BEAR,06/07/2012,1533,Tornado, ,EF0,0,0,0,0,WY,MST-7, ,63056,C,21,CYS,0,0,Trained Spotter, ,0.1,50,6,SSE,6,SSE,LITTLE BEAR,06/07/2012,1535,41.44,-104.87,41.4396,-104.8683,"A small tornado briefly touched down in open country two miles north of Whitaker.  No damage was reported.","Afternoon supercell thunderstorms spawned three tornadoes: two in Laramie County and one in Platte County.  The Platte County tornado was rated an EF2 and produced considerable damage and one minor injury.",95
387834,ARAPAHOE CO.,PEORIA,06/07/2012,1621,Tornado, ,EF0,0,0,0,0,CO,MST-7, ,64792,C,5,BOU,0,0,Trained Spotter, ,0.1,50,2,WSW,2,WSW,PEORIA,06/07/2012,1621,39.66,-104.16,39.66,-104.16,"A small tornado touched down but did no damage.","Severe thunderstorms brought damaging wind and hail, heavy rain, along several tornadoes, one of which was rated an EF-2.  The storms produced hail from 1.5 to 2.75 inches in diameter.  In addition to the large hail, heavy rainfall from 1 to 2 inches also accompanied the storms.  The combination of hail and heavy rain caused extensive street flooding across Aurora, Castle Rock, Centennial, Cherry Creek, Englewood, South Denver, Highlands Ranch, Lakewood and Littleton.  The hail was reportedly knee deep in several areas making roads impassable.  As a result, snow plows had to be summoned to clear the streets.  In Castle Rock, a King Soopers supermarket sustained extensive damage when roof partially collapsed under the weight of the hail.  Total property damage estimates along the Front Range for the 6th and 7th combined was 321.1 million dollars. ||A tornado touched down in Elbert County Thursday evening, June 7th, producing considerable damage to homes and several farm buildings in south central Elbert County.  The tornado was rated an EF-2 at it's strongest point near Elbert County Road 82 and just west of Elbert County Road 97.  The tornado initially touched down approximately at County Road 101 about 1 mile north of County Road 90, and then traveled south-southwest into El Paso County.  It was approximately one half mile wide at one point and produced a debris width of 1.5 miles.  One minor injury occurred due to broken glass.  Two other tornadoes touched down but did no damage.   In Elbert County alone, at least 136 homes were damaged; 32 sustained moderate to severe damage.  ||Severe thunderstorms also produced large hail and damaging winds across parts of Larimer, Weld and Morgan Counties.   In Weld County, a flash flood washed out a section of State Highway 392 just east of Lucerne.  During the storm, a culvert underneath the road was washed out in addition to a section of the roadway, approximately a 30 foot by 30 foot section.",96
387824,ELBERT CO.,CEDAR PT,06/07/2012,1718,Tornado, ,EF0,0,0,0,0,CO,MST-7, ,64792,C,39,BOU,0,0,Trained Spotter, ,0.1,50,11,W,11,W,CEDAR PT,06/07/2012,1718,39.35,-104.11,39.35,-104.11,"A small tornado touched down but did no damage.","Severe thunderstorms brought damaging wind and hail, heavy rain, along several tornadoes, one of which was rated an EF-2.  The storms produced hail from 1.5 to 2.75 inches in diameter.  In addition to the large hail, heavy rainfall from 1 to 2 inches also accompanied the storms.  The combination of hail and heavy rain caused extensive street flooding across Aurora, Castle Rock, Centennial, Cherry Creek, Englewood, South Denver, Highlands Ranch, Lakewood and Littleton.  The hail was reportedly knee deep in several areas making roads impassable.  As a result, snow plows had to be summoned to clear the streets.  In Castle Rock, a King Soopers supermarket sustained extensive damage when roof partially collapsed under the weight of the hail.  Total property damage estimates along the Front Range for the 6th and 7th combined was 321.1 million dollars. ||A tornado touched down in Elbert County Thursday evening, June 7th, producing considerable damage to homes and several farm buildings in south central Elbert County.  The tornado was rated an EF-2 at it's strongest point near Elbert County Road 82 and just west of Elbert County Road 97.  The tornado initially touched down approximately at County Road 101 about 1 mile north of County Road 90, and then traveled south-southwest into El Paso County.  It was approximately one half mile wide at one point and produced a debris width of 1.5 miles.  One minor injury occurred due to broken glass.  Two other tornadoes touched down but did no damage.   In Elbert County alone, at least 136 homes were damaged; 32 sustained moderate to severe damage.  ||Severe thunderstorms also produced large hail and damaging winds across parts of Larimer, Weld and Morgan Counties.   In Weld County, a flash flood washed out a section of State Highway 392 just east of Lucerne.  During the storm, a culvert underneath the road was washed out in addition to a section of the roadway, approximately a 30 foot by 30 foot section.",97
377626,LARAMIE CO.,LITTLE BEAR,06/07/2012,1725,Tornado, ,EF0,0,0,0,0,WY,MST-7, ,63056,C,21,CYS,0,0,Trained Spotter, ,0.25,50,10,ESE,10,ESE,LITTLE BEAR,06/07/2012,1728,41.46,-104.74,41.4593,-104.7351,"A small tornado touched down in open country eight miles east-northeast of Whitaker.  No damage was reported.","Afternoon supercell thunderstorms spawned three tornadoes: two in Laramie County and one in Platte County.  The Platte County tornado was rated an EF2 and produced considerable damage and one minor injury.",98
387851,ELBERT CO.,SIMLA,06/07/2012,1745,Tornado, ,EF2,0,0,0,0,CO,MST-7, ,64792,C,39,BOU,1,0,Emergency Manager, ,5.28,880,9,WNW,12,WSW,SIMLA,06/07/2012,1814,39.1996,-104.1995,39.13,-104.24,"A tornado touched down and produced moderate to severe damage to numerous homes and other farm buildings in southern Elbert County. One person suffered minor injuries.","Severe thunderstorms brought damaging wind and hail, heavy rain, along several tornadoes, one of which was rated an EF-2.  The storms produced hail from 1.5 to 2.75 inches in diameter.  In addition to the large hail, heavy rainfall from 1 to 2 inches also accompanied the storms.  The combination of hail and heavy rain caused extensive street flooding across Aurora, Castle Rock, Centennial, Cherry Creek, Englewood, South Denver, Highlands Ranch, Lakewood and Littleton.  The hail was reportedly knee deep in several areas making roads impassable.  As a result, snow plows had to be summoned to clear the streets.  In Castle Rock, a King Soopers supermarket sustained extensive damage when roof partially collapsed under the weight of the hail.  Total property damage estimates along the Front Range for the 6th and 7th combined was 321.1 million dollars. ||A tornado touched down in Elbert County Thursday evening, June 7th, producing considerable damage to homes and several farm buildings in south central Elbert County.  The tornado was rated an EF-2 at it's strongest point near Elbert County Road 82 and just west of Elbert County Road 97.  The tornado initially touched down approximately at County Road 101 about 1 mile north of County Road 90, and then traveled south-southwest into El Paso County.  It was approximately one half mile wide at one point and produced a debris width of 1.5 miles.  One minor injury occurred due to broken glass.  Two other tornadoes touched down but did no damage.   In Elbert County alone, at least 136 homes were damaged; 32 sustained moderate to severe damage.  ||Severe thunderstorms also produced large hail and damaging winds across parts of Larimer, Weld and Morgan Counties.   In Weld County, a flash flood washed out a section of State Highway 392 just east of Lucerne.  During the storm, a culvert underneath the road was washed out in addition to a section of the roadway, approximately a 30 foot by 30 foot section.",99
377964,EL PASO CO.,RAMAH,06/07/2012,1815,Tornado, ,EF1,0,0,50000,0,CO,MST-7, ,63119,C,41,PUB,0,0,Emergency Manager, ,2.21,100,4,W,5,NNE,CALHAN,06/07/2012,1823,39.1282,-104.2474,39.0986,-104.2632,"A tornado moved south-southwest into El Paso County from Elbert County.  A house was damaged. Four nearby barns, one a dog kennel, were destroyed.  Two dogs perished.  Another ranch to the south was damaged from the tornado winds and flying debris.","Supercell storms produced very large hail and two tornadoes in El Paso County.",100
377959,EL PASO CO.,RAMAH,06/07/2012,1838,Tornado, ,EF0,0,0,0,0,CO,MST-7, ,63119,C,41,PUB,0,0,Storm Chaser, ,0.48,75,4,SSW,5,SSW,RAMAH,06/07/2012,1840,39.07,-104.1885,39.0544,-104.1887,"A rare anticyclonic tornado occurred over open fields causing no damage.","Supercell storms produced very large hail and two tornadoes in El Paso County.",101
387815,WELD CO.,DOVER,06/07/2012,1945,Tornado, ,EF0,0,0,0,0,CO,MST-7, ,64792,C,123,BOU,0,0,Trained Spotter, ,0.1,50,4,WNW,4,WNW,DOVER,06/07/2012,1945,40.78,-104.87,40.78,-104.87,"A small tornado touched down but did no damage.","Severe thunderstorms brought damaging wind and hail, heavy rain, along several tornadoes, one of which was rated an EF-2.  The storms produced hail from 1.5 to 2.75 inches in diameter.  In addition to the large hail, heavy rainfall from 1 to 2 inches also accompanied the storms.  The combination of hail and heavy rain caused extensive street flooding across Aurora, Castle Rock, Centennial, Cherry Creek, Englewood, South Denver, Highlands Ranch, Lakewood and Littleton.  The hail was reportedly knee deep in several areas making roads impassable.  As a result, snow plows had to be summoned to clear the streets.  In Castle Rock, a King Soopers supermarket sustained extensive damage when roof partially collapsed under the weight of the hail.  Total property damage estimates along the Front Range for the 6th and 7th combined was 321.1 million dollars. ||A tornado touched down in Elbert County Thursday evening, June 7th, producing considerable damage to homes and several farm buildings in south central Elbert County.  The tornado was rated an EF-2 at it's strongest point near Elbert County Road 82 and just west of Elbert County Road 97.  The tornado initially touched down approximately at County Road 101 about 1 mile north of County Road 90, and then traveled south-southwest into El Paso County.  It was approximately one half mile wide at one point and produced a debris width of 1.5 miles.  One minor injury occurred due to broken glass.  Two other tornadoes touched down but did no damage.   In Elbert County alone, at least 136 homes were damaged; 32 sustained moderate to severe damage.  ||Severe thunderstorms also produced large hail and damaging winds across parts of Larimer, Weld and Morgan Counties.   In Weld County, a flash flood washed out a section of State Highway 392 just east of Lucerne.  During the storm, a culvert underneath the road was washed out in addition to a section of the roadway, approximately a 30 foot by 30 foot section.",102
387559,MARQUETTE CO.,HURON MTN,06/08/2012,1913,Tornado, ,EF1,0,0,10000,0,MI,EST-5, ,64753,C,103,MQT,0,0,NWS Storm Survey, ,7.8,200,11,SW,9,SW,BIG BAY,06/08/2012,1932,46.78,-88.03,46.75,-87.87,"The tornado snapped or uprooted numerous large trees causing some backroads in rural western Marquette County to become impassable.  The tornado was classified as an EF-1 with max winds estimated at 95 mph.","A very warm and unstable airmass produced a few severe thunderstorms over Baraga and Marquette counties on the evening of the 8th.  Some of these storms produced golf ball sized hail in the Marquette area, and a tornado occurred southwest of Big Bay at Eagle Mine.  Storms also produced heavy rain over portions of central Upper Michigan from the evening of the 8th into the morning of the 9th.",103
376421,GENEVA CO.,GENEVA MUNICIPAL ARPT,06/10/2012,1011,Tornado, ,EF1,0,0,100000,0,AL,CST-6, ,62920,C,61,TAE,0,0,Emergency Manager, ,9.66,440,2,NW,1,ENE,SCRANTON,06/10/2012,1033,31.07,-85.89,31.1963,-85.82,"It is believed that the damage path from this tornado was nearly continuous from where the tornado first touched down near Niva Drive-In Road and Highway 27, to where it dissipated just north of the Geneva County border east of Chancellor. The bulk of the damage caused by this tornado was in the EF0 range. However, the most significant damage seems to have occurred in the vicinity of County road 99 and Buck Vaughn Road. Damage in and near this location is consistent with EF1.","An upper level shortwave moving east across the Gulf coast states encountered an unstable airmass with fairly high delta thetae values favorable for downbursts. Several areas of tree and power line damage occurred.  Low level wind shear was also maximized in southeast Alabama, contributing to a rare summer EF1 tornado in Geneva county spawned from a supercell thunderstorm.",104
376422,COFFEE CO.,COOL SPRINGS,06/10/2012,1033,Tornado, ,EF0,0,0,0,0,AL,CST-6, ,62920,C,31,TAE,0,0,Law Enforcement, ,0.26,50,2,S,2,S,COOL SPRINGS,06/10/2012,1034,31.1963,-85.82,31.2,-85.82,"This is a continuation of the Geneva county tornado.  This tornado was seen near the Geneva/Coffee county line by a retired police officer before dissipating.  No damage was reported in Coffee county.","An upper level shortwave moving east across the Gulf coast states encountered an unstable airmass with fairly high delta thetae values favorable for downbursts. Several areas of tree and power line damage occurred.  Low level wind shear was also maximized in southeast Alabama, contributing to a rare summer EF1 tornado in Geneva county spawned from a supercell thunderstorm.",105
381494,LE SUEUR CO.,HENDERSON STATION,06/10/2012,1915,Tornado, ,EF0,0,0,5000,0,MN,CST-6, ,63032,C,79,MPX,0,0,NWS Storm Survey, ,0.56,50,3,E,4,ENE,HENDERSON STATION,06/10/2012,1916,44.5368,-93.8098,44.5432,-93.8064,"An EF-0 tornado formed approximately 6.5 miles south of Belle Plaine...just south of the Le Sueur, Scott County line, and moved northeast into Scott County. Damage was associated with down trees, some shingles blown off, plus a chimney toppled at a house. Maximum width was 50 yards.","The afternoon of Sunday, June 10th, a line of thunderstorms developed along a cold front across western Minnesota, and quickly became severe as they moved to the east-northeast across central and southern Minnesota.  Initially, large hail was the main hazard, but it evolved into severe downburst winds across eastern Minnesota as this line moved to the east.  There was one confirmed report of a tornado in northern Le Sueur County and southern Scott County. ||One area that had significant damage was across southern Ramsay County near Highland Park where numerous trees and large limbs were blown down. Some of the blown down tree limbs caused damage to cars.  Thousands of people lost electrical power as trees and power lines were toppled by severe thunderstorms that rattled through the southern metro area.  Lightning from these thunderstorms across eastern Minnesota struck a home in Apple Valley, and a pole barn in Washington County.",106
381495,SCOTT CO.,BLAKELEY,06/10/2012,1916,Tornado, ,EF0,0,0,250000,0,MN,CST-6, ,63032,C,139,MPX,0,0,NWS Storm Survey, ,1.66,50,6,SSE,5,S,BELLE PLAINE,06/10/2012,1920,44.5432,-93.8064,44.561,-93.7747,"An EF-0 tornado continued from Le Sueur County, into Scott County and moved northeast for approximately 1.7 miles before dissipating 4.5 miles south-southeast of Belle Plaine. The tornado had a maximum width of 50 yards. A farm near Henderson sustained heavy damage, with a 60,000 bushel grain bin destroyed and at least one other damaged, plus a workshop roof was blown off, with rafters and support beams cracked in a storage shed.","The afternoon of Sunday, June 10th, a line of thunderstorms developed along a cold front across western Minnesota, and quickly became severe as they moved to the east-northeast across central and southern Minnesota.  Initially, large hail was the main hazard, but it evolved into severe downburst winds across eastern Minnesota as this line moved to the east.  There was one confirmed report of a tornado in northern Le Sueur County and southern Scott County. ||One area that had significant damage was across southern Ramsay County near Highland Park where numerous trees and large limbs were blown down. Some of the blown down tree limbs caused damage to cars.  Thousands of people lost electrical power as trees and power lines were toppled by severe thunderstorms that rattled through the southern metro area.  Lightning from these thunderstorms across eastern Minnesota struck a home in Apple Valley, and a pole barn in Washington County.",107
375768,NEWBERRY CO.,NEWBERRY ARPT,06/10/2012,2048,Tornado, ,EF0,0,0,6000,0,SC,EST-5, ,62821,C,71,CAE,0,0,Law Enforcement, ,1.5,50,0,N,1,NE,NEWBERRY ARPT,06/10/2012,2050,34.32,-81.63,34.3347,-81.6123,"Sheriff conducted a damage survey of the trees down from just east of the airport to I-26.","Isolated severe storms produced locally heavy rain with amounts up to 5 inches and a weak tornado.",108
375770,CALHOUN CO.,CAMERON,06/11/2012,1242,Tornado, ,EF0,0,0,16000,0,SC,EST-5, ,62822,C,17,CAE,0,0,Utility Company, ,1.24,50,2,ESE,3,ESE,CAMERON,06/11/2012,1244,33.5322,-80.6847,33.5335,-80.6633,"SCEG reported several trees and powerlines down from a weak tornado near Cameron.","A couple of supercells producing weak tornadoes developed ahead of an approaching squall line. The squall line also produced heavy rain.",109
393363,JASPER CO.,SWITZERLAND,06/11/2012,1621,Tornado, ,EF1,0,0,400000,0,SC,EST-5, ,65591,C,53,CHS,0,0,NWS Storm Survey, ,4.11,525,4,SSE,5,S,OLD HOUSE,06/11/2012,1629,32.381,-80.9795,32.3845,-80.9092,"A National Weather Service damage survey team evaluated damage that occurred with a severe thunderstorm that moved through portions of central Jasper County Monday afternoon.  The team found considerable damage to trees south of Ridgeland with a damage pattern consistent with a tornado.||The tornado touched down just west of Jasper Road between the communities of Okatie and Switzerland and moved rapidly east-northeast before lifting near the intersection of South Carolina Highway 462 and Snake road. The worst damage occurred between Jasper Road and Riley Field Road where the team estimated between 300 and 500 medium to large-size trees were either snapped or uprooted.  Some debarking of trees was also noted.  This degree of|tree damage was consistent with an ef-1 tornado on the enhanced Fujita scale with winds estimated to be between 85 and 95 mph.","Scattered to numerous thunderstorms developed within a warm and unstable atmosphere along an early afternoon seabreeze and various meso-scale outflow boundaries.",110
393570,ANDREWS CO.,FRANKEL CITY,06/12/2012,1958,Tornado, ,EF1,0,0,6000,0,TX,CST-6, ,63444,C,3,MAF,0,0,NWS Employee, ,0.13,300,2,WNW,1,E,FRANKEL CITY,06/12/2012,2000,32.3939,-102.8142,32.3784,-102.7663,"A severe thunderstorm moved across Andrews County and produced a tornado about an eighth of a mile east of Frankle City, TX.  A National Weather Service employee spotted the damage at about 9:30 PM CDT.  The damage consisted of one power pole bent at a 60 degree angle to the south of FM1967 with power lines about ten feet above the road.  A power pole to the north of the first one was snapped, and another power pole was bent slightly.  Based on radar data, the circulation was over the affected area around 8:58 PM CDT, and the tornado was rated an EF-1 based on the damage reported.  Since no other damage was reported, the path length and time were an estimate.","A flat upper ridge was over the Southern Plains with a stationary cold front across the Permian Basin and Southeast New Mexico.  An unstable air mass was across the region with very moist air and hot temperatures.  Outflow boundaries which provided a focus for thunderstorm development were present across the Permian Basin, Trans Pecos, and Southeast New Mexico from convection to the north.",111
376837,ROOSEVELT CO.,FLOYD,06/12/2012,2007,Tornado, ,EF1,0,0,0,0,NM,MST-7, ,62892,C,41,ABQ,0,0,NWS Storm Survey, ,1.1,75,3,ENE,3,W,BETHEL,06/12/2012,2010,34.2418,-103.5309,34.2274,-103.5228,"A long track tornadic supercell thunderstorm that developed over far western portions of the Caprock in extreme southeast Guadalupe county produced significant and widespread damage along a path that stretched from over 100 miles from approximately 15 miles north of Fort Sumner to near the New Mexico / Texas state line south of Causey.  This was the first of two relatively short tornado damage paths that were surveyed.","A second round of thunderstorms for the day developed over the higher terrain of the northern mountains by the afternoon and then pushed into the eastern plains. Higher surface dewpoint temperatures in the mid 50's to lower 60's over west Texas were advected into southeast and east central New Mexico and acted as fuel for convection throughout the day. Increased moisture and instability with daytime heating continued convection through the late evening hours. Large damaging hail was the primary impact of these storms.",112
376838,ROOSEVELT CO.,DORA,06/12/2012,2107,Tornado, ,EF0,0,0,0,0,NM,MST-7, ,62892,C,41,ABQ,0,0,NWS Storm Survey, ,1.66,50,2,N,1,NNE,DORA,06/12/2012,2115,33.9607,-103.3363,33.9378,-103.3273,"A long track tornadic supercell thunderstorms that developed over far western portions of the caprock in extreme southeast Guadalupe county produced significant and widespread damage along a path that stretched from over 100 miles from approximately 15 miles north of Fort Sumner to near the New Mexico / Texas state line south of Causey. This was the second of two relatively short tornado damage paths surveyed near Dora in Roosevelt County.","A second round of thunderstorms for the day developed over the higher terrain of the northern mountains by the afternoon and then pushed into the eastern plains. Higher surface dewpoint temperatures in the mid 50's to lower 60's over west Texas were advected into southeast and east central New Mexico and acted as fuel for convection throughout the day. Increased moisture and instability with daytime heating continued convection through the late evening hours. Large damaging hail was the primary impact of these storms.",113
392889,FANNIN CO.,RANDOLPH,06/13/2012,1855,Tornado, ,EF0,0,0,50000,5000,TX,CST-6, ,64529,C,147,FWD,0,0,NWS Storm Survey, ,0.16,75,2,N,2,N,RANDOLPH,06/13/2012,1856,33.5045,-96.2504,33.5025,-96.2491,"A brief EF-0 tornado occurred approximately one mile north of Randolph near the intersection of CR 4145 and CR 4160. The tornado caused minor damage to at least one home, large trees, barns, and crops. The maximum winds in the tornado were estimated to be 85 mph.","Four supercells produced a record setting hail event and one tornado across parts of North Texas. Two of the four supercells tracked through Dallas County causing over a billion dollars in hail damage. The hail in Dallas County ranged in sizes up to 3 in diameter. In many areas, the hail lasted for at least 30 minutes. Tens of thousands of cars were damaged by the hail, windows were shattered, roofs were damaged, and trees were shredded of their leaves. The Lakewood area of Dallas was one of the hardest hit areas. Part of the Lakewood Theater was damaged, and thousands of divots damaged the golf course at the Lakewood Country Club. Historic homes on Swiss Avenue sustained significant roof damage with roof repairs on a few homes estimated over $100,000. A glass exhibit at the Dallas Arboretum sustained damage that was described as relatively minor. This supercell continued to track into Ellis County producing hail damage down to Midlothian. The second supercell in Dallas County tracked from Irving into Cedar Hill. Another supercell produced an EF-0 tornado, 70-95 mph downburst winds, and softball sized hail in Fannin County. The fourth supercell produced hail up to 3.25 in diameter in Collin County. Damage estimates were estimated as high as $2 billion dollars for this event, but insurance companies anticipated the final damage totals to be around $1.1 billion. One head injury was reported when the hail broke through the sunroof of a car.",114
377975,BACA CO.,(KSPD)SPRINGFIELD AWOS,06/14/2012,1337,Tornado, ,EF0,0,0,0,0,CO,MST-7, ,63131,C,9,PUB,0,0,Trained Spotter, ,0.32,50,4,WNW,4,WNW,(KSPD)SPRINGFIELD AWOS,06/14/2012,1338,37.3,-102.67,37.3046,-102.6704,"A landspout tornado occurred over an open field and caused no damage.","Severe storms occurred over far southeast Colorado producing large hail and landspout tornadoes in central Baca County and southeast Prowers County.",115
377977,PROWERS CO.,HOLLY,06/14/2012,1458,Tornado, ,EF0,0,0,0,0,CO,MST-7, ,63131,C,99,PUB,0,0,Trained Spotter, ,1.02,50,20,SSW,19,SSW,HOLLY,06/14/2012,1514,37.7661,-102.2156,37.7808,-102.2142,"A slow-moving landspout tornado occurred over a wheat field and caused no damage, although it can very close to hitting a fleeing wheat combine.  Two other weaker landspout tornadoes occurred simultaneously within a mile of the aforementioned landspout tornado.","Severe storms occurred over far southeast Colorado producing large hail and landspout tornadoes in central Baca County and southeast Prowers County.",116
396390,NESS CO.,BEELER,06/14/2012,1818,Tornado, ,EF0,0,0,0,0,KS,CST-6, ,65999,C,135,DDC,0,0,Storm Chaser, ,0.49,75,4,SSW,4,SSW,BEELER,06/14/2012,1820,38.37,-100.23,38.3686,-100.2211,"This tornado became rain wrapped very quickly.","Strong daytime heating and a sagging cold front combined to produce severe thunderstorms during the late afternoon and evening.",117
388160,ADAMS CO.,BENNETT,06/15/2012,1356,Tornado, ,EF0,0,0,0,0,CO,MST-7, ,64814,C,1,BOU,0,0,Storm Chaser, ,0.1,50,1,NNE,1,NNE,BENNETT,06/15/2012,1406,39.77,-104.42,39.77,-104.42,"A weak tornado touched down but did no damage.","A severe thunderstorm produced hail from quarter to half dollar size in Douglas and Jefferson Counties.  A weak short lived tornado touched down in Adams County.  In Lincoln County, a trained spotter measured a peak wind gust to 64 mph.",118
378133,BACA CO.,PRITCHETT,06/16/2012,1802,Tornado, ,EF0,0,0,0,0,CO,MST-7, ,63164,C,9,PUB,0,0,Law Enforcement, ,1.05,50,5,N,6,N,PRITCHETT,06/16/2012,1806,37.4424,-102.86,37.4564,-102.8526,"A brief tornado occurred over open fields causing no damage.","Severe storms produced severe hail from Fremont to Pueblo County...and in Baca County...severe hail and a brief tornado occurred north of Pritchett.",119
398027,TRAVERSE CO.,CHARLESVILLE,06/17/2012,1752,Tornado, ,EF0,0,0,0,0,MN,CST-6, ,65548,C,155,ABR,0,0,Trained Spotter, ,0.05,5,4,SW,4,SW,CHARLESVILLE,06/17/2012,1753,45.92,-96.34,45.92,-96.34,"Brief touchdown in a field.","A strong warm front brought severe thunderstorms to west central Minnesota with very damaging winds occurring across the region.",120
398054,ROBERTS CO.,PEEVER,06/17/2012,1800,Tornado, ,EF0,0,0,0,0,SD,CST-6, ,65547,C,109,ABR,0,0,Public, ,0.01,5,5,S,5,S,PEEVER,06/17/2012,1801,45.46,-96.96,45.46,-96.96,"Brief touchdown in a field.","A strong warm front brought many severe thunderstorms to northeast South Dakota. Large hail up to tennis ball size, damaging winds, along with a tornado occurred across the region.",121
379840,GRANT CO.,NORCROSS,06/17/2012,1802,Tornado, ,EF0,0,0,0,0,MN,CST-6, ,63288,C,51,FGF,0,0,NWS Storm Survey, ,2.86,30,2,NW,2,NE,NORCROSS,06/17/2012,1813,45.89,-96.23,45.8905,-96.1706,"A weak tornado touched down just west of highway 9 and tracked intermittently eastward for about three miles. The tornado broke down several large tree branches and a few tree limbs in shelterbelts along its path. Peak winds were estimated at 80 mph.","By the early evening of the 17th, a triple point was located near Valley City, North Dakota. From this spot, a cold front extended to the southwest, a warm front extended out to the southeast, and an occluded front extended up toward Devils Lake, North Dakota. Thunderstorms fired up across southeast North Dakota and west central Minnesota during the early evening and produced large hail, strong winds, and a funnel cloud.",122
394783,ROBERTS CO.,CORONA,06/17/2012,1853,Tornado, ,EF1,0,0,0,0,SD,CST-6, ,65547,C,109,ABR,0,0,NWS Storm Survey, ,0.28,10,9,NE,9,ENE,CORONA,06/17/2012,1858,45.4025,-96.6214,45.3987,-96.6194,"A brief tornado touchdown occurred in Cramers Resorts.  The touchdown occurred roughly in the middle of the resort with damage occurring to two mobile homes and an outbuilding. There was quite a bit of structural and tree damage at the resort. Several cabins sustained major structural damage with roof sections missing and partial or total wall collapses.  Several trees were downed along with many tree branches.","A strong warm front brought many severe thunderstorms to northeast South Dakota. Large hail up to tennis ball size, damaging winds, along with a tornado occurred across the region.",123
393252,CHIPPEWA CO.,GLUEK,06/17/2012,1859,Tornado, ,EF0,0,0,0,0,MN,CST-6, ,63037,C,23,MPX,0,0,Storm Chaser, ,0.13,10,12,NNE,12,NNE,GLUEK,06/17/2012,1900,45.1349,-95.3788,45.1359,-95.3764,"The tornado touched down very briefly in a corn field. Some corn was damaged.","A large cluster of thunderstorms that formed across the eastern Dakotas, moved eastward and developed a long-lived bow echo that moved across southern Minnesota during the evening of Sunday June 17th.  Numerous trees, power lines, barns and roofs were damaged or destroyed across a large portion in southern Minnesota.||Winds were clocked at 78 mph at the Appleton Airport, and knocked down power lines, tore open a machine shed on a farm place north of Appleton, and twisted the foundation for a grain dryer, snapping the liquid propane line to it.  Five power poles along Minnesota Highway 7 just north of Appleton were toppled, knocking out power to rural areas and about �� of Appleton for two to three hours.||In Lac Qui Parle County, the winds tore metal roofing off a portion of a building in Madison, and snapped small tree branches in town.||In eastern Kandiyohi County, the roof of a shed at the Central Lakes Cooperative just outside of Atwater was torn off and a turkey barn on Highway 12 was damaged.  Highway crews used snowplows to move numerous branches from State Highway 12 in Atwater, and power was affected in five substations in the region, particularly the one in Atwater.||The western and northwestern portions of Meeker County were hit hard with severe damage around Grove City, where at least 14 buildings were damaged, including six turkey barns, sheds, grain bins and one residence with extensive roof damage.  The Meeker Cooperative said more than 30 power poles were lost and numerous lines downed because of wind and falling trees.  The athletic fields at the High School in Grove City were damaged, with football bleachers flipped over onto the field and a dugout damaged on the baseball field.  A section of State Highway 4 in Meeker County was shut down due to debris on the road.||Golf ball sized hail and some two inches in diameter were reported in Le Sueur, Rice and Goodhue counties but no major damage was reported.||In addition to the severe winds and hail, very heavy rainfall occurred, especially in the communities of Willmar, Cannon Falls, and Jordan. All three areas reported rainfall of more than 3 inches, with led to flooding.  Transportation officials closed Highway 20 near Cannon Falls and Highway 50 near Miesville Monday morning due to flooding. The flooding damaged roads, bridges, utilities, buildings and recreation areas. Preliminary damage assessments revealed more than 5 million dollars in costs and damages.||Wind storms and flooding during the period June 14-21 led to Dakota, Goodhue, Kandiyohi, Meeker, Rice and Sibley counties being among those Minnesota counties designated disaster areas by presidential declaration on July 6, 2012.",124
393257,CHIPPEWA CO.,HAGEN,06/17/2012,1943,Tornado, ,EF0,0,0,0,0,MN,CST-6, ,63037,C,23,MPX,0,0,Storm Chaser, ,0.3,25,5,SSE,5,SSE,HAGEN,06/17/2012,1945,45.0769,-95.7455,45.0777,-95.7395,"A small shed and a playhouse were blown into a corn field. About two dozen trees were broken or toppled.","A large cluster of thunderstorms that formed across the eastern Dakotas, moved eastward and developed a long-lived bow echo that moved across southern Minnesota during the evening of Sunday June 17th.  Numerous trees, power lines, barns and roofs were damaged or destroyed across a large portion in southern Minnesota.||Winds were clocked at 78 mph at the Appleton Airport, and knocked down power lines, tore open a machine shed on a farm place north of Appleton, and twisted the foundation for a grain dryer, snapping the liquid propane line to it.  Five power poles along Minnesota Highway 7 just north of Appleton were toppled, knocking out power to rural areas and about �� of Appleton for two to three hours.||In Lac Qui Parle County, the winds tore metal roofing off a portion of a building in Madison, and snapped small tree branches in town.||In eastern Kandiyohi County, the roof of a shed at the Central Lakes Cooperative just outside of Atwater was torn off and a turkey barn on Highway 12 was damaged.  Highway crews used snowplows to move numerous branches from State Highway 12 in Atwater, and power was affected in five substations in the region, particularly the one in Atwater.||The western and northwestern portions of Meeker County were hit hard with severe damage around Grove City, where at least 14 buildings were damaged, including six turkey barns, sheds, grain bins and one residence with extensive roof damage.  The Meeker Cooperative said more than 30 power poles were lost and numerous lines downed because of wind and falling trees.  The athletic fields at the High School in Grove City were damaged, with football bleachers flipped over onto the field and a dugout damaged on the baseball field.  A section of State Highway 4 in Meeker County was shut down due to debris on the road.||Golf ball sized hail and some two inches in diameter were reported in Le Sueur, Rice and Goodhue counties but no major damage was reported.||In addition to the severe winds and hail, very heavy rainfall occurred, especially in the communities of Willmar, Cannon Falls, and Jordan. All three areas reported rainfall of more than 3 inches, with led to flooding.  Transportation officials closed Highway 20 near Cannon Falls and Highway 50 near Miesville Monday morning due to flooding. The flooding damaged roads, bridges, utilities, buildings and recreation areas. Preliminary damage assessments revealed more than 5 million dollars in costs and damages.||Wind storms and flooding during the period June 14-21 led to Dakota, Goodhue, Kandiyohi, Meeker, Rice and Sibley counties being among those Minnesota counties designated disaster areas by presidential declaration on July 6, 2012.",125
394766,CRAWFORD CO.,GRAYLING,06/18/2012,2028,Tornado, ,EF1,0,0,60000,0,MI,EST-5, ,65849,C,39,APX,0,0,NWS Storm Survey, ,1.29,350,10,SE,11,ESE,GRAYLING,06/18/2012,2030,44.5861,-84.5354,44.5827,-84.5096,"This EF1 tornado impacted the Forest Dunes Golf Club.  The initial touchdown was near the entrance to the club. Damage along the first half of the path was sporadic, with some trees uprooted and/or snapped. Damage intensity increased as the tornado reached a clear-cut area adjacent to its path, allowing the winds to more directly strike a large stand of trees. Damage in this one stand, alongside one of the fairways at the club, was considerable, with the majority of the trees felled. All told, over 100 trees were uprooted and/or snapped, including a mix of hardwoods and softwoods. Maximum winds were estimated at 100 mph.","A warm front allowed warm and moist air to surge north into Northern Michigan.  Initial thunderstorms developed in Eastern Upper Michigan in the afternoon; some of these produced large hail.  Incoming thunderstorms organized into a line as they crossed Northern Lake Michigan; this squall line produced many reports of 40 to 55mph winds, but only a few pockets of wind damage, in addition to a single tornado.",126
378379,GRAND FORKS CO.,KEMPTON,06/20/2012,1749,Tornado, ,EF0,0,0,0,0,ND,CST-6, ,63190,C,35,FGF,0,0,Public, ,1.16,20,5,E,6,E,KEMPTON,06/20/2012,1751,47.82,-97.52,47.81,-97.5,"This long, thin, and rope like tornado lasted for just a couple of minutes. It tracked eastward for about one mile, nearly to the Avon and Pleasant View township line. Numerous large branches were knocked down in a farmstead shelterbelt and a couple of large tree limbs were snapped off in a field shelterbelt. Peak winds were estimated at 70 mph.","An upper level disturbance and a cold pool aloft helped generate afternoon and early evening showers and thunderstorms. A weak surface low also formed in the late afternoon over northeast North Dakota, providing a focus area for the funnel cloud and weak tornado reports.",127
378380,GRAND FORKS CO.,HOLMES,06/20/2012,1802,Tornado, ,EF1,0,0,0,0,ND,CST-6, ,63190,C,35,FGF,0,0,NWS Storm Survey, ,1.39,30,4,NW,5,WNW,HOLMES,06/20/2012,1806,47.76,-97.36,47.76,-97.39,"This rope like tornado lasted for over four minutes and tracked due east for nearly two miles in the far northwest corner of Union Township. Several tree tops were snapped in field shelterbelts and at least one tree was uprooted near a farm shelterbelt. Peak winds were estimated at 90 mph.","An upper level disturbance and a cold pool aloft helped generate afternoon and early evening showers and thunderstorms. A weak surface low also formed in the late afternoon over northeast North Dakota, providing a focus area for the funnel cloud and weak tornado reports.",128
