EVENT_ID,CZ_NAME_STR,BEGIN_LOCATION,BEGIN_DATE,BEGIN_TIME,EVENT_TYPE,MAGNITUDE,TOR_F_SCALE,DEATHS_DIRECT,INJURIES_DIRECT,DAMAGE_PROPERTY_NUM,DAMAGE_CROPS_NUM,STATE_ABBR,CZ_TIMEZONE,MAGNITUDE_TYPE,EPISODE_ID,CZ_TYPE,CZ_FIPS,WFO,INJURIES_INDIRECT,DEATHS_INDIRECT,SOURCE,FLOOD_CAUSE,TOR_LENGTH,TOR_WIDTH,BEGIN_RANGE,BEGIN_AZIMUTH,END_RANGE,END_AZIMUTH,END_LOCATION,END_DATE,END_TIME,BEGIN_LAT,BEGIN_LON,END_LAT,END_LON,EVENT_NARRATIVE,EPISODE_NARRATIVE,ABSOLUTE_ROWNUMBER
404822,RIO GRANDE CO.,DEL NORTE,09/25/2012,1255,Tornado, ,EF0,0,0,5000,0,CO,MST-7, ,67521,C,105,PUB,0,0,Public, ,1.38,100,1,S,2,SE,DEL NORTE,09/25/2012,1300,37.6695,-106.3506,37.6645,-106.3262,"A strong storm produced a non-mesocyclone (landspout) tornado just south of Del Norte.  There was minor damage to several properties...including one property which sustained damage to a camper and minor structural damage to the house.","A strong storm produced a non-mesocyclone (landspout) tornado.",1
432102,CLINTON CO.,DAMIANSVILLE,09/25/2012,1617,Tornado, ,EF0,0,0,0,0,IL,CST-6, ,69267,C,27,LSX,0,0,Storm Chaser, ,0.16,30,1,W,1,W,DAMIANSVILLE,09/25/2012,1618,38.5233,-89.6472,38.5226,-89.6443,"A tornado briefly touched down in a field just northwest of Damiansville.  No damage or injuries were reported with this tornado.","A strong cold front moved through the region, triggering showers and thunderstorms.  There were numerous reports of large hail and damaging winds, as well as a tornado.",2
415886,WASHINGTON CO.,OKAWVILLE,09/25/2012,1623,Tornado, ,EF1,0,1,0,0,IL,CST-6, ,69267,C,189,LSX,0,0,NWS Storm Survey, ,3.95,100,1,NNE,2,WSW,COVINGTON,09/25/2012,1629,38.4475,-89.5425,38.4354,-89.4711,"A tornado touched down near I-64 on the north side of Okawville where it blew an eastbound tractor trailer to the southwest into the median.  The driver sustained minor injuries.  The tornado travelled east and damaged a barn and other outbuildings at a farm along Illinois Route 177 about a quarter of a mile west of Cord Road.  Roof panels were blown off, some large tree limbs blown down and several calf hutches blown about, some of which had calves in them.  At Cord Road and Illinois Route 177, tin roof panels were blown off of another barn.  About a quarter of a mile east of Cord Road, along Illinois Route 177, power lines were blown down, a small barn lost its roof and a mason block building was blown down.  The tornado continued to move almost due east along Illinois Route 177 where it damaged a home at the intersection of IL Route 177 and Phobe Road.  Roof shingles were blown off and several large tree branches were broken.  One branch went through the roof of the garage and another damaged a car in the driveway.  All of the damage so far was EF0.  Near the intersection of Illinois Route 177 and County Road 4, the tornado destroyed a small barn.  This damage was rated EF1 with a maximum wind speed of 100 mph.  The tornado then turned a bit to the southeast and quickly dissipated over open fields.  Overall, the path length was approximately 4 miles with a max path width of 100 yards.","A strong cold front moved through the region, triggering showers and thunderstorms.  There were numerous reports of large hail and damaging winds, as well as a tornado.",3
407314,DOUGLAS CO.,GREENLAND,09/27/2012,1219,Tornado, ,EF0,0,0,0,0,CO,MST-7, ,67880,C,35,BOU,0,0,Law Enforcement, ,0.1,50,5,ENE,5,ENE,GREENLAND,09/27/2012,1219,39.18,-104.75,39.18,-104.75,"A tornado touched down briefly but did no damage.","Three weak tornadoes touched down in Adams, Douglas and Weld Counties.",4
407315,ADAMS CO.,STRASBURG,09/27/2012,1428,Tornado, ,EF0,0,0,0,0,CO,MST-7, ,67880,C,1,BOU,0,0,Trained Spotter, ,0.1,50,4,ENE,4,ENE,STRASBURG,09/27/2012,1431,39.74,-104.22,39.74,-104.22,"A tornado touched down briefly but did no damage.","Three weak tornadoes touched down in Adams, Douglas and Weld Counties.",5
406688,WASHINGTON CO.,EIGHTY FOUR,09/27/2012,1457,Tornado, ,EF0,0,0,75000,0,PA,EST-5, ,67787,C,125,PBZ,0,0,NWS Storm Survey, ,1.46,150,1,NW,0,NNW,WYLANDVILLE,09/27/2012,1500,40.186,-80.136,40.205,-80.124,"An NWS survey found a EF0 tornado with maximum estimated speeds of 80 to 85 MPH. A concentrated damage swath was encountered along Route 519 in Eighty Four to along Brownlee road near Gambles. Damage consisted of snapped and uprooted hardwood and softwood trees and destruction of small outbuildings and modest shingle removal on a structure. A car was blown onto its side along route 519 during the tornado. This tornado also was confirmed by video submitted to the national weather service.","A surface low pressure system was moving across the upper Ohio Valley towards the Pittsburgh area associated with showers. As the system moved over Allegheny County, it strengthened and spawned heavy rain with windy conditions. Some of the winds had mixed down with the heavy showers causing sporadic areas of damage.  Before the center of the low started crossing Allegheny County, very small vortices spun up on the southern side of the low, producing two weak and short lived tornadoes.",6
406689,ALLEGHENY CO.,DUQUESNE,09/27/2012,1544,Tornado, ,EF0,0,0,50000,0,PA,EST-5, ,67787,C,3,PBZ,0,0,NWS Storm Survey, ,0.3,75,0,ESE,0,E,DUQUESNE,09/27/2012,1545,40.367,-79.864,40.371,-79.862,"An NWS survey found and EF0 tornado with estimated maximum winds of 70 to 80 MPH. Damage to trees was noted along and southwest of Grant Avenue Extension in West Mifflin. Softwood trees and large hardwood tree limbs were snapped and dragged. Cemetery headstones were blown over. The exposed front porch of a home was uplifted and deposited on the roof of the home.","A surface low pressure system was moving across the upper Ohio Valley towards the Pittsburgh area associated with showers. As the system moved over Allegheny County, it strengthened and spawned heavy rain with windy conditions. Some of the winds had mixed down with the heavy showers causing sporadic areas of damage.  Before the center of the low started crossing Allegheny County, very small vortices spun up on the southern side of the low, producing two weak and short lived tornadoes.",7
407316,WELD CO.,ROGGEN,09/27/2012,1557,Tornado, ,EF0,0,0,0,0,CO,MST-7, ,67880,C,123,BOU,0,0,Public, ,0.1,50,2,N,2,N,ROGGEN,09/27/2012,1557,40.2,-104.37,40.2,-104.37,"A tornado touched down briefly but did no damage.","Three weak tornadoes touched down in Adams, Douglas and Weld Counties.",8
407633,LAVACA CO.,SWEET HOME,09/29/2012,1602,Tornado, ,EF0,0,0,5000,0,TX,CST-6, ,67886,C,285,EWX,0,0,NWS Storm Survey, ,0.63,20,1,SSE,0,SSE,SWEET HOME,09/29/2012,1604,29.338,-97.0655,29.3466,-97.0688,"A small EF-0 tornado was seen on video from a school campus in Sweet Home.  The survey concluded that the small tornado began just down the road from the school on FM 531 and then traveled northwest hitting the school playground area at approximately 5:02 PM.  The video showed the small tornado moving through the playground damaging the playground and the school gymnasium door. The tornado then moved northwest behind the school and into an open field behind a nearby church.  The tornado crossed County Road 378 and produced some minor tree damage before dissipating near FM 318. Special thanks go out to Sweet Home Independent School District and KSAT-12 TV in San Antonio for providing information and video of this tornado event.","The remnants of Pacific Hurricane Miriam moved across northern Mexico into Texas and combined with low level Gulf moisture to produce widespread showers and thunderstorms. This resulted in flash flooding, one thunderstorm that produced damaging wind gusts, and another that produced a tornado.",9
414612,CALHOUN CO.,PORT LAVACA,09/29/2012,1611,Tornado, ,EF0,0,0,100000,0,TX,CST-6, ,69110,C,57,CRP,0,0,NWS Storm Survey, ,0.1,30,1,WSW,1,W,PORT LAVACA,09/29/2012,1612,28.6179,-96.6423,28.6191,-96.6414,"An NWS storm survey concluded an EF-0 tornado briefly touched down just west of Highway 35 at Farm to Market Road 3084. A Tractor Supply store experienced minor damage which included losing gutters off the building and a rooftop air conditioning unit being flipped. Winds were estimated at 65 mph.","Tropical moisture was situated over South Texas on the morning of September 28th, 2012. Additional moisture from the remnants of Hurricane Miriam in the Eastern Pacific was moving into the mountains of Mexico and streaming into South Texas. A stationary front was situated over Central Texas, as an upper level disturbance was approaching from the west. The combination of very high moisture, forcing along the stationary front, the upper disturbance and upslope flow over the mountains of Mexico was an ideal set up for heavy rainfall to occur over South Texas during the late evening of September 28th through the early evening of September 29th.||Showers and thunderstorms began to develop and organize over the mountains of Mexico and the frontal boundary late Friday evening. The storms moved into the Laredo area about an hour before midnight on the 28th, producing very heavy rainfall and widespread flooding in the city. Flooding was first reported in the city of Laredo  around midnight September 29th, with some locations receiving nearly 6 inches of rain in just a couple of hours. The complex of storms continued to move east, producing wind damage in portions of Live Oak County and heavy rainfall elsewhere. The system weakened as it approached the coast. The storms then moved east on the 29th, allowing the atmosphere time to recover for the afternoon round of convection.||By mid-afternoon on the 29th, the frontal boundary approached South Texas. Skies had sufficiently cleared behind the morning storms to allow the atmosphere to destabilize. This led to another round of thunderstorms producing heavy rainfall, mainly over the eastern half of South Texas. Surface winds shifted more to the east as the boundary approached the coastal areas, helping to produce an EF-0 tornado near Port Lavaca and a waterspout east of Port Aransas late Saturday afternoon on the 29th.",10
413276,HANCOCK CO.,SELLERS,09/30/2012,1420,Tornado, ,EF1,0,0,30000,0,MS,CST-6, ,68903,C,45,LIX,0,0,NWS Storm Survey, ,6.07,40,8,WSW,4,WNW,SELLERS,09/30/2012,1434,30.5428,-89.4792,30.6066,-89.4091,"A weak tornado touched down along an intermittent track from the Cypress Lake area northeastward to just southwest of the community of Necaise. A few homes had minor roof damage, one home was shifted off its foundation. One home had a portion of siding roof peeled off, and a few trees were snapped or blown down. Most of the damage path was rated as WF0 with an isolated area of EF1 damage. Path length was 6 miles, path width 40 yards. Maximum winds were approximately 100 mph. Time of event was based on radar.","Low pressure near Houston, Texas moved into central Mississippi during the daytime hours. A few thunderstorms reached severe limits, including 2 tornadoes.",11
414466,STONE CO.,PERRY,09/30/2012,1519,Tornado, ,EF1,0,0,60000,0,MS,CST-6, ,69097,C,131,MOB,0,0,NWS Storm Survey, ,2.23,100,1,S,2,ENE,PERRY,09/30/2012,1524,30.7127,-89.1502,30.7353,-89.1235,"The tornado touched down one quarter mile north of West McHenry Road and west of US Highway 49 where trees were snapped off at mid-trunk and uprooted. The tornado continued northeast to Pine Avenue where it briefly increased in strength  to EF-1 intensity and nearly 100 yards wide taking the roof off of one residence and damaging the roof structures of 4 other homes. The tornado then continued northeast across Highway 49 before lifting on Wire Road East near the Highway 49 intersection where a wooden backyard privacy fence was blown down and a few trees were topped out.","A low pressure system moving east across Mississippi and Alabama provided enough dynamics to produce isolated tornadoes across the deep south during the afternoon and evening.",12
411467,CUSTER CO.,ARNOLD,09/30/2012,1605,Tornado, ,EF0,0,0,0,0,NE,CST-6, ,67939,C,41,LBF,0,0,Department of Highways, ,0.05,90,3,NNW,3,NNW,ARNOLD,09/30/2012,1615,41.4652,-100.2252,41.4645,-100.2252,"At 1605 CST, a non-supercell tornado developed about 3 miles northwest of Arnold. The tornado moved slowly south over rangeland before dissipating at 1615 CST. No damage was discernable. Average path width was 90 yards.","Thunderstorms developed across portions of southwest Nebraska on the afternoon of September 30th.  These storms developed ahead of a strong cold front which was moving south out of South Dakota and produced isolated areas of heavy rain and hail. Several eyewitnesses reported a funnel cloud north of Arnold, as far away as 15 miles. A non supercell tornado was reported three miles northwest of Arnold although no damage was reported.",13
417470,COOSA CO.,PENTONVILLE,10/01/2012,347,Tornado, ,EF0,0,0,0,0,AL,CST-6, ,69564,C,37,BMX,0,0,NWS Storm Survey, ,0.52,150,1,SW,0,SW,PENTONVILLE,10/01/2012,349,32.8089,-86.2405,32.8157,-86.2367,"The tornado initially touched down just east of County Road (CR) 45 south of Shady Grove church in a thin stand of trees between the road and a pasture. It proceeded to the north-northeast at about 30 mph, uprooting trees in a convergent pattern in the vicinity of Shady Grove cemetery. It uprooted 3 large pines as it crossed CR 14, then damaging a small barn and out buildings due to uprooted oak trees before moving into a heavily wooded area. Large hardwood trees were uprooted sporadically along the path, with one area of concentrated damage deep in the woods. The tornado then weakened rapidly and dissipated over wooded land before the thunderstorm crossed CR 8. A debris signature on radar helped to determine the location of the path. The tornado was rated an EF-0, with maximum winds of 85 mph.","Low pressure at the surface and aloft progressed northeastward, with a cold front trailing to the south. A warm front lifted from the Gulf of Mexico and stalled across central Alabama. Storms developed and moved across this warm front, where there was enough lift and shear to support an isolated and brief tornado to develop.",14
416448,BEDFORD CO.,ROYAL,10/01/2012,1225,Tornado, ,EF0,0,0,10000,0,TN,CST-6, ,69415,C,3,OHX,0,0,Emergency Manager, ,1.51,50,1,NE,2,N,SHELBYVILLE,10/01/2012,1228,35.49,-86.49,35.5067,-86.4725,"Reports from the Bedford County Emergency Management and Shelbyville Times-Gazette Newspaper as well as analysis of radar data indicate an EF0 tornado briefly touched down across western Shelbyville.  Several trees were blown down along an intermittent path from Parker Road to Rabbit Branch Road to Dow Road. One outbuilding was destroyed on Dow Road. Max winds were estimated to be 65 mph.","A storm system produced widespread moderate to heavy rainfall and some embedded thunderstorms across the area throughout the day. Strong low level shear prompted some of the more intense showers and thunderstorms to rotate, and three weak tornadoes touched down during the afternoon hours across the eastern half of Middle Tennessee.  Rainfall totals of 3 to 4 inches also caused some flash flooding.",15
416449,WILSON CO.,STATESVILLE,10/01/2012,1607,Tornado, ,EF0,0,0,20000,0,TN,CST-6, ,69415,C,189,OHX,0,0,NWS Storm Survey, ,1.96,100,2,SSW,0,N,STATESVILLE,10/01/2012,1612,36.007,-86.1394,36.0342,-86.1291,"An EF0 tornado touched down southwest of the intersection of Knight Creek Road and Greenvale Road in Statesville then moved northeast before ending along Highway 267.  One mobile home slid off its foundation and three sheds were destroyed near the beginning of the path. Aluminum roofing from the sheds was blown hundreds of yards over hills to the northeast. Another shed was lofted and destroyed at a residence off Greenvale Road, and several trees were blown down on Clever Creek Road and Highway 267.  Max winds were estimated to be 85 mph. This was the first tornado on record to occur in the month of October in Wilson County.","A storm system produced widespread moderate to heavy rainfall and some embedded thunderstorms across the area throughout the day. Strong low level shear prompted some of the more intense showers and thunderstorms to rotate, and three weak tornadoes touched down during the afternoon hours across the eastern half of Middle Tennessee.  Rainfall totals of 3 to 4 inches also caused some flash flooding.",16
415016,COLUMBUS CO.,ARTESIA,10/01/2012,1622,Tornado, ,EF0,0,0,4000,500,NC,EST-5, ,69178,C,47,ILM,0,0,NWS Storm Survey, ,0.31,30,1,NW,1,NNW,ARTESIA,10/01/2012,1623,34.3277,-78.5773,34.3317,-78.5748,"A National Weather Service Storm Survey Team concluded an EF0 tornado briefly touched down and caused minor damage to a corn field. The tornado moved north-northeast of the field and knocked down several trees. Some of the fallen trees damaged a fence. The tornado lifted prior to reaching Highway 74. The maximum wind speed was estimated to 65 mph. The path length was just shy of a third of a mile and the maximum path width was 30 yards.","Thunderstorms developed along the wedge front and began to rotate along the west edge of the boundary. Cells exhibited strong rotation in the mid-levels and pronounced hook echoes. The lack of significant low-level instability helped to limit the extent of observed damage on the ground.",17
416450,SMITH CO.,GRANT,10/01/2012,1631,Tornado, ,EF1,0,0,15000,0,TN,CST-6, ,69415,C,159,OHX,0,0,NWS Storm Survey, ,1.47,150,1,SW,1,N,GRANT,10/01/2012,1634,36.1738,-86.087,36.1935,-86.0769,"A low end EF1 tornado touched down just north of Interstate 40 in the Grant community before ending near Highway 141.  Several trees were blown down on Dawson Road. Dozens of large trees were snapped and uprooted on a farm located south of S.P. McClanahan Road. Homeowners estimated some of the trees to be over 200 years old. More trees were blown down with skirting damage to a mobile home along S.P. McClanahan Road was damaged and several more trees were uprooted.  A few more trees were blown down before the tornado lifted west of Highway 141.  Max winds were estimated to be 90 mph.||This was the first tornado on record to occur in the month of October in Smith County.","A storm system produced widespread moderate to heavy rainfall and some embedded thunderstorms across the area throughout the day. Strong low level shear prompted some of the more intense showers and thunderstorms to rotate, and three weak tornadoes touched down during the afternoon hours across the eastern half of Middle Tennessee.  Rainfall totals of 3 to 4 inches also caused some flash flooding.",18
415028,BLADEN CO.,COUNCIL,10/01/2012,1658,Tornado, ,EF0,0,0,2500,0,NC,EST-5, ,69178,C,17,ILM,0,0,NWS Storm Survey, ,0.14,20,1,SSW,1,S,COUNCIL,10/01/2012,1659,34.4111,-78.4724,34.4125,-78.4707,"A National Weather Service Storm Survey Team concluded an EF0 tornado briefly touched down, moving across Elwell Ferry Road, south of Highway 211. Tree damage was observed. One of the trees snapped and fell across power lines and onto the road causing local power outages. Debris was strewn across a field on the east side of the road where the tornado quickly dissipated. The maximum wind speed was estimated to 60 mph. The path length was just over a tenth of a mile and the maximum path width was 20 yards.","Thunderstorms developed along the wedge front and began to rotate along the west edge of the boundary. Cells exhibited strong rotation in the mid-levels and pronounced hook echoes. The lack of significant low-level instability helped to limit the extent of observed damage on the ground.",19
415077,COLUMBUS CO.,BOARDMAN,10/01/2012,1715,Tornado, ,EF0,0,0,10000,0,NC,EST-5, ,69178,C,47,ILM,0,0,NWS Storm Survey, ,2.08,25,4,SSW,2,SW,BOARDMAN,10/01/2012,1724,34.3807,-78.9451,34.4105,-78.9505,"A National Weather Service Storm Survey Team concluded an EF0 tornado touched down in a wooded area near Bud Stephens Road and north of Princess Ann Road.  A few trees were snapped or uprooted in this area. The tornado crossed Bud Stephens Road and moved into an area dominated by a mix of fields and forest. Damage was observed to trees on the west side of Bud Stephens Road, but access in this area was limited. The tornado then moved across Edmund Road, causing some tree damage. Three poorly constructed sheds located behind a house on the east side of Macedonia Church Road sustained damage. The tornado then crossed Macedonia Church Road and dissipated. The maximum wind speed was estimated to 75 mph. The path length was just over 2 miles and the maximum path width was 25 yards.","Thunderstorms developed along the wedge front and began to rotate along the west edge of the boundary. Cells exhibited strong rotation in the mid-levels and pronounced hook echoes. The lack of significant low-level instability helped to limit the extent of observed damage on the ground.",20
415067,BLADEN CO.,COUNCIL,10/01/2012,1718,Tornado, ,EF0,0,0,4000,0,NC,EST-5, ,69178,C,17,ILM,0,0,NWS Storm Survey, ,2.87,20,2,ENE,4,W,KELLY,10/01/2012,1730,34.4358,-78.4397,34.4628,-78.4014,"A National Weather Service Storm Survey Team concluded an EF0 tornado caused spotty tree damage from near the intersection of Elwell Ferry Road and Baltimore Road to Flake Road. Large limbs were observed down near the intersection of Elwell Ferry Road and Highway 87 and near the intersection of Grimsley Road and Elwell Ferry Road. The maximum wind speed was estimated to 60 mph. The path length was just shy of 3 miles and the maximum path width was 20 yards.","Thunderstorms developed along the wedge front and began to rotate along the west edge of the boundary. Cells exhibited strong rotation in the mid-levels and pronounced hook echoes. The lack of significant low-level instability helped to limit the extent of observed damage on the ground.",21
410374,SANTA FE CO.,GLORIETA,10/12/2012,1608,Tornado, ,EF0,0,0,50000,0,NM,MST-7, ,68096,C,49,ABQ,0,0,Emergency Manager, ,5.78,75,7,ENE,12,ENE,GLORIETA,10/12/2012,1625,35.63,-105.6684,35.6716,-105.579,"Numerous large ponderosa pine trees snapped in half.  Log cabin under construction received considerable damage with debris lofted into nearby trees.","This day started out active with severe thunderstorms erupting over and east of the south central mountains during the early morning hours on the nose of a weak mid level jet. Precipitation began to form in Arizona ahead of an upper level cut off low coming in off the coast of California. Activity expanded over portions of western and central New Mexico throughout the day as the low shifted east. In addition to the upper level system, a back door cold front had also moved into northeastern New Mexico.  Strong to severe thunderstorms developed over the area in this pattern with numerous reports of large hail and damaging winds over northern New Mexico and the eastern plains. A tornado even touched down in the Pecos Wilderness to the north of Pecos.",22
408679,HALE CO.,ALLEY,10/12/2012,1805,Tornado, ,EF0,0,0,0,0,TX,CST-6, ,68038,C,189,LUB,0,0,Storm Chaser, ,1.8,200,4,NE,5,NE,ALLEY,10/12/2012,1811,33.942,-101.7959,33.9593,-101.7725,"Storm chasers observed a diffuse and intermittent tornado over open land about nine miles southeast of Hale Center. At times, this weak tornado exhibited cyclical multiple vortices rotating about the larger tornadic circulation that was estimated as wide as 200 yards wide at one point. Video evidence showed intermittent circulations at ground level throughout a period of about six minutes spanning nearly two miles in length. This otherwise weak tornado remained over farm land and caused no known damage.","Unusually moist air for mid-October was carried into the Texas South Plains on the 11th ahead of a vigorous upper low in the four corners region. By the afternoon of the 12th, this upper low tracked into Colorado accompanied by a strong subtropical jet that overspread the South Plains. With surface dewpoints in the mid to upper 60s and diminishing stratocumulus clouds, strong instability developed by late afternoon over the central South Plains. Very strong wind shear already in place was made even stronger near a warm front that began lifting slowly north between Lubbock and Plainview. By 1700 CST, a pair of strong and severe storms erupted near Shallowater and began moving north-northeast. One of these storms developed strong low-level rotation as it crossed the warm front near Hale Center and assumed an easterly motion. This rotation culminated in two tornadoes over open land in eastern Hale County. Earlier, this same storm produced very large hail up to baseball size that damaged several vehicle windows at a rest stop on I-27. Also, large hail up to golf ball size accompanied a left-moving supercell that raced northward near I-27. Both of these supercells decayed around 1900 CST before a third supercell late this evening entered Yoakum County from neighboring Lea County, NM. Although NWS Lubbock Doppler Radar indicated the likelihood of large hail west and northwest of Plains, this final supercell did not produce any known severe weather before it evolved into a line of strong thunderstorms while overspreading much of the South Plains before midnight.",23
408826,HALE CO.,FURGUSON STA,10/12/2012,1814,Tornado, ,EF0,0,0,0,0,TX,CST-6, ,68038,C,189,LUB,0,0,Storm Chaser, ,0.14,20,7,SSE,7,SSE,FURGUSON STA,10/12/2012,1815,34.032,-101.7027,34.0333,-101.7007,"Storm chasers documented a narrow and very brief EF0 tornado in a field. A small amount of debris was observed rotating in a tight fashion underneath a condensation funnel. No damage occurred.","Unusually moist air for mid-October was carried into the Texas South Plains on the 11th ahead of a vigorous upper low in the four corners region. By the afternoon of the 12th, this upper low tracked into Colorado accompanied by a strong subtropical jet that overspread the South Plains. With surface dewpoints in the mid to upper 60s and diminishing stratocumulus clouds, strong instability developed by late afternoon over the central South Plains. Very strong wind shear already in place was made even stronger near a warm front that began lifting slowly north between Lubbock and Plainview. By 1700 CST, a pair of strong and severe storms erupted near Shallowater and began moving north-northeast. One of these storms developed strong low-level rotation as it crossed the warm front near Hale Center and assumed an easterly motion. This rotation culminated in two tornadoes over open land in eastern Hale County. Earlier, this same storm produced very large hail up to baseball size that damaged several vehicle windows at a rest stop on I-27. Also, large hail up to golf ball size accompanied a left-moving supercell that raced northward near I-27. Both of these supercells decayed around 1900 CST before a third supercell late this evening entered Yoakum County from neighboring Lea County, NM. Although NWS Lubbock Doppler Radar indicated the likelihood of large hail west and northwest of Plains, this final supercell did not produce any known severe weather before it evolved into a line of strong thunderstorms while overspreading much of the South Plains before midnight.",24
414939,CARTER CO.,HEALDTON,10/13/2012,1646,Tornado, ,EF1,0,2,0,0,OK,CST-6, ,68654,C,19,OUN,0,0,Law Enforcement, ,5.1,75,3,SW,2,ENE,HEALDTON,10/13/2012,1651,34.1942,-97.5205,34.2408,-97.4511,"A sheriff's deputy encountered a rain-wrapped tornado near Healdton that was embedded within a larger area of severe thunderstorm winds. The tornado developed approximately 3 miles southwest of Healdton and moved northeast toward Healdton Lake. Trees and power lines were damaged along the path. The most significant damage occurred at Healdton Lake where five mobile homes were destroyed. Two injuries reported in one of these homes. The tornado likely dissipated over or just northeast of Healdton Lake.","Numerous quasi-discrete thunderstorms developed along and ahead of a dryline across western Oklahoma during the early afternoon. These storms continued into the evening hours, affecting much of Oklahoma south of I-40. One tornado was reported, as well as widespread damaging winds and severe hail.",25
410756,LEE CO.,LEXINGTON,10/13/2012,1750,Tornado, ,EF0,0,0,5000,0,TX,CST-6, ,68252,C,287,EWX,0,0,NWS Storm Survey, ,0.18,20,3,ESE,3,ESE,LEXINGTON,10/13/2012,1752,30.4024,-96.957,30.4047,-96.9556,"A small EF0 tornado touched down just southeast of Lexington.  A combination of eye witnesses, storm chasers, and a NWS survey concluded that it produced little damage in mainly rural areas southeast of Lexington.  A few trees were damaged near the area but little in the way of a path could be found.  There was minor roof damage to a house but inconclusive whether it was tornado damage or microburst damage.  Most tree damage was found near the intersection of county roads 405 and 408.  A few other brief touchdowns may have occurred along the storm path in Lee County but no major damage was found.","An upper level trough and cold front moved through South Central Texas and produced isolated thunderstorms that produced large hail and damaging wind gusts.",26
408409,GREENE CO.,WILLARD,10/13/2012,1953,Tornado, ,EF0,0,0,25000,0,MO,CST-6, ,68084,C,77,SGF,0,0,NWS Storm Survey, ,0.52,100,2,SSW,1,SSW,WILLARD,10/13/2012,1954,37.2772,-93.4429,37.2833,-93.4374,"A brief EF-0 tornado with winds estimated up to 80 mph touched down in a rural neighborhood on the southwest side of Willard off State Highway AB and Farm Road 94. Several trees and large limbs were blown down in all directions. Several houses had minor roof and siding damage. A large wooden deck was picked up and moved from its original place.","A line of strong to severe storms raced across the Missouri Ozarks and produced several reports of severe winds and wind damage. There was a weak tornado that spun up along the squall line.",27
409004,BENTON CO.,BENTONVILLE MUNI ARP,10/13/2012,2036,Tornado, ,EF1,0,2,100000,0,AR,CST-6, ,68174,C,7,TSA,0,0,NWS Storm Survey, ,12.5,450,2,SSE,2,ENE,BESTWATER,10/13/2012,2052,36.316,-94.2055,36.4381,-94.0425,"A tornado developed north-northeast of Cave Springs, east of Rainbow Road and south of Stony Brook Road. The tornado moved northeast across a subdivision snapping or uprooting a number of trees and damaging homes. About 450 yards wide, it then moved across a commercial area on the west side of Rogers where it removed part of the roof of a commercial building, blew large glass windows out of another commercial building, damaged a number of other buildings, snapped or uprooted a number of trees, and snapped power poles. Debris impacted a vehicle, impaling the windshield with a piece of 2x4 wood and shattering several of the windows. Two people were injured by glass and flying debris in the vehicle. Damage in this area indicated the wind speed in the tornado was as much as 90 to 100 mph. ||The tornado then crossed I-540 and went across another subdivision of homes. Many trees were snapped or uprooted and homes were damaged. Tree damage became less concentrated for a bit after the tornado crossed Highway 94, but was intermittently still in the EF-1 category. Damage northeast of Avoca was once again very concentrated with a number of snapped or uprooted trees as well as home and barn damage. It dissipated in the southern portion of the Pea Ridge National Military Park.","Severe thunderstorms developed during the afternoon hours of the 13th over central Oklahoma ahead of a cold front moving into the region. These storms moved into northwestern Arkansas during the evening. The storms produced damaging wind across much of northwestern Arkansas and one storm produced a tornado as it moved through Benton County.",28
488208,LOGAN CO.,LUCAS,10/13/2012,2139,Tornado, ,EF1,0,0,20000,0,AR,CST-6, ,68035,C,83,LZK,0,0,NWS Storm Survey, ,0.23,45,1,NNE,1,NNE,LUCAS,10/13/2012,2140,35.0843,-94.1114,35.0864,-94.1083,"A barn was destroyed and trees were damaged.","A line of thunderstorms developed ahead of a cold front in northwest Arkansas on the evening of the 13th and then swept through the remainder of the state on the morning of the 14th. While thunderstorms affected most of the state, instances of severe weather were very limited.",29
411059,GRAVES CO.,MAYFIELD,10/14/2012,542,Tornado, ,EF1,0,1,350000,0,KY,CST-6, ,68525,C,83,PAH,0,0,NWS Storm Survey, ,2.28,150,2,WNW,2,N,MAYFIELD,10/14/2012,544,36.7354,-88.6631,36.7595,-88.6349,"Top wind speeds were estimated near 105 mph. The average path width was 130 yards. Two dozen homes and several businesses received minor damage, mainly to shingles, siding, and fascia. There was moderate damage to one business, which was partially unroofed. Windows were blown out, and cars were moved over. Numerous trees and power lines were blown down. A high school football stadium was extensively damaged. The damage path began about one-quarter mile southeast of the Highway 80 and Purchase Parkway intersection. The moderately damaged business was located near the beginning of the damage path. A man was hospitalized after a section of wind-blown roof from the damaged business blew into the room he was in. The man suffered numerous cuts and broken bones. His house was heavily damaged. A 2x4 stud was driven by the wind and became embedded in a living room interior wall. The tornado damage path ended about one-half mile northeast of the intersection of Highways 45 and 121.","A broken line of showers and thunderstorms swept eastward ahead of a strong cold front over western Missouri. The line of convection was fueled by very strong southerly low level winds from 50 to 60 knots at 850 mb. An isolated tornado occurred in this very high-shear environment, despite the lack of any cloud-to-ground lightning with the parent cell. Strong forcing and wind shear compensated for very weak instability.",30
417471,JEFFERSON CO.,GREENWOOD,10/14/2012,2318,Tornado, ,EF0,0,0,0,0,AL,CST-6, ,69565,C,73,BMX,0,0,NWS Storm Survey, ,0.25,200,2,SW,2,SW,GREENWOOD,10/14/2012,2319,33.3076,-86.9574,33.3089,-86.9533,"An EF-0 tornado touched down just west of the Bessemer Airport and just east of Paradise Lane and County Road 6. The tornado moved to the east-northeast, just south of County Road 6, where a few trees were snapped. The tornado lifted just to east of Lindsey Drive. A debris signature on radar helped to determine the location of the path. Maximum sustained winds were estimated to be 65 mph.","An upper level through over the Ohio Valley and associated weak cold front caused thunderstorms to develop over Mississippi during the late afternoon. These storms moved into central Alabama during the evening and overnight hours. There was just enough wind shear for an isolated tornado to form just after midnight.",31
409115,LONOKE CO.,SEATON,10/17/2012,1753,Tornado, ,EF0,0,0,0,0,AR,CST-6, ,68151,C,85,LZK,0,0,Storm Chaser, ,0.07,8,1,NW,1,NW,SEATON,10/17/2012,1754,34.6159,-91.8358,34.616,-91.8345,"An EF0 tornado touched down briefly in an open field. A storm chaser obtained video of the tornado.","Thunderstorms erupted ahead of a strong cold front on the afternoon and evening of the 17th. Isolated storms became severe, and two tornadoes occurred.",32
408864,MONROE CO.,CLARENDON,10/17/2012,1840,Tornado, ,EF1,0,0,300000,0,AR,CST-6, ,68151,C,95,LZK,0,0,NWS Storm Survey, ,0.39,350,1,NW,1,NW,CLARENDON,10/17/2012,1841,34.6906,-91.3159,34.6906,-91.3091,"An EF1 tornado moved through downtown Clarendon and areas adjacent to downtown. A video rental store/bait shop was badly damaged. A highway sign was thrown through a front window, with the sign landing on the floor of the store. Altogether, two windows and the front door were blown out, and most of the rear of the building was destroyed. No one at the store was injured, as it had closed just 5 to 10 minutes before the tornado arrived. A gas station's canopy was damaged, and a motel had its canopy blown away. A large carport was blown on top of an 18-wheeler. The roof was blown off a barbershop, and metal from the roof knocked over the town's fire siren. Large trees, power poles, and power lines were blown down. The entire town was without power after the tornado passed through. A boat dock on the White River was destroyed.","Thunderstorms erupted ahead of a strong cold front on the afternoon and evening of the 17th. Isolated storms became severe, and two tornadoes occurred.",33
413042,BOLIVAR CO.,HUSHPUCKENA,10/17/2012,2007,Tornado, ,EF2,0,0,200000,0,MS,CST-6, ,68707,C,11,JAN,0,0,NWS Storm Survey, ,1.25,150,4,SE,5,ESE,HUSHPUCKENA,10/17/2012,2009,33.9672,-90.7018,33.9718,-90.6764,"Concentrated damage occurred along a short path length northeast of Shelby. One mobile home was destroyed with heavy damage occurring to a few other homes and buildings. A radio tower was snapped and a grain silo was destroyed. In addition, several sheds were destroyed and multiple power poles snapped. Maximum winds were estimated at 115 miles per hour.","A vigorous, fast-moving, early autumn storm system brought severe weather to portions of the ArkLaMiss region from the evening of October 17th, 2012 into the early morning hours of October 18th. The combination of intense wind shear, strong winds and adequate moisture and instability resulted in severe storms developing along and ahead of a strong cold front as it raced across the forecast area. Numerous reports of wind damage from supercell and bowing-type thunderstorms were received as the storms produced strong straight line winds and tornadoes from the Delta region, southeast into Central Mississippi, and reaching into parts of east central and southeast Mississippi. There were sporadic reports of hail, but with such fierce wind shear over the region, straight line winds and tornadoes were the primary modes of severe weather during this event.||To put some historical perspective on this rare early Fall severe weather event, the EF-3 that occurred across Scott and Newton counties was only the second F3 to occur in the month of October in Mississippi in recorded history. The three strong tornadoes for this event is second all time to the Oct 17, 1980 event where 7 tornadoes occurred (6 of which were strong (F2)). Additionally, there were eleven total tornadoes during this event which ties October 13, 2001 for the most tornadoes during any October event.",34
413057,GRENADA CO.,W V JCT,10/17/2012,2112,Tornado, ,EF1,0,0,50000,0,MS,CST-6, ,68707,C,43,JAN,0,0,NWS Storm Survey, ,0.5,75,1,WNW,1,WNW,W V JCT,10/17/2012,2112,33.859,-89.8434,33.859,-89.8434,"A roof was torn off a house and damage occurred to a fence. In addition, trees and limbs were blown down along the path. Maximum winds were estimated at 105 mph.","A vigorous, fast-moving, early autumn storm system brought severe weather to portions of the ArkLaMiss region from the evening of October 17th, 2012 into the early morning hours of October 18th. The combination of intense wind shear, strong winds and adequate moisture and instability resulted in severe storms developing along and ahead of a strong cold front as it raced across the forecast area. Numerous reports of wind damage from supercell and bowing-type thunderstorms were received as the storms produced strong straight line winds and tornadoes from the Delta region, southeast into Central Mississippi, and reaching into parts of east central and southeast Mississippi. There were sporadic reports of hail, but with such fierce wind shear over the region, straight line winds and tornadoes were the primary modes of severe weather during this event.||To put some historical perspective on this rare early Fall severe weather event, the EF-3 that occurred across Scott and Newton counties was only the second F3 to occur in the month of October in Mississippi in recorded history. The three strong tornadoes for this event is second all time to the Oct 17, 1980 event where 7 tornadoes occurred (6 of which were strong (F2)). Additionally, there were eleven total tornadoes during this event which ties October 13, 2001 for the most tornadoes during any October event.",35
413060,SHARKEY CO.,RICHEY,10/17/2012,2140,Tornado, ,EF2,0,4,200000,0,MS,CST-6, ,68707,C,125,JAN,0,0,NWS Storm Survey, ,2.46,440,4,SE,6,SE,AUTER,10/17/2012,2143,32.9946,-90.7006,32.9881,-90.6573,"Several mobile homes were heavily damaged or destroyed, and dozens of power poles were snapped. Maximum winds were estimated at 125 mph. The tornado continued into Humphreys County.","A vigorous, fast-moving, early autumn storm system brought severe weather to portions of the ArkLaMiss region from the evening of October 17th, 2012 into the early morning hours of October 18th. The combination of intense wind shear, strong winds and adequate moisture and instability resulted in severe storms developing along and ahead of a strong cold front as it raced across the forecast area. Numerous reports of wind damage from supercell and bowing-type thunderstorms were received as the storms produced strong straight line winds and tornadoes from the Delta region, southeast into Central Mississippi, and reaching into parts of east central and southeast Mississippi. There were sporadic reports of hail, but with such fierce wind shear over the region, straight line winds and tornadoes were the primary modes of severe weather during this event.||To put some historical perspective on this rare early Fall severe weather event, the EF-3 that occurred across Scott and Newton counties was only the second F3 to occur in the month of October in Mississippi in recorded history. The three strong tornadoes for this event is second all time to the Oct 17, 1980 event where 7 tornadoes occurred (6 of which were strong (F2)). Additionally, there were eleven total tornadoes during this event which ties October 13, 2001 for the most tornadoes during any October event.",36
413061,HUMPHREYS CO.,LOUISE,10/17/2012,2143,Tornado, ,EF2,0,0,50000,0,MS,CST-6, ,68707,C,53,JAN,0,0,NWS Storm Survey, ,1.87,440,5,WNW,3,W,LOUISE,10/17/2012,2145,32.9887,-90.6564,32.9672,-90.6369,"Several mobile homes were heavily damaged or destroyed, and dozens of power poles were snapped. Maximum wind speeds were estimated at 125 miles per hour. This tornado continued out of Sharkey County.","A vigorous, fast-moving, early autumn storm system brought severe weather to portions of the ArkLaMiss region from the evening of October 17th, 2012 into the early morning hours of October 18th. The combination of intense wind shear, strong winds and adequate moisture and instability resulted in severe storms developing along and ahead of a strong cold front as it raced across the forecast area. Numerous reports of wind damage from supercell and bowing-type thunderstorms were received as the storms produced strong straight line winds and tornadoes from the Delta region, southeast into Central Mississippi, and reaching into parts of east central and southeast Mississippi. There were sporadic reports of hail, but with such fierce wind shear over the region, straight line winds and tornadoes were the primary modes of severe weather during this event.||To put some historical perspective on this rare early Fall severe weather event, the EF-3 that occurred across Scott and Newton counties was only the second F3 to occur in the month of October in Mississippi in recorded history. The three strong tornadoes for this event is second all time to the Oct 17, 1980 event where 7 tornadoes occurred (6 of which were strong (F2)). Additionally, there were eleven total tornadoes during this event which ties October 13, 2001 for the most tornadoes during any October event.",37
416518,HUMPHREYS CO.,LOUISE,10/17/2012,2146,Tornado, ,EF1,0,0,40000,0,MS,CST-6, ,68707,C,53,JAN,0,0,NWS Storm Survey, ,1.46,100,2,WSW,1,SSW,LOUISE,10/17/2012,2149,32.9638,-90.6077,32.9613,-90.5826,"The tornado damaged several roofs and outbuildings along the path. Maximum winds were estimated at 110 mph.","A vigorous, fast-moving, early autumn storm system brought severe weather to portions of the ArkLaMiss region from the evening of October 17th, 2012 into the early morning hours of October 18th. The combination of intense wind shear, strong winds and adequate moisture and instability resulted in severe storms developing along and ahead of a strong cold front as it raced across the forecast area. Numerous reports of wind damage from supercell and bowing-type thunderstorms were received as the storms produced strong straight line winds and tornadoes from the Delta region, southeast into Central Mississippi, and reaching into parts of east central and southeast Mississippi. There were sporadic reports of hail, but with such fierce wind shear over the region, straight line winds and tornadoes were the primary modes of severe weather during this event.||To put some historical perspective on this rare early Fall severe weather event, the EF-3 that occurred across Scott and Newton counties was only the second F3 to occur in the month of October in Mississippi in recorded history. The three strong tornadoes for this event is second all time to the Oct 17, 1980 event where 7 tornadoes occurred (6 of which were strong (F2)). Additionally, there were eleven total tornadoes during this event which ties October 13, 2001 for the most tornadoes during any October event.",38
413064,HUMPHREYS CO.,LAKE CITY,10/17/2012,2156,Tornado, ,EF1,0,0,50000,0,MS,CST-6, ,68707,C,53,JAN,0,0,NWS Storm Survey, ,1.92,100,2,N,2,NE,LAKE CITY,10/17/2012,2159,32.9506,-90.5072,32.9436,-90.4752,"This tornado damaged several outbuildings, travel trailers and snapped several trees. Maximum winds were estimated at 90 mph.","A vigorous, fast-moving, early autumn storm system brought severe weather to portions of the ArkLaMiss region from the evening of October 17th, 2012 into the early morning hours of October 18th. The combination of intense wind shear, strong winds and adequate moisture and instability resulted in severe storms developing along and ahead of a strong cold front as it raced across the forecast area. Numerous reports of wind damage from supercell and bowing-type thunderstorms were received as the storms produced strong straight line winds and tornadoes from the Delta region, southeast into Central Mississippi, and reaching into parts of east central and southeast Mississippi. There were sporadic reports of hail, but with such fierce wind shear over the region, straight line winds and tornadoes were the primary modes of severe weather during this event.||To put some historical perspective on this rare early Fall severe weather event, the EF-3 that occurred across Scott and Newton counties was only the second F3 to occur in the month of October in Mississippi in recorded history. The three strong tornadoes for this event is second all time to the Oct 17, 1980 event where 7 tornadoes occurred (6 of which were strong (F2)). Additionally, there were eleven total tornadoes during this event which ties October 13, 2001 for the most tornadoes during any October event.",39
413066,YAZOO CO.,FORDYKE,10/17/2012,2229,Tornado, ,EF1,0,0,10000,0,MS,CST-6, ,68707,C,163,JAN,0,0,NWS Storm Survey, ,1.86,250,1,SSE,3,SE,FORDYKE,10/17/2012,2232,32.8795,-90.1245,32.8662,-90.0965,"This tornado primarily caused tree damage. Maximum winds were estimated at 90 mph.","A vigorous, fast-moving, early autumn storm system brought severe weather to portions of the ArkLaMiss region from the evening of October 17th, 2012 into the early morning hours of October 18th. The combination of intense wind shear, strong winds and adequate moisture and instability resulted in severe storms developing along and ahead of a strong cold front as it raced across the forecast area. Numerous reports of wind damage from supercell and bowing-type thunderstorms were received as the storms produced strong straight line winds and tornadoes from the Delta region, southeast into Central Mississippi, and reaching into parts of east central and southeast Mississippi. There were sporadic reports of hail, but with such fierce wind shear over the region, straight line winds and tornadoes were the primary modes of severe weather during this event.||To put some historical perspective on this rare early Fall severe weather event, the EF-3 that occurred across Scott and Newton counties was only the second F3 to occur in the month of October in Mississippi in recorded history. The three strong tornadoes for this event is second all time to the Oct 17, 1980 event where 7 tornadoes occurred (6 of which were strong (F2)). Additionally, there were eleven total tornadoes during this event which ties October 13, 2001 for the most tornadoes during any October event.",40
412025,LEAKE CO.,OFAHOMA,10/17/2012,2311,Tornado, ,EF1,0,0,50000,0,MS,CST-6, ,68707,C,79,JAN,0,0,NWS Storm Survey, ,0.66,525,3,NNW,3,NNW,OFAHOMA,10/17/2012,2312,32.7391,-89.724,32.7383,-89.7127,"A wide but brief tornado produced some significant roof damage to two homes, although most other damage was limited to trees. Maximum wind speed was estimated at 95 mph.","A vigorous, fast-moving, early autumn storm system brought severe weather to portions of the ArkLaMiss region from the evening of October 17th, 2012 into the early morning hours of October 18th. The combination of intense wind shear, strong winds and adequate moisture and instability resulted in severe storms developing along and ahead of a strong cold front as it raced across the forecast area. Numerous reports of wind damage from supercell and bowing-type thunderstorms were received as the storms produced strong straight line winds and tornadoes from the Delta region, southeast into Central Mississippi, and reaching into parts of east central and southeast Mississippi. There were sporadic reports of hail, but with such fierce wind shear over the region, straight line winds and tornadoes were the primary modes of severe weather during this event.||To put some historical perspective on this rare early Fall severe weather event, the EF-3 that occurred across Scott and Newton counties was only the second F3 to occur in the month of October in Mississippi in recorded history. The three strong tornadoes for this event is second all time to the Oct 17, 1980 event where 7 tornadoes occurred (6 of which were strong (F2)). Additionally, there were eleven total tornadoes during this event which ties October 13, 2001 for the most tornadoes during any October event.",41
412027,LEAKE CO.,MC AFEE,10/17/2012,2332,Tornado, ,EF1,0,0,400000,0,MS,CST-6, ,68707,C,79,JAN,0,0,NWS Storm Survey, ,0.79,150,1,NNW,1,NNE,MC AFEE,10/17/2012,2334,32.7495,-89.5056,32.7491,-89.492,"Tornado began along East Franklin Street and tracked east along it for roughly three quarters of a mile, producing significant damage to several homes and destroying outbuildings and sheds. The tornado then turned more east southeast, producing tree damage and more sporadic structural damage as it crossed Highway 16. The tornado lifted shortly thereafter, but not before seriously damaging several chicken houses. Maximum wind speeds were estimated at 110 mph.","A vigorous, fast-moving, early autumn storm system brought severe weather to portions of the ArkLaMiss region from the evening of October 17th, 2012 into the early morning hours of October 18th. The combination of intense wind shear, strong winds and adequate moisture and instability resulted in severe storms developing along and ahead of a strong cold front as it raced across the forecast area. Numerous reports of wind damage from supercell and bowing-type thunderstorms were received as the storms produced strong straight line winds and tornadoes from the Delta region, southeast into Central Mississippi, and reaching into parts of east central and southeast Mississippi. There were sporadic reports of hail, but with such fierce wind shear over the region, straight line winds and tornadoes were the primary modes of severe weather during this event.||To put some historical perspective on this rare early Fall severe weather event, the EF-3 that occurred across Scott and Newton counties was only the second F3 to occur in the month of October in Mississippi in recorded history. The three strong tornadoes for this event is second all time to the Oct 17, 1980 event where 7 tornadoes occurred (6 of which were strong (F2)). Additionally, there were eleven total tornadoes during this event which ties October 13, 2001 for the most tornadoes during any October event.",42
412029,SCOTT CO.,STEEL,10/17/2012,2346,Tornado, ,EF3,0,1,1500000,0,MS,CST-6, ,68707,C,123,JAN,0,0,NWS Storm Survey, ,7.59,880,3,SSW,4,N,LAKE,10/18/2012,8,32.4374,-89.4521,32.4131,-89.3252,"This tornado began along Old Jackson Road east of Hillsboro. Initially the tornado tracked southeast downing multiple trees as it crossed Harrison Road and MS Highway 21. There were also a few homes with roof damage in this area and outbuildings were damaged by fallen trees. The tornado then began a more easterly course along Greer Road and began to snap and uproot several additional trees as it crossed Ephesus Road, Langsmill Road, and Russell Community Road. Along Russell Community Road multiple trees fell on structures, including one that fell through a home causing an injury. The tornado continued eastward, downing additional trees and caused minor roof damage at a residence on George Road.||As the tornado reached the Lewis Road area, there was a notable increase in the number of hardwood trees that were snapped along the path. Along the northern end of the track, part of the roof of a small barn was removed. Extensive tree damage continued to the Salem Road area, where the tornado reached its peak intensity of around 140 mph. At this location, three large steel transmission towers were bent toward the ground between Salem Road and Jim Owens Road. Along Jim Owens Road, a large shed and a travel trailer were demolished. Farther east the tornado blew a mobile home into the roadway at Conehatta Road. The roof and walls were separated from the undercarriage and the contents of the home were scattered in the area. There were two occupants in the home at the time, and both escaped without significant injury. Along Stroud Road portions of the roof of an outbuilding were removed and a small silo was blown over before the tornado crossed into Newton County.||The tornado crossed Tuscolameta Creek, continuing to uproot and snap several trees as it passed over the southern end of the town of Conehatta. A small shed was demolished along Hoye Pace Road. Additional homes suffered roof damage along Newton-Conehatta Road and Caney Creek Road. One mobile home was shifted off its foundation and an adjacent barn had much of its metal roof removed. An outbuilding was destroyed by a falling tree along Woodrow Ezell Road. Farther east, much of a metal roof was removed from a shed along Pleasant Valley Road and a home sustained roof damage along Braddock Road. Additional tree damage occurred as the tornado tracked eastward nearly paralleling Braddock Road before lifting near Beaver Dam Road.","A vigorous, fast-moving, early autumn storm system brought severe weather to portions of the ArkLaMiss region from the evening of October 17th, 2012 into the early morning hours of October 18th. The combination of intense wind shear, strong winds and adequate moisture and instability resulted in severe storms developing along and ahead of a strong cold front as it raced across the forecast area. Numerous reports of wind damage from supercell and bowing-type thunderstorms were received as the storms produced strong straight line winds and tornadoes from the Delta region, southeast into Central Mississippi, and reaching into parts of east central and southeast Mississippi. There were sporadic reports of hail, but with such fierce wind shear over the region, straight line winds and tornadoes were the primary modes of severe weather during this event.||To put some historical perspective on this rare early Fall severe weather event, the EF-3 that occurred across Scott and Newton counties was only the second F3 to occur in the month of October in Mississippi in recorded history. The three strong tornadoes for this event is second all time to the Oct 17, 1980 event where 7 tornadoes occurred (6 of which were strong (F2)). Additionally, there were eleven total tornadoes during this event which ties October 13, 2001 for the most tornadoes during any October event.",43
412030,NEWTON CO.,HAZEL,10/17/2012,2358,Tornado, ,EF3,0,0,1000000,0,MS,CST-6, ,68707,C,101,JAN,0,0,NWS Storm Survey, ,6.77,880,3,NNW,5,NNE,LAWRENCE,10/18/2012,9,32.4129,-89.323,32.3903,-89.21,"This tornado began along Old Jackson Road east of Hillsboro. Initially the tornado tracked southeast downing multiple trees as it crossed Harrison Road and MS Highway 21. There were also a few homes with roof damage in this area and outbuildings were damaged by fallen trees. The tornado then began a more easterly course along Greer Road and began to snap and uproot several additional trees as it crossed Ephesus Road, Langsmill Road, and Russell Community Road. Along Russell Community Road multiple trees fell on structures, including one that fell through a home causing an injury. The tornado continued eastward, downing additional trees and caused minor roof damage at a residence on George Road.||As the tornado reached the Lewis Road area, there was a notable increase in the number of hardwood trees that were snapped along the path. Along the northern end of the track, part of the roof of a small barn was removed. Extensive tree damage continued to the Salem Road area, where the tornado reached its peak intensity of around 140 mph. At this location, three large steel transmission towers were bent toward the ground between Salem Road and Jim Owens Road. Along Jim Owens Road, a large shed and a travel trailer were demolished. Farther east the tornado blew a mobile home into the roadway at Conehatta Road. The roof and walls were separated from the undercarriage and the contents of the home were scattered in the area. There were two occupants in the home at the time, and both escaped without significant injury. Along Stroud Road portions of the roof of an outbuilding were removed and a small silo was blown over before the tornado crossed into Newton County.||The tornado crossed Tuscolameta Creek, continuing to uproot and snap several trees as it passed over the southern end of the town of Conehatta. A small shed was demolished along Hoye Pace Road. Additional homes suffered roof damage along Newton-Conehatta Road and Caney Creek Road. One mobile home was shifted off its foundation and an adjacent barn had much of its metal roof removed. An outbuilding was destroyed by a falling tree along Woodrow Ezell Road. Farther east, much of a metal roof was removed from a shed along Pleasant Valley Road and a home sustained roof damage along Braddock Road. Additional tree damage occurred as the tornado tracked eastward nearly paralleling Braddock Road before lifting near Beaver Dam Road.","A vigorous, fast-moving, early autumn storm system brought severe weather to portions of the ArkLaMiss region from the evening of October 17th, 2012 into the early morning hours of October 18th. The combination of intense wind shear, strong winds and adequate moisture and instability resulted in severe storms developing along and ahead of a strong cold front as it raced across the forecast area. Numerous reports of wind damage from supercell and bowing-type thunderstorms were received as the storms produced strong straight line winds and tornadoes from the Delta region, southeast into Central Mississippi, and reaching into parts of east central and southeast Mississippi. There were sporadic reports of hail, but with such fierce wind shear over the region, straight line winds and tornadoes were the primary modes of severe weather during this event.||To put some historical perspective on this rare early Fall severe weather event, the EF-3 that occurred across Scott and Newton counties was only the second F3 to occur in the month of October in Mississippi in recorded history. The three strong tornadoes for this event is second all time to the Oct 17, 1980 event where 7 tornadoes occurred (6 of which were strong (F2)). Additionally, there were eleven total tornadoes during this event which ties October 13, 2001 for the most tornadoes during any October event.",44
412031,HINDS CO.,BOLTON,10/18/2012,1,Tornado, ,EF1,0,0,35000,0,MS,CST-6, ,68707,C,49,JAN,0,0,NWS Storm Survey, ,0.72,50,2,ENE,3,ENE,BOLTON,10/18/2012,3,32.3657,-90.4337,32.3684,-90.4218,"This tornado touched down just to the west of East Northside Drive and tracked east northeast. Initially, a handful of trees had broken limbs. As the tornado neared and crossed West Northside Drive, almost a dozen hardwood trees were snapped and one power pole was blown down. The tornado continued to the east northeast across a cotton field and dissipated. Maximum winds were estimated at 100 mph.","A vigorous, fast-moving, early autumn storm system brought severe weather to portions of the ArkLaMiss region from the evening of October 17th, 2012 into the early morning hours of October 18th. The combination of intense wind shear, strong winds and adequate moisture and instability resulted in severe storms developing along and ahead of a strong cold front as it raced across the forecast area. Numerous reports of wind damage from supercell and bowing-type thunderstorms were received as the storms produced strong straight line winds and tornadoes from the Delta region, southeast into Central Mississippi, and reaching into parts of east central and southeast Mississippi. There were sporadic reports of hail, but with such fierce wind shear over the region, straight line winds and tornadoes were the primary modes of severe weather during this event.||To put some historical perspective on this rare early Fall severe weather event, the EF-3 that occurred across Scott and Newton counties was only the second F3 to occur in the month of October in Mississippi in recorded history. The three strong tornadoes for this event is second all time to the Oct 17, 1980 event where 7 tornadoes occurred (6 of which were strong (F2)). Additionally, there were eleven total tornadoes during this event which ties October 13, 2001 for the most tornadoes during any October event.",45
412032,NESHOBA CO.,MC DONALD,10/18/2012,12,Tornado, ,EF1,0,0,100000,0,MS,CST-6, ,68707,C,99,JAN,0,0,NWS Storm Survey, ,0.64,150,4,E,4,E,MC DONALD,10/18/2012,14,32.66,-89.07,32.6658,-89.0614,"This tornado caused mainly tree damage except where it crossed County Road 519 where a mobile home was pushed off its foundation, a metal and wood frame building was destroyed, and a roof to a well built home was damaged. Maximum winds were estimated at 100 mph.","A vigorous, fast-moving, early autumn storm system brought severe weather to portions of the ArkLaMiss region from the evening of October 17th, 2012 into the early morning hours of October 18th. The combination of intense wind shear, strong winds and adequate moisture and instability resulted in severe storms developing along and ahead of a strong cold front as it raced across the forecast area. Numerous reports of wind damage from supercell and bowing-type thunderstorms were received as the storms produced strong straight line winds and tornadoes from the Delta region, southeast into Central Mississippi, and reaching into parts of east central and southeast Mississippi. There were sporadic reports of hail, but with such fierce wind shear over the region, straight line winds and tornadoes were the primary modes of severe weather during this event.||To put some historical perspective on this rare early Fall severe weather event, the EF-3 that occurred across Scott and Newton counties was only the second F3 to occur in the month of October in Mississippi in recorded history. The three strong tornadoes for this event is second all time to the Oct 17, 1980 event where 7 tornadoes occurred (6 of which were strong (F2)). Additionally, there were eleven total tornadoes during this event which ties October 13, 2001 for the most tornadoes during any October event.",46
416427,HARFORD CO.,MADONNA,10/19/2012,1807,Tornado, ,EF0,0,0,0,0,MD,EST-5, ,69409,C,25,LWX,0,0,NWS Storm Survey, ,1.2,100,1,SE,1,ENE,MADONNA,10/19/2012,1812,39.609,-76.504,39.626,-76.502,"A team from the NWS conducted a ground survey of damage just northwest of Jarrettsville.  Based on that survey along with radar data the team dermined that an EF-0 tornado occurred in NW Harford County Maryland. ||Damage occurred north along the 2100 block of Cox Road.  Numerous trees and large tree branches were either uprooted of snapped half way up the base and folded across Cox Road and into the front yard of a residence. Large trees and tree branches were either snapped or uprooted in different directions behind a residence on Cox Road.  The television antenna was blown off the roof and landed in the backyard.  Additional minor roof and gutter damage also occurred to the front and back of the residence.  A second area of damage was located along the 3800 block of Breidenbaugh Court located across from Norrisville Road and near the Salem Church Road.  Shingles and siding were stripped on several homes along with snapped tree branches.  A gazebo was lifted off the back porch of the residence on the 3800 block and planted on the roof.  The two damage swaths were narrow.  This tornado has been rated an EF-0 with maximum winds estimated at 80 mph.","A cold front moved eastward through the Mid Atlantic and was located east of the Blue Ridge Mountains in the evening.   Conditions were favorable for showers and thunderstorms to develop with high shear values.  Tornado-genesis occurred in Northeast Maryland.",47
410421,LANCASTER CO.,FISHING CREEK,10/19/2012,1900,Tornado, ,EF1,0,15,6000000,0,PA,EST-5, ,68228,C,71,CTP,0,0,NWS Storm Survey, ,16.56,200,1,NNE,1,SE,GORDONVILLE,10/19/2012,1925,39.8002,-76.2631,40.0112,-76.1151,"The National Weather Service in State College, PA along with Lancaster County Emergency Management officials conducted a storm survey in the southwestern part of Lancaster County. The survey confirmed an EF1 tornado affected portions of southwest and south-central Lancaster County during the late evening on October 19, 2012.  Maximum winds were estimated between 100 and 110 mph.  The path length was approximately 16 miles and the maximum width was 200 yards. ||The tornado first touched down near Fern Glen in southwest Lancaster County, then|traveled northeast to near Paradise. The tornado damage was sporadic and embedded within a larger area of straight line wind damage that extended from Fern Glen in Drumore Township to Paradise City in Paradise Township. It is estimated that the tornado touched down around 2000 pm EDT, skipped along to the northeast and lifted back up for the final time at around 2025 pm EDT. The damage path was not c continuous, as the tornado touched down and lifted up a number of times. ||The locations with the most recognizable tornadic signature damage from the air were as follows from south to north: 1) Near Fernglen with evidence of strong convergent storm damage 2) Near Liberty Square with a clearly-defined convergent wind pattern in the corn field and nearby tree and structure damage 3) About 1.5 miles southwest of Buck where 3 medium-sized high tension electric transmission towers were knocked down from south to north 4) About 2 miles west-northwest of Quarryville along Cinder road were swaths of trees were downed with convergent signatures and multiple structures were damaged 5) About 3-3.5 miles south of Strasburg from near Weaver road to White Oak road where convergent patterns of trees downed with structure damage and a collapsed barn 6) About 2 miles southeast of Strasburg near Reservoir Road were a convergent pattern of snapped tree trunks were evident.||The storm produced 15 injuries, all in the city of Paradise where a open-air horse pavilion collapsed at Paradise Park. Along the path, approximately 50 structures were damaged, and several barns destroyed. An estimated 2000 to 3000 trees were knocked down, along with 2 small high tension towers in the Buck area. Initial estimates from County Emergency Management put damage in the 5 to 7 million dollar range.","A quasi-linear convective system (QLCS) raced across southeastern Pennsylvania during the late evening hours, producing significant storm-related damage across southwest and south-central Lancaster County. The thin line of low-topped thunderstorms developed in a convective environment characterized by weak instability and strong wind shear. A weak surface wave near BWI along a north-south cold front aided in the threat of damaging winds and embedded weak tornadoes along the QLCS. ||An extensive ground and aerial storm survey was conducted on October 20, 2012. The survey team consisted of NWS meteorologists along with Lancaster County emergency management officials, local township coordinators and private weather consultant Dr. John Scala. The PSP provided the helicopter for the aerial portion of the storm survey. ||The survey concluded that an embedded EF1 tornado in straight-line winds gusting to 100 to 110 mph occurred at multiple locations along a line of storm damage from near Fernglen in Drumore Township northeastward for over 16 miles to near Paradise in Paradise Township from approximately 2000 to 2025 EDT. From the air, an estimated 50 structures appeared to have significant damage especially to roofs.  Several barns were completely collapsed. Along the storm damage path, swaths of trees were leveled especially those along the hillsides of valleys and within ravines. As a conservative estimate, several thousand trees were downed. The tree damage had mostly a SW to NE orientation except in areas where tornadic convergence and circulation were evident. ||The Lancaster EMA estimated between 5-7 million dollars in damages related to the EF1 tornado. There were 15 people injured by the tornado who were standing under an open-air pavilion at Paradise Park.",48
411507,SUTTER CO.,YUBA CITY SOUTH,10/22/2012,1403,Tornado, ,EF1,0,0,0,0,CA,PST-8, ,68601,C,101,STO,0,0,Fire Department/Rescue, ,2,100,4,S,2,S,YUBA CITY SOUTH,10/22/2012,1405,39.0621,-121.63,39.0906,-121.623,"The Yuba City Tornado: Supercells developed behind the cold front along a north-south boundary in the middle of the Central Valley, where both instability and shear were large. The Sutter County Sheriff and Fire Department reported a tornado at approximately 2pm (PST), which was the first reported tornado of the day. The NWS storm survey team determined a touchdown at Mallard Lake Golf Center along Highway 99 just south of Yuba City. The tornado traveled northeast toward Oswald and Barry Roads and north along Railroad Ave. Estimated wind speeds were up to 100mph. The tornado snapped several trees at the golf course, damaged 30-40 small walnut and peach trees in a nearby orchard, lifted shingles on multiple homes, damaged a car port, blew down several fences, damaged several businesses, and lifted an outbuilding off its foundation and turned it upside down.","A strong low pressure system moved through northern California, bringing several feet of snow to the mountains, significant rainfall to the valley and foothills, and tornadic supercells in the valley.",49
411518,YUBA CO.,(MYV)MARYSVILLE ARPT,10/22/2012,1430,Tornado, ,EF1,0,0,0,0,CA,PST-8, ,68601,C,115,STO,0,0,Emergency Manager, ,0.29,100,3,ESE,3,ESE,(MYV)MARYSVILLE ARPT,10/22/2012,1431,39.0791,-121.5268,39.0824,-121.5236,"The Olivehurst Tornado: Supercells developed behind the cold front along a north-south boundary in the middle of the Central Valley, where both instability and shear were large. Emergency manager reported a tornado touchdown at approximately 2:30pm (PST). The estimated damage path length was a quarter mile with wind speeds estimated at 90-100mph. A sturdy roof on a wood frame building suffered significant damage. Metal roofs on several other industrial buildings were also badly damaged.","A strong low pressure system moved through northern California, bringing several feet of snow to the mountains, significant rainfall to the valley and foothills, and tornadic supercells in the valley.",50
411519,YUBA CO.,BROWNS VLY,10/22/2012,1510,Tornado, ,EF0,0,0,0,0,CA,PST-8, ,68601,C,115,STO,0,0,Law Enforcement, ,0.38,50,2,WSW,2,WSW,BROWNS VLY,10/22/2012,1511,39.235,-121.456,39.239,-121.451,"The Browns Valley Tornado: Supercells developed behind the cold front along a north-south boundary in the middle of the Central Valley, where both instability and shear were large. Law enforcement reported a brief tornado touchdown in a rice field. The estimated damage path length was about 100 ft to the northeast with wind speeds estimated at 70-80mph or less. No damage was associated with this tornado.","A strong low pressure system moved through northern California, bringing several feet of snow to the mountains, significant rainfall to the valley and foothills, and tornadic supercells in the valley.",51
411522,SACRAMENTO CO.,MC CONNELL,10/22/2012,1545,Tornado, ,EF1,0,0,0,0,CA,PST-8, ,68601,C,67,STO,0,0,NWS Storm Survey, ,1.02,100,1,WNW,1,W,ELK GROVE ARPT,10/22/2012,1546,38.387,-121.35,38.4,-121.341,"The Elk Grove Tornado: Supercells developed behind the cold front along a north-south boundary in the middle of the Central Valley, where both instability and shear were large. Reports of tornado damage were at approximately 3:45pm (PST) near Waterman and Grand Line Roads. The estimated damage path length was about a mile with wind speeds estimated at 90-100mph. A sturdy metal roof was bent back, tree trunks that were several feet in diameter were snapped. Dozens of houses were mildly damaged.","A strong low pressure system moved through northern California, bringing several feet of snow to the mountains, significant rainfall to the valley and foothills, and tornadic supercells in the valley.",52
411526,NEVADA CO.,WOLF,10/22/2012,1628,Tornado, ,EF1,0,0,0,0,CA,PST-8, ,68601,C,57,STO,0,0,Fire Department/Rescue, ,4.02,100,3,E,2,S,GRASS VLY ALT SRA AR,10/22/2012,1630,39.045,-121.091,39.091,-121.045,"The Lake of the Pines Tornado: Supercells developed behind the cold front along a north-south boundary in the middle of the Central Valley, where both instability and shear were large. The Fire Department reported a tornado touchdown at approximately 4:30pm (PST). The estimated damage path length was approximately 4 miles with wind speeds estimated at 90-100mph. The tornado touched down near highway 49 and Combie Rd and snapped tree trunks of 1 to 3 ft in diameter. Many trees were uprooted and a few power lines were blown over. Some buildings were also badly damaged in the area.","A strong low pressure system moved through northern California, bringing several feet of snow to the mountains, significant rainfall to the valley and foothills, and tornadic supercells in the valley.",53
420139,TULARE CO.,OCTOL,11/09/2012,1255,Tornado, ,EF0,0,0,0,0,CA,PST-8, ,70012,C,107,HNX,0,0,Broadcast Media, ,0.27,30,1,WSW,1,SW,OCTOL,11/09/2012,1258,36.1104,-119.2886,36.1087,-119.2842,"Report on the weak tornado that occurred south of Tulare on November 9th.||Here are the storm survey results of the tornado. The location was between Tulare and Tipton near the Intersection of avenue 176 and road 128. Tornado lasted for about 3 minutes and did not interact with any private property or buildings. Some branches and corn husks were strewn about. Several eyewitness accounts corroborated a video provided by local media. The tornado path included several utility poles that were not damaged. ||The eyewitness video courtesy of KMPH Channel 26 is available on our website.||Wind speed estimate: 65 mph||This was the 86th confirmed tornado in the central California Interior since 1950...and the 13th to strike Tulare county. The last Tornado in Tulare county was on January 27th 2008...when an ef0 touched down 1 mile east of Goshen junction. The most recent tornado in the central California interior occurred on march 17th 2012 when |An ef0 tornado touched down 4 miles southwest of tranquility in Fresno County.","An upper-level ridge was over California at the start of November, creating a stable environment across the central California interior. Fresno tied its record high minimum temperature for the 2nd of 56 degrees, last set in 1941. Areas of fog developed in the central and southern San Joaquin Valley during the morning of November 3rd, but considerably less fog formed the next day.||The ridge remained over California through the 7th, then gave way to an approaching upper-level low. Light showers developed over the Tehachapi Mountains during the late morning of November 8th, as subtropical moisture moved into Kern County and collided with a cold front dropping south through the San Joaquin Valley. This set up a convergence zone over the Tehachapi Mountains that triggered the convection.  ||Heavy snow showers also occurred in the Southern Sierra Nevada, where up to one foot of new snow fell on November 8th.  This was a significant impact to the mountain regions since quite a bit of mountain recreation was still going on at this time.||After this system moved through, As a result, the air remained moisture laden. A weak short-wave ridge moved over California during the night of November 8th-9th, but this was enough to trigger dense fog development over much of Kings County as well as southern Fresno and western Tulare Counties.||Thunderstorms developed during the afternoon of November 9th. One of these thunderstorms triggered a weak tornado (rated EF0), that touched down 4 miles north northeast of Tipton at 12:55 PM PST. No damage was reported. This was the 86th tornado to touch down in the WFO Hanford���s seven-county warning/forecast area since records began in the 1950���s, and was the 13th to touch down in Tulare County. Other thunderstorms dropped pea-sized hail on northern Hanford. In the Southern Sierra Nevada, several inches of snow fell above 6000 feet, and a couple of inches of snow fell on the floor of Yosemite Valley.||In the wake of this storm, an unseasonably cold airmass settled over the central California interior. Low temperatures fell below freezing across parts of the central and southern San Joaquin Valley on the morning of November 11th and 12th, and the Kern County deserts had their first hard freeze of the season.",54
412632,DAKOTA CO.,BURNSVILLE,11/10/2012,2258,Tornado, ,EF0,0,0,150000,0,MN,CST-6, ,68770,C,37,MPX,0,0,NWS Storm Survey, ,2.8,100,4,SSE,4,ESE,BURNSVILLE,11/10/2012,2301,44.75,-93.3,44.7722,-93.2524,"An EF-0 tornado developed northeast of the intersection of County Road 5 and McAndrews Road, and tracked northeast to just southwest of the intersection of Burnsville Parkway and County Road 11. A large area of uprooted trees and power lines occurred along a non-continuous broken path of 2.8 miles in a heavily populated region of Burnsville. The worst damage occurred in a two block area between Knoll Lane and Nicollet Avenue, and Nicollet Jr High School.","A record breaking day occurred across the Upper Midwest as temperatures soared into the 60s and 70s across southern Minnesota during the afternoon of Saturday, November 10th.  Thunderstorms developed across eastern Nebraska late in the day, and moved northeast across southern Minnesota during the evening. A powerful low level jet of 65 knots developed ahead of a strong cold front late Saturday evening. This low level jet combined with ample instability to create several lines of thunderstorms across southern Minnesota. One line of thunderstorms moved through the southern and eastern metro area of the Twin Cities, and produced four EF-0 tornadoes, along with damaging straight line winds. One tornado moved through the Burnsville area, the second moved through Eagan, the third occurred near Lilydale, and the fourth hit Mahtomedi and Grant.  In addition to the tornadoes, there was a long path of damaging straight line winds that caused numerous large trees to blow down onto houses, cars and other public and private structures.  These were the latest Minnesota tornadoes in a calendar year in the Storm Prediction Center database (which began in 1950), although there may have been one later tornado on Nov 16, 1931 (but records of tornadoes were not maintained before 1950).",55
412633,DAKOTA CO.,MENDOTA,11/10/2012,2305,Tornado, ,EF0,0,0,50000,0,MN,CST-6, ,68770,C,37,MPX,0,0,NWS Storm Survey, ,0.5,50,2,S,2,S,MENDOTA,11/10/2012,2306,44.8507,-93.1744,44.8579,-93.1728,"A brief EF-0 tornado spun up near Skyline Drive, east of Highway 13, and tracked north-northeast to the Lost Spur Golf Course just south of Interstate 494. The tornado tracked for two blocks in a heavily wooded residential area before moving across a small golf course as it dissipated. Numerous large trees and power lines were blown down along the path of approximately one-half mile.","A record breaking day occurred across the Upper Midwest as temperatures soared into the 60s and 70s across southern Minnesota during the afternoon of Saturday, November 10th.  Thunderstorms developed across eastern Nebraska late in the day, and moved northeast across southern Minnesota during the evening. A powerful low level jet of 65 knots developed ahead of a strong cold front late Saturday evening. This low level jet combined with ample instability to create several lines of thunderstorms across southern Minnesota. One line of thunderstorms moved through the southern and eastern metro area of the Twin Cities, and produced four EF-0 tornadoes, along with damaging straight line winds. One tornado moved through the Burnsville area, the second moved through Eagan, the third occurred near Lilydale, and the fourth hit Mahtomedi and Grant.  In addition to the tornadoes, there was a long path of damaging straight line winds that caused numerous large trees to blow down onto houses, cars and other public and private structures.  These were the latest Minnesota tornadoes in a calendar year in the Storm Prediction Center database (which began in 1950), although there may have been one later tornado on Nov 16, 1931 (but records of tornadoes were not maintained before 1950).",56
412516,DAKOTA CO.,LILYDALE,11/10/2012,2310,Tornado, ,EF0,0,0,100000,0,MN,CST-6, ,68770,C,37,MPX,0,0,NWS Storm Survey, ,0.54,50,0,SE,1,E,LILYDALE,11/10/2012,2311,44.9058,-93.1247,44.9109,-93.1164,"A brief EF-0 tornado developed east of Lilydale, just southeast of the intersection of Highway 13 and Wachtler Avenue.  It tracked northeast across a subdivision in extreme northern Mendota Heights. Several dozen large trees were blown down onto homes, cars and sheds.","A record breaking day occurred across the Upper Midwest as temperatures soared into the 60s and 70s across southern Minnesota during the afternoon of Saturday, November 10th.  Thunderstorms developed across eastern Nebraska late in the day, and moved northeast across southern Minnesota during the evening. A powerful low level jet of 65 knots developed ahead of a strong cold front late Saturday evening. This low level jet combined with ample instability to create several lines of thunderstorms across southern Minnesota. One line of thunderstorms moved through the southern and eastern metro area of the Twin Cities, and produced four EF-0 tornadoes, along with damaging straight line winds. One tornado moved through the Burnsville area, the second moved through Eagan, the third occurred near Lilydale, and the fourth hit Mahtomedi and Grant.  In addition to the tornadoes, there was a long path of damaging straight line winds that caused numerous large trees to blow down onto houses, cars and other public and private structures.  These were the latest Minnesota tornadoes in a calendar year in the Storm Prediction Center database (which began in 1950), although there may have been one later tornado on Nov 16, 1931 (but records of tornadoes were not maintained before 1950).",57
412723,WASHINGTON CO.,MAHTOMEDI,11/10/2012,2321,Tornado, ,EF0,0,0,200000,0,MN,CST-6, ,68770,C,163,MPX,0,0,NWS Storm Survey, ,4.33,100,1,NE,2,NNE,GRANT,11/10/2012,2327,45.0801,-92.9605,45.1102,-92.8825,"Hundreds of trees were toppled or snapped. Some trees fell on cars, houses and sheds.  The tornado touched down in Mahtomedi, just east of the White Bear Lake shore, and it moved northeast into the northeastern part of Grant.  The most significant damage was shortly after touchdown, near the intersection of Hazel and Moccasin in far northern Mahtomedi, where strong EF-0 damage was noted.","A record breaking day occurred across the Upper Midwest as temperatures soared into the 60s and 70s across southern Minnesota during the afternoon of Saturday, November 10th.  Thunderstorms developed across eastern Nebraska late in the day, and moved northeast across southern Minnesota during the evening. A powerful low level jet of 65 knots developed ahead of a strong cold front late Saturday evening. This low level jet combined with ample instability to create several lines of thunderstorms across southern Minnesota. One line of thunderstorms moved through the southern and eastern metro area of the Twin Cities, and produced four EF-0 tornadoes, along with damaging straight line winds. One tornado moved through the Burnsville area, the second moved through Eagan, the third occurred near Lilydale, and the fourth hit Mahtomedi and Grant.  In addition to the tornadoes, there was a long path of damaging straight line winds that caused numerous large trees to blow down onto houses, cars and other public and private structures.  These were the latest Minnesota tornadoes in a calendar year in the Storm Prediction Center database (which began in 1950), although there may have been one later tornado on Nov 16, 1931 (but records of tornadoes were not maintained before 1950).",58
412965,CADDO PAR.,BELCHER,11/11/2012,1715,Tornado, ,EF0,0,0,0,0,LA,CST-6, ,68759,C,17,SHV,0,0,NWS Storm Survey, ,3.26,25,1,NW,3,ESE,CAVETT,11/11/2012,1720,32.76,-93.84,32.769,-93.785,"Numerous large limbs were downed in a grove of trees between Highway 71 and 3049 on the north side of Belcher. This tornado tracked east northeast across open farmland to near the end of Belcher River Road, where large limbs were snapped off of a few trees near the end of the road and the levee. The tornado crossed the Red River into western Bossier Parish.","A potent upper level trough moved across the Central Plains, pushing a strong cold front across North Texas and Central Oklahoma and through the Four State Region. Storms began developing ahead of the front along a pre-frontal trough axis across parts of East Texas and slowly propagated eastward. The front eventually merged with the pre-frontal trough, as the storms intensified and continued to push across the area.  A tornado was produced by this storm system across Northwest Louisiana as well.",59
412966,BOSSIER PAR.,ALDEN BRIDGE,11/11/2012,1720,Tornado, ,EF0,0,0,0,0,LA,CST-6, ,68759,C,15,SHV,0,0,NWS Storm Survey, ,3.85,25,4,W,0,N,HUGHES,11/11/2012,1731,32.769,-93.785,32.78,-93.72,"This tornado is a continuation of the tornado that first touched down in Caddo Parish.  The tornado crossed the Red River into western Bossier Parish, where other large limbs were snapped off several trees on Peace Lane. It remained on the ground snapping other large pine limbs on the west side of Highway 3 just south of the Alden Bridge community, before lifting in a heavily wooded area just south of Highway 160.","A potent upper level trough moved across the Central Plains, pushing a strong cold front across North Texas and Central Oklahoma and through the Four State Region. Storms began developing ahead of the front along a pre-frontal trough axis across parts of East Texas and slowly propagated eastward. The front eventually merged with the pre-frontal trough, as the storms intensified and continued to push across the area.  A tornado was produced by this storm system across Northwest Louisiana as well.",60
418500,INYO CO.,ABERDEEN,11/30/2012,1245,Tornado, ,EF0,0,0,0,0,CA,PST-8, ,69775,C,27,VEF,0,0,Law Enforcement, ,1.64,100,3,SSE,10,N,INDEPENDENCE,11/30/2012,1255,36.9478,-118.2294,36.9447,-118.2,"The California Highway Patrol observed and photographed a landspout near Highway 395 north of Independence. No damage was reported.","A Pacific storm system brought locally high winds to the Mojave Desert.",61
420402,RIPLEY CO.,FLATWOODS,12/09/2012,1512,Tornado, ,EF1,0,0,100000,0,MO,CST-6, ,70036,C,181,PAH,0,0,Emergency Manager, ,0.4,150,8,N,8,N,FLATWOODS,12/09/2012,1513,36.7928,-90.7268,36.796,-90.7207,"Peak winds were estimated near 100 mph. The average path width was approximately 100 yards. Approximately 150 to 200 trees were snapped or uprooted. One barn and one outbuilding was destroyed. Square hay bales were blown up to 50 feet, and tin from the barn was lofted into nearby trees. A house lost a section of shingles and roof decking about six feet by six feet in area. The damage was near the intersection of State Highway K and County Road K-6, about 13 miles north-northeast of Doniphan.","A strong cold front moving across the southern Plains and Mid-Mississippi Valley served as the focus for thunderstorm development. Unseasonably moist air characterized by surface dew points in the mid 60's yielded a marginally unstable air mass, with mixed-layer cape values near 500 j/kg during the afternoon. Strengthening deep-layer southwesterly winds were supportive of isolated supercells and tornadoes.",62
423947,PEARL RIVER CO.,PEARL RIVER CO ARPT,12/09/2012,1550,Tornado, ,EF0,0,0,10000,0,MS,CST-6, ,70603,C,109,LIX,0,0,NWS Storm Survey, ,2.47,20,2,SW,1,NNW,PEARL RIVER CO ARPT,12/09/2012,1555,30.7625,-89.5228,30.7942,-89.5036,"A weak tornado touched down a couple of times just south of Poplarville, causing minor property damage. A pool was overturned and minor damage was reported to a mobile home on Dupont Harts Chapel Road. A porch and an outbuilding were damaged at a residence on Highway 53. Path length was approximately 1.5 miles and path width was 20 yards. Maximum winds were estimated at 70 mph.","A weak tornado developed along a sea breeze boundary in Pearl River County during the afternoon hours.",63
420088,LAMAR CO.,TALOWAH,12/09/2012,1615,Tornado, ,EF0,0,0,8000,0,MS,CST-6, ,70007,C,73,JAN,0,0,NWS Storm Survey, ,0.05,50,3,NE,3,NE,TALOWAH,12/09/2012,1616,31.0955,-89.3867,31.0968,-89.3854,"A brief tornado touched down and caused some shingle damage, as well as broke a window on a house. Several trees were blown down. Two of the trees were blown down onto vehicles. Maximum wind speed was 85 mph.","A weak upper disturbance moved over the region on the evening of December 8th producing a couple stronger storms that dropped hail across Grenada and Leflore Counties. On the afternoon of the 9th an area of showers moving north along the Interstate 59 corridor produced two weak tornadoes as this activity pushed into south central Mississippi. The cells responsible for these tornadoes were very weak and did not even exhibit lightning. Later that night into the next morning a squall line moved across the region causing widespread wind damage, as well as another tornado in Marion County.",64
420091,JONES CO.,MYRICK,12/09/2012,1720,Tornado, ,EF0,0,0,1000,0,MS,CST-6, ,70007,C,67,JAN,0,0,NWS Storm Survey, ,0.05,50,2,SSW,2,SSW,MYRICK,12/09/2012,1721,31.6266,-89.011,31.6272,-89.0107,"A brief tornado touchdown took the medal roof off a building along Weber Jordan Road. Maximum winds were 85 mph.","A weak upper disturbance moved over the region on the evening of December 8th producing a couple stronger storms that dropped hail across Grenada and Leflore Counties. On the afternoon of the 9th an area of showers moving north along the Interstate 59 corridor produced two weak tornadoes as this activity pushed into south central Mississippi. The cells responsible for these tornadoes were very weak and did not even exhibit lightning. Later that night into the next morning a squall line moved across the region causing widespread wind damage, as well as another tornado in Marion County.",65
424162,JEFFERSON CO.,THOMAS JCT,12/10/2012,443,Tornado, ,EF1,0,0,0,0,AL,CST-6, ,70613,C,73,BMX,0,0,NWS Storm Survey, ,1.05,250,1,NE,1,SW,NORTH BIRMINGHAM,12/10/2012,445,33.5359,-86.8436,33.542,-86.8268,"The tornado touched down just west of 3rd Place West or just to the east of the Birmingham Farmers Market. From there, it moved to the northeast across a light industrial warehouse area, striking a large metal building. Several overhead doors at the loading dock were blown in, which then blew off about 25 percent of the roof. Debris from this structure was found up to a mile away. The tornado continued northeastward through a residential area, causing damage to 29 homes, 2 of which had major damage and one of which lost its roof entirely. A church and two other businesses were damaged near the intersection of Finley Blvd and 16th Street. The tornado lifted near the intersection of 24th Court North and 18th Street North, just west of Interstate 65.","An upper level disturbance developed west of the Rockies and then ejected eastward. At the surface, a surface low developed over the Central Plains, with a cold front trailing southward. As this system moved eastward, showers and thunderstorms developed ahead of the cold front and moved into a slightly unstable air mass across Central Alabama. While the overall system was weakening as it moved across the area, there was enough instability and wind shear to support an isolated tornado and several severe wind reports.",66
423948,EAST BATON ROUGE PAR.,ALSEN,12/10/2012,648,Tornado, ,EF1,0,0,200000,0,LA,CST-6, ,70604,C,33,LIX,0,0,NWS Storm Survey, ,5.42,100,1,ESE,2,NNE,BROWNFIELDS,12/10/2012,657,30.5656,-91.2045,30.5975,-91.1213,"The tornado first touched down on Highway 61 near the intersection with the Baton Rouge Barge Canal. The tornado caused moderate damage to a roof of a single family residence and minor damage to a convenience store. A tree was uprooted at the same location. The tornado then traveled east-northeast, causing sporadic tree damage until it crossed over New Rafe Meyer Road and moved into the Lincoln Heights subdivision. This was the location of the worst damage with numerous softwood trees snapped and a few residences with moderate to major roof damage. A travel trailer was rolled over 25 to 30 yards and destroyed. The tornado then continued to travel to the east-northeast, crossing over Highway 19 and causing moderate damage to the roof of a car wash. Afterward, the tornado continued to the east-northeast, causing sporadic tree damage and minor roof damage to a few homes before finally lifting near the intersection of Plank Road and Dyer Road.","A cold front moving through southeast Louisiana produced several reports of severe weather, including at least 2 tornadoes.",67
415928,WALTHALL CO.,SIMONDS,12/10/2012,752,Tornado, ,EF1,0,0,100000,0,MS,CST-6, ,69315,C,147,LIX,0,0,NWS Storm Survey, ,16.33,100,1,S,6,ENE,FLOWERS,12/10/2012,819,31.01,-90.18,31.11,-89.93,"The tornado initially touched down near the intersection of Highway 27 and Simon Road. The storm moved northeast causing sporadic EF-0 damage for a few miles roughly along Simon and Taylor Roads. Near the intersection of Simon and Allen Hill roads, the tornado destroyed a metal building and threw the debris 200 to 300 yards down it's path. The storm strengthened as it neared Highway 48, causing more significant damage. Two homes suffered moderate damage to a brick facade, and roofing and a dairy barn was destroyed near the crossing of Dexter Road and Highway 48. The tornado then crossed Highway 48 and continued to cause significant damage to trees with some minor damage to a few more structures. It also picked up several large hay bales and threw them 75 to 100 feet. The tornado began to weaken as it approached the Walthall/Marion County line, but did continue to cause damage for a few more miles into Marion County per survey results from WFO Jackson MS. Estimated maximum wind speed in Walthall County was 100 mph.","A cold front moving through southeast Louisiana and southern Mississippi triggered numerous thunderstorms. A few of the storms triggered tornadoes including one in southern Walthall County.",68
420094,MARION CO.,PICKWICK,12/10/2012,819,Tornado, ,EF1,0,0,40000,0,MS,CST-6, ,70007,C,91,JAN,0,0,NWS Storm Survey, ,2.84,100,5,WSW,2,W,PICKWICK,12/10/2012,825,31.1112,-89.9252,31.1348,-89.8859,"Numerous trees were snapped and uprooted along the path. A couple of sheds and a gazebo were destroyed. Shingle damage occurred to a couple of homes. A metal carport was blown onto a house. In addition, an antenna atop a house was snapped. This was a continuation of a tornado that came out of Walthall County. Maximum wind speeds were estimated at 100 mph.","A weak upper disturbance moved over the region on the evening of December 8th producing a couple stronger storms that dropped hail across Grenada and Leflore Counties. On the afternoon of the 9th an area of showers moving north along the Interstate 59 corridor produced two weak tornadoes as this activity pushed into south central Mississippi. The cells responsible for these tornadoes were very weak and did not even exhibit lightning. Later that night into the next morning a squall line moved across the region causing widespread wind damage, as well as another tornado in Marion County.",69
423953,ASCENSION PAR.,DUPLESSIS,12/10/2012,850,Tornado, ,EF1,0,0,200000,0,LA,CST-6, ,70604,C,5,LIX,0,0,NWS Storm Survey, ,1.39,30,1,ESE,2,E,DUPLESSIS,12/10/2012,854,30.2621,-90.935,30.2649,-90.9119,"A tornado touched down near the intersection of Airline Highway and Black Bayou Road. It ripped a metal roof off a boat dealership and shattered the windshield of 10 cars at a car dealership. An eyewitness also saw a small pickup truck lifted into the air about 20 feet and came back down on its wheels. The tornado tracked to the east along Black Bayou Road, causing sporadic tree damage and minor roof damage to a few residences. Before the tornado crossed Highway 44, it impacted a fire station, blowing in 2 large overhead doors, and blowing out 3 large overhead doors on the opposite side of the building. A nearby metal frame building was heavily damaged. The tornado continued to the east and lifted before reaching Ott Road. The maximum wind was estimated at 90 mph.","A cold front moving through southeast Louisiana produced several reports of severe weather, including at least 2 tornadoes.",70
416254,ORANGE CO.,LAKE APOPKA,12/10/2012,1626,Tornado, ,EF0,0,0,0,0,FL,EST-5, ,69338,C,95,MLB,0,0,Public, ,4.18,50,2,SE,2,WSW,PLYMOUTH,12/10/2012,1634,28.6255,-81.6247,28.667,-81.5745,"A citizen videotaped a waterspout over Lake Apopka for several minutes as it moved northeast from near the center of the lake toward the northeast shore. A short time later, several citizens located a few miles northeast of the lake observed the waterspout move onshore and track across the rural Lake Apopka Restoration Area before dissipating.","Very moist southwest winds developed across east-central Florida well in advance of a cold front and associated upper level disturbance.  Strong daytime heating, combined with moderate low-level wind shear, resulted in numerous strong storms, two of which produced tornadoes. The first tornado began as a waterspout over Lake Apoka, then crossed the northeast shore of the lake and remained on the ground for a short distance. Although the waterspout/tornado affected a rural area, several citizens witnessed the event. The second tornado impacted a mobile home park and adjacent wooded area in Edgewater, then became a waterspout as it crossed the intracoastal river, before moving across the barrier island as a tornado. Significant damage occurred at the mobile home park, with only minor damage on the barrier island. Several funnel clouds were also observed.",71
416056,VOLUSIA CO.,HUCOMER,12/10/2012,1725,Tornado, ,EF1,0,2,1700000,0,FL,EST-5, ,69338,C,127,MLB,0,0,NWS Storm Survey, ,0.61,150,1,S,1,SSE,HUCOMER,12/10/2012,1726,28.9112,-80.8675,28.9185,-80.8618,"The tornado began at US Highway 1 in Edgewater and continued northeast through the Terra Mar Village Mobile Home Park to Alice Street and Jones Fish Camp Road, then moved onto the intracoastal river as a waterspout (see 1726 LST waterspout episode). A total of 62 homes were damaged (17 with minor damage and 45 with major damage), impacting carports, awnings, roofs, power poles and lines, and numerous trees. Over 100 trees (many very large) between the mobile home park and the intracoastal river were snapped near the ground or uprooted. Metal from the mobile homes were carried far downstream. The frame of a mobile home was wrapped several times around the base of a tree. The tornado produced high-end EF0 damage within the mobile home park, then strengthened to a high-end EF1 tornado with a widening damage swath along Jones Fish Camp Road and upon approach to the intracoastal waterway. There were two very minor injuries, both treated at the scene. Maximum winds estimated at 90-110 mph. A motorist travelling on US Highway 1 videotaped the tornado crossing the highway in front of him, with debris evident within the circulation as it reached the mobile home park. Several other citizens and a public safety official also witnessed the tornado. DI3 DOD4 EXP; DI3 DOD8 LB-EXP; DI27 DOD4 EXP; DI28 DOD4 EXP.","Very moist southwest winds developed across east-central Florida well in advance of a cold front and associated upper level disturbance.  Strong daytime heating, combined with moderate low-level wind shear, resulted in numerous strong storms, two of which produced tornadoes. The first tornado began as a waterspout over Lake Apoka, then crossed the northeast shore of the lake and remained on the ground for a short distance. Although the waterspout/tornado affected a rural area, several citizens witnessed the event. The second tornado impacted a mobile home park and adjacent wooded area in Edgewater, then became a waterspout as it crossed the intracoastal river, before moving across the barrier island as a tornado. Significant damage occurred at the mobile home park, with only minor damage on the barrier island. Several funnel clouds were also observed.",72
416245,VOLUSIA CO.,HUCOMER,12/10/2012,1729,Tornado, ,EF0,0,0,1000,0,FL,EST-5, ,69338,C,127,MLB,0,0,NWS Storm Survey, ,0.09,20,2,ENE,2,ENE,HUCOMER,12/10/2012,1730,28.9386,-80.832,28.9393,-80.8307,"The tornado which impacted Edgewater from 1725-1726 LST, continued northeast across the intracoastal waterway (1726-1729 LST), then moved across the narrow barrier island at Bethune Beach as a small, weak tornado. Several power lines were downed by the tornado along Highway A1A and small debris from palm trees and shrubs were observed along the path. A citizen observed the tornado cross the barrier island, from the second story of his home just to the north. Maximum winds estimated at 55-65 mph.","Very moist southwest winds developed across east-central Florida well in advance of a cold front and associated upper level disturbance.  Strong daytime heating, combined with moderate low-level wind shear, resulted in numerous strong storms, two of which produced tornadoes. The first tornado began as a waterspout over Lake Apoka, then crossed the northeast shore of the lake and remained on the ground for a short distance. Although the waterspout/tornado affected a rural area, several citizens witnessed the event. The second tornado impacted a mobile home park and adjacent wooded area in Edgewater, then became a waterspout as it crossed the intracoastal river, before moving across the barrier island as a tornado. Significant damage occurred at the mobile home park, with only minor damage on the barrier island. Several funnel clouds were also observed.",73
423360,CARSON CO.,PANTEX,12/14/2012,1617,Tornado, ,EF0,0,0,0,0,TX,CST-6, ,70490,C,65,AMA,0,0,NWS Storm Survey, ,3,200,9,S,8,W,CONWAY,12/14/2012,1622,35.1941,-101.5768,35.2162,-101.5205,"The tornado touched down three miles northeast of Washburn in Carson County at 4:17 PM CST. The tornado was on the ground for three miles with a maximum width of 200 yards. The tornado dissipated at 4:22 PM CST six miles northeast of Washburn. This tornado was rated an EF-0 with winds of 65 mph. No damage was reported with this tornado but photographic evidence was provided by BJ Shipp, a local storm spotter.","An anomalously dynamic upper level system caused a rare severe weather outbreak during the afternoon and evening hours of December 14th. This outbreak was very dynamically driven with very minimal instability values. However this lack of instability was overcome by a 150 mph tropical jet streak, a negatively tilted mid-level trough, 45 mph low level jet, and the presence of a surface warm front and cold front. ||Thunderstorm initiated over eastern New Mexico as single cells, but transitioned into a linear structure along the leading edged of a surface cold front as they entered the western Texas Panhandle.  Once transitioned into a linear structure, severe thunderstorm wind gusts became the primary threat. This was reflected in the storm reports as numerous thunderstorm wind gusts and wind damage were received, but only one report of 1 inch hail was received. The first report of damage for the outbreak was south-southwest of the town of Vega (Deaf Smith County) where thunderstorm downdrafts blew over center pivots used for irrigation. Several more reports of thunderstorm winds gusts between 60 and 70 mph were received from Deaf Smith, Randall, Potter, and Oldham Counties as the line of thunderstorms moved across the southern Texas Panhandle. In Oldham County three tractor trailers were overturned on US Highway 385 north of the city of Vega.   ||As the thunderstorms moved across Potter and Randall County thunderstorm wind gusts of 60 to 70 mph were reported all across the counties. Two additional tractor trailers rollover accidents were reported on Interstate 27 between Amarillo (Randall County) and Canyon (Randall County), and at the intersection of McAfee Road and Washington Street on the southeast side of Amarillo (Randall County). The accident at McAfee Road and Washington Street resulted in one fatality. Given the west to east track of the line of thunderstorms, vehicles on north-south running roads faced the most hazardous driving conditions due to cross winds, and as a result all rollovers reported occurred on north-south roads. ||Also the turbulent winds near this line of thunderstorm contributed to an aircraft mishap over Armstrong County. The pilot, a locally known dentist from Colorado Springs, Co, and the passenger, the pilot���s father, were killed when their double prop Beechcraft E-90 airplane had an in-flight break-up according to a preliminary report released by the National Transportation Safety Board. The report went on to state that the turbulent air flows caused the aircraft to experience updrafts and downdrafts that tore the fuselage apart. Wreckage from the aircraft were located near the city of Claude (Armstrong County).||As the line of thunderstorms reached the eastern edge of Potter and Randall County, they reached the intersection of the cold front and warm front. The additional low level shear provided by this intersection allowed for three brief tornadoes to form in southern Carson County and central Donley County. The tornado in Carson County lasted 5 minutes and traveled three miles without causing any damage. However a trained spotter provided photographic evidence of its occurrence. Two tornadoes occurred in Donley County; one near Clarendon and another near Lelia Lake. Both lasted a minute in duration but were able to produce noticeable structural damage. All three tornadoes were classified as EF-0. ||By 6 PM CST, the line of thunderstorms became disorganized as the upper level dynamics moved further to the northeast, and no further reports of damage or severe gusts were received.",74
423358,DONLEY CO.,LELIA LAKE,12/14/2012,1653,Tornado, ,EF0,0,0,0,20000,TX,CST-6, ,70490,C,129,AMA,0,0,NWS Storm Survey, ,0.95,50,3,N,3,NNE,LELIA LAKE,12/14/2012,1654,34.9372,-100.7865,34.94,-100.77,"This tornado touched down five miles south-southeast of Clarendon in Donley County at 4:53 PM CST. The tornado was on the ground for less than one mile with a maximum width of 50 yards. The tornado dissipated at 4:54 PM CST, five miles southeast of Clarendon. This tornado has been rated an EF-0 with winds of 80 mph. There was considerable damage to a metal barn, overhead doors were blown in and part of the roof was blown off. In addition, a small shed was destroyed, and empty diesel tank was blown off the stand and shingles on the roof of a nearby house were blown off.","An anomalously dynamic upper level system caused a rare severe weather outbreak during the afternoon and evening hours of December 14th. This outbreak was very dynamically driven with very minimal instability values. However this lack of instability was overcome by a 150 mph tropical jet streak, a negatively tilted mid-level trough, 45 mph low level jet, and the presence of a surface warm front and cold front. ||Thunderstorm initiated over eastern New Mexico as single cells, but transitioned into a linear structure along the leading edged of a surface cold front as they entered the western Texas Panhandle.  Once transitioned into a linear structure, severe thunderstorm wind gusts became the primary threat. This was reflected in the storm reports as numerous thunderstorm wind gusts and wind damage were received, but only one report of 1 inch hail was received. The first report of damage for the outbreak was south-southwest of the town of Vega (Deaf Smith County) where thunderstorm downdrafts blew over center pivots used for irrigation. Several more reports of thunderstorm winds gusts between 60 and 70 mph were received from Deaf Smith, Randall, Potter, and Oldham Counties as the line of thunderstorms moved across the southern Texas Panhandle. In Oldham County three tractor trailers were overturned on US Highway 385 north of the city of Vega.   ||As the thunderstorms moved across Potter and Randall County thunderstorm wind gusts of 60 to 70 mph were reported all across the counties. Two additional tractor trailers rollover accidents were reported on Interstate 27 between Amarillo (Randall County) and Canyon (Randall County), and at the intersection of McAfee Road and Washington Street on the southeast side of Amarillo (Randall County). The accident at McAfee Road and Washington Street resulted in one fatality. Given the west to east track of the line of thunderstorms, vehicles on north-south running roads faced the most hazardous driving conditions due to cross winds, and as a result all rollovers reported occurred on north-south roads. ||Also the turbulent winds near this line of thunderstorm contributed to an aircraft mishap over Armstrong County. The pilot, a locally known dentist from Colorado Springs, Co, and the passenger, the pilot���s father, were killed when their double prop Beechcraft E-90 airplane had an in-flight break-up according to a preliminary report released by the National Transportation Safety Board. The report went on to state that the turbulent air flows caused the aircraft to experience updrafts and downdrafts that tore the fuselage apart. Wreckage from the aircraft were located near the city of Claude (Armstrong County).||As the line of thunderstorms reached the eastern edge of Potter and Randall County, they reached the intersection of the cold front and warm front. The additional low level shear provided by this intersection allowed for three brief tornadoes to form in southern Carson County and central Donley County. The tornado in Carson County lasted 5 minutes and traveled three miles without causing any damage. However a trained spotter provided photographic evidence of its occurrence. Two tornadoes occurred in Donley County; one near Clarendon and another near Lelia Lake. Both lasted a minute in duration but were able to produce noticeable structural damage. All three tornadoes were classified as EF-0. ||By 6 PM CST, the line of thunderstorms became disorganized as the upper level dynamics moved further to the northeast, and no further reports of damage or severe gusts were received.",75
427335,DONLEY CO.,LELIA LAKE,12/14/2012,1658,Tornado, ,EF0,0,0,0,10000,TX,CST-6, ,70490,C,129,AMA,0,0,NWS Storm Survey, ,0.44,50,1,N,1,NNE,LELIA LAKE,12/14/2012,1659,34.91,-100.78,34.9128,-100.7731,"This tornado touched down one mile northwest of Lelia Lake in Donley County at 4:58 PM CST. The tornado was on the ground for less than one half mile with a maximum width of 50 yards. The tornado dissipated at 4:59 PM CST, one mile north-northwest of Lelia Lake. This tornado has been rated as an EF-0 with winds of 80 mph. There was significant tree damage with large limbs down. Irrigation pipe supply lines were blown out of position. Another irrigation pipe was blown 100 yards into a field.","An anomalously dynamic upper level system caused a rare severe weather outbreak during the afternoon and evening hours of December 14th. This outbreak was very dynamically driven with very minimal instability values. However this lack of instability was overcome by a 150 mph tropical jet streak, a negatively tilted mid-level trough, 45 mph low level jet, and the presence of a surface warm front and cold front. ||Thunderstorm initiated over eastern New Mexico as single cells, but transitioned into a linear structure along the leading edged of a surface cold front as they entered the western Texas Panhandle.  Once transitioned into a linear structure, severe thunderstorm wind gusts became the primary threat. This was reflected in the storm reports as numerous thunderstorm wind gusts and wind damage were received, but only one report of 1 inch hail was received. The first report of damage for the outbreak was south-southwest of the town of Vega (Deaf Smith County) where thunderstorm downdrafts blew over center pivots used for irrigation. Several more reports of thunderstorm winds gusts between 60 and 70 mph were received from Deaf Smith, Randall, Potter, and Oldham Counties as the line of thunderstorms moved across the southern Texas Panhandle. In Oldham County three tractor trailers were overturned on US Highway 385 north of the city of Vega.   ||As the thunderstorms moved across Potter and Randall County thunderstorm wind gusts of 60 to 70 mph were reported all across the counties. Two additional tractor trailers rollover accidents were reported on Interstate 27 between Amarillo (Randall County) and Canyon (Randall County), and at the intersection of McAfee Road and Washington Street on the southeast side of Amarillo (Randall County). The accident at McAfee Road and Washington Street resulted in one fatality. Given the west to east track of the line of thunderstorms, vehicles on north-south running roads faced the most hazardous driving conditions due to cross winds, and as a result all rollovers reported occurred on north-south roads. ||Also the turbulent winds near this line of thunderstorm contributed to an aircraft mishap over Armstrong County. The pilot, a locally known dentist from Colorado Springs, Co, and the passenger, the pilot���s father, were killed when their double prop Beechcraft E-90 airplane had an in-flight break-up according to a preliminary report released by the National Transportation Safety Board. The report went on to state that the turbulent air flows caused the aircraft to experience updrafts and downdrafts that tore the fuselage apart. Wreckage from the aircraft were located near the city of Claude (Armstrong County).||As the line of thunderstorms reached the eastern edge of Potter and Randall County, they reached the intersection of the cold front and warm front. The additional low level shear provided by this intersection allowed for three brief tornadoes to form in southern Carson County and central Donley County. The tornado in Carson County lasted 5 minutes and traveled three miles without causing any damage. However a trained spotter provided photographic evidence of its occurrence. Two tornadoes occurred in Donley County; one near Clarendon and another near Lelia Lake. Both lasted a minute in duration but were able to produce noticeable structural damage. All three tornadoes were classified as EF-0. ||By 6 PM CST, the line of thunderstorms became disorganized as the upper level dynamics moved further to the northeast, and no further reports of damage or severe gusts were received.",76
418329,WHEELER CO.,STUCKEY,12/17/2012,1346,Tornado, ,EF1,0,0,0,0,GA,EST-5, ,69734,C,309,FFC,0,0,NWS Storm Survey, ,0.36,75,1,W,1,WSW,STUCKEY,12/17/2012,1348,32.1676,-82.7411,32.1675,-82.7349,"A National Weather Service survey team found damage from an EF1 tornado with winds around 100 mph. Numerous trees had their tops sheared off along with hardwood trees snapped at their trunks.||[12/17/12: Tornado #1, County #1-1, EF1, Wheeler, 2012:007].","A mid-level high over the Gulf brought moist, southwest flow to the area.  Meanwhile a strong shortwave moved off the Rockies and into the Central Plains on the 16th, pushing a front toward the Southeast on the 17th.  Widespread showers and a few thunderstorms developed ahead of the front across especially central Georgia on the afternoon of the 17th.  Three weak tornadoes developed on the leading edge of the thunderstorms, causing mainly tree damage in Wheeler and Telfair Counties.",77
418330,TELFAIR CO.,COOK STILL,12/17/2012,1348,Tornado, ,EF0,0,0,0,0,GA,EST-5, ,69734,C,271,FFC,0,0,NWS Storm Survey, ,1.05,15,1,SE,1,E,COOK STILL,12/17/2012,1350,31.9394,-83.0396,31.948,-83.0248,"A National Weather Service survey team found damage from an EF0 tornado in Telfair County.  This tornado sheared off the tops of softwood trees and snapped off several large branches.||[12/17/12: Tornado #2, County #1-1, EF0, Telfair, 2012:008].","A mid-level high over the Gulf brought moist, southwest flow to the area.  Meanwhile a strong shortwave moved off the Rockies and into the Central Plains on the 16th, pushing a front toward the Southeast on the 17th.  Widespread showers and a few thunderstorms developed ahead of the front across especially central Georgia on the afternoon of the 17th.  Three weak tornadoes developed on the leading edge of the thunderstorms, causing mainly tree damage in Wheeler and Telfair Counties.",78
418331,WHEELER CO.,SPRING HILL,12/17/2012,1349,Tornado, ,EF1,0,0,5000,0,GA,EST-5, ,69734,C,309,FFC,0,0,NWS Storm Survey, ,0.32,75,4,N,4,N,SPRING HILL,12/17/2012,1350,32.0708,-82.7317,32.0701,-82.7262,"A National Weather Service survey team found a second short-lived tornado in Wheeler County.  This tornado was also classified as an EF1 tornado with winds around 100 mph.  It caused some minor shingle damage to one structure, and about 50 trees were downed or had their tops sheared off.||[12/17/12: Tornado #3, County #1-1, EF1, Wheeler, 2012:009].","A mid-level high over the Gulf brought moist, southwest flow to the area.  Meanwhile a strong shortwave moved off the Rockies and into the Central Plains on the 16th, pushing a front toward the Southeast on the 17th.  Widespread showers and a few thunderstorms developed ahead of the front across especially central Georgia on the afternoon of the 17th.  Three weak tornadoes developed on the leading edge of the thunderstorms, causing mainly tree damage in Wheeler and Telfair Counties.",79
417985,SEBASTIAN CO.,ISLAND,12/19/2012,2146,Tornado, ,EF1,0,0,400000,0,AR,CST-6, ,69665,C,131,TSA,0,0,NWS Storm Survey, ,3,650,2,SSE,3,ESE,RIVERDALE,12/19/2012,2149,35.399,-94.119,35.421,-94.077,"The tornado developed near Highway 96 north of Union Road where it damaged a permanent home and trees. It moved northeast uprooting or snapping numerous hardwood and softwood trees and damaging chicken houses and outbuildings. The tornado damaged the sides and roof of a fire station on County Road 68, tore the roof off a double wide mobile home north of County Road 68, then destroyed a double wide mobile home and tore the roofs off of three chicken houses before moving into a wooded area. Based on this damage, maximum estimated wind in the tornado was 100 to 110 mph.","A line of severe thunderstorms developed over eastern Oklahoma during the early evening hours of the 19th as a cold front moved into the region from the west. The thunderstorms moved rapidly eastward into Arkansas, producing damaging wind, large hail, and a tornado across west central Arkansas.",80
416825,GRANT CO.,SHERIDAN,12/20/2012,125,Tornado, ,EF1,0,1,175000,0,AR,CST-6, ,69478,C,53,LZK,0,0,NWS Storm Survey, ,0.64,200,3,W,2,W,SHERIDAN,12/20/2012,126,34.2969,-92.448,34.2994,-92.4372,"A double-wide mobile home was destroyed; the owner suffered minor injuries. The roof of a house was badly damaged. A couple of additional houses had minor roof damage, and one had a couple of windows blown out. Several shop buildings were damaged or destroyed. A camper was overturned. Trees and power lines were blown down. One of the trees fell on a carport, crushing a pickup truck and a car.","Numerous thunderstorms developed in advance of a strong cold front on the evening of the 19th and continued into the wee hours of the 20th. Some of the storms became severe, producing damaging winds. There was one tornado as well. Just before the rain came to an end, winds brought in dust into Arkansas, causing a mud rain and dirtying thousands of cars. The dust was picked up by a dust storm in West Texas on the 19th.",81
421931,MOBILE CO.,COTTAGE HILL,12/20/2012,449,Tornado, ,EF1,0,0,0,0,AL,CST-6, ,70260,C,97,MOB,0,0,NWS Storm Survey, ,6.67,75,1,NNE,1,N,MAGAZINE,12/20/2012,505,30.6671,-88.1383,30.7442,-88.0707,"The tornado initially touched down along Michael Boulevard producing|EF-0 damage (winds estimated up to 85 mph) where it damaged the roof|of the YMCA and produced moderate damage to the Davidson High School|baseball field.  The tornado continued moving northeast|strengthening as it moved across Montlimar Boulevard producing EF-1|damage (from winds estimated at 86 to 110 mph) to several businesses|on the southwest corner of the Interstate 65/Airport Boulevard|intersection.  The tornado circulation widened to near 75 yards as|it moved northeast affecting numerous homes through midtown mobile,|blowing large sections of roofs off of several homes, snapping or|blowing over numerous trees.  Here the storm produced damages|estimated in the millions of dollars to local businesses (including|significant amounts of damage to the facility and inventory of a|Mercedes Benz dealership). Also impacted was the regional American|Red Cross headquarters in Mobile where significant damage to the|roof and damage to several support vehicles/trailers was noted. The|tornado continued at EF-1 strength as it tracked northeast into the|city of Prichard doing similar damage, before weakening and|dissipating along U.S. Highway 43 at Woodland Avenue.","Strong to severe thunderstorms developed ahead of an approaching cold front during the early morning hours. These storms produced several reports of wind damage and one of the storms produced a tornado that moved across portions of the city of Mobile.",82
417582,TAYLOR CO.,PERRY,12/20/2012,1742,Tornado, ,EF0,0,0,0,0,FL,EST-5, ,69591,C,123,TAE,0,0,Law Enforcement, ,0.01,10,0,NNW,0,NNW,PERRY,12/20/2012,1742,30.1158,-83.5814,30.1158,-83.5814,"The Perry police reported a brief tornado touchdown near the police station.  No damage occurred.","A strong upper level trough and cold front moved through the area. There was sufficient instability and shear for a few strong to severe thunderstorms across the area.",83
425184,SANTA CRUZ CO.,ELLICOTT,12/22/2012,659,Tornado, ,EF0,0,0,40000,500000,CA,PST-8, ,70798,C,87,MTR,0,0,NWS Storm Survey, ,1.07,20,3,S,1,SSE,ELLICOTT,12/22/2012,702,36.88,-121.83,36.9,-121.82,"EF-0 tornado moved onshore from Monterey Bay into coastal Santa Cruz County in the early morning of December 22. The tornado caused tree damage and significant damage to commercial greenhouse structures at a large farm. Broken fiberglass panels and bent metal frame poles were observed at the greenhouse with debris thrown several dozen yards south of the damage path into adjacent fields. the tornado caused additional minor damage to 4 adjacent greenhouse structures. Debris was wrapped around electric poles south of the damage path. The greenhouse operators indicated that they lost 25 percent of their lisianthus flower crop, over 3,000 Gerbea crop, and 40,000 square feet of greenhouse space. Minor tree damage was observed along San Andreas Road nearby. Damage path was 1.07 miles and 20 yards wide. Damage consistent with an EF-0 tornado estimated at 75 MPH.","A series of storm systems, part of a large Atmospheric River type of pattern, impacted the area during late December 2012. From the 21st through 26th of December, heavy rain, gusty winds, flooding, and mudslides occurred across the Bay Area in these consecutive events. Downed trees, powerlines, and flooded roadways impacted residents over the Christmas holiday season. The event included a tornado touchdown on the coast of Santa Cruz County which brought extensive damage to portions of a greenhouse and flower growing operations. These storms followed a series of significant storms in late November and early December.",84
426570,HOUSTON CO.,FODICE,12/25/2012,905,Tornado, ,EF3,0,0,700000,0,TX,CST-6, ,70971,C,225,HGX,0,0,NWS Storm Survey, ,9.72,300,1,WSW,6,ESE,ARBOR,12/25/2012,915,31.1613,-95.3208,31.2528,-95.1959,"The worst of the tornado damage, rated EF3, was along Highway 287, or one mile north of the town of Pennington. An agricultural feed store and restaurant were completely destroyed with the debris scattered off toward the east in a field. There was severe damage to several homes and trailers along the path of the tornado that was indicative of either EF1 or EF2 scale damage.","On Christmas Day strong to severe thunderstorms developed along a warm front that was lifting north through the area. One of those storms produced an EF-3 tornado near Pennington, TX.",85
426572,HOUSTON CO.,LOVELADY,12/25/2012,940,Tornado, ,EF0,0,0,0,0,TX,CST-6, ,70971,C,225,HGX,0,0,NWS Storm Survey, ,0.3,30,15,ENE,15,ENE,LOVELADY,12/25/2012,941,31.2131,-95.1956,31.2131,-95.1956,"The brief EF-0 was observed by law enforcement near the scene of the earlier EF-3 tornado along Highway 287. Some debris was lofted but there was little to no structural damage.","On Christmas Day strong to severe thunderstorms developed along a warm front that was lifting north through the area. One of those storms produced an EF-3 tornado near Pennington, TX.",86
424537,VERNON PAR.,SLAGLE,12/25/2012,1215,Tornado, ,EF0,0,0,1000,0,LA,CST-6, ,70266,C,115,LCH,0,0,NWS Storm Survey, ,0.24,50,2,N,2,N,SLAGLE,12/25/2012,1217,31.2219,-93.1282,31.2233,-93.125,"A very weak tornado occurred near the town of Slagle Christmas afternoon. The tornado mostly twisted and broke limbs, however one shed was destroyed along the Slagle Loop.","A warm front lifted out of the Gulf of Mexico early Christmas morning with mostly small hail in storms along the boundary, however one storm did become severe. A strong cold front pushed out of Texas and across Louisiana during late Christmas morning into the afternoon with Severe Thunderstorms and Tornadoes. Strong northwest winds behind the boundary created low tides along the coast.",87
421948,VERNON PAR.,PITKIN,12/25/2012,1243,Tornado, ,EF0,0,0,25000,0,LA,CST-6, ,70266,C,115,LCH,0,0,NWS Storm Survey, ,2.19,200,2,E,3,NNE,DIDO,12/25/2012,1245,30.932,-92.896,30.939,-92.86,"A NWS storm survey team confirmed an EF 0 tornado touched down  three miles east of the town of Pitkin. The tornado produced a damage path two miles long and 200 yards wide. The tornado snapped 20 to 40 pine trees along the path. A mobile home had a tree fall on it causing minor damage and a barn had a few sheets of roofing tin removed.","A warm front lifted out of the Gulf of Mexico early Christmas morning with mostly small hail in storms along the boundary, however one storm did become severe. A strong cold front pushed out of Texas and across Louisiana during late Christmas morning into the afternoon with Severe Thunderstorms and Tornadoes. Strong northwest winds behind the boundary created low tides along the coast.",88
421974,RAPIDES PAR.,LEE HGTS,12/25/2012,1245,Tornado, ,EF2,0,1,2000000,0,LA,CST-6, ,70266,C,79,LCH,0,0,NWS Storm Survey, ,4.62,500,2,WSW,0,E,PARADISE,12/25/2012,1248,31.36,-92.487,31.379,-92.412,"A NWS survey confirmed an EF 2 tornado touched down in the woods southwest of in the town of Tioga and traveled into town.  The tornado produced a damage path four to five miles long and 500 yards wide. The tornado damaged approximately 43 homes with a brick home having the roof almost totally ripped off. The tornado also damaged the Tioga Elementary School and an industrial complex along highway 167. At the school part of the roof of the gym was removed. At the industrial complex 5 18 wheeler trailers flipped over, several large overhead doors were blown in, and a large section of the metal roof was peeled off. One person was injured with very minor bumps and bruises when a mobile home rolled over.","A warm front lifted out of the Gulf of Mexico early Christmas morning with mostly small hail in storms along the boundary, however one storm did become severe. A strong cold front pushed out of Texas and across Louisiana during late Christmas morning into the afternoon with Severe Thunderstorms and Tornadoes. Strong northwest winds behind the boundary created low tides along the coast.",89
421978,RAPIDES PAR.,ALEXANDRIA,12/25/2012,1250,Tornado, ,EF2,0,0,2000000,0,LA,CST-6, ,70266,C,79,LCH,0,0,NWS Storm Survey, ,0.77,200,1,E,1,SW,PINEVILLE,12/25/2012,1251,31.3,-92.453,31.308,-92.444,"A NWS storm survey confirmed an EF 2 tornado touched down in the city of Alexandria. The tornado produced a damage path near 1 mile long and 200 yards wide. The tornado began in a residential area between Polk and White Streets downing trees onto homes and removing some roofing material. It ripped roofs off some businesses including around the Washington Square Complex. The tornado moved across Interstate 49 and dissipated between Lee and Saint James Streets where several more homes and a church lost some roofing material.","A warm front lifted out of the Gulf of Mexico early Christmas morning with mostly small hail in storms along the boundary, however one storm did become severe. A strong cold front pushed out of Texas and across Louisiana during late Christmas morning into the afternoon with Severe Thunderstorms and Tornadoes. Strong northwest winds behind the boundary created low tides along the coast.",90
420321,CATAHOULA PAR.,GLADE,12/25/2012,1319,Tornado, ,EF1,0,0,75000,0,LA,CST-6, ,70003,C,25,JAN,0,0,NWS Storm Survey, ,2.55,300,2,W,1,NNE,GLADE,12/25/2012,1322,31.502,-91.905,31.511,-91.863,"One mobile home was destroyed with damage to other mobile homes and sheds. Two doors were blown off a warehouse, and a porch was blown over a mobile home. Trees and large limbs were snapped. One large limb fell on a house causing roof damage. Maximum winds were estimated at 100 mph.","A regional severe weather outbreak unfolded during Christmas Day 2012 as a result of an anomalously strong and southward positioned trough axis over the southern plains and lower Mississippi River valley. Very strong cyclonically curved winds in the mid-levels of the atmosphere near 115 mph and a rapidly deepening surface low over Louisiana and Mississippi aided in strong low-level wind shear and destabilization for severe thunderstorm development. Early Christmas morning, a large elevated rain and thunderstorm shield overspread the entire ArkLaMiss region. A warm front pushed north through southern Louisiana and Mississippi through late morning and through the afternoon while a quickly advancing cold front and developing squall line were occurring across portions of Texas and Louisiana. A Particularly Dangerous Situation (PDS) Tornado Watch was issued for all of southern Louisiana and Mississippi late Christmas morning for the expected potency of the rotating thunderstorms. Supercells began to develop ahead of the squall line across southern Louisiana, Mississippi, and Alabama south of the warm front during the afternoon. With such ample wind and speed shear, strong tornadoes developed that afternoon. The most notable tornadoes in NWS Jackson's area were two EF2 tornadoes in Lawrence and southern Forrest counties that destroyed several mobile homes and campers, snapped power poles, and uprooted or snapped hundreds of trees. Luckily, no fatalities occurred in association with the tornadoes. The tornado damage in Forrest County was part of a 61 mile long tornado that began in Pearl River County Mississippi, where EF-3 damage occurred, and ended in western Greene County. Numerous trees were reported down across much of central Mississippi from the advancing squall line and its damaging straight-line winds. Flash flooding also occurred across many areas leading to road closures. The severe weather and cold front finally cleared Mississippi by early Christmas evening.",91
423975,WILKINSON CO.,CENTREVILLE,12/25/2012,1431,Tornado, ,EF1,0,0,100000,0,MS,CST-6, ,70611,C,157,LIX,0,0,NWS Storm Survey, ,0.5,250,2,S,1,SSE,CENTREVILLE,12/25/2012,1433,31.078,-91.067,31.0833,-91.0592,"The tornado first touched down south of Highway 24, just east of the intersection of Highway 33 and Highway 24 on the south side of Centreville. Initially, numerous soft wood trees and a few hard woods were snapped and uprooted, and a few power poles lost their crossmembers. The tornado quickly moved to the east-northeast across Highway 24 uprooting another 6 to 10 trees, one of which clipped a house, bringing down much of the east facing wall. The tornado was 170-200 yards wide at this point and continued into the town of Centreville. A tire service station lost most of its canopy with the columns still standing, and the Centreville Head Start lost its metal awning.||The tornado crossed Fort Street with many more trees coming down, one on top of a car. Also along Fort Street, a single-wide mobile home lost most of its exterior walls. On East Howard Street, another tree fell into a house, pinning and injuring a lady. The tornado continued to the east-northeast, leading to another area of significant tree damage, uprooting and snapping numerous hard woods. A residence had minor structural damage leading to the carport partially collapsing. The tornado moved along Highway 48 for about another mile causing light tree damage before lifting. Times were based on radar and eyewitness reports. Maximum wind speed was estimated at 105 mph.","A strong low pressure system moving across the middle Mississippi River Valley drove a strong cold front through the area. A squall line developed ahead of the cold front with isolated supercells ahead of the squall line. Multiple reports of severe weather were received.",92
423976,AMITE CO.,ARIEL,12/25/2012,1433,Tornado, ,EF1,0,1,150000,0,MS,CST-6, ,70611,C,5,LIX,0,0,NWS Storm Survey, ,2.25,250,4,WSW,1,W,ARIEL,12/25/2012,1438,31.0833,-91.0592,31.1,-91.02,"The tornado first touched down south of Highway 24, just east of the intersection of Highway 33 and Highway 24 on the south side of Centreville. Initially, numerous soft wood trees and a few hard woods were snapped and uprooted, and a few power poles lost their crossmembers. The tornado quickly moved to the east-northeast across Highway 24 uprooting another 6 to 10 trees, one of which clipped a house, bringing down much of the east facing wall. The tornado was 170-200 yards wide at this point and continued into the town of Centreville. A tire service station lost most of its canopy with the columns still standing, and the Centreville Head Start lost its metal awning.||The tornado crossed Fort Street with many more trees coming down, one on top of a car. Also along Fort Street, a single-wide mobile home lost most of its exterior walls. On East Howard Street, another tree fell into a house, pinning and injuring a lady. The tornado continued to the east-northeast, leading to another area of significant tree damage, uprooting and snapping numerous hard woods. A residence had minor structural damage leading to the carport partially collapsing. The tornado moved along Highway 48 for about another mile causing light tree damage before lifting. Times were based on radar and eyewitness reports. Maximum wind speed was estimated at 105 mph.","A strong low pressure system moving across the middle Mississippi River Valley drove a strong cold front through the area. A squall line developed ahead of the cold front with isolated supercells ahead of the squall line. Multiple reports of severe weather were received.",93
425328,MARENGO CO.,EXMOOR,12/25/2012,1515,Tornado, ,EF1,0,0,0,0,AL,CST-6, ,70615,C,91,BMX,0,0,NWS Storm Survey, ,4.7,100,2,S,1,NNW,VANGALE,12/25/2012,1521,32.0238,-87.8687,32.0873,-87.8415,"An EF-1 tornado touched down southwest of Dixons Mill on Hoboken Road. The tornado tracked north northeastward and crossed County Road 6, County Road 8 and Highway 10. The tornado lifted after it crossed Highway 10 along Southern Pines Drive. Very minimal structural damage was noted along the path. The damage was mainly limited to numerous trees that were either snapped or uprooted. Several people witnessed the tornado.","Late Christmas Eve, a well amplified upper level trough dug into the southern Plains.  In response, a surface low developed Christmas morning over southern Texas.  As the upper low deepened and tilted negatively, the surface low strengthened as it moved eastward. By Christmas afternoon, a swath of severe weather swept across the Deep South, with discrete supercells and a broken line of thunderstorms in trail.  These thunderstorms moved across central Alabama during the evening hours, bringing with them strong straight line winds, numerous tornadoes, as well as flooding.",94
423982,PEARL RIVER CO.,MILL CREEK,12/25/2012,1520,Tornado, ,EF3,0,8,2500000,0,MS,CST-6, ,70611,C,109,LIX,0,0,NWS Storm Survey, ,24.05,175,2,SE,8,N,SILVER RUN,12/25/2012,1540,30.65,-89.681,30.839,-89.341,"The tornado initially touched down on Harris Road on the southwest side of McNeil causing EF0 and EF1 damage, where it snapped several pine trees. It moved northeastward and rapidly intensified, resulting in a small area of upper range EF-2 and low end EF-3 damage along Joe Smith Road and Sones Chapel Road. The worst damage occurred when a single story brick veneer triplex dwelling was destroyed with only two small interior walls standing. The tornado weakened after crossing Highway 11, causing mainly tree and minor roof damage, until it re-intensified in the far northeast corner of Pearl River County near Red Hill church Road. It caused upper range EF-1 damage as it was leaving Pearl River County into Stone County. County officials preliminary estimate of 22 homes destroyed, 8 homes with major damage, 16 homes with minor damage and an additional 9 homes affected. Eight people were transported by EMS to area hospitals, although additional minor injuries likely occurred. Maximum winds in Pearl River County were estimated around 140 mph. This tornado continued to track northeast across several more counties in south Mississippi for a total path length of 61 miles. Event times were based on radar and eyewitness accounts.","A strong low pressure system moving across the middle Mississippi River Valley drove a strong cold front through the area. A squall line developed ahead of the cold front with isolated supercells ahead of the squall line. Multiple reports of severe weather were received.",95
417663,COFFEE CO.,BASIN,12/25/2012,1531,Tornado, ,EF0,0,0,2000,0,AL,CST-6, ,69604,C,31,TAE,0,0,Emergency Manager, ,0.01,10,1,N,1,N,BASIN,12/25/2012,1531,31.36,-86.13,31.36,-86.13,"A brief tornado touchdown was reported to the county emergency management.  The only damage reported was a few trees knocked down.  Damage was consistent with an EF0 tornado.","A strong upper level trough and cold front moved through the area. There was sufficient instability and shear for a few strong to severe thunderstorms across the area, including a few tornadoes.  However, all of the tornadoes were rated EF0, and the most severe weather remained just west of southeastern Alabama.",96
420473,LAWRENCE CO.,LAMBERTS STORE,12/25/2012,1535,Tornado, ,EF2,0,7,200000,0,MS,CST-6, ,70002,C,77,JAN,0,0,NWS Storm Survey, ,8.37,440,1,N,2,NNE,MONTICELLO,12/25/2012,1544,31.5157,-90.228,31.574,-90.1033,"The tornado touched down in a wooded area near Trace Road producing mostly tree and minor roof damage to the homes in the area. As it moved to the northeast, the width increased to near 0.25 miles near Ford-Calcote and James Fox Roads producing significant tree damage. As it continued northeast crossing Conley Peavey Road, a carport awning was removed and part of a barn was destroyed, along with more heavy tree damage. As it approached Highway 84, the width decreased to around 1/10 if a mile and the tornado increased in intensity. It was at this time that the tornado was most intense (EF-2) resulting in several mobile homes and travel trailers being lofted and ultimately destroyed. A small business had substantial roof damage with two walls being blown out. An abandoned brick gas station had its roof removed and windows blown out, with the awning support poles bent and awning roof blown away. As the tornado approached Highway 27 northwest of Monticello, more tree damage was noted while it collapsed a patio roof on a house on Friendship Lane just north of Monticello. Minor tree damage occurred along the remainder of the track. Maximum winds were estimated at 120 mph.","A regional severe weather outbreak unfolded during Christmas Day 2012 as a result of an anomalously strong and southward positioned trough axis over the southern plains and lower Mississippi River valley. Very strong cyclonically curved winds in the mid-levels of the atmosphere near 115 mph and a rapidly deepening surface low over Louisiana and Mississippi aided in strong low-level wind shear and destabilization for severe thunderstorm development. Early Christmas morning, a large elevated rain and thunderstorm shield overspread the entire ArkLaMiss region. A warm front pushed north through southern Louisiana and Mississippi through late morning and through the afternoon while a quickly advancing cold front and developing squall line were occurring across portions of Texas and Louisiana. A Particularly Dangerous Situation (PDS) Tornado Watch was issued for all of southern Louisiana and Mississippi late Christmas morning for the expected potency of the rotating thunderstorms. Supercells began to develop ahead of the squall line across southern Louisiana, Mississippi, and Alabama south of the warm front during the afternoon. With such ample wind and speed shear, strong tornadoes developed that afternoon. The most notable tornadoes in NWS Jackson's area were two EF2 tornadoes in Lawrence and southern Forrest counties that destroyed several mobile homes and campers, snapped power poles, and uprooted or snapped hundreds of trees. Luckily, no fatalities occurred in association with the tornadoes. The tornado damage in Forrest County was part of a 61 mile long tornado that began in Pearl River County Mississippi, where EF-3 damage occurred, and ended in western Greene County. Numerous trees were reported down across much of central Mississippi from the advancing squall line and its damaging straight-line winds. Flash flooding also occurred across many areas leading to road closures. The severe weather and cold front finally cleared Mississippi by early Christmas evening.",97
422089,STONE CO.,DEAN GRIFFIN MEM ARP,12/25/2012,1545,Tornado, ,EF2,0,0,0,0,MS,CST-6, ,70290,C,131,MOB,0,0,NWS Storm Survey, ,8.03,100,10,W,5,W,BOND,12/25/2012,1550,30.839,-89.341,30.91,-89.2339,"The tornado moved from northeast Pearl River county into|extreme northwest Stone county causing significant damage to a few|homes on Magnolia Road. It crossed Highway 26...snapping numerous pine|trees in the lake Tac-O-Leen campground. The tornado continued northeast|destroying a manufactured home on Will Lee road and heavily damaging|several frame houses. A manufactured home was also rolled into a frame|house. Emergency Management also reported trees down on Progress Road|before the tornado exited Stone County into Forrest County. This tornado|segment in Stone County is part of a 61 mile long track tornado that|went from central Pearl River County to western Greene County Mississippi.","A powerful storm system moved out of the plains on|Christmas, producing numerous strong storms across southeast|Mississippi, southwest Alabama, and the western Florida panhandle|out ahead of a strong cold front and accompanying squall line. Multiple|tornadoes, some long track, were observed along the central gulf coast|region. A total of eight tornadoes were observed across the NWS Mobile   |county warning area.",98
420570,FORREST CO.,FRUITLAND PARK,12/25/2012,1555,Tornado, ,EF2,0,4,200000,0,MS,CST-6, ,70002,C,35,JAN,0,0,NWS Storm Survey, ,7.28,300,4,WSW,4,E,MAXIE,12/25/2012,1605,30.9067,-89.2375,30.9687,-89.1381,"Numerous soft and hardwood trees were snapped and uprooted. Multiple power poles were snapped. Two double wide mobile homes were completely destroyed, a pickup truck was rolled, and a single-wide mobile home suffered major damage. Large oaks were uprooted and a travel trailer was demolished by a falling tree. Maximum wind speeds were estimated at 130 mph in Forrest County. ||This is the continuation of a longer tornado that started in Pearl River County at 3:10pm. This tornado was at it's strongest in Pearl River County with estimated wind speeds of 140 mph, which is EF-3 strength. The tornado finally ended in Greene County at 4:34pm. The total path length was 60.8 miles.","A regional severe weather outbreak unfolded during Christmas Day 2012 as a result of an anomalously strong and southward positioned trough axis over the southern plains and lower Mississippi River valley. Very strong cyclonically curved winds in the mid-levels of the atmosphere near 115 mph and a rapidly deepening surface low over Louisiana and Mississippi aided in strong low-level wind shear and destabilization for severe thunderstorm development. Early Christmas morning, a large elevated rain and thunderstorm shield overspread the entire ArkLaMiss region. A warm front pushed north through southern Louisiana and Mississippi through late morning and through the afternoon while a quickly advancing cold front and developing squall line were occurring across portions of Texas and Louisiana. A Particularly Dangerous Situation (PDS) Tornado Watch was issued for all of southern Louisiana and Mississippi late Christmas morning for the expected potency of the rotating thunderstorms. Supercells began to develop ahead of the squall line across southern Louisiana, Mississippi, and Alabama south of the warm front during the afternoon. With such ample wind and speed shear, strong tornadoes developed that afternoon. The most notable tornadoes in NWS Jackson's area were two EF2 tornadoes in Lawrence and southern Forrest counties that destroyed several mobile homes and campers, snapped power poles, and uprooted or snapped hundreds of trees. Luckily, no fatalities occurred in association with the tornadoes. The tornado damage in Forrest County was part of a 61 mile long tornado that began in Pearl River County Mississippi, where EF-3 damage occurred, and ended in western Greene County. Numerous trees were reported down across much of central Mississippi from the advancing squall line and its damaging straight-line winds. Flash flooding also occurred across many areas leading to road closures. The severe weather and cold front finally cleared Mississippi by early Christmas evening.",99
422090,PERRY CO.,JANICE,12/25/2012,1605,Tornado, ,EF2,0,0,0,0,MS,CST-6, ,70290,C,111,MOB,0,0,NWS Storm Survey, ,19.97,200,8,WSW,7,SE,BEAUMONT,12/25/2012,1632,30.9687,-89.1381,31.1057,-88.8411,"The tornado entered Perry County crossing the Desoto|National Forest as an EF-1 tornado approximately 100 yards wide.|The tornado increased in strength briefly to EF-2 as it moved across|Highway 29 knocking down electrical transmission lines. The tornado|crossed Lula Cooley road where it destroyed a manufactured home and|hunting camp off Snider Road. The tornado continued northeast as an|EF-1 producing damage to a few homes and widespread damage to trees.|The tornado left Perry County near Mclain. This tornado segment in|Perry County is part of a 61 mile long track tornado that went from|central Pearl River County to western Greene County Mississippi.","A powerful storm system moved out of the plains on|Christmas, producing numerous strong storms across southeast|Mississippi, southwest Alabama, and the western Florida panhandle|out ahead of a strong cold front and accompanying squall line. Multiple|tornadoes, some long track, were observed along the central gulf coast|region. A total of eight tornadoes were observed across the NWS Mobile   |county warning area.",100
420574,JONES CO.,OVETT,12/25/2012,1609,Tornado, ,EF1,0,0,50000,0,MS,CST-6, ,70002,C,67,JAN,0,0,NWS Storm Survey, ,1.21,100,1,ESE,2,E,OVETT,12/25/2012,1611,31.474,-89.028,31.486,-89.013,"Numerous soft and hardwood trees were snapped and uprooted. A single-wide mobile home had partial roof damage. A small barn had the walls collapse. A small out building was blown over. The roof collapsed on a small barn. A family residence had significant roof and siding damage. Maximum winds were estimated at 105 mph.","A regional severe weather outbreak unfolded during Christmas Day 2012 as a result of an anomalously strong and southward positioned trough axis over the southern plains and lower Mississippi River valley. Very strong cyclonically curved winds in the mid-levels of the atmosphere near 115 mph and a rapidly deepening surface low over Louisiana and Mississippi aided in strong low-level wind shear and destabilization for severe thunderstorm development. Early Christmas morning, a large elevated rain and thunderstorm shield overspread the entire ArkLaMiss region. A warm front pushed north through southern Louisiana and Mississippi through late morning and through the afternoon while a quickly advancing cold front and developing squall line were occurring across portions of Texas and Louisiana. A Particularly Dangerous Situation (PDS) Tornado Watch was issued for all of southern Louisiana and Mississippi late Christmas morning for the expected potency of the rotating thunderstorms. Supercells began to develop ahead of the squall line across southern Louisiana, Mississippi, and Alabama south of the warm front during the afternoon. With such ample wind and speed shear, strong tornadoes developed that afternoon. The most notable tornadoes in NWS Jackson's area were two EF2 tornadoes in Lawrence and southern Forrest counties that destroyed several mobile homes and campers, snapped power poles, and uprooted or snapped hundreds of trees. Luckily, no fatalities occurred in association with the tornadoes. The tornado damage in Forrest County was part of a 61 mile long tornado that began in Pearl River County Mississippi, where EF-3 damage occurred, and ended in western Greene County. Numerous trees were reported down across much of central Mississippi from the advancing squall line and its damaging straight-line winds. Flash flooding also occurred across many areas leading to road closures. The severe weather and cold front finally cleared Mississippi by early Christmas evening.",101
422497,CRENSHAW CO.,LUVERNE,12/25/2012,1621,Tornado, ,EF0,0,0,0,0,AL,CST-6, ,70289,C,41,MOB,0,0,NWS Storm Survey, ,0.18,50,0,WNW,0,N,LUVERNE,12/25/2012,1623,31.7206,-86.272,31.7224,-86.2697,"The tornado briefly touched down in a wooded area|just south of Jeffcoat Street...where two hardwood trees were|uprooted. As the tornado crossed Jeffcoat Street...it caused roof|damage to two houses. The tornado continued northeast where it|crossed Franklin Street...causing significant damage to a third|home and snapped two pine trees. The tornado rapidly dissipated|as it moved into an open field.","A powerful storm system moved out of the plains on|Christmas, producing numerous strong storms across southeast|Mississippi, southwest Alabama, and the western Florida panhandle|out ahead of a strong cold front and accompanying squall line. Multiple|tornadoes, some long track, were observed along the central gulf coast|region.",102
422498,CRENSHAW CO.,PATSBURG,12/25/2012,1628,Tornado, ,EF0,0,0,0,0,AL,CST-6, ,70289,C,41,MOB,0,0,NWS Storm Survey, ,0.07,20,1,N,1,N,PATSBURG,12/25/2012,1630,31.7928,-86.2309,31.7937,-86.2303,"The tornado briefly touched down along Live Oak|Road in Patsburg. Near the intersection of Sims Road...a large|pine tree was snapped and car windows were blown out in two|vehicles. Metal roofing was peeled off a small vacant metal|building and a home sustained significant roof damage. Video|and eyewitness accounts confirm the brief touchdown.","A powerful storm system moved out of the plains on|Christmas, producing numerous strong storms across southeast|Mississippi, southwest Alabama, and the western Florida panhandle|out ahead of a strong cold front and accompanying squall line. Multiple|tornadoes, some long track, were observed along the central gulf coast|region.",103
422106,GREENE CO.,MC LAIN,12/25/2012,1632,Tornado, ,EF1,0,0,0,0,MS,CST-6, ,70290,C,41,MOB,0,0,NWS Storm Survey, ,1.39,100,1,SSW,1,ESE,MC LAIN,12/25/2012,1634,31.1057,-88.8411,31.116,-88.821,"The tornado moved through the Mclain area producing|roof damage to an elementary school and a few homes...as well as|snapping several trees. The tornado lifted near the intersection|of Old Mississippi 24 and US Highway 98. This tornado segment in|Greene County is part of a 61 mile long track tornado that went|from central Pearl River County to western Greene County Mississippi.","A powerful storm system moved out of the plains on|Christmas, producing numerous strong storms across southeast|Mississippi, southwest Alabama, and the western Florida panhandle|out ahead of a strong cold front and accompanying squall line. Multiple|tornadoes, some long track, were observed along the central gulf coast|region. A total of eight tornadoes were observed across the NWS Mobile   |county warning area.",104
420577,LAUDERDALE CO.,SAVOY,12/25/2012,1635,Tornado, ,EF0,0,0,55000,0,MS,CST-6, ,70002,C,75,JAN,0,0,NWS Storm Survey, ,2.26,50,5,SE,4,SE,OKATIBBEE,12/25/2012,1637,32.228,-88.715,32.256,-88.695,"The tornado touched down on County Road 356 producing minor roof damage to a couple of homes. As the tornado continued to the northeast, a tin roof was peeled back on a home on MS Highway 145 and a fence was blown over at a residence. The tornado uprooted a few trees along the path. The tornado finally ended near MS Highway 145 and US Highway 45 as it caused minor roof damage to a residence. Maximum winds were estimated at 80 mph.","A regional severe weather outbreak unfolded during Christmas Day 2012 as a result of an anomalously strong and southward positioned trough axis over the southern plains and lower Mississippi River valley. Very strong cyclonically curved winds in the mid-levels of the atmosphere near 115 mph and a rapidly deepening surface low over Louisiana and Mississippi aided in strong low-level wind shear and destabilization for severe thunderstorm development. Early Christmas morning, a large elevated rain and thunderstorm shield overspread the entire ArkLaMiss region. A warm front pushed north through southern Louisiana and Mississippi through late morning and through the afternoon while a quickly advancing cold front and developing squall line were occurring across portions of Texas and Louisiana. A Particularly Dangerous Situation (PDS) Tornado Watch was issued for all of southern Louisiana and Mississippi late Christmas morning for the expected potency of the rotating thunderstorms. Supercells began to develop ahead of the squall line across southern Louisiana, Mississippi, and Alabama south of the warm front during the afternoon. With such ample wind and speed shear, strong tornadoes developed that afternoon. The most notable tornadoes in NWS Jackson's area were two EF2 tornadoes in Lawrence and southern Forrest counties that destroyed several mobile homes and campers, snapped power poles, and uprooted or snapped hundreds of trees. Luckily, no fatalities occurred in association with the tornadoes. The tornado damage in Forrest County was part of a 61 mile long tornado that began in Pearl River County Mississippi, where EF-3 damage occurred, and ended in western Greene County. Numerous trees were reported down across much of central Mississippi from the advancing squall line and its damaging straight-line winds. Flash flooding also occurred across many areas leading to road closures. The severe weather and cold front finally cleared Mississippi by early Christmas evening.",105
422371,CHOCTAW CO.,WEST BUTLER,12/25/2012,1645,Tornado, ,EF2,0,0,0,0,AL,CST-6, ,70289,C,23,MOB,0,0,NWS Storm Survey, ,5.91,880,2,WSW,2,ESE,RIDERWOOD,12/25/2012,1656,32.0573,-88.3536,32.1231,-88.2892,"The tornado touched down along Pineview Road near|the Riderwood community...or approximately 8 miles west southwest|of Butler. The worst damage occurred in this area as three|manufactured homes were completely destroyed...with the debris being|blown several hundred yards away. Several other structures sustained|minor to moderate damage...including one mobile home and one single|family residence. A couple of barns/outbuildings were also almost|completely destroyed. The tornado then moved northeast crossing|Dollywood Road and County Road 24...where extensive tree damage|occurred in the heavily forested area. From there...the tornado|continued northeast crossing Riderwood Drive where numerous trees|were snapped or uprooted. The damage path was at its widest along|Riderwood Drive...approximately one half mile. The damage path then|narrowed and the tornado lifted before reaching Alabama Highway 10.","A powerful storm system moved out of the plains on|Christmas, producing numerous strong storms across southeast|Mississippi, southwest Alabama, and the western Florida panhandle|out ahead of a strong cold front and accompanying squall line. Multiple|tornadoes, some long track, were observed along the central gulf coast|region.",106
422348,MOBILE CO.,MERTZ,12/25/2012,1654,Tornado, ,EF2,0,0,1350000,0,AL,CST-6, ,70289,C,97,MOB,0,0,NWS Storm Survey, ,5.15,200,1,W,1,NE,MAGAZINE,12/25/2012,1705,30.67,-88.09,30.74,-88.06,"The initial tornado touchdown was located near|Dauphin Island Parkway...Duval Street and Halls Mill Road...where it|initially moved northwestward. The tornado continued northward to|near the intersections of Holcomb Avenue...Government Street and|Dauphin Island Parkway where it produced damage consistent with an|EF-1 tornado...damaging several commercial retailers. The tornado|continued northward...damaging homes and producing roof damage to|numerous homes. It then reached Murphy High School...where it|destroyed several out-buildings...blew out windows and produced|significant roof damage to the high school. From here...The tornado|tracked northward to Dauphin Street where it strengthened and widened|to 200 yards producing damage consistent with an EF-2 tornado to|several homes. Also significantly damaged was the Trinity Episcopal|Church on Dauphin Street. The tornado then moved into the Silverwood|Street area where it produced EF-1 damage and sporadic EF-2 damage to|several homes. The tornado next tracked north northeast across the|Mobile Infirmary Hospital ...where it blew out several windows and|damaged several automobiles...as well as flipping one automobile. The|tornado continued tracking northeastward across interstate 165 moving|into the Prichard area where it produced damage to the roofs of|several homes...as well as snapping several trees. The tornado|continued across Telegraph Road where it tossed several large|shipping containers and damaged a warehouse facility before|dissipating on Jakes Lane in Prichard.","A powerful storm system moved out of the plains on|Christmas, producing numerous strong storms across southeast|Mississippi, southwest Alabama, and the western Florida panhandle|out ahead of a strong cold front and accompanying squall line. Multiple|tornadoes, some long track, were observed along the central gulf coast|region.",107
417706,DALE CO.,HIGHWAY 231 PEA RIVER BRIDGE,12/25/2012,1727,Tornado, ,EF0,0,0,0,0,AL,CST-6, ,69604,C,45,TAE,0,0,NWS Storm Survey, ,1.75,50,0,NNW,2,NNE,HIGHWAY 231 PEA RIVER BRIDGE,12/25/2012,1730,31.5943,-85.7819,31.6179,-85.7708,"An EF0 tornado touched down in northwestern Dale county near the Highway 231 Pea River Bridge and traveled northeastward into Pike County.  In Dale county, trees were twisted and partially snapped, but no structural damage occurred.  In Pike county, the tornado strengthened to EF1, but the Dale county portion of this tornado was rated EF0.","A strong upper level trough and cold front moved through the area. There was sufficient instability and shear for a few strong to severe thunderstorms across the area, including a few tornadoes.  However, all of the tornadoes were rated EF0, and the most severe weather remained just west of southeastern Alabama.",108
425333,PIKE CO.,TENNILLE,12/25/2012,1730,Tornado, ,EF1,0,0,0,0,AL,CST-6, ,70615,C,109,BMX,0,0,NWS Storm Survey, ,3.66,300,1,ESE,4,NNE,TENNILLE,12/25/2012,1736,31.618,-85.7709,31.6664,-85.7473,"The tornado touched down in far northern Dale County (See Storm Data Tallahassee) along Highway 231 near the Pea River. The tornado tracked northeastward and crossed County Road (CR) 200 before it entered Pike County. The tornado continued northeastward and produced damage along CR 4425 and CR 4438. The tornado lifted near the intersection of CR 4427 north of CR 4421. Numerous trees were either snapped off or were uprooted along the damage path. The most significant damage occurred along CR 4425 where 2 homes sustained roof damage and 2 chicken houses were damaged. Also along CR 4438, a barn lost its roof with the tin being thrown over one half mile and hardwood trees were snapped and uprooted. The total tornado path length was 5.36 miles and was 300 yards wide at its widest point. The tornado first touched down at 527 pm CST.","Late Christmas Eve, a well amplified upper level trough dug into the southern Plains.  In response, a surface low developed Christmas morning over southern Texas.  As the upper low deepened and tilted negatively, the surface low strengthened as it moved eastward. By Christmas afternoon, a swath of severe weather swept across the Deep South, with discrete supercells and a broken line of thunderstorms in trail.  These thunderstorms moved across central Alabama during the evening hours, bringing with them strong straight line winds, numerous tornadoes, as well as flooding.",109
425334,MARENGO CO.,SPOCARI,12/25/2012,1750,Tornado, ,EF1,0,0,0,0,AL,CST-6, ,70615,C,91,BMX,0,0,NWS Storm Survey, ,5.89,500,3,S,2,ENE,ALFALFA,12/25/2012,1759,32.4762,-87.8228,32.514,-87.7324,"The EF-1 tornado touched down west of US Hwy 43 near Marengo Farms Road. The tornado tracked northeastward across US Highway 43 where it caused minor tree damage in Memorial Gardens Cemetery, Old Springhill Road and Reed Drive. The tornado continued northeastward and produced damage along Sunset Road where the strongest winds occurred. This is where 2 mobile homes were completely destroyed and multiple others sustained minor to moderate damage. Also one church on US Hwy 80 had partial roof damage. The tornado then crossed US Hwy 80 and lifted just before crossing into Hale County. Hundreds of trees were either snapped off or were uprooted along the path.","Late Christmas Eve, a well amplified upper level trough dug into the southern Plains.  In response, a surface low developed Christmas morning over southern Texas.  As the upper low deepened and tilted negatively, the surface low strengthened as it moved eastward. By Christmas afternoon, a swath of severe weather swept across the Deep South, with discrete supercells and a broken line of thunderstorms in trail.  These thunderstorms moved across central Alabama during the evening hours, bringing with them strong straight line winds, numerous tornadoes, as well as flooding.",110
422370,WASHINGTON CO.,DEER PARK,12/25/2012,1753,Tornado, ,EF1,0,0,0,0,AL,CST-6, ,70289,C,129,MOB,0,0,NWS Storm Survey, ,2.18,110,2,S,2,ESE,DEER PARK,12/25/2012,1801,31.1929,-88.3217,31.2098,-88.2905,"The tornado touched down two miles south southwest of|Deer Park. The tornado widened to 110 yards as it passed just south|of a few houses. Numerous trees were snapped or uprooted at the|widest point. The tornado continued to highway 45 and dissipated.","A powerful storm system moved out of the plains on|Christmas, producing numerous strong storms across southeast|Mississippi, southwest Alabama, and the western Florida panhandle|out ahead of a strong cold front and accompanying squall line. Multiple|tornadoes, some long track, were observed along the central gulf coast|region.",111
422499,CLARKE CO.,WINN,12/25/2012,1800,Tornado, ,EF2,0,0,0,0,AL,CST-6, ,70289,C,25,MOB,0,0,NWS Storm Survey, ,24.84,150,4,SE,5,N,CHANCE,12/25/2012,1840,31.618,-87.8672,31.8283,-87.5244,"The tornado touched down on Todd Town Road|seven miles north of Jackson. It then moved northeast where|it destroyed a farm out building then crossed Highway 43|approximately six miles southwest of Grove Hill. After it|crossed...the tornado was at its widest and caused extensive|damage to farm equipment...including a destroyed grain bin.|Many large trees were uprooted in this area with minor structural|damage to several homes as well. It continued northeast uprooting|large trees as it crossed Highway 84...two miles southeast of|Grove Hill. The tornado then weakened as the thunderstorm core|collapsed...causing a microburst which resulted in a half mile|wide damage swath on Nettlesboro Road...13 miles northeast of|Grove Hill. The tornado then reformed before exiting northeast|Clarke County...moving into southwest Wilcox County. The tornado|uprooted trees along the way before dissipating 12 miles|southwest of Camden.","A powerful storm system moved out of the plains on|Christmas, producing numerous strong storms across southeast|Mississippi, southwest Alabama, and the western Florida panhandle|out ahead of a strong cold front and accompanying squall line. Multiple|tornadoes, some long track, were observed along the central gulf coast|region.",112
417688,COFFEE CO.,DAMASCUS,12/25/2012,1805,Tornado, ,EF0,0,0,5000,0,AL,CST-6, ,69604,C,31,TAE,0,0,Emergency Manager, ,13.87,25,3,NNE,1,E,VICTORIA,12/25/2012,1833,31.3537,-85.9817,31.54,-85.894,"An intermittent damage path was evident beginning near the Wooten Chapel around the intersection of County Roads 523 and 514 and ending in the vicinity of County Road 134.  Along this path, trees were blown down and a barn and outbuilding were damaged.  Damage was consistent with an EF0 tornado.  Monetary damage was estimated.","A strong upper level trough and cold front moved through the area. There was sufficient instability and shear for a few strong to severe thunderstorms across the area, including a few tornadoes.  However, all of the tornadoes were rated EF0, and the most severe weather remained just west of southeastern Alabama.",113
423987,JEFFERSON PAR.,TERRYTOWN,12/25/2012,1820,Tornado, ,EF0,0,0,10000,0,LA,CST-6, ,70610,C,51,LIX,0,0,NWS Storm Survey, ,0.8,25,2,WSW,2,WSW,TERRYTOWN,12/25/2012,1820,29.8751,-90.0979,29.8751,-90.0979,"A weak tornado touched down in Marrero near the intersection of Barataria and LaPalco Blvd. A gas station sign was blown over and minor damage was done to a fast food restraunt drive-through canopy.","A strong low pressure system moving across the middle Mississippi River Valley drove a strong cold front through the area. A squall line developed ahead of the cold front with isolated supercells ahead of the squall line. Multiple reports of severe weather were received.",114
430812,WILCOX CO.,LOWER PEACH TREE,12/25/2012,1836,Tornado, ,EF1,0,0,0,0,AL,CST-6, ,70289,C,131,MOB,0,0,NWS Storm Survey, ,5.01,80,2,E,1,SSW,COY,12/25/2012,1840,31.8283,-87.5244,31.8868,-87.4739,"The tornado moved northeast out of the Dickinson area of Clarke county, crossing the Wilcox county line a few miles southeast of County Road 1, snapping numerous pine trees along an 80 yard wide path.  The tornado lifted just south of the railroad tracks west of the Coy community.","A powerful storm system moved out of the plains on|Christmas, producing numerous strong storms across southeast|Mississippi, southwest Alabama, and the western Florida panhandle|out ahead of a strong cold front and accompanying squall line. Multiple|tornadoes, some long track, were observed along the central gulf coast|region.",115
422369,MOBILE CO.,PIERCIE,12/25/2012,1922,Tornado, ,EF1,0,0,0,0,AL,CST-6, ,70289,C,97,MOB,0,0,NWS Storm Survey, ,6.65,100,4,NW,3,ENE,WILMER,12/25/2012,1927,30.7937,-88.4133,30.8293,-88.3091,"Tornado touched down at the intersection of Findley|Road and Natchez Highway where it flipped over a tractor trailer|semi rig...produced minor damage to one manufactured home...destroyed|a second manufactured home...and damaged the roof of a frame house.|The tornado continued northeast passing just southeast of Wilmer...|damaging a nursery with several destroyed greenhouses...and snapping|several trees before crossing Highway 98. The tornado lifted just east|of Glenwood Road.","A powerful storm system moved out of the plains on|Christmas, producing numerous strong storms across southeast|Mississippi, southwest Alabama, and the western Florida panhandle|out ahead of a strong cold front and accompanying squall line. Multiple|tornadoes, some long track, were observed along the central gulf coast|region.",116
425349,LOWNDES CO.,BRAGGS,12/25/2012,2009,Tornado, ,EF1,0,0,0,0,AL,CST-6, ,70615,C,85,BMX,0,0,NWS Storm Survey, ,2.03,300,2,W,1,N,BRAGGS,12/25/2012,2010,32.0513,-86.8505,32.0661,-86.8205,"An EF-1 tornado touched down just inside the county line on Farmersville Road causing minimal tree damage, then continued east- northeast causing additional tree damage on County Road 7. The tornado lifted just to the east of CR 7.","Late Christmas Eve, a well amplified upper level trough dug into the southern Plains.  In response, a surface low developed Christmas morning over southern Texas.  As the upper low deepened and tilted negatively, the surface low strengthened as it moved eastward. By Christmas afternoon, a swath of severe weather swept across the Deep South, with discrete supercells and a broken line of thunderstorms in trail.  These thunderstorms moved across central Alabama during the evening hours, bringing with them strong straight line winds, numerous tornadoes, as well as flooding.",117
425351,LOWNDES CO.,BEECHWOOD,12/25/2012,2026,Tornado, ,EF0,0,0,0,0,AL,CST-6, ,70615,C,85,BMX,0,0,NWS Storm Survey, ,0.62,75,2,NNW,3,N,BEECHWOOD,12/25/2012,2027,32.1521,-86.6818,32.1574,-86.6733,"This brief EF-0 touchdown occurred in the Mosses community. Several homes had minor shingle damage, siding was peeled from the side of the elementary school, and one rotten hardwood was snapped. The tornado lifted just east of Mason Dr.","Late Christmas Eve, a well amplified upper level trough dug into the southern Plains.  In response, a surface low developed Christmas morning over southern Texas.  As the upper low deepened and tilted negatively, the surface low strengthened as it moved eastward. By Christmas afternoon, a swath of severe weather swept across the Deep South, with discrete supercells and a broken line of thunderstorms in trail.  These thunderstorms moved across central Alabama during the evening hours, bringing with them strong straight line winds, numerous tornadoes, as well as flooding.",118
425352,LOWNDES CO.,HAYNEVILLE,12/25/2012,2032,Tornado, ,EF2,0,0,0,0,AL,CST-6, ,70615,C,85,BMX,0,0,NWS Storm Survey, ,9.55,900,2,N,1,SSW,MANACK,12/25/2012,2046,32.2043,-86.6041,32.3133,-86.5115,"The EF-2 tornado touched down on Highway 97 between Hayneville and Lowndesboro. Hundreds of trees were snapped or uprooted in a half-mile wide swath across Highway 97. The tornado continued to the northeast and intensified as it moved over mainly pastureland. Just south of Highway 80, the tornado struck a farm, significantly damaging a large, well-constructed cattle barn. A second large metal cattle barn was mostly destroyed as well. Numerous power poles were snapped or downed along Highway 80. A heavy-duty dumpster was lofted and thrown approximately 250 yards across Highway 80. Tin roofing material and other debris was lofted and blown over one-quarter mile. The tornado continued across Highway 80, damaging multiple homes along Lake Berry Road. One home had the roof largely removed resulting in the cement block foundation cracking. Three to five additional homes had minor roof damage. The tornado continued northeastward toward the old GE Plastics Plant where it mowed down numerous trees and flipped several empty semi���trailers onto their sides. The tornado lifted just north of the Gate 1 entrance to the plant and east of County Road 37.","Late Christmas Eve, a well amplified upper level trough dug into the southern Plains.  In response, a surface low developed Christmas morning over southern Texas.  As the upper low deepened and tilted negatively, the surface low strengthened as it moved eastward. By Christmas afternoon, a swath of severe weather swept across the Deep South, with discrete supercells and a broken line of thunderstorms in trail.  These thunderstorms moved across central Alabama during the evening hours, bringing with them strong straight line winds, numerous tornadoes, as well as flooding.",119
425358,PIKE CO.,GOSHEN,12/25/2012,2224,Tornado, ,EF2,0,2,0,0,AL,CST-6, ,70615,C,109,BMX,0,0,NWS Storm Survey, ,15.7,600,2,WNW,1,SSW,NEEDMORE,12/25/2012,2240,31.7252,-86.1472,31.8844,-85.9565,"An EF-2 tornado touched down just inside the county line on Brantley Road near an open field causing only minor tree damage. It traveled northeast to County Road (CR) 2219, where it caused significant damage to 2 chicken barns, a home and a small barn before crossing CR 2201. As it continued to the northeast, the tornado traveled parallel to the Conecuh River on CR 2214 for more than two miles, causing widespread damage with hundreds of trees snapped or uprooted and damaging several homes. As it passed CR 11, a single-wide manufactured home had its anchors ripped out of the ground and rolled 75 yards into a wooded area, while leaving the wooden post porch intact. The home fell apart as it rolled, leaving a trail of debris that lead into the woods, where the frame split in two and was wrapped around the trees. Two occupants were injured and required medical attention. The tornado continued over mainly fields and wooded areas, crossing Hwy 29 just west of CR 1165. The tornado crossed the Conecuh River and intensified as it approached the River Ridge Subdivision on CR 1101. Numerous large tall trees were uprooted, scores of pines were snapped, and a portion of the wall of a brick home collapsed causing major damage. From there, it continued northeast to the Brantley Woods Motor Home Park just north of CR 1148 on the west side of US Hwy 231, between the Troy Airport and the Conecuh River. A large swath of softwood trees were mowed down about 20 feet off the ground, and 3 single-wide manufactured homes were destroyed. One of the homes had its anchors ripped out of the ground and begin to roll, but because the park was heavily wooded, it was stopped from tumbling over onto and crushing the next home. From there, the tornado continued over marshy low lands and forested areas for another 3 miles before lifting at CR 103 north of Needmore Road.","Late Christmas Eve, a well amplified upper level trough dug into the southern Plains.  In response, a surface low developed Christmas morning over southern Texas.  As the upper low deepened and tilted negatively, the surface low strengthened as it moved eastward. By Christmas afternoon, a swath of severe weather swept across the Deep South, with discrete supercells and a broken line of thunderstorms in trail.  These thunderstorms moved across central Alabama during the evening hours, bringing with them strong straight line winds, numerous tornadoes, as well as flooding.",120
425359,MONTGOMERY CO.,WAUGH,12/25/2012,2229,Tornado, ,EF1,0,0,0,0,AL,CST-6, ,70615,C,101,BMX,0,0,NWS Storm Survey, ,0.72,100,1,SSE,1,SE,WAUGH,12/25/2012,2230,32.3527,-86.0452,32.3628,-86.0422,"An EF-1 tornado touched down along County Road 107 (Marler Road) where it caused some minor shingle damage to a single-family residence. The tornado continued north-northeast and crossed Avenue of the Oaks before lifting at the end of Dellsena Lane. Approximately fifty trees were either snapped or uprooted along the path.","Late Christmas Eve, a well amplified upper level trough dug into the southern Plains.  In response, a surface low developed Christmas morning over southern Texas.  As the upper low deepened and tilted negatively, the surface low strengthened as it moved eastward. By Christmas afternoon, a swath of severe weather swept across the Deep South, with discrete supercells and a broken line of thunderstorms in trail.  These thunderstorms moved across central Alabama during the evening hours, bringing with them strong straight line winds, numerous tornadoes, as well as flooding.",121
421430,CARTERET CO.,CORE CREEK,12/26/2012,1458,Tornado, ,EF1,0,0,10000,0,NC,EST-5, ,70169,C,31,MHX,0,0,NWS Storm Survey, ,0.91,100,2,SSE,1,SSE,CORE CREEK,12/26/2012,1500,34.79,-76.67,34.803,-76.667,"National Weather Service storm survey found and EF1 tornado with winds estimated at 90 mph touched down north of Beaufort. The tornado was estimated to be about 100 yards wide and was on the ground for about three quarters of a mile. The tornado first touched down near the intersection of Tuttles Grove road and Madison Bay Drive then produce intermittent damage as it lifted rapidly northeast and lifted near Highway 101. Several trees were blow down and a couple homes had window and minor roof damage. There were no injuries.","A warm front lifted north through eastern North Carolina during the morning hours of December 26th 2012, with weak instability developing along the coast. Scattered thunderstorms lifted northeast along the coast during the afternoon. One of the storms produce severe winds and a tornado across Carteret County.",122
