EVENT_ID,CZ_NAME_STR,BEGIN_LOCATION,BEGIN_DATE,BEGIN_TIME,EVENT_TYPE,MAGNITUDE,TOR_F_SCALE,DEATHS_DIRECT,INJURIES_DIRECT,DAMAGE_PROPERTY_NUM,DAMAGE_CROPS_NUM,STATE_ABBR,CZ_TIMEZONE,MAGNITUDE_TYPE,EPISODE_ID,CZ_TYPE,CZ_FIPS,WFO,INJURIES_INDIRECT,DEATHS_INDIRECT,SOURCE,FLOOD_CAUSE,TOR_LENGTH,TOR_WIDTH,BEGIN_RANGE,BEGIN_AZIMUTH,END_RANGE,END_AZIMUTH,END_LOCATION,END_DATE,END_TIME,BEGIN_LAT,BEGIN_LON,END_LAT,END_LON,EVENT_NARRATIVE,EPISODE_NARRATIVE,ABSOLUTE_ROWNUMBER
865220,LAKE CO.,OKAHUMPKA,01/04/2020,1029,Tornado, ,EF0,0,1,0,0,FL,EST-5, ,144137,C,69,MLB,0,0,NWS Storm Survey, ,2.38,175,3,WSW,1,NW,OKAHUMPKA,01/04/2020,1031,28.7399,-81.9234,28.7589,-81.8907,"National Weather Service staff conducted a damage survey and confirmed an EF-0 tornado occurred in Okahumpka on January 4, 2020. Peak winds were estimated between 65 and 75 mph, along a discontinuous path of 2.38 miles, with a maximum width of 175 yards. The tornado generally moved northeast beginning just west of the Florida Turnpike near mile marker 295, crossing mostly wooded areas, Debbie Road, and the western side of the Holiday RV Village before dissipating. Damage estimates indicate significant roof damage to 3 to 5 mobile homes, one large oak tree was toppled, and numerous large branches of weak/old trees were downed. One resident received minor injuries when a tree branch came through the roof of his manufactured home at the RV Village. The individual self-transported to the hospital for treatment of a minor cut to his head.","A severe thunderstorm moving across central Florida produced two tornadoes, one in Okahumpka in Lake County, then another in DeLand in Volusia County.",1
865221,VOLUSIA CO.,BERESFORD,01/04/2020,1126,Tornado, ,EF1,0,0,25000,0,FL,EST-5, ,144137,C,127,MLB,0,0,NWS Storm Survey, ,4.39,265,1,W,1,ESE,DE LAND,01/04/2020,1130,29.0023,-81.3514,29.0264,-81.2841,"National Weather Service staff conducted a damage survey and confirmed a EF-1 tornado in occurred in DeLand on January 4, 2020. Peak winds were estimated between 90 and 100 mph, along a 4.39 mile long path, with a maximum width of 265 yards. A DeLand resident on a large paddleboat on Lake Beresford observed the waterspout/tornado touching down just southwest of his location on the lake. The tornado moved onshore causing tree damage to a nearby property near South Beresford Road. The tornado continued generally northeast clipping the southern side of Woodward Avenue Elementary School, crossing multiple streets, subdivisions, a large park, a nursing home, and dissipated near the intersection of Colorado Avenue and New York Avenue. Damage estimates indicate several large trees toppled, numerous large branches downed, two homes experienced major roof damage, significant roof damage to the Veterans of Foreign Wars (VFW) building, structural damage at Melching Field and Earl Brown Park, 8-10 power poles snapped at the base, and 10 additional structures received lesser, minor-moderate damage. City of DeLand officials estimate the damage in the city to be around $25,000.","A severe thunderstorm moving across central Florida produced two tornadoes, one in Okahumpka in Lake County, then another in DeLand in Volusia County.",2
874056,LINCOLN CO.,PRAGUE,01/10/2020,1034,Tornado, ,EF0,0,0,25000,0,OK,CST-6, ,144688,C,81,OUN,0,0,NWS Storm Survey, ,1.3,10,0,SW,1,NNE,PRAGUE,01/10/2020,1037,35.4864,-96.6952,35.5013,-96.6814,"A small tornado developed on the west side of Prague, just south of US Highway 62 and about one-half mile west of US Highway 377. The tornado moved northeast across the west and north sides of Prague with the last damage observed just east of US-377 on the north edge of Prague. Surveillance video at the city library near the beginning of the path showed debris with a strong east wind that quickly became a west wind as the tornado passed by. A few homes received roof damage and a few sheds and other outbuildings were destroyed.","A strong storm system brought an unseasonably warm and moist airmass into the area. Multiple reports of severe hail and flooding were received along with a tornado on the 10th.",3
874086,MAYES CO.,MURPHY,01/10/2020,1155,Tornado, ,EFU,0,0,0,0,OK,CST-6, ,143960,C,97,TSA,0,0,Storm Chaser, ,1,50,5,SE,5,ESE,MURPHY,01/10/2020,1156,36.0991,-95.1771,36.1163,-95.1659,"Storm chasers positioned in two different locations observed a brief tornado. The area where the tornado occurred was inaccessible by road, thus there was no known damage.","A strong storm system and associated cold front moved into the Southern Plains on the 10th. Unseasonably warm and moist air spread northward from the Gulf of Mexico ahead of this system, resulting in weak to moderate instability developing across eastern Oklahoma and northwest Arkansas. This instability, combined with very strong wind fields and wind shear, resulted in organized severe thunderstorms. The strongest storms produced large hail up to golfball size, damaging wind, a tornado, and flash flooding.",4
872580,CEDAR CO.,MASTERS,01/10/2020,1427,Tornado, ,EF1,0,0,0,0,MO,CST-6, ,144632,C,39,SGF,0,0,NWS Storm Survey, ,0.45,50,3,E,3,ENE,MASTERS,01/10/2020,1428,37.6057,-93.6194,37.611,-93.6147,"A National Weather Service survey determined that an EF1 tornado touched down to the southwest of Fair Play in Cedar County and tracked to the northeast for a total of 8.8 miles, lifting west of Dunnegan in Polk County with maximum winds of 110 mph. The tornado caused tree damage as it tracked for a half mile northeast across extreme eastern Cedar County before crossing into Polk County along South 10th Road.  The tornado path then continued into Polk County.","During the afternoon and evening of the 10th, strong to severe thunderstorms developed ahead of a cold front over eastern Oklahoma and southeast Kansas before spreading northeast into the Missouri Ozarks through the early morning of the 11th. Several tornadoes rated as EF-0 and EF-1 occurred near the towns of Strafford, Fair Play and Cross Timbers, and hail up to the size of golf balls occurred on the east side of Springfield. Widespread rainfall amounts of two to four inches led to flooding and closures of numerous county roads and state highways. Several swift water rescues were performed and unfortunately there was one flood-related fatality near Conway in Laclede County, when a 53-year old woman attempted to drive across a flooded low water crossing.",5
872581,POLK CO.,FAIR PLAY,01/10/2020,1428,Tornado, ,EF1,0,0,500000,0,MO,CST-6, ,144632,C,167,SGF,0,0,Emergency Manager, ,8.25,50,2,SW,2,W,CLIQUOT,01/10/2020,1441,37.611,-93.6147,37.7037,-93.5194,"A National Weather Service survey determined that an EF1 tornado touched down to the southwest of Fair Play in Cedar County and tracked to the northeast for a total of 8.8 miles, lifting west of Dunnegan in Polk County with maximum winds of 110 mph. Shortly after touchdown and downing trees in Cedar County, the tornado completely destroyed a manufactured home as it crossed the county line at South 10th Road into Polk County. The tornado then continued tracking to the northeast. It passed just to the west and northwest of Fair Play before crossing Highway 123. The tornado lifted just to the west of Highway 13 and to the north of East 380th Road in Polk County. Along the path of the tornado there were several trees uprooted or snapped, damage to a few homes, and several outbuildings destroyed. The tornado produced EF1 damage with maximum winds up to 110 mph and a max width of 50 yards. The tornado was on the ground for 14 minutes along an 8.8 mile path.","During the afternoon and evening of the 10th, strong to severe thunderstorms developed ahead of a cold front over eastern Oklahoma and southeast Kansas before spreading northeast into the Missouri Ozarks through the early morning of the 11th. Several tornadoes rated as EF-0 and EF-1 occurred near the towns of Strafford, Fair Play and Cross Timbers, and hail up to the size of golf balls occurred on the east side of Springfield. Widespread rainfall amounts of two to four inches led to flooding and closures of numerous county roads and state highways. Several swift water rescues were performed and unfortunately there was one flood-related fatality near Conway in Laclede County, when a 53-year old woman attempted to drive across a flooded low water crossing.",6
873054,WISE CO.,BOYD,01/10/2020,1446,Tornado, ,EF0,0,0,10000,0,TX,CST-6, ,145409,C,497,FWD,0,0,NWS Storm Survey, ,0.4,75,4,WNW,3,SSE,PARADISE,01/10/2020,1447,33.0971,-97.6375,33.1023,-97.6343,"A severe thunderstorm moved quickly over southern Wise County during the mid-afternoon hours on Friday, January 10th.  This thunderstorm spawned a tornado approximately 4.3 miles WNW of Boyd, just off of County Road 4598.  This tornado destroyed a barn and deposited the debris in a path roughly a quarter mile downstream from the barn's location.  Some light damage to a nearby gas well, and some isolated large tree limbs damage also occurred. The tornado was on the ground for approximately 1 minute before dissipating.  This tornado was rated an EF-0 with maximum winds of 80 mph.","A deep upper level trough and a humid and unstable environment resulted in an early severe weather event across North and Central Texas. Severe storms developed in the afternoon hours to the northwest and north of the DFW Metroplex. These storms eventually developed into an expanding squall line. A total of 5 tornadoes occurred with this event along with some damaging wind and smaller-sized hail.",7
867121,CHEROKEE CO.,PETTIT,01/10/2020,1449,Tornado, ,EF1,0,0,50000,0,OK,CST-6, ,143960,C,21,TSA,0,0,NWS Storm Survey, ,5.8,250,3,WNW,2,S,PARK HILL,01/10/2020,1457,35.7796,-95.0229,35.8369,-94.948,"This tornado damaged the roof of a permanent home and the roofs of two mobile homes, uprooted a number of trees, and damaged outbuildings. Based on this damage, maximum estimated wind in the tornado was 90 to 100 mph.","A strong storm system and associated cold front moved into the Southern Plains on the 10th. Unseasonably warm and moist air spread northward from the Gulf of Mexico ahead of this system, resulting in weak to moderate instability developing across eastern Oklahoma and northwest Arkansas. This instability, combined with very strong wind fields and wind shear, resulted in organized severe thunderstorms. The strongest storms produced large hail up to golfball size, damaging wind, a tornado, and flash flooding.",8
872585,HICKORY CO.,JORDAN,01/10/2020,1520,Tornado, ,EF1,0,0,45000,0,MO,CST-6, ,144632,C,85,SGF,0,0,NWS Storm Survey, ,1.57,100,3,SW,1,WSW,JORDAN,01/10/2020,1523,38.0057,-93.1863,38.0222,-93.1664,"A National Weather Service Survey determined that an EF-1 tornado touched down a few miles southeast of Cross Timbers on Highway CC and tracked for a mile and a half to the northeast before quickly lifting. Along the path of the tornado there were numerous trees snapped or uprooted, minor roof damage to two homes, and an outbuilding completely destroyed. The tornado produced EF1 damage with maximum winds up to 100 mph and a max width of 100 yards. The tornado was on the ground for 3 minutes along a 1.6 mile path.","During the afternoon and evening of the 10th, strong to severe thunderstorms developed ahead of a cold front over eastern Oklahoma and southeast Kansas before spreading northeast into the Missouri Ozarks through the early morning of the 11th. Several tornadoes rated as EF-0 and EF-1 occurred near the towns of Strafford, Fair Play and Cross Timbers, and hail up to the size of golf balls occurred on the east side of Springfield. Widespread rainfall amounts of two to four inches led to flooding and closures of numerous county roads and state highways. Several swift water rescues were performed and unfortunately there was one flood-related fatality near Conway in Laclede County, when a 53-year old woman attempted to drive across a flooded low water crossing.",9
873066,JOHNSON CO.,GODLEY,01/10/2020,1741,Tornado, ,EF1,0,0,20000,0,TX,CST-6, ,145409,C,251,FWD,0,0,Emergency Manager, ,1.05,250,5,NE,4,NW,JOSHUA ARPT,01/10/2020,1747,32.4886,-97.4673,32.4934,-97.4502,"The tornado began at approximately 5:41 PM CST in an open field west of CR-913A and damaged several homes and buildings near Piester and CR-913A. A barn was flipped and came to rest on the side of a house. Several homes in the area had damaged roofs and/or collapsed attached awnings. A large horse trailer was moved and an 18 wheeler trailer was overturned. A small 5 ft by 6 ft storage shed was damaged as well as 4 power poles leaning 10-15 degrees. Just northeast of this area, several homes near the end of Dove Meadow Lane sustained minor damage. Shingles were removed from homes and sheds were damaged. The tornado dissipated before reaching FM 1014. This tornado was rated an EF-1 with maximum winds of 90 mph.","A deep upper level trough and a humid and unstable environment resulted in an early severe weather event across North and Central Texas. Severe storms developed in the afternoon hours to the northwest and north of the DFW Metroplex. These storms eventually developed into an expanding squall line. A total of 5 tornadoes occurred with this event along with some damaging wind and smaller-sized hail.",10
872588,GREENE CO.,SGF DOWNTOWN ARPT,01/10/2020,1742,Tornado, ,EF0,0,0,400000,0,MO,CST-6, ,144632,C,77,SGF,0,0,NWS Storm Survey, ,6.98,75,2,ESE,0,NE,STRAFFORD GRN CO ARP,01/10/2020,1753,37.2091,-93.2016,37.283,-93.115,"A National Weather Service Survey determined that an EF-1 tornado touched down  east of Highway 65 on East Mill Street, just east of Springfield. The tornado tracked to the northeast crossing East Division Street. As the tornado approached Interstate 44, damage was sustained to an automobile service building. The service building lost a couple of overhead doors and two box trucks were overturned. Damage to the roof was also sustained. As it crossed Interstate 44 into Strafford, there was damage to several homes. The damage included a significant loss of roof covering material, damage to gutters, and collapse of garage doors inward. Numerous trees were snapped or uprooted along the path. The tornado lifted just before Highway 125 near East Farm Road 84. The tornado produced EF1 damage with maximum winds up to 98 mph and a max width of 75 yards. The tornado was on the ground for 11 minutes along a 7 mile path.","During the afternoon and evening of the 10th, strong to severe thunderstorms developed ahead of a cold front over eastern Oklahoma and southeast Kansas before spreading northeast into the Missouri Ozarks through the early morning of the 11th. Several tornadoes rated as EF-0 and EF-1 occurred near the towns of Strafford, Fair Play and Cross Timbers, and hail up to the size of golf balls occurred on the east side of Springfield. Widespread rainfall amounts of two to four inches led to flooding and closures of numerous county roads and state highways. Several swift water rescues were performed and unfortunately there was one flood-related fatality near Conway in Laclede County, when a 53-year old woman attempted to drive across a flooded low water crossing.",11
873070,DELTA CO.,COOPER,01/10/2020,1815,Tornado, ,EF0,0,0,20000,0,TX,CST-6, ,145409,C,119,FWD,0,0,NWS Storm Survey, ,0.45,150,1,W,1,WNW,COOPER,01/10/2020,1817,33.3727,-95.7016,33.3776,-95.6965,"A small supercell thunderstorm moved northeast into Delta County, Texas, spawning a brief tornado on the west side of the City of Cooper. The tornado formed about two blocks south of West Dallas Avenue in west Cooper, destroying a small outbuilding and causing minor roof and tree damage. The tornado moved northeast, crossing Dallas Avenue and pulling the roof and an exterior cinder block wall off of a small commercial building. Exterior siding damage also occurred to a two-story apartment complex nearby. The tornado continued toward the northeast, seriously damaging a large sheet metal cotton gin building. Minor tree and structural damage continued for approximately another 200 yards before the tornado dissipated south of State Highway 24. This tornado was rated an EF-0 with maximum winds of 85 mph.","A deep upper level trough and a humid and unstable environment resulted in an early severe weather event across North and Central Texas. Severe storms developed in the afternoon hours to the northwest and north of the DFW Metroplex. These storms eventually developed into an expanding squall line. A total of 5 tornadoes occurred with this event along with some damaging wind and smaller-sized hail.",12
873061,DELTA CO.,ENLOE,01/10/2020,1822,Tornado, ,EF0,0,0,5000,0,TX,CST-6, ,145409,C,119,FWD,0,0,NWS Storm Survey, ,0.14,100,1,ESE,1,ESE,ENLOE,01/10/2020,1823,33.4254,-95.6532,33.4265,-95.6513,"The same supercell that produced the earlier Cooper tornado moved northeast about 4 miles and spawned a second very brief tornado near Enloe, in northern Delta County. The tornado touched down in an open field just southeast of Enloe, destroying a couple of small outbuildings and scattering the debris downwind a few hundred yards. The debris pattern exhibited a subtle cyclonic orientation, implying a brief, weak tornado. The tornado was rated an EF-0 with maximum winds of 75 mph.","A deep upper level trough and a humid and unstable environment resulted in an early severe weather event across North and Central Texas. Severe storms developed in the afternoon hours to the northwest and north of the DFW Metroplex. These storms eventually developed into an expanding squall line. A total of 5 tornadoes occurred with this event along with some damaging wind and smaller-sized hail.",13
873085,DALLAS CO.,GRIBBLE,01/10/2020,1842,Tornado, ,EF0,0,0,15000,0,TX,CST-6, ,145409,C,113,FWD,0,0,NWS Storm Survey, ,1.1,175,3,NW,3,WSW,FARMERS BRANCH,01/10/2020,1844,32.9067,-96.9645,32.9161,-96.9492,"A tornado formed along the eastern edge of the Hackberry Creek neighborhood, near the intersection of Kinwest Parkway and Parkridge Boulevard. Minor roof and tree damage was observed in this area. The tornado moved quickly toward the northeast, producing roof damage to a grocery store and nearby trees, lightpoles, and commercial signage near the intersection of North MacArthur Boulevard and Las Colinas Boulevard. Continuing northeast, exterior wall damage occurred at a nearby hotel, and window and roofing damage impacted two restaurants fronting Interstate 635. The tornado crossed the Interstate and produced minor tree and roof damage before dissipating near Ranchview Drive. This tornado was rated an EF-0 with maximum winds of 75 mph.","A deep upper level trough and a humid and unstable environment resulted in an early severe weather event across North and Central Texas. Severe storms developed in the afternoon hours to the northwest and north of the DFW Metroplex. These storms eventually developed into an expanding squall line. A total of 5 tornadoes occurred with this event along with some damaging wind and smaller-sized hail.",14
873186,LOGAN CO.,CORLEY,01/10/2020,1944,Tornado, ,EF2,0,0,500000,0,AR,CST-6, ,145119,C,83,LZK,0,0,NWS Storm Survey, ,13.6,250,3,E,1,NE,DUBLIN,01/10/2020,2002,35.2151,-93.5999,35.3784,-93.4622,"The tornado touched down east of Cove Lake off of Mt. Salem Road where a barn was destroyed. It continued northeast damaging a mobile home along St. Louis Valley Road. After crossing Arkansas Hwy. 109 just west of Midway, the tornado destroyed a mobile home off of Old Military Rd. As it crossed Hwy. 109 again south of Prairie View, chicken houses were destroyed. Homes lost large sections of their roofs along Parks Rd. southeast of Prairie View, but most of their walls remained. Additional outbuildings and chicken houses were damaged or destroyed east of Scranton. Several trees and power lines were  blown down along the path. The tornado lifted just north of the Tokalon community.","The month started off with a bang on the 10th. It felt like spring in Arkansas, with high temperatures in the 60s to lower 70s. As the day began, a powerful storm system was looming to the west in New Mexico. Moisture levels were on the rise ahead of the system. It was a perfect setup for severe weather and flash flooding.||By late afternoon and into the overnight hours/early on the 11th, a massive damaging wind episode unfolded. Wind gusts from 60 to 90 mph pounded parts of the state. Trees and/or power lines were downed at Yellville (Marion County), Henderson (Baxter County), Elizabeth (Fulton County), Melbourne (Izard County), Leslie (Searcy County), a few miles west of Arkadelphia (Clark County), Malvern (Hot Spring County), Judsonia (White County), Fordyce (Dallas County), Pine Bluff (Jefferson County), Cotton Plant (Woodruff County), Monticello (Drew County), St. Charles (Arkansas County), and Watson (Desha County). Some fallen trees landed on homes. Wind recording equipment measured a 74 mph gust at Fargo (Monroe County), and a 71 mph gust at the University of Arkansas at Monticello (Drew County).||There were also isolated tornadoes. At 740 pm CST on the 10th, a tornado (rated EF2) was spawned southwest of Midway (Logan County). The tornado cut close to a fourteen mile path before dissipating northeast of Scranton (Logan County).||Nine other mostly weak tornadoes (eight rated EF1/one rated EF2) were confirmed across the state through the wee hours of the 11th. Two of these tornadoes were in the Little Rock County Warning Area near Seaton (Lonoke County) and Jerome (Drew County). The former tornado blew in a grain bin and tossed a shed into nearby trees. The latter tornado mangled a silo. Trees were uprooted or snapped, and utility poles were taken out.||A few places reported sleet or snow on the back side of the system.",15
867123,FRANKLIN CO.,POPING,01/10/2020,1945,Tornado, ,EF1,0,0,35000,0,AR,CST-6, ,144169,C,47,TSA,0,0,NWS Storm Survey, ,3.9,400,2,SSE,3,S,WEBB CITY,01/10/2020,1949,35.4262,-93.8928,35.4381,-93.8244,"This tornado developed along the leading edge of a line of thunderstorms, south of Highway 96. It moved east-northeast, damaging the roof of a home, destroying several outbuildings, snapping or uprooting numerous trees, and blowing down power poles. Based on this damage, maximum estimated wind in the tornado was 95 to 105 mph.","A strong storm system and associated cold front moved into the Southern Plains on the 10th. Unseasonably warm and moist air spread northward from the Gulf of Mexico ahead of this system, resulting in weak to moderate instability developing across eastern Oklahoma and northwest Arkansas. This instability, combined with very strong wind fields and wind shear, resulted in organized severe thunderstorms. The strongest storms produced large hail up to golfball size, damaging wind, a tornado, and flash flooding.",16
866063,BURLESON CO.,HOGG,01/10/2020,2134,Tornado, ,EF1,0,0,30000,0,TX,CST-6, ,144289,C,51,HGX,0,0,NWS Storm Survey, ,0.11,100,2,WNW,2,WNW,HOGG,01/10/2020,2135,30.4847,-96.8042,30.4861,-96.8034,"A National Weather Service storm survey determined a short-lived EF-1 tornado caused damage in western Burleson County. A shed was destroyed and numerous trees were snapped. A trailer was thrown southward around 40 yards while other debris was thrown toward the northeast.","A strong storm system produced a squall line that moved eastward across the area and produced a lot wind damage and one tornado.",17
866536,CHEROKEE CO.,NORTH RUSK,01/10/2020,2321,Tornado, ,EF1,0,0,105000,0,TX,CST-6, ,144368,C,73,SHV,0,0,NWS Storm Survey, ,0.8,75,1,NNW,2,N,NORTH RUSK,01/10/2020,2322,31.8177,-95.1751,31.825,-95.1646,"An EF-1 tornado, with estimated maximum winds near 105 mph, touched down on a farm off of County Road 1619, uprooting several trees. It also broke windows and partially damaged the roof of a home before it destroyed a shed and damaged the roofs of two more homes. The tornado crossed Highway 69 and continued to uproot trees and damage the roofs of two homes before lifting along County Road 1501.","An upper level longwave trough emerged out of the Intermountain West and into the Central and Southern Plains during the daytime and evening hours of January 10th. A strong southerly return flow commenced out ahead of the trough during the 8th-9th, allowing for unseasonably warm and humid conditions to advance northward across Southern Oklahoma, much of Central and Eastern Texas, as well as Louisiana, Arkansas, and the Lower Mississippi Valley. Meanwhile, an intensifying surface low pressure system and associated dry line developed along the Red River of North Texas into Southern Oklahoma during the afternoon hours, which spread east northeast across the Ark-La-Tex during the early morning hours on January 11th. With afternoon temperatures climbing into the mid 70s ahead of this trough, moderate instability developed across the broad warm sector, with very strong wind shear in place as large scale forcing increased ahead of the trough axis across East Texas, Southeast Oklahoma, Southwest Arkansas, and North Louisiana. Thus, an axis of strong to severe showers and thunderstorms developed during the evening hours across Southeast Oklahoma, adjacent sections of Southwest Arkansas and East Texas, which advanced east into North Louisiana during the early morning hours of the 11th. Damaging winds downed trees and power lines across portions of East Texas, with even multiple tornadoes touching down along the line of severe thunderstorms. Unfortunately, a man  was killed when a tornado touched down west of Nacogdoches and a tree fell on his mobile home. These storms also produced locally heavy rainfall, with amounts of one to three inches, with isolated higher amounts up to four inches recorded across much of this area, resulting in isolated instances of flash flooding. These storms continued to intensify during the late evening and early morning hours as they moved into extreme Eastern Texas and Western Louisiana, producing more in the way of widespread wind damage and isolated tornadoes.",18
866540,NACOGDOCHES CO.,DEL RENTZEL,01/10/2020,2333,Tornado, ,EF1,1,1,75000,0,TX,CST-6, ,144368,C,347,SHV,0,0,NWS Storm Survey, ,2.13,160,2,W,1,ENE,DEL RENTZEL,01/10/2020,2336,31.5832,-94.7558,31.5855,-94.7197,"An EF-1 tornado with estimated maximum winds near 100 mph touched down along County Road 723 just south of Farm to Market Road 225, where it snapped several large branches in a field of trees. The tornado tracked east-northeast where it crossed Farm to Market Road 225 and paralleled the north side of the roadway. It snapped and uprooted numerous trees and broke several more large branches as it continued east-northeast. The tornado downed a large tree onto a mobile home along Sweat Circle, a private road off of Farm to Market Road 225, where a 44 year old male was killed and one minor injury was reported. The tornado then crossed County Road 722 and Russelville Road where it resulted in additional tree damage and minor damage to homes. The tornado continued northeast where it crossed County Road 719 and several private properties, damaging a few more trees before lifting near Floyd Harvin Road.","An upper level longwave trough emerged out of the Intermountain West and into the Central and Southern Plains during the daytime and evening hours of January 10th. A strong southerly return flow commenced out ahead of the trough during the 8th-9th, allowing for unseasonably warm and humid conditions to advance northward across Southern Oklahoma, much of Central and Eastern Texas, as well as Louisiana, Arkansas, and the Lower Mississippi Valley. Meanwhile, an intensifying surface low pressure system and associated dry line developed along the Red River of North Texas into Southern Oklahoma during the afternoon hours, which spread east northeast across the Ark-La-Tex during the early morning hours on January 11th. With afternoon temperatures climbing into the mid 70s ahead of this trough, moderate instability developed across the broad warm sector, with very strong wind shear in place as large scale forcing increased ahead of the trough axis across East Texas, Southeast Oklahoma, Southwest Arkansas, and North Louisiana. Thus, an axis of strong to severe showers and thunderstorms developed during the evening hours across Southeast Oklahoma, adjacent sections of Southwest Arkansas and East Texas, which advanced east into North Louisiana during the early morning hours of the 11th. Damaging winds downed trees and power lines across portions of East Texas, with even multiple tornadoes touching down along the line of severe thunderstorms. Unfortunately, a man  was killed when a tornado touched down west of Nacogdoches and a tree fell on his mobile home. These storms also produced locally heavy rainfall, with amounts of one to three inches, with isolated higher amounts up to four inches recorded across much of this area, resulting in isolated instances of flash flooding. These storms continued to intensify during the late evening and early morning hours as they moved into extreme Eastern Texas and Western Louisiana, producing more in the way of widespread wind damage and isolated tornadoes.",19
866649,RUSK CO.,GLENFAWN,01/10/2020,2343,Tornado, ,EF1,0,0,80000,0,TX,CST-6, ,144368,C,401,SHV,0,0,NWS Storm Survey, ,4.24,500,1,WSW,2,NW,SULPHUR SPGS,01/10/2020,2350,31.8968,-94.8427,31.9194,-94.7755,"An EF-1 tornado with estimated maximum winds near 110 mph touched down along Highway 84 near the intersection of County Road 4234 west of Mount Enterprise, snapping and uprooting a few trees. The tornado continued eastward roughly along Highway 84, intensifying and snapping numerous trees in the Reagan Branch bottom, just west of the Farm to Market Road 225 intersection. It continued east-northeast snapping and uprooting trees as it crossed County Roads 3223, 3226, and 3206. Several farm outbuildings were tossed and completely destroyed along County Road 3206, with two residences sustaining roof damage, before the tornado lifted just northeast of the intersection of County Road 3206 and 3166.","An upper level longwave trough emerged out of the Intermountain West and into the Central and Southern Plains during the daytime and evening hours of January 10th. A strong southerly return flow commenced out ahead of the trough during the 8th-9th, allowing for unseasonably warm and humid conditions to advance northward across Southern Oklahoma, much of Central and Eastern Texas, as well as Louisiana, Arkansas, and the Lower Mississippi Valley. Meanwhile, an intensifying surface low pressure system and associated dry line developed along the Red River of North Texas into Southern Oklahoma during the afternoon hours, which spread east northeast across the Ark-La-Tex during the early morning hours on January 11th. With afternoon temperatures climbing into the mid 70s ahead of this trough, moderate instability developed across the broad warm sector, with very strong wind shear in place as large scale forcing increased ahead of the trough axis across East Texas, Southeast Oklahoma, Southwest Arkansas, and North Louisiana. Thus, an axis of strong to severe showers and thunderstorms developed during the evening hours across Southeast Oklahoma, adjacent sections of Southwest Arkansas and East Texas, which advanced east into North Louisiana during the early morning hours of the 11th. Damaging winds downed trees and power lines across portions of East Texas, with even multiple tornadoes touching down along the line of severe thunderstorms. Unfortunately, a man  was killed when a tornado touched down west of Nacogdoches and a tree fell on his mobile home. These storms also produced locally heavy rainfall, with amounts of one to three inches, with isolated higher amounts up to four inches recorded across much of this area, resulting in isolated instances of flash flooding. These storms continued to intensify during the late evening and early morning hours as they moved into extreme Eastern Texas and Western Louisiana, producing more in the way of widespread wind damage and isolated tornadoes.",20
866656,ANGELINA CO.,POLLOK,01/10/2020,2353,Tornado, ,EF1,0,0,60000,0,TX,CST-6, ,144368,C,5,SHV,0,0,NWS Storm Survey, ,0.31,150,2,ESE,3,E,POLLOK,01/10/2020,2354,31.4619,-94.8401,31.4638,-94.8354,"An EF-1 tornado with estimated maximum winds near 90 mph touched down in a forested area off of Rifle Road, where it snapped several large branches. It then snapped four trees and snapped additional limbs on several nearby trees. The tornado then hit a double-wide manufactured home, lifting it up a few feet and shifting it off of its foundation. The tornado also flipped a trailer and snapped four more trees before lifting.","An upper level longwave trough emerged out of the Intermountain West and into the Central and Southern Plains during the daytime and evening hours of January 10th. A strong southerly return flow commenced out ahead of the trough during the 8th-9th, allowing for unseasonably warm and humid conditions to advance northward across Southern Oklahoma, much of Central and Eastern Texas, as well as Louisiana, Arkansas, and the Lower Mississippi Valley. Meanwhile, an intensifying surface low pressure system and associated dry line developed along the Red River of North Texas into Southern Oklahoma during the afternoon hours, which spread east northeast across the Ark-La-Tex during the early morning hours on January 11th. With afternoon temperatures climbing into the mid 70s ahead of this trough, moderate instability developed across the broad warm sector, with very strong wind shear in place as large scale forcing increased ahead of the trough axis across East Texas, Southeast Oklahoma, Southwest Arkansas, and North Louisiana. Thus, an axis of strong to severe showers and thunderstorms developed during the evening hours across Southeast Oklahoma, adjacent sections of Southwest Arkansas and East Texas, which advanced east into North Louisiana during the early morning hours of the 11th. Damaging winds downed trees and power lines across portions of East Texas, with even multiple tornadoes touching down along the line of severe thunderstorms. Unfortunately, a man  was killed when a tornado touched down west of Nacogdoches and a tree fell on his mobile home. These storms also produced locally heavy rainfall, with amounts of one to three inches, with isolated higher amounts up to four inches recorded across much of this area, resulting in isolated instances of flash flooding. These storms continued to intensify during the late evening and early morning hours as they moved into extreme Eastern Texas and Western Louisiana, producing more in the way of widespread wind damage and isolated tornadoes.",21
866662,PANOLA CO.,TATUM,01/11/2020,18,Tornado, ,EF1,0,0,30000,0,TX,CST-6, ,144368,C,365,SHV,0,0,NWS Storm Survey, ,0.52,150,5,ENE,6,ENE,TATUM,01/11/2020,19,32.3289,-94.4356,32.3336,-94.4286,"An EF-1 tornado with estimated maximum winds near 110 mph touched down on a hillside just southwest of Farm to Market Road 959 just northeast of Tatum. The damage was limited to trees, as a majority of the few hundred pine trees in a confined area had their trunks snapped. The tornado tracked northeast off the hill doing only sporadic tree damage before crossing Farm to Market Road 959, resulting in roof damage to several residences and outbuildings. The tornado lifted shortly thereafter prior to crossing the Sabine River bordering Southern Harrison County.","An upper level longwave trough emerged out of the Intermountain West and into the Central and Southern Plains during the daytime and evening hours of January 10th. A strong southerly return flow commenced out ahead of the trough during the 8th-9th, allowing for unseasonably warm and humid conditions to advance northward across Southern Oklahoma, much of Central and Eastern Texas, as well as Louisiana, Arkansas, and the Lower Mississippi Valley. Meanwhile, an intensifying surface low pressure system and associated dry line developed along the Red River of North Texas into Southern Oklahoma during the afternoon hours, which spread east northeast across the Ark-La-Tex during the early morning hours on January 11th. With afternoon temperatures climbing into the mid 70s ahead of this trough, moderate instability developed across the broad warm sector, with very strong wind shear in place as large scale forcing increased ahead of the trough axis across East Texas, Southeast Oklahoma, Southwest Arkansas, and North Louisiana. Thus, an axis of strong to severe showers and thunderstorms developed during the evening hours across Southeast Oklahoma, adjacent sections of Southwest Arkansas and East Texas, which advanced east into North Louisiana during the early morning hours of the 11th. Damaging winds downed trees and power lines across portions of East Texas, with even multiple tornadoes touching down along the line of severe thunderstorms. Unfortunately, a man  was killed when a tornado touched down west of Nacogdoches and a tree fell on his mobile home. These storms also produced locally heavy rainfall, with amounts of one to three inches, with isolated higher amounts up to four inches recorded across much of this area, resulting in isolated instances of flash flooding. These storms continued to intensify during the late evening and early morning hours as they moved into extreme Eastern Texas and Western Louisiana, producing more in the way of widespread wind damage and isolated tornadoes.",22
866665,HARRISON CO.,KARNACK,01/11/2020,30,Tornado, ,EF0,0,0,15000,0,TX,CST-6, ,144368,C,203,SHV,0,0,NWS Storm Survey, ,3,100,3,SW,1,SSE,KARNACK,01/11/2020,33,32.6402,-94.2112,32.6549,-94.1626,"An EF-0 tornado with estimated maximum winds near 85 mph touched down off of County Road 2108 and snapped small and large branches along its path. The tornado crossed Highway 43 where it tore off a wooden front porch and gutters off of a home. It then crossed County Road 2600 before lifting near Farm to Market Road 134 before entering the Longhorn Army Ammunition Plant.","An upper level longwave trough emerged out of the Intermountain West and into the Central and Southern Plains during the daytime and evening hours of January 10th. A strong southerly return flow commenced out ahead of the trough during the 8th-9th, allowing for unseasonably warm and humid conditions to advance northward across Southern Oklahoma, much of Central and Eastern Texas, as well as Louisiana, Arkansas, and the Lower Mississippi Valley. Meanwhile, an intensifying surface low pressure system and associated dry line developed along the Red River of North Texas into Southern Oklahoma during the afternoon hours, which spread east northeast across the Ark-La-Tex during the early morning hours on January 11th. With afternoon temperatures climbing into the mid 70s ahead of this trough, moderate instability developed across the broad warm sector, with very strong wind shear in place as large scale forcing increased ahead of the trough axis across East Texas, Southeast Oklahoma, Southwest Arkansas, and North Louisiana. Thus, an axis of strong to severe showers and thunderstorms developed during the evening hours across Southeast Oklahoma, adjacent sections of Southwest Arkansas and East Texas, which advanced east into North Louisiana during the early morning hours of the 11th. Damaging winds downed trees and power lines across portions of East Texas, with even multiple tornadoes touching down along the line of severe thunderstorms. Unfortunately, a man  was killed when a tornado touched down west of Nacogdoches and a tree fell on his mobile home. These storms also produced locally heavy rainfall, with amounts of one to three inches, with isolated higher amounts up to four inches recorded across much of this area, resulting in isolated instances of flash flooding. These storms continued to intensify during the late evening and early morning hours as they moved into extreme Eastern Texas and Western Louisiana, producing more in the way of widespread wind damage and isolated tornadoes.",23
866668,SHELBY CO.,CENTER,01/11/2020,39,Tornado, ,EF1,0,1,500000,0,TX,CST-6, ,144368,C,419,SHV,0,0,NWS Storm Survey, ,6.07,400,1,WSW,3,ESE,CENTER MUNI ARPT,01/11/2020,49,31.773,-94.2021,31.811,-94.109,"An EF-1 tornado with estimated maximum winds near 100 mph touched down just west of Highway 7 on the southwest side of Center and continued on an east-northeast path for roughly 6 miles. The tornado cut through a few neighborhoods on the south side of Center, where numerous trees were snapped or uprooted across the path through the town, resulting in roof and structural damage to many homes as trees fell through them. The most extensive damage occurred in the Lakewood subdivision just off of Highway 7, where one minor injury occurred as a fallen pine tree heavily damaged the roof of a home. In addition, a handful of other homes farther east along Ballard Street sustained significant damage from falling trees. There was also damage to homes farther east near Martin Luther King Drive, where a few homes sustained minor structural roof damage due to winds alone. On Loop 500 East on the southeast side of town, there was additional structural damage due to mainly wind, although a few of the damaged homes were likely vacant and already in a heavy state of disrepair before the tornado. It then continued into much more rural areas on the eastern outskirts of Center, resulting in scattered tree and very low-end structural damage until reaching County Road 3047. Here, a majority of the chicken houses had some of their roof paneling removed with a few of the houses having most of the roof paneling torn off along with additional structural damage. It was at this point where the most concentrated damage was found. The tornado then lifted shortly after crossing County Road 3047.","An upper level longwave trough emerged out of the Intermountain West and into the Central and Southern Plains during the daytime and evening hours of January 10th. A strong southerly return flow commenced out ahead of the trough during the 8th-9th, allowing for unseasonably warm and humid conditions to advance northward across Southern Oklahoma, much of Central and Eastern Texas, as well as Louisiana, Arkansas, and the Lower Mississippi Valley. Meanwhile, an intensifying surface low pressure system and associated dry line developed along the Red River of North Texas into Southern Oklahoma during the afternoon hours, which spread east northeast across the Ark-La-Tex during the early morning hours on January 11th. With afternoon temperatures climbing into the mid 70s ahead of this trough, moderate instability developed across the broad warm sector, with very strong wind shear in place as large scale forcing increased ahead of the trough axis across East Texas, Southeast Oklahoma, Southwest Arkansas, and North Louisiana. Thus, an axis of strong to severe showers and thunderstorms developed during the evening hours across Southeast Oklahoma, adjacent sections of Southwest Arkansas and East Texas, which advanced east into North Louisiana during the early morning hours of the 11th. Damaging winds downed trees and power lines across portions of East Texas, with even multiple tornadoes touching down along the line of severe thunderstorms. Unfortunately, a man  was killed when a tornado touched down west of Nacogdoches and a tree fell on his mobile home. These storms also produced locally heavy rainfall, with amounts of one to three inches, with isolated higher amounts up to four inches recorded across much of this area, resulting in isolated instances of flash flooding. These storms continued to intensify during the late evening and early morning hours as they moved into extreme Eastern Texas and Western Louisiana, producing more in the way of widespread wind damage and isolated tornadoes.",24
866153,BOLLINGER CO.,PATTON JCT,01/11/2020,52,Tornado, ,EF1,0,0,30000,0,MO,CST-6, ,144299,C,17,PAH,0,0,NWS Storm Survey, ,0.2,45,1,E,1,E,PATTON JCT,01/11/2020,53,37.5175,-89.9968,37.517,-89.9932,"The tornado briefly touched down along Highway 72. The workshop portion of a home-workshop combination building was destroyed. The roof was torn off a nearby barn. Debris was thrown to the east about 100 yards, to the south about 100 feet, and to the west less than 20 feet. A few trees were uprooted. Peak winds were estimated near 105 mph.","An unseasonably strong storm system impacted the region January 10-11. Heavy rainfall, flooding, isolated damaging winds, a couple tornadoes, and gusty non-thunderstorm winds impacted southeast Missouri during this time. The bulk of the event occurred overnight and into the morning hours on the 11th. Rainfall totals ranged from 2 to 5 inches, which resulted in isolated flash flooding. The most significant tornado occurred in the Jackson area, which was rated EF-2. Strong to severe convection over the Ozark Mountains moved east into an environment of very strong wind shear over southeast Missouri, with 850 mb winds near 60 knots. The convection maintained intensity after it crossed the Mississippi River during the early morning hours. Tremendous wind shear (winds of 50 knots down to 1500 feet above ground level) and strong forcing associated with a potent 500 mb shortwave compensated for weak instability. Some of the strong low-level winds reached the surface in the form of gradient wind gusts to around 40 mph. A weak surface low formed along a cold front over southwest Arkansas, then deepened as it tracked northeast across the Missouri Bootheel and into the lower Ohio Valley on the morning of the 11th.",25
873191,LONOKE CO.,SEATON,01/11/2020,58,Tornado, ,EF1,0,0,40000,0,AR,CST-6, ,145119,C,85,LZK,0,0,NWS Storm Survey, ,0.43,130,1,E,1,E,SEATON,01/11/2020,59,34.6013,-91.8024,34.6015,-91.7949,"Part of a grain bin was blown in. Several power poles were snapped. A house sustained roof damage. A storage shed set into the ground with concrete was blown up and out of the ground about 100 feet. It ended up in several large trees and was completely destroyed. Part of the roof of a metal barn was peeled back.","The month started off with a bang on the 10th. It felt like spring in Arkansas, with high temperatures in the 60s to lower 70s. As the day began, a powerful storm system was looming to the west in New Mexico. Moisture levels were on the rise ahead of the system. It was a perfect setup for severe weather and flash flooding.||By late afternoon and into the overnight hours/early on the 11th, a massive damaging wind episode unfolded. Wind gusts from 60 to 90 mph pounded parts of the state. Trees and/or power lines were downed at Yellville (Marion County), Henderson (Baxter County), Elizabeth (Fulton County), Melbourne (Izard County), Leslie (Searcy County), a few miles west of Arkadelphia (Clark County), Malvern (Hot Spring County), Judsonia (White County), Fordyce (Dallas County), Pine Bluff (Jefferson County), Cotton Plant (Woodruff County), Monticello (Drew County), St. Charles (Arkansas County), and Watson (Desha County). Some fallen trees landed on homes. Wind recording equipment measured a 74 mph gust at Fargo (Monroe County), and a 71 mph gust at the University of Arkansas at Monticello (Drew County).||There were also isolated tornadoes. At 740 pm CST on the 10th, a tornado (rated EF2) was spawned southwest of Midway (Logan County). The tornado cut close to a fourteen mile path before dissipating northeast of Scranton (Logan County).||Nine other mostly weak tornadoes (eight rated EF1/one rated EF2) were confirmed across the state through the wee hours of the 11th. Two of these tornadoes were in the Little Rock County Warning Area near Seaton (Lonoke County) and Jerome (Drew County). The former tornado blew in a grain bin and tossed a shed into nearby trees. The latter tornado mangled a silo. Trees were uprooted or snapped, and utility poles were taken out.||A few places reported sleet or snow on the back side of the system.",26
866960,BOSSIER PAR.,SLIGO,01/11/2020,124,Tornado, ,EF2,3,0,500000,0,LA,CST-6, ,144388,C,15,SHV,0,0,NWS Storm Survey, ,8.84,300,1,NW,4,ESE,HAUGHTON,01/11/2020,132,32.4571,-93.5875,32.5039,-93.4463,"A long track 40+ mile long EF-2 tornado with estimated maximum winds near 135 mph first touched down just south of Barksdale Air Force Base off of Sligo Road in Central Bossier Parish, where it snapped and uprooted hundreds of softwood and hardwood trees and damaged several carports and outbuildings. The tornado then crossed the far southeast corner of Barksdale Air Force Base where at least one hundred trees were snapped or uprooted. After the tornado exited the corner of Barksdale Air Force Base, it strengthened south of Haughton to produce its most significant damage, completely destroying a single-wide manufactured home and a double-wide manufactured home off of Davis Road. Two fatalities (a 79 year old male and his 65 year old wife) occurred in the double-wide with an additional fatality (an 87 year old male) occurring in the single-wide. The tornado continued to produce roof damage and uproot and snap trees which fell into homes in Eastern Bossier Parish, concentrated most along James Lane. The tornado continued moving northeast across Oliver Road and Camp Zion Road, where numerous trees were snapped and uprooted, while also removing siding off of a single-wide manufactured home, and ripping a portion of the metal exterior and doors off of the Bossier Parish Fire District 1 Station 6 building, as well as tearing off some vinyl siding to a mobile home living quarters located next door, before crossing over into Webster Parish.","An upper level longwave trough emerged out of the Intermountain West and into the Central and Southern Plains during the daytime and evening hours of January 10th. A strong southerly return flow commenced out ahead of the trough during the 8th-9th, allowing for unseasonably warm and humid conditions to advance northward across Southern Oklahoma, much of Central and Eastern Texas, as well as Louisiana, Arkansas, and the Lower Mississippi Valley. Meanwhile, an intensifying surface low pressure system and associated dry line developed along the Red River of North Texas into Southern Oklahoma during the afternoon hours, which spread east northeast across the Ark-La-Tex during the early morning hours on January 11th. With afternoon temperatures climbing into the mid 70s ahead of this trough, moderate instability developed across the broad warm sector, with very strong wind shear in place as large scale forcing increased ahead of the trough axis across East Texas, Southeast Oklahoma, Southwest Arkansas, and North Louisiana. Thus, an axis of strong to severe showers and thunderstorms developed during the evening hours across Southeast Oklahoma, adjacent sections of Southwest Arkansas and East Texas, which advanced east into North Louisiana during the early morning hours of the 11th. Widespread damaging winds downed trees and power lines across much of Northwest and Northcentral Louisiana, with even a long track tornado developing along the line of severe thunderstorms across Central Bossier, Southern Webster, and Southern Claiborne Parishes. Another isolated tornado touched down in Western Union Parish, before these storms exited the region shortly before daybreak on the 11th. Unfortunately, these storms resulted in four fatalities  across Northwest Louisiana, three of which occurred from the Haughton tornado.",27
866988,WEBSTER PAR.,DOYLINE,01/11/2020,132,Tornado, ,EF2,0,0,750000,0,LA,CST-6, ,144388,C,119,SHV,0,0,NWS Storm Survey, ,16.69,300,2,SW,2,NE,NINE FORKS,01/11/2020,150,32.5039,-93.4463,32.5945,-93.1807,"This is the continuation of the Bossier Parish EF-2 tornado. This tornado weakened slightly as it crossed Pilgrim Rest Road, and tracked northeast before entering the southern sections of Doyline, downing hundreds of trees as it crossed Highways 163 and 164, before entering the extreme southeast corner of Camp Minden. The tornado then tore through the town of Sibley and the northern fringes of Dubberly, where it downed trees and power lines, damaged a metal barn, the roof of a home, and destroyed a shed on Wallraven Road. An 18-wheeler trailer was overturned at the South Webster Industrial Park in Sibley, and a building, fencing, and equipment were damaged at an oil field service company at the park. Just before the tornado crossed Interstate 20 between exits 49 and 52, it developed a much wider swath of damaging straight line winds with its rear flank downdraft near and just south of the tornado track. In fact, a large sign was blown over onto an 18-wheeler at Love's Truckstop at I-20 Exit 49 (Highway 531). After it crossed Interstate 20 southeast of Minden, the tornado then rolled a single-wide mobile home on Fuller Cemetery Road near the Nine Forks community and damaged the roofs of two structures before it moved into Southwest Claiborne Parish. The tornadic winds as it tracked through Southern Webster Parish did weaken slightly from its estimated maximum winds in Eastern Bossier Parish, and ranged from 95-110 mph, which is in the EF-1 range. At least 120 broken power poles and over 250 spans of downed wire were the result of this tornado and associated  widespread damaging winds near Doyline, Sibley, Dubberly, and Minden. Significant damage was done to the major power distribution lines that feed the town of Sibley and the South Webster Industrial District.","An upper level longwave trough emerged out of the Intermountain West and into the Central and Southern Plains during the daytime and evening hours of January 10th. A strong southerly return flow commenced out ahead of the trough during the 8th-9th, allowing for unseasonably warm and humid conditions to advance northward across Southern Oklahoma, much of Central and Eastern Texas, as well as Louisiana, Arkansas, and the Lower Mississippi Valley. Meanwhile, an intensifying surface low pressure system and associated dry line developed along the Red River of North Texas into Southern Oklahoma during the afternoon hours, which spread east northeast across the Ark-La-Tex during the early morning hours on January 11th. With afternoon temperatures climbing into the mid 70s ahead of this trough, moderate instability developed across the broad warm sector, with very strong wind shear in place as large scale forcing increased ahead of the trough axis across East Texas, Southeast Oklahoma, Southwest Arkansas, and North Louisiana. Thus, an axis of strong to severe showers and thunderstorms developed during the evening hours across Southeast Oklahoma, adjacent sections of Southwest Arkansas and East Texas, which advanced east into North Louisiana during the early morning hours of the 11th. Widespread damaging winds downed trees and power lines across much of Northwest and Northcentral Louisiana, with even a long track tornado developing along the line of severe thunderstorms across Central Bossier, Southern Webster, and Southern Claiborne Parishes. Another isolated tornado touched down in Western Union Parish, before these storms exited the region shortly before daybreak on the 11th. Unfortunately, these storms resulted in four fatalities  across Northwest Louisiana, three of which occurred from the Haughton tornado.",28
866154,CAPE GIRARDEAU CO.,JACKSON,01/11/2020,146,Tornado, ,EF2,0,0,750000,0,MO,CST-6, ,144299,C,31,PAH,0,0,NWS Storm Survey, ,9.13,300,4,ESE,1,NNE,EGYPT MILLS,01/11/2020,155,37.35,-89.6118,37.4093,-89.4632,"The tornado touched down just south of U.S. Highway 61, where trees and small outbuildings were damaged. The tornado crossed Highway 61 and produced damage to several businesses. Windows were broken out, and damage occurred to roofs. One business was destroyed. A tire store was heavily damaged as the tornado was at its peak intensity. The back was wall was blown out, and much of the roof was destroyed and thrown several hundred yards. Light concrete and styrofoam blew onto Interstate 55, which was closed for a brief time until cleanup was complete. East of Interstate 55, several barns and outbuildings were damaged or destroyed. Numerous trees were uprooted or snapped along the way. The path may have extended farther east of State Route 177 near the Mississippi River, but flooding prevented surveying. Peak winds were estimated near 125 mph near U.S. Highway 61.","An unseasonably strong storm system impacted the region January 10-11. Heavy rainfall, flooding, isolated damaging winds, a couple tornadoes, and gusty non-thunderstorm winds impacted southeast Missouri during this time. The bulk of the event occurred overnight and into the morning hours on the 11th. Rainfall totals ranged from 2 to 5 inches, which resulted in isolated flash flooding. The most significant tornado occurred in the Jackson area, which was rated EF-2. Strong to severe convection over the Ozark Mountains moved east into an environment of very strong wind shear over southeast Missouri, with 850 mb winds near 60 knots. The convection maintained intensity after it crossed the Mississippi River during the early morning hours. Tremendous wind shear (winds of 50 knots down to 1500 feet above ground level) and strong forcing associated with a potent 500 mb shortwave compensated for weak instability. Some of the strong low-level winds reached the surface in the form of gradient wind gusts to around 40 mph. A weak surface low formed along a cold front over southwest Arkansas, then deepened as it tracked northeast across the Missouri Bootheel and into the lower Ohio Valley on the morning of the 11th.",29
867056,CLAIBORNE PAR.,DARLEY,01/11/2020,150,Tornado, ,EF2,0,0,75000,0,LA,CST-6, ,144388,C,27,SHV,0,0,NWS Storm Survey, ,6.26,300,6,W,0,WNW,HURRICANE,01/11/2020,205,32.5945,-93.1807,32.6218,-92.9337,"This is a continuation of the Southern Webster Parish EF-2 tornado. This tornado continued on the ground intermittently east-northeast throughout Southern Claiborne Parish, snapping and uprooting numerous trees as it crossed Harris Road, Old Arcadia Road, Faulk Road, Sherrill Road, and Highway 154 south of Athens. The tornado produced partial roof damage to approximately a half dozen chicken houses and shingle and partial roof damage to several other structures, especially off of Buckner Road, Cook Road, and Highway 519 before finally lifting. In addition, widespread straight line winds estimated at 90-100 mph along the path of the tornado led to extensive tree damage. Estimated maximum winds from this tornado throughout Southern Claiborne Parish ranged from 90-105 mph, consistent with an EF-1 tornado but weaker than the estimated maximum winds near 135 mph that was surveyed in Eastern Bossier Parish. The total track length of this tornado when it initially touched down in Central Bossier Parish to when it lifted in Southern Claiborne Parish was just under 41 miles.","An upper level longwave trough emerged out of the Intermountain West and into the Central and Southern Plains during the daytime and evening hours of January 10th. A strong southerly return flow commenced out ahead of the trough during the 8th-9th, allowing for unseasonably warm and humid conditions to advance northward across Southern Oklahoma, much of Central and Eastern Texas, as well as Louisiana, Arkansas, and the Lower Mississippi Valley. Meanwhile, an intensifying surface low pressure system and associated dry line developed along the Red River of North Texas into Southern Oklahoma during the afternoon hours, which spread east northeast across the Ark-La-Tex during the early morning hours on January 11th. With afternoon temperatures climbing into the mid 70s ahead of this trough, moderate instability developed across the broad warm sector, with very strong wind shear in place as large scale forcing increased ahead of the trough axis across East Texas, Southeast Oklahoma, Southwest Arkansas, and North Louisiana. Thus, an axis of strong to severe showers and thunderstorms developed during the evening hours across Southeast Oklahoma, adjacent sections of Southwest Arkansas and East Texas, which advanced east into North Louisiana during the early morning hours of the 11th. Widespread damaging winds downed trees and power lines across much of Northwest and Northcentral Louisiana, with even a long track tornado developing along the line of severe thunderstorms across Central Bossier, Southern Webster, and Southern Claiborne Parishes. Another isolated tornado touched down in Western Union Parish, before these storms exited the region shortly before daybreak on the 11th. Unfortunately, these storms resulted in four fatalities  across Northwest Louisiana, three of which occurred from the Haughton tornado.",30
866155,UNION CO.,WARE,01/11/2020,202,Tornado, ,EF1,0,0,80000,0,IL,CST-6, ,144300,C,181,PAH,0,0,NWS Storm Survey, ,0.86,50,0,SSW,1,E,WARE,01/11/2020,203,37.446,-89.4021,37.45,-89.3872,"The tornado snapped large tree branches in the town of Ware. Metal roofing was removed from a farm outbuilding. A large open storage building was overturned and destroyed. Shingles were removed from the roof of a hunting club. Another home had its roof lifted slightly by the tornado, causing water damage. The roof of a metal storage building was lofted and overturned. Hundreds of decoy ducks were tossed and broken near the hunting club. Numerous trees were snapped or uprooted along the path of the tornado. Peak winds were estimated near 100 mph.","An unseasonably strong storm system impacted the region January 10-11. Heavy rainfall, flooding, isolated damaging winds, a brief tornado, and gusty non-thunderstorm winds impacted southern Illinois during this time. The bulk of the event occurred overnight and into the morning hours on the 11th. Rainfall totals ranged from 2 to 5 inches, which resulted in widespread areal flooding and isolated flash flooding across the region. Smaller rivers such as the Little Wabash and the Skillet Fork went into moderate to major flooding. Strong to severe convection over the Ozark Mountains moved east into an environment of very strong wind shear over southeast Missouri, with 850 mb winds near 60 knots. Tremendous wind shear (winds of 50 knots down to 1500 feet above ground level) and strong forcing associated with a potent 500 mb shortwave compensated for weak instability. The convection weakened after it crossed the Mississippi River during the early morning hours. Some of the strong winds aloft reached the surface as gradient gusts from 40 to 49 mph, mainly along and south of a Carbondale to Harrisburg line. A weak surface low formed along a cold front over southwest Arkansas, then deepened as it tracked northeast across the Missouri Bootheel and into the lower Ohio Valley on the morning of the 11th.",31
866687,UNION PAR.,COOLEY,01/11/2020,219,Tornado, ,EF1,0,0,60000,0,LA,CST-6, ,144388,C,111,SHV,0,0,NWS Storm Survey, ,3.05,250,4,E,3,SSE,MT UNION,01/11/2020,223,32.8654,-92.5633,32.889,-92.5189,"An EF-1 tornado with estimated maximum winds near 107 mph touched down on the east side of Highway 550 between Milton and Mariola Road. Here, it uprooted and snapped softwood trees, before continuing northeast in the embedded squall line which was also doing wind damage along both sides of the main tornado path. The most significant tornado damage occurred along Clayton Foster and Christine Roads, where it completely tore off the metal roofs from two chicken houses, and snapped and uprooted several hardwood and softwood trees. Additional chicken house damage occurred on the south end of the tornado closer to Christine Road, where a portion of the tin roof was peeled back, and metal roofing was thrown hundreds of feet along the main tornado path. The tornado finished its life cycle along Thomas Wade Road, where it ripped more metal roofing from chicken houses, and tossed them in a southerly direction away from the main circulation. The tornado lifted at this location, although areas near and east of Highway 15 continued to experience straight line wind damage along the path of the squall line as it moved across Central Union Parish.","An upper level longwave trough emerged out of the Intermountain West and into the Central and Southern Plains during the daytime and evening hours of January 10th. A strong southerly return flow commenced out ahead of the trough during the 8th-9th, allowing for unseasonably warm and humid conditions to advance northward across Southern Oklahoma, much of Central and Eastern Texas, as well as Louisiana, Arkansas, and the Lower Mississippi Valley. Meanwhile, an intensifying surface low pressure system and associated dry line developed along the Red River of North Texas into Southern Oklahoma during the afternoon hours, which spread east northeast across the Ark-La-Tex during the early morning hours on January 11th. With afternoon temperatures climbing into the mid 70s ahead of this trough, moderate instability developed across the broad warm sector, with very strong wind shear in place as large scale forcing increased ahead of the trough axis across East Texas, Southeast Oklahoma, Southwest Arkansas, and North Louisiana. Thus, an axis of strong to severe showers and thunderstorms developed during the evening hours across Southeast Oklahoma, adjacent sections of Southwest Arkansas and East Texas, which advanced east into North Louisiana during the early morning hours of the 11th. Widespread damaging winds downed trees and power lines across much of Northwest and Northcentral Louisiana, with even a long track tornado developing along the line of severe thunderstorms across Central Bossier, Southern Webster, and Southern Claiborne Parishes. Another isolated tornado touched down in Western Union Parish, before these storms exited the region shortly before daybreak on the 11th. Unfortunately, these storms resulted in four fatalities  across Northwest Louisiana, three of which occurred from the Haughton tornado.",32
867833,ASHLEY CO.,LAKE GEORGIA PACIFIC,01/11/2020,245,Tornado, ,EF1,0,0,600000,100000,AR,CST-6, ,143974,C,3,JAN,0,0,NWS Storm Survey, ,4.45,650,4,S,2,S,WHITLOW,01/11/2020,252,33.1768,-92.0576,33.1856,-91.9813,"This tornado started in the swamp area on the eastern side of Felsenthal National Wildlife Refuge and tracked roughly due east and dissipated just after crossing Hancock Road. At the start, a few trees were damaged and that continued as the tornado tracked along Ashley 299 Road. Some trees were uprooted along this part of the path. The tornado intensified as it neared Ashley 14 Road and widened. Numerous trees were uprooted and snapped. Several outbuildings were damaged along with other minor damage to some homes with shingles off. Along a portion of Ashley 14 Road, heavy tree damage was noted along with several homes having trees on them. Numerous power lines were down as well. The tornado then weakened some with mostly minor type tree damage. Intensity increased again as it crossed Hancock Road. Here Beulahland Church sustained moderate roof damage along with two other homes having roof damage. Several power lines and poles were down as well. The tornado quickly dissipated just east of Hancock Road. Maximum peak winds were estimated at 108 mph.","A warm, moist airmass was in place across the region ahead of a potent January weather system. Ample wind energy also was present, which not only helped bring damaging winds with severe storms but also allowed for strong gradient winds to occur ahead of an eastward advancing squall line. Severe weather occurred in the early morning hours of January 11th and continued across the ArkLaMiss region before noon, resulting in widespread wind damage as well as some tornadoes.",33
867835,ASHLEY CO.,PUGH,01/11/2020,254,Tornado, ,EF1,0,0,800000,100000,AR,CST-6, ,143974,C,3,JAN,1,0,NWS Storm Survey, ,9.11,800,2,NNE,2,NNE,HAMBURG,01/11/2020,304,33.2576,-91.9609,33.256,-91.8033,"This tornado started just west of Highway 133 near Ashley 181 Road and traveled roughly eastward to just east of Highway 425 where it dissipated north of Hamburg. At the start, scattered trees were damaged. As the tornado approached Highway 133, intensity increased and more were snapped and uprooted. A few power lines were down as well. Along Highway 133, two areas of focused damage were noted. One area had a few dozen trees uprooted and one large tree was on a mobile home. The other area was at the Trinity Church, where some roof damage occurred to the main building and the covered walkway was blown away. Numerous trees were uprooted and snapped along Ashley 497 Road and the Egypt Church building sustained damage. The large front covering was destroyed and the roof has some damage. Along Ashley 470 Road, heavy tree damage was noted along with several power lines down. Some homes had minor roof damage here as well as along Ashley 471 Road. Uprooted and snapped trees continued along the path. As the the tornado crossed Highway 189, a strong surge was noted on the north side of the path where a focused corridor of trees were damaged. Here a couple of trees were blown down on a mobile home. On the southern side of the path, at the intersection of Ashley 492 Road, several homes sustained roof damage with tin and insulation thrown. Trees were down here as well. The tornado continued across a wooded area where it crossed Ashley 491 Road, then Highway 425 before dissipating just east of Highway 425. There was one indirect injury which occurred during clean up after the tornado. Maximum peak winds were estimated at 105 mph.","A warm, moist airmass was in place across the region ahead of a potent January weather system. Ample wind energy also was present, which not only helped bring damaging winds with severe storms but also allowed for strong gradient winds to occur ahead of an eastward advancing squall line. Severe weather occurred in the early morning hours of January 11th and continued across the ArkLaMiss region before noon, resulting in widespread wind damage as well as some tornadoes.",34
867837,ASHLEY CO.,NORTH CROSSETT,01/11/2020,255,Tornado, ,EF1,0,0,400000,0,AR,CST-6, ,143974,C,3,JAN,0,0,NWS Storm Survey, ,10.31,800,2,N,4,SE,HAMBURG,01/11/2020,308,33.1761,-91.9441,33.1835,-91.766,"This tornado started just off Highway 133 and continued just east of north where it dissipated just before reaching Highway 8, southeast of Hamburg. At the start, just a few trees were uprooted, some of which took a power line down along Highway 133. The tornado increased in intensity and width as it crossed Binnis Loop Rd. More trees were uprooted or snapped and a couple of homes sustained some roof damage. One large shed was destroyed with fragments of the roof thrown across the road. The tornado traveled along Highway 52 for quite a while. Along this part of the path, numerous trees were uprooted and snapped. Some power lines and poles were down as well. Quite a bit of uprooted trees were noted on the south side of the country club. The tornado moved over the airport where one large hangar had roof damage and the back wall had panels blown out. As the tornado neared Highway 425, the center was to the north side of Highway 52 and continued to snap and uproot trees. As it crossed Highway 425, numerous trees were snapped and uprooted. Moving east-northeast, the tornado began to weaken and dissipated just after crossing Ashley 312 Road. Maximum peak winds were estimated at 100 mph.","A warm, moist airmass was in place across the region ahead of a potent January weather system. Ample wind energy also was present, which not only helped bring damaging winds with severe storms but also allowed for strong gradient winds to occur ahead of an eastward advancing squall line. Severe weather occurred in the early morning hours of January 11th and continued across the ArkLaMiss region before noon, resulting in widespread wind damage as well as some tornadoes.",35
869290,ASHLEY CO.,MIST,01/11/2020,307,Tornado, ,EF2,0,0,2800000,800000,AR,CST-6, ,143974,C,3,JAN,0,0,NWS Storm Survey, ,17.58,1000,3,W,2,E,MONTROSE,01/11/2020,325,33.2638,-91.7598,33.303,-91.459,"This tornado started just northeast of Hamburg along Ashley 70 Road and tracked roughly 20 miles to just east of Montrose in Chicot County. Thousands of trees were uprooted and snapped along the path along with numerous power lines and poles downed. Some of the heaviest damage was to a mobile home just off Ashley 129 Road. The home was thrown 15 to 20 feet and destroyed. Another mobile home was destroyed along Ashley 128 Road. The tornado then crossed Highway 82 near Ashley 301 Road. Power poles were broken here and a tractor shed was heavily damaged. From this point, the tornado mostly paralleled Highway 82 or tracked along it. Many power lines were down along with poles. Just east of Ashley 912 Road, one wooden high tension segment had the top broken out. In the Snyder community, some homes sustained roof damage and had trees down on them. North of Highway 82, near Horseshoe Lake, a lot of hardwood trees were heavily damaged and there were three segments of the wooden high tension poles and lines taken out. The tornado continued roughly along Highway 82 toward Montrose. The strongest core of the tornado remained north of the highway and downed two more wooden high tension segments before Montrose and two more just north of town to the west of Highway 165. In the town of Montrose, numerous trees were damaged along with many homes having some degree of roof damage or a handful more with a tree on the home. Just east of Montrose, near the Chicot County line and north of Highway 82, a metal high tension pole segment was taken down which supported the highest wind estimate of 130 mph. The tornado dissipated near County Road 293 on the north side of Highway 82. Maximum width was 1000 yards. Total path length was 20.51 miles. Max winds were 130 mph.","A warm, moist airmass was in place across the region ahead of a potent January weather system. Ample wind energy also was present, which not only helped bring damaging winds with severe storms but also allowed for strong gradient winds to occur ahead of an eastward advancing squall line. Severe weather occurred in the early morning hours of January 11th and continued across the ArkLaMiss region before noon, resulting in widespread wind damage as well as some tornadoes.",36
873192,DREW CO.,JEROME,01/11/2020,324,Tornado, ,EF0,0,0,100000,0,AR,CST-6, ,145119,C,43,LZK,0,0,NWS Storm Survey, ,0.81,150,0,SSW,1,E,JEROME,01/11/2020,325,33.3949,-91.4714,33.398,-91.4579,"The tornado struck a series of large industrial grain and feed silos and caused substantial damage. One of the silos had its foundation ripped out of the ground and it was bolted into concrete in several locations. The roof of another large silo was blown downwind at least a half mile and fell apart into pieces. Power poles were snapped and trees were snapped at the trunk or uprooted along this short path.","The month started off with a bang on the 10th. It felt like spring in Arkansas, with high temperatures in the 60s to lower 70s. As the day began, a powerful storm system was looming to the west in New Mexico. Moisture levels were on the rise ahead of the system. It was a perfect setup for severe weather and flash flooding.||By late afternoon and into the overnight hours/early on the 11th, a massive damaging wind episode unfolded. Wind gusts from 60 to 90 mph pounded parts of the state. Trees and/or power lines were downed at Yellville (Marion County), Henderson (Baxter County), Elizabeth (Fulton County), Melbourne (Izard County), Leslie (Searcy County), a few miles west of Arkadelphia (Clark County), Malvern (Hot Spring County), Judsonia (White County), Fordyce (Dallas County), Pine Bluff (Jefferson County), Cotton Plant (Woodruff County), Monticello (Drew County), St. Charles (Arkansas County), and Watson (Desha County). Some fallen trees landed on homes. Wind recording equipment measured a 74 mph gust at Fargo (Monroe County), and a 71 mph gust at the University of Arkansas at Monticello (Drew County).||There were also isolated tornadoes. At 740 pm CST on the 10th, a tornado (rated EF2) was spawned southwest of Midway (Logan County). The tornado cut close to a fourteen mile path before dissipating northeast of Scranton (Logan County).||Nine other mostly weak tornadoes (eight rated EF1/one rated EF2) were confirmed across the state through the wee hours of the 11th. Two of these tornadoes were in the Little Rock County Warning Area near Seaton (Lonoke County) and Jerome (Drew County). The former tornado blew in a grain bin and tossed a shed into nearby trees. The latter tornado mangled a silo. Trees were uprooted or snapped, and utility poles were taken out.||A few places reported sleet or snow on the back side of the system.",37
869291,CHICOT CO.,COSGROVE,01/11/2020,325,Tornado, ,EF1,0,0,200000,0,AR,CST-6, ,143974,C,17,JAN,0,0,NWS Storm Survey, ,2.93,900,3,W,1,NW,COSGROVE,01/11/2020,328,33.303,-91.459,33.3087,-91.4088,"This tornado started just northeast of Hamburg along Ashley 70 Road and tracked roughly 20 miles to just east of Montrose in Chicot County. Thousands of trees were uprooted and snapped along the path along with numerous power lines and poles downed. Some of the heaviest damage was to a mobile home just off Ashley 129 Road. The home was thrown 15 to 20 feet and destroyed. Another mobile home was destroyed along Ashley 128 Road. The tornado then crossed Highway 82 near Ashley 301 Road. Power poles were broken here and a tractor shed was heavily damaged. From this point, the tornado mostly paralleled Highway 82 or tracked along it. Many power lines were down along with poles. Just east of Ashley 912 Road, one wooden high tension segment had the top broken out. In the Snyder community, some homes sustained roof damage and had trees down on them. North of Highway 82, near Horseshoe Lake, a lot of hardwood trees were heavily damaged and there were three segments of the wooden high tension poles and lines taken out. The tornado continued roughly along Highway 82 toward Montrose. The strongest core of the tornado remained north of the highway and downed two more wooden high tension segments before Montrose and two more just north of town to the west of Highway 165. In the town of Montrose, numerous trees were damaged along with many homes having some degree of roof damage or a handful more with a tree on the home. Just east of Montrose, near the Chicot County line and north of Highway 82, a metal high tension pole segment was taken down which supported the highest wind estimate of 130 mph. The tornado dissipated near County Road 293 on the north side of Highway 82. Maximum width was 1000 yards in Ashley County. Total path length was 20.51 miles. Maximum estimated winds in Chicot County were 88 mph, but 130 mph winds were estimated in Ashley County.","A warm, moist airmass was in place across the region ahead of a potent January weather system. Ample wind energy also was present, which not only helped bring damaging winds with severe storms but also allowed for strong gradient winds to occur ahead of an eastward advancing squall line. Severe weather occurred in the early morning hours of January 11th and continued across the ArkLaMiss region before noon, resulting in widespread wind damage as well as some tornadoes.",38
869583,CHICOT CO.,LAKE VLG,01/11/2020,333,Tornado, ,EF1,0,1,1000000,400000,AR,CST-6, ,143974,C,17,JAN,0,0,NWS Storm Survey, ,8.26,550,2,W,1,ENE,LUNA,01/11/2020,344,33.3349,-91.3129,33.385,-91.183,"This tornado began on the southeast side of the Lake Village Municipal Airport on Airport Road where it rolled and almost destroyed a manufactured home. It is at Airport Road where one injury was reported due to a tree falling on a home. It then moved east-northeast to US Highway 278, breaking 8 to 10 wooden electrical poles. It moved to the northeast of the Lake Village community where it continued to knock down wooden electrical poles and began to uproot and snap large branches from softwood trees along North Lakeshore Drive and along the shore of Lake Chicot. The Lake Village Country Club along North Lakeshore Drive took damage to its roof on the backside. In addition, on the backside of the Country Club, a nearby forested area had multiple snapped large hardwood tree limbs in addition to the tin roof of a metal storage building peeled completely off. Also along North Lakeshore Drive, multiple trees were uprooted and snapped at a trailer park, where one trailer was blown across the street to near the bottom of Lake Chicot. As the tornado continued to track northeast, it moved along AR Highway 144, uprooting trees and snapping large hardwood limbs. Five electrical power poles were downed along Highway 144, as well as another trailer getting rolled to near the bottom of Lake Chicot.  The tornado continued to snap large limbs and uproot hardwood trees as it moved across Pecan Ridge Drive. The tornado continued to just north of Levee Road where it lifted, but not before a few uprooting hardwood trees and snapping small to medium sized limbs. It is important to note that a large swath of severe wind speeds resulted in widespread downed trees on Lakehall Road, Sunnyside Road, Stuart Island Road and at the Lake Chicot State Park. Several of these trees fell on power lines causing outages to a large portion of the Lake Village community. This tornado then continued east-northeast across the MS River to across Lake Ferguson in Washington County, where the second floor was blown off of a lake house on South Ferguson Road. In addition, a high concentration of snapped and uprooted hardwood trees was noted on the backside of the lakehouse on South Ferguson Road, thus resulting in the upgraded EF-2 rating. It continued to move east to Highway 1 North where it snapped small to large hardwood tree limbs before dissipating. Estimated peak wind with this tornado was 127 mph. Max width was 850 yards. Total path length was 17.81 miles.","A warm, moist airmass was in place across the region ahead of a potent January weather system. Ample wind energy also was present, which not only helped bring damaging winds with severe storms but also allowed for strong gradient winds to occur ahead of an eastward advancing squall line. Severe weather occurred in the early morning hours of January 11th and continued across the ArkLaMiss region before noon, resulting in widespread wind damage as well as some tornadoes.",39
867838,CHICOT CO.,MYRTLE GROVE,01/11/2020,336,Tornado, ,EF1,0,0,110000,0,AR,CST-6, ,143974,C,17,JAN,0,0,NWS Storm Survey, ,0.17,15,1,WNW,1,WNW,MYRTLE GROVE,01/11/2020,337,33.3027,-91.2845,33.3023,-91.2816,"A brief tornado developed near US Highway 65/US Highway 278 near Arkansas Highway 159. It collapsed the center of a metal building where only one side and the front of the building were left standing. On the backside, a shed was completely destroyed. The tornado then moved east across the highway to the Delta Spindle Building, a metal warehouse building. Here, some windows were blown out and portions of the tin roof were peeled off and blew into the tree line on the backside of the business. In addition, the tornado broke a wooden power pole in the parking lot of the Delta Spindle Building before lifting. Maximum peak winds were estimated at 99 mph.","A warm, moist airmass was in place across the region ahead of a potent January weather system. Ample wind energy also was present, which not only helped bring damaging winds with severe storms but also allowed for strong gradient winds to occur ahead of an eastward advancing squall line. Severe weather occurred in the early morning hours of January 11th and continued across the ArkLaMiss region before noon, resulting in widespread wind damage as well as some tornadoes.",40
869585,WASHINGTON CO.,REFUGE,01/11/2020,344,Tornado, ,EF0,0,0,5000,0,MS,CST-6, ,143975,C,151,JAN,0,0,NWS Storm Survey, ,5.44,200,7,NNW,3,WNW,GREENVILLE,01/11/2020,350,33.385,-91.183,33.419,-91.098,"This tornado began on the southeast side of the Lake Village Municipal Airport on Airport Road where it rolled and almost destroyed a manufactured home. It is at Airport Road where one injury was reported due to a tree falling on a home. It then moved east-northeast to US Highway 278, breaking 8 to 10 wooden electrical poles. It moved to the northeast of the Lake Village community where it continued to knock down wooden electrical poles and began to uproot and snap large branches from softwood trees along North Lakeshore Drive and along the shore of Lake Chicot. The Lake Village Country Club along North Lakeshore Drive took damage to its roof on the backside. In addition, on the backside of the Country Club, a nearby forested area had multiple snapped large hardwood tree limbs in addition to the tin roof of a metal storage building peeled completely off. Also along North Lakeshore Drive, multiple trees were uprooted and snapped at a trailer park, where one trailer was blown across the street to near the bottom of Lake Chicot. As the tornado continued to track northeast, it moved along AR Highway 144, uprooting trees and snapping large hardwood limbs. Five electrical power poles were downed along Highway 144, as well as another trailer getting rolled to near the bottom of Lake Chicot.  The tornado continued to snap large limbs and uproot hardwood trees as it moved across Pecan Ridge Drive. The tornado continued to just north of Levee Road where it lifted, but not before a few uprooting hardwood trees and snapping small to medium sized limbs. It is important to note that a large swath of severe wind speeds resulted in widespread downed trees on Lakehall Road, Sunnyside Road, Stuart Island Road and at the Lake Chicot State Park. Several of these trees fell on power lines causing outages to a large portion of the Lake Village community. This tornado then continued east-northeast across the MS River to across Lake Ferguson in Washington County, where the second floor was blown off of a lake house on South Ferguson Road. In addition, a high concentration of snapped and uprooted hardwood trees was noted on the backside of the lakehouse on South Ferguson Road, thus resulting in the upgraded EF-2 rating. It continued to move east to Highway 1 North where it snapped small to large hardwood tree limbs before dissipating. Estimated peak wind with this tornado was 127 mph. Max width was 850 yards. Total path length was 17.81 miles.","A warm, moist airmass was in place across the region ahead of a potent January weather system. Ample wind energy also was present, which not only helped bring damaging winds with severe storms but also allowed for strong gradient winds to occur ahead of an eastward advancing squall line. Severe weather occurred in the early morning hours of January 11th and continued across the ArkLaMiss region before noon, resulting in widespread wind damage as well as some tornadoes.",41
867894,BOLIVAR CO.,BOLIVAR,01/11/2020,348,Tornado, ,EF2,0,4,3000000,250000,MS,CST-6, ,143975,C,11,JAN,0,0,NWS Storm Survey, ,23.38,1800,1,ESE,3,SE,MERIGOLD,01/11/2020,411,33.6658,-91.0602,33.8076,-90.6907,"An EF-2 tornado touched down in Bolivar County near the Mississippi River. Tree damage could be seen from atop the levee just west of Benoit. The tornado tracked through farmland just north of Benoit where it knocked down trees and power lines. It also damaged heavy farm equipment and destroyed a farm equipment shelter, ripping and tossing its concrete anchors over 100 yards. The tornado then crossed Highway 1, where it destroyed some large grain bins and snapped numerous power poles. The tornado proceeded into the Dahomey National Wildlife Refuge where it knocked down trees and power poles. The most substantial damage was noted as the tornado crossed Highway 8 between Pace and Cleveland. It snapped more than 40 wooden power poles along Highway 8. The tornado uprooted and snapped trees and damaged some well built homes in the area northwest of Cleveland. This is also the area where the tornado snapped several concrete power poles. Several mobile homes were destroyed along South Bayou Road, injuring three people. More mobile homes were destroyed on McCain Road, injuring one person. The tornado proceeded to cross US 61 where it snapped more power poles and damaged homes near Tolliver Road. It also damaged some steel power trusses and a business along US 61 in Renova. The tornado lifted east of US 61 before crossing into Sunflower County. Maximum peak winds were estimated around 130 mph.","A warm, moist airmass was in place across the region ahead of a potent January weather system. Ample wind energy also was present, which not only helped bring damaging winds with severe storms but also allowed for strong gradient winds to occur ahead of an eastward advancing squall line. Severe weather occurred in the early morning hours of January 11th and continued across the ArkLaMiss region before noon, resulting in widespread wind damage as well as some tornadoes.",42
869584,CHICOT CO.,LELAND,01/11/2020,350,Tornado, ,EF1,0,0,10000,0,AR,CST-6, ,143974,C,17,JAN,0,0,NWS Storm Survey, ,2.97,200,5,NE,8,NE,LELAND,01/11/2020,352,33.419,-91.098,33.446,-91.058,"This tornado began on the southeast side of the Lake Village Municipal Airport on Airport Road where it rolled and almost destroyed a manufactured home. It is at Airport Road where one injury was reported due to a tree falling on a home. It then moved east-northeast to US Highway 278, breaking 8 to 10 wooden electrical poles. It moved to the northeast of the Lake Village community where it continued to knock down wooden electrical poles and began to uproot and snap large branches from softwood trees along North Lakeshore Drive and along the shore of Lake Chicot. The Lake Village Country Club along North Lakeshore Drive took damage to its roof on the backside. In addition, on the backside of the Country Club, a nearby forested area had multiple snapped large hardwood tree limbs in addition to the tin roof of a metal storage building peeled completely off. Also along North Lakeshore Drive, multiple trees were uprooted and snapped at a trailer park, where one trailer was blown across the street to near the bottom of Lake Chicot. As the tornado continued to track northeast, it moved along AR Highway 144, uprooting trees and snapping large hardwood limbs. Five electrical power poles were downed along Highway 144, as well as another trailer getting rolled to near the bottom of Lake Chicot.  The tornado continued to snap large limbs and uproot hardwood trees as it moved across Pecan Ridge Drive. The tornado continued to just north of Levee Road where it lifted, but not before a few uprooting hardwood trees and snapping small to medium sized limbs. It is important to note that a large swath of severe wind speeds resulted in widespread downed trees on Lakehall Road, Sunnyside Road, Stuart Island Road and at the Lake Chicot State Park. Several of these trees fell on power lines causing outages to a large portion of the Lake Village community. This tornado then continued east-northeast across the MS River to across Lake Ferguson in Washington County, where the second floor was blown off of a lake house on South Ferguson Road. In addition, a high concentration of snapped and uprooted hardwood trees was noted on the backside of the lakehouse on South Ferguson Road, thus resulting in the upgraded EF-2 rating. It continued to move east to Highway 1 North where it snapped small to large hardwood tree limbs before dissipating. Estimated peak wind with this tornado was 127 mph. Max width was 850 yards. Total path length was 17.81 miles.","A warm, moist airmass was in place across the region ahead of a potent January weather system. Ample wind energy also was present, which not only helped bring damaging winds with severe storms but also allowed for strong gradient winds to occur ahead of an eastward advancing squall line. Severe weather occurred in the early morning hours of January 11th and continued across the ArkLaMiss region before noon, resulting in widespread wind damage as well as some tornadoes.",43
869586,WASHINGTON CO.,NORTH GREENVILLE,01/11/2020,352,Tornado, ,EF2,0,0,120000,0,MS,CST-6, ,143975,C,151,JAN,0,0,NWS Storm Survey, ,0.99,850,2,W,1,WNW,NORTH GREENVILLE,01/11/2020,353,33.446,-91.058,33.4551,-91.0448,"This tornado began on the southeast side of the Lake Village Municipal Airport on Airport Road where it rolled and almost destroyed a manufactured home. It is at Airport Road where one injury was reported due to a tree falling on a home. It then moved east-northeast to US Highway 278, breaking 8 to 10 wooden electrical poles. It moved to the northeast of the Lake Village community where it continued to knock down wooden electrical poles and began to uproot and snap large branches from softwood trees along North Lakeshore Drive and along the shore of Lake Chicot. The Lake Village Country Club along North Lakeshore Drive took damage to its roof on the backside. In addition, on the backside of the Country Club, a nearby forested area had multiple snapped large hardwood tree limbs in addition to the tin roof of a metal storage building peeled completely off. Also along North Lakeshore Drive, multiple trees were uprooted and snapped at a trailer park, where one trailer was blown across the street to near the bottom of Lake Chicot. As the tornado continued to track northeast, it moved along AR Highway 144, uprooting trees and snapping large hardwood limbs. Five electrical power poles were downed along Highway 144, as well as another trailer getting rolled to near the bottom of Lake Chicot.  The tornado continued to snap large limbs and uproot hardwood trees as it moved across Pecan Ridge Drive. The tornado continued to just north of Levee Road where it lifted, but not before a few uprooting hardwood trees and snapping small to medium sized limbs. It is important to note that a large swath of severe wind speeds resulted in widespread downed trees on Lakehall Road, Sunnyside Road, Stuart Island Road and at the Lake Chicot State Park. Several of these trees fell on power lines causing outages to a large portion of the Lake Village community. This tornado then continued east-northeast across the MS River to across Lake Ferguson in Washington County, where the second floor was blown off of a lake house on South Ferguson Road. In addition, a high concentration of snapped and uprooted hardwood trees was noted on the backside of the lakehouse on South Ferguson Road, thus resulting in the upgraded EF-2 rating. It continued to move east to Highway 1 North where it snapped small to large hardwood tree limbs before dissipating. Estimated peak wind with this tornado was 127 mph. Max width was 850 yards. Total path length was 17.81 miles.","A warm, moist airmass was in place across the region ahead of a potent January weather system. Ample wind energy also was present, which not only helped bring damaging winds with severe storms but also allowed for strong gradient winds to occur ahead of an eastward advancing squall line. Severe weather occurred in the early morning hours of January 11th and continued across the ArkLaMiss region before noon, resulting in widespread wind damage as well as some tornadoes.",44
869014,BOLIVAR CO.,ROUND LAKE,01/11/2020,402,Tornado, ,EF1,0,0,350000,0,MS,CST-6, ,143975,C,11,JAN,0,0,NWS Storm Survey, ,4.18,880,1,SW,2,ESE,ROCHDALE WATTA ARPT,01/11/2020,405,34.0377,-90.8624,34.0818,-90.8124,"This tornado started near Levee Road where it snapped a couple of trees. The tornado crossed Highway 1 and continued northeast crossing Round Lake Road, where it snapped and uprooted several trees near a home. The tornado moved northeast across some farmland snapping a few more trees. The tornado crossed Sandy Ridge Road where it caused roof damage to several homes, along with snapping and uprooting several trees. The tornado ended just northeast of Odell Road, where it downed three power poles and knocked over a pivot. The estimate peak wind was 100 mph.","A warm, moist airmass was in place across the region ahead of a potent January weather system. Ample wind energy also was present, which not only helped bring damaging winds with severe storms but also allowed for strong gradient winds to occur ahead of an eastward advancing squall line. Severe weather occurred in the early morning hours of January 11th and continued across the ArkLaMiss region before noon, resulting in widespread wind damage as well as some tornadoes.",45
867893,BOLIVAR CO.,WINSTONVILLE,01/11/2020,407,Tornado, ,EF1,0,0,50000,0,MS,CST-6, ,143975,C,11,JAN,0,0,NWS Storm Survey, ,2.55,270,1,W,2,ENE,WINSTONVILLE,01/11/2020,410,33.8988,-90.7434,33.9105,-90.7013,"An EF1 tornado occurred in northern Bolivar County north of Mound Bayou. The tornado snapped trees and power lines along old US-61 before tracking northeast and snapping more trees and power lines on Moody Road south of Winstonville. Maximum peak winds were estimated at 110 mph.","A warm, moist airmass was in place across the region ahead of a potent January weather system. Ample wind energy also was present, which not only helped bring damaging winds with severe storms but also allowed for strong gradient winds to occur ahead of an eastward advancing squall line. Severe weather occurred in the early morning hours of January 11th and continued across the ArkLaMiss region before noon, resulting in widespread wind damage as well as some tornadoes.",46
869010,SUNFLOWER CO.,PARCHMAN,01/11/2020,418,Tornado, ,EF2,0,0,700000,0,MS,CST-6, ,143975,C,133,JAN,0,0,NWS Storm Survey, ,5.54,1700,1,W,1,ENE,ROME,01/11/2020,425,33.9183,-90.5201,33.9796,-90.4579,"An EF-2 tornado touched down in northern Sunflower County on the grounds of Mississippi State Penitentiary. It caused minor damage on the penitentiary grounds before tracking northeast toward Rome. The tornado damaged or destroyed several homes and businesses in Rome including the Rome Post Office. It also snapped several wooden power poles along US 49W. The tornado lifted as it approached the Sunflower/Tallahatchie/Coahoma county line. The estimated peak wind was 115 mph.","A warm, moist airmass was in place across the region ahead of a potent January weather system. Ample wind energy also was present, which not only helped bring damaging winds with severe storms but also allowed for strong gradient winds to occur ahead of an eastward advancing squall line. Severe weather occurred in the early morning hours of January 11th and continued across the ArkLaMiss region before noon, resulting in widespread wind damage as well as some tornadoes.",47
869009,SUNFLOWER CO.,DWIGGINS,01/11/2020,419,Tornado, ,EF2,0,0,80000,0,MS,CST-6, ,143975,C,133,JAN,0,0,NWS Storm Survey, ,5.43,850,2,SSE,0,SSE,GOLDFIELD,01/11/2020,426,33.8224,-90.5682,33.8749,-90.4978,"An EF2 tornado touched down in Sunflower County, just west of Drew. The first damage was noted on Savell and Lombardy roads where it knocked down trees and power lines. The tornado completely destroyed a mobile home on Tharp Road, tossing its contents and the undercarriage. The tornado continued northeast and crossed US 49 where it snapped several wood power poles. The tornado lifted soon thereafter. The estimated peak wind was 125 mph.","A warm, moist airmass was in place across the region ahead of a potent January weather system. Ample wind energy also was present, which not only helped bring damaging winds with severe storms but also allowed for strong gradient winds to occur ahead of an eastward advancing squall line. Severe weather occurred in the early morning hours of January 11th and continued across the ArkLaMiss region before noon, resulting in widespread wind damage as well as some tornadoes.",48
874640,TALLAHATCHIE CO.,SUMNER,01/11/2020,426,Tornado, ,EF0,0,0,50000,0,MS,CST-6, ,145635,C,135,MEG,0,0,NWS Storm Survey, ,2.24,100,2,WNW,2,N,SUMNER,01/11/2020,428,33.9798,-90.4099,34.0013,-90.3807,"The tornado developed just east of Highway 49E, approximately 2.4 miles west-northwest of Sumner, causing damage to a grain bin. Moving to the northeast, the tornado damaged a barn and derailed 30 train cars near Tutwiler Road. Sporadic tree damage was observed along the path. Peak winds were estimated at 80 mph. A total of 30 homes were damaged by straight-line winds and this tornado on this date across mainly western sections of Tallahatchie County.","A cold season quasi-linear convective system (QLCS) moved across the Mid-South during the overnight and early morning hours Saturday, January 11, 2020. Strong southerly winds drew unseasonably warm, moist air northward into the region ahead of a cold front. Early morning temperatures were in the upper 60s and lower 70s with dewpoints in the upper 60s. This aided in the development of uncapped surface-based instability that was more than sufficient to maintain the QLCS. A strengthening  shortwave trough was lifting northeastward across the Ozarks during the event resulting in strengthing wind fields and ample wind shear.  The QLCS evolved into a Line Echo Wave Pattern (LEWP) with several persistent mesovortices across north Mississippi and a few transient mesovortices farther north into west Tennessee. Widespread damaging wind was observed across the entire County Warning Area (CWA) along with 13 tornadoes. In addition to the severe weather potential, heavy rainfall was a noted threat. Isolated flash flooding did occur with this system.",49
874664,OBION CO.,EBENEZER,01/11/2020,438,Tornado, ,EF1,0,0,75000,0,TN,CST-6, ,145636,C,131,MEG,0,0,NWS Storm Survey, ,1.86,150,2,E,1,WNW,MC ANNA,01/11/2020,440,36.3671,-89.1916,36.3885,-89.1712,"Several barns and outbuildings were severely damaged or destroyed by the tornado. There was also tree damage as well as roof damage to homes. Peak winds were estimated at 90 mph.  There was also a substantial area of straight-line wind damage.","A cold season quasi-linear convective system (QLCS) moved across the Mid-South during the overnight and early morning hours Saturday, January 11, 2020. Strong southerly winds drew unseasonably warm, moist air northward into the region ahead of a cold front. Early morning temperatures were in the upper 60s and lower 70s with dewpoints in the upper 60s. This aided in the development of uncapped surface-based instability that was more than sufficient to maintain the QLCS. A strengthening  shortwave trough was lifting northeastward across the Ozarks during the event resulting in strengthing wind fields and ample wind shear.  The QLCS evolved into a Line Echo Wave Pattern (LEWP) with several persistent mesovortices across north Mississippi and a few transient mesovortices farther north into west Tennessee. Widespread damaging wind was observed across the entire County Warning Area (CWA) along with 13 tornadoes. In addition to the severe weather potential, heavy rainfall was a noted threat. Isolated flash flooding did occur with this system.",50
874679,TATE CO.,ARKABUTLA,01/11/2020,442,Tornado, ,EF0,0,0,10000,0,MS,CST-6, ,145635,C,137,MEG,0,0,NWS Storm Survey, ,3.53,200,0,SSW,3,NE,ARKABUTLA,01/11/2020,445,34.6979,-90.1309,34.7301,-90.0827,"The tornado touched down near the Arkabutla community and damaged trees then tracked northeast across Arkabutla lake and crossed into DeSoto County.  One home suffered minor damage.","A cold season quasi-linear convective system (QLCS) moved across the Mid-South during the overnight and early morning hours Saturday, January 11, 2020. Strong southerly winds drew unseasonably warm, moist air northward into the region ahead of a cold front. Early morning temperatures were in the upper 60s and lower 70s with dewpoints in the upper 60s. This aided in the development of uncapped surface-based instability that was more than sufficient to maintain the QLCS. A strengthening  shortwave trough was lifting northeastward across the Ozarks during the event resulting in strengthing wind fields and ample wind shear.  The QLCS evolved into a Line Echo Wave Pattern (LEWP) with several persistent mesovortices across north Mississippi and a few transient mesovortices farther north into west Tennessee. Widespread damaging wind was observed across the entire County Warning Area (CWA) along with 13 tornadoes. In addition to the severe weather potential, heavy rainfall was a noted threat. Isolated flash flooding did occur with this system.",51
874680,DE SOTO CO.,ARKABUTLA RES,01/11/2020,445,Tornado, ,EF1,0,0,600000,0,MS,CST-6, ,145635,C,33,MEG,0,0,NWS Storm Survey, ,7.74,200,1,E,2,NNE,LOVE,01/11/2020,452,34.7301,-90.0827,34.7778,-89.9594,"The tornado tracked across Arkabutla Lake and damaged trees and sheds at the Hernando Point Park. The tornado caused additional tree damage, and damage to roofs, as it approached Highway 51. Damage to residences and storage buildings was observed as it crossed Highway 51. The tornado dissipated just east of Interstate 55. Peak winds were estimated at 100 mph. A total of 210 homes were damaged by tornadoes and straight-line winds on this date across DeSoto County.","A cold season quasi-linear convective system (QLCS) moved across the Mid-South during the overnight and early morning hours Saturday, January 11, 2020. Strong southerly winds drew unseasonably warm, moist air northward into the region ahead of a cold front. Early morning temperatures were in the upper 60s and lower 70s with dewpoints in the upper 60s. This aided in the development of uncapped surface-based instability that was more than sufficient to maintain the QLCS. A strengthening  shortwave trough was lifting northeastward across the Ozarks during the event resulting in strengthing wind fields and ample wind shear.  The QLCS evolved into a Line Echo Wave Pattern (LEWP) with several persistent mesovortices across north Mississippi and a few transient mesovortices farther north into west Tennessee. Widespread damaging wind was observed across the entire County Warning Area (CWA) along with 13 tornadoes. In addition to the severe weather potential, heavy rainfall was a noted threat. Isolated flash flooding did occur with this system.",52
874713,QUITMAN CO.,BOBO,01/11/2020,445,Tornado, ,EF1,0,0,50000,0,MS,CST-6, ,145635,C,119,MEG,0,0,NWS Storm Survey, ,1.8,150,1,SSE,2,ESE,BOBO,01/11/2020,447,34.26,-90.175,34.2744,-90.1487,"The tornado touched down near the intersection of Eason and Jamison Roads, causing significant damage to two mobile homes. The tornado damaged another mobile home and an outbuilding on Bill Locke Road before crossing into Panola County. Peak winds were estimated at 105 mph.","A cold season quasi-linear convective system (QLCS) moved across the Mid-South during the overnight and early morning hours Saturday, January 11, 2020. Strong southerly winds drew unseasonably warm, moist air northward into the region ahead of a cold front. Early morning temperatures were in the upper 60s and lower 70s with dewpoints in the upper 60s. This aided in the development of uncapped surface-based instability that was more than sufficient to maintain the QLCS. A strengthening  shortwave trough was lifting northeastward across the Ozarks during the event resulting in strengthing wind fields and ample wind shear.  The QLCS evolved into a Line Echo Wave Pattern (LEWP) with several persistent mesovortices across north Mississippi and a few transient mesovortices farther north into west Tennessee. Widespread damaging wind was observed across the entire County Warning Area (CWA) along with 13 tornadoes. In addition to the severe weather potential, heavy rainfall was a noted threat. Isolated flash flooding did occur with this system.",53
874714,PANOLA CO.,LOCKE STATION,01/11/2020,447,Tornado, ,EF1,0,1,300000,0,MS,CST-6, ,145635,C,107,MEG,0,0,NWS Storm Survey, ,3.87,150,0,S,2,NNW,ASA,01/11/2020,451,34.2744,-90.1487,34.3011,-90.0892,"This tornado crossed from Quitman County into Panola County. The tornado continued northeast, damaging numerous homes along Waldrup Road in western Panola County. The tornado dissipated east of Nash Road after crossing Highway 278. A total of 50 homes were damaged by tornadoes and straight-line winds on this date across Panola County.","A cold season quasi-linear convective system (QLCS) moved across the Mid-South during the overnight and early morning hours Saturday, January 11, 2020. Strong southerly winds drew unseasonably warm, moist air northward into the region ahead of a cold front. Early morning temperatures were in the upper 60s and lower 70s with dewpoints in the upper 60s. This aided in the development of uncapped surface-based instability that was more than sufficient to maintain the QLCS. A strengthening  shortwave trough was lifting northeastward across the Ozarks during the event resulting in strengthing wind fields and ample wind shear.  The QLCS evolved into a Line Echo Wave Pattern (LEWP) with several persistent mesovortices across north Mississippi and a few transient mesovortices farther north into west Tennessee. Widespread damaging wind was observed across the entire County Warning Area (CWA) along with 13 tornadoes. In addition to the severe weather potential, heavy rainfall was a noted threat. Isolated flash flooding did occur with this system.",54
874723,DE SOTO CO.,BRIGHT,01/11/2020,453,Tornado, ,EF2,0,0,2600000,0,MS,CST-6, ,145635,C,33,MEG,0,0,NWS Storm Survey, ,8.21,300,1,N,1,ENE,MILLER,01/11/2020,501,34.8576,-89.9206,34.9255,-89.8018,"This tornado developed just south of Interstate 269 northeast of Hernando. The tornado initially damaged trees and signs as it crossed I-269. The tornado strengthened as it crossed Craft Road. The tornado heavily damaged a stable and a large metal storage building and then crossed into residential areas east of Craft Road. Numerous homes were damaged, with some sustaining significant damage. The tornado continued northeast, causing minor roof damage, and dissipated near the intersection of Bethel Road and Interstate 22. Strong straight-line winds caused additional damage just south of the tornado track.  Peak winds were estimated at 120 mph.  A total of 210 homes were damaged by tornadoes and straight-line winds on this date across DeSoto County.","A cold season quasi-linear convective system (QLCS) moved across the Mid-South during the overnight and early morning hours Saturday, January 11, 2020. Strong southerly winds drew unseasonably warm, moist air northward into the region ahead of a cold front. Early morning temperatures were in the upper 60s and lower 70s with dewpoints in the upper 60s. This aided in the development of uncapped surface-based instability that was more than sufficient to maintain the QLCS. A strengthening  shortwave trough was lifting northeastward across the Ozarks during the event resulting in strengthing wind fields and ample wind shear.  The QLCS evolved into a Line Echo Wave Pattern (LEWP) with several persistent mesovortices across north Mississippi and a few transient mesovortices farther north into west Tennessee. Widespread damaging wind was observed across the entire County Warning Area (CWA) along with 13 tornadoes. In addition to the severe weather potential, heavy rainfall was a noted threat. Isolated flash flooding did occur with this system.",55
874743,PANOLA CO.,COMO,01/11/2020,504,Tornado, ,EF0,0,0,100000,0,MS,CST-6, ,145635,C,107,MEG,0,0,NWS Storm Survey, ,5.88,150,4,ESE,2,NW,GLENVILLE,01/11/2020,510,34.5045,-89.8584,34.5539,-89.7744,"The tornado began near County Road 310 and Rooks Road in Panola County, damaging numerous trees as it moved northeast. A few barns sustained significant damage on Partee Road. The tornado then continued into Tate County. The peak winds were estimated at 75 mph. A total of 50 homes were damaged by tornadoes and straight-line winds on this date across Panola County.","A cold season quasi-linear convective system (QLCS) moved across the Mid-South during the overnight and early morning hours Saturday, January 11, 2020. Strong southerly winds drew unseasonably warm, moist air northward into the region ahead of a cold front. Early morning temperatures were in the upper 60s and lower 70s with dewpoints in the upper 60s. This aided in the development of uncapped surface-based instability that was more than sufficient to maintain the QLCS. A strengthening  shortwave trough was lifting northeastward across the Ozarks during the event resulting in strengthing wind fields and ample wind shear.  The QLCS evolved into a Line Echo Wave Pattern (LEWP) with several persistent mesovortices across north Mississippi and a few transient mesovortices farther north into west Tennessee. Widespread damaging wind was observed across the entire County Warning Area (CWA) along with 13 tornadoes. In addition to the severe weather potential, heavy rainfall was a noted threat. Isolated flash flooding did occur with this system.",56
874744,TATE CO.,LOOXAHOMA,01/11/2020,510,Tornado, ,EF0,0,0,10000,0,MS,CST-6, ,145635,C,137,MEG,0,0,NWS Storm Survey, ,1.37,150,4,SE,3,WSW,TYRO,01/11/2020,512,34.5539,-89.7744,34.5683,-89.7579,"The tornado crossed from Panola County into Tate County. A few trees were damaged in Tate County before the tornado lifted near Barlow Road.","A cold season quasi-linear convective system (QLCS) moved across the Mid-South during the overnight and early morning hours Saturday, January 11, 2020. Strong southerly winds drew unseasonably warm, moist air northward into the region ahead of a cold front. Early morning temperatures were in the upper 60s and lower 70s with dewpoints in the upper 60s. This aided in the development of uncapped surface-based instability that was more than sufficient to maintain the QLCS. A strengthening  shortwave trough was lifting northeastward across the Ozarks during the event resulting in strengthing wind fields and ample wind shear.  The QLCS evolved into a Line Echo Wave Pattern (LEWP) with several persistent mesovortices across north Mississippi and a few transient mesovortices farther north into west Tennessee. Widespread damaging wind was observed across the entire County Warning Area (CWA) along with 13 tornadoes. In addition to the severe weather potential, heavy rainfall was a noted threat. Isolated flash flooding did occur with this system.",57
866145,GRAVES CO.,STUBBLEFIELD,01/11/2020,517,Tornado, ,EF1,0,0,2000000,0,KY,CST-6, ,144298,C,83,PAH,0,0,NWS Storm Survey, ,1.98,230,2,WSW,0,S,STUBBLEFIELD,01/11/2020,519,36.6198,-88.7049,36.6256,-88.6698,"The tornado touched down at the intersection of Little Bethel Church Road and Woodson Road, traveled along and just north of Woodson Road, went across State Route 129 and ended just east of Stubblefield Road. The tornado traveled east-northeast at 60 mph for two consecutive miles. Much of the damage path width was 100 yards or less, but peaked at 235 yards wide just east of Route 129. The tornado hit a farm/out building and did damage to several trees along Woodson Road. It intensified at Route 129, and then hit a chicken farm with substantial damage to 3 of the 6 buildings. A 4th building was moderately damaged. Two buildings at each end had minor damage. Metal roofing was launched well up into trees at least 50 to 60 feet tall east of the farm buildings. Damage was estimated to be around 2 million dollars. Minor damage to a house and some trees was found at Stubblefield Road before the tornado ended. Peak winds in this tornado were estimated near 110 mph.","An unseasonably strong storm system impacted the region January 10-11. Heavy rainfall, flooding, scattered damaging winds, tornadoes, and gusty non-thunderstorm winds impacted western Kentucky during this time. The bulk of the event occurred overnight and into the morning hours on the 11th. Rainfall totals ranged from 2 to 5 inches, which resulted in pockets of flash flooding across the region, as well as minor flooding of the Green River. Strong to severe convection over the Ozark Mountains moved east into an environment of very strong wind shear over southeast Missouri, with 850 mb winds near 60 knots. The convection maintained intensity after it crossed the Mississippi River during the early morning hours. Tremendous wind shear (winds of 50 knots down to 1500 feet above ground) and strong forcing associated with a potent 500 mb shortwave compensated for weak instability. Some of the strong winds aloft reached the surface in the form of gradient wind gusts from 40 to around 50 mph. A weak surface low formed along a cold front over southwest Arkansas, then deepened as it tracked northeast across the Missouri Bootheel and into the lower Ohio Valley on the morning of the 11th.",58
874745,MARSHALL CO.,CHULAHOMA,01/11/2020,521,Tornado, ,EF0,0,1,25000,0,MS,CST-6, ,145635,C,93,MEG,0,0,NWS Storm Survey, ,5.85,70,1,ENE,3,NNE,GALENA,01/11/2020,528,34.655,-89.6108,34.6923,-89.5184,"The tornado began near Highway 4 and Muse Road, damaging trees and a couple of manufactured homes. Additional tree damage was observed north of Highway 4 along Mt. Gilead Road and along Old Highway 4 from Yarbough Chapel to McIntyre Church Road. Peak winds were estimated at 80 mph.","A cold season quasi-linear convective system (QLCS) moved across the Mid-South during the overnight and early morning hours Saturday, January 11, 2020. Strong southerly winds drew unseasonably warm, moist air northward into the region ahead of a cold front. Early morning temperatures were in the upper 60s and lower 70s with dewpoints in the upper 60s. This aided in the development of uncapped surface-based instability that was more than sufficient to maintain the QLCS. A strengthening  shortwave trough was lifting northeastward across the Ozarks during the event resulting in strengthing wind fields and ample wind shear.  The QLCS evolved into a Line Echo Wave Pattern (LEWP) with several persistent mesovortices across north Mississippi and a few transient mesovortices farther north into west Tennessee. Widespread damaging wind was observed across the entire County Warning Area (CWA) along with 13 tornadoes. In addition to the severe weather potential, heavy rainfall was a noted threat. Isolated flash flooding did occur with this system.",59
874750,FAYETTE CO.,WILLISTON,01/11/2020,536,Tornado, ,EF0,0,0,30000,0,TN,CST-6, ,145636,C,47,MEG,0,0,NWS Storm Survey, ,1.98,90,3,SE,4,ESE,WILLISTON,01/11/2020,538,35.1294,-89.3431,35.1463,-89.3148,"This brief tornado developed just west of Duscoe Road southeast of Williston. The tornado uprooted trees and caused minor damage to a residence as it crossed Duscoe Road. Along Ebenezer Loop, the tornado caused minor damage to a mobile home and uprooted trees. The final damage was noted along Mount Pisgah Road. Peak winds were estimated at 80 mph.","A cold season quasi-linear convective system (QLCS) moved across the Mid-South during the overnight and early morning hours Saturday, January 11, 2020. Strong southerly winds drew unseasonably warm, moist air northward into the region ahead of a cold front. Early morning temperatures were in the upper 60s and lower 70s with dewpoints in the upper 60s. This aided in the development of uncapped surface-based instability that was more than sufficient to maintain the QLCS. A strengthening  shortwave trough was lifting northeastward across the Ozarks during the event resulting in strengthing wind fields and ample wind shear.  The QLCS evolved into a Line Echo Wave Pattern (LEWP) with several persistent mesovortices across north Mississippi and a few transient mesovortices farther north into west Tennessee. Widespread damaging wind was observed across the entire County Warning Area (CWA) along with 13 tornadoes. In addition to the severe weather potential, heavy rainfall was a noted threat. Isolated flash flooding did occur with this system.",60
866146,MARSHALL CO.,BENTON,01/11/2020,542,Tornado, ,EF1,0,0,30000,0,KY,CST-6, ,144298,C,157,PAH,0,0,NWS Storm Survey, ,2.34,25,2,SW,1,NNW,BENTON,01/11/2020,545,36.8522,-88.3787,36.8817,-88.3578,"The tornado touched down near the U.S. 641 exit of Interstate 69 and moved north northeast. This tornado passed just beyond the northwestern outskirts of Benton, sparing the city from significant damage. Numerous trees were snapped or uprooted along the path. One barn had the roof blown off. There was other straight line wind damage in the immediate area. Peak winds in the tornado were estimated near 90 mph.","An unseasonably strong storm system impacted the region January 10-11. Heavy rainfall, flooding, scattered damaging winds, tornadoes, and gusty non-thunderstorm winds impacted western Kentucky during this time. The bulk of the event occurred overnight and into the morning hours on the 11th. Rainfall totals ranged from 2 to 5 inches, which resulted in pockets of flash flooding across the region, as well as minor flooding of the Green River. Strong to severe convection over the Ozark Mountains moved east into an environment of very strong wind shear over southeast Missouri, with 850 mb winds near 60 knots. The convection maintained intensity after it crossed the Mississippi River during the early morning hours. Tremendous wind shear (winds of 50 knots down to 1500 feet above ground) and strong forcing associated with a potent 500 mb shortwave compensated for weak instability. Some of the strong winds aloft reached the surface in the form of gradient wind gusts from 40 to around 50 mph. A weak surface low formed along a cold front over southwest Arkansas, then deepened as it tracked northeast across the Missouri Bootheel and into the lower Ohio Valley on the morning of the 11th.",61
874754,WEAKLEY CO.,HILLSIDE,01/11/2020,558,Tornado, ,EF0,0,0,15000,0,TN,CST-6, ,145636,C,183,MEG,0,0,NWS Storm Survey, ,0.08,75,2,ESE,2,ESE,HILLSIDE,01/11/2020,559,36.2574,-88.8041,36.2573,-88.8027,"A brief tornado touched down destroying outbuildings and sheds. A few trees were knocked down. Peak winds were estimated at 85 mph.","A cold season quasi-linear convective system (QLCS) moved across the Mid-South during the overnight and early morning hours Saturday, January 11, 2020. Strong southerly winds drew unseasonably warm, moist air northward into the region ahead of a cold front. Early morning temperatures were in the upper 60s and lower 70s with dewpoints in the upper 60s. This aided in the development of uncapped surface-based instability that was more than sufficient to maintain the QLCS. A strengthening  shortwave trough was lifting northeastward across the Ozarks during the event resulting in strengthing wind fields and ample wind shear.  The QLCS evolved into a Line Echo Wave Pattern (LEWP) with several persistent mesovortices across north Mississippi and a few transient mesovortices farther north into west Tennessee. Widespread damaging wind was observed across the entire County Warning Area (CWA) along with 13 tornadoes. In addition to the severe weather potential, heavy rainfall was a noted threat. Isolated flash flooding did occur with this system.",62
872331,ST. LANDRY PAR.,KROTZ SPGS,01/11/2020,604,Tornado, ,EF2,0,4,250000,0,LA,CST-6, ,145310,C,97,LCH,0,0,NWS Storm Survey, ,1.2,125,4,N,5,ESE,SWAYZEE LAKE,01/11/2020,606,30.5922,-91.7641,30.607,-91.7545,"An EF-2 tornado touched down north of Krotz Springs where it flipped and and destroyed a mobile home. The tornado continued along its path tipping another mobile home on its roof and destroying 2 others by flying debris and knocking them off their blocks. The tornado continued on producing minor roof damage to 6 other homes and damaging farm equipment. Four people received minor injuries in a mobile home. The max estimated wind speed was 115 mph.","An upper level disturbance and cold front moved across the region which resulted in an QLCS with embedded severe storms.",63
874950,LEE CO.,BETHANY,01/11/2020,645,Tornado, ,EF0,0,0,75000,0,MS,CST-6, ,145635,C,81,MEG,0,0,NWS Storm Survey, ,3.14,100,2,ESE,1,WNW,BALDWYN,01/11/2020,648,34.4938,-88.7007,34.5092,-88.6488,"The tornado developed in far northwestern Lee where it damaged trees and several commercial buildings as it crossed Highway 45. The tornado then crossed Highway 370 into Prentiss County.","A cold season quasi-linear convective system (QLCS) moved across the Mid-South during the overnight and early morning hours Saturday, January 11, 2020. Strong southerly winds drew unseasonably warm, moist air northward into the region ahead of a cold front. Early morning temperatures were in the upper 60s and lower 70s with dewpoints in the upper 60s. This aided in the development of uncapped surface-based instability that was more than sufficient to maintain the QLCS. A strengthening  shortwave trough was lifting northeastward across the Ozarks during the event resulting in strengthing wind fields and ample wind shear.  The QLCS evolved into a Line Echo Wave Pattern (LEWP) with several persistent mesovortices across north Mississippi and a few transient mesovortices farther north into west Tennessee. Widespread damaging wind was observed across the entire County Warning Area (CWA) along with 13 tornadoes. In addition to the severe weather potential, heavy rainfall was a noted threat. Isolated flash flooding did occur with this system.",64
874951,PRENTISS CO.,FRANKSTOWN,01/11/2020,648,Tornado, ,EF1,0,0,125000,0,MS,CST-6, ,145635,C,117,MEG,0,0,NWS Storm Survey, ,4.09,100,5,SSW,2,S,WHEELER,01/11/2020,652,34.5092,-88.6488,34.5483,-88.5949,"This tornado tracked from Lee County. Many trees were uprooted in Baldwyn, with a few trees falling on houses. The tornado damaged the roof of the high school and an industrial building on the northeast side of town. The last observed damage was to trees south of the Wheeler community. Peak winds were estimated at 90 mph. A total of 54 homes and five apartments were damaged by tornadoes and straight-line winds on this date across Prentiss County.","A cold season quasi-linear convective system (QLCS) moved across the Mid-South during the overnight and early morning hours Saturday, January 11, 2020. Strong southerly winds drew unseasonably warm, moist air northward into the region ahead of a cold front. Early morning temperatures were in the upper 60s and lower 70s with dewpoints in the upper 60s. This aided in the development of uncapped surface-based instability that was more than sufficient to maintain the QLCS. A strengthening  shortwave trough was lifting northeastward across the Ozarks during the event resulting in strengthing wind fields and ample wind shear.  The QLCS evolved into a Line Echo Wave Pattern (LEWP) with several persistent mesovortices across north Mississippi and a few transient mesovortices farther north into west Tennessee. Widespread damaging wind was observed across the entire County Warning Area (CWA) along with 13 tornadoes. In addition to the severe weather potential, heavy rainfall was a noted threat. Isolated flash flooding did occur with this system.",65
866147,TRIGG CO.,FENTON,01/11/2020,650,Tornado, ,EF1,0,0,80000,0,KY,CST-6, ,144298,C,221,PAH,0,0,NWS Storm Survey, ,4.48,75,4,SSE,2,NNW,LAUREL FURNACE,01/11/2020,656,36.72,-88.07,36.73,-87.99,"The tornado occurred in heavily wooded terrain on federally protected land. The tornado touched down in the Redd Hollow area (west of the Trace Highway) in the Land Between The Lakes National Recreation Area. Damage continued east to just south of the Wranglers Campground. The tornado could have crossed into Lake Barkley and Donaldson Creek, but no evidence was found further east. The heaviest area of damage was south of Wranglers Campground, where many dozens of trees were snapped and uprooted. Just south of the track, a microburst occurred where many trees were snapped and uprooted. Peak winds in this tornado were estimated near 105 mph.","An unseasonably strong storm system impacted the region January 10-11. Heavy rainfall, flooding, scattered damaging winds, tornadoes, and gusty non-thunderstorm winds impacted western Kentucky during this time. The bulk of the event occurred overnight and into the morning hours on the 11th. Rainfall totals ranged from 2 to 5 inches, which resulted in pockets of flash flooding across the region, as well as minor flooding of the Green River. Strong to severe convection over the Ozark Mountains moved east into an environment of very strong wind shear over southeast Missouri, with 850 mb winds near 60 knots. The convection maintained intensity after it crossed the Mississippi River during the early morning hours. Tremendous wind shear (winds of 50 knots down to 1500 feet above ground) and strong forcing associated with a potent 500 mb shortwave compensated for weak instability. Some of the strong winds aloft reached the surface in the form of gradient wind gusts from 40 to around 50 mph. A weak surface low formed along a cold front over southwest Arkansas, then deepened as it tracked northeast across the Missouri Bootheel and into the lower Ohio Valley on the morning of the 11th.",66
874952,PRENTISS CO.,BOONEVILLE,01/11/2020,656,Tornado, ,EF1,0,0,75000,0,MS,CST-6, ,145635,C,117,MEG,0,0,NWS Storm Survey, ,8.22,150,4,SSE,1,NNW,ALTITUDE,01/11/2020,703,34.5963,-88.5353,34.6864,-88.441,"The first damage was observed in the Hurricane Creek vicinity. As the tornado crossed County Road 5040, it damaged a large barn, two mobile homes, and a residence. The tornado damaged additional mobile homes along County Road 3040 and damaged several buildings at a lumber processing facility. The last damage was observed along County Road 1371.  Peak winds were estimated at 90 mph. A total of 54 homes and five apartments were damaged by tornadoes and straight-line winds on this date across Prentiss County.","A cold season quasi-linear convective system (QLCS) moved across the Mid-South during the overnight and early morning hours Saturday, January 11, 2020. Strong southerly winds drew unseasonably warm, moist air northward into the region ahead of a cold front. Early morning temperatures were in the upper 60s and lower 70s with dewpoints in the upper 60s. This aided in the development of uncapped surface-based instability that was more than sufficient to maintain the QLCS. A strengthening  shortwave trough was lifting northeastward across the Ozarks during the event resulting in strengthing wind fields and ample wind shear.  The QLCS evolved into a Line Echo Wave Pattern (LEWP) with several persistent mesovortices across north Mississippi and a few transient mesovortices farther north into west Tennessee. Widespread damaging wind was observed across the entire County Warning Area (CWA) along with 13 tornadoes. In addition to the severe weather potential, heavy rainfall was a noted threat. Isolated flash flooding did occur with this system.",67
866149,TRIGG CO.,CANTON,01/11/2020,700,Tornado, ,EF0,0,0,50000,0,KY,CST-6, ,144298,C,221,PAH,0,0,NWS Storm Survey, ,4.18,50,2,NNE,3,SW,CADIZ,01/11/2020,706,36.8321,-87.932,36.8433,-87.8577,"The tornado touched down just east of Blue Spring and tracked eastward just north of Blue Spring Road. It continued east northeast to just southwest of Cadiz. Several trees up to 3.5 feet in diameter were snapped and/or uprooted. There were several homes with minor roof damage and one that had moderate roof damage. One metal building had its garage door blown in. A large branch fell on a vehicle at one residence. A carport was shifted off its supports. Peak winds in this tornado were estimated near 85 mph.","An unseasonably strong storm system impacted the region January 10-11. Heavy rainfall, flooding, scattered damaging winds, tornadoes, and gusty non-thunderstorm winds impacted western Kentucky during this time. The bulk of the event occurred overnight and into the morning hours on the 11th. Rainfall totals ranged from 2 to 5 inches, which resulted in pockets of flash flooding across the region, as well as minor flooding of the Green River. Strong to severe convection over the Ozark Mountains moved east into an environment of very strong wind shear over southeast Missouri, with 850 mb winds near 60 knots. The convection maintained intensity after it crossed the Mississippi River during the early morning hours. Tremendous wind shear (winds of 50 knots down to 1500 feet above ground) and strong forcing associated with a potent 500 mb shortwave compensated for weak instability. Some of the strong winds aloft reached the surface in the form of gradient wind gusts from 40 to around 50 mph. A weak surface low formed along a cold front over southwest Arkansas, then deepened as it tracked northeast across the Missouri Bootheel and into the lower Ohio Valley on the morning of the 11th.",68
866222,CALDWELL CO.,HOPSON,01/11/2020,705,Tornado, ,EF1,0,0,100000,0,KY,CST-6, ,144298,C,33,PAH,0,0,NWS Storm Survey, ,7.18,250,1,WNW,3,SE,FRIENDSHIP,01/11/2020,714,36.9862,-87.8431,37.02,-87.72,"The tornado touched down on Highway 514 near Highway 139. Partial roof damage was reported to three homes. At least a half dozen barns or outbuildings were damaged or destroyed, mostly in the Caldwell County portion of the track. Four wooden high tension power poles were taken down. At least dozens of trees were snapped or uprooted. Peak winds were estimated near 100 mph. The tornado continued east into Christian County.","An unseasonably strong storm system impacted the region January 10-11. Heavy rainfall, flooding, scattered damaging winds, tornadoes, and gusty non-thunderstorm winds impacted western Kentucky during this time. The bulk of the event occurred overnight and into the morning hours on the 11th. Rainfall totals ranged from 2 to 5 inches, which resulted in pockets of flash flooding across the region, as well as minor flooding of the Green River. Strong to severe convection over the Ozark Mountains moved east into an environment of very strong wind shear over southeast Missouri, with 850 mb winds near 60 knots. The convection maintained intensity after it crossed the Mississippi River during the early morning hours. Tremendous wind shear (winds of 50 knots down to 1500 feet above ground) and strong forcing associated with a potent 500 mb shortwave compensated for weak instability. Some of the strong winds aloft reached the surface in the form of gradient wind gusts from 40 to around 50 mph. A weak surface low formed along a cold front over southwest Arkansas, then deepened as it tracked northeast across the Missouri Bootheel and into the lower Ohio Valley on the morning of the 11th.",69
874953,PRENTISS CO.,CLAIRE,01/11/2020,708,Tornado, ,EF1,0,0,15000,0,MS,CST-6, ,145635,C,117,MEG,0,0,NWS Storm Survey, ,2.74,120,4,W,2,NW,CLAIRE,01/11/2020,711,34.7276,-88.3934,34.7555,-88.3591,"This tornado produced minor roof damage and uprooted trees along County Road 1401. It damaged trees along Highway 356 to the west of Highway 365. The tornado then crossed into Tishomingo County. A total of 54 homes and five apartments were damaged by tornadoes and straight-line winds on this date across Prentiss County.","A cold season quasi-linear convective system (QLCS) moved across the Mid-South during the overnight and early morning hours Saturday, January 11, 2020. Strong southerly winds drew unseasonably warm, moist air northward into the region ahead of a cold front. Early morning temperatures were in the upper 60s and lower 70s with dewpoints in the upper 60s. This aided in the development of uncapped surface-based instability that was more than sufficient to maintain the QLCS. A strengthening  shortwave trough was lifting northeastward across the Ozarks during the event resulting in strengthing wind fields and ample wind shear.  The QLCS evolved into a Line Echo Wave Pattern (LEWP) with several persistent mesovortices across north Mississippi and a few transient mesovortices farther north into west Tennessee. Widespread damaging wind was observed across the entire County Warning Area (CWA) along with 13 tornadoes. In addition to the severe weather potential, heavy rainfall was a noted threat. Isolated flash flooding did occur with this system.",70
874954,TISHOMINGO CO.,HOLTS SPUR,01/11/2020,711,Tornado, ,EF1,0,0,75000,0,MS,CST-6, ,145635,C,141,MEG,0,0,NWS Storm Survey, ,2.97,120,1,SSW,1,NNE,HOLTS,01/11/2020,714,34.7555,-88.3591,34.7862,-88.3226,"The tornado strengthened as it crossed into Tishomingo County from Prentiss County causing its most significant damage along Highway 365. The tornado damaged several homes and storage buildings before dissipating near the Tennessee-Tombigbee Waterway. Peak winds were estimated at 100 mph.","A cold season quasi-linear convective system (QLCS) moved across the Mid-South during the overnight and early morning hours Saturday, January 11, 2020. Strong southerly winds drew unseasonably warm, moist air northward into the region ahead of a cold front. Early morning temperatures were in the upper 60s and lower 70s with dewpoints in the upper 60s. This aided in the development of uncapped surface-based instability that was more than sufficient to maintain the QLCS. A strengthening  shortwave trough was lifting northeastward across the Ozarks during the event resulting in strengthing wind fields and ample wind shear.  The QLCS evolved into a Line Echo Wave Pattern (LEWP) with several persistent mesovortices across north Mississippi and a few transient mesovortices farther north into west Tennessee. Widespread damaging wind was observed across the entire County Warning Area (CWA) along with 13 tornadoes. In addition to the severe weather potential, heavy rainfall was a noted threat. Isolated flash flooding did occur with this system.",71
866159,CALDWELL CO.,FRIENDSHIP,01/11/2020,712,Tornado, ,EF0,0,0,50000,0,KY,CST-6, ,144298,C,33,PAH,0,0,NWS Storm Survey, ,4.41,175,2,W,2,SE,CURRY,01/11/2020,716,37.05,-87.78,37.05,-87.7,"Hundreds of trees were snapped or uprooted. Where the tornado crossed State Route 91, one barn was destroyed and another was damaged. Elsewhere along the track, part of a barn roof was tossed across a road, and a house lost some siding. The tornado crossed into Christian County, where it intensified to EF-1.","An unseasonably strong storm system impacted the region January 10-11. Heavy rainfall, flooding, scattered damaging winds, tornadoes, and gusty non-thunderstorm winds impacted western Kentucky during this time. The bulk of the event occurred overnight and into the morning hours on the 11th. Rainfall totals ranged from 2 to 5 inches, which resulted in pockets of flash flooding across the region, as well as minor flooding of the Green River. Strong to severe convection over the Ozark Mountains moved east into an environment of very strong wind shear over southeast Missouri, with 850 mb winds near 60 knots. The convection maintained intensity after it crossed the Mississippi River during the early morning hours. Tremendous wind shear (winds of 50 knots down to 1500 feet above ground) and strong forcing associated with a potent 500 mb shortwave compensated for weak instability. Some of the strong winds aloft reached the surface in the form of gradient wind gusts from 40 to around 50 mph. A weak surface low formed along a cold front over southwest Arkansas, then deepened as it tracked northeast across the Missouri Bootheel and into the lower Ohio Valley on the morning of the 11th.",72
866223,CHRISTIAN CO.,HAWKINS,01/11/2020,714,Tornado, ,EF1,0,0,50000,0,KY,CST-6, ,144298,C,47,PAH,0,0,NWS Storm Survey, ,2.84,250,3,WSW,0,N,HAWKINS,01/11/2020,719,37.02,-87.72,37.03,-87.67,"The tornado entered Christian County from Caldwell County just south of Highway 91. At least a half dozen barns or outbuildings were damaged or destroyed, mostly in the Caldwell County portion of the track. At least dozens of trees were snapped or uprooted. The tornado path ended at the southern boundary of the Pennyrile Forest State Resort Park. Peak winds were estimated near 100 mph.","An unseasonably strong storm system impacted the region January 10-11. Heavy rainfall, flooding, scattered damaging winds, tornadoes, and gusty non-thunderstorm winds impacted western Kentucky during this time. The bulk of the event occurred overnight and into the morning hours on the 11th. Rainfall totals ranged from 2 to 5 inches, which resulted in pockets of flash flooding across the region, as well as minor flooding of the Green River. Strong to severe convection over the Ozark Mountains moved east into an environment of very strong wind shear over southeast Missouri, with 850 mb winds near 60 knots. The convection maintained intensity after it crossed the Mississippi River during the early morning hours. Tremendous wind shear (winds of 50 knots down to 1500 feet above ground) and strong forcing associated with a potent 500 mb shortwave compensated for weak instability. Some of the strong winds aloft reached the surface in the form of gradient wind gusts from 40 to around 50 mph. A weak surface low formed along a cold front over southwest Arkansas, then deepened as it tracked northeast across the Missouri Bootheel and into the lower Ohio Valley on the morning of the 11th.",73
866161,CHRISTIAN CO.,HAWKINS,01/11/2020,716,Tornado, ,EF1,0,0,80000,0,KY,CST-6, ,144298,C,47,PAH,0,0,NWS Storm Survey, ,3.08,175,2,NW,1,ESE,MACEDONIA,01/11/2020,720,37.05,-87.7,37.07,-87.65,"The tornado crossed over from Caldwell County. Most of the Christian County portion of the path was in the Pennyrile Forest State Resort Park, where hundreds of trees were snapped or uprooted. Peak winds were estimated near 95 mph.","An unseasonably strong storm system impacted the region January 10-11. Heavy rainfall, flooding, scattered damaging winds, tornadoes, and gusty non-thunderstorm winds impacted western Kentucky during this time. The bulk of the event occurred overnight and into the morning hours on the 11th. Rainfall totals ranged from 2 to 5 inches, which resulted in pockets of flash flooding across the region, as well as minor flooding of the Green River. Strong to severe convection over the Ozark Mountains moved east into an environment of very strong wind shear over southeast Missouri, with 850 mb winds near 60 knots. The convection maintained intensity after it crossed the Mississippi River during the early morning hours. Tremendous wind shear (winds of 50 knots down to 1500 feet above ground) and strong forcing associated with a potent 500 mb shortwave compensated for weak instability. Some of the strong winds aloft reached the surface in the form of gradient wind gusts from 40 to around 50 mph. A weak surface low formed along a cold front over southwest Arkansas, then deepened as it tracked northeast across the Missouri Bootheel and into the lower Ohio Valley on the morning of the 11th.",74
874955,TISHOMINGO CO.,WALKER,01/11/2020,717,Tornado, ,EF0,0,0,25000,0,MS,CST-6, ,145635,C,141,MEG,0,0,NWS Storm Survey, ,0.72,80,1,SSW,1,S,WALKER,01/11/2020,718,34.816,-88.29,34.822,-88.2796,"This brief tornado caused minor damage to a residence. It also damaged trees and power poles along Highway 72, Highway 172 and County Road 164. Peak winds were estimated at 80 mph.","A cold season quasi-linear convective system (QLCS) moved across the Mid-South during the overnight and early morning hours Saturday, January 11, 2020. Strong southerly winds drew unseasonably warm, moist air northward into the region ahead of a cold front. Early morning temperatures were in the upper 60s and lower 70s with dewpoints in the upper 60s. This aided in the development of uncapped surface-based instability that was more than sufficient to maintain the QLCS. A strengthening  shortwave trough was lifting northeastward across the Ozarks during the event resulting in strengthing wind fields and ample wind shear.  The QLCS evolved into a Line Echo Wave Pattern (LEWP) with several persistent mesovortices across north Mississippi and a few transient mesovortices farther north into west Tennessee. Widespread damaging wind was observed across the entire County Warning Area (CWA) along with 13 tornadoes. In addition to the severe weather potential, heavy rainfall was a noted threat. Isolated flash flooding did occur with this system.",75
866156,CHRISTIAN CO.,MACEDONIA,01/11/2020,719,Tornado, ,EF1,0,0,80000,0,KY,CST-6, ,144298,C,47,PAH,0,0,NWS Storm Survey, ,2.98,200,2,SSE,3,E,MACEDONIA,01/11/2020,723,37.0565,-87.6518,37.087,-87.6134,"The tornado touched down in the Pennyrile Forest State Resort Park. Over half of its path was in the park. After leaving the park, the tornado crossed Highway 109. A few barns were damaged or blown down. A couple houses sustained loss of shingles. At least dozens of trees were uprooted or snapped. Peak winds were estimated near 95 mph.","An unseasonably strong storm system impacted the region January 10-11. Heavy rainfall, flooding, scattered damaging winds, tornadoes, and gusty non-thunderstorm winds impacted western Kentucky during this time. The bulk of the event occurred overnight and into the morning hours on the 11th. Rainfall totals ranged from 2 to 5 inches, which resulted in pockets of flash flooding across the region, as well as minor flooding of the Green River. Strong to severe convection over the Ozark Mountains moved east into an environment of very strong wind shear over southeast Missouri, with 850 mb winds near 60 knots. The convection maintained intensity after it crossed the Mississippi River during the early morning hours. Tremendous wind shear (winds of 50 knots down to 1500 feet above ground) and strong forcing associated with a potent 500 mb shortwave compensated for weak instability. Some of the strong winds aloft reached the surface in the form of gradient wind gusts from 40 to around 50 mph. A weak surface low formed along a cold front over southwest Arkansas, then deepened as it tracked northeast across the Missouri Bootheel and into the lower Ohio Valley on the morning of the 11th.",76
866150,CHRISTIAN CO.,HOWELL,01/11/2020,734,Tornado, ,EF1,0,0,250000,0,KY,CST-6, ,144298,C,47,PAH,0,0,NWS Storm Survey, ,10.94,100,1,ESE,2,NW,PEMBROKE,01/11/2020,744,36.6912,-87.5107,36.8064,-87.3752,"The tornado touched down on the northern perimeter of the Fort Campbell military base and proceeded northeast across U.S. Highway 41. Trees were uprooted and snapped along the path. Several barns were damaged or destroyed, including one that had its roof thrown several hundred yards into trees. Power lines were downed, and 13 empty rail cars were tipped over along the path. A couple of homes received some minor damage. The tornado lifted just northwest of Pembroke. Peak winds were estimated near 100 mph.","An unseasonably strong storm system impacted the region January 10-11. Heavy rainfall, flooding, scattered damaging winds, tornadoes, and gusty non-thunderstorm winds impacted western Kentucky during this time. The bulk of the event occurred overnight and into the morning hours on the 11th. Rainfall totals ranged from 2 to 5 inches, which resulted in pockets of flash flooding across the region, as well as minor flooding of the Green River. Strong to severe convection over the Ozark Mountains moved east into an environment of very strong wind shear over southeast Missouri, with 850 mb winds near 60 knots. The convection maintained intensity after it crossed the Mississippi River during the early morning hours. Tremendous wind shear (winds of 50 knots down to 1500 feet above ground) and strong forcing associated with a potent 500 mb shortwave compensated for weak instability. Some of the strong winds aloft reached the surface in the form of gradient wind gusts from 40 to around 50 mph. A weak surface low formed along a cold front over southwest Arkansas, then deepened as it tracked northeast across the Missouri Bootheel and into the lower Ohio Valley on the morning of the 11th.",77
866151,CHRISTIAN CO.,CASKY,01/11/2020,740,Tornado, ,EF1,0,0,15000,0,KY,CST-6, ,144298,C,47,PAH,0,0,NWS Storm Survey, ,2.61,50,1,WSW,2,ENE,CASKY,01/11/2020,743,36.8143,-87.4434,36.8313,-87.4013,"This tornado crossed U.S. Highway 41 about four miles southeast of Hopkinsville. Several trees were snapped along the path. One barn received some partial damage to its roof. Peak winds were estimated near 95 mph.","An unseasonably strong storm system impacted the region January 10-11. Heavy rainfall, flooding, scattered damaging winds, tornadoes, and gusty non-thunderstorm winds impacted western Kentucky during this time. The bulk of the event occurred overnight and into the morning hours on the 11th. Rainfall totals ranged from 2 to 5 inches, which resulted in pockets of flash flooding across the region, as well as minor flooding of the Green River. Strong to severe convection over the Ozark Mountains moved east into an environment of very strong wind shear over southeast Missouri, with 850 mb winds near 60 knots. The convection maintained intensity after it crossed the Mississippi River during the early morning hours. Tremendous wind shear (winds of 50 knots down to 1500 feet above ground) and strong forcing associated with a potent 500 mb shortwave compensated for weak instability. Some of the strong winds aloft reached the surface in the form of gradient wind gusts from 40 to around 50 mph. A weak surface low formed along a cold front over southwest Arkansas, then deepened as it tracked northeast across the Missouri Bootheel and into the lower Ohio Valley on the morning of the 11th.",78
869006,SCOTT CO.,FOREST,01/11/2020,933,Tornado, ,EF0,0,0,30000,0,MS,CST-6, ,143975,C,123,JAN,0,0,NWS Storm Survey, ,2.96,250,0,ENE,3,NE,FOREST,01/11/2020,937,32.3707,-89.4785,32.3988,-89.4403,"This weak tornado began on the northeast side of the city of Forest at Hillsboro Street, where it snapped numerous small to medium softwood tree limbs.  It then moved northeast to Northside Drive, continuing to snap a few small softwood tree limbs. The tornado crossed Mississippi Highway 21 where further snapping of small softwood tree limbs occurred near the intersection of Ephesus Road and Culpepper Road. It lifted after |crossing Culpepper Road, where it caused minor roof damage to a small barn. The estimated peak wind was 75 mph.","A warm, moist airmass was in place across the region ahead of a potent January weather system. Ample wind energy also was present, which not only helped bring damaging winds with severe storms but also allowed for strong gradient winds to occur ahead of an eastward advancing squall line. Severe weather occurred in the early morning hours of January 11th and continued across the ArkLaMiss region before noon, resulting in widespread wind damage as well as some tornadoes.",79
871629,PICKENS CO.,UNION CHAPEL,01/11/2020,1111,Tornado, ,EF2,3,7,0,0,AL,CST-6, ,145154,C,107,BMX,0,0,NWS Storm Survey, ,6.33,1056,3,NNW,4,NNW,CARROLLTON,01/11/2020,1120,33.2379,-88.1545,33.3253,-88.1223,"National Weather Service meteorologists surveyed damage in northern Pickens County and determined that it was consistent with an EF2 tornado, with maximum sustained winds near 134 mph.||A tornado touched down south of Highway 86, just on the south side of Coleman Road. The tornado tracked northeast and crossed Highway 86. Along Highway 86, there were at least three homes damaged with one home losing most of its roofing. Numerous hardwood and softwood trees were snapped off or uprooted at this location. The tornado continued northeast across Turnipseed Road, causing significant tree damage. The tornado tracked along Settlement Road where it likely reached its peak intensity. Numerous homes were damaged or destroyed on the west side of Settlement Road, while homes on the east side sustained minor damage. Of the homes destroyed, six were site-built homes. Four manufactured homes were completely destroyed, three of which had anchoring systems that failed. All four manufactured home frames were found considerable distances from the home sites. Three fatalities occurred in two of these manufactured homes on Settlement Road. In addition, all of the injuries were also on Settlement Road. The tornado continued through a forest and crossed Pine Grove Road near McDaniel Road. The farm at this location sustained significant damage with a home and at least two barns heavily damaged. Numerous hardwood and softwood trees were uprooted or snapped as well. From here, the tornado continued northeastward and began to weaken. It crossed Pearson Road, uprooting several trees before dissipating north of Pearson Road and west of Phoenix Road. At least 22 homes suffered varying degrees of damage.","A dynamic storm system brought severe thunderstorms to a large part of Central Alabama on January 11th.  Deep southerly flow brought rich Gulf moisture northward into Alabama. Anomalously high surface temperatures and moisture content was present in the developing warm sector ahead of the storm system. A line of strong to severe thunderstorms developed ahead of a cold front and moved into west central Alabama late in the morning. The line of storms quickly moved through Central Alabama and exited southeastern areas around sunset.||Although not every location experienced severe weather, widespread wind gusts of 40 to 60 mph were observed along the QLCS. Trees were snapped off or uprooted in numerous locations. Many homes, automobiles, and outbuildings were damaged or destroyed. Several locations likely received straight-line wind gusts of 75 to 80 mph.",80
870479,CULLMAN CO.,HOLLY POND,01/11/2020,1303,Tornado, ,EF0,0,0,0,0,AL,CST-6, ,144015,C,43,HUN,0,0,NWS Storm Survey, ,0.21,80,0,N,1,N,HOLLY POND,01/11/2020,1308,34.1749,-86.6197,34.1778,-86.619,"A tornado touched down in the Holly Pond community near the center of town. The tornado caused minimal tree and roof damage as it quickly moved through the city. Minor roof damage was caused to the old WaterBrook restaurant, also blowing off siding at this location, and wrapping it around a cell phone tower northeast of the restaurant. From there, the tornado skipped northeast, causing minimal roof damage to the southwest corner of Holly Pond High School, where less than 20% of the roof was damaged, and portions of the awning were also damaged.","A long-lived quasi-linear convective system moved into northwest Alabama between 6 and 9 AM, and gradually tracked east across the remainder of north Alabama through the midday and early afternoon hours.  In advance of the line, strong southerly winds of 30 to 40 mph with gusts over 45 mph were reported.  In some cases, trees and power lines were knocked down with these non-thunderstorm winds.  The line of thunderstorms yielded numerous reports of thunderstorm wind damage, including trees and power lines being knocked down, along with some structural damage.  A few weather stations measured wind gusts of 58 mph or higher as well.  Storm surveys revealed 3 separate tornadoes: 1 EF0 and 1 EF1 in Cullman County,  and 1 EF2 in Marshall County.  Intense rainfall in a short period of time resulted in a few reports of brief flash flooding in northwest Alabama.",81
870481,CULLMAN CO.,JOPPA,01/11/2020,1313,Tornado, ,EF1,0,0,0,0,AL,CST-6, ,144015,C,43,HUN,0,0,NWS Storm Survey, ,0.58,60,0,W,0,NNE,JOPPA,01/11/2020,1314,34.3,-86.5571,34.3037,-86.5481,"The tornado caused damage to structures, and numerous trees were snapped or uprooted along Highway 69, landing on a few homes.  Tornado damage was rated up to EF-1 in the city of Joppa, with wind speeds of 100 mph. Trees were snapped and |uprooted along Highway 69, causing minor structural damage.","A long-lived quasi-linear convective system moved into northwest Alabama between 6 and 9 AM, and gradually tracked east across the remainder of north Alabama through the midday and early afternoon hours.  In advance of the line, strong southerly winds of 30 to 40 mph with gusts over 45 mph were reported.  In some cases, trees and power lines were knocked down with these non-thunderstorm winds.  The line of thunderstorms yielded numerous reports of thunderstorm wind damage, including trees and power lines being knocked down, along with some structural damage.  A few weather stations measured wind gusts of 58 mph or higher as well.  Storm surveys revealed 3 separate tornadoes: 1 EF0 and 1 EF1 in Cullman County,  and 1 EF2 in Marshall County.  Intense rainfall in a short period of time resulted in a few reports of brief flash flooding in northwest Alabama.",82
870483,MARSHALL CO.,ARAB,01/11/2020,1314,Tornado, ,EF0,0,0,0,0,AL,CST-6, ,144015,C,95,HUN,0,0,NWS Storm Survey, ,1.26,60,3,WSW,2,WSW,ARAB,01/11/2020,1315,34.3037,-86.5481,34.3148,-86.5305,"The tornado continued rapidly moving north east into Marshall County along Highway 69. The tornado lifted in Hog Jaw in Marshall County at a farm across from the Westside veterinary Hospital where the roof of an outbuilding was taken off.","A long-lived quasi-linear convective system moved into northwest Alabama between 6 and 9 AM, and gradually tracked east across the remainder of north Alabama through the midday and early afternoon hours.  In advance of the line, strong southerly winds of 30 to 40 mph with gusts over 45 mph were reported.  In some cases, trees and power lines were knocked down with these non-thunderstorm winds.  The line of thunderstorms yielded numerous reports of thunderstorm wind damage, including trees and power lines being knocked down, along with some structural damage.  A few weather stations measured wind gusts of 58 mph or higher as well.  Storm surveys revealed 3 separate tornadoes: 1 EF0 and 1 EF1 in Cullman County,  and 1 EF2 in Marshall County.  Intense rainfall in a short period of time resulted in a few reports of brief flash flooding in northwest Alabama.",83
941645,MARSHALL CO.,UNION GROVE,01/11/2020,1319,Tornado, ,EF2,0,0,0,0,AL,CST-6, ,144015,C,95,HUN,0,0,NWS Storm Survey, ,0.22,150,0,SE,0,E,UNION GROVE,01/11/2020,1324,34.3974,-86.4466,34.4006,-86.4463,"The tornado initially touched down just south west of Brindlee Mountain Primary School. At this location, the school gymnasium, 10 classrooms, and the cafeteria were destroyed. Numerous beams in the roof of the gym were also twisted and bent, and large bolts used to attach it to the foundation were ripped from the structure. EF2 tornado damage was determined at this location, with wind speeds 120 mph. In addition to damage to the school, several trees were snapped or uprooted at this location near the ballfield. A set of bleachers was hurled over 150 yards from one side of the school to the other. Several dumpsters were displaced as well, along with three or four power poles snapped at their |bases. This lead to additional damage at the school property when the poles fell on the school awning and roof. Little to no additional tornado damage was noted to the northeast of the school, aside from roofing materials strewn from the damage at the primary school itself. The tornado ended as it crossed Union Grove Road west of the Union Grove Fire Station.","A long-lived quasi-linear convective system moved into northwest Alabama between 6 and 9 AM, and gradually tracked east across the remainder of north Alabama through the midday and early afternoon hours.  In advance of the line, strong southerly winds of 30 to 40 mph with gusts over 45 mph were reported.  In some cases, trees and power lines were knocked down with these non-thunderstorm winds.  The line of thunderstorms yielded numerous reports of thunderstorm wind damage, including trees and power lines being knocked down, along with some structural damage.  A few weather stations measured wind gusts of 58 mph or higher as well.  Storm surveys revealed 3 separate tornadoes: 1 EF0 and 1 EF1 in Cullman County,  and 1 EF2 in Marshall County.  Intense rainfall in a short period of time resulted in a few reports of brief flash flooding in northwest Alabama.",84
871630,BARBOUR CO.,BAKERHILL,01/11/2020,1633,Tornado, ,EF1,0,0,0,0,AL,CST-6, ,145154,C,5,BMX,0,0,NWS Storm Survey, ,5.8,275,1,SSW,3,NE,SANDY PT,01/11/2020,1641,31.7633,-85.31,31.8093,-85.2285,"National Weather Service meteorologists surveyed damage in southeast Barbour County and determined that it was consistent with an EF1 tornado, with maximum sustained winds near 88 mph.||The tornado touched down near Threatt Road (County Road 18) just southwest of the town of Bakerhill. One tree was uprooted, and a dead tree was snapped at the starting point. The tornado tracked northeast over County Road 79 where several trees were snapped and uprooted. The tornado continued northeast where it crossed Highway 131. At this location vinyl siding was torn off the right side of a single family brick home. Near the home, there was debris including tin sheathing from a destroyed outbuilding, along with many snapped and uprooted trees. The tornado continued northeast and crossed Five Mile Road (County Road 36) where more trees were uprooted near and just north of Christian Grove Church. The tornado lifted east of Five Mile Road over an open field.","A dynamic storm system brought severe thunderstorms to a large part of Central Alabama on January 11th.  Deep southerly flow brought rich Gulf moisture northward into Alabama. Anomalously high surface temperatures and moisture content was present in the developing warm sector ahead of the storm system. A line of strong to severe thunderstorms developed ahead of a cold front and moved into west central Alabama late in the morning. The line of storms quickly moved through Central Alabama and exited southeastern areas around sunset.||Although not every location experienced severe weather, widespread wind gusts of 40 to 60 mph were observed along the QLCS. Trees were snapped off or uprooted in numerous locations. Many homes, automobiles, and outbuildings were damaged or destroyed. Several locations likely received straight-line wind gusts of 75 to 80 mph.",85
875802,PAULDING CO.,BROCK,01/11/2020,1652,Tornado, ,EF0,0,0,50000,0,GA,EST-5, ,145804,C,223,FFC,0,0,NWS Storm Survey, ,2.07,400,1,ESE,0,E,CALIFORNIA,01/11/2020,1654,33.9108,-84.7582,33.9191,-84.7236,"A National Weather Service survey team found that an EF0 tornado with maximum wind speeds of 85 mph and a maximum path width of 400 yards touched down north of Hiram along Macland Road just west of Hiram-Acworth Highway. The tornado traveled east-northeast with mostly weak and intermittent damage, the most notable occurring on Cristy Drive where a dozen large trees were snapped or uprooted. One tree fell on the master bedroom of a 2-story home. The tornado continued causing sporadic damage as it moved east-northeast crossing into western Cobb County near the intersection of Poplar Springs Road and Puryear Path. [01/11/20: Tornado #1, County #1/2, EF-0, Paulding/Cobb, 2020:001].","A strong cold front associated with a deep upper-level trough moved through the region. A line of strong to severe thunderstorms ahead of the cold front swept into northwest Georgia during the afternoon and progressed southeastward across north and central Georgia through the late afternoon into the evening before weakening and pushing into south Georgia and the Carolinas during the early morning hours. Numerous reports of damaging thunderstorm winds and a few isolated tornadoes were received.",86
875803,COBB CO.,LOST MTN,01/11/2020,1654,Tornado, ,EF0,0,0,50000,0,GA,EST-5, ,145804,C,67,FFC,0,0,NWS Storm Survey, ,1.79,400,2,WSW,0,ESE,LOST MTN,01/11/2020,1656,33.9191,-84.7236,33.9291,-84.6948,"A National Weather Service survey team found that an EF0 tornado with maximum wind speeds of 85 mph and a maximum path width of 400 yards that touched down north of Hiram in Paulding County moved east-northeast into western Cobb County near the intersection of Poplar Springs Road and Puryear Path. The tornado caused mostly sporadic, weak damage as it crossed Mill creek and Corner Road SW but downed 15 to 20 trees in the Oakleigh subdivision near the intersection of Lost  Mountain Road and Kingsbridge Pass before ending along Oakleigh Manor Drive SW. [01/11/20: Tornado #1, County #2/2, EF-0, Paulding/Cobb, 2020:001].","A strong cold front associated with a deep upper-level trough moved through the region. A line of strong to severe thunderstorms ahead of the cold front swept into northwest Georgia during the afternoon and progressed southeastward across north and central Georgia through the late afternoon into the evening before weakening and pushing into south Georgia and the Carolinas during the early morning hours. Numerous reports of damaging thunderstorm winds and a few isolated tornadoes were received.",87
875805,FANNIN CO.,SWAN,01/11/2020,1724,Tornado, ,EF0,0,0,250000,0,GA,EST-5, ,145804,C,111,FFC,0,0,NWS Storm Survey, ,3.05,450,2,ESE,1,SSW,MARGRET,01/11/2020,1727,34.7415,-84.1414,34.7619,-84.0938,"A National Weather Service survey team found that an EF-1 tornado with peak winds of 100 mph and a maximum path width of 450 yards touched down along Deep Hole |Campground Road south of the Morganton Highway, Georgia Highway 60, and traveled east-northeast along Morganton Highway, intensifying and downing hundreds of trees along the highway. A 40 foot steel radio tower at a Fannin County Fire Station was blown down and at least four homes suffered damage from fallen trees. The tornado weakened and turned northeast along Cooper Creek Road downing sporadic trees before finally dissipating near the Union County line near the Davis Family Cemetery off of Mulky Gap Road. [01/11/20: Tornado #2, County #1/1, EF-1, Fannin, 2020:002].","A strong cold front associated with a deep upper-level trough moved through the region. A line of strong to severe thunderstorms ahead of the cold front swept into northwest Georgia during the afternoon and progressed southeastward across north and central Georgia through the late afternoon into the evening before weakening and pushing into south Georgia and the Carolinas during the early morning hours. Numerous reports of damaging thunderstorm winds and a few isolated tornadoes were received.",88
875804,UPSON CO.,HENDRICKS,01/11/2020,1748,Tornado, ,EF1,0,0,200000,0,GA,EST-5, ,145804,C,293,FFC,0,0,NWS Storm Survey, ,0.34,100,3,WSW,3,WSW,HENDRICKS,01/11/2020,1749,32.9134,-84.5255,32.9147,-84.5198,"A National Weather Service survey team found that an EF-1 tornado with peak winds of 90 mph and a maximum path width of 100 yards began along the Flint River on the Meriwether-Upson County line south-southeast of Woodbury. The tornado traveled about a third of a mile along the north shore of the river in Upson County with no damage on the Meriwether County side of the river. Approximately 100 trees and several power poles were snapped or blown down. A camper was blown over and a boat was blown into a tree. A home along the river was knocked off of its stilts and destroyed by a large tree falling on it. At least one other home sustained damage from falling trees. [01/11/20: Tornado #3, County #1/1, EF-1, Upson, 2020:003].","A strong cold front associated with a deep upper-level trough moved through the region. A line of strong to severe thunderstorms ahead of the cold front swept into northwest Georgia during the afternoon and progressed southeastward across north and central Georgia through the late afternoon into the evening before weakening and pushing into south Georgia and the Carolinas during the early morning hours. Numerous reports of damaging thunderstorm winds and a few isolated tornadoes were received.",89
864269,CLAIBORNE CO.,TAZEWELL,01/11/2020,1755,Tornado, ,EF0,0,0,0,0,TN,EST-5, ,143977,C,25,MRX,0,0,NWS Storm Survey, ,3.3,30,1,NW,1,NW,TAZEWELL,01/11/2020,1755,36.46,-83.58,36.46,-83.58,"The tornado initially touched down on Pine Avenue to the northwest of New Tazewell blowing off half of the roof of a barn and uprooting or snapping several trees. The tornado then produced sub-severe damage until it uprooted a large pine tree onto a house on Cherokee Circle and damaged roof shingles and shutters of a house on Linden Street. The house on Linden Street had quarter of the roof shingles peeled off on the southeast corner along with two window shutters blown off the same side. More trees were downed near the end of the tornado path on Murphy Mill Road.","A very strong storm system with powerful wind energy and just enough instability for the formation of a line of showers and thunderstorms moved across the Southern Appalachian Region producing widespread; mainly straight line wind damage.",90
871142,ANDERSON CO.,TOWNVILLE,01/11/2020,2004,Tornado, ,EF0,0,0,1000,0,SC,EST-5, ,145060,C,7,GSP,0,0,NWS Storm Survey, ,0.44,30,2,SSW,1,SSW,TOWNVILLE,01/11/2020,2005,34.55,-82.914,34.554,-82.908,"NWS storm survey found a very short weak anticyclonic tornado damage path within a larger area of straight-line wind damage near the Oconee County line south of Townville. The tornado touched down south of Fairplay Rd near Little Beaverdam Creek and tracked NE paralleling the county line before lifting just south of the center of Townville. Multiple trees were uprooted while damage was limited to metal sheeting removed from an outbuilding near the end of the path.","Multiple lines of thunderstorms developed across the western Carolinas in advance of a cold front during the late afternoon and evening. Some of these lines produced swaths of wind damage along with brief, weak tornadoes across Upstate South Carolina.",91
871143,ANDERSON CO.,TOWNVILLE,01/11/2020,2006,Tornado, ,EF0,0,0,0,0,SC,EST-5, ,145060,C,7,GSP,0,0,NWS Storm Survey, ,0.27,50,2,ENE,2,ENE,TOWNVILLE,01/11/2020,2007,34.583,-82.87,34.586,-82.867,"NWS storm survey found a very short, weak tornado damage path in the Circle Dr area bordering Lake Hartwell. Multiple large softwood trees were uprooted and smaller trees snapped in this area.","Multiple lines of thunderstorms developed across the western Carolinas in advance of a cold front during the late afternoon and evening. Some of these lines produced swaths of wind damage along with brief, weak tornadoes across Upstate South Carolina.",92
871144,ANDERSON CO.,PIEDMONT,01/11/2020,2040,Tornado, ,EF0,0,0,1000,0,SC,EST-5, ,145060,C,7,GSP,0,0,NWS Storm Survey, ,0.66,160,1,S,1,S,PIEDMONT,01/11/2020,2042,34.68,-82.472,34.689,-82.468,"NWS storm survey found the path of a short track, weak tornado south of Piedmont. The tornado touched down just west of Childs Rd and tracked north/northeast along Osteen Hill Rd before lifting along River Hill Ct. Multiple trees were uprooted and small trees snapped along the length of the path. Structural damage was limited to a metal carport that was torn from a house on Smith Dr.","Multiple lines of thunderstorms developed across the western Carolinas in advance of a cold front during the late afternoon and evening. Some of these lines produced swaths of wind damage along with brief, weak tornadoes across Upstate South Carolina.",93
871145,ABBEVILLE CO.,ABBEYVILLE DAVIS ARP,01/11/2020,2040,Tornado, ,EF0,0,0,1000,0,SC,EST-5, ,145060,C,1,GSP,0,0,NWS Storm Survey, ,1.24,50,6,ENE,7,ENE,ABBEYVILLE DAVIS ARP,01/11/2020,2042,34.182,-82.259,34.192,-82.241,"NWS storm survey reported the path of a weak tornado that began off Rivers Way, not far from the Greenwood County line, tracking northeast into Greenwood County just north of Highway 72, along Mill Rd N. Damage was mainly limited to uprooting of large pine trees and snapping of smaller pines, although a warehouse-type building on Highway 72 lost part of its metal roof and had an overhead door bent inward.","Multiple lines of thunderstorms developed across the western Carolinas in advance of a cold front during the late afternoon and evening. Some of these lines produced swaths of wind damage along with brief, weak tornadoes across Upstate South Carolina.",94
871146,GREENWOOD CO.,HARRIS,01/11/2020,2042,Tornado, ,EF0,0,0,0,0,SC,EST-5, ,145060,C,47,GSP,0,0,NWS Storm Survey, ,1.2,50,3,SW,2,SSW,HARRIS,01/11/2020,2044,34.192,-82.24,34.201,-82.222,"NWS storm survey reported the path of a weak tornado that moved into Greenwood County from Abbeville County in the area around Mill Rd. Damage was mainly limited to uprooting of large pine trees and snapping of smaller pines.","Multiple lines of thunderstorms developed across the western Carolinas in advance of a cold front during the late afternoon and evening. Some of these lines produced swaths of wind damage along with brief, weak tornadoes across Upstate South Carolina.",95
871147,GREENWOOD CO.,HARRIS,01/11/2020,2045,Tornado, ,EF0,0,0,0,0,SC,EST-5, ,145060,C,47,GSP,0,0,NWS Storm Survey, ,0.53,30,1,NW,1,N,HARRIS,01/11/2020,2046,34.239,-82.208,34.244,-82.201,"NWS storm survey reported the path of a weak tornado that moved into Greenwood County from Abbeville County in the area around Mill Rd. Damage was mainly limited to uprooting of large pine trees and snapping of smaller pines.","Multiple lines of thunderstorms developed across the western Carolinas in advance of a cold front during the late afternoon and evening. Some of these lines produced swaths of wind damage along with brief, weak tornadoes across Upstate South Carolina.",96
864254,MIAMI CO.,TROY,01/11/2020,2211,Tornado, ,EF0,0,0,500000,0,OH,EST-5, ,143984,C,109,ILN,0,0,NWS Storm Survey, ,3.1,350,2,SW,1,ENE,TROY,01/11/2020,2213,40.0305,-84.2271,40.0545,-84.1776,"The tornado touched down initially in the southwest portions of the city of Troy and moved northeast through the center of the city. It then crossed the Great Miami River before it weakened and lifted in the far northeast portions of the city.||Much of the damage was confined to trees and roofs, both residential and commercial, as the tornado moved through the city. To the west of the Great Miami River, damage was more intermittent and weak in comparison to areas east of the Great Miami River, where more concentrated and significant tree and roof damage was noted. In particular, areas near Troy High School and along and east of North Market Street saw the most concentrated and higher end structural damage to roofing material. This included the far eastern portions of the downtown area which saw several businesses lose all or portions of their roofs.||Damage was tornadic in nature, especially on the east side of the Great Miami River, where convergent tree damage was easily noted before the tornado rapidly weakened as it left the city.  Damage along the path was consistent with wind speeds ranging from 65 to 80 mph, again with the highest wind speeds estimated on the east side of the Great Miami River.","A line of showers and embedded thunderstorms moved quickly east across the Miami Valley during the evening hours. A couple of these storms produced brief, weak tornadoes.",97
864255,MIAMI CO.,FARRINGTON,01/11/2020,2215,Tornado, ,EF0,0,0,50000,0,OH,EST-5, ,143984,C,109,ILN,0,0,NWS Storm Survey, ,6.34,175,3,E,2,ENE,FLETCHER,01/11/2020,2221,40.106,-84.1758,40.1585,-84.0774,"The tornado first touched down on the north side of East Peterson Road, about 4 miles southwest of Fletcher. It then crossed North Union Shelby Road, moved across the Big Woods Reserve, and then moved across the far southeast portions of the town of Fletcher. The tornado lifted about 2 miles northeast of Fletcher in an open field after it removed a portion of a barn roof on Snyder Road.||Damage consisted mainly of broken and snapped off trees and roof damage to barns and outbuildings. Snapped electrical poles were assessed on the east side of Fletcher. Residential structures were impacted either with shingle and soffit removal, or with trees having fallen on them.","A line of showers and embedded thunderstorms moved quickly east across the Miami Valley during the evening hours. A couple of these storms produced brief, weak tornadoes.",98
864514,KERSHAW CO.,CLYBURN,01/11/2020,2233,Tornado, ,EF2,0,0,0,0,SC,EST-5, ,144024,C,55,CAE,0,0,NWS Storm Survey, ,0.55,150,4,E,5,ENE,CLYBURN,01/11/2020,2235,34.4293,-80.5303,34.4346,-80.523,"A NWS Storm Survey Team found considerable damage occurred to North-Central High School in Kershaw County, SC as a result of an EF-2 tornado with maximum wind speeds of 130 mph. The tornado began near the intersection of Lockhart Rd and Keys Ln, then traveled northeast across the campus of the High School before lifting approximately a half mile later beyond the parking lot on the northeast side of|the school. The tornado snapped numerous pine trees at the beginning of the track, then partially collapsed concrete stadium bleachers and a press box. The tornado continued across the gymnasium, lifting all of the HVAC units off the roof. The|tornado then lifted a large portion of the roof off of the school, including over the main office, library and an older auditorium, then collapsed the exterior wall along a portion of the west side of the building. The tornado then moved into the parking lot on the north side of the building where it moved 4 school buses, and resulted in broken windows and other damages to 31 parked school buses. The tornado then destroyed a small building just beyond the parking lot before lifting. Strong inflow into the tornado also snapped numerous pine trees south of the baseball field, collapsed 2 large light stands near the baseball field, and lifted and displaced a Conex shipping container approximately 50 yards. The tornado path length was about 0.50 miles and the path width was about 150 yards.","A line of thunderstorms, some severe, moved through the region during the evening of Saturday January 11, 2019, and early morning hours of Sunday January 12, 2019.  There were numerous reports of wind damage, such as trees down.  An isolated tornado, of EF-2 magnitude, did considerable damage to a high school in Kershaw Co SC.",99
871199,HORRY CO.,LORIS,01/13/2020,1245,Tornado, ,EF0,0,0,200000,0,SC,EST-5, ,145073,C,51,ILM,0,0,Official NWS Observations, ,1.21,45,1,ESE,2,E,LORIS,01/13/2020,1250,34.0423,-78.8659,34.0492,-78.8464,"The tornado developed near the Loris High School football field|and tracked near the visitor side bleachers and tree line. A mobile|trailer was flipped over and a few pine trees snapped off. The|tornado continued to the east-northeast across the main parking lot,|where it tossed several cars and blew out the windows of dozens of|others. A few tree limbs were broken out as the tornado exited |across Loris Lions Road. It also ripped the metal roof off a large |storage barn near the intersection of Highway 9 and SC-66. About |half a dozen pine trees were snapped as the tornado crossed Campbell |Drive. It dissipated as it entered the forest just north of the cell |tower at the end of Campbell Drive.","A stationary front produced a tornado in Loris, SC.",100
875806,PIKE CO.,REIDSBORO,01/13/2020,2351,Tornado, ,EF0,0,0,25000,0,GA,EST-5, ,145552,C,231,FFC,0,0,NWS Storm Survey, ,1.46,100,1,NNW,1,S,WILLIAMSON,01/13/2020,2353,33.1469,-84.3921,33.1598,-84.3722,"A National Weather Service survey team found that an EF0 tornado with peak winds of 80 mph and a maximum path width of 100 yards touched down in the 500 block of Wood Creek Road southwest of Williamson in northern Pike County. Several large trees were snapped or uprooted intermittently along a path following Reidsboro Road northeastward, including in the Eagles Landing subdivision, where one home sustained  |minor roof damage. The tornado lifted just southwest of Pike County Fire Station #6 west of Williamson-Zebulon Road. [01/13/20: Tornado #1, County #1/1, EF-0, Pike, 2020:004].","Following an incredibly wet beginning to January, another round of heavy rainfall occurred on January 13th as ample moisture continued to produce heavy rainfall over a stalled system. The rainfall amounts, combined with extremely wet soils resulted in isolated flash flooding over portions of north and central Georgia. Widespread rainfall amounts were generally 1 to 3 inches, with the heaviest amounts oriented along a line from LaGrange, to Covington, to Lexington. A few strong to severe thunderstorms also produced isolated reports of damaging winds and a couple of isolated, brief tornadoes.",101
875807,SPALDING CO.,WALKER MILL,01/14/2020,20,Tornado, ,EF0,0,0,24000,0,GA,EST-5, ,145552,C,255,FFC,0,0,NWS Storm Survey, ,0.28,50,2,SW,2,SW,WALKER MILL,01/14/2020,21,33.2509,-84.1929,33.251,-84.188,"A National Weather Service survey team found that an EF0 tornado with peak winds of 85 mph and a maximum path width of 50 yards touched down around the intersection of Oxford Road and Jessica Drive. The tornado moved east along Oxford Road crossing North McDonough Road snapping or uprooting several trees. A workshop near this intersection had a carport and a large section of its roof blown off. A home east of the intersection sustained minor wind damage with a few trees blown down elsewhere on the property. The tornado lifted just east of this location in forested land. [01/14/20: Tornado #2, County #1/1, EF-0, Spalding, 2020:005].","Following an incredibly wet beginning to January, another round of heavy rainfall occurred on January 13th as ample moisture continued to produce heavy rainfall over a stalled system. The rainfall amounts, combined with extremely wet soils resulted in isolated flash flooding over portions of north and central Georgia. Widespread rainfall amounts were generally 1 to 3 inches, with the heaviest amounts oriented along a line from LaGrange, to Covington, to Lexington. A few strong to severe thunderstorms also produced isolated reports of damaging winds and a couple of isolated, brief tornadoes.",102
874011,MCLENNAN CO.,ROSS,01/28/2020,1515,Tornado, ,EF0,0,0,2000,0,TX,CST-6, ,145418,C,309,FWD,0,0,Broadcast Media, ,1.74,10,2,WSW,0,ESE,ROSS,01/28/2020,1517,31.7094,-97.1457,31.7194,-97.1186,"A landspout tornado flipped a boat and damaged roof panels at a property on Fort Graham Road to the west of Ross, and then traveled (likely non-continuously) into Ross where it damaged the metal roof of a carport at a store in town. Video and picture evidence confirmed this small landspout.","A landspout touched down about a mile west of Ross and tracked into Ross. It damaged 2 metal roofs and flipped a boat and was rated an EF-0.",103
871057,MONROE CO.,HIGHLAND PT,01/31/2020,2235,Tornado, ,EFU,0,0,0,0,FL,EST-5, ,145045,C,87,MFL,0,0,Official NWS Observations, ,4.68,50,7,ESE,9,E,HIGHLAND PT,01/31/2020,2243,25.464,-81.123,25.516,-81.075,"The forward-propagating component of a quasi-linear convective system (QLCS) advanced onshore along the Southwest Florida coast during the late-evening hours of Friday, January 31. Embedded mesovortices intermittently strengthened while |this activity moved onshore from the Gulf waters. ||One of the stronger and tighter circulations over Mainland Monroe County of South|Florida was accompanied by a well-defined Tornadic Debris Signature (TDS). This signature was characterized by a relative minimum in correlation coefficient per KAMX radar data, and corresponded with an embedded inflection in the zone of enhanced |reflectivity accompanying the QLCS that also aligned with a well-defined mesovortex. This TDS occurred over the Everglades, and was used as the foundation for this tornado report. ||The lack of conclusively surveyed damage indicators precludes the delineation |of an exact damage rating. As a result, an unknown rating has been assigned to this tornado. However, the application of established research results on the aforementioned radar data -- which provides statistical estimates of tornado probabilities and wind |speeds based on WSR-88D data and environmental information -- suggests that this tornado could have been a high-end EF0, with peak wind speeds around 80 mph.","A strong low pressure system over the Gulf of Mexico helped to pump moist and unstable air across South Florida during the evening and nighttime hours of January 31st, and early morning of February 1st. Strong thunderstorms developed ahead of a cold front over the eastern Gulf of Mexico, and moved east across the southern Florida peninsula. These storms spawned a tornado in the Everglades of Southwest Florida, as well as gusty winds and heavy rainfall across Southeast Florida.",104
874690,SIMPSON CO.,MARTINVILLE,02/05/2020,1457,Tornado, ,EF1,0,0,200000,0,MS,CST-6, ,144515,C,127,JAN,0,0,NWS Storm Survey, ,6.17,150,1,S,6,ENE,MARTINVILLE,02/05/2020,1507,31.9546,-89.752,32.0055,-89.6654,"This tornado touched down in a pasture just west of Highway 541 where a few trees were uprooted. Very minor tree damage was noted initially as it crossed roads and just past Highway 540. Damage increased as it crossed Cole Road where a few more trees were uprooted. As the tornado approached and crossed Bill Collins Road, it increased and reached peak intensity of EF1 with 100 mph. Here, multiple hardwood trees were uprooted. Two homes sustained moderate roof damage along with one shed having nearly all of the tin torn off the roof. In this area, a home had a large window blown out and a car port destroyed. In the carport a car was rolled along with an RV and each vehicle was destroyed. Additional trees were uprooted and snapped just to the north of Highway 540. Along Vera Drive. a mobile home was pushed off the blocks, had the front porch blown away, and had multiple trees damaged. The tornado lifted just east of there before the Smith County line. Max sustained winds were 100 mph.","A strong cold front moved through the region. Ahead of this, storms developed across Central Mississippi and produced tornadoes and wind damage.",105
874691,SMITH CO.,BURNS,02/05/2020,1520,Tornado, ,EF2,0,0,20000,0,MS,CST-6, ,144515,C,129,JAN,0,0,NWS Storm Survey, ,2.64,440,3,SSE,1,SSW,LEMON,02/05/2020,1524,32.0906,-89.5363,32.1173,-89.504,"The tornado starting point was confirmed by drone footage just west of Bienville National Forest Road 527. It moved northeast, snapping and uprooting multiple trees in a convergent pattern as it crossed this road. Tree damage ramped up considerably just east of this location, with more considerable tree fall as the tornado crossed Bienville National Forest Road 527-D, including a high percentage of snapped softwood trees and a few snapped hardwoods. In a previously-cleared forest area to the north of this road, nearly all of the dead trees that had remained standing were snapped within and along the tornado path. The road was blocked by numerous downed trees. Footage from a drone showed a well-defined vortex pattern in the fallen trees in this vicinity. The tornado weakened as it crossed Mississippi Highway 35 north of Shongelo Lake and Smith County Road 120, where just a few trees were uprooted. It uprooted a few more trees along Government Road, including one that blocked the roadway, before lifting. Max sustained winds were 115 mph.","A strong cold front moved through the region. Ahead of this, storms developed across Central Mississippi and produced tornadoes and wind damage.",106
874692,YAZOO CO.,OIL CITY,02/05/2020,1528,Tornado, ,EF1,0,0,45000,0,MS,CST-6, ,144515,C,163,JAN,0,0,NWS Storm Survey, ,8.12,800,1,W,3,WNW,MYRLEVILLE,02/05/2020,1540,32.6797,-90.4403,32.7374,-90.3186,"This storm tracked through mostly rural and wooded areas of Yazoo County. The tornado touched down near Anding Oil City Road. The tornado was at its strongest first along Anding Oil City Road before crossing Old Anding Road and moved northeast over Old Mississippi 49 before crossing Highway 49. When crossing Fletchers Chapel Road, it destroyed a shed and caused minor shingle damage to a residential home. It then continued across Neely, Kirk and Old Dover Roads, causing tree damage, including uprooted and snapped trees. The tornado again intensified back up to the strongest as it crossed Old Dover Road. The tornado weakened before lifting near the intersection of Paradise and Green Roads, causing some minor tree damage. A majority of the damage noted was numerous uprooted and snapped trees all along the path. Max sustained winds were 93 mph.","A strong cold front moved through the region. Ahead of this, storms developed across Central Mississippi and produced tornadoes and wind damage.",107
874693,YAZOO CO.,DEASONVILLE,02/05/2020,1557,Tornado, ,EF2,0,4,100000,0,MS,CST-6, ,144515,C,163,JAN,0,0,NWS Storm Survey, ,8.84,900,3,N,7,NE,VAUGHAN,02/05/2020,1607,32.8169,-90.0995,32.88,-89.967,"This tornado touched down in the Vaughan community near Bennett Road and tracked generally northeast to Pickens and then into southwest Attala County. Initial damage was numerous snapped and uprooted trees and a few power lines down. The tornado grew in size and became a bit stronger as it tracked along and just north of Pepper Wilson Road. In addition to the tree damage, several outbuildings were damaged along with a dozen or so houses sustaining some degree of roof damage. The tornado crossed I-55 then basically traveled along Vaughan Road as it approached the south side of Pickens. All along this portion of the path, hundreds of trees were snapped or uprooted and several power poles were leaning. Closer to Pickens, the tornado intensified and reached EF2. Significant tree damage was noted just to the south of the road. One large metal storage shed was destroyed along with several power lines and poles down. The tornado stayed just south of downtown Pickens and crossed US Highway 51 where many more trees were uprooted and snapped along with a large section of power lines down. At the natural gas pumping station, a large metal building had some of the walls pulled out. The tornado then moved into the Big Black River bottom and into southwest Attala County, where tree damage continued as was reported by the property owner. The tornado then moved out of the river bottom area and destroyed a large hay barn and then snapped 6 power poles along County Road 4002. Significant tree damage also occurred here to a grove of hardwood trees. An EF2 rating was given for this part of the path as well. The tornado continued northeast and crossed a few locations along Highway 14. A few homes sustained roof damage here along with power lines down and numerous trees damaged. The tornado made a more eastward jog then dissipated along Highway 14. Max sustained winds were 112 mph. Total path length 18.83 miles.","A strong cold front moved through the region. Ahead of this, storms developed across Central Mississippi and produced tornadoes and wind damage.",108
874694,HOLMES CO.,PICKENS,02/05/2020,1607,Tornado, ,EF2,0,0,1000,0,MS,CST-6, ,144515,C,51,JAN,0,0,NWS Storm Survey, ,0.02,300,0,E,0,E,PICKENS,02/05/2020,1608,32.88,-89.967,32.8801,-89.9667,"This tornado touched down in the Vaughan community near Bennett Road and tracked generally northeast to Pickens and then into southwest Attala County. Initial damage was numerous snapped and uprooted trees and a few power lines down. The tornado grew in size and became a bit stronger as it tracked along and just north of Pepper Wilson Road. In addition to the tree damage, several outbuildings were damaged along with a dozen or so houses sustaining some degree of roof damage. The tornado crossed I-55 then basically traveled along Vaughan Road as it approached the south side of Pickens. All along this portion of the path, hundreds of trees were snapped or uprooted and several power poles were leaning. Closer to Pickens, the tornado intensified and reached EF2. Significant tree damage was noted just to the south of the road. One large metal storage shed was destroyed along with several power lines and poles down. The tornado stayed just south of downtown Pickens and crossed US Highway 51 where many more trees were uprooted and snapped along with a large section of power lines down. At the natural gas pumping station, a large metal building had some of the walls pulled out. The tornado then moved into the Big Black River bottom, clipping portions of Holmes County and into southwest Attala County, where tree damage continued as was reported by the property owner. The tornado then moved out of the river bottom area and destroyed a large hay barn and then snapped 6 power poles along County Road 4002. Significant tree damage also occurred here to a grove of hardwood trees. An EF2 rating was given for this part of the path as well. The tornado continued northeast and crossed a few locations along Highway 14. A few homes sustained roof damage here along with power lines down and numerous trees damaged. The tornado made a more eastward jog then dissipated along Highway 14. Max sustained winds were 112 mph. Total path length 18.83 miles. Max width was 900 yards in both Yazoo and Attala counties.","A strong cold front moved through the region. Ahead of this, storms developed across Central Mississippi and produced tornadoes and wind damage.",109
874695,ATTALA CO.,NEWPORT,02/05/2020,1608,Tornado, ,EF2,0,0,25000,0,MS,CST-6, ,144515,C,7,JAN,0,0,NWS Storm Survey, ,9.87,900,12,WSW,2,W,NEWPORT,02/05/2020,1624,32.8801,-89.9667,32.9356,-89.8099,"This tornado touched down in the Vaughan community near Bennett Road and tracked generally northeast to Pickens and then into southwest Attala County. Initial damage was numerous snapped and uprooted trees and a few power lines down. The tornado grew in size and became a bit stronger as it tracked along and just north of Pepper Wilson Road. In addition to the tree damage, several outbuildings were damaged along with a dozen or so houses sustaining some degree of roof damage. The tornado crossed I-55 then basically traveled along Vaughan Road as it approached the south side of Pickens. All along this portion of the path, hundreds of trees were snapped or uprooted and several power poles were leaning. Closer to Pickens, the tornado intensified and reached EF2. Significant tree damage was noted just to the south of the road. One large metal storage shed was destroyed along with several power lines and poles down. The tornado stayed just south of downtown Pickens and crossed US Highway 51 where many more trees were uprooted and snapped along with a large section of power lines down. At the natural gas pumping station, a large metal building had some of the walls pulled out. The tornado then moved into the Big Black River bottom and into southwest Attala County, where tree damage continued as was reported by the property owner. The tornado then moved out of the river bottom area and destroyed a large hay barn and then snapped 6 power poles along County Road 4002. Significant tree damage also occurred here to a grove of hardwood trees. An EF2 rating was given for this part of the path as well. The tornado continued northeast and crossed a few locations along Highway 14. A few homes sustained roof damage here along with power lines down and numerous trees damaged. The tornado made a more eastward jog then dissipated along Highway 14. Max sustained winds were 112 mph. Total path length 18.83 miles.","A strong cold front moved through the region. Ahead of this, storms developed across Central Mississippi and produced tornadoes and wind damage.",110
874696,ATTALA CO.,KOSCIUSKO ARPT,02/05/2020,1646,Tornado, ,EF1,0,0,50000,0,MS,CST-6, ,144515,C,7,JAN,0,0,NWS Storm Survey, ,1.66,300,3,ESE,3,S,ETHEL,02/05/2020,1648,33.0678,-89.501,33.0735,-89.4732,"This brief tornado touched down near County Road 5215 and damaged a few dozen trees along with causing roof damage to 2 metal sheds. The tornado then crossed County Road 5213 where more trees were uprooted. Some minor damage occurred to a mobile home and shed. Power lines were down here as well. The tornado dissipated just east of this location. Max estimated winds were 95 mph.","A strong cold front moved through the region. Ahead of this, storms developed across Central Mississippi and produced tornadoes and wind damage.",111
874697,ATTALA CO.,ETHEL,02/05/2020,1658,Tornado, ,EF2,0,0,250000,0,MS,CST-6, ,144515,C,7,JAN,0,0,NWS Storm Survey, ,3.89,800,5,E,4,SSE,MC COOL,02/05/2020,1702,33.1175,-89.3761,33.1454,-89.3178,"This brief tornado touched down near County Road 5210 and Highway 411 then tracked roughly northeast into western Choctaw County. The tornado quickly grew and downed dozens of trees along Highway 411 just before Hurricane Creek. Power lines were down here as well. As the tornado crossed Kyle Road, it reached EF2 strength as a swath of significant tree damage occurred. A few homes along the road sustained some roof damage and a few sheds were damaged. As the tornado crossed Burks Road, the swath of significant tree damage continued. Here a home along with a mobile home and RV were damaged by fallen trees. The tornado weakened as it crossed into Choctaw County and crossed Hunt and Mountain roads. Max sustained winds were 112 mph and was rated an EF-2 in Attala County. Total path length 5.89 miles. Max width was 800 yards also in Attala County.","A strong cold front moved through the region. Ahead of this, storms developed across Central Mississippi and produced tornadoes and wind damage.",112
874698,CHOCTAW CO.,MC COOL,02/05/2020,1702,Tornado, ,EF1,0,0,5000,0,MS,CST-6, ,144515,C,19,JAN,0,0,NWS Storm Survey, ,1.95,200,4,SSE,5,SE,MC COOL,02/05/2020,1704,33.1454,-89.3178,33.1523,-89.2851,"This brief tornado touched down near County Road 5210 and Highway 411 then tracked roughly northeast into western Choctaw County. The tornado quickly grew and downed dozens of trees along Highway 411 just before Hurricane Creek. Power lines were down here as well. As the tornado crossed Kyle Road, it reached EF2 strength as a swath of significant tree damage occurred. A few homes along the road sustained some roof damage and a few sheds were damaged. As the tornado crossed Burks Road, the swath of significant tree damage continued. Here a home along with a mobile home and RV were damaged by fallen trees. The tornado weakened as it crossed into Choctaw County and crossed Hunt and Mountain roads. Max sustained winds were 112 mph and was rated an EF-2 in Attala County. Total path length 5.89 miles. Max width was also 800 yards in Attala County.","A strong cold front moved through the region. Ahead of this, storms developed across Central Mississippi and produced tornadoes and wind damage.",113
870415,COLBERT CO.,BISHOP,02/05/2020,1718,Tornado, ,EF1,0,0,0,0,AL,CST-6, ,144530,C,33,HUN,0,0,Emergency Manager, ,1.32,60,1,SW,1,ESE,BISHOP,02/05/2020,1725,34.6617,-88.1282,34.6648,-88.1055,"A tornado uprooted a couple trees near Petertown Road, which runs parallel to the MS/AL border and continued slightly northeastward toward Allsboro Road.  As the tornado crossed Allsboro Road, it caused more widespread damage along Bishop Lane. Several trees were uprooted while a few softwoods were snapped. |Structural damage, in the form of small farm buildings/sheds, was observed further down Bishop Lane. These structures sustained roof damage while one building also had a collapse of its walls.  The tornado continued eastward and uprooted two more trees before lifting about three quarters of a mile east of Allsboro Road.","A strong influx of moisture, along with a potent upper level jet stream and incoming cold front brought multiple rounds of showers and thunderstorms, some heavy from the early morning of the 5th through the early morning of the 6th.  The first round yielded heavy rainfall in northwest Alabama through southern middle Tennessee during the early morning of the 5th.  A second round occurred with a line of thunderstorms during the late morning and midday hours.  Intense rainfall in a short period of time led to several instances of flash flooding of small creeks and streams.  Several roads were closed or barricaded as a result.||Then, a strong to severe line of thunderstorms developed in Mississippi during the afternoon of the 6th and rolled east through all of north Alabama and southern middle Tennessee during the evening hours. A supercell embedded along the line produced an EF-1 tornado in western Colbert County.  As the line progressed east, several reports of wind damage were received.  These storms also produced intense rainfall on top of already saturated grounds, producing flash flooding, followed by areal flooding that last through the entire day and into the nighttime hours of the 6th.  Once again, several roads became impassible and were closed or barricaded.||This was followed by another band of showers and thunderstorms that lifted northeast from west central and central Alabama through far northeast Alabama during the early morning hours of the 6th.",114
874699,LEAKE CO.,BERTICE,02/05/2020,1733,Tornado, ,EF1,0,0,55000,0,MS,CST-6, ,144515,C,79,JAN,0,0,NWS Storm Survey, ,9.13,250,2,N,1,S,CARTHAGE,02/05/2020,1748,32.6636,-89.6748,32.7112,-89.5284,"This tornado crossed Highway 25 and moved along the Pearl River Bottom, snapping numerous hardwood trees. It moved northeast to near Pleasant Hill Road where it caused a chicken house to collapse on itself, and continued to snap several softwood trees in the nearby wooded area. As the tornado progressed along its northeastward path, it reached Highway 35 and caused the uproot of several trees along the Pearl River bottom, where it lifted thereafter. Max sustained winds 100 mph.","A strong cold front moved through the region. Ahead of this, storms developed across Central Mississippi and produced tornadoes and wind damage.",115
874700,LEAKE CO.,FREENY,02/05/2020,1750,Tornado, ,EF1,0,0,40000,0,MS,CST-6, ,144515,C,79,JAN,0,0,NWS Storm Survey, ,4.91,150,0,NE,3,NNE,FREE TRADE,02/05/2020,1757,32.7049,-89.476,32.7372,-89.4007,"This tornado touched down along Highway 488 and snapped large softwood tree limbs. It then moved northeast to Ellis Road where it caused some roof damage to a manufactured home, as well as snapped and uprooted nearby softwood trees. It continued along its northeastward track to Charley Springs Road where it caused a mobile home to break its tie-downs and roll several yards thus completely destroying it. Additionally, a nearby compost shed composed of mostly wood and some metal was completely destroyed. It continued to track northeast to Hudson Road where it snapped small softwood tree limbs. Once it reached South Williams Road, it uprooted a few softwood trees and snapped small softwood tree limbs before it finally dissipated. Max sustained winds 100 mph.","A strong cold front moved through the region. Ahead of this, storms developed across Central Mississippi and produced tornadoes and wind damage.",116
878856,LAWRENCE CO.,LORETTO,02/05/2020,1755,Tornado, ,EF1,0,0,20000,0,TN,CST-6, ,146278,C,99,OHX,0,0,NWS Storm Survey, ,10.05,300,1,WSW,2,ENE,CENTER PT,02/05/2020,1807,35.0718,-87.4657,35.1165,-87.2976,"This EF-1 tornado touched down along Riddle Lane causing tree damage as well as damage to the outfield wall at the Loretto Sports Complex. The tornado traveled east-northeast taking down additional trees and power lines. On Highway 43, the First Farmers Bank sign was blown down as the tornado continued across the highway into an open field before intensifying and causing damage to several homes in a neighborhood. Numerous large trees were snapped/uprooted. At this point, the tornado was at its widest at around 300 yards. The tornado then weakened east of Methvin Road. However, the weakening was short-lived as the tornado caused complete destruction to a well-built detached garage on Jason's Way. Tree and outbuilding damage continued until the tornado lifted near John Chapel Road. Max winds were estimated at 105 mph.","After an unusually wet January, another strong storm system brought more heavy rainfall, flooding, and severe storms to parts of Middle Tennessee on February 5th. A line of strong to severe thunderstorms known as a QLCS (Quasi-linear Convective System) developed in northern Mississippi and moved across southern and eastern Middle Tennessee during the afternoon and evening hours. These storms spawned 6 weak tornadoes and widespread straight-line wind damage. In addition, heavy rainfall affected much of Middle Tennessee throughout the day, causing significant flooding in many areas.",117
878857,LAWRENCE CO.,GAITHERVILLE,02/05/2020,1756,Tornado, ,EF1,0,1,100000,0,TN,CST-6, ,146278,C,99,OHX,0,0,NWS Storm Survey, ,10.51,300,2,SW,3,NE,LAWRENCEBURG ARPT,02/05/2020,1807,35.223,-87.3984,35.2624,-87.2192,"This EF-1 tornado initially touched down along Glenn Springs Road downing several trees including a large tree falling on a house. The tornado then crossed Highway 64 continuing its destruction of mostly trees, power lines, and roofs as it moved through the city of Lawrenceburg. Several large trees were snapped or uprooted right in the heart of the city, especially around the public library where one tree fell onto the building and caused significant roof damage. The tornado then moved east-northeast into a more residential neighborhood where additional large trees were uprooted. The tornado weakened as it moved into rural eastern Lawrence County where mostly trees, outbuildings, and a barn were damaged. The tornado lifted just before reaching the Lawrence/Giles County line.","After an unusually wet January, another strong storm system brought more heavy rainfall, flooding, and severe storms to parts of Middle Tennessee on February 5th. A line of strong to severe thunderstorms known as a QLCS (Quasi-linear Convective System) developed in northern Mississippi and moved across southern and eastern Middle Tennessee during the afternoon and evening hours. These storms spawned 6 weak tornadoes and widespread straight-line wind damage. In addition, heavy rainfall affected much of Middle Tennessee throughout the day, causing significant flooding in many areas.",118
878870,BEDFORD CO.,ANCHOR MILL,02/05/2020,1847,Tornado, ,EF0,0,0,10000,0,TN,CST-6, ,146278,C,3,OHX,0,0,NWS Storm Survey, ,10.36,50,2,NNE,2,N,BELL BUCKLE,02/05/2020,1857,35.5495,-86.5358,35.6061,-86.3696,"This EF-0 tornado touched down on Old Unionville Road between the intersection of Ben Williams Road and Highway 41 N where some large tree branches were broken off of trees. Additional branches were broken off of trees along Highway 41 N and the tornado continued to travel northeast where a carport was damaged as well as numerous trees snapped near a home along Gregory Mill Road. On Old Nashville Dirt Road near Frank Martin Road there were several trees downed as well as some utility poles. Further up Frank Martin Road just past Parch Corn Creek additional trees were downed, and a barn roof was damaged. More damage along Frank Martin Road included roof damage near an industrial complex near Shelbyville Municipal Airport. Tornado continued northeast and caused more sporadic tree damage before dissipating on Fosterville Road.","After an unusually wet January, another strong storm system brought more heavy rainfall, flooding, and severe storms to parts of Middle Tennessee on February 5th. A line of strong to severe thunderstorms known as a QLCS (Quasi-linear Convective System) developed in northern Mississippi and moved across southern and eastern Middle Tennessee during the afternoon and evening hours. These storms spawned 6 weak tornadoes and widespread straight-line wind damage. In addition, heavy rainfall affected much of Middle Tennessee throughout the day, causing significant flooding in many areas.",119
878873,WARREN CO.,BATES HILL,02/05/2020,1923,Tornado, ,EF0,0,0,10000,0,TN,CST-6, ,146278,C,177,OHX,0,0,NWS Storm Survey, ,6.34,50,1,NE,2,W,GATH,02/05/2020,1931,35.7451,-85.9171,35.7844,-85.8166,"This EF-0 tornado touched down on West Green Hill Road where it snapped a few trees. It continued east-northeast where trees snapped on top of a mobile home on Pigeon Hill Road. A house on Short Mountain Road received minor damage to the front porch and garage. A barn was completely destroyed on Womack Road. Numerous trees were uprooted and snapped along the path before finally lifting near Gath Lucky Road.","After an unusually wet January, another strong storm system brought more heavy rainfall, flooding, and severe storms to parts of Middle Tennessee on February 5th. A line of strong to severe thunderstorms known as a QLCS (Quasi-linear Convective System) developed in northern Mississippi and moved across southern and eastern Middle Tennessee during the afternoon and evening hours. These storms spawned 6 weak tornadoes and widespread straight-line wind damage. In addition, heavy rainfall affected much of Middle Tennessee throughout the day, causing significant flooding in many areas.",120
879102,WHITE CO.,HENSLEYS CHAPEL,02/05/2020,1955,Tornado, ,EF1,0,0,25000,0,TN,CST-6, ,146278,C,185,OHX,0,0,NWS Storm Survey, ,3.86,200,1,SSW,2,NW,CUMMINGS,02/05/2020,1959,35.9009,-85.5413,35.9004,-85.4738,"This EF-1 tornado touched down on Gum Spring Mountain where a house completely lost its roof along with dozens of trees getting uprooted and snapped. An outbuilding and barn were also damaged. The tornado continued east bringing down trees and power lines before finally hitting the National Guard Armory on McMinnville Highway where numerous large pine trees were snapped. The tornado lifted just before reaching Highway 111.","After an unusually wet January, another strong storm system brought more heavy rainfall, flooding, and severe storms to parts of Middle Tennessee on February 5th. A line of strong to severe thunderstorms known as a QLCS (Quasi-linear Convective System) developed in northern Mississippi and moved across southern and eastern Middle Tennessee during the afternoon and evening hours. These storms spawned 6 weak tornadoes and widespread straight-line wind damage. In addition, heavy rainfall affected much of Middle Tennessee throughout the day, causing significant flooding in many areas.",121
879103,WHITE CO.,YANKEETOWN,02/05/2020,2002,Tornado, ,EF1,0,0,15000,0,TN,CST-6, ,146278,C,185,OHX,0,0,NWS Storm Survey, ,6.39,250,2,SSE,1,NW,DE ROSSETT,02/05/2020,2009,35.9527,-85.4209,35.9562,-85.307,"This EF-1 tornado touched down just west of Blue Springs Road and snapped several trees along with destroying a barn. A covered porch was also destroyed at this location as well as the roof of a single story home. The tornado continued eastward across a holler/valley before causing extensive tree damage on James Lambert Road. Several outbuildings and barns were completely destroyed as well as extensive damage to a mobile home. The tornado went up a mountain and back down and then hit a barn/outbuilding on Cross Street. The tornado finally lifted near Viola Drive where further minor tree damage was observed.","After an unusually wet January, another strong storm system brought more heavy rainfall, flooding, and severe storms to parts of Middle Tennessee on February 5th. A line of strong to severe thunderstorms known as a QLCS (Quasi-linear Convective System) developed in northern Mississippi and moved across southern and eastern Middle Tennessee during the afternoon and evening hours. These storms spawned 6 weak tornadoes and widespread straight-line wind damage. In addition, heavy rainfall affected much of Middle Tennessee throughout the day, causing significant flooding in many areas.",122
874702,JASPER CO.,BAY SPGS,02/05/2020,2251,Tornado, ,EF2,0,0,2400000,800000,MS,CST-6, ,144515,C,61,JAN,0,0,NWS Storm Survey, ,26.43,1320,2,S,3,N,ORANGE,02/05/2020,2321,31.9406,-89.2971,32.1428,-88.914,"This long track tornado affected the counties of Jasper, Clarke and Lauderdale. This tornado began in Jasper County south of Bay Springs along County Road 9, where it snapped several softwood trees and some minor peeling of the tin roof of a home also occurred. It progressed northeast and crossed MS Highway 15 where it snapped a few softwood trees. As the tornado moved northeast to County Road 17, it began to ramp up in intensity as it caused a fire tower to bend and pulled the cement foundation several feet out of the ground. Additionally, it destroyed a nearby trailer, a nearby barn and caused some minor damage to the roof of a one-story home. The tornado continued its northeastward track crossing County Road 5282 and caused some minor roof damage to a few chicken houses and snapped some softwood trees. Multiple softwood and hardwood trees were snapped and uprooted and a wooden power pole was snapped as it crossed County Road 528. Some of the aforementioned trees fell on top of cars. The tornado continued to snap and uproot numerous softwood trees as it moved northeast crossing County Roads 2339, 23411 and 23.The tornado then crossed County Road 279 snapping and uprooting several softwood trees, and causing extensive tin roof damage and structural damage to ten chicken houses located just off of County Road 279 south of Piney Creek. Numerous snapped softwood trees were noted at the intersection of County Roads 279 and 5286. As it moved east-northeast to the intersection of County Roads 279 and 27, it continued to snap softwood trees and also caused some minor peeling of tin roofs of nearby chicken houses. As the tornado crossed County Road 1816, the snapping of several softwood trees resulted in some of the trees taking down power poles. The tornado then crossed US Highway 503 north of Paulding, MS snapping multiple softwood trees. Thereafter, it moved across County Road 31 continuing its snapping and uprooting of softwood trees, as well as destroying an outdoor metal shed. The snapping and uprooting of softwood trees continued as it crossed US Highway 18, and then moved into Clarke County resulting in multiple snapped and uprooted trees, severely damaging a carport and causing damage to portions of a one-story home along US Highway 513. As the tornado neared Enterprise, it continued to snap and uproot numerous softwood trees thus causing them to fall onto cars and take down several power poles along County Road 360 and US Highway 11. Along US Highway 11 North, as the tornado neared Lauderdale County, it took off a large section of a one-story home. Furthermore, it snapped numerous softwood and hardwood trees as well as peeled off the metal roof of an outdoor hay shed along County Roads 377 and 379. The tornado then moved northeast into Lauderdale County and resulted in multiple snapped and uprooted softwood trees at Thomas Road, Valley Road and US Highway 145. It then moved east-northeast across US Highway 45 snapping several small softwood trees, thus showing a bit of a decline in intensity. When the tornado reached Southeast Lauderdale High School, it caused minor awning damage to portions of the school. It continued to snap and uproot several softwood and a few hardwood trees as it progressed northeast to US Highway 19 South and US Highway 496. When it reached Johnson Loop Road, a few miles west of the Alabama state line, only a few uprooted and snapped softwood trees were noted and thus, this is where it also dissipated. Max sustained winds was 125 mph in Jasper County and rated an overall EF-2. Total path length 60.05 miles.","A strong cold front moved through the region. Ahead of this, storms developed across Central Mississippi and produced tornadoes and wind damage.",123
874704,CLARKE CO.,WAUTUBBEE,02/05/2020,2321,Tornado, ,EF2,0,0,500000,200000,MS,CST-6, ,144515,C,23,JAN,0,0,NWS Storm Survey, ,10.51,1000,4,WNW,1,NE,BASIC CITY,02/05/2020,2330,32.1428,-88.914,32.2249,-88.7627,"This long track tornado affected the counties of Jasper, Clarke and Lauderdale. This tornado began in Jasper County south of Bay Springs along County Road 9, where it snapped several softwood trees and some minor peeling of the tin roof of a home also occurred. It progressed northeast and crossed MS Highway 15 where it snapped a few softwood trees. As the tornado moved northeast to County Road 17, it began to ramp up in intensity as it caused a fire tower to bend and pulled the cement foundation several feet out of the ground. Additionally, it destroyed a nearby trailer, a nearby barn and caused some minor damage to the roof of a one-story home. The tornado continued its northeastward track crossing County Road 5282 and caused some minor roof damage to a few chicken houses and snapped some softwood trees. Multiple softwood and hardwood trees were snapped and uprooted and a wooden power pole was snapped as it crossed County Road 528. Some of the aforementioned trees fell on top of cars. The tornado continued to snap and uproot numerous softwood trees as it moved northeast crossing County Roads 2339, 23411 and 23.The tornado then crossed County Road 279 snapping and uprooting several softwood trees, and causing extensive tin roof damage and structural damage to ten chicken houses located just off of County Road 279 south of Piney Creek. Numerous snapped softwood trees were noted at the intersection of County Roads 279 and 5286. As it moved east-northeast to the intersection of County Roads 279 and 27, it continued to snap softwood trees and also caused some minor peeling of tin roofs of nearby chicken houses. As the tornado crossed County Road 1816, the snapping of several softwood trees resulted in some of the trees taking down power poles. The tornado then crossed US Highway 503 north of Paulding, MS snapping multiple softwood trees. Thereafter, it moved across County Road 31 continuing its snapping and uprooting of softwood trees, as well as destroying an outdoor metal shed. The snapping and uprooting of softwood trees continued as it crossed US Highway 18, and then moved into Clarke County resulting in multiple snapped and uprooted trees, severely damaging a carport and causing damage to portions of a one-story home along US Highway 513. As the tornado neared Enterprise, it continued to snap and uproot numerous softwood trees thus causing them to fall onto cars and take down several power poles along County Road 360 and US Highway 11. Along US Highway 11 North, as the tornado neared Lauderdale County, it took off a large section of a one-story home. Furthermore, it snapped numerous softwood and hardwood trees as well as peeled off the metal roof of an outdoor hay shed along County Roads 377 and 379. The tornado then moved northeast into Lauderdale County and resulted in multiple snapped and uprooted softwood trees at Thomas Road, Valley Road and US Highway 145. It then moved east-northeast across US Highway 45 snapping several small softwood trees, thus showing a bit of a decline in intensity. When the tornado reached Southeast Lauderdale High School, it caused minor awning damage to portions of the school. It continued to snap and uproot several softwood and a few hardwood trees as it progressed northeast to US Highway 19 South and US Highway 496. When it reached Johnson Loop Road, a few miles west of the Alabama state line, only a few uprooted and snapped softwood trees were noted and thus, this is where it also dissipated. Max sustained winds in Clarke County were 115 mph but overall for the tornado was 125 mph and rated an overall EF-2. Total path length 60.05 miles. The max width for 1320 yards in Jasper County.","A strong cold front moved through the region. Ahead of this, storms developed across Central Mississippi and produced tornadoes and wind damage.",124
874705,LAUDERDALE CO.,ORANGE,02/05/2020,2330,Tornado, ,EF1,0,0,1000000,400000,MS,CST-6, ,144515,C,75,JAN,0,0,NWS Storm Survey, ,22.91,850,13,NE,35,NE,ORANGE,02/05/2020,2357,32.2249,-88.7627,32.3928,-88.4244,"This long track tornado affected the counties of Jasper, Clarke and Lauderdale. This tornado began in Jasper County south of Bay Springs along County Road 9, where it snapped several softwood trees and some minor peeling of the tin roof of a home also occurred. It progressed northeast and crossed MS Highway 15 where it snapped a few softwood trees. As the tornado moved northeast to County Road 17, it began to ramp up in intensity as it caused a fire tower to bend and pulled the cement foundation several feet out of the ground. Additionally, it destroyed a nearby trailer, a nearby barn and caused some minor damage to the roof of a one-story home. The tornado continued its northeastward track crossing County Road 5282 and caused some minor roof damage to a few chicken houses and snapped some softwood trees. Multiple softwood and hardwood trees were snapped and uprooted and a wooden power pole was snapped as it crossed County Road 528. Some of the aforementioned trees fell on top of cars. The tornado continued to snap and uproot numerous softwood trees as it moved northeast crossing County Roads 2339, 23411 and 23.The tornado then crossed County Road 279 snapping and uprooting several softwood trees, and causing extensive tin roof damage and structural damage to ten chicken houses located just off of County Road 279 south of Piney Creek. Numerous snapped softwood trees were noted at the intersection of County Roads 279 and 5286. As it moved east-northeast to the intersection of County Roads 279 and 27, it continued to snap softwood trees and also caused some minor peeling of tin roofs of nearby chicken houses. As the tornado crossed County Road 1816, the snapping of several softwood trees resulted in some of the trees taking down power poles. The tornado then crossed US Highway 503 north of Paulding, MS snapping multiple softwood trees. Thereafter, it moved across County Road 31 continuing its snapping and uprooting of softwood trees, as well as destroying an outdoor metal shed. The snapping and uprooting of softwood trees continued as it crossed US Highway 18, and then moved into Clarke County resulting in multiple snapped and uprooted trees, severely damaging a carport and causing damage to portions of a one-story home along US Highway 513. As the tornado neared Enterprise, it continued to snap and uproot numerous softwood trees thus causing them to fall onto cars and take down several power poles along County Road 360 and US Highway 11. Along US Highway 11 North, as the tornado neared Lauderdale County, it took off a large section of a one-story home. Furthermore, it snapped numerous softwood and hardwood trees as well as peeled off the metal roof of an outdoor hay shed along County Roads 377 and 379. The tornado then moved northeast into Lauderdale County and resulted in multiple snapped and uprooted softwood trees at Thomas Road, Valley Road and US Highway 145. It then moved east-northeast across US Highway 45 snapping several small softwood trees, thus showing a bit of a decline in intensity. When the tornado reached Southeast Lauderdale High School, it caused minor awning damage to portions of the school. It continued to snap and uproot several softwood and a few hardwood trees as it progressed northeast to US Highway 19 South and US Highway 496. When it reached Johnson Loop Road, a few miles west of the Alabama state line, only a few uprooted and snapped softwood trees were noted and thus, this is where it also dissipated. Max sustained winds in Lauderdale County were 110 mph, but the entire tornado was rated an EF-2 with winds of 125 mph. Total path length 60.05 miles. The max width for 1320 yards in Jasper County.","A strong cold front moved through the region. Ahead of this, storms developed across Central Mississippi and produced tornadoes and wind damage.",125
878235,SHELBY CO.,GURNEE JCT,02/06/2020,157,Tornado, ,EF2,0,0,0,0,AL,CST-6, ,146149,C,117,BMX,0,0,NWS Storm Survey, ,9.91,700,0,WNW,0,S,HELENA,02/06/2020,209,33.2015,-86.9753,33.2954,-86.8503,"National Weather Service meteorologists surveyed damage in western Shelby County and determined that it was consistent with an EF2 tornado, with maximum winds near 120 mph.  The tornado touched down in a wooded area near Red Oak Rd and Hancock Creek and tracked northeast, moving across a largely uninhabited area along the Cahaba River. The tornado quickly intensified to EF2 strength where it snapped or uprooted thousands of soft and hardwood trees just south and east of Shelby County Road 1 in the Ward Creek area. The tornado crossed many bends along the Cahaba River as it approached the Moss Bend area where trees were snapped or uprooted. Further northeast, numerous trees were snapped or uprooted along a portion of Oak View Lane. The tornado continued northeast into the Old Cahaba neighborhood where several homes sustained minor roof and siding damage. The window to a home was also blown out along with additional damage to trees. The tornado continued northeast roughly paralleling Hillsboro Parkway where more trees were uprooted. The tornado dissipated just southeast of the Helena Amphitheater.","Heavy rainfall and severe storms affected Central Alabama on February 5th and 6th as several impulses emanated from a deep upper trough centered over the central United States. This event yielded tornadoes, damaging winds, and flooding.||The northward progression of a warm front allowed a seasonably warm and moist air mass to overspread the region on Wednesday, February 5th, with afternoon temperatures in the 70s and dew points in the 60s. The initial round of convection on this day included areas of rain with embedded thunderstorms producing gusty winds as well as hail. There was a relative lull in thunderstorm activity during Wednesday evening, before the next upper-level impulse arrived, alongside a cold front and nearby surface low. This round of activity began its formation to the west in Mississippi and then moved through Alabama late Wednesday night through midday Thursday, February 6th. This round of convection produced widespread moderate to heavy rainfall, resulting in more substantial flooding. Some storms became tornadic due to the favorable wind shear and instability in place, while others produced damaging straight-line winds. Due to the overall wet and breezy conditions, trees fell in numerous locations from wind not associated with thunderstorms.",126
878237,MARENGO CO.,OLD SPRING HILL,02/06/2020,213,Tornado, ,EF1,1,1,0,0,AL,CST-6, ,146149,C,91,BMX,0,0,NWS Storm Survey, ,1.29,400,3,NW,2,SSW,ALFALFA,02/06/2020,215,32.4617,-87.8012,32.4725,-87.7834,"National Weather Service meteorologists surveyed damage in northern Marengo County and determined that it was consistent with an EF1 tornado, with maximum winds near 110 mph. The tornado touched down southeast of Demopolis, west of U.S. Highway 43. The tornado tracked northeast and produced damage near Starmont Lane and Orchard Drive. Several trees were uprooted or were snapped off. Two homes suffered minor damage. The most concentrated damage occurred at U.S. Highway 43 near County Road 54. This is the location where two manufactured homes were destroyed and two homes were damaged. The one injury and the one fatality occurred in the manufactured home that was totally destroyed. Several trees were blown down in this location as well. The tornado continued across U.S. Highway 43 where it destroyed a barn and uprooted many more trees. The tornado then lifted before it crossed French Creek.","Heavy rainfall and severe storms affected Central Alabama on February 5th and 6th as several impulses emanated from a deep upper trough centered over the central United States. This event yielded tornadoes, damaging winds, and flooding.||The northward progression of a warm front allowed a seasonably warm and moist air mass to overspread the region on Wednesday, February 5th, with afternoon temperatures in the 70s and dew points in the 60s. The initial round of convection on this day included areas of rain with embedded thunderstorms producing gusty winds as well as hail. There was a relative lull in thunderstorm activity during Wednesday evening, before the next upper-level impulse arrived, alongside a cold front and nearby surface low. This round of activity began its formation to the west in Mississippi and then moved through Alabama late Wednesday night through midday Thursday, February 6th. This round of convection produced widespread moderate to heavy rainfall, resulting in more substantial flooding. Some storms became tornadic due to the favorable wind shear and instability in place, while others produced damaging straight-line winds. Due to the overall wet and breezy conditions, trees fell in numerous locations from wind not associated with thunderstorms.",127
875896,BARTOW CO.,FOLSOM,02/06/2020,528,Tornado, ,EF0,0,0,10000,0,GA,EST-5, ,145823,C,15,FFC,0,0,NWS Storm Survey, ,0.33,200,2,WNW,2,NW,FOLSOM,02/06/2020,529,34.3951,-84.8631,34.3968,-84.8576,"A National Weather Service survey team found that during the pre-dawn hours of February 6th, within a fast-moving line of strong to severe thunderstorms, a brief tornado with peak wind speeds of 85 mph and a maximum path width of 200 yards  touched down in extreme northern Bartow County along County Line/Green Loop Road with a few trees snapped or uprooted. The tornado moved northeast quickly crossing into Gordon County just south of the intersection of Green Loop and Dempsey Loop Roads. [02/06/20: Tornado #1, County #1/2, EF-0, Bartow, 2020:006].","A line of thunderstorms ahead of a strong cold front moved into northwest Georgia in the pre-dawn hours and swept across north and central Georgia through the morning into the afternoon producing numerous reports of damaging thunderstorm winds and an isolated tornado. Storms along the front also produced heavy rainfall, ranging from 1.5 to 4 inches, with higher amounts up to 6 inches, particularly over north Georgia. These rainfall amounts produced flash flooding over north and central Georgia.",128
875897,GORDON CO.,BOWLS,02/06/2020,529,Tornado, ,EF0,0,0,50000,0,GA,EST-5, ,145823,C,129,FFC,0,0,NWS Storm Survey, ,1.91,200,3,W,2,WNW,BOWLS,02/06/2020,530,34.3968,-84.8576,34.405,-84.8256,"A National Weather Service survey team found that during the pre-dawn hours of February 6th, within a fast-moving line of strong to severe thunderstorms, a brief tornado with peak wind speeds of 85 mph and a maximum path width of 200 yards moved northeast out of extreme northern Bartow County into Gordon County just south of the intersection of Green Loop and Dempsey Loop Roads. The worst of the damage was confined to a small area along East Plainview Road SE where 10 to 12 large trees were uprooted and a manufactured home had its entire roof ripped off and was slightly moved off its foundation. Homes on either side of this location sustained some roof damage as well. The tornado turned east-northeast, hitting another home, lifting and damaging part of its front porch. A few small trees were snapped along Shope Lake Road SE before the tornado dissipated just east of this point. [02/06/20: Tornado #1, County #2/2, EF-0, Gordon, 2020:006].","A line of thunderstorms ahead of a strong cold front moved into northwest Georgia in the pre-dawn hours and swept across north and central Georgia through the morning into the afternoon producing numerous reports of damaging thunderstorm winds and an isolated tornado. Storms along the front also produced heavy rainfall, ranging from 1.5 to 4 inches, with higher amounts up to 6 inches, particularly over north Georgia. These rainfall amounts produced flash flooding over north and central Georgia.",129
871936,CLEVELAND CO.,LAWNDALE,02/06/2020,945,Tornado, ,EF1,0,0,250000,0,NC,EST-5, ,145216,C,45,GSP,0,0,NWS Storm Survey, ,7.03,100,0,SW,3,ESE,BELWOOD,02/06/2020,957,35.416,-81.587,35.461,-81.475,"NWS storm survey found the path of an EF1 tornado that first developed west of Lawndale in the area around W Stage Coach Trail and Church View Dr. The tornado tracked northeast from there, crossing Hicks Hill Rd, Casar Lawndale Rd, and New Bethel Church Rd. Damage was primarily limited to snapped and uprooted trees in this area, although one mobile home received minor roof damage off New Bethel Church Rd while an outbuilding was destroyed on Hicks Hill Rd. The tornado continued to snap and uproot numerous trees and tree limbs as it tracked northeast, crossing Will Dixon Rd, Warlick Rd, and Highway 18 just north of Fallston. The tornado weakened from that point as it passed into Lincoln County in the Hull Rd area.","Unusually high levels of moisture for early February combined with a slow-moving frontal system to produce an extended period of moderate to heavy rainfall across western North Carolina from the morning of the 5th until the early morning hours of the 7th. Intense rain rates associated with bands of heavy rain showers and embedded thunderstorms developing along the front during the morning and afternoon of the 7th resulted in rather widespread flash flooding. Isolated tornadoes also developed during this time across the Piedmont. Total rainfall of 3 to 6 inches resulted in flooding persisting along some main stem rivers and larger streams well into the 7th.",130
871937,LINCOLN CO.,ELAY,02/06/2020,958,Tornado, ,EF0,0,0,0,0,NC,EST-5, ,145216,C,109,GSP,0,0,NWS Storm Survey, ,0.45,100,1,WSW,1,WSW,ELAY,02/06/2020,959,35.461,-81.474,35.464,-81.467,"NWS storm survey found the path of a weakening tornado that moved into Lincoln County from Cleveland County in the Hull Rd area before dissipating. Damage was primarily limited to snapped tree limbs and a few downed trees in Lincoln County.","Unusually high levels of moisture for early February combined with a slow-moving frontal system to produce an extended period of moderate to heavy rainfall across western North Carolina from the morning of the 5th until the early morning hours of the 7th. Intense rain rates associated with bands of heavy rain showers and embedded thunderstorms developing along the front during the morning and afternoon of the 7th resulted in rather widespread flash flooding. Isolated tornadoes also developed during this time across the Piedmont. Total rainfall of 3 to 6 inches resulted in flooding persisting along some main stem rivers and larger streams well into the 7th.",131
874596,SPARTANBURG CO.,CLEVEDALE,02/06/2020,1021,Tornado, ,EF1,0,0,10000000,0,SC,EST-5, ,145640,C,83,GSP,0,0,NWS Storm Survey, ,10.14,100,0,S,2,WSW,CONVERSE,02/06/2020,1033,34.926,-82.03,34.972,-81.86,"NWS storm survey found the path of an EF1 tornado that began in the west Spartanburg/Clevedale area, near the intersection of Willis Rd and Harvest Brook Way. Damage was primarily limited to downed trees in this residential area, although one tree fell on and damaged a home. Structural damage increased as the tornado moved through the Westgate Mall and Dorman Center areas near the Highway 29/I-26 intersection, with business signs being damaged and roof damage occurring to several homes and apartment buildings just east of Westgate Mall. This same neighborhood was impacted by another EF1 tornado in October 2017. The tornado strengthened as it moved east of this area, along West Main St toward downtown. Businesses lost roof panels, and at least one small outbuilding was destroyed. Tree damage was observed in downtown Spartanburg and in the Converse Heights neighborhood east of downtown. Though the tornado was not as intense by that time, trees continued to be uprooted along the path of the tornado until it dissipated near Zion Hill Rd on the eastern outskirts of the city. In all, more than 400 homes and businesses were damaged, either directly by wind or by falling trees.","Unusually high levels of moisture for early February combined with a slow-moving frontal system to produce an extended period of moderate to heavy rainfall across Upstate South Carolina from the morning of the 5th until the early morning hours of the 7th. Intense rain rates associated with bands of heavy rain showers and embedded thunderstorms developing along the front during the morning and afternoon of the 7th resulted in rather widespread flash flooding. A tornado also developed during this time in the Spartanburg area. Total rainfall of 3 to 6 inches resulted in flooding persisting along some main stem rivers and larger streams well into the 7th.",132
871938,CLEVELAND CO.,ARCHDALE,02/06/2020,1055,Tornado, ,EF2,0,0,750000,0,NC,EST-5, ,145216,C,45,GSP,0,0,NWS Storm Survey, ,5.14,150,1,ESE,4,SSE,KINGS MTN,02/06/2020,1100,35.177,-81.413,35.196,-81.325,"NWS storm survey found an EF2 tornado damage path that began near the intersection of Battleground Rd and I-85. Trees were snapped and uprooted along the path as it moved east to near the intersection of Dixon School Rd and Bethlehem Rd. Here a couple of homes were damaged. Just east of there the strongest damage was found as a couple of high tension electrical transmission towers were blown down. The tornado weakened as it moved east snapping and uprooting trees as it crossed York Rd before moving into Gaston County.","Unusually high levels of moisture for early February combined with a slow-moving frontal system to produce an extended period of moderate to heavy rainfall across western North Carolina from the morning of the 5th until the early morning hours of the 7th. Intense rain rates associated with bands of heavy rain showers and embedded thunderstorms developing along the front during the morning and afternoon of the 7th resulted in rather widespread flash flooding. Isolated tornadoes also developed during this time across the Piedmont. Total rainfall of 3 to 6 inches resulted in flooding persisting along some main stem rivers and larger streams well into the 7th.",133
871939,GASTON CO.,MOUNTIAN VIEW,02/06/2020,1101,Tornado, ,EF1,0,0,0,0,NC,EST-5, ,145216,C,71,GSP,0,0,NWS Storm Survey, ,3.52,150,4,SSW,2,WNW,CROWDERS,02/06/2020,1105,35.196,-81.323,35.191,-81.261,"NWS storm survey found a tornado that began in southeast Cleveland County moved into Gaston County in the Crowders Mountain State Park area. Numerous snapped trees were found as the tornado moved east crossing Pinnacle Rd and Sparrow Springs Rd. The damage ended near Freedom Mill Rd with snapped and broken large branches.","Unusually high levels of moisture for early February combined with a slow-moving frontal system to produce an extended period of moderate to heavy rainfall across western North Carolina from the morning of the 5th until the early morning hours of the 7th. Intense rain rates associated with bands of heavy rain showers and embedded thunderstorms developing along the front during the morning and afternoon of the 7th resulted in rather widespread flash flooding. Isolated tornadoes also developed during this time across the Piedmont. Total rainfall of 3 to 6 inches resulted in flooding persisting along some main stem rivers and larger streams well into the 7th.",134
871942,CABARRUS CO.,MT GILEAD,02/06/2020,1140,Tornado, ,EF2,0,0,500000,0,NC,EST-5, ,145216,C,25,GSP,0,0,NWS Storm Survey, ,6.19,75,3,N,2,NNE,WATTS XRDS,02/06/2020,1148,35.498,-80.564,35.497,-80.454,"NWS storm survey found the damage path of an EF2 tornado that began just west of I-85 near Lane St where trees were snapped and uprooted as the tornado crossed the interstate and moved east along Lane St. The awning of a service station was also damaged. The tornado then moved along Old Salisbury-Concord Rd snapping and uprooting trees until it reached Gold Fish Rd where several homes were damaged. The tornado then moved east along Irish Potato Rd snapping and uprooting trees. Farther along this road another home was damaged. Little damage was noted as the tornado moved east until it crossed Dutch Buffalo Creek where trees were snapped and uprooted. The strongest damage was found just east along Pless Rd where several homes were damaged. The tornado weakened as it moved east snapping and uprooting trees as it went. The tornado ended near Sisk-Carter Rd.","Unusually high levels of moisture for early February combined with a slow-moving frontal system to produce an extended period of moderate to heavy rainfall across western North Carolina from the morning of the 5th until the early morning hours of the 7th. Intense rain rates associated with bands of heavy rain showers and embedded thunderstorms developing along the front during the morning and afternoon of the 7th resulted in rather widespread flash flooding. Isolated tornadoes also developed during this time across the Piedmont. Total rainfall of 3 to 6 inches resulted in flooding persisting along some main stem rivers and larger streams well into the 7th.",135
871943,ROWAN CO.,GOLD HILL,02/06/2020,1155,Tornado, ,EF0,0,0,0,0,NC,EST-5, ,145216,C,159,GSP,0,0,NWS Storm Survey, ,1.52,50,1,S,2,ESE,GOLD HILL,02/06/2020,1157,35.509,-80.351,35.507,-80.324,"NWS storm survey found a weak tornado damage path that began near the intersection of Old Beatty Ford Rd and St Stephens Church Rd south of Gold Hill. A small barn was damaged at this location, which was the most significant damage along the track. Some some trees were snapped and uprooted here as well. The tornado snapped and uprooted trees as it moved east along and near Old Beatty Ford Rd before ending near Old Highway 80.","Unusually high levels of moisture for early February combined with a slow-moving frontal system to produce an extended period of moderate to heavy rainfall across western North Carolina from the morning of the 5th until the early morning hours of the 7th. Intense rain rates associated with bands of heavy rain showers and embedded thunderstorms developing along the front during the morning and afternoon of the 7th resulted in rather widespread flash flooding. Isolated tornadoes also developed during this time across the Piedmont. Total rainfall of 3 to 6 inches resulted in flooding persisting along some main stem rivers and larger streams well into the 7th.",136
871940,MECKLENBURG CO.,PINEVILLE,02/06/2020,1216,Tornado, ,EF1,0,0,500000,0,NC,EST-5, ,145216,C,119,GSP,0,0,NWS Storm Survey, ,15.09,150,1,NW,3,E,HOODS,02/06/2020,1231,35.094,-80.917,35.127,-80.653,"NWS storm survey found a tornado damage path that began almost exactly on the NC/SC line along Nations Ford Rd west of Pineville. Trees were snapped or uprooted along its path until it reached an industrial area west of I-485 where several large buildings suffered roof damage and a wall collapsed at a building under construction. The damage in this area suggests winds of 90 to 95 mph which were the strongest winds of the event. The tornado maintained strength as it crossed I-485 and traveled across largely residential areas of southern Mecklenburg County causing scattered tree damage. At least one tree fell on a house in this area. More damage to large trees occurred along Highway 51 in Matthews east of Elizabeth Lane Elementary. The tornado weakened from there but caused more tree damage on West John St closer to the city center. Tree damage continued in scattered locations after the tornado crossed Independence Blvd and again I-485 before entering Union County.","Unusually high levels of moisture for early February combined with a slow-moving frontal system to produce an extended period of moderate to heavy rainfall across western North Carolina from the morning of the 5th until the early morning hours of the 7th. Intense rain rates associated with bands of heavy rain showers and embedded thunderstorms developing along the front during the morning and afternoon of the 7th resulted in rather widespread flash flooding. Isolated tornadoes also developed during this time across the Piedmont. Total rainfall of 3 to 6 inches resulted in flooding persisting along some main stem rivers and larger streams well into the 7th.",137
875040,RANDOLPH CO.,MC LANETON,02/06/2020,1231,Tornado, ,EF1,0,0,250000,0,NC,EST-5, ,145578,C,151,RAH,0,0,NWS Storm Survey, ,0.38,100,0,E,1,E,MC LANETON,02/06/2020,1232,35.8501,-79.6473,35.8509,-79.6405,"An EF-1 tornado with maximum wind speeds of 100 mph touched down just west of State Route 2442. An unoccupied large chicken house was completely destroyed, with debris carried over a half mile away and lofted sufficiently to produce a tornado debris signature on the KRAX WSR-88D radar. In addition, a large farm outbuilding was shifted and twisted off of it's foundation. A detached four bay garage had the doors blown in and subsequently collapsed. The tornado then crossed State Route 2442 and caused  substantial tree damage and then lifted.","A strong upper-level trough tracked eastward across North Carolina from the Gulf Coast states and brought heavy rain and severe weather. A warm front produced heavy rain and flash flooding along with the first round of severe weather during the early to mid afternoon. An assoiciated cold front and surface wave moved across the area during the mid to late afternoon and evening. This is when a line of strong to severe thunderstorms raced across the area, producing widespread damaging wind gusts. There were many reports of downed trees and power lines. A bow echo produced 80 to 100 mph straight line winds near Enfield and near Bunn, which snapped and uprooted trees and resulted in minor to moderate damage to numerous structures. In addition, two EF1 tornadoes were confirmed, one in Randolph County and one in Stanly County.",138
871941,UNION CO.,INDIAN TRAIL,02/06/2020,1232,Tornado, ,EF1,0,0,0,0,NC,EST-5, ,145216,C,179,GSP,0,0,NWS Storm Survey, ,2.06,150,4,NNE,2,WNW,INDIAN TRAIL ARPT,02/06/2020,1235,35.127,-80.651,35.132,-80.615,"A weakening tornado moved into Union County from Mecklenburg County near Idlewild Rd. Damage in Union County was generally confined to downed weakened and dead trees before the tornado lifted near Hawthorne Drive in Indian Trail.","Unusually high levels of moisture for early February combined with a slow-moving frontal system to produce an extended period of moderate to heavy rainfall across western North Carolina from the morning of the 5th until the early morning hours of the 7th. Intense rain rates associated with bands of heavy rain showers and embedded thunderstorms developing along the front during the morning and afternoon of the 7th resulted in rather widespread flash flooding. Isolated tornadoes also developed during this time across the Piedmont. Total rainfall of 3 to 6 inches resulted in flooding persisting along some main stem rivers and larger streams well into the 7th.",139
875052,STANLY CO.,MILLINGPORT,02/06/2020,1242,Tornado, ,EF1,0,0,500000,0,NC,EST-5, ,145578,C,167,RAH,0,0,NWS Storm Survey, ,7.32,400,2,SW,1,ENE,ALBEMARLE,02/06/2020,1249,35.362,-80.3361,35.373,-80.2068,"An EF-1 tornado with maximum wind speeds of 110 mph touched down west of Albemarle. A discontinuous damage path started along Flint Ridge Road approximately two mies southwest of Millingport. The damage there consisted of a double-wide manufactured home that had the roof completely removed and shifted off of its foundation. A large storage outbuilding at the same location was completely destroyed. In addition, there was a long and narrow patch of substantial tree damage consisting of  both uprooted and snapped hard and softwood trees. This type of damage was noted in numerous locations along Biles road. The tree damage continued east of Biles Road after crossing Millingport Road. The damage path was picked back up along Pennington Road, where a child care center had considerable roof damage and numerous surrounding tree damage. A large swath and path of trees damage continued to the northeast, before the damage mostly ended around Snuggs Park Road.","A strong upper-level trough tracked eastward across North Carolina from the Gulf Coast states and brought heavy rain and severe weather. A warm front produced heavy rain and flash flooding along with the first round of severe weather during the early to mid afternoon. An assoiciated cold front and surface wave moved across the area during the mid to late afternoon and evening. This is when a line of strong to severe thunderstorms raced across the area, producing widespread damaging wind gusts. There were many reports of downed trees and power lines. A bow echo produced 80 to 100 mph straight line winds near Enfield and near Bunn, which snapped and uprooted trees and resulted in minor to moderate damage to numerous structures. In addition, two EF1 tornadoes were confirmed, one in Randolph County and one in Stanly County.",140
867958,AIKEN CO.,VAUCLUSE,02/06/2020,1452,Tornado, ,EF1,0,0,0,0,SC,EST-5, ,144572,C,3,CAE,0,0,NWS Storm Survey, ,1.14,75,2,NNE,3,NE,VAUCLUSE,02/06/2020,1454,33.6423,-81.8037,33.6499,-81.7862,"A NWS Storm Survey Team determined that an EF-1 tornado, with wind speeds up to 105 mph, occurred north of Vaucluse in Aiken County, SC on Thursday, 2/6/20. The tornado began just beyond a perimeter trail on the southwest side of Stable View Farm. The tornado continued northeast across the farm where it snapped and uprooted numerous pine trees. The tornado caused minor roof damage to a barn, overturned a detached semi trailer, and destroyed 5 stables that were constructed of aluminum and hard vinyl along Springfield Church Road. The tornado then continued |northeast, crossing Westo Road, then causing damage around a house on Smith Lane where it overturned a small equipment trailer and a small RV trailer which then landed on top of an SUV. There was minor roof damage to the house along with numerous snapped and uprooted pine trees around the property. The tornado then lifted as it crossed a field on the north side of Smith Lane. Additional straight-line wind damage in the form of a few snapped or uprooted pine trees was observed northeast along Indian Springs Road to Old Lawson Road. The tornado was on the ground for approximately 1.15 miles and had a path width of around 75 yards at its widest point.","Upper energy and a cold front, along with moderate instability and strong shear, produced a band of showers and thunderstorms, some severe, including a tornado.",141
874764,GATES CO.,EURE,02/06/2020,1532,Tornado, ,EF0,0,0,100000,0,NC,EST-5, ,145250,C,73,AKQ,0,0,NWS Storm Survey, ,2.99,75,2,E,1,N,ELEANORS XRDS,02/06/2020,1535,36.4298,-76.82,36.4425,-76.7685,"Initial straight line wind damage was noted along Highway 13 just north of the Chowan River. Wind damage continued east along Sandbank Road east of Highway 13. The EF-0 tornado touched down just east of Eure near Taylor Mill Road and Askew Road. The tornado intensity increased as it crossed Turner Road snapping numerous trees with one of the trees falling on a home. The tornado then crossed Highway 158 just west of Highway 37 snapping and uprooting numerous trees. A roof was blown off a home along Highway 158 and some chicken houses were damaged. The tornado lifted off the ground at Highway 37 just north of Highway 158. Straight line wind damage did continue with damage to metal building structures along Cotton Gin Road.","Scattered severe thunderstorms well in advance of strong low pressure and a cold front produced damaging winds and one tornado across portions of northeast North Carolina.",142
870737,WARE CO.,WAYCROSS,02/06/2020,2105,Tornado, ,EF0,0,0,0,0,GA,EST-5, ,144991,C,299,JAX,0,0,NWS Storm Survey, ,0.18,50,1,SW,1,SW,WAYCROSS,02/06/2020,2110,31.208,-82.3642,31.2078,-82.3612,"A brief EF0 tornado damaged power lines and structures near the CSX Transportation Crossroads on the SSW side of Waycross.","A potent pref-frontal squall line crossed the local forecast area during the late afternoon across SE Georgia and continuing eastward exiting the NE Florida Atlantic coast through midnight.  There was very strong speed shear over the local area with strong 0-6km shear around 55 knots, 0-1km helicity over 300 m2/s2, and sufficient CAPE for severe weather. The limiting factor was fairly weak mid-level lapse rates. Widespread wind damage occurred with this line with gusts of 40-50 mph and severe strength bowing segments producing wind damage and gusts of 60-76 mph. A isolated tornado briefly touched down in Waycross.",143
870288,PINELLAS CO.,ULMERTON,02/06/2020,2238,Tornado, ,EF0,0,1,200000,0,FL,EST-5, ,144925,C,103,TBW,0,0,Fire Department/Rescue, ,9.24,50,1,SSW,2,SSW,FEATHER SOUND,02/06/2020,2248,27.8645,-82.7898,27.8771,-82.6464,"Multiple units damaged at mobile home park in Pinellas Park. Tree fell onto a home in Seminole, trapping seven people and injuring one of them. Crane blown over onto roadway on I-275 at exit 29 in St. Petersburg. Numerous downed power lines.","A squall line moved southeast through the Florida Peninsula ahead of a cold front, producing damage winds across southwest and central Florida.",144
878117,LOUDOUN CO.,WOODBURN,02/07/2020,720,Tornado, ,EF0,0,0,5780000,0,VA,EST-5, ,146111,C,107,LWX,0,0,NWS Storm Survey, ,3.36,250,2,ENE,1,NNE,LEESBURG,02/07/2020,723,39.0946,-77.5874,39.1291,-77.5431,"Staff from NOAA's National Weather Service Baltimore/Washington Weather|Forecast Office located in Sterling, VA performed a survey of |storm damage that occurred in the Town of Leesburg, VA on the |morning of February 7, 2020. This survey, coupled with radar |analysis from the KLWX WSR-88D and the FAA's TIAD Terminal Doppler|Weather Radar, concluded that a tornado rated EF0 on the Enhanced|Fujita Scale impacted the Town of Leesburg between 7:20 AM EST |and 7:23 AM EST. The tornado had a path length of 3.3 miles |producing intermittent damage, with a path width of up to 250 |yards. The tornado was moving northeast at approximately 60 mph.||The first damage was reported in the Greenway Farm and Linden Hill|subdivision in SW Leesburg. Here numerous large tree limbs were |downed along with several trees completely uprooted. The damage |was determined to be concentrated between Lawford Drive and |Nickels Drive in a wooded area, and also along Governors Drive and|Country Club Drive. TIAD radar was showing a rotational signature|beginning at 7:20 AM in these locations. Wind gusts in this area |were estimated to be 65 MPH from radar analysis and damage |indicators.||The tornado then lifted over Route 7, with just some minor tree |damage noted in the 800 block of Davis Court SE. The historic |downtown portion of the Town of Leesburg, near King and Market |Streets, was spared with just minimal damage. The only noteworthy|damage that was observed was tree damage along Monroe Street.||As the tornado moved into NE Leesburg, both the radar and the |storm survey indicated that it became much stronger. Two areas of |widespread, concentrated tree damage were found. The first one |was in the vicinity of Lounsberry Road NE and the Exeter |Subdivision; which are north of Edwards Ferry Road and south of |Battlefield Parkway NE. A townhome on Ginger Square NE had its |siding and underlayment completely peeled off, exposing it's roof|trusses. Many homes along Marshall Drive NE also had roofing |damage, along with trees uprooted and large branches downed. One |house had lawn furniture lifted and blown in the opposite |direction of the way the trees were fallen and debris was |plastered on cars and homes. Damage was noted spanning the 500 and|600 blocks of Marshall Drive NE, which supports the damage width |estimate of 250 yards.| |The other area of concentrated wind damage was north of |Battlefield Parkway NE, in and around the Fieldstone Apartment |complex. Here, fifteen to twenty 1.5-2.0 foot diameter pines were |uprooted. Of special note was a line of 5 large pine trees in the|easternmost portion of the apartment complex which were uprooted |and which fell onto two unoccupied vehicles. Several of these |trees did fall in a convergent pattern. Additional large pine |trees were uprooted along the US Route 15 Leesburg Bypass near its|intersection with Battlefield Parkway NE.||Analysis from TIAD radar showed velocity measurements up to 77 |knots at approximately 210 feet above ground level as the tornado |was in the vicinity of the Fieldstone Apartments. Taking into |account some decrease in the wind's magnitude as it got closer to |ground level, along with the damage indicated in and around the |Fieldstone Apartments, corroborates estimated wind gusts of up to |85 mph.||The NWS Baltimore/Washington Weather Forecast Office thanks the |Loudoun County Office of Emergency Management with providing |information supporting the storm survey.","An area of low pressure formed over the area in response to an impressive longwave trough approaching from the west. A line of low-topped showers and thunderstorms formed along the system's cold front, leading to instances of damaging winds and even a tornado in Leesburg within the high shear-low CAPE environment.",145
878797,MONTGOMERY CO.,WHITES FERRY,02/07/2020,728,Tornado, ,EF1,0,0,92000,0,MD,EST-5, ,146112,C,31,LWX,0,0,NWS Storm Survey, ,1.11,150,2,SSW,1,SSE,WHITES FERRY,02/07/2020,729,39.1763,-77.4827,39.1819,-77.4633,"Staff from NOAA's National Weather Service Baltimore/Washington |Weather Forecast Office located in Sterling, VA performed a survey|of storm damage that occurred in western Montgomery County MD |near Dickerson. This survey, coupled with radar analysis from the |KLWX WSR-88D radar and an FAA Terminal Doppler Weather Radar |(TIAD), concluded that a tornado rated EF1 on the Enhanced Fujita |Scale impacted portions of extreme western Montgomery County MD |near Dickerson.||Initial damage was noted in trees just west of a farm near the|Potomac River off Martinsburg Road. A large barn used to house |horses lost all of its roof while an adjacent open-air pole barn |was flattened. Several small outbuildings were destroyed. |Bleachers at a horse showing facility were overturned. A metal |frame windmill tower was toppled. Numerous trees, both hardwood |and softwood, were either uprooted or snapped. Then the tornado|moved northeast across open fields. It then crossed Martinsburg |Rd near a farmhouse where several large trees were uprooted and a|farmhouse lost many shingles. No damage was noted past the farm |house.||This tornado was not the same one that struck near Leesburg, VA|earlier. Rather it was a short-lived tornado that spun up quickly|to the northeast of the circulation that spawned the Leesburg, VA|EF0 tornado.","An area of low pressure formed over the area in response to an impressive longwave trough approaching from the west. A line of low-topped showers and thunderstorms formed along the system's cold front, leading to the formation of multiple tornadoes within the high shear-low CAPE environment. These tornadoes, along with straight-line winds from other storms, produced widespread damage across much of central and northern Maryland.",146
878801,MONTGOMERY CO.,DAWSONVILLE,02/07/2020,738,Tornado, ,EF0,0,0,70000,0,MD,EST-5, ,146112,C,31,LWX,0,0,NWS Storm Survey, ,2.08,75,0,E,2,ENE,DAWSONVILLE,02/07/2020,739,39.1301,-77.3464,39.1431,-77.3113,"Staff from NOAA's National Weather Service Baltimore/Washington |Weather Forecast Office located in Sterling, VA performed a survey|of storm damage that occurred in west-central Montgomery County |MD near Boyds. This survey, coupled with radar analysis from the |KLWX WSR-88D radar and an FAA Terminal Doppler Weather Radar |(TIAD), concluded that a tornado rated EF0 on the Enhanced Fujita |Scale impacted portions of west-central Montgomery County MD near |Boyds and Dawsonville.||Initial damage was noted on Darnestown Road (Rt 28) between White|Ground Rd and Sugarland Rd where several softwood trees were |topped and fell across utility lines on Darnestown Rd.||After passing over largely rural fields and woodlands the tornado|damaged several structures at a dog training facility in the |14000 block of Schaeffer Road. Here an open facing storage |outbuilding was flattened. Roofing material carried from the |destroyed outbuilding damaged two other office trailer structures.|A 10 foot 2x4 impaled the side of one of the office trailers |while another 2x4 impaled the roof of the second office trailer. |Some tree damage was noted just to the northeast of this facility |but all damage ended shortly thereafter.","An area of low pressure formed over the area in response to an impressive longwave trough approaching from the west. A line of low-topped showers and thunderstorms formed along the system's cold front, leading to the formation of multiple tornadoes within the high shear-low CAPE environment. These tornadoes, along with straight-line winds from other storms, produced widespread damage across much of central and northern Maryland.",147
878812,FREDERICK CO.,FOUNTAIN MILLS,02/07/2020,744,Tornado, ,EF1,0,0,340000,0,MD,EST-5, ,146112,C,21,LWX,0,0,NWS Storm Survey, ,6.74,150,2,WNW,2,N,PLANE NUMBER FOUR,02/07/2020,750,39.3427,-77.2758,39.4155,-77.1917,"Staff from NOAA's National Weather Service Baltimore/Washington |Weather Forecast Office located in Sterling, VA performed a survey|of storm damage that occurred in eastern Frederick County MD near|Monrovia and New Market. This survey, coupled with radar analysis|from the KLWX WSR-88D radar and an FAA Terminal Doppler Weather |Radar (TIAD), concluded that a tornado rated EF1 on the Enhanced |Fujita Scale impacted portions of eastern Frederick County MD.||Initial damage was to several structures at a farm in the 11000 |block of Fingerboard Road, where a machine shed and barn were |flattened. A silo was also heavily damaged. Tree damage was noted |near the intersection of State routes 75 and 80. A large swath of |tree and utility line damage was noted along Lynn Burke Rd near |Old Bartholows Rd just south of I-70.||The tornado crossed I-70 and moved along Jesse Smith Rd where|more tree damage (uprooted and topped) was observed. Further |north along the 12900 block of Jesse Smith Rd, more significant |tree damage occurred with numerous softwood trees topped at two |residences along a concentrated damage path. ||The tornado continued northeast over open country before crossing|Old Annapolis Rd near Ravenwood Rd, producing extensive tree |damage at several residences. Finally, the tornado caused tree |damage as it crossed Bottom Rd along Woodville Branch and |continued into a wooded area that was not surveyed due to |impending darkness.","An area of low pressure formed over the area in response to an impressive longwave trough approaching from the west. A line of low-topped showers and thunderstorms formed along the system's cold front, leading to the formation of multiple tornadoes within the high shear-low CAPE environment. These tornadoes, along with straight-line winds from other storms, produced widespread damage across much of central and northern Maryland.",148
878819,CARROLL CO.,AVONDALE,02/07/2020,803,Tornado, ,EF1,0,0,574000,0,MD,EST-5, ,146112,C,13,LWX,0,0,NWS Storm Survey, ,10.31,100,1,S,1,SSW,MANCHESTER,02/07/2020,814,39.562,-77.031,39.661,-76.886,"Early on Friday Feb 7th, a tornado touched down and skipped |northeast across central Carroll County MD causing erratic damage. |While there was scattered tree damage across southwestern Carroll |County, the first noted damage consistent with a tornado was in the |Avondale Ridge community just west of Route 31 and southwest of |Westminster. Clusters of snapped and uprooted trees were noted. From |there the tornado caused intermittent damage as it traveled |northeast through downtown Westminster, roughly paralleling Ridge |Road and Union Street. Trees were uprooted and snapped, some onto |cars, roads, and homes. Additionally, roofing was blown off, and |shingle and siding damage was noted from the wind. The tornado |continued up Hahn Rd and into the community along Sunshine Way, |where more snapped and uprooted trees were noted, as well as |residential fencing damage. A large recreational vehicle was blown |over. On adjacent property, the National Guard Recruiting Office had |tree damage.  Additionally, a small military trailer was blown over. |The last known damage from this segment of the tornado was along |Lucabaugh Mill Rd, about 250 yards west of Route 27/Manchester Rd. |Most of the trees along this area were heavily damaged or downed. In |addition to ground surveying, there was an eyewitness report, as |well as a video of a small tornado posted to social media, both in |the Westminster area. Peak estimated winds were 90 MPH based on the |most heavily damaged areas.||The tornado lifted northeast of Westminster, and no damage was noted |for about 4 miles until it neared Manchester MD. Substantial tree |damage, with numerous large trees uprooted and snapped were noted |along Fort Schoolhouse Rd, from Albert Rill Road, to the northeast |about 400 yards. A home had a section crushed by a large falling |tree. As the tornado traveled northeast along Park Avenue, tree |damage became more scattered, and no tornadic damage was noted |northeast of MD Route 30 in Manchester.","An area of low pressure formed over the area in response to an impressive longwave trough approaching from the west. A line of low-topped showers and thunderstorms formed along the system's cold front, leading to the formation of multiple tornadoes within the high shear-low CAPE environment. These tornadoes, along with straight-line winds from other storms, produced widespread damage across much of central and northern Maryland.",149
877911,CECIL CO.,LOVETT ARPT,02/07/2020,939,Tornado, ,EF1,0,0,0,0,MD,EST-5, ,145197,C,15,PHI,0,0,NWS Storm Survey, ,1.06,200,0,N,0,N,ELKTON CECIL ARPT,02/07/2020,940,39.65,-75.82,39.65,-75.8,"An EF-1 tornado briefly touched down near the Elk Mills Quarry in |Cecil County, Maryland. The tornado uprooted and snapped numerous |softwood trees just east and north of the quarry near the |intersection of Elk Mills Road, Appleton Road, and Fletchwood Road. |A few hardwood and softwood trees were uprooted on nearby |residential properties. The tornado continued east along Fletchwood |Road passing over some industrial buildings toward the Pine Hill |Apartment complex. At the apartment complex, numerous pine trees |were uprooted or snapped. The tornado then dissipated as it |continued east away from the apartment complex. Thankfully, no |significant structural damage occurred and no injuries or fatalities |occurred as a result of this tornado.","An area of low pressure moving out of the Southeast began to explosively intensify as it moved over the mid-Atlantic. On the morning of February 7, the eastern mid-Atlantic was briefly within the warm sector of the deepening low. An environment of extreme wind fields was present, and temperatures and dew points rose enough for sufficient instability to develop to sustain convection. A line of low topped but intense convection developed, and despite producing little thunder and lightning it produced a long swath of wind damage over the mid-Atlantic, along with a few tornadoes between Virginia and Maryland.",150
878601,GREENE CO.,PIAVE,02/10/2020,1808,Tornado, ,EF1,0,0,0,0,MS,CST-6, ,146225,C,41,MOB,0,0,NWS Storm Survey, ,1.2,200,2,WNW,2,NW,PIAVE,02/10/2020,1810,31.4082,-88.7851,31.4195,-88.7697,"The tornado touched down just east of Old Ditch Rd |causing numerous snapped softwood pines. As the tornado progressed|northeast, width increased to approximately 200 yards with a clear |convergent pattern of snapped softwoods. As the tornado approached|Piave Church Rd, it appears to have weakened causing several uprooted|hardwoods and a few snapped to uprooted softwoods. A few homes had|minor roof damage likely by the outer circulation and RFD. The tornado |shortly lifted after crossing Piave Church Rd but not before uprooting|a couple more hardwoods and removing a tin roof from a mobile home porch.","Thunderstorms developed ahead of an approaching cold front. These storms became strong to severe and produced damaging winds and a brief tornado in southeast Mississippi.",151
877070,HINDS CO.,COXS FERRY,02/10/2020,2051,Tornado, ,EF0,0,0,3000,0,MS,CST-6, ,145666,C,49,JAN,0,0,NWS Storm Survey, ,0.66,75,5,WSW,4,W,COXS FERRY,02/10/2020,2052,32.5019,-90.555,32.51,-90.549,"This brief tornado started just on the Hinds County side of the Big Black River and moved north-northeast into far southern Yazoo County.  Most of this was noted by radar and the debris signature. From the storm survey and access to the Big Holloman Hunting Club, timber damage was the primary impact where many hardwood trees were snapped or uprooted. A power line into the camp site was down due to a tree falling on the line. The tornado dissipated before reaching Cox Ferry Road. Total path length was 2.86 miles. Maximum rating and wind speed was EF1 and 95 mph in Yazoo County. Max width was 300 yards in Yazoo County.","Anomalous moisture was in place across the ArkLaMiss region as a stationary front was draped across the area. To the north of this front, severe storms brought hail while flash flooding occurred to the south as well as a tornado. Heavy rain occurred from February 10th-12th, with widespread two to seven inches occurring along and north of the I-20 corridor. Some locations saw locally higher amounts of nine to ten inches. Around I-20, two to four inches of rain fell, while near an inch fell across the Highway 84 corridor.",152
877072,YAZOO CO.,PHOENIX,02/10/2020,2052,Tornado, ,EF1,0,0,20000,0,MS,CST-6, ,145666,C,163,JAN,0,0,NWS Storm Survey, ,2.2,300,5,SSE,4,SE,PHOENIX,02/10/2020,2055,32.51,-90.549,32.5378,-90.5305,"This brief tornado started just on the Hinds County side of the Big Black River and moved north-northeast into far southern Yazoo County.  Most of this was noted by radar and the debris signature. From the storm survey and access to the Big Holloman Hunting Club, timber damage was the primary impact where many hardwood trees were snapped or uprooted. A power line into the camp site was down due to a tree falling on the line. The tornado dissipated before reaching Cox Ferry Road. Total path length was 2.86 miles. Maximum rating and wind speed was EF1 and 95 mph in Yazoo County. Max width was 300 yards in Yazoo County.","Anomalous moisture was in place across the ArkLaMiss region as a stationary front was draped across the area. To the north of this front, severe storms brought hail while flash flooding occurred to the south as well as a tornado. Heavy rain occurred from February 10th-12th, with widespread two to seven inches occurring along and north of the I-20 corridor. Some locations saw locally higher amounts of nine to ten inches. Around I-20, two to four inches of rain fell, while near an inch fell across the Highway 84 corridor.",153
870414,LAUDERDALE CO.,GREEN HILL,02/12/2020,1713,Tornado, ,EF1,0,0,0,0,AL,CST-6, ,144629,C,77,HUN,0,0,NWS Storm Survey, ,3.75,400,0,WSW,2,NW,ARKDELL,02/12/2020,1717,34.9674,-87.5054,34.9837,-87.4424,"A tornado touched down west of Lauderdale County Road (CR) 25, in the Green Hill community. Trees in a forested area west of CR 25 were snapped and uprooted. Structural damage occurred near the intersection of CR 25 and Turrentine Road, where part of the roof on a single-family home was removed, a cinder block shed was demolished, and two smaller sheds were completely destroyed. The tornado continued northeast to the intersection of CR 363 and 144, where most of the trees surrounding a single-family home were snapped or uprooted. The tornado appeared to weaken somewhat as it continued northeast to the intersection of CR 33 and 39, where shingles were blown off several single-family homes and more trees|were snapped or uprooted. Numerous trees were snapped and uprooted along CR 39, further northeast along CR 369, and again on CR 39 as that road turns to the north. The last evidence of damage with the tornado was to a single-family home along CR 464.","A solid line of mostly low-topped showers with a few embedded thunderstorms pushed east from Mississippi and western Tennessee across north Alabama and southern middle Tennessee during the late afternoon through mid evening hours. A tornado developed along the line in Lauderdale County near Green Hill, producing a measured wind gust of 76 mph on an Amateur Radio weather station, also knocked down the two 40 foot radio towers the equipment was attached to. The tornado tracked east-northeast crossing into Lawrence County in Tennessee, knocking down trees, power lines, and damaging a few homes.  In addition, the line of showers produced wind gusts of 35 to 50 mph, with a few pockets of 60 mph winds or higher. Due to saturated soils, even sub-severe winds were able to knock down larger limbs and a few trees.  Power lines were also knocked down in some areas.",154
879130,LAWRENCE CO.,UPPER MOCKESON,02/12/2020,1727,Tornado, ,EF0,0,0,10000,0,TN,CST-6, ,146311,C,99,OHX,0,0,NWS Storm Survey, ,1.89,100,1,SSE,2,WNW,PEACH,02/12/2020,1729,35.0583,-87.2934,35.0662,-87.2616,"This EF-0 tornado touched down on Box Road just off of Blooming Grove Road where damage to several farm buildings occurred. The tornado continued northeast and damaged many large trees and tree branches before lifting near the intersection of Richardson Road and Revilo Road. Additional damage was reported on a farm near that intersection that included barn and roof damage before the tornado lifted.","Just one week after severe storms brought 6 tornadoes and significant flooding to southern and eastern Middle Tennessee, another storm system spawned another round of severe weather and heavy rainfall in the same areas on February 12th. A line of strong to severe thunderstorms called a QLCS (Quasi-Linear Convective System) developed during the afternoon hours across southwest Middle Tennessee and northern Alabama, then moved northeast producing widespread straight-line wind damage and one confirmed tornado in Lawrence County. In addition, heavy rainfall caused more flooding in many parts of the region.",155
878437,TALLAPOOSA CO.,HACKNEYVILLE,02/13/2020,412,Tornado, ,EF1,0,0,0,0,AL,CST-6, ,146201,C,123,BMX,0,0,NWS Storm Survey, ,2.1,300,4,S,4,WSW,COWPENS,02/13/2020,415,33.0162,-85.9171,33.0162,-85.8819,"National Weather Service meteorologists surveyed damage in northwest Tallapoosa County and determined that it was consistent with an EF1 tornado, with maximum winds near 90 mph. The tornado began northeast of Alexander City along Campground Road where some tree damage was initially observed. The tornado tracked eastward where it increased in intensity and width. The worst damage occurred along Town Creek Road where the road bends northward along Hillabee Creek. In that area, many trees were snapped or uprooted. There were just a few structures within the path of the tornado. One home had minor shingle loss and failure of a window frame, along with damage to outbuildings. One home had damage to a window from flying debris. One home had a bit more in the way of shingle loss and shifting of the ridge vent, shifting of porch columns (likely due to uplift of the porch overhang), and a window blown out of a truck. Due to the number of uprooted trees (the most notable damage indicator in this case), this tornado was assigned a low-end EF1 intensity. The tornado then crossed Hillabee Creek in a weakening state and dissipated.","A deepening surface low tracked north of Alabama during the overnight hours of February 12th.  A trailing cold front triggered of line of strong to severe storms across central Alabama.  Storm-relative helicity values near 300 m2/s2 over east Alabama helped initiate a weak tornado over Tallapoosa County.",156
874370,CHRISTIAN CO.,CROFTON,03/02/2020,2000,Tornado, ,EF1,0,0,80000,0,KY,CST-6, ,145604,C,47,PAH,0,0,NWS Storm Survey, ,5.51,400,2,SW,3,NW,FRUIT HILL,03/02/2020,2006,37.0335,-87.5005,37.0278,-87.4009,"A National Weather Service damage survey was conducted along the path of this tornado. At least four farm structures were damaged or destroyed, along with a portable garage and a regular constructed garage. Several homes lost siding or shingles. A couple dozen trees were uprooted. One home had six windows shattered or blown out. A cluster of damage survey points was in an area of structures along U.S. Highway 41 just south of Crofton. The tornado was witnessed by a meteorologist. Peak winds were estimated near 90 mph.","Severe thunderstorms moved across the region on the evening of March 2. A long-track supercell thunderstorm crossed the Mississippi River from the Cairo, IL area. This storm proceeded east across Paducah and the Kentucky Lake region, where it produced a microburst and accumulating large hail. As the storm crossed the Pennyrile region, it produced an EF-1 tornado just south of Crofton, KY, in Christian County. Later on in the evening and overnight, disorganized clusters of thunderstorms produced a few isolated severe weather reports. This outbreak of storms occurred in a strong west-southwest flow ahead of a 500 mb shortwave over the Plains states. A southwest wind flow up to 30 knot at 850 mb provided some moisture for the storms. At the surface, a low pressure center moved east-northeast from the Ozarks to the lower Ohio Valley. A frontal boundary extending east-northeast from the low provided a focus for the storms.",157
880407,GIBSON CO.,IDLEWILD,03/02/2020,2212,Tornado, ,EF1,0,0,250000,0,TN,CST-6, ,146520,C,53,MEG,0,0,NWS Storm Survey, ,7.27,100,0,WNW,4,NNE,GANN,03/02/2020,2223,36.0323,-88.8275,36.0534,-88.7,"Damage to homes and mobile homes was observed from just west of Highway 45E to Highway 105 near the Gibson-Carroll County line. Numerous trees were also damaged along this path. The most significant damage was observed along Gann Road between Goosefoot and Belews Chapel Road. Peak winds were estimated at 95 mph.","A surface low tracked along a warm front stretched just north of the Mid-South. Meanwhile, a potent upper-level disturbance tracked into the region increasing wind fields and triggering thunderstorms along the warm front and south of the front, in the warm sector, during the late evening hours of March 2, 2020.  A couple of supercells tracked across the Missouri Bootheel and northwest Tennessee during the late evening hours. One supercell spawned three tornadoes across Gibson, Carroll, and Benton counties. A few severe storms also developed along a trailing cold front across eastern Arkansas and West Tennessee during the early morning hours of March 3, 2020.",158
874933,NEW MADRID CO.,BROADWATER,03/02/2020,2215,Tornado, ,EF0,0,0,0,0,MO,CST-6, ,145675,C,143,PAH,0,0,Storm Chaser, ,3.06,50,1,ESE,1,W,RISCO,03/02/2020,2218,36.57,-89.9,36.5712,-89.8449,"A storm chaser captured a picture of a narrow rope-like tornado illuminated by lightning. The tornado lasted approximately three minutes. The track was over flat, open farm fields that were not planted. Visible evidence of damage was not located.","A series of discrete thunderstorms, a few of which displayed supercell characteristics, moved east across southeast Missouri during the evening. A couple of the storms produced hail up to the size of ping pong balls, and an EF-0 tornado was observed in southern New Madrid County. This outbreak of storms occurred in a strong west-southwest flow ahead of a 500 mb shortwave over the Plains states. A southwest wind flow up to 30 knot at 850 mb provided some moisture for the storms. At the surface, a low pressure center moved east-northeast from the Ozarks to the lower Ohio Valley. A frontal boundary extending east-northeast from the low provided a focus for the storms.",159
880428,CARROLL CO.,HICO,03/02/2020,2241,Tornado, ,EF2,0,0,500000,0,TN,CST-6, ,146520,C,17,MEG,0,0,NWS Storm Survey, ,14.8,100,2,WNW,1,SSE,MARLBOROUGH,03/02/2020,2257,36.0811,-88.5287,36.0792,-88.2637,"The tornado formed just southwest of the Carroll County Airport and moved east, crossing Highway 77 near the intersection with Highway 219. The tornado lifted near Highway 114 near Allen Creek.  Numerous trees were knocked down along the tornado path. Several houses, barns, and grain bins were damaged. The worst damage was on Chapel Hill Road.  Peak winds were estimated at 125 mph.","A surface low tracked along a warm front stretched just north of the Mid-South. Meanwhile, a potent upper-level disturbance tracked into the region increasing wind fields and triggering thunderstorms along the warm front and south of the front, in the warm sector, during the late evening hours of March 2, 2020.  A couple of supercells tracked across the Missouri Bootheel and northwest Tennessee during the late evening hours. One supercell spawned three tornadoes across Gibson, Carroll, and Benton counties. A few severe storms also developed along a trailing cold front across eastern Arkansas and West Tennessee during the early morning hours of March 3, 2020.",160
880546,BENTON CO.,LIBERTY,03/02/2020,2305,Tornado, ,EF2,1,2,1000000,0,TN,CST-6, ,146520,C,5,MEG,0,0,NWS Storm Survey, ,10.01,250,1,S,1,ENE,KENTUCKY LAKE SOUTH,03/02/2020,2320,36.0928,-88.1189,36.1028,-87.94,"The tornado started in Benton County northwest of Camden and caused a substantial amount of tree damage along the path the extended into the Tennessee River. Several homes and mobile homes were damaged along the path in Benton County. The most damage, in Benton County, was in the Ballard Road area. Peak winds were estimated around 125 mph. The tornado then moved across the Tennessee River and into Humphreys County.","A surface low tracked along a warm front stretched just north of the Mid-South. Meanwhile, a potent upper-level disturbance tracked into the region increasing wind fields and triggering thunderstorms along the warm front and south of the front, in the warm sector, during the late evening hours of March 2, 2020.  A couple of supercells tracked across the Missouri Bootheel and northwest Tennessee during the late evening hours. One supercell spawned three tornadoes across Gibson, Carroll, and Benton counties. A few severe storms also developed along a trailing cold front across eastern Arkansas and West Tennessee during the early morning hours of March 3, 2020.",161
882955,HUMPHREYS CO.,DENVER,03/02/2020,2320,Tornado, ,EF1,0,0,100000,300000,TN,CST-6, ,146901,C,85,OHX,0,0,NWS Storm Survey, ,8.71,200,4,N,1,ENE,FOREST HILL,03/02/2020,2331,36.1064,-87.9387,36.1074,-87.7838,"An EF-2 tornado started in Benton County northwest of Camden and caused a substantial amount of tree damage along a path that extended to the Tennessee River. Several homes and mobile homes were also��damaged, mostly in the Ballard Road area, resulting in 1 death and 2 injuries.��||The tornado continued across the Tennessee River into Humphreys County, causing EF-1 damage and blowing down��hundreds of trees from the river eastward across��Crystal Springs Road. Progressing eastward, several dozen more trees were blown down��along Lucas Ridge Road, Hemby Branch Road, and Clydeton Road, with some roof panels also damaged and removed from a small outbuilding on Clydeton Road. Additional trees were uprooted along Brazzle Road and Stephenson Road before the tornado dissipated��around Highway 13.","From the late evening hours on March 2 into the early morning hours on March 3, supercell thunderstorms developed and spawned tornadoes across southeast Missouri, southern Kentucky, Tennessee, and central Alabama. One of these supercells formed near the Mississippi River in west Tennessee, then tracked eastward across the entire length of the state just north of the Interstate 40 corridor, spawning 10 tornadoes and dropping large hail bigger than the size of baseballs. Seven of these tornadoes touched down across Middle Tennessee, resulting in widespread damage, 307 injuries and 24 fatalities. An additional fatality and 2 more injuries occurred in Benton County in west Tennessee. These tornadoes were the worst seen in Tennessee since the devastating tornadoes of April 27, 2011 across east Tennessee, as well as the Super Tuesday tornadoes of February 5-6, 2008. Total damage estimates from the Tennessee Emergency Management Agency across Middle Tennessee reached $1.6 billion.",162
882957,HUMPHREYS CO.,MC EWEN,03/02/2020,2342,Tornado, ,EF0,0,0,25000,25000,TN,CST-6, ,146901,C,85,OHX,0,0,NWS Storm Survey, ,4.8,50,1,WSW,2,NNE,FEW CHAPEL,03/02/2020,2348,36.1162,-87.6482,36.1231,-87.5629,"An EF-0 tornado touched down along Curtis Chapel Road just northwest of McEwen, where it damaged a small barn. The tornado continued eastward and damaged/uprooted some trees along CCC Road as well as caused some minor roof damage to a home. Additional damage was found on Tummins Road where a few trees were uprooted. The tornado appeared to dissipate shortly after that location.","From the late evening hours on March 2 into the early morning hours on March 3, supercell thunderstorms developed and spawned tornadoes across southeast Missouri, southern Kentucky, Tennessee, and central Alabama. One of these supercells formed near the Mississippi River in west Tennessee, then tracked eastward across the entire length of the state just north of the Interstate 40 corridor, spawning 10 tornadoes and dropping large hail bigger than the size of baseballs. Seven of these tornadoes touched down across Middle Tennessee, resulting in widespread damage, 307 injuries and 24 fatalities. An additional fatality and 2 more injuries occurred in Benton County in west Tennessee. These tornadoes were the worst seen in Tennessee since the devastating tornadoes of April 27, 2011 across east Tennessee, as well as the Super Tuesday tornadoes of February 5-6, 2008. Total damage estimates from the Tennessee Emergency Management Agency across Middle Tennessee reached $1.6 billion.",163
883133,WARREN CO.,ALVATON,03/03/2020,15,Tornado, ,EF2,0,0,200000,0,KY,CST-6, ,146785,C,227,LMK,0,0,NWS Storm Survey, ,2,250,2,SE,2,SSW,BAYFORK,03/03/2020,17,36.849,-86.3176,36.8537,-86.2918,"Most of the damage was around the southeastern portion of the Alvaton community, east of Bowling Green. Several trees were either uprooted or pushed over, facing from the west-southwest to the east-northeast just west of Highway 231 on Fairview Road. The wind swath was about 200 yards wide. Just east of Highway 231 a large 40 x 60 storage barn for a camper had its roof partially lifted downwind to the east northeast. The metal siding was flung up to 150 yards into the trees. The tree damage continued along Alvaton- Scottsville Road into Marble Gate Ct. Several homes sustained roof damage, with several porches partially lifted up causing structural damage. One home on Marble Gate Court had four 20-pound steel chairs flung about 50 yards and the 35-pound table thrown 25 yards. Portions of the porch covering were blown 125 yards into the yard of their next-door neighbors yard, 2 of which punctured the house like a flying 2 by 4 missile. There were also portions of the deck impaled in the ground. The damage swatch then increased to about 225 yards and winds increased to 80 to 85 mph. There were at least three trees laying on homes.||Just east off Claypool Boyce Road... there was a distinct change in the tree pattern. Instead of just going to the northeast trees were now going to the northwest, north and northeast. A large 2 x 8 went flying and got wedged between the windshield wiper and the windshield but incredibly did not crack the windshield. This is where a small tornado formed within the straight-line wind path, with winds between 80 and 85 mph. Residents reported half inch hail, followed by a surge in lightning, then quiet, then a 20 second loud roar with popping in their ears followed by complete silence again. Further east in the 500 block of Kara Court, there was significant tree damage with the back of the house being uplifted and insulation being thrown upwind and downwind around the back of the house. Trees were laying in all directions with lots of twisting and many snapped trees. At the 200 block of Cross Creek Court, the clearest evidence of trees are facing all eight inter-cardinal headings. In this area, trees were snapped and uprooted all over the place. ||The survey team estimated well over 500 trees in a 1 mile stretch had been uprooted snapped or pushed over. Two of the snapped trees landed on pick up trucks. Winds increased to EF1 range of 95 mph and a width of 225 yards. At the 2400 block of WG Talley Road was the most significant damage of the entire survey. Three barns were destroyed, 2 of them were concreted in strong firm footers. One of the barns was 30 x 80, one was 150 x 100, and one was 12 x 16 along with numerous sheds destroyed, and debris was thrown in all directions downwind up to 500 yards. A 5000 pound horse trailer was thrown to the northwest 70 yards. ||A very well-built family residence took a direct hit from an EF2 tornado, with the front side of the home having the plywood exposed and with most of the shingles gone but the rest of the house fully intact due to the house having all the proper clips, braces, and rebar. Wind speeds at this point were 116 mph with a width of 250 yards. EF-1 Tree damage continued into Allen County along Allen Springs Road. The tornado lifted just north of Bailey School Road in far NW Allen County.","During the day of March 2nd, southerly warm moist air moved through Kentucky from Tennessee just ahead of an upper trough and cold front. As a result, a series of strong storms moved across south central Kentucky late on the evening of March 2nd and into the morning of March 3rd. Along with large hail, high winds, and some flash flooding, one particular storm produced a brief but strong tornado in southeast Warren County that crossed over into Allen County.",164
883403,ALLEN CO.,BAYFORK,03/03/2020,17,Tornado, ,EF1,0,0,0,0,KY,CST-6, ,146785,C,3,LMK,0,0,NWS Storm Survey, ,0.7,250,2,SSW,3,NE,ALLEN SPGS,03/03/2020,18,36.8537,-86.2918,36.8539,-86.2773,"Most of the damage was around the southeastern portion of the Alvaton community, east of Bowling Green. Several trees were either uprooted or pushed over, facing from the west-southwest to the east-northeast just west of Highway 231 on Fairview Road. The wind swath was about 200 yards wide. Just east of Highway 231 a large 40 x 60 storage barn for a camper had its roof partially lifted downwind to the east northeast. The metal siding was flung up to 150 yards into the trees. The tree damage continued along Alvaton- Scottsville Road into Marble Gate Ct. Several homes sustained roof damage, with several porches partially lifted up causing structural damage. One home on Marble Gate Court had four 20-pound steel chairs flung about 50 yards and the 35-pound table thrown 25 yards. Portions of the porch covering were blown 125 yards into the yard of their next-door neighbors yard, 2 of which punctured the house like a flying 2 by 4 missile. There were also portions of the deck impaled in the ground. The damage swatch then increased to about 225 yards and winds increased to 80 to 85 mph. There were at least three trees laying on homes.||Just east off Claypool Boyce Road... there was a distinct change in the tree pattern. Instead of just going to the northeast trees were now going to the northwest, north and northeast. A large 2 x 8 went flying and got wedged between the windshield wiper and the windshield but incredibly did not crack the windshield. This is where a small tornado formed within the straight-line wind path, with winds between 80 and 85 mph. Residents reported half inch hail, followed by a surge in lightning, then quiet, then a 20 second loud roar with popping in their ears followed by complete silence again. Further east in the 500 block of Kara Court, there was significant tree damage with the back of the house being uplifted and insulation being thrown upwind and downwind around the back of the house. Trees were laying in all directions with lots of twisting and many snapped trees. At the 200 block of Cross Creek Court, the clearest evidence of trees are facing all eight inter-cardinal headings. In this area, trees were snapped and uprooted all over the place. ||The survey team estimated well over 500 trees in a 1 mile stretch had been uprooted snapped or pushed over. Two of the snapped trees landed on pick up trucks. Winds increased to EF1 range of 95 mph and a width of 225 yards. At the 2400 block of WG Talley Road was the most significant damage of the entire survey. Three barns were destroyed, 2 of them were concreted in strong firm footers. One of the barns was 30 x 80, one was 150 x 100, and one was 12 x 16 along with numerous sheds destroyed, and debris was thrown in all directions downwind up to 500 yards. A 5000 pound horse trailer was thrown to the northwest 70 yards. ||A very well-built family residence took a direct hit from an EF2 tornado, with the front side of the home having the plywood exposed and with most of the shingles gone but the rest of the house fully intact due to the house having all the proper clips, braces, and rebar. Wind speeds at this point were 116 mph with a width of 250 yards. EF-1 Tree damage continued into Allen County along Allen Springs Road. The tornado lifted just north of Bailey School Road in far NW Allen County.","During the day of March 2nd, southerly warm moist air moved through Kentucky from Tennessee just ahead of an upper trough and cold front. As a result, a series of strong storms moved across south central Kentucky late on the evening of March 2nd and into the morning of March 3rd. Along with large hail, high winds, and some flash flooding, one particular storm produced a brief but strong tornado in southeast Warren County that crossed over into Allen County.",165
882999,DAVIDSON CO.,SCOTTSBORO,03/03/2020,32,Tornado, ,EF3,2,170,1090000000,0,TN,CST-6, ,146901,C,37,OHX,0,0,NWS Storm Survey, ,21.49,1150,4,SSW,2,E,STONE RIVER,03/03/2020,54,36.1717,-86.9562,36.1767,-86.5717,"An historic, long-track, strong EF-3 tornado began in western Davidson County then tracked eastward for over 60 miles through Wilson County into Smith County before lifting, causing 5 deaths and 220 injuries. This tornado touched down west of River Road Pike then moved eastward across Bells Bend, destroying a barn and blowing down numerous trees. The tornado strengthened significantly and widened to 0.65 miles wide as it crossed the Cumberland River into the John C. Tune Airport area, causing strong EF-2 damage to numerous planes, hangers, warehouses, and other buildings from Cockrill Bend Way to Briley Parkway. Around $200 million in damage was reported at John C. Tune Airport alone. Continuing eastward, the tornado caused severe damage to the Tennessee State Prison and blew down numerous high-tension transmission towers as it again crossed the Cumberland River into North Nashville, with up to EF-2 damage to farm facilities at Tennessee State University and dozens of homes between I-40 and Buchanan Street. EF-2 damage continued across the Germantown neighborhood just 1/2 mile north of downtown Nashville with several damaged and destroyed apartment complexes, homes, and businesses. The tornado intensified further as it tracked through East Nashville, with EF-3 damage to businesses and other buildings in the Five Points area and EF-2 damage to homes in the Lockeland Springs and Barclay Drive neighborhoods. Two people were killed in Five Points after leaving a bar and going outside as the tornado struck. After crossing the Cumberland River yet again, the tornado weakened as it moved northeast through the Donelson Hills and Lincoya Hills neighborhoods of Donelson, but strengthened again to a strong EF-3 in the Standford Estates area where several homes were leveled. The tornado weakened slightly but continued to cause EF-2 damage to homes and businesses as it turned southeast and passed through Hermitage into Wilson County. ||Dozens of homes continued to sustain up to EF-2 damage as the tornado moved across the Chandler Road and Triple Crown Parkway neighborhoods of Mount Juliet. Turning more to the northeast, the tornado strenghtened to strong EF-3 and leveled numerous homes in the Catalpa Drive and Clearview Drive neighborhoods, with one elderly couple killed on Catalpa Drive at Dogwood Drive. Crossing Mount Juliet Road, the tornado severely damaged West Wilson Middle School and Stoner Creek Elementary School, both of which will have to be torn down and rebuilt. The tornado reached its peak intensity of high-end EF-3 and peak size of 0.9 miles wide as it moved across Golden Bear Parkway and along Eastgate Blvd, leveling several large warehouses and killing a security guard at the CEVA warehouse on Athletes Way North. Crossing Highway 109 into Lebanon, the tornado weakened to EF-2 but continued damaging dozens of homes and businesses as it moved through southern sections of the city. Further to the east, buildings on both sides of I-40 in Tuckers Crossroads received up to EF-2 damage before the tornado turned southeast and crossed into Smith County. Weakening and shrinking in size, the tornado caused EF-1 damage to numerous homes and businesses in Grant, New Middleton, and just south of Gordonsville. The tornado finally lifted east of Highway 141 and north of Judkins Lane after a continuous 60.13 miles on the ground.","From the late evening hours on March 2 into the early morning hours on March 3, supercell thunderstorms developed and spawned tornadoes across southeast Missouri, southern Kentucky, Tennessee, and central Alabama. One of these supercells formed near the Mississippi River in west Tennessee, then tracked eastward across the entire length of the state just north of the Interstate 40 corridor, spawning 10 tornadoes and dropping large hail bigger than the size of baseballs. Seven of these tornadoes touched down across Middle Tennessee, resulting in widespread damage, 307 injuries and 24 fatalities. An additional fatality and 2 more injuries occurred in Benton County in west Tennessee. These tornadoes were the worst seen in Tennessee since the devastating tornadoes of April 27, 2011 across east Tennessee, as well as the Super Tuesday tornadoes of February 5-6, 2008. Total damage estimates from the Tennessee Emergency Management Agency across Middle Tennessee reached $1.6 billion.",166
883007,WILSON CO.,MT JULIET,03/03/2020,54,Tornado, ,EF3,3,50,409000000,0,TN,CST-6, ,146901,C,189,OHX,0,0,NWS Storm Survey, ,26.65,1600,3,WSW,3,N,COMMERCE,03/03/2020,119,36.1767,-86.5717,36.192,-86.0981,"An historic, long-track, strong EF-3 tornado began in western Davidson County then tracked eastward for over 60 miles through Wilson County into Smith County before lifting, causing 5 deaths and 220 injuries. This tornado touched down west of River Road Pike then moved eastward across Bells Bend, destroying a barn and blowing down numerous trees. The tornado strengthened significantly and widened to 0.65 miles wide as it crossed the Cumberland River into the John C. Tune Airport area, causing strong EF-2 damage to numerous planes, hangers, warehouses, and other buildings from Cockrill Bend Way to Briley Parkway. Around $200 million in damage was reported at John Tune Airport alone. Continuing eastward, the tornado caused severe damage to the Tennessee State Prison and blew down numerous high-tension transmission towers as it again crossed the Cumberland River into North Nashville, with up to EF-2 damage to farm facilities at Tennessee State University and dozens of homes between I-40 and Buchanan Street. EF-2 damage continued across the Germantown neighborhood just 1/2 mile north of downtown Nashville with several damaged and destroyed apartment complexes, homes, and businesses. The tornado intensified further as it tracked through East Nashville, with EF-3 damage to businesses and other buildings in the Five Points area and EF-2 damage to homes in the Lockeland Springs and Barclay Drive neighborhoods. Two people were killed in Five Points after leaving a bar and going outside as the tornado struck. After crossing the Cumberland River yet again, the tornado weakened as it moved northeast through the Donelson Hills and Lincoya Hills neighborhoods of Donelson, but strengthened again to a strong EF-3 in the Standford Estates area where several homes were leveled. The tornado weakened slightly but continued to cause EF-2 damage to homes and businesses as it turned southeast and passed through Hermitage into Wilson County. ||Dozens of homes continued to sustain up to EF-2 damage as the tornado moved across the Chandler Road and Triple Crown Parkway neighborhoods of Mount Juliet. Turning more to the northeast, the tornado strenghtened to strong EF-3 and leveled numerous homes in the Catalpa Drive and Clearview Drive neighborhoods, with one elderly couple killed on Catalpa Drive at Dogwood Drive. Crossing Mount Juliet Road, the tornado severely damaged West Wilson Middle School and Stoner Creek Elementary School, both of which will have to be torn down and rebuilt. The tornado reached its peak intensity of high-end EF-3 and peak size of 0.9 miles wide as it moved across Golden Bear Parkway and along Eastgate Blvd, leveling several large warehouses and killing a security guard at the CEVA warehouse on Athletes Way North. Crossing Highway 109 into Lebanon, the tornado weakened to EF-2 but continued damaging dozens of homes and businesses as it moved through southern sections of the city. Further to the east, buildings on both sides of I-40 in Tuckers Crossroads received up to EF-2 damage before the tornado turned southeast and crossed into Smith County. Weakening and shrinking in size, the tornado caused EF-1 damage to numerous homes and businesses in Grant, New Middleton, and just south of Gordonsville. The tornado finally lifted east of Highway 141 and north of Judkins Lane after a continuous 60.13 miles on the ground.","From the late evening hours on March 2 into the early morning hours on March 3, supercell thunderstorms developed and spawned tornadoes across southeast Missouri, southern Kentucky, Tennessee, and central Alabama. One of these supercells formed near the Mississippi River in west Tennessee, then tracked eastward across the entire length of the state just north of the Interstate 40 corridor, spawning 10 tornadoes and dropping large hail bigger than the size of baseballs. Seven of these tornadoes touched down across Middle Tennessee, resulting in widespread damage, 307 injuries and 24 fatalities. An additional fatality and 2 more injuries occurred in Benton County in west Tennessee. These tornadoes were the worst seen in Tennessee since the devastating tornadoes of April 27, 2011 across east Tennessee, as well as the Super Tuesday tornadoes of February 5-6, 2008. Total damage estimates from the Tennessee Emergency Management Agency across Middle Tennessee reached $1.6 billion.",167
883009,SMITH CO.,GRANT,03/03/2020,119,Tornado, ,EF1,0,0,5000000,0,TN,CST-6, ,146901,C,159,OHX,0,0,NWS Storm Survey, ,11.99,900,1,NW,2,NNW,LANCASTER HILL,03/03/2020,135,36.192,-86.0981,36.1525,-85.8904,"An historic, long-track, strong EF-3 tornado began in western Davidson County then tracked eastward for over 60 miles through Wilson County into Smith County before lifting, causing 5 deaths and 220 injuries. This tornado touched down west of River Road Pike then moved eastward across Bells Bend, destroying a barn and blowing down numerous trees. The tornado strengthened significantly and widened to 0.65 miles wide as it crossed the Cumberland River into the John C. Tune Airport area, causing strong EF-2 damage to numerous planes, hangers, warehouses, and other buildings from Cockrill Bend Way to Briley Parkway. Around $200 million in damage was reported at John Tune Airport alone. Continuing eastward, the tornado caused severe damage to the Tennessee State Prison and blew down numerous high-tension transmission towers as it again crossed the Cumberland River into North Nashville, with up to EF-2 damage to farm facilities at Tennessee State University and dozens of homes between I-40 and Buchanan Street. EF-2 damage continued across the Germantown neighborhood just 1/2 mile north of downtown Nashville with several damaged and destroyed apartment complexes, homes, and businesses. The tornado intensified further as it tracked through East Nashville, with EF-3 damage to businesses and other buildings in the Five Points area and EF-2 damage to homes in the Lockeland Springs and Barclay Drive neighborhoods. Two people were killed in Five Points after leaving a bar and going outside as the tornado struck. After crossing the Cumberland River yet again, the tornado weakened as it moved northeast through the Donelson Hills and Lincoya Hills neighborhoods of Donelson, but strengthened again to a strong EF-3 in the Standford Estates area where several homes were leveled. The tornado weakened slightly but continued to cause EF-2 damage to homes and businesses as it turned southeast and passed through Hermitage into Wilson County. ||Dozens of homes continued to sustain up to EF-2 damage as the tornado moved across the Chandler Road and Triple Crown Parkway neighborhoods of Mount Juliet. Turning more to the northeast, the tornado strenghtened to strong EF-3 and leveled numerous homes in the Catalpa Drive and Clearview Drive neighborhoods, with one elderly couple killed on Catalpa Drive at Dogwood Drive. Crossing Mount Juliet Road, the tornado severely damaged West Wilson Middle School and Stoner Creek Elementary School, both of which will have to be torn down and rebuilt. The tornado reached its peak intensity of high-end EF-3 and peak size of 0.9 miles wide as it moved across Golden Bear Parkway and along Eastgate Blvd, leveling several large warehouses and killing a security guard at the CEVA warehouse on Athletes Way North. Crossing Highway 109 into Lebanon, the tornado weakened to EF-2 but continued damaging dozens of homes and businesses as it moved through southern sections of the city. Further to the east, buildings on both sides of I-40 in Tuckers Crossroads received up to EF-2 damage before the tornado turned southeast and crossed into Smith County. Weakening and shrinking in size, the tornado caused EF-1 damage to numerous homes and businesses in Grant, New Middleton, and just south of Gordonsville. The tornado finally lifted east of Highway 141 and north of Judkins Lane after a continuous 60.13 miles on the ground.","From the late evening hours on March 2 into the early morning hours on March 3, supercell thunderstorms developed and spawned tornadoes across southeast Missouri, southern Kentucky, Tennessee, and central Alabama. One of these supercells formed near the Mississippi River in west Tennessee, then tracked eastward across the entire length of the state just north of the Interstate 40 corridor, spawning 10 tornadoes and dropping large hail bigger than the size of baseballs. Seven of these tornadoes touched down across Middle Tennessee, resulting in widespread damage, 307 injuries and 24 fatalities. An additional fatality and 2 more injuries occurred in Benton County in west Tennessee. These tornadoes were the worst seen in Tennessee since the devastating tornadoes of April 27, 2011 across east Tennessee, as well as the Super Tuesday tornadoes of February 5-6, 2008. Total damage estimates from the Tennessee Emergency Management Agency across Middle Tennessee reached $1.6 billion.",168
883012,PUTNAM CO.,DENNY SEMINARY,03/03/2020,138,Tornado, ,EF0,0,0,15000,0,TN,CST-6, ,146901,C,141,OHX,0,0,NWS Storm Survey, ,3.32,50,2,WNW,1,S,GENTRY,03/03/2020,142,36.1603,-85.8056,36.1711,-85.7479,"An EF-0 tornado touched down near the Smith/Putnam County line northwest of Buffalo Valley and then moved east-northeast across very hilly terrain, taking down several trees in the process. Several homes suffered roof damage and some outbuildings were damaged on St. Marys Road, and numerous trees were blown down. The tornado continued across Highway 96 to Rock Springs Road with continued tree damage and minor damage to outbuildings, before lifting just west of Stanton Road.","From the late evening hours on March 2 into the early morning hours on March 3, supercell thunderstorms developed and spawned tornadoes across southeast Missouri, southern Kentucky, Tennessee, and central Alabama. One of these supercells formed near the Mississippi River in west Tennessee, then tracked eastward across the entire length of the state just north of the Interstate 40 corridor, spawning 10 tornadoes and dropping large hail bigger than the size of baseballs. Seven of these tornadoes touched down across Middle Tennessee, resulting in widespread damage, 307 injuries and 24 fatalities. An additional fatality and 2 more injuries occurred in Benton County in west Tennessee. These tornadoes were the worst seen in Tennessee since the devastating tornadoes of April 27, 2011 across east Tennessee, as well as the Super Tuesday tornadoes of February 5-6, 2008. Total damage estimates from the Tennessee Emergency Management Agency across Middle Tennessee reached $1.6 billion.",169
883016,PUTNAM CO.,ENSOR,03/03/2020,148,Tornado, ,EF4,19,87,100000000,0,TN,CST-6, ,146901,C,141,OHX,0,0,NWS Storm Survey, ,8.39,900,1,W,1,W,COOKEVILLE,03/03/2020,156,36.1715,-85.6628,36.1709,-85.5135,"An historic, violent EF-4 tornado began in western Putnam County northwest of Baxter and tracked eastward for over 8 miles before lifting near downtown Cookeville, damaging or destroying dozens of homes and businesses, killing 19 people, and injuring 88 others. The tornado began 2.5 miles northwest of Baxter along Highway 70 where it caused EF-0 damage to several homes and outbuildings. Scattered trees were blown down as the tornado continued eastward across Gainesboro Highway. The tornado quickly intensified to EF-2 in the Prosperity Pointe subdivision just north of Highway 70 and further strengthened to EF-3 as it crossed Bloomington Road and Clemmons Road in the Double Springs community, severely damaging several homes. As the tornado moved across Charleston Square, Plunk Whitson Road, and North McBloom Chapel Road, it intensified even more and produced a 0.8 mile long by 100 yards wide swath of EF-4 damage. 17 well-constructed, large homes in this area were completely leveled, mostly on Hensley Drive, with many deaths occurring in this area. EF-4 damage continued eastward to Echo Valley Drive, where an apartment complex and 5 more homes were completely destroyed. The tornado weakened to EF-3 as it crossed Highway 70 and Locust Grove Road, where numerous more homes and buildings were damaged or destroyed. A dashcam video of the tornado was taken from an unoccupied vehicle on Willow Brook Drive in this area. Continuing along Highway 70, the tornado weakened further to EF-2 intensity as it crossed County Farm Road and Jackson Street, then down to EF-1 strength along Crescent Drive and Buck Avenue. The tornado rapdily dissipated as it entered the downtown area of Cookeville, quickly lifting on Laurel Avenue just west of Cookeville Regional Medical Center. This was the worst tornado on record to affect Putnam County.","From the late evening hours on March 2 into the early morning hours on March 3, supercell thunderstorms developed and spawned tornadoes across southeast Missouri, southern Kentucky, Tennessee, and central Alabama. One of these supercells formed near the Mississippi River in west Tennessee, then tracked eastward across the entire length of the state just north of the Interstate 40 corridor, spawning 10 tornadoes and dropping large hail bigger than the size of baseballs. Seven of these tornadoes touched down across Middle Tennessee, resulting in widespread damage, 307 injuries and 24 fatalities. An additional fatality and 2 more injuries occurred in Benton County in west Tennessee. These tornadoes were the worst seen in Tennessee since the devastating tornadoes of April 27, 2011 across east Tennessee, as well as the Super Tuesday tornadoes of February 5-6, 2008. Total damage estimates from the Tennessee Emergency Management Agency across Middle Tennessee reached $1.6 billion.",170
883034,PUTNAM CO.,CANEY FORK,03/03/2020,205,Tornado, ,EF0,0,0,5000,0,TN,CST-6, ,146901,C,141,OHX,0,0,NWS Storm Survey, ,0.23,25,1,SSE,1,NW,GOFFTON,03/03/2020,206,36.1075,-85.4461,36.1068,-85.442,"A very brief and weak EF-0 tornado touched down just off of Highway 70 and Overstreet Drive southeast of Cookeville in the Goffton area. Damage was mostly to the roof of one house, a metal garage, and an outbuilding. There were also several trees with large branches broken off.","From the late evening hours on March 2 into the early morning hours on March 3, supercell thunderstorms developed and spawned tornadoes across southeast Missouri, southern Kentucky, Tennessee, and central Alabama. One of these supercells formed near the Mississippi River in west Tennessee, then tracked eastward across the entire length of the state just north of the Interstate 40 corridor, spawning 10 tornadoes and dropping large hail bigger than the size of baseballs. Seven of these tornadoes touched down across Middle Tennessee, resulting in widespread damage, 307 injuries and 24 fatalities. An additional fatality and 2 more injuries occurred in Benton County in west Tennessee. These tornadoes were the worst seen in Tennessee since the devastating tornadoes of April 27, 2011 across east Tennessee, as well as the Super Tuesday tornadoes of February 5-6, 2008. Total damage estimates from the Tennessee Emergency Management Agency across Middle Tennessee reached $1.6 billion.",171
883048,CUMBERLAND CO.,RINNIE,03/03/2020,225,Tornado, ,EF2,0,0,50000,500000,TN,CST-6, ,146901,C,35,OHX,0,0,NWS Storm Survey, ,10.07,500,1,SW,7,NNE,PEAVINE,03/03/2020,235,36.1399,-85.0401,36.1243,-84.8619,"An EF-2 tornado touched down near the intersection of Highway 127 and Atkins Road in Rinnie where trees were uprooted and a single wide mobile home sustained roof damage. The tornado moved northeast and crossed Smith Road, causing minor roof damage to two homes, destroying two outbuildings, pushing over a power pole, and uprooting approximately 20 trees. Taking an eastward turn, the tornado tracked just south of Beaty Road where more trees were uprooted and two additional outbuildings were destroyed. The tornado strengthened to EF-1 as it continued east-southeast, uprooting dozens of trees on Cold Springs Road and Myatt Creek Road. Entering the Catoosa Wildlife Management Area, the tornado reached its maximum width and peak intensity of EF-2 as it snapped and uprooted thousands of trees across Turner Creason Road, Charlie McCoy Road, and Roy Taylor Road. The tornado weakened as it moved further to the east and crossed John Q Wyatt Road, and is estimated to have lifted along the Morgan County border north of Witt Road. However, the tornado may have continued eastward into Morgan County, and the path may be extended in the future once high resolution satellite imagery becomes available.","From the late evening hours on March 2 into the early morning hours on March 3, supercell thunderstorms developed and spawned tornadoes across southeast Missouri, southern Kentucky, Tennessee, and central Alabama. One of these supercells formed near the Mississippi River in west Tennessee, then tracked eastward across the entire length of the state just north of the Interstate 40 corridor, spawning 10 tornadoes and dropping large hail bigger than the size of baseballs. Seven of these tornadoes touched down across Middle Tennessee, resulting in widespread damage, 307 injuries and 24 fatalities. An additional fatality and 2 more injuries occurred in Benton County in west Tennessee. These tornadoes were the worst seen in Tennessee since the devastating tornadoes of April 27, 2011 across east Tennessee, as well as the Super Tuesday tornadoes of February 5-6, 2008. Total damage estimates from the Tennessee Emergency Management Agency across Middle Tennessee reached $1.6 billion.",172
871306,MORGAN CO.,LANCING,03/03/2020,340,Tornado, ,EF0,0,0,0,0,TN,EST-5, ,145040,C,129,MRX,0,0,NWS Storm Survey, ,3.68,200,1,ENE,4,WNW,SHADY GROVE,03/03/2020,342,36.1264,-84.799,36.1264,-84.733,"An EF-0 tornado occurred in Morgan county with estimated peak winds of 85 mph. The worst of the damage occurred near the touchdown location near the intersection of Houston Taylor Circle and Barnett Bridge Road. At this location, numerous trees were uprooted or snapped along with a metal carport flipped over. The tornado weakened then continued to the east with numerous uprooted and snapped trees along the intersection of Genesis Road and Stanley Bates Road; dissipating just beyond this location.","Supercell thunderstorms developed during the early morning hours across Middle Tennessee and shifted east ahead of a surface warm front. Wind structure through the atmosphere was sufficient for rotating storms in an environment of weakening instability. Isolated damage was reported on the Cumberland Plateau and Central East Tennessee along a line parallel to Interstate 40.",173
882926,HALE CO.,GREENSBORO,03/03/2020,604,Tornado, ,EF0,0,0,0,0,AL,CST-6, ,146889,C,65,BMX,0,0,NWS Storm Survey, ,4.34,220,3,WSW,2,ESE,GREENSBORO,03/03/2020,612,32.6846,-87.6226,32.6863,-87.5492,"National Weather Service meteorologists surveyed damage in eastern Hale County and determined that it was consistent with an EF0 tornado, with maximum winds near 75 mph.||The tornado touched down near Royal Estates Drive, just southwest of the town of Greensboro. The tornado tracked east-northeast where it snapped and uprooted numerous trees near a ballpark on Highway 69. Nearby homes suffered structural damage due to fallen trees, as well as varying degrees of minor roof and siding damage. Farther downstream, tree damage was observed on Cherokee Terrace where numerous pines were uprooted. The tornado continued east-northeast where minor structural damage was observed near Centerville Street and Avery Drive. The tornado then turned to the east and east-southeast where it uprooted several trees on County Road 7 before dissipating near Whitsitt Creek.","A very moist and convergent zonal flow pattern set the stage for several rounds of severe weather across the southern portions of central Alabama on March 3rd/4th.  A weak cold front pushed south of I-20 on March 3rd and triggered a cluster of strong to severe storms, including a few weak tornadoes. Another round of severe storms impacted areas south of I-85, producing high winds.",174
882927,BIBB CO.,ACTIVE,03/03/2020,628,Tornado, ,EF1,0,0,0,0,AL,CST-6, ,146889,C,7,BMX,0,0,NWS Storm Survey, ,6.21,525,4,W,2,ESE,LAWLEY,03/03/2020,638,32.8648,-87.0496,32.8647,-86.9432,"National Weather Service meteorologists surveyed damage in far southeast Bibb County and determined that it was consistent with an EF1 tornado, with maximum winds near 110 mph.||The tornado touched down in a heavily wooded area just west of Liberty Road in southeast Bibb County. The tornado intensified to EF1 strength where it knocked a manufactured home off the foundation, and displaced a nearby vehicle. Nearby, extensive tree damage was observed with at least several dozen trees snapped or uprooted. The tornado continued on an eastward path where it continued to cause extensive tree damage, as well as damage to at least three homes along Maude Tower Road and County Rd 29. The tornado then tracked over a heavily wooded area near Trail Branch before crossing Highway 82. It then caused numerous trees to be snapped or uprooted near the Lawley Fire Department and Community Center. The tornado dissipated just east of County Road 36 near Oakmulgee Creek.","A very moist and convergent zonal flow pattern set the stage for several rounds of severe weather across the southern portions of central Alabama on March 3rd/4th.  A weak cold front pushed south of I-20 on March 3rd and triggered a cluster of strong to severe storms, including a few weak tornadoes. Another round of severe storms impacted areas south of I-85, producing high winds.",175
880949,JEFFERSON DAVIS CO.,MT CARMEL,03/04/2020,439,Tornado, ,EF0,0,0,1000,0,MS,CST-6, ,146404,C,65,JAN,0,0,NWS Storm Survey, ,0.5,200,2,ESE,3,ESE,MT CARMEL,03/04/2020,440,31.6406,-89.7644,31.642,-89.756,"This tornado touched down in far eastern Jefferson Davis County just south of US 84 along Ponderosa Road where a few large softwood tree limbs were snapped. The tornado then moved northeast into Covington County uprooting and snapping softwood|trees along Mosshill Road. It pushed east crossing US Highway 35 where it uprooted hardwood trees.  It continued to uproot softwood trees at Kelly Road and Friendship Road, just north of US 84. It caused the removal of a few shingles off of a one-story|home along Dan Easterling Road while also uprooting softwood trees. The tornado showed signs of weakening once it progressed eastward to Faler Road and Campbell-Faler Road, as only a few large softwood tree limbs were snapped. Once the tornado reached Collins-Spencer Road, west of Collins, it lifted but not before|uprooting a few softwood trees. Maximum winds were 75 mph in Jefferson Davis County, but overall the tornado had maximum winds of 85 mph in Covington County. Total path length was around 9.3 miles and maximum width was 400 yards in Covington County.","A cold front stalled across southern Mississippi by the early morning hours on March 4th. With strong wind shear and an unstable atmosphere in place along the boundary, a few rounds of severe thunderstorms developed and moved across central and southern portions of Mississippi through the morning. These storms produced significant wind and hail including a swath of 90 mph wind and wind-driven hail damage to trees and structures that extended from Yazoo County to Newton County. There was also one EF-0 tornado which developed in Jefferson Davis County and moved into Covington County.",176
880950,COVINGTON CO.,WILLIAMSBURG,03/04/2020,440,Tornado, ,EF0,0,0,25000,0,MS,CST-6, ,146404,C,31,JAN,0,0,NWS Storm Survey, ,8.81,400,8,W,1,NE,WILLIAMSBURG,03/04/2020,452,31.642,-89.755,31.6317,-89.6057,"This tornado touched down in far eastern Jefferson Davis County just south of US 84 along Ponderosa Road where a few large softwood tree limbs were snapped. The tornado then moved northeast into Covington County uprooting and snapping softwood trees along Mosshill Road. It pushed east crossing US Highway 35 where it uprooted hardwood trees. It continued to uproot softwood trees at Kelly Road and Friendship Road, just north of US 84. It caused the removal of a few shingles off of a one-story home along Dan Easterling Road while also uprooting softwood trees. The tornado showed signs of weakening once it progressed eastward to Faler Road and Campbell-Faler Road, as only a few large softwood tree limbs were snapped. Once the tornado reached Collins-Spencer Road, west of Collins, it lifted but not before uprooting a few softwood trees. Maximum winds were 75 mph in Jefferson Davis County, but overall the tornado had maximum winds of 85 mph in Covington County. Total path length was around 9.3 miles and maximum width was 400 yards in Covington County.","A cold front stalled across southern Mississippi by the early morning hours on March 4th. With strong wind shear and an unstable atmosphere in place along the boundary, a few rounds of severe thunderstorms developed and moved across central and southern portions of Mississippi through the morning. These storms produced significant wind and hail including a swath of 90 mph wind and wind-driven hail damage to trees and structures that extended from Yazoo County to Newton County. There was also one EF-0 tornado which developed in Jefferson Davis County and moved into Covington County.",177
875076,CARTER CO.,ELLSINORE,03/12/2020,1617,Tornado, ,EF0,0,0,5000,0,MO,CST-6, ,145687,C,35,PAH,0,0,NWS Storm Survey, ,0.42,75,5,SE,6,SE,ELLSINORE,03/12/2020,1618,36.8794,-90.6777,36.8748,-90.6726,"A few trees and tree limbs were blown down along the brief track that crossed Highway B. Peak winds were estimated near 75 mph based on a NWS damage survey.","A supercell thunderstorm intensified over the Ozark foothills of southeast Missouri and weakened as it crossed the city of Poplar Bluff. This supercell thunderstorm reached its maximum intensity in northwest Butler County, between the cities of Ellsinore and Poplar Bluff. At its strongest, the storm spawned two weak tornadoes and baseball-size hail. The storm formed ahead of a cold front that trailed southwest from a low pressure center over central Missouri. Steep mid-level lapse rates of 8.5 degrees C/km were sampled by the 18z sounding from Springfield, MO. These steep lapse rates favored large hail. Dew points in the low 60's and afternoon heating contributed to a corridor of 1000 to 1500 mixed-layer capes along and ahead of the front. This moderate instability, combined with effective wind shear magnitudes of 50 to 60 knots, favored supercell development.",178
875077,BUTLER CO.,STRINGTOWN,03/12/2020,1620,Tornado, ,EF0,0,0,5000,0,MO,CST-6, ,145687,C,23,PAH,0,0,NWS Storm Survey, ,0.6,100,8,NNW,7,NNW,STRINGTOWN,03/12/2020,1621,36.8571,-90.6234,36.8527,-90.6141,"A few trees and tree limbs were down along PP Highway and County Roads 415 and 426. Peak winds were estimated near 75 mph based on a NWS damage survey.","A supercell thunderstorm intensified over the Ozark foothills of southeast Missouri and weakened as it crossed the city of Poplar Bluff. This supercell thunderstorm reached its maximum intensity in northwest Butler County, between the cities of Ellsinore and Poplar Bluff. At its strongest, the storm spawned two weak tornadoes and baseball-size hail. The storm formed ahead of a cold front that trailed southwest from a low pressure center over central Missouri. Steep mid-level lapse rates of 8.5 degrees C/km were sampled by the 18z sounding from Springfield, MO. These steep lapse rates favored large hail. Dew points in the low 60's and afternoon heating contributed to a corridor of 1000 to 1500 mixed-layer capes along and ahead of the front. This moderate instability, combined with effective wind shear magnitudes of 50 to 60 knots, favored supercell development.",179
872119,MCCREARY CO.,MARSHES SIDING,03/12/2020,2107,Tornado, ,EF1,0,0,150000,55000,KY,EST-5, ,145179,C,147,JKL,0,0,NWS Storm Survey, ,1.66,175,1,W,1,E,MARSHES SIDING,03/12/2020,2109,36.73,-84.48,36.73,-84.45,"A supercell thunderstorm tracked across McCreary County during the late evening hours of March 12th.  A National Weather Service Jackson survey team found intermittent damage along the entire path. There were three distinct areas of damage where the tornado touched down. On Chitwood Ridge Rd, several hardwood trees were snapped off. There was also a house with some roof damage.||The next area of tornado damage was on the northern side of Whitley City along north Highway 1651, where more hardwood trees were snapped off along with some damage to a few two-story buildings.||Finally, the third area of tornado damage was northeast of Whitley City on Stephens Farm Rd. A tree landed on a house, leading to major damage. There were also several more houses with roof damage and additional trees snapped off.","Severe thunderstorms downed trees and powerlines, while also causing damage to some buildings and homes across McCreary County during the late evening hours of March 12th.||One of these storms produced an EF-1 tornado just north of downtown Whitley City. A supercell thunderstorm tracked across McCreary County during the late evening hours of March 12th. A National Weather Service Jackson survey team found intermittent damage along the entire path. There were three distinct areas of damage where the tornado touched down. On Chitwood Ridge Rd, several hardwood trees were snapped off. There was also a house that sustained some roof damage. The next area of tornado damage was on the northern side of Whitley City along north Highway 1651, where more hardwood trees were snapped off along with some damage to a few two-story buildings. Finally, the third area of tornado damage was northeast of Whitley City on Stephens Farm Rd. A tree landed on a house, leading to major damage. There were also several more houses with roof damage and additional trees snapped off.||Large hail was also reported in McCreary and Wayne Counties as these strong to severe thunderstorms moved through. Additionally, periodic heavy and training rainfall led to flooding in portions of Floyd and Pike Counties as localized amounts of 2-3 inches fell early on March 13th. Floyd County was forced to declare a State of Emergency as low-lying portions of Abbott Creek along Kentucky Highway 1427 and Middle Creek Levisa Fork along Kentucky Highway 114 were hit hard.",180
875451,OTERO CO.,(ALM)WH SANDS/ALAMAG,03/13/2020,1415,Tornado, ,EF0,0,0,25000,0,NM,MST-7, ,145747,C,35,EPZ,0,0,NWS Storm Survey, ,0.58,50,1,ESE,1,E,(ALM)WH SANDS/ALAMAG,03/13/2020,1425,32.8211,-105.9581,32.8304,-105.9566,"Eye-witness accounts, from two residents located on both ends of|the damage track, provided visual evidence of the occurrence of a|tornado. In addition, a video was taken of tornado formation just|upstream of the damage area. The community impacted is bounded by|open desert to the south and north with little to no access. Thus|the event could have been of somewhat longer duration and track|length, but no evidence was obtainable to support that. The|community is only 0.80 miles wide along the damage track and there|was damage at both ends as the storm entered the community on the|south and exited to the north. Most of the damage was light and|superficial to the homes impacted. At least six homes sustained|damage, mainly associated with their roofs. The damage appeared to|be a combination of tornado and straight-line winds. A toppled|mature pine tree and tossed pergola indicated rotation in the|damage pattern. A resident who witnessed most of the short-lived|event reported seeing a funnel pass over his neighbor`s home and|then touch down in mesquite covered open ground beside his home.|He indicated the circulation was no bigger than his home. The|tornado likely lifted and then touched back down on the north end|of the community where it did its most significant damage to a|home. It removed the homes back porch, lifted a large section of|the roof, and spread the debris in a 120-degree swath downwind.|This homeowner watched the tornado approach and pass from his|workshop, about 50 ft separated from the home. An anemometer at|this home, on a post 4.5 ft off the ground, registered a 61 mph|wind gust at the time of the damage.","A surface low was located over the Rio Grande Valley with an unusually moist southeast flow ahead of it that made it into Otero County.  This combined with strong southwest flow aloft including a 120-knot jet led to favorable conditions for a tornado to form across the area.",181
874513,REEVES CO.,BALMORHEA,03/13/2020,1853,Tornado, ,EFU,0,0,0,0,TX,CST-6, ,145277,C,389,MAF,0,0,NWS Storm Survey, ,4.48,300,49,N,4,NNW,ARNO,03/13/2020,1857,31.6892,-103.73,31.7099,-103.6578,"A thunderstorm in Reeves County produced a tornado about eight miles west of Mentone. A National Weather Service survey team was unable to locate damage directly caused by the tornado due to poor road networks. Photos provided by the public and emergency management suggested that the tornado was significant, however due to a lack of damage indicators, the survey team was unable to determine a path and intensity. Thus, the tornado was rated an EF-U. It was estimated that the tornado traveled roughly 12 miles before lifting from storm spotter reports and radar signatures. The tornado started in Reeves County and moved east into Loving County. It lifted before reaching Highway 302 and moved just north of Mentone.","An upper level low over southern California moved east and developed into an upper trough over Arizona and New Mexico. An upper level jet stream moved over West Texas and produced more lift in the atmosphere. A cold front moved south into the area and stalled near the Pecos River. There was moderate instability and high moisture and wind shear across the area. These conditions resulted in thunderstorms that produced tornadoes and wind damage near the Pecos River.",182
874514,LOVING CO.,MENTONE,03/13/2020,1857,Tornado, ,EFU,0,0,0,0,TX,CST-6, ,145277,C,301,MAF,0,0,NWS Storm Survey, ,4.49,300,3,WNW,2,NNE,MENTONE,03/13/2020,1902,31.7099,-103.6578,31.7247,-103.5833,"A thunderstorm in Reeves County produced a tornado about eight miles west of Mentone. A National Weather Service survey team was unable to locate damage directly caused by the tornado due to poor road networks. Photos provided by the public and emergency management suggested that the tornado was significant, however due to a lack of damage indicators, the survey team was unable to determine a path and intensity. Thus, the tornado was rated an EF-U. It was estimated that the tornado traveled roughly 12 miles before lifting from storm spotter reports and radar signatures. The tornado started in Reeves County and moved east into Loving County. It lifted before reaching Highway 302 and moved just north of Mentone.","An upper level low over southern California moved east and developed into an upper trough over Arizona and New Mexico. An upper level jet stream moved over West Texas and produced more lift in the atmosphere. A cold front moved south into the area and stalled near the Pecos River. There was moderate instability and high moisture and wind shear across the area. These conditions resulted in thunderstorms that produced tornadoes and wind damage near the Pecos River.",183
874917,WARD CO.,BARSTOW,03/13/2020,1913,Tornado, ,EF1,0,0,50000,0,TX,CST-6, ,145277,C,475,MAF,0,0,NWS Storm Survey, ,0.47,20,2,NNW,2,NNW,BARSTOW,03/13/2020,1914,31.4747,-103.4143,31.4811,-103.4117,"A thunderstorm developed over western Reeves County and moved northeast into Ward County. It produced a bowl-shaped tornado just north of Barstow. The tornado developed about a mile northwest of Barstow at the intersection of County Road 140 and 145 and only lasted for about a minute. Power flashes were reported along with damage to northern portions of Barstow. The tornado snapped a utility pole before moving and hitting an RV park. Damage at the park included flipping a trailer on its side, damaging a pickup truck, and causing light damage to three other trailers. Wind speeds were estimated at 100 mph from the damage observed by the NWS survey team which helped classify the tornado as an EF-1. In addition to the damage observed by the survey team, spotters and the public provided visual evidence that a tornado occurred. The path length of the tornado was 0.47 miles and the path width was 20 yards. The cost of damage is a very rough estimate.","An upper level low over southern California moved east and developed into an upper trough over Arizona and New Mexico. An upper level jet stream moved over West Texas and produced more lift in the atmosphere. A cold front moved south into the area and stalled near the Pecos River. There was moderate instability and high moisture and wind shear across the area. These conditions resulted in thunderstorms that produced tornadoes and wind damage near the Pecos River.",184
880549,THROCKMORTON CO.,THROCKMORTON,03/17/2020,1525,Tornado, ,EFU,0,0,0,0,TX,CST-6, ,146515,C,447,SJT,0,0,Storm Chaser, ,0.07,35,8,NW,8,NW,THROCKMORTON,03/17/2020,1526,33.26,-99.28,33.26,-99.2787,"Storm chasers videotaped a brief touchdown of a tornado 8 miles northwest of Throckmorton.","A cold front interacting with an upper level disturbance and plenty of moisture triggered a supercell just northwest of Throckmorton on March 17.  Stormchasers videtoped a brief tornado touchdown just northwest of Throckmorton.  ||By the afternoon of March 18 into the early morning hours of March 19, a strong upper level low pressure system moved northeast across the Panhandle.  Plenty of wind shear and instability interacted with a dryline, copious gulf moisture and triggered an isolated discrete supercell.  This tornadic supercell produced at least three tornadoes from southeast Nolan County to Taylor, Jones and Shackelford Counties.  Two of the tornadoes were EF-2 at times and did extension damage along its track across four counties.",185
872132,CURRY CO.,PLEASANT HILL,03/17/2020,1621,Tornado, ,EF0,0,0,0,0,NM,MST-7, ,145256,C,9,ABQ,0,0,Social Media, ,0.46,100,3,NNE,4,NNE,PLEASANT HILL,03/17/2020,1626,34.5674,-103.0512,34.5712,-103.0445,"A brief tornado touched down near Pleasant Hill, NM.","Low level moisture surged northwest into eastern New Mexico as an upper level low pressure system approached the southwest United States from the west on March 17, 2020. Isolated to scattered showers and thunderstorms developed over the Caprock region during the early morning then spread northeast throughout the afternoon. A storm that moved through extreme southeast produced a brief tornado near Pleasant Hill, NM shortly after 5 pm.",186
881043,JACK CO.,STEWARTON,03/18/2020,1956,Tornado, ,EF0,0,0,25000,0,TX,CST-6, ,146602,C,237,FWD,0,0,NWS Storm Survey, ,1.82,55,1,ESE,2,SSW,WIZARD WELLS,03/18/2020,2005,33.1659,-98.0475,33.174,-98.0175,"A severe thunderstorm in Jack County developed a tornado southeast of Jacksboro between Highways US-281 and US-380. The storm also produced two additional areas of straight line wind damage in the county. The tornado started northeast of US-281 in an open field and damaged several low-topped tree limbs. The tornado then crossed over a ridge and onto Dos Equis Ranch Road where it blew a manufactured building off its blocks. The building was secured with up-to-date straps. The tornado then continued northeast before lifting shortly after passing Dos Equis Ranch Road. The tornado was on the ground for approximately 1.8 miles and was 55 yards in width. It was rated an EF-0 with max winds estimated at 80 mph.","An upper level trough near the region contributed to several rounds of severe weather over a 2 day period. The first round was an MCS that resulted in flooding across parts of North Texas. The second round resulted in a few tornadoes to the west and northwest of the DFW Metroplex. The final round was afternoon convection that produced some small hail around the DFW Metroplex.",187
881044,STEPHENS CO.,CRYSTAL FALLS,03/18/2020,2004,Tornado, ,EF0,0,0,0,0,TX,CST-6, ,146602,C,429,FWD,0,0,NWS Storm Survey, ,1.52,12,1,NNW,2,N,CRYSTAL FALLS,03/18/2020,2010,32.9074,-98.9049,32.9274,-98.8939,"A severe thunderstorm developed in Shackelford County, then moved northeast into western Stephens County. The storm crossed Hubbard Creek Reservoir before gaining additional rotation evident on radar. As the storm moved into northern Stephens County, a tornado developed near Crystal Falls. The tornado was rated an EF-0 with damage confined to broken tree limbs. Maximum wind speeds were around 65 mph.","An upper level trough near the region contributed to several rounds of severe weather over a 2 day period. The first round was an MCS that resulted in flooding across parts of North Texas. The second round resulted in a few tornadoes to the west and northwest of the DFW Metroplex. The final round was afternoon convection that produced some small hail around the DFW Metroplex.",188
881051,WISE CO.,LAKE BRIDGEPORT,03/18/2020,2020,Tornado, ,EF0,0,0,70000,0,TX,CST-6, ,146602,C,497,FWD,0,0,NWS Storm Survey, ,4.02,575,3,NW,2,SSW,CHICO,03/18/2020,2032,33.2501,-97.8992,33.2732,-97.8354,"A tornado began in western Wise Co near El Lago Road and Private Road 1732. The tornado damaged trees and 2 mobile homes in the early part of the track. The most significant damage occurred to property along Moonlight Bay Drive. Dozens of trees were uprooted, snapped or damaged in a wide swath. The roof was partially torn off of one house when the winds entered the garage and tore off the roof over the garage. The tornado then moved over Lake Bridgeport continuing to the northeast. It damaged more trees on the northeast side of the lake between the lake shore and County Road 2952. It did cross CR 2952 but its dissipation point could not be determined as it moved into unreachable land on the east side of the road. The tornado dissipated before reaching the town of Chico. The tornado traveled just over 4 miles and was about 0.3 miles wide at its widest point. The maximum winds were estimated at 110 mph.","An upper level trough near the region contributed to several rounds of severe weather over a 2 day period. The first round was an MCS that resulted in flooding across parts of North Texas. The second round resulted in a few tornadoes to the west and northwest of the DFW Metroplex. The final round was afternoon convection that produced some small hail around the DFW Metroplex.",189
881055,YOUNG CO.,SOUTH BEND,03/18/2020,2024,Tornado, ,EF0,0,2,0,0,TX,CST-6, ,146602,C,503,FWD,0,0,NWS Storm Survey, ,5.19,375,0,N,2,N,BUNGER,03/18/2020,2036,33.0032,-98.6704,33.0455,-98.599,"A severe thunderstorm emerged out of Stephens County, moving into the southern portions of Young County. A tornado developed near the South Bend region, where damage occurred to several homes and businesses. The tornado continued moving northeast, paralleling HWY 67 toward Graham. The tornado then veered slightly to the east as it approached Sidney Mountain, crossing HWY 67 just south of Rosser Ranch Rd. The tornado struck multiple homes along Rosser Ranch Rd, leaving behind a swath of damage before moving over open fields again. The tornado continued moving east causing damage to one additional structure along State HWY 16. Further east, the damage along Canyon Road did not exhibit tornadic origins. Rather, it was likely caused by the storm's rear flank downdraft.  Maximum winds with this tornado were 110 mph, and the maximum width was about 0.20 miles.","An upper level trough near the region contributed to several rounds of severe weather over a 2 day period. The first round was an MCS that resulted in flooding across parts of North Texas. The second round resulted in a few tornadoes to the west and northwest of the DFW Metroplex. The final round was afternoon convection that produced some small hail around the DFW Metroplex.",190
881056,YOUNG CO.,BUNGER,03/18/2020,2036,Tornado, ,EF0,0,1,3000,0,TX,CST-6, ,146602,C,503,FWD,0,0,NWS Storm Survey, ,1.55,120,3,ENE,3,S,GRAHAM MUNI ARPT,03/18/2020,2042,33.0367,-98.546,33.0591,-98.5458,"The same thunderstorm that produced the tornado near South Bend produced another tornado to the east, just south of Pettus Ln and Old Hwy 16. This storm moved north, mainly causing tree damage. There was one home in the path which sustained minor roof damage. The tornado dissipated shortly after damaging the house. Maximum winds with this tornado were near 80 mph with a maximum width of 120 yards.","An upper level trough near the region contributed to several rounds of severe weather over a 2 day period. The first round was an MCS that resulted in flooding across parts of North Texas. The second round resulted in a few tornadoes to the west and northwest of the DFW Metroplex. The final round was afternoon convection that produced some small hail around the DFW Metroplex.",191
881057,WISE CO.,ALVORD,03/18/2020,2107,Tornado, ,EF0,0,0,1000,0,TX,CST-6, ,146602,C,497,FWD,0,0,NWS Storm Survey, ,0.81,100,5,NE,5,NE,ALVORD,03/18/2020,2110,33.4159,-97.6198,33.423,-97.6104,"An embedded tornado snapped and uprooted several trees along a path following County Road 2690 in northern Wise County. The tornado turned to the east near the end of its path where it damaged a sound barrier at a gas well and a shed. Maximum winds were 100 mph, and the maximum width was about 100 yards.","An upper level trough near the region contributed to several rounds of severe weather over a 2 day period. The first round was an MCS that resulted in flooding across parts of North Texas. The second round resulted in a few tornadoes to the west and northwest of the DFW Metroplex. The final round was afternoon convection that produced some small hail around the DFW Metroplex.",192
881058,JACK CO.,SENATE,03/18/2020,2121,Tornado, ,EF0,0,0,0,0,TX,CST-6, ,146602,C,237,FWD,0,0,NWS Storm Survey, ,0.67,46,1,SE,1,ESE,SENATE,03/18/2020,2123,33.1628,-98.2887,33.1649,-98.2774,"A tornado began in southwestern Jack County approximately 1 mile south of US-380 just east of Marley Road. The tornado briefly touched down and moved from southwest to northeast, and its damage was confined to trees in the area. Several tree trunks were snapped halfway up the trunk or uprooted in-tact. Many of the surrounding trees also had small to large branches broken. The tornado then lifted before reaching Dark Corner Road. Maximum winds with this tornado were estimated at 100 mph.","An upper level trough near the region contributed to several rounds of severe weather over a 2 day period. The first round was an MCS that resulted in flooding across parts of North Texas. The second round resulted in a few tornadoes to the west and northwest of the DFW Metroplex. The final round was afternoon convection that produced some small hail around the DFW Metroplex.",193
880449,NOLAN CO.,NOLAN,03/19/2020,0,Tornado, ,EF2,0,0,2000000,0,TX,CST-6, ,146515,C,353,SJT,0,0,Law Enforcement, ,4.68,425,3,NNE,7,SW,BLAIR,03/19/2020,7,32.3101,-100.2189,32.343,-100.1489,"An EF-2 tornado touched down in southeast Nolan County and continued into Taylor County.  About 14.5 miles southeast of Sweetwater, drone footage provided by AES Wind Generation Plant showed the EF-2 tornado damaged a large windmill turbine and tore off other windmill blades. The twister also caused roof damage to a residence and knocked down some high powered transmission poles and power lines.","A cold front interacting with an upper level disturbance and plenty of moisture triggered a supercell just northwest of Throckmorton on March 17.  Stormchasers videtoped a brief tornado touchdown just northwest of Throckmorton.  ||By the afternoon of March 18 into the early morning hours of March 19, a strong upper level low pressure system moved northeast across the Panhandle.  Plenty of wind shear and instability interacted with a dryline, copious gulf moisture and triggered an isolated discrete supercell.  This tornadic supercell produced at least three tornadoes from southeast Nolan County to Taylor, Jones and Shackelford Counties.  Two of the tornadoes were EF-2 at times and did extension damage along its track across four counties.",194
880442,TAYLOR CO.,MULBERRY CANYON,03/19/2020,7,Tornado, ,EF2,0,0,0,0,TX,CST-6, ,146515,C,441,SJT,0,0,Law Enforcement, ,6.18,425,3,W,3,SSE,BLAIR,03/19/2020,13,32.343,-100.1489,32.3816,-100.0534,"This is the same EF-2 Tornado that began in southeast Nolan County and crossed into southwest Taylor County.  About 9.7 miles south of Trent near the Nolan-Taylor County Line, High Resolution Satellite Data showed the tornado destroyed a forest.  Radar also showed a Tornado Debris Signature in this part of southwest Taylor County.  About 8 miles south southeast of Trent, a NWS damage survey observed snapped large tree trunks, destruction of a large barn, tossed tractors and two vehicles that were also tossed.   The resident could see the tornado approaching from his back door.  About 8 miles south southeast of Trent, this same tornado snapped large Oak Tree trunks, scoured the ground, shredded a large Cedar Tree trunk, and even removed some bark from some of the trees.  It damaged the roof of a nearby home.  Hi-Res Satellite also showed the forest destroyed by this tornado.  Taylor County Emergency Management assisted with this damage survey.","A cold front interacting with an upper level disturbance and plenty of moisture triggered a supercell just northwest of Throckmorton on March 17.  Stormchasers videtoped a brief tornado touchdown just northwest of Throckmorton.  ||By the afternoon of March 18 into the early morning hours of March 19, a strong upper level low pressure system moved northeast across the Panhandle.  Plenty of wind shear and instability interacted with a dryline, copious gulf moisture and triggered an isolated discrete supercell.  This tornadic supercell produced at least three tornadoes from southeast Nolan County to Taylor, Jones and Shackelford Counties.  Two of the tornadoes were EF-2 at times and did extension damage along its track across four counties.",195
880531,TAYLOR CO.,TYE,03/19/2020,30,Tornado, ,EF1,0,0,60000,0,TX,CST-6, ,146515,C,441,SJT,0,0,NWS Storm Survey, ,0.23,35,1,S,1,SSE,TYE,03/19/2020,31,32.4388,-99.8697,32.4404,-99.8662,"Power flashes were reported by local law enforcement officials on the south side of Tye. |A NWS Storm Survey verified the tornado mostly impacted the south side of Tye.  The  tornado took the roof of a manufactured home on the south side of Tye, it damaged playground equipment at Ryster Park, and destroyed a nearby metal carport.  This EF-1 tornado touched down briefly.  Tye Police assisted with this damage survey.","A cold front interacting with an upper level disturbance and plenty of moisture triggered a supercell just northwest of Throckmorton on March 17.  Stormchasers videtoped a brief tornado touchdown just northwest of Throckmorton.  ||By the afternoon of March 18 into the early morning hours of March 19, a strong upper level low pressure system moved northeast across the Panhandle.  Plenty of wind shear and instability interacted with a dryline, copious gulf moisture and triggered an isolated discrete supercell.  This tornadic supercell produced at least three tornadoes from southeast Nolan County to Taylor, Jones and Shackelford Counties.  Two of the tornadoes were EF-2 at times and did extension damage along its track across four counties.",196
880532,JONES CO.,HAMBY,03/19/2020,43,Tornado, ,EF2,0,0,0,0,TX,CST-6, ,146515,C,253,SJT,0,0,NWS Storm Survey, ,4.62,135,3,WNW,4,NNE,HAMBY,03/19/2020,49,32.5335,-99.6739,32.5726,-99.6096,"This tornado damaged the Robertson and Middleton Maximum Security Units near Hamby.  It damaged or destroyed about 100 vehicles in the parking lot and it tossed or rolled one of them about 300 yards into a nearby lake.  It also destroyed a garage of a nearby home and removed the metal roof.  The tornado removed some A/C units from the roof of the Units and tore up some fencing.  The tornado damaged the guard's house near the entrance to the units.  The tornado continued on a northeast track into Shackelford County.","A cold front interacting with an upper level disturbance and plenty of moisture triggered a supercell just northwest of Throckmorton on March 17.  Stormchasers videtoped a brief tornado touchdown just northwest of Throckmorton.  ||By the afternoon of March 18 into the early morning hours of March 19, a strong upper level low pressure system moved northeast across the Panhandle.  Plenty of wind shear and instability interacted with a dryline, copious gulf moisture and triggered an isolated discrete supercell.  This tornadic supercell produced at least three tornadoes from southeast Nolan County to Taylor, Jones and Shackelford Counties.  Two of the tornadoes were EF-2 at times and did extension damage along its track across four counties.",197
880553,SHACKELFORD CO.,ACAMPO,03/19/2020,49,Tornado, ,EFU,0,0,0,0,TX,CST-6, ,146515,C,417,SJT,0,0,NWS Storm Survey, ,0.76,135,15,SW,14,SW,ACAMPO,03/19/2020,50,32.5726,-99.6096,32.58,-99.6,"This tornado began just inside Jones County northeast of Abilene and crossed into southwest Shackelford County.  There was a report of debris deposited along the Jones and Shackelford County lines.  Radar also showed a debris ball signature in this area.","A cold front interacting with an upper level disturbance and plenty of moisture triggered a supercell just northwest of Throckmorton on March 17.  Stormchasers videtoped a brief tornado touchdown just northwest of Throckmorton.  ||By the afternoon of March 18 into the early morning hours of March 19, a strong upper level low pressure system moved northeast across the Panhandle.  Plenty of wind shear and instability interacted with a dryline, copious gulf moisture and triggered an isolated discrete supercell.  This tornadic supercell produced at least three tornadoes from southeast Nolan County to Taylor, Jones and Shackelford Counties.  Two of the tornadoes were EF-2 at times and did extension damage along its track across four counties.",198
883627,CREEK CO.,OLIVE,03/19/2020,53,Tornado, ,EF0,0,0,35000,0,OK,CST-6, ,145629,C,37,TSA,0,0,NWS Storm Survey, ,0.6,75,2,S,2,SSE,OLIVE,03/19/2020,55,36.0019,-96.4798,36.0082,-96.4736,"This tornado developed just south of Highway 33 and west of S 433rd West Avenue, where large tree limbs were snapped. It moved northeast destroying an open air barn, uprooting a tree, and damaging a home. The tornado then blew the roof from a mobile home, and blew the roof off a barn east of S 433rd West Avenue. Based on this damage, maximum estimated wind in the tornado was 80 to 85 mph.","Strong to severe thunderstorms developed over northwestern Texas and southwestern Oklahoma during the evening of the 18th. These storms moved northeast and affected portions of northeastern Oklahoma during the early morning hours of the 19th. Although instability had decreased ahead of these storms during the night-time hours, wind shear had strengthened significantly as these storms moved into northeast Oklahoma. As a result, one of these storms produced a tornado in Creek County. In addition, some of these thunderstorms moved repeatedly across the same areas, which resulted in locally heavy rainfall that combined with saturated soils, produced flash flooding. Another round of thunderstorms moved across northeastern Oklahoma later that morning. Another tornado developed with these thunderstorms, as well as locally damaging wind and flash flooding.||In addition to the flash flooding and severe weather, these multiple rounds of thunderstorms resulted in widespread heavy rainfall across northeastern Oklahoma. One to three inches fell across much of the area, with a heavier axis of three to six inches. This widespread heavy rainfall resulted in moderate flooding of the Caney and Neosho Rivers, and major flooding of the Illinois River.",199
883628,OKFUSKEE CO.,OKEMAH,03/19/2020,925,Tornado, ,EF1,0,0,30000,0,OK,CST-6, ,145629,C,107,TSA,0,0,NWS Storm Survey, ,2.7,225,2,SW,1,SSW,OKEMAH ARPT,03/19/2020,929,35.4043,-96.3287,35.4179,-96.2854,"This tornado developed south of I-40 and west of the N3760 Road. It moved east-northeast destroying a large outbuilding, damaging a home, and snapping large tree limbs as it crossed S 14th Street. Another outbuilding was destroyed east of S 14th Street, and large tree limbs were snapped as it crossed Highway 27. The tornado appeared to dissipate before crossing the N3780 Road, south of the E1100 Road. Based on this damage, maximum estimated wind in the tornado was 90 to 100 mph.","Strong to severe thunderstorms developed over northwestern Texas and southwestern Oklahoma during the evening of the 18th. These storms moved northeast and affected portions of northeastern Oklahoma during the early morning hours of the 19th. Although instability had decreased ahead of these storms during the night-time hours, wind shear had strengthened significantly as these storms moved into northeast Oklahoma. As a result, one of these storms produced a tornado in Creek County. In addition, some of these thunderstorms moved repeatedly across the same areas, which resulted in locally heavy rainfall that combined with saturated soils, produced flash flooding. Another round of thunderstorms moved across northeastern Oklahoma later that morning. Another tornado developed with these thunderstorms, as well as locally damaging wind and flash flooding.||In addition to the flash flooding and severe weather, these multiple rounds of thunderstorms resulted in widespread heavy rainfall across northeastern Oklahoma. One to three inches fell across much of the area, with a heavier axis of three to six inches. This widespread heavy rainfall resulted in moderate flooding of the Caney and Neosho Rivers, and major flooding of the Illinois River.",200
875714,PERRY CO.,SUNFIELD,03/19/2020,1444,Tornado, ,EF1,0,1,300000,0,IL,CST-6, ,145793,C,145,PAH,0,0,NWS Storm Survey, ,3.17,125,1,WSW,2,ENE,SUNFIELD,03/19/2020,1446,38.0649,-89.2442,38.0826,-89.1904,"The tornado started near the community of Sunfield on U.S. Highway 51. At least a dozen homes were damaged, including four with major structural damage. This included numerous broken windows and roof damage. One home had part of its roof decking removed, and another had its attached garage blown apart from the house. At least five camper trailers were blown over, with one lofted over 200 yards across a field. Several outbuildings and garages were partly or completely levelled. Dozens of trees were snapped or uprooted. Some power lines were down. A trained spotter witnessed the tornado. The tornado path crossed Du Quoin Lake and ended on Highway 154. Peak winds were estimated near 100 mph.","Short lines of thunderstorms with embedded circulations moved across southern Illinois during the afternoon of the 19th. Widespread heavy rain caused isolated flash flooding. The storms occurred just south of a warm front under a very strong southwest low level flow, around 60 knots at 850 mb. An upper level disturbance over the Ozark Mountains contributed to the storms.",201
875715,JEFFERSON CO.,BELLE RIVE,03/19/2020,1522,Tornado, ,EF0,0,0,3000,0,IL,CST-6, ,145793,C,81,PAH,0,0,NWS Storm Survey, ,0.58,75,3,SSE,3,SSE,BELLE RIVE,03/19/2020,1523,38.191,-88.712,38.1959,-88.7033,"Most of the damage path occurred in Hamilton County, however the tornado started in extreme eastern Jefferson County.  In the short time the tornado was in Jefferson County, large branches were broken. Peak winds were in the EF-0 category in Jefferson County, but the tornado strengthened to EF-1 in Hamilton County. The tornado entered Hamilton County just west of the community of Dahlgren.","Short lines of thunderstorms with embedded circulations moved across southern Illinois during the afternoon of the 19th. Widespread heavy rain caused isolated flash flooding. The storms occurred just south of a warm front under a very strong southwest low level flow, around 60 knots at 850 mb. An upper level disturbance over the Ozark Mountains contributed to the storms.",202
875716,HAMILTON CO.,DAHLGREN,03/19/2020,1523,Tornado, ,EF1,0,0,125000,0,IL,CST-6, ,145793,C,65,PAH,0,0,NWS Storm Survey, ,2.32,300,1,WSW,1,NE,DAHLGREN,03/19/2020,1526,38.1959,-88.7033,38.2124,-88.6661,"The tornado started in extreme eastern Jefferson County. The tornado moved across the northwest side of Dahlgren in Hamilton County. Several homes sustained roofing or soffit damage. One home had about a quarter of its roof removed and tossed about 50 yards. A few barns were damaged. Two travel trailers were overturned. Dozens of mature trees were snapped or uprooted. Peak winds were estimated near 110 mph.","Short lines of thunderstorms with embedded circulations moved across southern Illinois during the afternoon of the 19th. Widespread heavy rain caused isolated flash flooding. The storms occurred just south of a warm front under a very strong southwest low level flow, around 60 knots at 850 mb. An upper level disturbance over the Ozark Mountains contributed to the storms.",203
881951,BOONE CO.,EVERTON,03/19/2020,1750,Tornado, ,EF2,0,1,275000,0,AR,CST-6, ,146721,C,9,LZK,0,0,NWS Storm Survey, ,12.5,500,2,WSW,8,E,PLEASANT RIDGE,03/19/2020,1811,36.1352,-92.9381,36.22,-92.741,"The tornado began along Highway 206 East near Marshall Creek Road, where power poles were broken and there was some damage to a residence. Through southeast Boone County, the tornado uprooted and snapped trees, then moved across the southeast portion of Everton. There, the roof of a house was torn off and several trees were snapped at mid-trunk level. ||The tornado then tracked into Marion County where it uprooted trees. Near the intersection of County Roads 4019 and 4023, it destroyed a hay barn. Several large trees were uprooted and the porch was ripped off of a home. Several trees and power poles were downed and snapped. Before crossing Meadowcrest Lane and County Road 4019, it uprooted and snapped power poles and trees, caused extensive damage to a house, and destroyed an outbuilding. The tornado crossed Arkansas Highway 125 south near Eros and damaged the Bruno-Pyatt School. East of Eros, the tornado caused severe damage to a residence and destroyed its garage. Near the intersection of County Roads 4018 and 4010, several houses had severe damage. One person had a minor injury but was reportedly in good condition. The final damage points were WSW of Yellville, where several large trees were uprooted, power poles were broken, and a residence sustained roof damage.","A line of strong to severe storms developed ahead of the front, with the most robust storms closest to the Missouri border after 500 pm CST. One storm in particular went from southeast Boone County into southern Marion County and northwest Baxter County. The storm had strong rotation at times and it headed quickly to the northeast at 40 to 50 mph. There was plenty of chaos in the path of the storm, and no doubt that one or more tornadoes were in play.||A house was damaged east of Everton (Boone County), and power lines were downed. Between Pyatt and Bruno (both in Marion County), several homes were damaged or destroyed with an injury reported. A school was also affected. A tree fell through a house west of Mountain Home (Baxter County).||In the end, two tornadoes (rated EF1/EF2) were spawned in a three county area. Three more weak tornadoes (all rated EF1) were confirmed with separate storms from five miles north of Hector (Pope County) to six miles west-southwest of Rupert (Van Buren County), and from four miles northeast of Evening Shade to four miles north of Poughkeepsie (both in Sharp County). These tornadoes toppled trees and hit a couple of barns and outbuildings.||This event did not feature a lot of rain, and there was only 0.01 inch measured at Little Rock (Pulaski County) on the 19th. But, this was enough to make it eleven consecutive days with measurable precipitation. It was one day away from tying the all-time record of twelve days in a row. A trace of rain on the 20th ended the streak.",204
881958,BAXTER CO.,WHITEVILLE,03/19/2020,1830,Tornado, ,EF1,0,0,120000,0,AR,CST-6, ,146721,C,5,LZK,0,0,NWS Storm Survey, ,2.16,600,1,NNE,2,ESE,MONKEY RUN,03/19/2020,1835,36.3302,-92.4768,36.3425,-92.4413,"The tornado uprooted or snapped several large trees and damaged outbuildings. A large tree was uprooted and fell through the bedroom of a residence. A large portion of the roof of a house was torn off and blown into nearby trees.","A line of strong to severe storms developed ahead of the front, with the most robust storms closest to the Missouri border after 500 pm CST. One storm in particular went from southeast Boone County into southern Marion County and northwest Baxter County. The storm had strong rotation at times and it headed quickly to the northeast at 40 to 50 mph. There was plenty of chaos in the path of the storm, and no doubt that one or more tornadoes were in play.||A house was damaged east of Everton (Boone County), and power lines were downed. Between Pyatt and Bruno (both in Marion County), several homes were damaged or destroyed with an injury reported. A school was also affected. A tree fell through a house west of Mountain Home (Baxter County).||In the end, two tornadoes (rated EF1/EF2) were spawned in a three county area. Three more weak tornadoes (all rated EF1) were confirmed with separate storms from five miles north of Hector (Pope County) to six miles west-southwest of Rupert (Van Buren County), and from four miles northeast of Evening Shade to four miles north of Poughkeepsie (both in Sharp County). These tornadoes toppled trees and hit a couple of barns and outbuildings.||This event did not feature a lot of rain, and there was only 0.01 inch measured at Little Rock (Pulaski County) on the 19th. But, this was enough to make it eleven consecutive days with measurable precipitation. It was one day away from tying the all-time record of twelve days in a row. A trace of rain on the 20th ended the streak.",205
881946,POPE CO.,RETTA,03/19/2020,1909,Tornado, ,EF1,0,0,0,0,AR,CST-6, ,146721,C,115,LZK,0,0,NWS Storm Survey, ,0.81,300,1,NW,1,N,RETTA,03/19/2020,1910,35.5283,-92.9439,35.5334,-92.9309,"This tornado began near the Highway 27 bridge over the Middle Fork of Illinois Bayou. It uprooted and snapped several trees.","A line of strong to severe storms developed ahead of the front, with the most robust storms closest to the Missouri border after 500 pm CST. One storm in particular went from southeast Boone County into southern Marion County and northwest Baxter County. The storm had strong rotation at times and it headed quickly to the northeast at 40 to 50 mph. There was plenty of chaos in the path of the storm, and no doubt that one or more tornadoes were in play.||A house was damaged east of Everton (Boone County), and power lines were downed. Between Pyatt and Bruno (both in Marion County), several homes were damaged or destroyed with an injury reported. A school was also affected. A tree fell through a house west of Mountain Home (Baxter County).||In the end, two tornadoes (rated EF1/EF2) were spawned in a three county area. Three more weak tornadoes (all rated EF1) were confirmed with separate storms from five miles north of Hector (Pope County) to six miles west-southwest of Rupert (Van Buren County), and from four miles northeast of Evening Shade to four miles north of Poughkeepsie (both in Sharp County). These tornadoes toppled trees and hit a couple of barns and outbuildings.||This event did not feature a lot of rain, and there was only 0.01 inch measured at Little Rock (Pulaski County) on the 19th. But, this was enough to make it eleven consecutive days with measurable precipitation. It was one day away from tying the all-time record of twelve days in a row. A trace of rain on the 20th ended the streak.",206
881947,POPE CO.,LOST CORNER,03/19/2020,1923,Tornado, ,EF1,0,0,20000,0,AR,CST-6, ,146721,C,115,LZK,0,0,NWS Storm Survey, ,2.79,200,2,NNW,4,NNE,LOST CORNER,03/19/2020,1927,35.5925,-92.8366,35.6172,-92.7974,"The tornado first hit on a ridgeline around 1500 feet near Napier Hollow where it downed a few trees. The tornado crossed Napier Hollow and moved back up a ridge to Dabney Road, a tree was blown onto a barn, and another smaller tree was blown onto a travel trailer. The tornado crossed Dabney Road and moved through a field and down the ridge. On Darrell Road, a storage shed was destroyed, and the roof was blown into some trees which were subsequently uprooted. The roof of a storage barn was damaged.","A line of strong to severe storms developed ahead of the front, with the most robust storms closest to the Missouri border after 500 pm CST. One storm in particular went from southeast Boone County into southern Marion County and northwest Baxter County. The storm had strong rotation at times and it headed quickly to the northeast at 40 to 50 mph. There was plenty of chaos in the path of the storm, and no doubt that one or more tornadoes were in play.||A house was damaged east of Everton (Boone County), and power lines were downed. Between Pyatt and Bruno (both in Marion County), several homes were damaged or destroyed with an injury reported. A school was also affected. A tree fell through a house west of Mountain Home (Baxter County).||In the end, two tornadoes (rated EF1/EF2) were spawned in a three county area. Three more weak tornadoes (all rated EF1) were confirmed with separate storms from five miles north of Hector (Pope County) to six miles west-southwest of Rupert (Van Buren County), and from four miles northeast of Evening Shade to four miles north of Poughkeepsie (both in Sharp County). These tornadoes toppled trees and hit a couple of barns and outbuildings.||This event did not feature a lot of rain, and there was only 0.01 inch measured at Little Rock (Pulaski County) on the 19th. But, this was enough to make it eleven consecutive days with measurable precipitation. It was one day away from tying the all-time record of twelve days in a row. A trace of rain on the 20th ended the streak.",207
881945,SHARP CO.,CENTER,03/19/2020,2107,Tornado, ,EF1,0,0,20000,0,AR,CST-6, ,146721,C,135,LZK,0,0,NWS Storm Survey, ,5.67,400,3,SW,3,ESE,CENTER,03/19/2020,2113,36.1124,-91.561,36.1374,-91.4672,"For the majority of the tornado's path, large trees and power poles and power lines were the most common damage indicators. The majority of the structural damage caused by the tornado was observed at the Mashburn farm where there was substantial damage to outbuildings, including one outbuilding that slid off of its foundation. There was minor damage to a residence on the farm as well, and extensive tree damage throughout the property.","A line of strong to severe storms developed ahead of the front, with the most robust storms closest to the Missouri border after 500 pm CST. One storm in particular went from southeast Boone County into southern Marion County and northwest Baxter County. The storm had strong rotation at times and it headed quickly to the northeast at 40 to 50 mph. There was plenty of chaos in the path of the storm, and no doubt that one or more tornadoes were in play.||A house was damaged east of Everton (Boone County), and power lines were downed. Between Pyatt and Bruno (both in Marion County), several homes were damaged or destroyed with an injury reported. A school was also affected. A tree fell through a house west of Mountain Home (Baxter County).||In the end, two tornadoes (rated EF1/EF2) were spawned in a three county area. Three more weak tornadoes (all rated EF1) were confirmed with separate storms from five miles north of Hector (Pope County) to six miles west-southwest of Rupert (Van Buren County), and from four miles northeast of Evening Shade to four miles north of Poughkeepsie (both in Sharp County). These tornadoes toppled trees and hit a couple of barns and outbuildings.||This event did not feature a lot of rain, and there was only 0.01 inch measured at Little Rock (Pulaski County) on the 19th. But, this was enough to make it eleven consecutive days with measurable precipitation. It was one day away from tying the all-time record of twelve days in a row. A trace of rain on the 20th ended the streak.",208
