EVENT_ID,CZ_NAME_STR,BEGIN_LOCATION,BEGIN_DATE,BEGIN_TIME,EVENT_TYPE,MAGNITUDE,TOR_F_SCALE,DEATHS_DIRECT,INJURIES_DIRECT,DAMAGE_PROPERTY_NUM,DAMAGE_CROPS_NUM,STATE_ABBR,CZ_TIMEZONE,MAGNITUDE_TYPE,EPISODE_ID,CZ_TYPE,CZ_FIPS,WFO,INJURIES_INDIRECT,DEATHS_INDIRECT,SOURCE,FLOOD_CAUSE,TOR_LENGTH,TOR_WIDTH,BEGIN_RANGE,BEGIN_AZIMUTH,END_RANGE,END_AZIMUTH,END_LOCATION,END_DATE,END_TIME,BEGIN_LAT,BEGIN_LON,END_LAT,END_LON,EVENT_NARRATIVE,EPISODE_NARRATIVE,ABSOLUTE_ROWNUMBER
5517594,DEAF SMITH CO.,HEREFORD,06/21/2006,1445,Tornado, ,F0,0,0,0,0,TX,CST, ,1214182,C,117,AMA,0,0,GENERAL PUBLIC, ,.1,25,10,NNW,10,NNW,HEREFORD,06/21/2006,1450,36.26667,-101.53333,36.26667,-101.53333,"A very thin landspout tornado based on video footage. No reports of damage or injuries and the path length and path width were estimated. The tornado remained over open country.","Severe thunderstorms producing large hail...high winds...and several small landspout tornadoes during the late afternoon and into the evening hours initiated along a frontal boundary and surface trough across the Texas panhandle. No damage or injuries were reported.",1
5514019,RIO BLANCO CO.,MEEKER,06/21/2006,1625,Tornado, ,F1,0,0,35000,0,CO,MST, ,1213507,C,103,GJT,0,0,GENERAL PUBLIC, ,1,50,10,W,10,W,MEEKER,06/21/2006,1630,40.03333,-108.1,40.03333,-108.1,"","A tornado destroyed a carport, a Basque sheepherder's wagon, and snapped several two-foot diameter trees off, as well as a number of smaller trees as it traveled from southwest to northeast across the property of two residences.  A shed received extensive damage after being struck by flying objects. Debris from the property was found several hundred feet from the homes. The roof of a modular home was partially lifted and shingles were ripped from the roof. The tornado also blew apart braced frame walls of a new home under construction.  The tornado then moved across hay and alfalfa fields before lifting.",2
5517657,HANSFORD CO.,GRUVER,06/21/2006,1630,Tornado, ,F0,0,0,0,0,TX,CST, ,1214182,C,195,AMA,0,0,BROADCAST MEDIA, ,.2,50,5,N,5,N,GRUVER,06/21/2006,1635,35.98333,-101.75,35.98333,-101.75,"Small landspout tornado reportedly remained over open country. No damage and no injuries were reported. The path length and path width were estimated.","Severe thunderstorms producing large hail...high winds...and several small landspout tornadoes during the late afternoon and into the evening hours initiated along a frontal boundary and surface trough across the Texas panhandle. No damage or injuries were reported.",3
5517645,HANSFORD CO.,SPEARMAN,06/21/2006,1638,Tornado, ,F0,0,0,0,0,TX,CST, ,1214182,C,195,AMA,0,0,LAW ENFORCEMENT, ,.2,50,5,W,5,W,SPEARMAN,06/21/2006,1645,34.81667,-102.4,34.81667,-102.4,"A small landspout tornado was confirmed by photographs. No damage and no injuries were reported. Path length and path width were estimated. The tornado remained over open country.","Severe thunderstorms producing large hail...high winds...and several small landspout tornadoes during the late afternoon and into the evening hours initiated along a frontal boundary and surface trough across the Texas panhandle. No damage or injuries were reported.",4
5518711,LENAWEE CO.,ADDISON,06/21/2006,1710,Tornado, ,F0,0,0,40000,0,MI,EST, ,1213905,C,91,DTX,0,0,NWS STORM SURVEY, ,2.2,100,4,SSE,4,SSE,ADDISON,06/21/2006,1713,41.93333,-84.31667,41.95,-84.3,"An F0 intensity tornado with winds of 60 to 70 MPH touched down approximately 4 miles south of Addison in Rollin Township on Wednesday, June 21st. The damage path was concentrated in a 100 yard wide path for a length of approximately 2 miles, extending from Rollin Highway just south of Burton Road eastward along Burton Road to the intersection of Burton Road and Shierson Highway. The most extensive damage along the path was to large trees near the Burton Road and Townley Highway intersection. Several homes received minor structural damage from falling trees associated with this tornado. Total property damages were roughly estimated at $40K. Average path width was 25 yards.","",5
5517591,TEXAS CO.,TYRONE,06/21/2006,1724,Tornado, ,F0,0,0,0,0,OK,CST, ,1214181,C,139,AMA,0,0,BROADCAST MEDIA, ,.2,50,5,SE,5,SE,TYRONE,06/21/2006,1731,36.9,-101,36.9,-101,"Landspout tornado based on video footage with no damage or injuries reported. Path length and path width were estimated. The tornado remained over open country.","Severe thunderstorms initiated along a surface trough and frontal boundary across the Oklahoma panhandle during the late afternoon hours. The severe thunderstorms produced large hail...damaging winds...and a few landspout tornadoes. One tornado just northeast of Adams caused considerable damage but no injuries were reported.",6
5517586,BEAVER CO.,TURPIN,06/21/2006,1727,Tornado, ,F0,0,0,0,0,OK,CST, ,1214181,C,7,AMA,0,0,TRAINED SPOTTER, ,.1,50,2,W,2,W,TURPIN,06/21/2006,1735,36.86667,-100.91667,36.86667,-100.91667,"Two landspout tornadoes on the ground at the same time based on pictures. The path length and path width were estimated. There were no damage or injuries reported. The tornadoes remained over open country.","Severe thunderstorms initiated along a surface trough and frontal boundary across the Oklahoma panhandle during the late afternoon hours. The severe thunderstorms produced large hail...damaging winds...and a few landspout tornadoes. One tornado just northeast of Adams caused considerable damage but no injuries were reported.",7
5517587,BEAVER CO.,TURPIN,06/21/2006,1727,Tornado, ,F0,0,0,0,0,OK,CST, ,1214181,C,7,AMA,0,0,TRAINED SPOTTER, ,.1,50,2,W,2,W,TURPIN,06/21/2006,1735,36.86667,-100.91667,36.86667,-100.91667,"Two landspout tornadoes on the ground at the same time based on pictures. The path length and path width were estimated. There were no damage or injuries reported. The tornadoes remained over open country.","Severe thunderstorms initiated along a surface trough and frontal boundary across the Oklahoma panhandle during the late afternoon hours. The severe thunderstorms produced large hail...damaging winds...and a few landspout tornadoes. One tornado just northeast of Adams caused considerable damage but no injuries were reported.",8
5517593,TEXAS CO.,ADAMS,06/21/2006,1746,Tornado, ,F1,0,0,700000,0,OK,CST, ,1214181,C,139,AMA,0,0,EMERGENCY MANAGER, ,2,300,1,NE,1,NE,ADAMS,06/21/2006,1756,36.76667,-101.06667,36.78333,-101.03333,"An official storm damage survey was made by the Texas County Emergency Manager. One hog barn was severely damaged and three homes sustained significant roof damage. Also...two barns and a pickup with a trailor hitched to the pickup were damaged.","Severe thunderstorms initiated along a surface trough and frontal boundary across the Oklahoma panhandle during the late afternoon hours. The severe thunderstorms produced large hail...damaging winds...and a few landspout tornadoes. One tornado just northeast of Adams caused considerable damage but no injuries were reported.",9
5517872,YUMA CO.,KIRK,06/21/2006,1746,Tornado, ,F0,0,0,0,0,CO,MST, ,1213533,C,125,GLD,0,0,NWS EMPLOYEE(OFF DUTY), ,.3,20,6,NE,6,NE,KIRK,06/21/2006,1748,39.68333,-102.51667,39.68333,-102.51667,"Tornado touched down in an open field. No damage was reported.","",10
5517651,SHERMAN CO.,LAUTZ,06/21/2006,1808,Tornado, ,F0,0,0,0,0,TX,CST, ,1214182,C,421,AMA,0,0,AMATEUR RADIO, ,.1,25,23,SE,23,SE,LAUTZ,06/21/2006,1810,36.2,-101.28333,36.2,-101.28333,"A small landspout tornado remained over open country. The path width and path length were estimated. No damage or injuries were reported.","Severe thunderstorms producing large hail...high winds...and several small landspout tornadoes during the late afternoon and into the evening hours initiated along a frontal boundary and surface trough across the Texas panhandle. No damage or injuries were reported.",11
5517652,HANSFORD CO.,GRUVER,06/21/2006,1810,Tornado, ,F0,0,0,0,0,TX,CST, ,1214182,C,195,AMA,0,0,LAW ENFORCEMENT, ,.2,50,7,W,7,W,GRUVER,06/21/2006,1820,35.1,-101.81667,35.1,-101.81667,"A landspout tornado remained over open country. The path length and path width were estimated. No damage or injuries were reported.","Severe thunderstorms producing large hail...high winds...and several small landspout tornadoes during the late afternoon and into the evening hours initiated along a frontal boundary and surface trough across the Texas panhandle. No damage or injuries were reported.",12
5505371,CHARLOTTE CO.,PORT CHARLOTTE,06/21/2006,1817,Tornado, ,F2,0,3,500000,0,FL,EST, ,1210180,C,15,TBW,0,0,NWS STORM SURVEY, ,3,70,2,NNW,2,NNW,PORT CHARLOTTE,06/21/2006,1837,26.98333,-82.11667,26.95,-82.13333,"A small but destructive tornado rapidly developed near the merger of the east and west coast sea breezes over Port Charlotte. The first touch down was just northeast of the Charlotte County Cultural Center. It then moved southwest for about three miles ending around the 4200 block of Rock Creek Drive. It caused damage in several locations along its path, most of which was rated as F0/F1 on the Fujita Scale. However, damage rated as F2 occurred on the 300 block of East Tarpon Boulevard NW. One home wa","",13
5505439,CHARLOTTE CO.,CHARLOTTE HARBOR,06/21/2006,1827,Tornado, ,F0,0,0,30000,0,FL,EST, ,1210187,C,15,TBW,0,0,NWS STORM SURVEY, ,.5,30,2,NE,2,NE,CHARLOTTE HARBOR,06/21/2006,1832,26.96667,-82.05,26.96667,-82.06667,"A weak waterspout moved onshore as a tornado in the Harbor View mobile home park along the Peace River.  Damage was limited to aluminum car ports and small sheds.","",14
5511318,TAZEWELL CO.,MORTON,06/22/2006,713,Tornado, ,F0,0,0,0,0,IL,CST, ,1212632,C,179,ILX,0,0,EMERGENCY MANAGER, ,.1,30,3,S,3,S,MORTON,06/22/2006,713,40.58333,-89.45,40.58333,-89.45,"The tornado briefly touched down in a field.  No damage was reported.","",15
5515002,AUDRAIN CO.,MEXICO,06/22/2006,1205,Tornado, ,F0,0,0,0,0,MO,CST, ,1213029,C,7,LSX,0,0,NWS STORM SURVEY, ,.1,40,6,NNW,6,NNW,MEXICO,06/22/2006,1206,39.26667,-91.95,39.26667,-91.95,"A severe storm with downburst winds, hail and several tornadoes moved through Audrain County. The first of four tornadoes in Audrain County briefly touched down 6.4 miles north northwest of Mexico, about three quarters of a mile west of Route 15 and just south of Highway T.  Several large trees were uprooted or snapped off along the tenth of mile damage path. Some of the branches caused minor damage to the roof and side of a home and a machine shed.  No injuries were reported.","",16
5515003,AUDRAIN CO.,MEXICO,06/22/2006,1207,Tornado, ,F1,0,0,0,0,MO,CST, ,1213029,C,7,LSX,0,0,NWS STORM SURVEY, ,1,50,6,NNW,6,NNW,MEXICO,06/22/2006,1209,39.25,-91.93333,39.26667,-91.9,"A severe storm with downburst winds, hail and several tornadoes moved through Audrain County. The second of four tornadoes in Audrain County briefly touched down 5.6 miles north northwest of Mexico, about half a mile east of Route 15.  A large machine shed was totally destroyed with debris from the shed displaced 300 yards to the east.  Numerous trees were blown down and a home sustained moderate roof damage.  The tornado traveled to the east for about a mile before lifting and dissipating.  No injuries were reported.","",17
5515004,AUDRAIN CO.,MEXICO,06/22/2006,1210,Tornado, ,F0,0,0,0,0,MO,CST, ,1213029,C,7,LSX,0,0,NWS STORM SURVEY, ,.3,50,6,N,6,N,MEXICO,06/22/2006,1211,39.26667,-91.9,39.26667,-91.9,"A severe storm with downburst winds, hail and several tornadoes moved through Audrain County. The third of four tornadoes in Audrain County briefly touched down 6.0 miles north of Mexico, about 1.2 miles east of Route 15.  A grain bin was destroyed and several large trees were topped along the quarter of a mile path.  No injuries were reported.","",18
5515005,AUDRAIN CO.,LADDONIA,06/22/2006,1225,Tornado, ,F0,0,0,0,0,MO,CST, ,1213029,C,7,LSX,0,0,NWS STORM SURVEY, ,3.5,50,1,NE,1,NE,LADDONIA,06/22/2006,1230,39.26667,-91.63333,39.26667,-91.58333,"A severe storm with downburst winds, hail and several tornadoes moved through Audrain County. The last of four tornadoes in Audrain County touched down 1 mile northeast of Laddonia, in an open field.  As it traveled to the northeast it moved into the southwest portions of Farber.  It blew down several large trees and numerous tree limbs in town.  One tree severely damaged the roof of a home in Farber.  The tornado lifted and dissipated about six tenths of a mile northeast of Farber, near U.S. Route 54.   No injuries were reported.","",19
5516866,DOUGLAS CO.,FRANKTOWN,06/22/2006,1230,Tornado, ,F0,0,0,0,0,CO,MST, ,1214338,C,35,BOU,0,0,EMERGENCY MANAGER, ,.1,50,10,SSE,10,SSE,FRANKTOWN,06/22/2006,1230,39.25,-104.68333,39.25,-104.68333,"A small tornado touched down but did no damage.","",20
5516867,ELBERT CO.,ELBERT,06/22/2006,1232,Tornado, ,F1,0,0,0,0,CO,MST, ,1214338,C,39,BOU,0,0,TRAINED SPOTTER, ,.1,100,5,SW,5,SW,ELBERT,06/22/2006,1246,39.16667,-104.6,39.16667,-104.6,"A tornado touched down a damaged a house under construction.  A large tree was also snapped which damaged another house.","",21
5515062,PIKE CO.,ASHLEY,06/22/2006,1315,Tornado, ,F0,0,0,0,0,MO,CST, ,1213030,C,163,LSX,0,0,NWS STORM SURVEY, ,.3,50, , , , ,ASHLEY,06/22/2006,1316,39.25,-91.23333,39.25,-91.23333,"A tornado briefly touched down in the small town of Ashley.  It blew down several trees and large tree limbs.  The community center sustained minor shingle damage and an old machine shed on the west side of town had minor damage.  No injuries were reported.","",22
5515565,VAN WERT CO.,WILLSHIRE,06/22/2006,1338,Tornado, ,F0,0,0,20000,0,OH,EST, ,1213131,C,161,IWX,0,0,NWS STORM SURVEY, ,.1,25,2,E,2,E,WILLSHIRE,06/22/2006,1339,40.75,-84.78333,40.75,-84.78333,"Very brief touchdown near the intersection of Harrison Willshire Rd. and state route 81. Several storage sheds, silos, grain elevators, and trees sustained damage.","",23
5515566,VAN WERT CO.,WILLSHIRE,06/22/2006,1343,Tornado, ,F1,0,0,15000,0,OH,EST, ,1213131,C,161,IWX,0,0,NWS STORM SURVEY, ,.1,25,5,E,5,E,WILLSHIRE,06/22/2006,1344,40.75,-84.71667,40.75,-84.71667,"Brief touchdown near the intersection of state route 81 and Glenmore Rd. A garage sustained significant structural damage. Total path length was about 100 yards.","",24
5516869,ELBERT CO.,ELBERT,06/22/2006,1345,Tornado, ,F0,0,0,0,0,CO,MST, ,1214338,C,39,BOU,0,0,TRAINED SPOTTER, ,.1,50,3,SW,3,SW,ELBERT,06/22/2006,1345,39.18333,-104.56667,39.18333,-104.56667,"A small tornado touched down but did no damage.","",25
5515567,VAN WERT CO.,VENEDOCIA,06/22/2006,1358,Tornado, ,F0,0,0,10000,0,OH,EST, ,1213131,C,161,IWX,0,0,NWS STORM SURVEY, ,.1,25,2,NE,2,NE,VENEDOCIA,06/22/2006,1359,40.8,-84.41667,40.8,-84.41667,"Very brief touchdown near the intersection of Converse Rd. and Landeck Rd. A well built shed was destroyed in this area.","",26
5514526,MERCER CO.,ROCKFORD,06/22/2006,1400,Tornado, ,F0,0,0,20000,0,OH,EST, ,1213170,C,107,ILN,0,0,NWS STORM SURVEY, ,.2,30,3,E,3,E,ROCKFORD,06/22/2006,1403,40.13333,-83.76667,40.13333,-83.76667,"A small tornado briefly touched down near the intersection of US Route 127 and Shelley Road.  A barn was destroyed and a few trees were knocked down.","",27
5515568,ALLEN CO.,BEAVERDAM,06/22/2006,1418,Tornado, ,F1,0,0,20000,5000,OH,EST, ,1213131,C,3,IWX,0,0,NWS STORM SURVEY, ,.1,50,3,E,3,E,BEAVERDAM,06/22/2006,1419,40.83333,-83.91667,40.83333,-83.91667,"Brief touchdown near the intersection of U.S. route 30 and Pevee Rd. The roof of one home was destroyed, with another home sustaining significant roof damage. The tornado also resulted in crop damage in the area.","",28
5516865,ELBERT CO.,KUTCH,06/22/2006,1420,Tornado, ,F0,0,0,0,0,CO,MST, ,1214338,C,39,BOU,0,0,BROADCAST MEDIA, ,.1,50,3,E,3,E,KUTCH,06/22/2006,1420,38.9,-103.81667,38.9,-103.81667,"A small tornado touched down but did no damage.","",29
5514527,AUGLAIZE CO.,WAPAKONETA,06/22/2006,1430,Tornado, ,F0,0,0,10000,0,OH,EST, ,1213170,C,11,ILN,0,0,NWS STORM SURVEY, ,.1,20, , , , ,WAPAKONETA,06/22/2006,1433,40.36667,-83.76667,40.36667,-83.76667,"A weak tornado touched down near the intersection of US Route 33 and Interstate 75.  Several homes sustained roof damage from the tornado.","",30
5518346,PROWERS CO.,LAMAR,06/22/2006,1628,Tornado, ,F0,0,0,0,0,CO,MST, ,1214000,C,99,PUB,0,0,TRAINED SPOTTER, ,1,100,16,S,16,S,LAMAR,06/22/2006,1633,37.85,-102.61667,37.86667,-102.61667,"A brief tornado caused no known damage.","",31
5518953,HOLMES CO.,MT HOPE,06/22/2006,1630,Tornado, ,F2,0,0,750000,0,OH,EST, ,1213966,C,75,CLE,0,0,NWS STORM SURVEY, ,6,100, , , , ,MT HOPE,06/22/2006,1640,40.61667,-81.78333,40.61667,-81.7,"During the late afternoon hours of June 22nd, a severe thunderstorm moved across eastern Holmes County and produced a tornado.  This tornado touched down at 5:30 pm just west of Mt Hope and tracked east through Winesburg and then exited the county.  The tornado had a damage path in Holmes County roughly six miles in length and 50 to 100 yards in width.  The majority of the damage was classified as F1, but there were several areas of F2 damage evident.  Along the path, numerous structures were damaged and hundreds of trees toppled or snapped.  A barn was heavily damaged near where the tornado first touched down.  Two houses nearby sustained siding and roof damage.  A home on State Route 241 just outside of Mt. Hope was destroyed and several buildings at a factory in Mt. Hope sustained major damage.  Metal roofs were torn off of these factory buildings with debris found as far as a mile away.  Wooden beams from the buildings were thrown and pierced metal garage doors.  Empty box trailers were overturned and one box trailer was even torn from its frame.  The tornado continued east from Mt Hope and damaged several more homes on it's way to Winesburg.  One house had it's second floor torn off.  A second factory near Winesburg lost large sections of roof.  In Winesburg, a few homes sustained roof damage.   The tornado continued into Tuscarawas County and caused damage there.  Later, the same parent thunderstorm produced another tornado west of Waynesburg in southeastern Stark County.","",32
5518952,STARK CO.,BREWSTER,06/22/2006,1645,Tornado, ,F1,0,0,1500000,0,OH,EST, ,1213966,C,151,CLE,0,0,NWS STORM SURVEY, ,4,75,1,W,1,W,BREWSTER,06/22/2006,1655,40.71667,-81.6,40.71667,-81.51667,"A F1 tornado touched down just west of Brewster at 5:45 p.m. on June 22nd.  This tornado tracked to the east northeast and finally lifted near Navarre.  This tornado had a damage path roughly four miles in length and 50 to 75 yards in width.  Extensive damage was done in Brewster, especially on the west side of the town.  Five houses, two garages and one car were destroyed on West 4th Street with other homes elsewhere in Brewster sustaining lesser damages.   Twelve mobile homes were also destroyed or damaged enough to be declared uninhabitable in Brewster.  A local utility company had roughly $300,000 in damage and repair costs.  The tornado continued to Navarre and finally lifted after damaging a few more homes and buildings.  It was estimated that over a thousand trees were downed along the damage path with 400 reported down in Brewster and another 300 down in Navarre.  Some of this damage may have been caused by straight line winds associated with the parent thunderstorm.  Most of the structural damage along the path was caused by toppled trees.  The City of Brewster alone spent $450,000 for clean up costs and repairs to city property.","",33
5533843,TUSCARAWAS CO.,STRASBURG,06/22/2006,1647,Tornado, ,F1,0,0,50000,0,OH,EST, ,1221738,C,157,PBZ,0,0,NWS STORM SURVEY, ,3,50,2,NW,2,NW,STRASBURG,06/22/2006,1652,40.61667,-81.55,40.63333,-81.51667,"An NWS storm survey found a tornado producing weak F1 damage to trees and out buildings touched down about 2 miles northwest of Strousberg and lifted 2 miles north of Strousberg. The tornado was on the ground for about 3 miles with a width of around 50 yards. This tornado was produced by the same severe thunderstorm that produced tornadoes in both Holmes and Stark counties in Ohio. (See StormData for Northeast Ohio)","",34
5518429,STARK CO.,EAST SPARTA,06/22/2006,1658,Tornado, ,F1,0,0,500000,0,OH,EST, ,1213966,C,151,CLE,0,0,NWS STORM SURVEY, ,3.5,50,2,E,2,E,EAST SPARTA,06/22/2006,1705,41.33333,-83.3,41.33333,-83.3,"The same parent thunderstorm that produced a tornado in northeastern Holmes County spawned a second tornado in southeastern Stark County.  A F1 tornado touched down east of East Sparta around 5:58 pm.  This tornado moved east into Waynesburg where it followed Lisbon Street through the center of town and then lifted.  The tornado had a damage path roughly three and a half miles long and no more than 50 yards in width.  Hundreds of trees were downed along the damage path.  Many of these trees were in Waynesburg where the top floor of a three story building in the downtown area was tore off.  A second building on Mill Street also sustained significant damage.  Other buildings on the east side of the city also sustained some damage.  Twenty two utility poles were snapped in the Waynesburg area as well.  Straight line winds associated with the parent thunderstorms may have contributed to this  damage.","",35
5520687,SEWARD CO.,LIBERAL,06/22/2006,1900,Tornado, ,F0,0,0,0,0,KS,CST, ,1214851,C,175,DDC,0,0,EMERGENCY MANAGER, ,.3,20,14,N,14,N,LIBERAL,06/22/2006,1901,37.23333,-100.93333,37.23333,-100.93333,"A brief tornado touched down and dissipated quickly.  No damage was observed.","",36
5520689,STAFFORD CO.,MACKSVILLE,06/22/2006,1904,Tornado, ,F0,0,0,0,0,KS,CST, ,1214851,C,185,DDC,0,0,GENERAL PUBLIC, ,.3,20,2,S,2,S,MACKSVILLE,06/22/2006,1905,37.93333,-98.96667,37.93333,-98.96667,"A brief tornado touched down without doing any damage.","",37
5511668,LA MOURE CO.,EDGELEY,06/23/2006,1147,Tornado, ,F0,0,0,0,0,ND,CST, ,1212209,C,45,BIS,0,0,LAW ENFORCEMENT, ,3,70,2,N,2,N,EDGELEY,06/23/2006,1202,46.4,-98.7,46.4,-98.63333,"Lamoure County Sheriff and North Dakota Highway Patrol Trooper witnessed and tracked the tornado. No structures were impacted and no damage occurred. The tornado completely lifted back into the parent thunderstorm. A second tornado formed from the same thunderstorm. See Tornado entry for Lamoure County 1205 to 1210 06/23/06.","",38
5511669,LA MOURE CO.,EDGELEY,06/23/2006,1205,Tornado, ,F0,0,0,0,0,ND,CST, ,1212210,C,45,BIS,0,0,TRAINED SPOTTER, ,1,40,5,NE,5,NE,EDGELEY,06/23/2006,1210,46.41667,-98.63333,46.43333,-98.61667,"Trained spotters witnessed this tornado. No structures were impacted and no damage occurred. See Tornado entry for Lamoure County 1147 to 1202 06/23/06.","",39
5511751,ROLETTE CO.,ROLLA,06/23/2006,1252,Tornado, ,F0,0,0,0,0,ND,CST, ,1212213,C,79,BIS,0,0,LAW ENFORCEMENT, ,4,25,1,S,1,S,ROLLA,06/23/2006,1305,48.83333,-99.6,48.85,-99.51667,"Tornado tracked by Rolette County Sheriff. No structures impacted and no damage. Tornado crossed from Rolette County (NWS Bismarck) into Towner County (NWS Grand Forks). See Tornado entry for Towner County 1305 to 1310 06/23/06 from National Weather Service Grand Forks, North Dakota.","",40
5513650,TOWNER CO.,ROCKLAKE,06/23/2006,1305,Tornado, ,F0,0,0,0,0,ND,CST, ,1213385,C,95,FGF,0,0,GENERAL PUBLIC, ,2,25,14,WNW,14,WNW,ROCKLAKE,06/23/2006,1310,48.86667,-99.51667,48.85,-99.48333,"This tornado originated in Rollette County.","",41
5513651,TOWNER CO.,ROCKLAKE,06/23/2006,1314,Tornado, ,F0,0,0,0,0,ND,CST, ,1213385,C,95,FGF,0,0,TRAINED SPOTTER, ,.5,25,4,W,4,W,ROCKLAKE,06/23/2006,1316,48.78333,-99.31667,48.78333,-99.31667,"A long and slender tornado briefly touched down in an open field.","",42
5518316,SIOUX CO.,AGATE,06/23/2006,1805,Tornado, ,F0,0,0,0,0,NE,MST, ,1213865,C,165,CYS,0,0,STORM CHASER, ,.1,30,7,NE,7,NE,AGATE,06/23/2006,1807,42.48333,-103.68333,42.48333,-103.68333,"Visible funnel observed from cloud base to about 1/2 way to ground.  Dust swirl noted on ground for 2 to 3 minutes.","",43
5505372,POLK CO.,LAKELAND,06/24/2006,1413,Tornado, ,F0,0,0,0,0,FL,EST, ,1210181,C,105,TBW,0,0,EMERGENCY MANAGER, ,.3,40,5,SW,5,SW,LAKELAND,06/24/2006,1422,27.98333,-82,27.98333,-82.01667,"An emergency management official reported a tornado touchdown in a large wooded area near the Polk County Parkway and US Highway 98.","",44
5518071,CALUMET CO.,SHERWOOD,06/24/2006,1614,Tornado, ,F0,0,0,0,0,WI,CST, ,1213550,C,15,GRB,0,0,EMERGENCY MANAGER, ,.1,10,4,W,4,W,SHERWOOD,06/24/2006,1615,44.18333,-88.35,44.18333,-88.35,"","Thunderstorms became severe across central and east central Wisconsin from early afternoon to early in the evening ahead of a front that lifted north into the area.  Penny to nickel size hail fell throughout Marathon county.  In Wausau (Marathon co.), penny size hail covered the ground and heavy rain caused some street flooding.  High winds downed trees 10 miles north of Stevens Point (Portage co.), a funnel cloud was spotted at Custer (Portage co.).  A waterspout touched down, and remained nearly stationary, for about a minute in eastern Lake Winnebago (Calumet co.).  A tree that was struck by lightning downed power lines in Scandinavia (Waupaca co.).",45
5513723,NORMAN CO.,TWIN VLY,06/24/2006,1627,Tornado, ,F0,0,0,0,0,MN,CST, ,1213387,C,107,FGF,0,0,TRAINED SPOTTER, ,.1,25,4,NE,4,NE,TWIN VLY,06/24/2006,1627,47.3,-96.2,47.3,-96.2,"A tornado briefly touched down in an open field south of highway 200.","",46
5516849,DEWEY CO.,LA PLANT,06/24/2006,1647,Tornado, ,F0,0,0,0,0,SD,CST, ,1214127,C,41,ABR,0,0,GENERAL PUBLIC, ,.5,10,15,ESE,15,ESE,LA PLANT,06/24/2006,1648,45.05,-100.38333,45.05,-100.36667,"A weak tornado touched down briefly in an open field and caused no damage.","",47
5516850,POTTER CO.,GETTYSBURG,06/24/2006,1710,Tornado, ,F0,0,0,0,0,SD,CST, ,1214128,C,107,ABR,0,0,LAW ENFORCEMENT, ,1,10,3,WSW,3,WSW,GETTYSBURG,06/24/2006,1712,45,-100,45,-99.98333,"A weak tornado touched down briefly southwest of Gettysburg in an open area causing no damage.","",48
5516851,SULLY CO.,ONIDA,06/24/2006,1735,Tornado, ,F0,0,0,0,0,SD,CST, ,1214129,C,119,ABR,0,0,LAW ENFORCEMENT, ,.5,10,15,ENE,15,ENE,ONIDA,06/24/2006,1736,44.78333,-99.78333,44.78333,-99.76667,"A weak tornado touched down briefly in an open area causing no damage.","",49
5516948,HAND CO.,MILLER,06/24/2006,1835,Tornado, ,F0,0,0,0,0,SD,CST, ,1214132,C,59,ABR,0,0,LAW ENFORCEMENT, ,.5,10,6,SW,6,SW,MILLER,06/24/2006,1838,44.45,-99.06667,44.45,-99.08333,"A weak tornado touched downed southwest of Miller in an open field causing no damage.","",50
5513973,TIPPECANOE CO.,ODELL,06/25/2006,1410,Tornado, ,F0,0,0,3000,2000,IN,EST, ,1213150,C,157,IND,0,0,GENERAL PUBLIC, ,.2,75,3,S,3,S,ODELL,06/25/2006,1417,40.25,-87.06667,40.25,-87.05,"A slow-moving landspout tornado touched down near Odell on 25 June 2006.  The photogenic tornado was observed by several members of the general public, media spotters, and the county emergency manager.","A weak landspout touched down near Odell on 26 June 2006.  This was the only severe weather event of the afternoon.",51
5517175,DALLAM CO.,DALHART,06/25/2006,1648,Tornado, ,F0,0,0,0,0,TX,CST, ,1214170,C,111,AMA,0,0,LAW ENFORCEMENT, ,.1,25,9,W,9,W,DALHART,06/25/2006,1648,36.06667,-102.68333,36.06667,-102.68333,"The small tornado was on the ground for less than a minute and remained over open country. No damage and no injuries were reported. The path length and path width were estimated.","A severe thunderstorm over the northwest Texas panhandle during the early evening hours produced a brief landspout tornado.",52
5521903,DUTCHESS CO.,LA GRANGE,06/25/2006,1815,Tornado, ,F1,0,0,0,0,NY,EST, ,1215343,C,27,ALY,0,0,EMERGENCY MANAGER, ,.5,150, , , , ,LA GRANGE,06/25/2006,1835,41.66667,-73.76667,41.66667,-73.76667,"An Emergency Manager reported that a tornado occurred at Lagrangeville.  The tornado was on the ground between 15 and 30 seconds traveling half a mile and cutting a path 150 yards wide.","On June 24, a weak wave of low pressure had moved northeastward through New England. In its wake, it left a stationary front boundary along the New England coast. The air mass over southeastern New York State was moist and fairly unstable and there was considerable environmental wind shear over the region. On the evening of June 25, a supercell thunderstorm formed in Dutchess County. This thunderstorm briefly produced an F1 tornado, which was on the ground 15 to 30 seconds cutting a path a half mile long and 150 yards wide in the vicinity of Lagrangeville..",53
5518353,ALAMOSA CO.,ALAMOSA,06/26/2006,1412,Tornado, ,F0,0,0,0,0,CO,MST, ,1214002,C,3,PUB,0,0,TRAINED SPOTTER, ,2,100,10,SE,10,SE,ALAMOSA,06/26/2006,1420,37.36667,-105.75,37.35,-105.73333,"Tornado caused no known damage over open country.  This tornado moved from Alamosa County to Costilla County.","",54
5518354,COSTILLA CO.,FT GARLAND,06/26/2006,1420,Tornado, ,F0,0,0,0,0,CO,MST, ,1214002,C,23,PUB,0,0,TRAINED SPOTTER, ,3,100,17,SW,17,SW,FT GARLAND,06/26/2006,1442,37.26667,-105.65,37.16667,-105.56667,"Tornado caused no known damage over open country.","",55
5513832,OTTER TAIL CO.,AMOR,06/26/2006,1903,Tornado, ,F0,0,0,0,0,MN,CST, ,1213389,C,111,FGF,0,0,LAW ENFORCEMENT, ,.5,25,4,NE,4,NE,AMOR,06/26/2006,1905,46.45,-95.66667,46.45,-95.66667,"A weak tornado touched down on Dead Lake and tracked southward for about one-half of a mile.  The tornado moved onto the lake shore north of Basswood and northeast of Amor.","",56
5518715,MONROE CO.,ESTRAL BEACH,06/27/2006,1434,Tornado, ,F0,0,0,50000,0,MI,EST, ,1213908,C,115,DTX,0,0,NWS STORM SURVEY, ,.2,10,2,NW,2,NW,ESTRAL BEACH,06/27/2006,1435,42,-83.25,42,-83.25,"A very thin tornado briefly touched down just west of Chinavere Road and just north of Dixie Highway in Berlin Township at 1434 EST on Tuesday, June 27th. The tornado tracked southeast and lifted as it moved across Dixie Highway. The Tornado was rated an F0 anticyclonic tornado with winds up to 65 MPH. The tornado was on the ground for less than a minute but long enough to blow over a loaded tractor-trailer rig weighing 45,000 pounds parked next to a home. Only minor structural damage occurred to the home. The tornado created crop-circle like patterns in a neighboring wheat field. No injuries or deaths were reported. Property damages included the loss of the truck, confirmed at $50K. The same storm cell produced a waterspout over Lake Erie just moments later.","",57
5515329,ST. MARY'S CO.,CHAPTICO,06/27/2006,1655,Tornado, ,F0,0,0,1000000,0,MD,EST, ,1212984,C,37,LWX,0,0,NEWSPAPER, ,3,50, , , , ,CHAPTICO,06/27/2006,1700,38.36667,-76.78333,38.36667,-76.83333,"A waterspout came onshore from the Chesapeake Bay near Chaptico as a tornado, and caused structural damage to several properties in addition to extensive tree damage. The storm destroyed six barns and a carport at two farms along Hurry Road, and also destroyed a barn off Beavan Lane. Several homes and commercial buildings were also damaged. Since an official damage survey was not conducted, the path length, width and F scale rating were estimated based on reports from Emergency Management and newspapers.","",58
5517430,ERIE CO.,CHEEKTOWAGA,06/30/2006,1355,Tornado, ,F1,0,2,250000,0,NY,EST, ,1214410,C,29,BUF,0,0,AMATEUR RADIO, ,3,75, , , , ,CHEEKTOWAGA,06/30/2006,1405,42.91667,-78.76667,42.91667,-78.76667,"","Thunderstorms developed during the afternoon hours as an upper level trough crossed the region. The storms produced hail up to one inch in diameter. Hail reports spanned from Wheatfield across Cheektowaga, Lancaster, Hamburg and Colden to Varysburg. One thunderstorm spawned a tornado which moved across the Town of Cheektowaga. The tornado initially touched down around 2:55 p.m. on Walden Avenue near Harlem Road and traveled from the northwest to the southeast through the town. On Walden Avenue, a construction trailer was moved several hundred feet. The worker in the trailer suffered minor injuries. As the tornado moved across the New York State Thruway, it lifted a tractor trailer and deposited on its side across the Jersey barrier. The driver of the truck suffered a broken leg. The tornado continued on its southeast trek damaging a 20 by 30 foot section of a wall on a warehouse and then downed trees as it crossed through central Cheektowaga. The tornado touched down several times along its path. Its final touchdown was at the Parkside Village Mobile Home Park around 3:05 p.m. where three mobile homes sustained significant damage and eight others sustained minor damage. The tornado was ranked an F1 with a path length of three miles and a width of 75 yards.",59
5511631,CARTERET CO.,SEALEVEL,07/01/2006,1130,Tornado, ,F0,0,0,0,0,NC,EST, ,1212640,C,31,MHX,0,0,LAW ENFORCEMENT, ,.1,25, , , , ,SEALEVEL,07/01/2006,1131,34.86667,-76.38333,34.86667,-76.38333,"Waterspout moved onshore near the Sea Level Fire Department.","",60
5519579,FOND DU LAC CO.,ALTO,07/03/2006,1228,Tornado, ,F0,0,0,0,0,WI,CST, ,1215737,C,39,MKX,0,0,EMERGENCY MANAGER, ,.1,10,1,W,1,W,ALTO,07/03/2006,1228,43.68333,-88.8,43.68333,-88.8,"A very brief tornado spun up 0.7 miles west of Alto and tracked a tenth of a mile before dissipating.  No damage was reported from this F0 tornado.  This tornado was most likely of the landspout variety and the result of vertical stretching of a low-level circulation into the updraft of a towering cumulus cloud that formed on a weak atmospheric boundary that was moving south through Fond du Lac County.  No precipitation was observed on the WSR-88D Doppler radar, and only very weak rotation was noted on only one volume scan with a +6 kt/-6 kt speed differential in the 0.5 degree scan.","",61
5520742,CONVERSE CO.,DOUGLAS,07/03/2006,1634,Tornado, ,F0,0,0,0,0,WY,MST, ,1215139,C,9,CYS,0,0,AIRPLANE PILOT, ,.1,20,20,W,20,W,DOUGLAS,07/03/2006,1634,42.75,-105.76667,42.75,-105.76667,"Brief tornado reported by airplane pilot.","",62
5527297,SAN PATRICIO CO.,SINTON,07/04/2006,1445,Tornado, ,F0,0,0,0,0,TX,CST, ,1217745,C,409,CRP,0,0,LAW ENFORCEMENT, ,.5,30,7,NW,7,NW,SINTON,07/04/2006,1445,28.1,-97.6,28.1,-97.6,"Tornado was brief and remained over open county, between CR 28 and FM 188.","",63
5526409,PORTAGE CO.,DEERFIELD,07/04/2006,1530,Tornado, ,F0,0,0,25000,0,OH,EST, ,1217766,C,133,CLE,0,0,LAW ENFORCEMENT, ,1.5,25,2,W,1,W,DEERFIELD,07/04/2006,1535,41.02,-81.08333,41.02,-81.06667,"During the late afternoon hours of July 4th, an F0 tornado touched down just west of Deerfield in Portage County.  The path of the tornado was mainly through open fields, but a barn along the path sustained major structural damage.  One wall of the barn was completely blown in, and about half of the roof was torn off.  The barn had a slate roof, and many pieces of slate pierced the ground in the vicinity of the barn.  Numerous other beams and boards from the barn were observed sticking from the ground.  The tornado then continued through an open field before dissipating.  No additional structural or crop damage was observed.","",64
5524987,ARAPAHOE CO.,BYERS,07/04/2006,1855,Tornado, ,F0,0,0,0,0,CO,MST, ,1217888,C,5,BOU,0,0,TRAINED SPOTTER, ,.1,50,3,NE,3,NE,BYERS,07/04/2006,1855,39.75,-104.18333,39.75,-104.18333,"A small tornado touched down but did no damage.","",65
5526410,PORTAGE CO.,HIRAM,07/04/2006,1915,Tornado, ,F0,0,0,0,0,OH,EST, ,1217766,C,133,CLE,0,0,TRAINED SPOTTER, ,1.5,25,3,W,3,W,HIRAM,07/04/2006,1925,41.31667,-81.2,41.31667,-81.18333,"During the evening hours of July 4th, a F0 tornado touched down in Portage County.  This tornado touched down about three miles west of Hiram, and tracked mainly through an open field causing no damage to structures or crops.  Spotter reports indicated that the tornado lifted just to the west of Hiram which was confirmed by evidence found by a damage survey team.","",66
5524989,ELBERT CO.,KIOWA,07/04/2006,1921,Tornado, ,F0,0,0,0,0,CO,MST, ,1217888,C,39,BOU,0,0,TRAINED SPOTTER, ,.1,50,17,NW,17,NW,KIOWA,07/04/2006,1921,39.51667,-104.7,39.51667,-104.7,"A small tornado touched down but did no damage.","",67
5522186,SOMERSET CO.,MARION,07/05/2006,1500,Tornado, ,F0,0,0,3000,0,MD,EST, ,1217237,C,39,AKQ,0,0,GENERAL PUBLIC, ,.3,25, , , , ,MARION,07/05/2006,1502,38.03333,-75.78333,38.03333,-75.78333,"F0 tornado damaged trees and tossed around lawn furniture.","",68
5519503,LAKE CO.,PAISLEY,07/06/2006,1300,Tornado, ,F0,0,0,70000,0,FL,EST, ,1215734,C,69,MLB,0,0,BROADCAST MEDIA, ,2,40,6,E,6,E,PAISLEY,07/06/2006,1300,28.98,-81.43333,28.98,-81.43333,"A waterspout touched down in the St. Johns River along Highway 44 east of Paisley. It quickly made landfall near a marina on the Lake County side of the river. It destroyed a pontoon boat and severly damaged eight others.","",69
5523459,CHAMBERS CO.,SEA BREEZE,07/08/2006,925,Tornado, ,F0,0,0,0,0,TX,CST, ,1216459,C,71,HGX,0,0,LAW ENFORCEMENT, ,.2,30,6,S,6,S,SEA BREEZE,07/08/2006,925,29.63333,-94.38333,29.63333,-94.38333,"Tornado caused no damage near the Intracoastal Bridge on Highway 124 near the Chambers-Galveston county line.","",70
5522085,ALAMOSA CO.,ALAMOSA,07/09/2006,1135,Tornado, ,F0,0,0,0,0,CO,MST, ,1216988,C,3,PUB,0,0,TRAINED SPOTTER, ,.5,50,10,SW,10,SW,ALAMOSA,07/09/2006,1138,37.36667,-106.01667,37.36667,-106.01667,"A weak, short-lived tornado caused no known damage.","",71
5522152,PUEBLO CO.,PUEBLO WEST,07/09/2006,1531,Tornado, ,F1,0,0,100000,0,CO,MST, ,1216988,C,101,PUB,0,0,TRAINED SPOTTER, ,2,75, , , , ,PUEBLO WEST,07/09/2006,1535,38.33333,-104.75,38.33333,-104.75,"A non-supercell thunderstorm developed when two boundaries collided, which subsequently formed a short-lived tornado. The track of the tornado extended from The National Horsemans Arena near McCulloch Blvd. to Purcell Blvd. near a large grocery store.  On the F-scale, the tornado was rated F1 at its maximum strength.  The tornado cut a path, ranging from 50 feet to 200 feet wide, starting at The National Horsemans Arena.  After touching down just west of the Arena, It knocked down a section of fence and shattered windows in a structure at an arena just to the east of the fence.  The tornado moved on to the southern end of a campground, flipping over a trailer and ripping the sheet metal roofing off a building.  It moved east-southeastward across several businesses between Industrial Blvd. and U.S. Highway 50.  A lawn care business building had a large section of its eastern wall destroyed.  Several trailers, boats, and vehicles were moved by the high winds.  The weakening tornado struck a rather well anchored chain link fence just west of Purcell Blvd., damaging an 85 foot section of the fence.  It then crossed that property, slightly damaging the fence on the other side of the property, as it weakening further.","",72
5526872,WOODBURY CO.,BRONSON,07/09/2006,1652,Tornado, ,F0,0,0,5000,0,IA,CST, ,1217416,C,193,FSD,0,0,LAW ENFORCEMENT, ,1,100,1,SE,1,SE,BRONSON,07/09/2006,1654,42.4,-96.18333,42.4,-96.16667,"A brief tornado destroyed one outbuilding, damaged another outbuilding, and scattered fence posts.","",73
5526556,RICHLAND CO.,BUTLER,07/10/2006,1440,Tornado, ,F1,0,0,150000,0,OH,EST, ,1217769,C,139,CLE,0,0,NWS STORM SURVEY, ,2,40,4,NE,4,NE,BUTLER,07/10/2006,1445,40.61667,-82.36667,40.65,-82.33333,"A F1 tornado touched down southwest of Pleasant Hill Lake around 3:40 p.m.  The tornado tracked east along Pleasant Hill Road and into southwest Ashland County.  The tornado had a damage path approximately two miles long in Richland County.  This damage path was intermittent and no more than fifty yards in width.  A barn was leveled and a grain elevator was destroyed along Pleasant Hill Road.  Numerous trees were also down.","",74
5526557,ASHLAND CO.,PERRYSVILLE,07/10/2006,1445,Tornado, ,F1,0,0,150000,0,OH,EST, ,1217769,C,5,CLE,0,0,NWS STORM SURVEY, ,4,40,2,SW,2,SW,PERRYSVILLE,07/10/2006,1450,40.63333,-82.33333,40.63333,-82.26667,"A F1 tornado moved out of Richland County and into Ashland County south of Perrysville.  The tornado moved into Mohican State Forest and dissipated. The damage path was approximately four miles in length and no more than fifty yards in width.  The damage path was intermittent.  Little structural damage was observed along the damage path, but hundreds of tree were down.","",75
5521240,FRANKLIN CO.,WENDELL,07/11/2006,1335,Tornado, ,F2,0,0,200000,0,MA,EST, ,1215195,C,11,BOX,0,0,NWS STORM SURVEY, ,2.9,200, , , , ,WENDELL,07/11/2006,1340,42.55,-72.4,42.55,-72.4,"Brief F2 Touchdown in Wendell","Hot and humid air in place over southern New England set the stage for severe thunderstorms throughout the Bay State during the afternoon and early evening. Although storm damage was reported from the Connecticut Valley region to the Worcester Hills and Merrimack Valley, damage was especially severe in eastern Franklin County as well as Boston's North Shore.

Early in the afternoon, one cluster of thunderstorms formed in Franklin County and rapidly became severe, causing considerable damage in Montague and especially Wendell.

A damage survey conducted by the National Weather Service concluded the damage in Wendell was caused by a combination of straight-line wind damage and a tornado, which was rated as a strong F2 on the Fujita Scale with winds estimated near 155 mph.

Damage began around 230 pm EDT, about 200 yards west of Montague Road. Wind damage extended from Montague Road about 1.5 miles east to Wicket Pond in the Wendell State Forest. Large oak, maple, and pine trees were uprooted and snapped in this area. Some oaks over two feet in diameter were snapped about 10 to 15 feet from the ground. Damage from this microburst extended along a path of one and a half miles in length, and anywhere from 50 to 300 yards in width. Wind speeds were estimated near 90 mph.

Tornado damage first appeared on the northeast corner of Wicket Pond. An eyewitness reported seeing a six foot wave form on the pond. On the west side of the pond, many trees were snapped 15 to 20 feet above the ground, with debris left in a chaotic pattern.

The next area of damage was on Wicket Pond Road, which is where the most severe damage occurred. Trees as large as 3 feet in diameter were uprooted. Bark was stripped off trees and a house had part of its roof torn off. The tornado tracked to the east along Wicket Pond Road, passing over Depot Road which is in Wendell Center. Part of a roof was torn off an old barn and many trees were uprooted.

After crossing Depot Road, the tornado continued to track to the east, passing north of Morse Village Road. A construction storage trailer was completely destroyed and its roof was wrapped around a tree. Trees were also uprooted or snapped in this area. Damage came to an end about one half mile east of New Salem Road.

The path length of the tornado was approximately 3 miles. Its average width was 200 yards, varying from 100 to 300 yards.

A little more than one hour later, another cluster of severe thunderstorms brought significant damage to Cape Ann, in particular Marblehead Neck and the adjacent coastal waters. Initially, the storms produced hail as large as 3 inches in diameter - just larger than baseball size - which are considered to be the second largest hailstones reported in Massachusetts.

A National Weather Service storm survey concluded that multiple wet microbursts, or sudden outflow of damaging straight-line winds combined with torrential rainfall, impacted the area around Marblehead Neck between 357 pm and 430 pm EDT. The survey noted that westerly winds gusting as high as 90 mph occurred in an area centered from Marblehead Harbor across Corinthian Lane and Barker Lane, and then out to sea. The land damage path was short, primarily because the land is only about 700 feet wide in that area.

The main damage path was about 150 feet wide. It consisted of tree damage and minor structural damage, although substantial damage was noted to sailing vessels and at least one car. Damage was more sporadic near Manley Street, about 600 feet farther north, and also to the south and southwest on Foster Street, Harbor Avenue, and Ocean Avenue.

Interviews with eyewitnesses provide more detail as to how the storms affected the area. Between 340 pm and 345 pm EDT, winds shifted to the northeast and produced sea spray at the mouth of Marblehead Harbor. This was the result of earlier thunderstorms passing north of the area. Then, from 357 pm to 405 pm EDT, a white tempest developed over Marblehead Harbor on the neck side of the harbor, estimated by the Corinthian Yacht Club chair to be about 300 yards upstream from the dock. This curtain of water and high winds advanced toward the yacht club, lifting 30-foot vessels approximately 20 feet in the air and catapulting them end over end toward the dock. An anemometer on the dock was viewed to have reached 95 mph before it blew off its mast. 

Damage was less severe, but still significant, from the Connecticut Valley to the Worcester Hills and Merrimack Valley. There were many reports of downed trees, large branches, and hail up to the size of quarters from the Springfield area to Grafton, Westborough, and Framingham as well as farther northeast into Hardwick, Wilmington, and Boxford.

Torrential rainfall caused significant urban flooding, especially in Springfield, Oxford, Wakefield, and Beverly. In Salem, two cars on Pope Street were submerged by up to 3 feet of water when about 2 inches of rain fell in 20 minutes. Other cars were flooded in Salem and Lynn due to other roads being flooded, including a stretch of Route 129.

Lightning struck Athol Memorial Hospital, causing minor damage to the facility.",76
5524529,GREELEY CO.,TRIBUNE,07/11/2006,1406,Tornado, ,F0,0,0,0,0,KS,MST, ,1216270,C,71,GLD,0,0,GENERAL PUBLIC, ,.4,10,11,ENE,11,ENE,TRIBUNE,07/11/2006,1411,38.53333,-101.56667,38.53333,-101.56667,"Over open fields ... no known damage.","",77
5523564,WARREN CO.,CARLISLE,07/11/2006,1820,Tornado, ,F1,0,0,200000,0,OH,EST, ,1216203,C,165,ILN,0,0,NWS STORM SURVEY, ,4,50,3,SW,3,SW,CARLISLE,07/11/2006,1828,39.55,-84.35,39.56667,-84.33333,"A tornado touched down in Franklin Township and moved northeast near the city of Carlisle, ending near State Route 123.  Several homes and one business sustained minor damage.  Numerous trees were uprooted and knocked down along the path of the tornado.","",78
5523511,MONTGOMERY CO.,MIAMISBURG,07/11/2006,1842,Tornado, ,F1,0,0,75000,0,OH,EST, ,1216203,C,113,ILN,0,0,NWS STORM SURVEY, ,.8,50,2,E,2,E,MIAMISBURG,07/11/2006,1848,39.65,-84.25,39.65,-84.23333,"A tornado touched down near the Dayton Mall to the east of Miamisburg and was on the ground for just under a mile.  The tornado caused minor damage to a strip mall, a carpet business, a restaurant and a municipal bus outlet.  A few trees were downed along the track of the tornado as well.","",79
5523565,WARREN CO.,MAINEVILLE,07/11/2006,1849,Tornado, ,F0,0,0,10000,0,OH,EST, ,1216203,C,165,ILN,0,0,NWS STORM SURVEY, ,.3,25,4,E,4,E,MAINEVILLE,07/11/2006,1851,39.31667,-84.15,39.31667,-84.15,"A tornado briefly touched down near the intersection of Shamrock and Morrow-Cozzadale Roads.  A metal shed sustained some damage, along with several large tree limbs being knocked down.","",80
5523512,CLERMONT CO.,MILFORD,07/11/2006,1927,Tornado, ,F0,0,0,0,2000,OH,EST, ,1216203,C,25,ILN,0,0,NWS STORM SURVEY, ,.1,30,2,E,2,E,MILFORD,07/11/2006,1929,39.16667,-84.25,39.16667,-84.25,"A tornado briefly touched down in an open field to the east of Milford.","",81
5523559,CLERMONT CO.,GOSHEN,07/11/2006,1939,Tornado, ,F1,0,0,100000,0,OH,EST, ,1216203,C,25,ILN,0,0,NWS STORM SURVEY, ,1,350,2,SW,2,SW,GOSHEN,07/11/2006,1944,39.21667,-84.2,39.21667,-84.18333,"A tornado carved a path extending about a mile to the southwest of Goshen.  Significant damage occurred  near the intersection of State Routes 28 and 48.  Numerous healthy trees, some to three feet in diameter, were uprooted and fell in various directions along the tornado path.  In a nearby cemetery, tombstones were knocked down in different directions.  Several homes in the vicinity of the cemetery sustained structural damage to roofs.  The tornado produced F1 damage in this area.  Additional damage occurred just outside of Goshen.  A trailer was shifted a few inches off of its foundation along Deerfield Road.  Two businesses sustained minor damage near Phoenix Drive and Snider Road.  One of the businesses had a large door blown out with heavy inventory shifted inside the building.  The second building sustained roof damage with some shingles removed.  This damage just outside of Goshen was classified as F0.","",82
5523566,MADISON CO.,ROSEDALE,07/11/2006,1939,Tornado, ,F0,0,0,25000,0,OH,EST, ,1216203,C,97,ILN,0,0,NWS STORM SURVEY, ,1,20,1,E,1,E,ROSEDALE,07/11/2006,1944,40.08333,-83.43333,40.08333,-83.41667,"A tornado touched down east of Rosedale, causing extensive damage to a barn.  A nearby home sustained minor structural damage.  Numerous trees were uprooted and downed.","",83
5523560,CLINTON CO.,CLARKSVILLE,07/11/2006,1941,Tornado, ,F0,0,0,10000,0,OH,EST, ,1216203,C,27,ILN,0,0,NWS EMPLOYEE(OFF DUTY), ,5,50,1,N,1,N,CLARKSVILLE,07/11/2006,1953,39.41667,-83.98333,39.46667,-83.83333,"A tornado intermittently touched down over a five mile long path in western Clinton County.  Brief touchdowns took place near the intersection of US Route 22 and George Road, along US Route 22 a few miles west of Wilmington, the intersection of Hale and Nelson Roads, and the intersection of US Route 68 and Center Road.  Two billboards and several large trees were knocked over along US Route 22, with some minor structural damage to a home.","",84
5523561,CLINTON CO.,WILMINGTON,07/11/2006,2005,Tornado, ,F0,0,0,0,2000,OH,EST, ,1216203,C,27,ILN,0,0,GENERAL PUBLIC, ,.1,30,5,N,5,N,WILMINGTON,07/11/2006,2007,39.51667,-83.83333,39.51667,-83.83333,"A tornado briefly touched down in a field near the Interstate 71-US Route 68 interchange.","",85
5523562,CLINTON CO.,BLANCHESTER,07/11/2006,2034,Tornado, ,F0,0,0,0,10000,OH,EST, ,1216203,C,27,ILN,0,0,LAW ENFORCEMENT, ,.1,30,4,E,4,E,BLANCHESTER,07/11/2006,2036,39.28333,-83.91667,39.28333,-83.91667,"A tornado briefly touched down in a cornfield, causing some crop damage.","",86
5523563,CLINTON CO.,MARTINSVILLE,07/11/2006,2049,Tornado, ,F0,0,0,0,2000,OH,EST, ,1216203,C,27,ILN,0,0,NWS EMPLOYEE(OFF DUTY), ,.1,30, , , , ,MARTINSVILLE,07/11/2006,2051,39.31667,-83.81667,39.31667,-83.81667,"A tornado briefly touched down.","",87
5521598,MACON CO.,ARGENTA,07/12/2006,1332,Tornado, ,F0,0,0,0,0,IL,CST, ,1215097,C,115,ILX,0,0,EMERGENCY MANAGER, ,.1,10,6,S,6,S,ARGENTA,07/12/2006,1332,39.9,-88.81667,39.9,-88.81667,"A tornado briefly touched down.  No damage was reported.","",88
5526083,ROCKLAND CO.,GRAND VIEW ON HUDSON,07/12/2006,1430,Tornado, ,F1,0,0,0,0,NY,EST, ,1218235,C,87,OKX,0,0,NWS STORM SURVEY, ,.1,100, , , , ,GRAND VIEW ON HUDSON,07/12/2006,1431,41.06667,-73.93333,41.06667,-73.93333,"","
NOAA's National Weather Service confirmed that a tornado produced a damage track of about 13 miles in length that extended from Grandview On Hudson in Rockland County through central Westchester County and across North Greenwich in extreme southwest Fairfield County in Connecticut.  The track included about a 3 mile stretch across the Hudson River.

The maximum intensity of the tornado was rated as F2 on the Fujita Tornado Intensity Scale, although the majority of damage was rated as a strong F1.  High winds uprooted and snapped thousands of large trees along its' path and damaged structures.  Despite a path length of 10 miles and maximum path width of 300 yards, no fatalities occurred and only 6 people received minor injuries.

The tornado initially touched down as an F1 in Grandview On Hudson at approximately 3:30 pm EDT.  After damaging a dock on the Rockland County shoreline, the tornado moved across the Hudson River.  The tornado over turned a boat near the Tappen Zee Bridge then moved across the western shores of Westchester County over the town of Sleepy Hollow.",89
5526084,WESTCHESTER CO.,TARRYTOWN,07/12/2006,1437,Tornado, ,F2,0,6,10100000,0,NY,EST, ,1218236,C,119,OKX,0,0,NWS STORM SURVEY, ,8,300, , , , ,TARRYTOWN,07/12/2006,1501,41.06667,-73.86667,41.13333,-73.65,"","
A weak F1 tornado touched down in Grandview On Hudson in Rockland County at approximately 3:30 pm EDT.  After damaging a dock on the Rockland County shoreline, the tornado moved east to northeast, about 3 miles across the Hudson River.  The tornado over turned a boat near the Tappen Zee Bridge then moved across the western shores of Westchester County over the town of Sleepy Hollow around 3:37 pm EDT.  Houses and businesses along Beekman Avenue, Depeyster Street, and Chestnut Street in Sleepy Hollow experienced roof and siding damage associated with an F1 tornado intensity.  The tornado continued on an east to northeast track to the Sleepy Hollow High School.  A 58 mph wind gust was measured at 3:39 pm near the periphery of the tornado track.

As the tornado moved into the higher terrain of Pacantico Hills, the damage to trees and structures, which included the destruction of 2 small barns, indicated that the tornado intensified to an F2.  As the tornado crossed Route 9A, significant structural damage occurred to the California Closet Building.  In addition, a state trooper's vehicle was lifted briefly off the ground and a tractor trailer was blown over.  As the tornado moved into Mount Pleasant and Hawthorne, extensive tree damage rated as a strong F1 was observed in the vicinity of Stevens Avenue.  Minor structural damage and windows blown out were observed in the Summit Lake Industrial area.  The tornado then moved into the Kensico Reservoir region across Routes 22 and 120 in the North Castle area.  The path width was estimated at 200 to 300 yards based on the damage survey across Westchester County.",90
5526085,FAIRFIELD CO.,NORTH GREENWICH,07/12/2006,1501,Tornado, ,F1,0,0,2000000,0,CT,EST, ,1218237,C,1,OKX,0,0,NWS STORM SURVEY, ,2,100, , , , ,NORTH GREENWICH,07/12/2006,1503,41.1,-73.7,41.1,-73.68333,"","
A tornado moved east to northeast into the Kensico Reservoir Region of extreme eastern Westchester County; across Routes 22 and 120 in the North Castle area.

As the tornado entered extreme southwest Fairfield County at 4:01 pm EDT, F1 damage was observed in North Greenwich along Cutler and Bedford Roads, where thousands of large trees were uprooted and snapped off.  F0 damage was observed along Riversville Road as the tornado moved east.  The tornado apparently lifted as it crossed John Street.  A brief touch down may have occurred just north of the Merritt Parkway.  The maximum path width across this region was about 100 yards.",91
5527234,YAVAPAI CO.,BUMBLE BEE,07/16/2006,1820,Tornado, ,F0,0,0,0,0,AZ,MST, ,1217461,C,25,FGZ,0,0,TRAINED SPOTTER, ,.1,10, , , , ,BUMBLE BEE,07/16/2006,1820,34.2,-112.15,34.2,-112.15,"A tornado crossed I-17 about one mile north of Sunset Point Rest Area. This area is mostly grassland and there were no reports of damage.","",92
5521571,MANATEE CO.,MYAKKA CITY,07/17/2006,1436,Tornado, ,F0,0,0,0,0,FL,EST, ,1214946,C,81,TBW,0,0,LAW ENFORCEMENT, ,.3,40,7,SE,7,SE,MYAKKA CITY,07/17/2006,1436,27.28333,-82.08333,27.28333,-82.08333,"A small tornado briefly touched down in a field in a rural area near State Road 70 and the Manatee-DeSoto County line.","",93
5517706,TAMA CO.,TAMA,07/17/2006,1550,Tornado, ,F0,0,0,1000,2000,IA,CST, ,1214609,C,171,DMX,0,0,BROADCAST MEDIA, ,.2,30,2,W,2,W,TAMA,07/17/2006,1550,42.08333,-92.4,42.08333,-92.4,"Tornado touched down briefly in an open area.","A very unstable airmass was in place over Iowa during the afternoon of the 17th, though it was also quite capped.  The 700 mb temperature was in the 14 to 15 C. range, making it difficult for thunderstorm activity to initiate.  Plenty of moisture was available with CAPE values in the 6000 to 8000 J/kg range based on the surface, and near 5000 J/kg in the mixed layer.   Lifted indices fell to near -14 C. by the late afternoon as well.   With the exception of the surface, the lower levels were fairly dry.  The LCL was in excess of 2100 meters by late afternoon. There was plenty of potential for hail with -10 to -30 C layer CAPE in excess of 1000 J/kg, though the freezing level was in excess of 15,500 feet.  Low level lapse rates were in the 8 to 9 C. range in the zero to 3 km layer.  The shear environment was fairly favorable by late afternoon with 30 to 40 kts of effective shear.  A cold front moved southeast across the state during the afternoon.  Ahead of it, a hot and very moist airmass was in place.  Afternoon highs were in the mid 90s to around 100 with dew points in the mid to upper 70s.  Thunderstorms were not able to fire until the late afternoon hours and only over the far eastern part of the CWA.  Once the storms did form, the mode of severe weather was hail.  Hail of golf ball, upwards of 3 inch diameter fell in Black Hawk County at Waterloo.  The hail path began near the airport and then tracked southeast through downtown Waterloo, causing extensive damage.  Tama, Wapello, and Davis Counties were also hit with large hail.  Hail of nearly baseball size pelted the countryside south of Bloomfield.  One brief tornado touched down in Tama County near Tama.  It touched down in an open area just west of town and caused little damage.  During the afternoon  hours, temperatures in Des Moines reached 100 degrees for the first time since August of 2003.  An 83 year old woman was overcome by heat and found dead in her back yard around 1530 in the afternoon.",94
5527167,SCHUYLER CO.,LANCASTER,07/17/2006,1935,Tornado, ,F1,0,0,15000,0,MO,CST, ,1217592,C,197,EAX,0,0,EMERGENCY MANAGER, ,1.1,75,2,SSE,2,SSE,LANCASTER,07/17/2006,1938,40.48333,-92.5,40.48333,-92.5,"Tornado touched down along D highway 1.75 miles south-southeast of Lancaster at 1935 CST. A damage path was noted for 1.1 miles, and the storm damaged 3 farmsteads directly. The first farmstead had an outbuilding destroyed and windows blown out of the farmhouse. As the tornado moved south, two barns were destroyed at the second farmstead. Near Gray's Drive and Highway D, just southwest of the D and V Highway intersection, additional damage was noted to a third farmstead, with significant low-end F1 damage to outbuildings. Numerous trees and power lines were also downed along Highway D. Anecdotal observations suggest the tornado turned left before dissipating at 1938 CST, and then may have looped back north along Highway D to near the Highways D and V intersection, where minor damage was noted to a fourth homestead.","",95
5522940,SHANNON CO.,ROUND SPG,07/18/2006,1950,Tornado, ,F0,0,0,0,0,MO,CST, ,1217059,C,203,SGF,0,0,NWS STORM SURVEY, ,3,50,5,NE,5,NE,ROUND SPG,07/18/2006,1955,37.33333,-91.35,37.3,-91.38333,"A National Weather Service storm survey revealed that a small tornadointermittently impacted a forested area of northern Shannon County.  Numerous trees were damaged from the tornado.","",96
5523544,MACOUPIN CO.,BUNKER HILL,07/19/2006,1750,Tornado, ,F0,0,0,0,0,IL,CST, ,1216035,C,117,LSX,0,0,NWS STORM SURVEY, ,.2,20,2,N,2,N,BUNKER HILL,07/19/2006,1751,39.06667,-89.95,39.06667,-89.95,"A tornado briefly touched down in an open field north of Bunker Hill near the intersection of Illinois Routes 159 and 138.  No damage or injuries were reported.","",97
5523602,MADISON CO.,EDWARDSVILLE,07/19/2006,1825,Tornado, ,F0,0,0,0,0,IL,CST, ,1216050,C,119,LSX,0,0,LAW ENFORCEMENT, ,.2,20,2,S,2,S,EDWARDSVILLE,07/19/2006,1826,38.78333,-89.95,38.78333,-89.95,"A tornado briefly touched down in a open field south of Edwardsville near Illinois Route 159.  No damage or injuries were reported.","",98
5521576,PASCO CO.,LAND O LAKES,07/20/2006,1658,Tornado, ,F0,0,0,0,0,FL,EST, ,1214950,C,101,TBW,0,0,EMERGENCY MANAGER, ,.3,30,3,SSE,3,SSE,LAND O LAKES,07/20/2006,1658,28.2,-82.45,28.2,-82.45,"Emergency Management relayed a report from the public of a brief tornado touch down in an open field with no damage.","",99
5524191,MADISON CO.,TROY,07/21/2006,1037,Tornado, ,F0,0,0,0,0,IL,CST, ,1216148,C,119,LSX,0,0,NWS STORM SURVEY, ,4,50,3,SSE,3,SSE,TROY,07/21/2006,1041,38.7,-89.85,38.68333,-89.78333,"A tornado first formed south southeast of Troy about 200 yards south of the intersection of East Kirsch Road and Blackjack Road. A machine shed was totally destroyed at this location. The tornado moved rapidly east southeast to Highway 4 near Lilac Road. At this location a farm home sustained severe damage from a large fallen tree while two machine sheds sustained minor damage. Many trees were severed at the top along the tornado path.","",100
5524192,MADISON CO.,TROY,07/21/2006,1038,Tornado, ,F0,0,0,0,0,IL,CST, ,1216149,C,119,LSX,0,0,NWS STORM SURVEY, ,5.5,50,4,SE,4,SE,TROY,07/21/2006,1044,38.7,-89.81667,38.66667,-89.76667,"A tornado first formed near the intersection of Blackjack and Lebanon Roads and moved east southeast at about 50 mph. One farmstead sustained minor machine shed damage while several power poles were downed east of Highway 4. Numerous large trees were severed near the top along the path.","",101
5524193,ST. CLAIR CO.,SUMMERFIELD,07/21/2006,1042,Tornado, ,F0,0,0,0,0,IL,CST, ,1216150,C,163,LSX,0,0,NWS STORM SURVEY, ,2.5,60,1,N,1,N,SUMMERFIELD,07/21/2006,1045,38.61667,-89.75,38.6,-89.68333,"A tornado first formed in St. Clair County north of Summerfield and moved east southeast into Clinton County near Trenton. In St. Clair County damage was limited to downed and severed trees.","",102
5524194,CLINTON CO.,TRENTON,07/21/2006,1045,Tornado, ,F0,0,0,0,0,IL,CST, ,1216150,C,27,LSX,0,0,NWS STORM SURVEY, ,3.5,60,1,W,1,W,TRENTON,07/21/2006,1049,38.6,-89.7,38.6,-89.66667,"The tornado moved from St. Clair County to Clinton County west of Trenton and moved across the southern part of town. Trees and power lines were downed, and some minor roof damage occurred. Power was out in most of the town due to the tornado and thunderstorm winds for several days. Two grain silos were also destroyed in the south part of town.","",103
5524195,CLINTON CO.,GERMANTOWN,07/21/2006,1055,Tornado, ,F1,0,0,0,0,IL,CST, ,1216151,C,27,LSX,0,0,NWS STORM SURVEY, ,2.5,60,2,W,2,W,GERMANTOWN,07/21/2006,1058,38.55,-89.56667,38.55,-89.51667,"A tornado formed west of Germantown and totally destroyed a large poultry building and damaged two other buildings. Debris from the poultry building was thrown 1/2 mile to the east. The tornado also severed the tops of several trees in the south part of Germantown.","",104
5524292,WASHINGTON CO.,NEW MINDEN,07/21/2006,1105,Tornado, ,F0,0,0,0,0,IL,CST, ,1216152,C,189,LSX,0,0,NWS STORM SURVEY, ,7,100,0,N,0,N,NEW MINDEN,07/21/2006,1113,38.43333,-89.36667,38.45,-89.23333,"A tornado initially formed just north of New Minden and moved rapidly east southeast. Grain silos and large machine sheds were damaged 1 mile east of New Minden and at several locations east southeast of Hoyleton.","",105
5521978,PERRY CO.,FRIEDENBURG,07/21/2006,1147,Tornado, ,F0,0,0,15000,0,MO,CST, ,1216690,C,157,PAH,0,0,NWS STORM SURVEY, ,.2,50,2,ESE,2,ESE,FRIEDENBURG,07/21/2006,1147,37.68333,-89.76667,37.68333,-89.76667,"At the southeast corner of an area of straight-line wind damage, a weak tornado briefly developed. Hay bales were tossed into a bean field. Downed trees and tree limbs were tossed in different directions. A porch overhang on a house was lifted enough to dislodge the support columns. Damage to siding and shingles occurred. Peak winds were estimated near 70 MPH.","",106
5525482,LUZERNE CO.,DALLAS,07/22/2006,1115,Tornado, ,F0,0,0,100000,0,PA,EST, ,1218142,C,79,BGM,0,0,NWS STORM SURVEY, ,1.5,75, , , , ,DALLAS,07/22/2006,1120,41.33333,-75.96667,41.33333,-75.96667,"On Saturday, July 22, a tornado touched down on the northwest side of Dallas, PA around 12:15 pm. The damage was largely done to trees that were uprooted and snapped. As many as one hundred trees were damaged. There was minor wind damage to homes, consisting of peeled flashing and siding, some shingle damage to roofs, and damage to sheds. The hardest hit areas were the College Manor and Elmcrest neighborhoods. A construction trailer was blown over and destroyed along Route 415. Additional property damage included a boat, cars and fencing that were damaged by falling trees. Pipes blown from a construction site on Route 415 damaged a nearby business.","",107
5523165,RIVERSIDE CO.,MENIFEE,07/23/2006,1515,Tornado, ,F0,0,0,25000,0,CA,PST, ,1217099,C,65,SGX,0,0,TRAINED SPOTTER, ,1,20, , , , ,MENIFEE,07/23/2006,1525,33.73333,-117.15,33.73333,-117.15,"A thunderstorm along the Elsinore Convergence Zone produced a landspout tornado near Menifee. The landspout blew over about a dozen pine trees and a few palm trees at the Menifee Lakes Country Club. A few homes were damage by falling trees.","",108
5511639,DUPLIN CO.,BEULAVILLE,07/23/2006,1750,Tornado, ,F0,0,0,15000,0,NC,EST, ,1212643,C,61,MHX,0,0,GENERAL PUBLIC, ,.1,25,2,SE,2,SE,BEULAVILLE,07/23/2006,1751,34.9,-77.75,34.9,-77.75,"Weak tornado briefly touched down destroying a chicken house.","",109
5511638,ONSLOW CO.,JACKSONVILLE,07/23/2006,1830,Tornado, ,F0,0,0,0,0,NC,EST, ,1212643,C,133,MHX,0,0,GENERAL PUBLIC, ,.1,25,10,S,10,S,JACKSONVILLE,07/23/2006,1830,34.6,-77.41667,34.6,-77.41667,"Brief tornado over New River.","",110
5520131,VERMILION PAR.,GUEYDAN,07/26/2006,455,Tornado, ,F0,0,0,0,0,LA,CST, ,1215817,C,113,LCH,0,0,LAW ENFORCEMENT, ,.2,10,2,NW,2,NW,GUEYDAN,07/26/2006,455,30.05,-92.53333,30.05,-92.53333,"","A small tornado briefly touched down in a rural agricultural region near Gueydan.",111
5519436,LINCOLN CO.,SUTHERLAND,07/26/2006,1600,Tornado, ,F0,0,0,1000,0,NE,CST, ,1215833,C,111,LBF,0,0,GENERAL PUBLIC, ,1.5,20,11,SSE,11,SSE,SUTHERLAND,07/26/2006,1605,41.01667,-101.05,41.01667,-101.05,"A small tornado touched down over open rangeland destroying 65 yards of fence.","",112
5527050,CLAY CO.,EVERLY,07/26/2006,1715,Tornado, ,F0,0,0,0,0,IA,CST, ,1217449,C,41,FSD,0,0,BROADCAST MEDIA, ,.1,50,3,E,3,E,EVERLY,07/26/2006,1718,43.16667,-95.26667,43.16667,-95.26667,"A weak and brief tornado caused no reported damage.","",113
5527051,CLAY CO.,SPENCER,07/26/2006,1725,Tornado, ,F0,0,0,0,0,IA,CST, ,1217449,C,41,FSD,0,0,TRAINED SPOTTER, ,.5,50,3,W,3,W,SPENCER,07/26/2006,1730,43.15,-95.21667,43.15,-95.21667,"A weak and brief tornado caused minor crop damage,","",114
5521738,MACON CO.,OREANA,07/26/2006,1800,Tornado, ,F0,0,0,0,0,IL,CST, ,1215100,C,115,ILX,0,0,EMERGENCY MANAGER, ,.1,30,3,NE,3,NE,OREANA,07/26/2006,1801,39.96667,-88.83333,39.96667,-88.83333,"A tornado briefly touched down in a field causing crop damage.","",115
5521739,PIATT CO.,CISCO,07/26/2006,1810,Tornado, ,F0,0,0,0,0,IL,CST, ,1215100,C,147,ILX,0,0,FIRE DEPT/RESCUE SQUAD, ,.1,30,2,SW,2,SW,CISCO,07/26/2006,1811,40,-88.76667,39.98333,-88.75,"A tornado briefly touched down in a field causing crop damage.","",116
5521740,VERMILION CO.,ROSSVILLE,07/26/2006,1815,Tornado, ,F1,0,0,40000,0,IL,CST, ,1215100,C,183,ILX,0,0,EMERGENCY MANAGER, ,2.8,50,2,W,2,W,ROSSVILLE,07/26/2006,1823,40.38333,-87.7,40.41667,-87.66667,"A tornado touched down 2 miles west of Rossville and tracked to the northeast.  Numerous trees were blown down, a tool shed was destroyed, several outbuildings were damaged, and a 16 foot box trailer was moved 20 feet.","",117
5517243,PUTNAM CO.,CRESCENT CITY,07/26/2006,1818,Tornado, ,F1,0,0,0,0,FL,EST, ,1214550,C,107,JAX,0,0,GENERAL PUBLIC, ,.5,75, , , , ,CRESCENT CITY,07/26/2006,1822,29.43333,-81.51667,29.43333,-81.51667,"","A tornadic waterspout formed over Lake Stella and dissipated before making landfall. When the cell moved over Crescent Lake, the tornado formed again and tracked east southeast toward the Flagler County coast. The tornado dissipated again before making landfall in Flagler County.",118
5521741,PIATT CO.,CISCO,07/26/2006,1822,Tornado, ,F0,0,0,0,0,IL,CST, ,1215100,C,147,ILX,0,0,FIRE DEPT/RESCUE SQUAD, ,.1,20,3,E,3,E,CISCO,07/26/2006,1822,40.01667,-88.68333,40.01667,-88.68333,"A tornado briefly touched down in a field and caused crop damage.","",119
5521742,PIATT CO.,CISCO,07/26/2006,1825,Tornado, ,F0,0,0,0,0,IL,CST, ,1215100,C,147,ILX,0,0,FIRE DEPT/RESCUE SQUAD, ,.1,20,4,E,4,E,CISCO,07/26/2006,1825,40.01667,-88.65,40.01667,-88.65,"A tornado briefly touched down in a field and caused crop damage.","",120
5521743,VERMILION CO.,HOOPESTON,07/26/2006,1830,Tornado, ,F0,0,0,0,0,IL,CST, ,1215100,C,183,ILX,0,0,TRAINED SPOTTER, ,.1,30,1,E,1,E,HOOPESTON,07/26/2006,1831,40.46667,-87.65,40.46667,-87.65,"A tornado briefly touched down and caused damage to a shed.","",121
5521744,PIATT CO.,CISCO,07/26/2006,1850,Tornado, ,F0,0,0,0,0,IL,CST, ,1215100,C,147,ILX,0,0,TRAINED SPOTTER, ,.1,30,1,E,1,E,CISCO,07/26/2006,1850,40.01667,-88.71667,40.01667,-88.71667,"A tornado briefly touched down in a field and caused crop damage.","",122
5521745,PIATT CO.,MONTICELLO,07/26/2006,1851,Tornado, ,F0,0,0,0,0,IL,CST, ,1215100,C,147,ILX,0,0,TRAINED SPOTTER, ,.1,30,2,W,2,W,MONTICELLO,07/26/2006,1851,40.03333,-88.6,40.03333,-88.6,"A tornado briefly touched down in a field and caused crop damage.","",123
5527431,KITTSON CO.,DONALDSON,07/27/2006,1602,Tornado, ,F1,0,0,40000,0,MN,CST, ,1217509,C,69,FGF,0,0,NWS STORM SURVEY, ,3.5,50,3,ENE,3,ENE,DONALDSON,07/27/2006,1609,48.55,-96.73333,48.55,-96.73333,"The tornado touched down in a field just north of highway 11 and travelled for about 3.5 miles before it crossed into Marshall county.  Tornadic winds snapped several cottonwood trees at a homestead and swirled tree branches around the yard.  Smaller tree branches were lofted over a mile to the south by the tornado and crops were swirled by the winds.  Peak winds were estimated at 80 mph.","",124
5527433,MARSHALL CO.,STEPHEN,07/27/2006,1609,Tornado, ,F1,0,0,10000,0,MN,CST, ,1217509,C,89,FGF,0,0,NWS STORM SURVEY, ,1,50,6,NNE,6,NNE,STEPHEN,07/27/2006,1612,48.06667,-95.13333,48.06667,-95.13333,"This tornado originated in Kittson county 3 miles east-northeast of Donaldson at 1602 CST.  The tornado blew over a road sign and caused additional extreme wind stress as crops were swirled by the winds.  Peak wind speeds were estimated at 80 mph.","",125
5527439,RED LAKE CO.,HUOT,07/27/2006,1746,Tornado, ,F0,0,0,20000,0,MN,CST, ,1217509,C,125,FGF,0,0,NWS STORM SURVEY, ,1,25,1,E,1,E,HUOT,07/27/2006,1750,47.85,-96.41667,47.83333,-96.41667,"A tornado touched down intermittently along a 2.5 mile track to the south, which began in Red Lake county and ended in Polk county.  The tornado swirled swaths of grain and flipped a shed door up onto the shed roof.  It also broke off numerous large tree branches in shelterbelts along its path.  Peak wind speeds were estimated at 65 mph.","",126
5527440,POLK CO.,GENTILLY,07/27/2006,1750,Tornado, ,F0,0,0,10000,0,MN,CST, ,1217509,C,119,FGF,0,0,NWS STORM SURVEY, ,1.5,25,4,NNE,4,NNE,GENTILLY,07/27/2006,1754, , , , ,"This tornado originated in Red Lake county 1 mile east of Huot at 1746 CST.  The tornado broke numerous large branches in various shelterbelts along its route.  Peak wind speeds were estimated at 65 mph.","",127
5527497,RED LAKE CO.,RED LAKE FALLS,07/27/2006,1757,Tornado, ,F0,0,0,2000,0,MN,CST, ,1217509,C,125,FGF,0,0,AMATEUR RADIO, ,2.5,25,4,SSW,4,SSW,RED LAKE FALLS,07/27/2006,1808,47.76667,-96.4,47.76667,-96.4,"The tornado continued intermittently along the 2.5 mile damage track.  Numerous large tree branches were broken off in shelterbelts along the track and large hay bales were tumbled around.  Peak winds were estimated at about 70 mph.","",128
5520351,LAC QUI PARLE CO.,DAWSON,07/27/2006,1826,Tornado, ,F0,0,0,0,0,MN,CST, ,1215691,C,73,MPX,0,0,LAW ENFORCEMENT, ,.5,33,2,WNW,2,WNW,DAWSON,07/27/2006,1830,44.95,-96.1,44.93333,-96.1,"A grove of trees was damaged in the tornado's path, along with a few shingles and planks that were torn off a barn, including a small amount of siding ripped off a house.  The tornado was accompanied by large hail, very heavy rain, and damaging rear flank downdraft wind.","",129
5523110,DEAF SMITH CO.,HEREFORD,07/28/2006,1837,Tornado, ,F0,0,0,0,0,TX,CST, ,1217256,C,117,AMA,0,0,EMERGENCY MANAGER, ,3,25,10,WSW,10,WSW,HEREFORD,07/28/2006,1840,34.76667,-102.55,34.75,-102.61667,"The tornado occurred over open country and the path length and path width were estimated.","A severe thunderstorm produced a small rope tornado during the early evening hours in extreme southern Deaf Smith county west of Ranch Road 1057 and just north of County Road 1 which continued northwest to west of County Road MM and south of County Road 5. No damage or injuries were reported.",130
5525561,ONEIDA CO.,UTICA,07/29/2006,1430,Tornado, ,F0,0,0,2000,0,NY,EST, ,1218163,C,65,BGM,0,0,NWS STORM SURVEY, ,.1,50, , , , ,UTICA,07/29/2006,1430,43.1,-75.25,43.1,-75.25,"A weak tornado touched down about 4 miles north of Utica at 3:30 pm. The tornado snapped or uprooted several trees in a field near Morris Road in Marcy Township. The damage pattern with this tornado indicated a rotational wind pattern, as the majority of trees fell with a northwesterly wind. However, a few of the trees fell with a westerly or southeasterly wind. A nearby witness described strong, swirling winds with rain falling into her house through her window on one side of her house during the onset of the storm, and through a window on the other side of her house toward the end of the storm. Estimated wind speeds with this F0 tornado were about 60 mph.","",131
5525565,ONONDAGA CO.,MARCELLUS,07/29/2006,1500,Tornado, ,F0,0,0,10000,0,NY,EST, ,1218167,C,67,BGM,0,0,NWS STORM SURVEY, ,3,75, , , , ,MARCELLUS,07/29/2006,1505,42.98333,-76.31667,42.98333,-76.31667,"A tornado touched down in the  village of Marcellus around 4 pm. Damage was largely to trees which were uprooted and snapped. A portion of a tin roof on a residence was pulled off the building and flipped to the other side. A definitive, convergent damage path was noted on the east side of the village in the Orchard Street and Kinderwood Road areas with scattered damage heading southeast out of town. An eyewitness observed a tornado pass just to the east of Marcellus Park, then track approximately 3 miles to the southeast before going out of view. Additional damage was noted in the vicinity of South Onondaga, including utility poles and power lines on Nichols and Hutchings Roads.","",132
5521025,LIBERTY CO.,HINESVILLE,07/29/2006,1745,Tornado, ,F0,0,0,2000,0,GA,EST, ,1215178,C,179,CHS,0,0,TRAINED SPOTTER, ,0,0, , , , ,HINESVILLE,07/29/2006,1745,31.85,-81.6,31.85,-81.6,"Spotter witnessed a car with people inside picked up in a rotating fashion 6 ft in the air and then dropped.  Damage to the car.  No injuries.","",133
5524307,MOFFAT CO.,ELK SPGS,07/30/2006,1400,Tornado, ,F0,0,0,0,0,CO,MST, ,1216238,C,81,GJT,0,0,GENERAL PUBLIC, ,3,100,7,N,7,N,ELK SPGS,07/30/2006,1420,40.45,-108.45,40.48333,-108.38333,"","The tornado occurred roughly 10 miles north of mile marker 39 near Elk Springs and consisted of multiple vortices.",134
5526377,PEMBINA CO.,MOUNTAIN,07/30/2006,2208,Tornado, ,F0,0,0,1000,0,ND,CST, ,1217513,C,67,FGF,0,0,NWS STORM SURVEY, ,.2,25,4,SSE,4,SSE,MOUNTAIN,07/30/2006,2209,48.63333,-97.81667,48.63333,-97.81667,"A tornado touched down briefly in a farm yard and tracked southeastward into open pastureland where it dissipated.  The tornadic winds snapped a poplar tree off near the base and blew lawn furnature around the large multi-dwelling yard.  A heavy tarpaulin which covered a large haystack row was partly shredded by the winds.  Peak winds were estimated at 65 mph.","",135
5527737,COTTONWOOD CO.,MOUNTAIN LAKE,08/01/2006,1754,Tornado, ,F0,0,0,0,0,MN,CST, ,1219282,C,33,FSD,0,0,TRAINED SPOTTER, ,.1,50,3,SE,3,SE,MOUNTAIN LAKE,08/01/2006,1755,43.9,-94.88333,43.9,-94.88333,"A brief tornado caused no reported damage.","",136
5532792,WATONWAN CO.,BUTTERFIELD,08/01/2006,1814,Tornado, ,F3,0,0,2000000,0,MN,CST, ,1220020,C,165,MPX,0,0,NWS STORM SURVEY, ,1.5,440,6,SW,6,SW,BUTTERFIELD,08/01/2006,1819,43.9,-94.71667,43.88333,-94.66667,"Initial damage occurred at farmstead just east of the Watonwan/Cottonwood line. Damage included the partial removal of roofs off two large sheds, along with scattered downed trees. The tornado then moved across corn and bean fields. Another farmstead was hit just southwest of the intersection of County Roads 10 and 2.  This was the location of the F3 damage.  A house was leveled, a 60 foot concrete base silo was toppled and rolled. Virtually all barns, sheds and outbuildings were completely destroyed.","",137
5532880,WATONWAN CO.,ECHOLS,08/01/2006,1833,Tornado, ,F1,0,0,500000,0,MN,CST, ,1220020,C,165,MPX,0,0,NWS STORM SURVEY, ,3,100,1,E,1,E,ECHOLS,08/01/2006,1842,43.91667,-94.65,43.93333,-94.63333,"The tornado developed near Mary's Lake and moved across corn and bean fields before striking a farmstead just northwest of County Roads 10 and 27.  Nearly empty grain bins were dented, sheds demolished, and a 32 foot camper was destroyed.  A house lost its garage, part of its roof, and was pushed off its foundation.  A large vehicle was also pushed a couple of hundred feet. Shortly after hitting the farmstead, it veered southeast into some fields, where it dissipated.","",138
5532793,WATONWAN CO.,ST JAMES,08/01/2006,1844,Tornado, ,F1,0,0,500000,0,MN,CST, ,1220020,C,165,MPX,0,0,NWS STORM SURVEY, ,1,50,4,S,4,S,ST JAMES,08/01/2006,1847,43.93333,-94.63333,43.93333,-94.6,"Shortly after another tornado dissipated at 1842 CST four miles south of St. James, another tornado quickly developed about 1/4 mile away.  It moved across corn and bean fields until it struck a farm just southwest of County Roads 110 and 122, where it destroyed machine sheds and removed the roof of the barn. It continued moving northeast before veering to the north, where it dissipated as it hit an abandoned farmhouse.","",139
5531715,KNOX CO.,MT VERNON,08/03/2006,1525,Tornado, ,F0,0,1,325000,0,OH,EST, ,1220453,C,83,CLE,0,0,TRAINED SPOTTER, ,.1,17, , , , ,MT VERNON,08/03/2006,1528,40.58333,-83.31667,40.58333,-83.13333,"A F0 tornado touched down briefly on the west side of Mt. Vernon during the afternoon hours of August 3rd.  The tornado touched down along Harcourt Road (State Route 3) around 4:25 pm and damaged four businesses.  A lumber yard on the west side of the road saw the most significant damage.  A pole building used for storing lumber and supplies was destroyed.  Most of the materials inside the building were also destroyed.   Over a dozen vehicles at an automobile dealership across the street were damaged by flying debris.  One employee at the dealership sustained minor injuries from the flying debris.   Damage at the dealership was estimated to be at least $100,000.  Two other businesses in the area sustained lesser damages.  The tornado appeared to be on the ground for a couple hundred feet and had a damage path no more than 50 feet in width.","",140
5521777,UNION CO.,WORTHINGTON SPGS,08/04/2006,1810,Tornado, ,F1,0,0,0,0,FL,EST, ,1215271,C,125,JAX,0,0,EMERGENCY MANAGER, ,5.5,100, , , , ,WORTHINGTON SPGS,08/04/2006,1830,29.91667,-82.41667,30,-82.53333,"","The tornadic cell moved into southern Union county near Worthington Springs. The first damage report stated that an outbuilding was damaged, a home porch was destroyed, a car was destroyed because of a fallen tree and trees were on power lines about 10 miles W of Lake Butler. At 1920 LDT, law enforcement reported viewing a tornado at County Road 18 and 239. The cell tracked NNE toward Providence.",141
5528845,MCINTOSH CO.,ASHLEY,08/04/2006,1921,Tornado, ,F0,0,0,0,0,ND,CST, ,1219510,C,51,BIS,0,0,NEWSPAPER, ,.1,40,6,S,6,S,ASHLEY,08/04/2006,1923,45.95,-99.36667,45.95,-99.36667,"Report by McIntosh County Sheriff deputy just north of the North Dakota and South Dakota border. Tornado briefly touched down. No structures impacted and no damage.","",142
5530517,ROSEAU CO.,SALOL,08/05/2006,1741,Tornado, ,F1,0,0,0,100000,MN,CST, ,1220246,C,135,FGF,0,0,TRAINED SPOTTER, ,5,50,5,NE,5,NE,SALOL,08/05/2006,1756,48.91667,-95.48333,48.91667,-95.38333,"Tornado number one of a series tracked due east for about 5 miles, starting about 2 miles north and 8 miles west of Warroad to about 3 miles west-northwest of Warroad.  Eyewitnesses reported that there were up to 3 funnels pendant from the same base but generally just one in contact with the ground.  Damage was confined to forest, pastureland, and hay fields.  Peak wind speeds were estimated at 100 mph.","",143
5530521,ROSEAU CO.,WARROAD,08/05/2006,1802,Tornado, ,F3,0,0,20000000,0,MN,CST, ,1220246,C,135,FGF,0,0,TRAINED SPOTTER, ,4,500,1,WNW,1,WNW,WARROAD,08/05/2006,1814,48.9,-95.33333,48.9,-95.3,"Tornado number two of a series tracked east-southeast for about 4 miles across the northern part of Warroad.  The main tornado appeared to have touched down about a mile west of the Marvin Windows plant complex at the northwest corner of Warroad.  The tornado grew to around 500 yards wide as it moved across the Lakeview Park and campground area.  The tornado apparently lifted as it passed into Muskeg Bay of the Lake of the Woods.  Peak wind speeds were estimated from 160 to 180 mph.

Damage was extensive along the tornado path in Warroad.  At the Marvin Windows plant, the roof was damaged and 16 semi trailers were overturned.  Several of the trailers were full with new windows, which were a complete loss.  The nearby Pepsi plant had its sign blown down.  At the Warroad City Park and Campground, 30 to 40 campers were destroyed and roughly 10 boats were damaged or sunk.  The city pool, which had been recently renovated, was also damaged.  The Trading Post Gift Shop was completely destroyed.  Many large trees were also snapped off or broken into pieces.  Eight to 10 homes also sustained damage.","",144
5532563,RANSOM CO.,SHELDON,08/05/2006,1810,Tornado, ,F0,0,0,0,0,ND,CST, ,1220245,C,73,FGF,0,0,NWS STORM SURVEY, ,1,25,9,E,9,E,SHELDON,08/05/2006,1813,46.61667,-97.18333,46.61667,-97.18333,"A weak tornado tracked east-southeast for about a mile before crossing into Richland County, where it continued about another 2 miles before ending 15 miles west of Walcott.  The total path length was about 3 miles.  The tornado tore down numerous tree branches in shelterbelts along the way.  Peak wind speeds were estimated at 65 mph.","",145
5532564,RICHLAND CO.,WALCOTT,08/05/2006,1813,Tornado, ,F0,0,0,0,0,ND,CST, ,1220245,C,77,FGF,0,0,NWS STORM SURVEY, ,2,25,16,WNW,16,WNW,WALCOTT,08/05/2006,1818,46.65,-97.18333,46.63333,-97.18333,"This weak tornado originated 9 miles east of Sheldon in Ransom County at 1810 CST.  The total path length was about 3 miles.  The tornado tore down numerous tree branches in shelterbelts along the way.  Peak wind speeds were estimated at 65 mph.","",146
5530593,ROSEAU CO.,SWIFT,08/05/2006,1822,Tornado, ,F0,0,0,0,200000,MN,CST, ,1220246,C,135,FGF,0,0,NWS STORM SURVEY, ,8,25,1,N,1,N,SWIFT,08/05/2006,1838,48.88333,-95.23333,48.85,-95.1,"Tornado number three of a series appeared to have had an intermittent track for nearly 8 miles and ended in Lake of the Woods county.  Debris fallout from the Warroad area was noted along an east by southeast path along with large broken tree branches and swirled crop swathes.  Peak winds were estimated at 70 mph.","",147
5530597,ROSEAU CO.,SKIME,08/05/2006,1825,Tornado, ,F1,0,0,0,200000,MN,CST, ,1220246,C,135,FGF,0,0,NWS STORM SURVEY, ,10,100,3,NE,3,NE,SKIME,08/05/2006,1842,48.58333,-95.55,48.61667,-95.35,"This tornado tracked for at least 10 miles in the Beltrami Island State Forest (passing 2 miles south of Winner, Roseau County) before ending southwest of Norris Camp in Lake of the Woods County.  Snapped and uprooted trees were noted for a path up to 100 yards wide where the track intersected available logging roads.  The tornado crossed into Lake of the Woods County 12 miles east and 2 miles north of Skime.  Peak winds were estimated at 85 mph.","",148
5532566,CASS CO.,LEONARD,08/05/2006,1833,Tornado, ,F1,0,0,0,0,ND,CST, ,1220245,C,17,FGF,0,0,NWS STORM SURVEY, ,.5,50,3,E,3,E,LEONARD,08/05/2006,1835,46.46667,-96.86667,46.46667,-96.86667,"This weak tornado tracked southeast for about a half mile and then crossed into Richland County, where it continued for another 2.5 miles.  The tornado knocked down or uprooted several trees in shelterbelts along the track.  Peak winds were estimated at 90 mph.","",149
5532567,RICHLAND CO.,WALCOTT,08/05/2006,1835,Tornado, ,F1,0,0,0,0,ND,CST, ,1220245,C,77,FGF,0,0,NWS STORM SURVEY, ,2.5,50,11,WNW,11,WNW,WALCOTT,08/05/2006,1841, , , , ,"This weak tornado originated 3 miles east of Leonard in Cass County at 1833 CST.  The total path length from Cass into Richland County was 3 miles.  The tornado knocked down or uprooted several trees in shelterbelts along the track.  Peak winds were estimated at 90 mph.","",150
5530594,LAKE OF THE WOODS CO.,WILLIAMS,08/05/2006,1838,Tornado, ,F0,0,0,0,0,MN,CST, ,1220246,C,77,FGF,0,0,NWS STORM SURVEY, ,1,25,9,NW,9,NW,WILLIAMS,08/05/2006,1840,48.86667,-95.08333,48.85,-95.06667,"This tornado originated 1 mile north of Swift in Roseau County at 1822 CST.  Peak winds were estimated at 65 mph.","",151
5530598,LAKE OF THE WOODS CO.,FAUNCE,08/05/2006,1842,Tornado, ,F1,0,0,0,50000,MN,CST, ,1220246,C,77,FGF,0,0,NWS STORM SURVEY, ,1,100,17,W,17,W,FAUNCE,08/05/2006,1845,48.6,-95.31667,48.6,-95.3,"This tornado originated 3 miles northeast of Skime in Roseau County at 1825 CST.  The tornado entered Lake of the Woods County about 7 miles west-southwest of Norris Camp and tracked to about 6 miles west-southwest of Norris Camp.  Snapped and uprooted trees were noted for a path up to 100 yards wide where the track intersected available logging roads.  Peak winds were estimated at 85 mph.","",152
5530508,RICHLAND CO.,MOORETON,08/05/2006,1933,Tornado, ,F0,0,0,0,0,ND,CST, ,1220245,C,77,FGF,0,0,NWS STORM SURVEY, ,5,25,5,NW,5,NW,MOORETON,08/05/2006,1947,48.66667,-97.85,48.66667,-97.85,"A weak tornado tracked intermittently to the southeast for about 5 miles.  A few large trees were toppled along the path.  Peak wind speeds were estimated at 70 mph.","",153
5525151,LYNN CO.,WILSON,08/07/2006,1425,Tornado, ,F0,0,0,0,0,TX,CST, ,1217905,C,305,LUB,0,0,LAW ENFORCEMENT, ,.5,75,6,WSW,6,WSW,WILSON,08/07/2006,1427,33.28333,-101.83333,33.28333,-101.81667,"A Sheriff's deputy observed a landspout tornado in open farm land just west of U.S. Highway 87 in northern Lynn County. The tornado developed beneath a linear complex of multi-cell storms, and was described as a funnel extending from the cloud base with large amounts of dust lofted at the surface. No damage was reported.","",154
5532283,THOMAS CO.,COLBY,08/07/2006,1649,Tornado, ,F1,0,4,125000,0,KS,MST, ,1220242,C,193,GLD,0,0,AMATEUR RADIO, ,5,25,2,S,2,S,COLBY,08/07/2006,1659,39.25,-100.43333,39.25,-100.43333,"A tornado developed approximately 2 miles south of Colby at Interstate 70 and highway 25 and traveled 5 miles to the northwest before dissipating.  The tornado developed near the Oasis Travel Plaza at 649 pm CDT and dissipated at 659 pm CDT over open fields west of town.  The tornado moved northwest at approximately 30 mph.  A damage survey team rated the tornado an F1 on the Fujita Scale.

The tornado injured 4 people as a result of flying glass and debris at the nearby Comfort Inn, which  sustained damage with debris piercing the outside walls, while awnings and tables were also damaged.  A 45 foot sign supported by three "I" beams was bent over to the ground.  A car dealership reported damage to about 15-20 vehicles with one vehicle a total loss.  Most of the damage was due to debris breaking windows and denting the vehicles.  A semi truck and trailer parked at the gas station and was lifted and pushed into another truck.","",155
5525480,LINCOLN CO.,SUTHERLAND,08/09/2006,1440,Tornado, ,F0,0,0,0,0,NE,CST, ,1217927,C,111,LBF,0,0,LAW ENFORCEMENT, ,.1,10,6,NNW,6,NNW,SUTHERLAND,08/09/2006,1440,41.25,-101.18333,41.25,-101.18333,"A small tornadao briefly touched down over open rangeland.","",156
5525481,LINCOLN CO.,HERSHEY,08/09/2006,1530,Tornado, ,F0,0,0,0,0,NE,CST, ,1217927,C,111,LBF,0,0,GENERAL PUBLIC, ,.1,10,2,N,2,N,HERSHEY,08/09/2006,1530,41.2,-101,41.2,-101,"A weak tornado touched down briefly in an open pasture.","",157
5532127,MCPHERSON CO.,LEOLA,08/09/2006,2032,Tornado, ,F0,0,0,0,0,SD,CST, ,1220188,C,89,ABR,0,0,STORM CHASER, ,.3,10,6,NNE,6,NNE,LEOLA,08/09/2006,2035,45.8,-98.9,45.8,-98.9,"A tornado touched down briefly in an open field causing no damage.","",158
5528444,CALHOUN CO.,LAKE CITY,08/10/2006,357,Tornado, ,F0,0,0,0,2000,IA,CST, ,1219203,C,25,DMX,0,0,TRAINED SPOTTER, ,.2,30,5,NE,5,NE,LAKE CITY,08/10/2006,357,42.31667,-94.66667,42.31667,-94.66667,"Brief touchdown of landspout tornado.","The airmass remained unstable over Iowa during the afternoon of the 10th.  Temperatures were in the mid 80s with dew points in the mid 70s.  There was plenty of CAPE available with nearly 3500 J/kg available.  The lifted index was around -9 C. by late afternoon.  The LCL was relatively low, around 1000 meters.  Thunderstorms formed over northwest Iowa and produced several funnel clouds.  A brief touchdown occurred northeast of Lake City in Calhoun County.  The tornado was laminar in appearance and was actually a landspout.",159
5528354,SIOUX CO.,SELFRIDGE,08/10/2006,1450,Tornado, ,F0,0,0,0,0,ND,CST, ,1219389,C,85,BIS,0,0,GENERAL PUBLIC, ,2,70,6,S,6,S,SELFRIDGE,08/10/2006,1458,45.95,-100.93333,45.96667,-100.83333,"An F0 tornado moved southeast toward the North Dakota and South Dakota state line. The tornado occurred in an open field with no damage reported.","",160
5530773,CASS CO.,WHEATLAND,08/10/2006,1518,Tornado, ,F0,0,0,0,0,ND,CST, ,1220250,C,17,FGF,0,0,TRAINED SPOTTER, ,25,.2,2,NNW,2,NNW,WHEATLAND,08/10/2006,1518,46.93333,-97.36667,46.93333,-97.36667,"A persistent wall cloud with pendant funnel was observed as it tracked from about 3 miles southwest of Absaraka to about 3 miles east of Chaffee.  A brief touchdown was observed in an open field and it produced a brief dust/debris cloud.","",161
5532356,YUMA CO.,YUMA PROVING GROUND,08/10/2006,1945,Tornado, ,F0,0,0,0,0,AZ,MST, ,1220071,C,27,PSR,0,0,TRAINED SPOTTER, ,10,50,5,W,5,W,YUMA PROVING GROUND,08/10/2006,2015,32.91667,-114.23333,32.91667,-114.23333,"Remote camera near the Yuma Proving Ground captured a weak, rope-like tornado over open country.","",162
5525768,SARASOTA CO.,VENICE,08/11/2006,928,Tornado, ,F0,0,0,0,0,FL,EST, ,1218417,C,115,TBW,0,0,TRAINED SPOTTER, ,.3,30, , , , ,VENICE,08/11/2006,929,27.1,-82.45,27.1,-82.45,"A pilot reported several waterspouts just offshore of Venice.  A trained spotter reported that one of the thin waterspouts that briefly moved onshore as a tornado before dissipating. No damage was reported.","",163
5528486,PORTSMOUTH (C) CO.,PORTSMOUTH,08/11/2006,1410,Tornado, ,F0,0,0,0,0,VA,EST, ,1219558,C,740,AKQ,0,0,GENERAL PUBLIC, ,.3,25, , , , ,PORTSMOUTH,08/11/2006,1410,36.81667,-76.33333,36.81667,-76.33333,"A waterspout near the mouth of the James River came on shore near Churchland High School. No damage or injuries were reported.","",164
5528487,HAMPTON (C) CO.,HAMPTON,08/11/2006,1430,Tornado, ,F0,0,0,0,0,VA,EST, ,1219558,C,650,AKQ,0,0,GENERAL PUBLIC, ,.3,25, , , , ,HAMPTON,08/11/2006,1430,37.01667,-76.35,37.01667,-76.35,"A waterspout near the mouth of the James River came on shore just south of Beach Road in the Grandview section of the city.","",165
5532136,GRANT CO.,MILBANK,08/12/2006,1810,Tornado, ,F1,0,0,0,0,SD,CST, ,1220191,C,51,ABR,0,0,NWS STORM SURVEY, ,.3,20,3,N,3,N,MILBANK,08/12/2006,1812,45.26667,-96.63333,45.26667,-96.63333,"A tornado north of Milbank destroyed a well built machine shed, moved some farm machinery, and snapped several medium sized trees off.","",166
5529954,CHAVES CO.,ROSWELL,08/14/2006,959,Tornado, ,F0,0,0,0,0,NM,MST, ,1218559,C,5,ABQ,0,0,EMERGENCY MANAGER, ,400,30,15,S,15,S,ROSWELL,08/14/2006,1008,33.16667,-104.51667,33.16667,-104.51667,"A small landspout tornado was observed over the open rangelands north of the Roswell Detention Center.","",167
5529630,CARLISLE CO.,CUNNINGHAM,08/14/2006,1733,Tornado, ,F0,0,0,0,0,KY,CST, ,1218942,C,39,PAH,0,0,TRAINED SPOTTER, ,.2,50, , , , ,CUNNINGHAM,08/14/2006,1734,36.91667,-88.88333,36.91667,-88.88333,"A trained spotter witnessed a brief tornado touchdown in a field behind the Cunningham bank. Some trees were blown down.","",168
5521678,JENNINGS CO.,SAN JACINTO,08/14/2006,1859,Tornado, ,F0,0,0,10000,0,IN,EST, ,1215251,C,79,IND,0,0,NWS STORM SURVEY, ,.5,100,2,SSW,2,SSW,SAN JACINTO,08/14/2006,1900,38.93333,-85.51667,38.93333,-85.5,"A weak tornado touched down in rural southeast Jennings County near the small town of San Jacinto on the evening of 14 August 2006.  The tornado tore half of a tin roof off a farm barn, and downed several trees.  It also did superficial trim damage to a home, and flipped a swingset and an old trailer.","An isolated severe thunderstorm produced a tornado in Jennings County on 14 August 2006.  This was the only severe weather event of the day.",169
5530869,ROSEAU CO.,ROSS,08/16/2006,1700,Tornado, ,F0,0,0,10000,0,MN,CST, ,1220255,C,135,FGF,0,0,NWS EMPLOYEE(OFF DUTY), ,3,25,9,W,9,W,ROSS,08/16/2006,1707,48.91667,-96.11667,48.88333,-96.03333,"A storm survey confirmed an intermittent 3 mile damage track. A small vehicle shelter and yard furnishings at two farmsteads was damaged and several trees were snapped off.","",170
5528698,ELLIS CO.,HAYS,08/19/2006,1822,Tornado, ,F0,0,0,0,0,KS,CST, ,1219219,C,51,DDC,0,0,STORM CHASER, ,.2,20,3,E,3,E,HAYS,08/19/2006,1824,38.86667,-99.26667,38.86667,-99.26667,"A landspout was reported by a chase team out of Oklahoma.","",171
5528460,DICKEY CO.,MONANGO,08/20/2006,1650,Tornado, ,F0,0,0,0,0,ND,CST, ,1219424,C,21,BIS,0,0,AIRPLANE PILOT, ,.3,35,1,N,1,N,MONANGO,08/20/2006,1652,46.18333,-98.58333,46.18333,-98.58333,"Brief touchdown in open field. No damage as no structures were impacted. Reported by Dickey County Sheriff deputy.","",172
5525225,SWISHER CO.,HAPPY,08/20/2006,1719,Tornado, ,F0,0,0,0,0,TX,CST, ,1217911,C,437,LUB,0,0,BROADCAST MEDIA, ,.3,25,2,SW,2,SW,HAPPY,08/20/2006,1721,34.71667,-101.86667,34.71667,-101.85,"
Residents of Happy observed a landspout tornado just southwest of the city around 17:20 CST on the afternoon of the 20th. The tornado was associated with otherwise non-severe convection over the extreme southern Texas Panhandle. No damage occurred as the tornado remained over open farm land.","",173
5528301,ADAMS CO.,BENNETT,08/20/2006,1741,Tornado, ,F0,0,0,0,0,CO,MST, ,1219362,C,1,BOU,0,0,TRAINED SPOTTER, ,.1,50,5,NW,5,NW,BENNETT,08/20/2006,1741,39.8,-104.5,39.8,-104.5,"A tornado touched down but did no damage.","",174
5528099,ADAMS CO.,BENNETT,08/20/2006,1750,Tornado, ,F0,0,0,0,0,CO,MST, ,1219362,C,1,BOU,0,0,TRAINED SPOTTER, ,.1,50,4,W,4,W,BENNETT,08/20/2006,1750,39.75,-104.51667,39.75,-104.51667,"A tornado touched down but did no damage.","",175
5528100,ARAPAHOE CO.,BYERS,08/20/2006,1758,Tornado, ,F0,0,0,0,0,CO,MST, ,1219362,C,5,BOU,0,0,TRAINED SPOTTER, ,.1,50,13,WSW,13,WSW,BYERS,08/20/2006,1758,39.65,-104.45,39.65,-104.45,"A tornado touched down but did no damage.","",176
5530411,WALLOWA CO.,ENTERPRISE,08/21/2006,1030,Tornado, ,F0,0,0,0,0,OR,PST, ,1218853,C,63,PDT,0,0,NEWSPAPER, ,.2,20,1,NW,1,NW,ENTERPRISE,08/21/2006,1031,45.45,-117.3,45.45,-117.3,"Brief landspout tornado observed moving north by several golfers at Alpine Meadows Golf Course northwest of Enterprise.  Tornado hit trees and broke off branches up to 2 inches in diameter.","",177
5525757,OKEECHOBEE CO.,OKEECHOBEE,08/21/2006,1318,Tornado, ,F0,0,0,0,0,FL,EST, ,1218280,C,93,MLB,0,0,EMERGENCY MANAGER, ,.5,30,10,NE,10,NE,OKEECHOBEE,08/21/2006,1318,27.35,-80.71667,27.35,-80.71667,"Both the Okeechobee County Sheriffs office and the St. Lucie County Emergency Management simultaneously reported a small tornado on the ground just west of the Okeechobee - St. Lucie county line. No significant damage was found.","",178
5532195,POWER CO.,AMERICAN FALLS ARPT,08/21/2006,1500,Tornado, ,F0,0,0,10000,0,ID,MST, ,1220043,C,77,PIH,0,0,EMERGENCY MANAGER, ,.1,25, , , , ,AMERICAN FALLS ARPT,08/21/2006,1510,42.8,-112.81667,42.8,-112.81667,"","A tornado touchdown was reported at the American Falls airport.  Extensive damage to an airport hangar was reported.",179
5526025,BROWARD CO.,DEERFIELD BEACH,08/21/2006,1905,Tornado, ,F0,0,0,0,0,FL,EST, ,1218308,C,11,MFL,0,0,BROADCAST MEDIA, ,.1,30, , , , ,DEERFIELD BEACH,08/21/2006,1906,26.31667,-80.1,26.31667,-80.1,"Waterspouts witnessed by several people came onshore near the Deerfield Beach Pier as a tornado. The tornado lasted about 1 minute before dissipating. No damage was reported.","",180
5531832,SAUK CO.,LELAND,08/23/2006,2002,Tornado, ,F0,0,0,0,5000,WI,CST, ,1220005,C,111,MKX,0,0,AMATEUR RADIO, ,.1,20,2,SSE,2,SSE,LELAND,08/23/2006,2002,43.3,-89.93333,43.3,-89.93333,"A brief F0 tornado spun up 2.0 miles SSE of Leland.  This tornado, seen by a team of advanced severe weather spotters who were chasing the associated supercell, damaged only some vegetation.","A stagnant weather pattern on August 23rd and 24th resulted in waves of heavy rain and severe thunderstorms.  A warm front pushed north during the afternoon of August 23rd.  A very unstable airmass with moderate shear caused thunderstorms to break out during the afternoon and continue through most of the overnight as a warm front moved north through the area.  Very large hail was the primary hazard with some of the supercell thunderstorms, although there were several reports of wind damage, one tornado 2 miles south-southeast of Leland, and torrential downpours with localized flooding.  Incredibly, three separate supercells tracked southeast through Sauk County almost along the same path.  Each supercell had a rotating wall cloud at its base, but only one supercell managed to spin up a brief tornado.  After a brief respite of only 3 hours during the morning hours of August 24th, more storms developed during the late morning and afternoon hours.  More heavy rain, large hail, damaging winds, and vivid lightning resulted from these storms.  Urban flooding in Dane and Kenosha counties caused a few hundred thousand dollars in structural damage.  Some two-day rainfall totals across Dane County include 5.70 inches in Oregon, 5.38 inches in Cottage Grove, 3.26 inches in Middleton, 2.77 inches at Beloit College, and 2.73 inches at Madison Truax Field.  Roughly 12,000 customers lost electrical power due to downed power lines and lightning strikes.",181
5528719,MORTON CO.,HEBRON,08/24/2006,1201,Tornado, ,F0,0,0,40000,0,ND,CST, ,1219492,C,59,BIS,0,0,GENERAL PUBLIC, ,.8,50,0,S,0,S,HEBRON,08/24/2006,1205,46.9,-102.03333,46.9,-102.01667,"The tornado clipped the southeast edge of Hebron as it moved east-northeast. It was on the leading edge of a squall line or multicell line of severe thunderstorms. Witnesses described it as a large whirlwind and large dust devil. Tree limbs in the rotation were being lifted into the cloud base, which was also rotating. This led to the determination of a tornado rather than a gustnado. Damage was limited to objects being thrown around, one old outbuilding being damaged, and one old one stall garage being destroyed. A 2005 pickup truck was damaged by debris from the garage.","",182
5528835,MCLEAN CO.,UNDERWOOD,08/24/2006,1255,Tornado, ,F2,0,0,200000,0,ND,CST, ,1219500,C,55,BIS,0,0,NWS STORM SURVEY, ,2,90,11,SW,11,SW,UNDERWOOD,08/24/2006,1300,47.35,-101.3,47.36667,-101.26667,"This low end F2 tornado, on the order of 120 mph, produced considerable damage to a farm house and outbuildings 9 miles southwest of Underwood. The attached garage was completely torn from the two story house, and the roofing materials were also torn away, leaving the trusses visible. One detached shop, garden shed, and well house were destroyed. Items from the property were found 1/2 mile away. Nearby power lines were down. National Weather Service personnel conducted storm surveys of the area on two different days.","",183
5528646,KIDDER CO.,STEELE,08/24/2006,1403,Tornado, ,F0,0,0,0,0,ND,CST, ,1219475,C,43,BIS,0,0,GENERAL PUBLIC, ,1,40,2,S,2,S,STEELE,08/24/2006,1410,46.81667,-99.9,46.81667,-99.9,"Tornado occurred in open country with no damage reported.","",184
5525758,MARTIN CO.,STUART,08/24/2006,1500,Tornado, ,F0,0,0,20000,0,FL,EST, ,1218281,C,85,MLB,0,0,GOVT OFFICIAL, ,.3,30, , , , ,STUART,08/24/2006,1500,27.2,-80.25,27.2,-80.25,"An F0 tornado briefly touched down in the Rocky Point area near Stuart damaging solar panels and roofs.","",185
5533202,SULLY CO.,ONIDA,08/24/2006,1540,Tornado, ,F1,0,0,0,0,SD,CST, ,1220202,C,119,ABR,0,0,NWS STORM SURVEY, ,5,600,5,NE,5,NE,ONIDA,08/24/2006,1552,44.75,-100,44.75,-99.88333,"A supercell thunderstorm produced an F1 intensity tornado northeast of Onida. The tornado traveled for 5 miles in Sully county and had a path width of up to 600 yards. The tornado caused significant damage to a farmstead 6 miles east and 4 miles north of Onida. The ground in a harvested sunflower field was heavily scoured. Many large hay bales were scattered about. The tornado finally lifted in an open field 10 miles east northeast to Onida.","",186
5532358,MCPHERSON CO.,EUREKA,08/24/2006,1603,Tornado, ,F3,0,1,0,0,SD,CST, ,1220207,C,89,ABR,0,0,NWS STORM SURVEY, ,14,300,7,SSW,7,SSW,EUREKA,08/24/2006,1630,45.66667,-99.68333,45.6,-99.48333,"A supercell thunderstorm produced an F3 tornado in southwest Mcpherson county. The tornado was on the ground for nearly a half hour and covered about 14 miles. The tornado touched down near the Campbell county line. There were four different sites damaged with the greatest damage 8 miles south of Eureka and 2 miles southeast of Hillsview. Damage included numerous power poles snapped off, trees shredded of leaves, bark and/or uprooted. Numerous livestock and deer were killed. Devastating damage was observed to farm equipment, homes, barns, grain bins, and vehicles. A well anchored mobile home was completely destroyed. Debris from each site was observed up to 3 miles away. One person received minor scrapes and bruises.","",187
5531929,BROWN CO.,SEARLES,08/24/2006,1608,Tornado, ,F0,0,2,200000,0,MN,CST, ,1220023,C,15,MPX,0,0,NWS STORM SURVEY, ,.5,30,3,N,3,N,SEARLES,08/24/2006,1612,44.56667,-93.35,44.56667,-93.35,"The tornado tore across corn and bean fields, and crossed both Highways 15 and 68.  It blew two semis off Highway 15, injuring two individuals. A machine shed was destroyed, and minor damage was incurred by some barns and outbuildings.","",188
5533106,HYDE CO.,HOLABIRD,08/24/2006,1613,Tornado, ,F0,0,0,0,0,SD,CST, ,1220203,C,69,ABR,0,0,NWS STORM SURVEY, ,.5,20,8,N,8,N,HOLABIRD,08/24/2006,1615,44.63333,-99.58333,44.63333,-99.58333,"A supercell thunderstorm produced another weak tornado in Hyde county north of Holabird. No damage occurred with this tornado.","",189
5531927,NICOLLET CO.,NICOLLET,08/24/2006,1630,Tornado, ,F3,0,7,3500000,0,MN,CST, ,1220023,C,103,MPX,0,0,NWS STORM SURVEY, ,15.5,880,4,WSW,4,WSW,NICOLLET,08/24/2006,1700,44.56667,-93.31667,44.56667,-93.31667,"The tornado began with a very narrow path and gradually expanded to a half mile wide multiple vortex tornado.  One home in Nicollet lost much of its upper floor, and other homes suffered major damage, including some bring shifted off their foundation.  The tornado continued east along Highway 99, producing major damage to houses, farm buildings, and a power substation.  It did its most severe damage on the southern outskirts of St. Peter, where a house was completely leveled.  A total of 57 homes properties in Nicollet County were damaged, and several homes had to be totaled out.  A spokesmen from the St. Peter Community Hospital said several persons were admitted with severe wounds, such as broken bones. The tornado crossed the Minnesota River near the southern city limits of St. Peter, and entered Le Sueur County near the city of Kasota (see separate entry).","",190
5533107,HYDE CO.,HIGHMORE,08/24/2006,1633,Tornado, ,F0,0,0,0,0,SD,CST, ,1220204,C,69,ABR,0,0,NWS STORM SURVEY, ,.5,20,5,N,5,N,HIGHMORE,08/24/2006,1635,44.58333,-99.43333,44.58333,-99.43333,"A supercell thunderstorm continued on its track to the southeast producing another weak tornado north of Highmore. The tornado crossed highway 14. No damage occurred with this tornado.","",191
5531926,LE SUEUR CO.,KASOTA,08/24/2006,1700,Tornado, ,F3,1,30,20000000,4000000,MN,CST, ,1220023,C,79,MPX,0,0,NWS STORM SURVEY, ,17.5,880, , , , ,KASOTA,08/24/2006,1725,44.56667,-93.3,44.56667,-93.3,"The F3 tornado that began in Nicollet County at 1630 CST moved into Le Sueur County near the northern city limits of Kasota.  Over 100 homes suffered some damage, dozens of homes had major damage, and three were completely leveled.  The tornado moved east-northeast for about ten miles in Le Sueur County, then turned and moved east-southeast until dissipation.  Hundreds of farm animals were killed, including 200 cows at a large dairy.  Approximately five thousand acres of corn and soybeans were estimated to be ruined across the county.  A State Farm spokeswoman said the company expected 4,500 homeowner claims and 8,000 auto claims from the storm.  Some information provided by the Star Tribune newspaper. A 91 year old man perished in the upper floor of his home when a tree crashed through the roof.","",192
5533108,HAND CO.,MILLER,08/24/2006,1707,Tornado, ,F2,0,0,0,0,SD,CST, ,1220205,C,59,ABR,0,0,NWS STORM SURVEY, ,5,300,4,W,4,W,MILLER,08/24/2006,1720,44.51667,-99.06667,44.5,-98.93333,"A supercell thunderstorm on its southeast track produced a fourth tornado in Hand county. This tornado touched down west of Miller. The tornado destroyed a large barn and a car was moved nearly 20 feet. Well built structures were heavily damaged and several were pushed slightly off of their foundations. Significant tree damage also occurred.","",193
5533109,HAND CO.,VAYLAND,08/24/2006,1728,Tornado, ,F2,0,0,0,0,SD,CST, ,1220206,C,59,ABR,0,0,NWS STORM SURVEY, ,5,300,4,S,4,S,VAYLAND,08/24/2006,1737,44.43333,-98.78333,44.41667,-98.68333,"A supercell thunderstorm tracking southeast produced a fifth tornado in Hand county. The tornado touched downed south of Vayland and tracked southeast and into Beadle county. See storm data for southeast South Dakota. The tornado formed in a heavily wooded area tracking along a county road producing F1 damage to several farmsteads. A mobile home was flipped and destroyed. A grain storage building was flipped onto a car. Several homes had significant roof and window damage. Numerous trees were snapped. As the tornado crossed into Beadle county it was producing F2 damage.","",194
5528106,BEADLE CO.,WESSINGTON,08/24/2006,1737,Tornado, ,F3,0,2,15000000,0,SD,CST, ,1219337,C,5,FSD,0,0,EMERGENCY MANAGER, ,19.5,500,2,S,2,S,WESSINGTON,08/24/2006,1818,44.41667,-98.68333,44.31667,-98.26667,"A tornado, entering Beadle County from Hand County to the west, destroyed 8 houses, damaged at least 7 other houses, and destroyed or damaged numerous farm buildings. One of the destroyed houses and several destroyed small buildings were on a farmstead 2 miles south of Wessington, and five large high voltage transmission towers were blown down about 3 miles southeast of Wessington. A woman was cut on the neck at one farm southwest of Wolsey where the house and all other buildings were destroyed; the injury was not life threatening. The tornado tossed a car and 2 pickups up to 50 feet at the same farm. Another non life threatening injury occurred southeast of Wolsey, again on a farm where the house and all buildings were destroyed. Several vehicles were destroyed or damaged. The tornado killed 10 head of cattle at one farmstead just south of Wolsey. The tornado snapped off numerous power poles, caused widespread tree damage, and severely damaged a bridge where it crossed U.S. Highway 14. The tornado also caused crop damage, but the amount of crop damage was not known. The tornado dissipated one and a half miles southwest of Huron.","",195
5528107,BEADLE CO.,HURON,08/24/2006,1818,Tornado, ,F2,0,0,2000000,0,SD,CST, ,1219338,C,5,FSD,0,0,NWS STORM SURVEY, ,7,300,3,SE,3,SE,HURON,08/24/2006,1840,44.31667,-98.16667,44.25,-98.06667,"A tornado severely damaged 3 houses and destroyed or damaged a barn and several smaller buildings on farmsteads. The tornado knocked down power poles, with a transformer on one of the poles starting a brief fire. A tree shelter belt and crops were damaged. The amount of crop damage was not known.","",196
5528108,BEADLE CO.,HURON,08/24/2006,1823,Tornado, ,F0,0,0,0,0,SD,CST, ,1219339,C,5,FSD,0,0,EMERGENCY MANAGER, ,.1,50,2,S,2,S,HURON,08/24/2006,1824,44.33333,-98.21667,44.33333,-98.21667,"A brief tornado caused crop damage. The amount of crop damage was not known.","",197
5528109,KINGSBURY CO.,IROQUOIS,08/24/2006,1856,Tornado, ,F0,0,0,0,0,SD,CST, ,1219340,C,77,FSD,0,0,TRAINED SPOTTER, ,.1,50,6,SSE,6,SSE,IROQUOIS,08/24/2006,1857,44.28333,-97.8,44.28333,-97.8,"A brief tornado caused no reported damage.","",198
5531735,NASSAU CO.,MASSAPEQUA PARK,08/25/2006,1100,Tornado, ,F0,0,0,0,0,NY,EST, ,1220635,C,59,OKX,0,0,NWS STORM SURVEY, ,.2,150,1,E,1,E,MASSAPEQUA PARK,08/25/2006,1105,40.7,-73.45,40.7,-73.45,"","
Heavy showers and thunderstorms produced flash flooding along many major roads, which resulted in road closures.  The most significant flooding occurred along the Deegan and Cross Bronx Expressways, about 2 miles west of East Tremont in the Bronx; along Northern Blvd. of Jackson Heights in Queens; and along the railroad train tracks, Wantagh Ave. and North Jerusalem Road in Wantagh, where up to 3 feet of water submerged cars.  Significant flooding, which resulted in road closures, also occurred in Yaphank.  Up to 2.20 inches of rain was measured in Lake Grove.

A severe thunderstorm produced a weak F0 tornado as it moved across extreme southeast Nassau County and extreme southwest Suffolk County between 12 Noon and 12:15 pm EDT.  This was confirmed by a NWS Storm Survey team.  The tornado's path length was only about one quarter mile long and its' maximum path width was around 150 yards.  There was significant tree damage along its' path.  Rotation was evident in the tops of many trees.  The most damage occurred in East Massapequa between  Merrick Road and Route 27A, Old Sunrise Highway.  It was concentrated around Clocks Blvd. southeast across Melrose Ave. and County Line Road, then across Amityville's Old Fields and Homestead Avenues.  The tornado lifted into the parent cloud before reaching South Ketcham Avenue.

This severe thunderstorm produced damaging winds, large hail, and torrential rain along its' path.  Large tree branches were downed in Wantagh.  Quarter size hail was reported in Farmingdale.  Flash flooding also occurred along its' path.",199
5531736,SUFFOLK CO.,AMITYVILLE,08/25/2006,1105,Tornado, ,F0,0,0,0,0,NY,EST, ,1220635,C,103,OKX,0,0,NWS STORM SURVEY, ,.1,100, , , , ,AMITYVILLE,08/25/2006,1107,40.68333,-73.4,40.68333,-73.4,"","
Heavy showers and thunderstorms produced flash flooding along many major roads, which resulted in road closures.  The most significant flooding occurred along the Deegan and Cross Bronx Expressways, about 2 miles west of East Tremont in the Bronx; along Northern Blvd. of Jackson Heights in Queens; and along the railroad train tracks, Wantagh Ave. and North Jerusalem Road in Wantagh, where up to 3 feet of water submerged cars.  Significant flooding, which resulted in road closures, also occurred in Yaphank.  Up to 2.20 inches of rain was measured in Lake Grove.

A severe thunderstorm produced a weak F0 tornado as it moved across extreme southeast Nassau County and extreme southwest Suffolk County between 12 Noon and 12:15 pm EDT.  This was confirmed by a NWS Storm Survey team.  The tornado's path length was only about one quarter mile long and its' maximum path width was around 150 yards.  There was significant tree damage along its' path.  Rotation was evident in the tops of many trees.  The most damage occurred in East Massapequa between  Merrick Road and Route 27A, Old Sunrise Highway.  It was concentrated around Clocks Blvd. southeast across Melrose Ave. and County Line Road, then across Amityville's Old Fields and Homestead Avenues.  The tornado lifted into the parent cloud before reaching South Ketcham Avenue.

This severe thunderstorm produced damaging winds, large hail, and torrential rain along its' path.  Large tree branches were downed in Wantagh.  Quarter size hail was reported in Farmingdale.  Flash flooding also occurred along its' path.",200
5521791,BRADFORD CO.,STARKE,08/25/2006,1710,Tornado, ,F0,0,0,0,0,FL,EST, ,1215285,C,7,JAX,0,0,LAW ENFORCEMENT, ,.2,30,4,S,4,S,STARKE,08/25/2006,1710,29.9,-82.1,29.9,-82.1,"","A brief tornado touchdown south of Starke was observed by a patrol man. It touched down along Meng Dairy Road and downed a few trees before dissipating. Path width/length estimated, and time approximate based on radar. No circulation was evident on radar.",201
5528663,ELLSWORTH CO.,ELLSWORTH,08/25/2006,1828,Tornado, ,F0,0,0,0,0,KS,CST, ,1219567,C,53,ICT,0,0,TRAINED SPOTTER, ,.5,30,5,NE,5,NE,ELLSWORTH,08/25/2006,1829,38.78333,-98.16667,38.78333,-98.16667,"Touched down briefly in open country.","",202
5528873,MOFFAT CO.,DINOSAUR,08/26/2006,1505,Tornado, ,F1,0,0,0,0,CO,MST, ,1219588,C,81,GJT,0,0,TRAINED SPOTTER, ,8,50,1,N,1,N,DINOSAUR,08/26/2006,1525,40.26667,-109,40.23333,-108.85,"","An oil derrick operator observed a tornado which churned up soil and vegetation over open country.  The eyewitness saw the tornado form into the rope stage about half way along its route, and then reform into its maximum intensity.",203
5532707,ROCK CO.,SHOPIERE,08/26/2006,1733,Tornado, ,F0,0,0,0,2000,WI,CST, ,1220007,C,105,MKX,0,0,LAW ENFORCEMENT, ,.1,20,1,S,1,S,SHOPIERE,08/26/2006,1733,42.55,-88.95,42.55,-88.95,"A brief tornado spun up 1.4 miles due south of Shopiere, or about 3.8 miles west-southwest of Clinton, very near the intersection of Hart Road and Butterfly Road.  It resulted in some minor corn crop damage and tree damage, and was observed by 3 spotters.  This very weak tornado spun up on a wind shift boundary that extended from near Racine to near Beloit.  Showers and isolated thunderstorms developed along this boundary and produced several funnel clouds, and locally heavy rains.  The tornado apparently developed from from the ground up since there wasn't any mesocyclone evidence on the WSR-88D Doppler radar.  Atmospheric wind shear profiles were not supportive of rotating updrafts in thunderstorms.","",204
5525813,CARTERET CO.,STACY,08/27/2006,1429,Tornado, ,F0,0,0,5000,0,NC,EST, ,1218287,C,31,MHX,0,0,LAW ENFORCEMENT, ,.1,25, , , , ,STACY,08/27/2006,1429,34.85,-76.41667,34.85,-76.41667,"Damage to crab shack roof.","",205
5528248,HUTCHINSON CO.,FRITCH,08/27/2006,1942,Tornado, ,F0,0,0,0,0,TX,CST, ,1219535,C,233,AMA,0,0,EMERGENCY MANAGER, ,1.5,25,1,WSW,1,WSW,FRITCH,08/27/2006,1946,35.63333,-101.61667,35.6,-101.61667,"The Emergency Manager from Hutchinson county observed the formation of a tornado near the southwestern corner of Hutchinson county which moved into extreme northwestern Carson county. The tornado was also confirmed by a second observer. The tornado path length and path width were estimated. No damage or injuries were reported as the tornado remained over open country.","Severe thunderstorms produced hail...damaging winds...and a tornado during the evening hours across the central and southcentral Texas panhandle. The worst damage sustained by the high winds were just north of Dumas and also in and near Fritch. No injuries were reported.",206
5532769,PICKAWAY CO.,CIRCLEVILLE,08/28/2006,1722,Tornado, ,F0,0,0,250000,10000,OH,EST, ,1219873,C,129,ILN,0,0,NWS STORM SURVEY, ,1.5,50,6,SSE,6,SSE,CIRCLEVILLE,08/28/2006,1726,39.51667,-82.9,39.51667,-82.9,"A tornado touched down along State Route 361, causing damage to three buildings at the Pickaway Machine and Fabricating Company.  Portions of the aluminum roofing and insulation were removed from these three buildings, and deposited throughout the complex and in a cornfield across Route 361.  Corn stalks at six to eight feet in height were knocked over in a 150 foot wide swath across this cornfield, extending for a mile to the northeast to Boggs Road.  Across Boggs Road, minor tree and limb damage occurred, with part of an open air aluminum shed being blown into a nearby tree line.","",207
5532764,PICKAWAY CO.,TARLTON,08/28/2006,1742,Tornado, ,F0,0,0,1000,0,OH,EST, ,1219873,C,129,ILN,0,0,LAW ENFORCEMENT, ,.1,10,2,SW,2,SW,TARLTON,08/28/2006,1743,39.53333,-82.81667,39.53333,-82.81667,"A tornado briefly touched down along State Route 159.","",208
5532765,FRANKLIN CO.,GROVE CITY,08/28/2006,1810,Tornado, ,F0,0,0,1000,0,OH,EST, ,1219873,C,49,ILN,0,0,BROADCAST MEDIA, ,.1,10,3,NE,3,NE,GROVE CITY,08/28/2006,1811,39.91667,-83.05,39.91667,-83.05,"A tornado briefly touched down near the intersection of US Route 23 and Interstate 270 on the south side of the Columbus metro area.","",209
5532766,FRANKLIN CO.,BEXLEY,08/28/2006,1828,Tornado, ,F0,0,0,1000,0,OH,EST, ,1219873,C,49,ILN,0,0,AMATEUR RADIO, ,.1,10,3,S,3,S,BEXLEY,08/28/2006,1829,39.91667,-82.91667,39.91667,-82.91667,"A tornado briefly touched down near the intersection of State Route 104 and US Route 33.","",210
5529050,ADAMS CO.,DECATUR,08/28/2006,1855,Tornado, ,F1,0,0,125000,5000,IN,EST, ,1218523,C,1,IWX,0,0,NWS STORM SURVEY, ,2,75,2,E,2,E,DECATUR,08/28/2006,1914,40.83333,-84.9,40.83333,-84.85,"The tornado briefly touched down 2 miles east of Decatur, in the Briarwood subdivision, at the intersection of US 224 and CR 200 E. Part of a roof was ripped off, with a garage door being pulled out. A leaf was found sucked up under a piece of siding. The tornado crossed 200 E, damaging some trees, blowing a barn door in and flattening a small area of soy beans before lifting. The funnel moved across US 224 and touched down about a quarter mile from where it lifted. A parked car was flipped, totallin","",211
5521674,RUSH CO.,MAYS,08/28/2006,1917,Tornado, ,F0,0,0,50000,10000,IN,EST, ,1215249,C,139,IND,0,0,NWS STORM SURVEY, ,.6,75,2,WNW,2,WNW,MAYS,08/28/2006,1918,39.76667,-85.46667,39.76667,-85.46667,"A weak tornado touched down in Rush County on the evening of 28 August 2006.  The tornado was observed by the representatives of the county emergency management agency and sheriff's department.  Two homes sustained minor roof damage and several small outbuildings were damaged or destroyed.  Some corn was destroyed as well.","An isolated severe thunderstorm produced a tornado and nickel size hail in Rush County.",212
5532767,MERCER CO.,ST HENRY,08/28/2006,2020,Tornado, ,F0,0,0,20000,20000,OH,EST, ,1219873,C,107,ILN,0,0,NWS STORM SURVEY, ,.8,60,2,SW,2,SW,ST HENRY,08/28/2006,2024,40.4,-84.66667,40.4,-84.65,"A tornado touched down southwest of St. Henry.  A house sustained some minor damage to the roof tiles.  Tree branches were downed in the area, and a swath of corn and bean crops was knocked down.","",213
5529052,PUTNAM CO.,FT JENNINGS,08/28/2006,2045,Tornado, ,F1,0,0,15000,10000,OH,EST, ,1218524,C,137,IWX,0,0,NWS STORM SURVEY, ,1,75,1,NW,1,NW,FT JENNINGS,08/28/2006,2048,40.9,-84.3,40.91667,-84.28333,"A brief tornado occurred about three-quarters of a mile northwest of Fort Jennings at about 945 pm EDT. The tornado was on the ground for about 1 mile and traveled northeast, crossing County Road R and Ohio State Route 634. The tornado was about 75 yards wide at its broadest point. Damage observed by the survey team included roof and siding damage to several homes and garages. A pole barn received substantial damage and its metal doors were pushed inward, with a section of roof ripped off. Another barn was completely destroyed. Damage to structures is estimated at $15,000. Crop damage was noted with corn knocked down and soy bean fields scoured, estimated at $10,000.","",214
5532768,AUGLAIZE CO.,NEW KNOXVILLE,08/28/2006,2100,Tornado, ,F0,0,0,100000,0,OH,EST, ,1219873,C,11,ILN,0,0,NWS STORM SURVEY, ,.8,300, , , , ,NEW KNOXVILLE,08/28/2006,2103,40.51667,-84.31667,40.51667,-84.31667,"A tornado moved through portions of New Knoxville.  Minor damage occurred to numerous homes, and several trees were knocked down along the path of the tornado.  Some of the debris was deposited on a runway at Neil Armstrong Airport.","",215
5529526,CHESTER CO.,LANDENBERG,08/29/2006,1440,Tornado, ,F1,0,0,75000,25000,PA,EST, ,1218693,C,29,PHI,0,0,NWS STORM SURVEY, ,2,150, , , , ,LANDENBERG,08/29/2006,1445,39.78333,-75.76667,39.8,-75.73333,"","An F1 (Fujita Scale) tornado touched down in the Landenburg area of New Garden Township. The tornado initially touched down southwest of Pennsylvania State Route 41 near Cooper Road. It moved southeast parallel of the sate route and proceeded to do some of its worst damage on Penn Green Road. A trailer was pushed off its foundation. The tornado then tore the roof off a service building at Guizzetti Mushroom Farm and damaged the roof of three mushroom houses. One of the mushroom house doors were ripped away. The mushrooms were also damaged. The remains of the repair shop were found up to mile upwind. The tornado then crossed Starr Road, Newark Road and Egypt Run Road before it lifted. The tornado's path barely just passed bythe Kennett Middle School by several hundred yards. It also just barely missed a township building. Some of the worst tree damage was on Penn Green Road, Egypt Run Road and sections of Reynolds and Sunnydell Street. Egypt Run Road, Pennsylvania State Route 41 and Starr Road were closed because of downed trees. A shed rolled over and was destroyed on Belmont Circle. Egypt Run Road home was blown off one home. In all about six homes suffered minor damage on Starr, Egypt Run and Reynolds Roads. About 150 homes and businesses lost power. Power was restored By 11 p.m. EDT on the 30th. The tornado's path length was estimated at about 2.0 miles with the maximum path width of about 150 yards. The estimated maximum winds were about 100 mph.",216
5529838,APACHE CO.,ALPINE,08/30/2006,1100,Tornado, ,F0,0,0,0,0,AZ,MST, ,1219133,C,1,FGZ,0,0,GENERAL PUBLIC, ,1,10, , , , ,ALPINE,08/30/2006,1105,33.85,-109.13333,33.85,-109.13333,"A waterspout formed over the west end of Big Lake (about 15 miles west of Alpine).  The spout lifted water into the air then moved into the forest.","",217
5525752,OSCEOLA CO.,DEER PARK,08/30/2006,1438,Tornado, ,F0,0,0,0,0,FL,EST, ,1218277,C,97,MLB,0,0,GOVT OFFICIAL, ,.2,30,2,N,2,N,DEER PARK,08/30/2006,1438,28.12,-80.9,28.12,-80.9,"County workers photographed an F0 tornado on the ground just north of Deer Park. No significant damage was noted.","",218
5525753,OSCEOLA CO.,HOLOPAW,08/30/2006,1450,Tornado, ,F0,0,0,0,0,FL,EST, ,1218277,C,97,MLB,0,0,GOVT OFFICIAL, ,.2,30,1,SW,1,SW,HOLOPAW,08/30/2006,1450,28.11667,-81.08333,28.11667,-81.08333,"County workers watched an F0 tornado touch down in a wooded area just southwest of Holopaw.  No other damage was noted.","",219
5525814,CARTERET CO.,MOREHEAD CITY,08/31/2006,1725,Tornado, ,F0,0,0,10000,0,NC,EST, ,1218288,C,31,MHX,0,0,LAW ENFORCEMENT, ,.1,25, , , , ,MOREHEAD CITY,08/31/2006,1725,34.71667,-76.7,34.71667,-76.7,"Weak tornado damaged roof in downtown Morehead City.","TROPICAL STORM ERNESTO, WITH MAXIMUM SUSTAINED WINDS OF 70 MPH, MADE LANDFALL ON AUGUST 31ST DURING THE LATE EVENING HOURS. THE  STRONG TROPICAL STORM MOVED ACROSS THE COASTAL PLAINS REGION DURING THE EARLY MORNING HOURS ON FRIDAY SEPTEMBER 1ST. IN GENERAL, WIND GUSTS RANGED FROM 40 TO 60 MPH WITH THE HIGHEST GUSTS NEAR 70 MPH ALONG THE COASTAL SECTIONS OF ONSLOW COUNTY. MINOR STORM SURGE FLOODING AND BEACH EROSION OCCURRED ALONG THE ONSLOW AND CARTERET COUNTY COAST LINE AND THE NEUSE RIVER. MORE SIGNIFICANT SURGE OCCURRED ALONG THE PAMLICO RIVER IN BEAUFORT COUNTY WHERE EVACUATIONS WERE ORDERED. STORM TOTAL RAINFALL RANGED FROM 4 INCHES TO NEAR 10 INCHES. THIS HEAVY RAINFALL RESULTED IN EXTENSIVE FRESH WATER FLOODING AND EVENTUAL RIVER FLOODING ACROSS THE AREA WITH SOME PRIMARY AND MANY SECONDARY ROADS FLOODED. THE NORTHEAST CAPE FEAR RIVER AT CHINQUAPIN REMAINED IN MAJOR FLOOD FROM SEPTEMBER 2ND THROUGH SEPTEMBER 7TH RESULTING OF FLOODING OF PRIMARY ROADS AND HOMES FORCING THE EVACUATION OF MANY RESIDENTS IN THE CHINQUAPIN AREA. HEAVY RAINFALL DURING THE EVENING OF AUGUST 31ST THROUGH THE EARLY MORNING HOURS OF SEPTEMBER 1ST RESULTED IN EXTENSIVE FLOODING OF LOW LYING AREAS, ROADS, AND STREAMS ACROSS EASTERN NORTH CAROLINA, MAINLY WEST OF THE HIGHWAY 17 CORRIDOR. AREAL FLOOD WARNINGS WERE ISSUED FOR MOST OF THE COUNTY WARNING AREA AS ERNESTO MOVED ACROSS THE COASTAL PLAINS COUNTIES OF EASTERN NORTH CAROLINA. DUPLIN COUNTY WAS HARDEST HIT WITH PRIMARY ROADS FLOODED INCLUDING A 12 MILE STRETCH OF INTERSTATE 40. MANY STREAMS AND ROADS ACROSS THE COASTAL PLAINS COUNTIES REMAINED FLOODED FOR SEVERAL DAYS. FRESHWATER FLOODING AND RIVER FLOODING FROM ERNESTO CAUSED MOST OF THE DAMAGES ACROSS EASTERN NORTH CAROLINA. THE MOST SIGNIFICANT STORM SURGE EFFECTS OCCURRED ALONG THE PAMLICO AND PUNGO RIVERS IN BEAUFORT COUNTY WHERE ESTIMATED WATER LEVEL RISES OF 4 TO 6 FEET RESULTED IN FLOODING OF MANY ROADS, LOW LYING AREAS, HOMES, AND BUSINESSES IN WASHINGTON, WHICHARDS BEACH, AND BELHAVEN. HIGHEST WIND GUSTS OCCURRED IN THE COASTAL PLAINS COUNTIES WITH GUSTS NEAR 70 MPH ALONG COASTAL ONSLOW COUNTY WITH WIND DAMAGE REPORTED. THIRTY HOMES AND BUSINESSES WERE DAMAGED, MAINLY FROM FRESHWATER FLOODING, IN ONSLOW COUNTY WITH DAMAGES ESTIMATED NEAR 1/2 MILLION DOLLARS. THIRTY HOMES WERE FLOODED OR REPORTED WIND DAMAGE IN JONES COUNTY WITH DAMAGE ESTIMATES OVER ONE HUNDRED THOUSAND DOLLARS. CROP DAMAGE IN JONES COUNTY WAS ESTIMATED UP TO 5 MILLION DOLLARS. FRESHWATER FLOODING WAS EXTENSIVE IN DUPLIN COUNTY, AND MAJOR RIVER FLOODING OCCURRED ALONG THE NORTHEAST CAPE FEAR RIVER NEAR CHINQUAPIN WHERE SEVERAL PRIMARY AND MANY SECONDARY ROADS WERE FLOODED FOR NEARLY ONE WEEK. EVACUATIONS OF MANY HOMES, AND RESCUES DUE TO HIGH WATER WERE REQUIRED ACROSS SEVERAL LOCATIONS ACROSS THE COUNTY, ESPECIALLY NEAR CHINQUAPIN.  AN ESTIMATED SOUNDSIDE FLOODING OF 3 FEET OCCURRED AT COLLINGTON HARBOR IN DARE COUNTY WHERE SEVERAL HOMES AND BUSINESSES WERE FLOODED WITH AN ESTIMATED FIFTY THOUSAND DOLLARS IN DAMAGES OCCURRED. MINOR WIND OR FLOODING DAMAGES WERE REPORTED IN MANY OTHER COUNTIES IN EASTERN NORTH CAROLINA. THREE WEAK TORNADOES REPORTED ACROSS CARTERET AND ONSLOW COUNTIES RESULTED IN MINOR DAMAGE.",220
5525815,CARTERET CO.,STACY,08/31/2006,1805,Tornado, ,F0,0,0,0,0,NC,EST, ,1218288,C,31,MHX,0,0,GENERAL PUBLIC, ,.1,50, , , , ,STACY,08/31/2006,1805,34.85,-76.41667,34.85,-76.41667,"Large Waterspout moved onshore near Stacy with no damage reported.","TROPICAL STORM ERNESTO, WITH MAXIMUM SUSTAINED WINDS OF 70 MPH, MADE LANDFALL ON AUGUST 31ST DURING THE LATE EVENING HOURS. THE  STRONG TROPICAL STORM MOVED ACROSS THE COASTAL PLAINS REGION DURING THE EARLY MORNING HOURS ON FRIDAY SEPTEMBER 1ST. IN GENERAL, WIND GUSTS RANGED FROM 40 TO 60 MPH WITH THE HIGHEST GUSTS NEAR 70 MPH ALONG THE COASTAL SECTIONS OF ONSLOW COUNTY. MINOR STORM SURGE FLOODING AND BEACH EROSION OCCURRED ALONG THE ONSLOW AND CARTERET COUNTY COAST LINE AND THE NEUSE RIVER. MORE SIGNIFICANT SURGE OCCURRED ALONG THE PAMLICO RIVER IN BEAUFORT COUNTY WHERE EVACUATIONS WERE ORDERED. STORM TOTAL RAINFALL RANGED FROM 4 INCHES TO NEAR 10 INCHES. THIS HEAVY RAINFALL RESULTED IN EXTENSIVE FRESH WATER FLOODING AND EVENTUAL RIVER FLOODING ACROSS THE AREA WITH SOME PRIMARY AND MANY SECONDARY ROADS FLOODED. THE NORTHEAST CAPE FEAR RIVER AT CHINQUAPIN REMAINED IN MAJOR FLOOD FROM SEPTEMBER 2ND THROUGH SEPTEMBER 7TH RESULTING OF FLOODING OF PRIMARY ROADS AND HOMES FORCING THE EVACUATION OF MANY RESIDENTS IN THE CHINQUAPIN AREA. HEAVY RAINFALL DURING THE EVENING OF AUGUST 31ST THROUGH THE EARLY MORNING HOURS OF SEPTEMBER 1ST RESULTED IN EXTENSIVE FLOODING OF LOW LYING AREAS, ROADS, AND STREAMS ACROSS EASTERN NORTH CAROLINA, MAINLY WEST OF THE HIGHWAY 17 CORRIDOR. AREAL FLOOD WARNINGS WERE ISSUED FOR MOST OF THE COUNTY WARNING AREA AS ERNESTO MOVED ACROSS THE COASTAL PLAINS COUNTIES OF EASTERN NORTH CAROLINA. DUPLIN COUNTY WAS HARDEST HIT WITH PRIMARY ROADS FLOODED INCLUDING A 12 MILE STRETCH OF INTERSTATE 40. MANY STREAMS AND ROADS ACROSS THE COASTAL PLAINS COUNTIES REMAINED FLOODED FOR SEVERAL DAYS. FRESHWATER FLOODING AND RIVER FLOODING FROM ERNESTO CAUSED MOST OF THE DAMAGES ACROSS EASTERN NORTH CAROLINA. THE MOST SIGNIFICANT STORM SURGE EFFECTS OCCURRED ALONG THE PAMLICO AND PUNGO RIVERS IN BEAUFORT COUNTY WHERE ESTIMATED WATER LEVEL RISES OF 4 TO 6 FEET RESULTED IN FLOODING OF MANY ROADS, LOW LYING AREAS, HOMES, AND BUSINESSES IN WASHINGTON, WHICHARDS BEACH, AND BELHAVEN. HIGHEST WIND GUSTS OCCURRED IN THE COASTAL PLAINS COUNTIES WITH GUSTS NEAR 70 MPH ALONG COASTAL ONSLOW COUNTY WITH WIND DAMAGE REPORTED. THIRTY HOMES AND BUSINESSES WERE DAMAGED, MAINLY FROM FRESHWATER FLOODING, IN ONSLOW COUNTY WITH DAMAGES ESTIMATED NEAR 1/2 MILLION DOLLARS. THIRTY HOMES WERE FLOODED OR REPORTED WIND DAMAGE IN JONES COUNTY WITH DAMAGE ESTIMATES OVER ONE HUNDRED THOUSAND DOLLARS. CROP DAMAGE IN JONES COUNTY WAS ESTIMATED UP TO 5 MILLION DOLLARS. FRESHWATER FLOODING WAS EXTENSIVE IN DUPLIN COUNTY, AND MAJOR RIVER FLOODING OCCURRED ALONG THE NORTHEAST CAPE FEAR RIVER NEAR CHINQUAPIN WHERE SEVERAL PRIMARY AND MANY SECONDARY ROADS WERE FLOODED FOR NEARLY ONE WEEK. EVACUATIONS OF MANY HOMES, AND RESCUES DUE TO HIGH WATER WERE REQUIRED ACROSS SEVERAL LOCATIONS ACROSS THE COUNTY, ESPECIALLY NEAR CHINQUAPIN.  AN ESTIMATED SOUNDSIDE FLOODING OF 3 FEET OCCURRED AT COLLINGTON HARBOR IN DARE COUNTY WHERE SEVERAL HOMES AND BUSINESSES WERE FLOODED WITH AN ESTIMATED FIFTY THOUSAND DOLLARS IN DAMAGES OCCURRED. MINOR WIND OR FLOODING DAMAGES WERE REPORTED IN MANY OTHER COUNTIES IN EASTERN NORTH CAROLINA. THREE WEAK TORNADOES REPORTED ACROSS CARTERET AND ONSLOW COUNTIES RESULTED IN MINOR DAMAGE.",221
5525816,ONSLOW CO.,SNEADS FERRY,08/31/2006,2030,Tornado, ,F0,0,0,0,0,NC,EST, ,1218288,C,133,MHX,0,0,TRAINED SPOTTER, ,.2,25,1,NW,1,NW,SNEADS FERRY,08/31/2006,2030,34.56667,-77.41667,34.56667,-77.41667,"Spotter reported tornado.","TROPICAL STORM ERNESTO, WITH MAXIMUM SUSTAINED WINDS OF 70 MPH, MADE LANDFALL ON AUGUST 31ST DURING THE LATE EVENING HOURS. THE  STRONG TROPICAL STORM MOVED ACROSS THE COASTAL PLAINS REGION DURING THE EARLY MORNING HOURS ON FRIDAY SEPTEMBER 1ST. IN GENERAL, WIND GUSTS RANGED FROM 40 TO 60 MPH WITH THE HIGHEST GUSTS NEAR 70 MPH ALONG THE COASTAL SECTIONS OF ONSLOW COUNTY. MINOR STORM SURGE FLOODING AND BEACH EROSION OCCURRED ALONG THE ONSLOW AND CARTERET COUNTY COAST LINE AND THE NEUSE RIVER. MORE SIGNIFICANT SURGE OCCURRED ALONG THE PAMLICO RIVER IN BEAUFORT COUNTY WHERE EVACUATIONS WERE ORDERED. STORM TOTAL RAINFALL RANGED FROM 4 INCHES TO NEAR 10 INCHES. THIS HEAVY RAINFALL RESULTED IN EXTENSIVE FRESH WATER FLOODING AND EVENTUAL RIVER FLOODING ACROSS THE AREA WITH SOME PRIMARY AND MANY SECONDARY ROADS FLOODED. THE NORTHEAST CAPE FEAR RIVER AT CHINQUAPIN REMAINED IN MAJOR FLOOD FROM SEPTEMBER 2ND THROUGH SEPTEMBER 7TH RESULTING OF FLOODING OF PRIMARY ROADS AND HOMES FORCING THE EVACUATION OF MANY RESIDENTS IN THE CHINQUAPIN AREA. HEAVY RAINFALL DURING THE EVENING OF AUGUST 31ST THROUGH THE EARLY MORNING HOURS OF SEPTEMBER 1ST RESULTED IN EXTENSIVE FLOODING OF LOW LYING AREAS, ROADS, AND STREAMS ACROSS EASTERN NORTH CAROLINA, MAINLY WEST OF THE HIGHWAY 17 CORRIDOR. AREAL FLOOD WARNINGS WERE ISSUED FOR MOST OF THE COUNTY WARNING AREA AS ERNESTO MOVED ACROSS THE COASTAL PLAINS COUNTIES OF EASTERN NORTH CAROLINA. DUPLIN COUNTY WAS HARDEST HIT WITH PRIMARY ROADS FLOODED INCLUDING A 12 MILE STRETCH OF INTERSTATE 40. MANY STREAMS AND ROADS ACROSS THE COASTAL PLAINS COUNTIES REMAINED FLOODED FOR SEVERAL DAYS. FRESHWATER FLOODING AND RIVER FLOODING FROM ERNESTO CAUSED MOST OF THE DAMAGES ACROSS EASTERN NORTH CAROLINA. THE MOST SIGNIFICANT STORM SURGE EFFECTS OCCURRED ALONG THE PAMLICO AND PUNGO RIVERS IN BEAUFORT COUNTY WHERE ESTIMATED WATER LEVEL RISES OF 4 TO 6 FEET RESULTED IN FLOODING OF MANY ROADS, LOW LYING AREAS, HOMES, AND BUSINESSES IN WASHINGTON, WHICHARDS BEACH, AND BELHAVEN. HIGHEST WIND GUSTS OCCURRED IN THE COASTAL PLAINS COUNTIES WITH GUSTS NEAR 70 MPH ALONG COASTAL ONSLOW COUNTY WITH WIND DAMAGE REPORTED. THIRTY HOMES AND BUSINESSES WERE DAMAGED, MAINLY FROM FRESHWATER FLOODING, IN ONSLOW COUNTY WITH DAMAGES ESTIMATED NEAR 1/2 MILLION DOLLARS. THIRTY HOMES WERE FLOODED OR REPORTED WIND DAMAGE IN JONES COUNTY WITH DAMAGE ESTIMATES OVER ONE HUNDRED THOUSAND DOLLARS. CROP DAMAGE IN JONES COUNTY WAS ESTIMATED UP TO 5 MILLION DOLLARS. FRESHWATER FLOODING WAS EXTENSIVE IN DUPLIN COUNTY, AND MAJOR RIVER FLOODING OCCURRED ALONG THE NORTHEAST CAPE FEAR RIVER NEAR CHINQUAPIN WHERE SEVERAL PRIMARY AND MANY SECONDARY ROADS WERE FLOODED FOR NEARLY ONE WEEK. EVACUATIONS OF MANY HOMES, AND RESCUES DUE TO HIGH WATER WERE REQUIRED ACROSS SEVERAL LOCATIONS ACROSS THE COUNTY, ESPECIALLY NEAR CHINQUAPIN.  AN ESTIMATED SOUNDSIDE FLOODING OF 3 FEET OCCURRED AT COLLINGTON HARBOR IN DARE COUNTY WHERE SEVERAL HOMES AND BUSINESSES WERE FLOODED WITH AN ESTIMATED FIFTY THOUSAND DOLLARS IN DAMAGES OCCURRED. MINOR WIND OR FLOODING DAMAGES WERE REPORTED IN MANY OTHER COUNTIES IN EASTERN NORTH CAROLINA. THREE WEAK TORNADOES REPORTED ACROSS CARTERET AND ONSLOW COUNTIES RESULTED IN MINOR DAMAGE.",222
5534777,FRANKLIN CO.,COULTER,09/02/2006,1346,Tornado, ,F0,0,0,0,1000,IA,CST, ,1220861,C,69,DMX,0,0,LAW ENFORCEMENT, ,.2,30,3,SW,3,SW,COULTER,09/02/2006,1346,42.7,-93.41667,42.7,-93.41667,"Brief tornado touchdown in open fields.","A cold front advanced into Iowa in advance of a strong upper air low pressure that was over central South Dakota.  Instability was marginal with CAPE values in the 1000 J/kg range and lifted indices in the -2 to -4 C. range.  A weak shear environment was in place with 20 kts or less of shear in the 0-6 km layer.  Much of the CAPE that was available was in the lowest levels of the atmosphere.  Thunderstorms erupted along the initial surface boundary during peak heating.  With LCL in the 600-1000 meter range, combined with the amount of low level CAPE, the thunderstorms produced numerous funnel clouds.  There were three reported touchdowns.  They were actually more of a landspout that a full fledged tornado.  Little damage occurred as they touched down briefly in open farm files.  The thunderstorms also produced some localized very heavy rainfall.  Satellite pictures shows evidence of a strong tropical connection to Hurricane John in the east Pacific.  Local rainfall of 3 to 4.5 inches in about an hour was reported on the west side of the Des Moines metropolitan area.  There were several reports of 1 to 3 inch rainfall along the Interstate 35 corridor.  Some local street flooding was reported through this area.",223
5534779,FRANKLIN CO.,DOWS,09/02/2006,1350,Tornado, ,F0,0,0,0,1000,IA,CST, ,1220861,C,69,DMX,0,0,BROADCAST MEDIA, ,.2,30,2,N,2,N,DOWS,09/02/2006,1350,42.68333,-93.5,42.68333,-93.5,"Brief tornado touchdown in open fields.","A cold front advanced into Iowa in advance of a strong upper air low pressure that was over central South Dakota.  Instability was marginal with CAPE values in the 1000 J/kg range and lifted indices in the -2 to -4 C. range.  A weak shear environment was in place with 20 kts or less of shear in the 0-6 km layer.  Much of the CAPE that was available was in the lowest levels of the atmosphere.  Thunderstorms erupted along the initial surface boundary during peak heating.  With LCL in the 600-1000 meter range, combined with the amount of low level CAPE, the thunderstorms produced numerous funnel clouds.  There were three reported touchdowns.  They were actually more of a landspout that a full fledged tornado.  Little damage occurred as they touched down briefly in open farm files.  The thunderstorms also produced some localized very heavy rainfall.  Satellite pictures shows evidence of a strong tropical connection to Hurricane John in the east Pacific.  Local rainfall of 3 to 4.5 inches in about an hour was reported on the west side of the Des Moines metropolitan area.  There were several reports of 1 to 3 inch rainfall along the Interstate 35 corridor.  Some local street flooding was reported through this area.",224
5534778,FRANKLIN CO.,SHEFFIELD,09/02/2006,1437,Tornado, ,F0,0,0,0,1000,IA,CST, ,1220861,C,69,DMX,0,0,TRAINED SPOTTER, ,.2,30,7,W,7,W,SHEFFIELD,09/02/2006,1437,42.9,-93.33333,42.9,-93.33333,"Brief tornado touchdown in open fields.","A cold front advanced into Iowa in advance of a strong upper air low pressure that was over central South Dakota.  Instability was marginal with CAPE values in the 1000 J/kg range and lifted indices in the -2 to -4 C. range.  A weak shear environment was in place with 20 kts or less of shear in the 0-6 km layer.  Much of the CAPE that was available was in the lowest levels of the atmosphere.  Thunderstorms erupted along the initial surface boundary during peak heating.  With LCL in the 600-1000 meter range, combined with the amount of low level CAPE, the thunderstorms produced numerous funnel clouds.  There were three reported touchdowns.  They were actually more of a landspout that a full fledged tornado.  Little damage occurred as they touched down briefly in open farm files.  The thunderstorms also produced some localized very heavy rainfall.  Satellite pictures shows evidence of a strong tropical connection to Hurricane John in the east Pacific.  Local rainfall of 3 to 4.5 inches in about an hour was reported on the west side of the Des Moines metropolitan area.  There were several reports of 1 to 3 inch rainfall along the Interstate 35 corridor.  Some local street flooding was reported through this area.",225
5531797,DUVAL CO.,MAYPORT,09/07/2006,1302,Tornado, ,F0,0,0,0,0,FL,EST, ,1219765,C,31,JAX,0,0,NWS EMPLOYEE(OFF DUTY), ,1,25,1,W,1,W,MAYPORT,09/07/2006,1312,30.4,-81.45,30.4,-81.45,"","An off duty NWS employee reported a waterspout over the St. Johns River near Mayport. Several other reports were received by the general public and TV meteorologists.  A SPECI report from Craig Airfield reported a waterspout at 1759 local time, located NW of the airfield about 7 miles away.  The waterspout dissipated before moving over land.",226
5534704,DONA ANA CO.,LAS CRUCES,09/13/2006,1410,Tornado, ,F0,0,0,0,0,NM,MST, ,1220857,C,13,EPZ,0,0,LAW ENFORCEMENT, ,.2,30,5,SW,5,SW,LAS CRUCES,09/13/2006,1413,32.26667,-106.85,32.26667,-106.85,"A Las Cruces City Police officer sighted a tornado which briefly touched down west of Mesilla. It was in an area with no structures.","A heavy precipitation supercell thunderstorm tracked from far eastern Luna County eastward along Interstate 10 through Las Cruces. This storm dropped golf ball size hail throughout most of its lifetime, resulting in a 4 car collision on Interstate 10 in far eastern Luna County, and hundreds of damaged roofs and automobiles and destroyed skylights in Mesilla and south Las Cruces. The US Border Patrol Checkpoint  was evacuated. Wind damage from a possible tornado occurred at the state fairgrounds west of Las Cruces (mainly to outbuildings and trees), while a tornado was sighted briefly just west of Mesilla. This was the costliest hail storm in the history of the NWS El Paso county warning area, totaling more than $10 million in damage from large hail driven by strong winds. Finally, 2 inches of rain within 30 minutes caused flash flooding in Picacho Hills (far west Las Cruces) and forced the closure of  I-10 in western Dona Ana County.",227
5534437,BUFFALO CO.,RAVENNA,09/15/2006,1630,Tornado, ,F0,0,0,40000,0,NE,CST, ,1220824,C,19,GID,0,0,TRAINED SPOTTER, ,.1,25,10,S,10,S,RAVENNA,09/15/2006,1630,40.88333,-98.93333,40.88333,-98.93333,"A tornado briefly touched ground and destroyed an old barn south of Ravenna","Thunderstorms developed in the late afternoon southwest of Holdrege and moved east across the region. These thunderstorms brought hail up to the size of baseballs and a tornado to parts of south-central Nebraska. Hailstones up to 2 inches in diameter damaged homes and trees in the Holdrege area and gusty winds brought down power lines across northern Phelps county.  The storms increased in intensity as they moved toward the tri-cites. One tornado briefly sat down in eastern Buffalo county where it destroyed a barn south of Ravenna. Baseball sized hail was reported in the central and northern portions of Grand Island where cars, homes and trees were damaged. Two-inch diameter hail was reported across northern Adams county and gusty winds also caused power outages in the Trumbull and Hanson areas.  The storms continued to rumble to the east during the evening hours and dropped hail up to the size of golf balls and wind gusts around 70 mph. Large tree limbs were downed in Shelby and Fullerton. The severe weather delayed several area football games.",228
5531695,POLK CO.,FROSTPROOF,09/15/2006,1824,Tornado, ,F0,0,0,0,0,FL,EST, ,1220778,C,105,TBW,0,0,GENERAL PUBLIC, ,.7,50,2,SE,2,SE,FROSTPROOF,09/15/2006,1830,27.71667,-81.51667,27.7,-81.51667,"A tornado was reported on the ground by the general public. Power lines were snapped by the torndo but no significant damage was reported. Nickel size hail was also reported.","",229
5533651,BUTLER CO.,SURPRISE,09/15/2006,1905,Tornado, ,F2,0,0,0,0,NE,CST, ,1221696,C,23,OAX,0,0,EMERGENCY MANAGER, ,1,100, , , , ,SURPRISE,09/15/2006,1907,41.1,-97.31667,41.11667,-97.3,"A tornado did extensive tree damage and some structual damage throughout the town of Surprise including destroying a mobile home and tearing the roof off of a bar.  The tornado was embedded in a larger downburst area that did damage over a 28 square mile area surrounding Surprise according a NWS storm survey.  The tornado was rated an F2 in Surprise, where it initially touched down, and then weakened and lifted a few minutes later 1 mile northeast of town.","",230
5534010,CLARK CO.,ASHLAND,09/15/2006,1917,Tornado, ,F0,0,0,0,0,KS,CST, ,1221446,C,25,DDC,0,0,BROADCAST MEDIA, ,.6,20,10,SW,10,SW,ASHLAND,09/15/2006,1921,37.08333,-99.9,37.08333,-99.9,"This was a brief tornado that did not hit anything to cause damage.","",231
5534034,KIOWA CO.,GREENSBURG,09/15/2006,2154,Tornado, ,F0,0,0,0,0,KS,CST, ,1221446,C,97,DDC,0,0,BROADCAST MEDIA, ,.3,20,8,NW,8,NW,GREENSBURG,09/15/2006,2156,37.68333,-99.4,37.68333,-99.4,"This was very brief tornado.","",232
5533516,MCCOOK CO.,BRIDGEWATER,09/16/2006,1510,Tornado, ,F2,0,0,100000,0,SD,CST, ,1221487,C,87,FSD,0,0,NWS STORM SURVEY, ,12,100,1,N,1,N,BRIDGEWATER,09/16/2006,1530,43.55,-97.5,43.7,-97.28333,"A tornado affected 3 farmsteads, destroying numerous outbuildings, damaging farm equipment and a home, killing at least 5 cattle and injuring others. The tornado also damaged a hog confinement building and overturned a semi trailer on Interstate 90.","",233
5533795,CLARK CO.,CLARK,09/16/2006,1537,Tornado, ,F0,0,0,0,0,SD,CST, ,1221400,C,25,ABR,0,0,COOP STATION, ,.1,10,4,W,4,W,CLARK,09/16/2006,1538,44.88333,-97.8,44.88333,-97.8,"A weak tornado touched down briefly west of Clark. The tornado caused no damage.","",234
5533796,CLARK CO.,CLARK,09/16/2006,1550,Tornado, ,F0,0,0,0,0,SD,CST, ,1221401,C,25,ABR,0,0,LAW ENFORCEMENT, ,.1,10,4,N,4,N,CLARK,09/16/2006,1551,44.93333,-97.71667,44.93333,-97.71667,"A weak tornado touched down briefly north of Clark. The tornado caused no damage.","",235
5533517,MINNEHAHA CO.,COLTON,09/16/2006,1554,Tornado, ,F1,0,0,10000,0,SD,CST, ,1221488,C,99,FSD,0,0,NWS STORM SURVEY, ,.6,50,3,NNE,3,NNE,COLTON,09/16/2006,1555,43.81667,-96.91667,43.83333,-96.9,"A tornado destroyed several outbuildings and damaged power lines. The tornado developed just southwest of the intersection of 3 counties, moving briefly over a small corner of Lake County, then crossing into Moody County, where the tornado dissipated 3 minutes after it developed.","",236
5533562,LAKE CO.,CHESTER,09/16/2006,1555,Tornado, ,F0,0,0,0,0,SD,CST, ,1221489,C,79,FSD,0,0,NWS STORM SURVEY, ,.6,50,4,SSE,4,SSE,CHESTER,09/16/2006,1556,43.85,-96.9,43.86667,-96.88333,"A tornado that caused F1 damage in Minnehaha County crossed over a small corner of southeast Lake County before crossing into Moody County, affecting 3 counties during its 3 minute existence. No damage was reported in Lake County.","",237
5533563,MOODY CO.,COLMAN,09/16/2006,1556,Tornado, ,F0,0,0,0,0,SD,CST, ,1221490,C,101,FSD,0,0,NWS STORM SURVEY, ,.6,50,10,SSW,10,SSW,COLMAN,09/16/2006,1557,43.85,-96.9,43.85,-96.88333,"A tornado which caused F1 damage in Minnehaha County then crossed over a small corner of Lake County also moved briefly into Moody County before dissipating. No damage was reported in Moody County.","",238
5533568,BROOKINGS CO.,BROOKINGS,09/16/2006,1605,Tornado, ,F0,0,0,0,0,SD,CST, ,1221495,C,11,FSD,0,0,NWS STORM SURVEY, ,.4,50,1,E,1,E,BROOKINGS,09/16/2006,1606,44.31667,-96.76667,44.31667,-96.75,"A brief tornado caused no reported damage.","",239
5533571,BRULE CO.,KIMBALL,09/16/2006,1612,Tornado, ,F0,0,0,0,0,SD,CST, ,1221497,C,15,FSD,0,0,LAW ENFORCEMENT, ,.1,50,2,NNE,2,NNE,KIMBALL,09/16/2006,1613,43.78333,-98.93333,43.78333,-98.93333,"A brief tornado caused no reported damage.","",240
5533582,DOUGLAS CO.,DELMONT,09/16/2006,1635,Tornado, ,F0,0,0,0,0,SD,CST, ,1221506,C,43,FSD,0,0,GENERAL PUBLIC, ,.1,50,2,SW,2,SW,DELMONT,09/16/2006,1636,43.25,-98.2,43.25,-98.2,"A brief tornado caused no reported damage.","",241
5533625,HUTCHINSON CO.,PARKSTON,09/16/2006,1645,Tornado, ,F0,0,0,0,0,SD,CST, ,1221509,C,67,FSD,0,0,EMERGENCY MANAGER, ,.1,50,5,S,5,S,PARKSTON,09/16/2006,1646,43.33333,-97.98333,43.33333,-97.98333,"A brief tornado in an open area caused no reported damage.","",242
5533632,SANBORN CO.,WOONSOCKET,09/16/2006,1710,Tornado, ,F0,0,0,0,0,SD,CST, ,1221514,C,111,FSD,0,0,TRAINED SPOTTER, ,.1,50,14,NE,14,NE,WOONSOCKET,09/16/2006,1711,44.2,-98.06667,44.2,-98.06667,"A brief tornado caused no reported damage.","",243
5534341,MEEKER CO.,DARWIN,09/16/2006,1945,Tornado, ,F0,0,0,200000,0,MN,CST, ,1221063,C,93,MPX,0,0,NWS STORM SURVEY, ,3.5,50,1,E,1,E,DARWIN,09/16/2006,1948,45.1,-94.4,45.13333,-94.36667,"An NWS damage survey confirmed a fast moving tornado that ripped apart several large sheds and outbuildings.  Scattered trees were downed.","",244
5534340,MCLEOD CO.,BISCAY,09/16/2006,1946,Tornado, ,F0,0,0,0,0,MN,CST, ,1221063,C,85,MPX,0,0,NWS STORM SURVEY, ,1,30,2,W,2,W,BISCAY,09/16/2006,1948,44.83333,-94.31667,44.83333,-94.3,"An NWS damage survey confirmed that a tornado tore through corn and bean fields.  It dissipated about 100 feet west of a rural Biscay church.","",245
5534337,WRIGHT CO.,SOUTH HAVEN,09/16/2006,2002,Tornado, ,F0,0,0,200000,0,MN,CST, ,1221063,C,171,MPX,0,0,NWS STORM SURVEY, ,.2,25,2,S,2,S,SOUTH HAVEN,09/16/2006,2003,45.26667,-94.21667,45.26667,-94.21667,"An NWS damage survey confirmed a brief tornado touched down along the western shore of Twin Lake.  There were an estimated two hundred trees downed at the north end of Quinn Avenue, and two homes suffered substantial damage, partially from falling trees.   Minor damage was reported to several additional homes.","",246
5533724,SARPY CO.,GRETNA,09/16/2006,2008,Tornado, ,F0,0,0,0,0,NE,CST, ,1221716,C,153,OAX,0,0,FIRE DEPT/RESCUE SQUAD, ,.1,75,2,N,2,N,GRETNA,09/16/2006,2008,41.18333,-96.25,41.18333,-96.25,"A brief touchdown of a weak tornado was observed just north of Gretna.  Initially the tornado was reported near 180th and Harrison Streets, but a NWS storm survey put the touchdown in an open corn field about 2 miles to the southwest, near 204th and Giles.  Besides the broken corn stalks, no other damage was observed.  The Supercell thunderstorm that produced this tornado had a well developed wall cloud and a moderately long-lived funnel cloud that remained above the ground as it traveled over populated neighborhoods of northern Sarpy county and south central Douglas county.  The funnel was observed by numerous people and was caught on film by at least several storm chasers.  Darkness limited visually sharp images, but frequent lightning observed with the storm allowed for the numerous public and other reports of a funnel cloud.","",247
5534342,HENNEPIN CO.,ROGERS,09/16/2006,2052,Tornado, ,F2,1,0,30000000,0,MN,CST, ,1221063,C,53,MPX,0,0,NWS STORM SURVEY, ,7,100,3,W,3,W,ROGERS,09/16/2006,2103,45.2,-93.63333,45.23333,-93.51667,"A tornado touched down on the western edge of Sylvan Lake and moved quickly northeast.  It produced F0 damage to some farms and rural residences in Hassan Township before strengthening and entering the northwest corner of Rogers.   It gained F2 status briefly as it moved through a residential neighborhood in Rogers, where it took the life of a 10 year old girl in a home.  A home weather station 2/3 mile southeast of the tornado at this point measured 65 mph inflow winds.  The tornado crossed Interstate 94 and entered another neighborhood, where F1 damage was produced.  One house with significant damage had a home weather station in the back yard.  Once the data were retrieved, its peak gust was found to have reached 105 mph. The tornado then moved into the northern tip of Dayton, alternating between F0 and F1 damage, then exited Hennepin County, crossed the Mississippi River and entered the city of Ramsey in Anoka County (see separate entry). The maximum width in Hennepin County was 100 yards, although its maximum width in Anoka County was only 25 yards.","",248
5534343,ANOKA CO.,RAMSEY,09/16/2006,2103,Tornado, ,F0,0,0,50000,0,MN,CST, ,1221063,C,3,MPX,0,0,NWS STORM SURVEY, ,1,25, , , , ,RAMSEY,09/16/2006,2104,45.25,-93.43333,45.25,-93.43333,"The tornado that tore through northern Hennepin County crossed into Anoka County, tracking for one mile in the city of Ramsey before dissipating.  The tornado was rated F2 based on damage in Hennepin County, but in Anoka County, it was rated F0. The maximum width in Anoka County was 25 yards, but the maximum width of the tornado was 100 yards in Hennepin County.","",249
