EVENT_ID,CZ_NAME_STR,BEGIN_LOCATION,BEGIN_DATE,BEGIN_TIME,EVENT_TYPE,MAGNITUDE,TOR_F_SCALE,DEATHS_DIRECT,INJURIES_DIRECT,DAMAGE_PROPERTY_NUM,DAMAGE_CROPS_NUM,STATE_ABBR,CZ_TIMEZONE,MAGNITUDE_TYPE,EPISODE_ID,CZ_TYPE,CZ_FIPS,WFO,INJURIES_INDIRECT,DEATHS_INDIRECT,SOURCE,FLOOD_CAUSE,TOR_LENGTH,TOR_WIDTH,BEGIN_RANGE,BEGIN_AZIMUTH,END_RANGE,END_AZIMUTH,END_LOCATION,END_DATE,END_TIME,BEGIN_LAT,BEGIN_LON,END_LAT,END_LON,EVENT_NARRATIVE,EPISODE_NARRATIVE,ABSOLUTE_ROWNUMBER
50183,WARE CO.,WARESBORO,09/21/2007,345,Tornado, ,EF0,0,0,0,0,GA,EST-5, ,8784,C,299,JAX,0,0,Emergency Manager, ,0.63,100,1,ENE,1,NNE,WARESBORO,09/21/2007,400,31.2543,-82.468,31.262,-82.4742,"Approximately 1500 ft damage path extending from the south-southeast to the north-northwest and ending near Lovett Road and Landrum Lane. Twelve structures had slight to moderate damage to roofs and skirting.  Most structures were mobile homes and outbuildings. A few trees and power lines were also blown down.","Low pressure moved west-northwest across the Florida penisula and into the eastern Gulf of Mexico.  On Wednesday night 9/20-21/2007 a rainband developed over central Florida and moved rapidly northward into north Florida and southeast Georgia.",1
61185,BARBOUR CO.,BLUE SPGS,09/21/2007,1634,Tornado, ,EF0,0,0,0,0,AL,CST-6, ,11145,C,5,BMX,0,0,Law Enforcement, ,0.36,20,3,W,3,W,BLUE SPGS,09/21/2007,1635,31.6615,-85.5735,31.665,-85.578,"A Sheriff's Deputy reported a tornado near the intersection of CR 23 and CR 8, just southeast of Clio. The Deputy observed debris, but there was no subsequent damage found.","Tropical Depression #10 spawned an isolated tornado.",2
60719,ORANGE CO.,NEWPORT BEACH,09/22/2007,1000,Tornado, ,EF0,0,0,0,0,CA,PST-8, ,11027,C,59,SGX,0,0,Public, ,0.1,15,0,N,0,N,NEWPORT BEACH,09/22/2007,1001,33.62,-117.93,33.62,-117.93,"The public posted YouTube footage of a waterspout coming ashore in Newport Beach. The waterspout dissipated about one minute after leavig the ocean. The time of the event is estimated.","A cold-core cutoff low pressure system off the coast of Southern California brought heavy rain to Orange County and waterspouts to the San Diego County coast. A band of convection just off the coast of San Diego and Orange Counties produced a line of at least 8 waterspouts and countless more funnel clouds in the span of about an hour. Several of these waterspouts occurred simultaneously within close proximity to each other. One waterspout came ashore at Cardiff State Beach and blew over some tents. Another waterspout came ashore in Newport Beach. None of the waterspouts caused any serious damage. The exact number of waterspouts and funnel clouds is not known, and the position and path length of each waterspout and funnel cloud is very much a rough estimate. This event was not associated with island band convection.",3
60718,SAN DIEGO CO.,CARDIFF BY THE SEA,09/22/2007,1143,Tornado, ,EF0,0,0,100,0,CA,PST-8, ,11027,C,73,SGX,0,0,Newspaper, ,0.1,15,1,SW,0,SW,CARDIFF BY THE SEA,09/22/2007,1144,33.024,-117.287,33.026,-117.286,"A waterspout came ashore at Cardiff State Beach. Several tents were thrown into the air. The waterspout dissipated rapidly upon coming ashore.","A cold-core cutoff low pressure system off the coast of Southern California brought heavy rain to Orange County and waterspouts to the San Diego County coast. A band of convection just off the coast of San Diego and Orange Counties produced a line of at least 8 waterspouts and countless more funnel clouds in the span of about an hour. Several of these waterspouts occurred simultaneously within close proximity to each other. One waterspout came ashore at Cardiff State Beach and blew over some tents. Another waterspout came ashore in Newport Beach. None of the waterspouts caused any serious damage. The exact number of waterspouts and funnel clouds is not known, and the position and path length of each waterspout and funnel cloud is very much a rough estimate. This event was not associated with island band convection.",4
60550,COLLIER CO.,JEROME,09/22/2007,1900,Tornado, ,EF0,0,0,0,0,FL,EST-5, ,10981,C,21,MFL,0,0,Emergency Manager, ,0.5,20,3,W,3,W,JEROME,09/22/2007,1905,26,-81.3983,26,-81.3983,"Numerous reports received by Collier County EOC by motorists along Alligator Alley of a brief tornado touchdown near the intersection of Alligator Alley (I-75) and State Road 29. No damage reported.","Thunderstorms developing along sea breeze boundaries over interior South Florida produced a brief tornado in the Big Cypress Preserve.",5
54758,EDDY CO.,LAKEWOOD,09/26/2007,1334,Tornado, ,EF0,0,0,0,0,NM,MST-7, ,9759,C,15,MAF,0,0,Public, ,5.05,200,12,WSW,9,SW,LAKEWOOD,09/26/2007,1344,32.5636,-104.5603,32.538,-104.4792,"An Indian Gas Plant employee reported a tornado in an open field approximately one mile north of the plant. The tornado lasted ten minutes. No damage was reported.","A high pressure ridge was situated over much of the U.S. The combination of a stationary front over southeastern New Mexico and abundant moisture provided by southeast flow off the Gulf of Mexico, produced showers and thunderstorms across portions of southeastern New Mexico.",6
52747,WARREN CO.,TIDIOUTE,09/26/2007,1700,Tornado, ,EF1,0,0,75000,0,PA,EST-5, ,9318,C,123,CTP,0,0,NWS Storm Survey, ,3,50,3,ENE,6,ENE,TIDIOUTE,09/26/2007,1710,41.6962,-79.3676,41.7128,-79.3139,"NWS storm survey confirmed EF1 tornado just northeast of Tidioute. Peak winds estimated at 90-100 MPH. ||The tornado touched down two miles northeast of Tidioute in southern Warren County...then tracked northeast along the Allegheny River for an additional three miles. Several hunting cabins and uninhabited dwellings were damaged. Hundreds of trees were toppled or damaged. Several eyewitnesses saw the descending funnel cloud in the vicinity of Tidioute and one reported seeing the tornado on the ground.","Strong wind shear, abnormally warm temperatures, and high humidity for late September combined to produce severe thunderstorms - and one confirmed EF1 tornado near Tidioute, PA in Warren County.||Numerous reports of funnel clouds were received in real time as the event was on-going.",7
61114,RACINE CO.,RAYMOND,09/27/2007,1449,Tornado, ,EF0,0,0,1000,1000,WI,CST-6, ,11119,C,101,MKX,0,0,Law Enforcement, ,0.25,20,2,SSE,2,SSE,RAYMOND,09/27/2007,1450,42.7729,-88.0048,42.7712,-88.0005,"A weak EF0 tornado spun up about 1/8 mile northwest of the intersection of 3 Mile Road and 68th Stree in central Racine County about 2 miles south-southeast (172 degrees) of Raymond, or 3.5 miles east-southeast (112 degrees) of North Cape.  It initially tore up some mature corn crop, toppled a couple trees, crossed the intersection on a southeast path, tore some roof shingles off of a pole shed, and then dissipated in an open field.  The average path length was about 15 yards.  Damage indicator #1 (SBO) was used with a DOD value of 2 in the damage assessment for an expected wind value of about 75 mph.  The initial spin up location was N42.77287 W88.00481 and the end point was N42.77119 W88.00054.","An northwest flow of cold and unstable air aloft allowed scattered thunderstorms to develop and move southeast through southeastern Wisconsin.  Some of the storms pulsed to severe limits and generated large hail.  However, low-level south winds veered to west-southwest in the lowest 3 thousand feet of the atmosphere, allowing for the generation of low-level vorticity and an isolated tornado in central Racine County.",8
59429,HALE CO.,COTTON CENTER,09/27/2007,1645,Tornado, ,EF0,0,0,0,12000,TX,CST-6, ,10154,C,189,LUB,0,0,Airplane Pilot, ,2.4,40,3,W,5,WNW,COTTON CENTER,09/27/2007,1652,34,-102.0523,34.0288,-102.0838,"At 16:45 CST the Federal Aviation Administration relayed a pilot report of a tornado just west of Cotton Center. The tornado had formed along an outflow boundary beneath a rapidly developing severe thunderstorm. The highly visible landspout-type tornado was observed by many officials and the general public from portions of at least three counties as it moved west-northwestward over farm land until it dissipated just south of Corry (extreme eastern Lamb County) at 16:55 CST. ||An eyewitness reported that the tornado briefly broke-up as it crossed Texas Farm to Market Road 37 near the Hale and Lamb County line, then reformed as it crossed into Lamb County. Although no structural damage occurred, farmers reported that the track of the tornado was visible through cotton and wheat fields.","Isolated severe thunderstorms impacted portions of the west Texas South Plains region during the late afternoon and evening hours of the 27th. Severe storms over Childress, Cottle, Floyd, and King Counties produced large hail up to the size of golfballs and damaging winds. ||An isolated storm rapidly developed near an outflow boundary over western Hale County. This storm quickly produced a persistent and highly visible tornado that moved west-northwestward across farm land between Cotton Center (Hale County) and Corry (Lamb County). Only minor agricultural damage was reported.",9
59430,LAMB CO.,FIELDTON,09/27/2007,1652,Tornado, ,EF0,0,0,0,3000,TX,CST-6, ,10154,C,279,LUB,0,0,Airplane Pilot, ,0.75,40,8,ESE,8,ESE,FIELDTON,09/27/2007,1655,33.9844,-102.0871,33.9885,-102.0992,"At 16:45 CST the Federal Aviation Administration relayed a pilot report of a tornado just west of Cotton Center (western Hale County). The tornado had formed along an outflow boundary beneath a rapidly developing severe thunderstorm. The highly visible landspout-type tornado was observed by many officials and the general public from portions of at least three counties as it moved west-northwestward over farm land until it dissipated just south of Corry (extreme eastern Lamb County) at 16:55 CST. ||An eyewitness reported that the tornado briefly broke-up as it crossed Texas Farm to Market Road 37 near the Hale and Lamb County line, then reformed as it crossed into Lamb County. Although no structural damage occurred, farmers reported that the track of the tornado was visible through cotton and wheat fields.","Isolated severe thunderstorms impacted portions of the west Texas South Plains region during the late afternoon and evening hours of the 27th. Severe storms over Childress, Cottle, Floyd, and King Counties produced large hail up to the size of golfballs and damaging winds. ||An isolated storm rapidly developed near an outflow boundary over western Hale County. This storm quickly produced a persistent and highly visible tornado that moved west-northwestward across farm land between Cotton Center (Hale County) and Corry (Lamb County). Only minor agricultural damage was reported.",10
61049,LINN CO.,LEBANON,09/28/2007,1700,Tornado, ,EF0,0,0,20000,22000,OR,PST-8, ,11099,C,43,PQR,0,0,NWS Storm Survey, ,1,350,3,N,3,N,LEBANON,09/28/2007,1710,44.5734,-122.9,44.5734,-122.9,"Storm survey found tornado off of Tennessee School Drive was on the ground for 5-10 minutes, with a path a little less than a mile in length, and maximum width 350 yards. Tornado tracked northwest to southeast over open fields and then in trees. Six farm buildings damaged, mostly roof damage. Estimated 90-100 mature trees damaged, with 20-30 of them snapped off low in the trunk, and 6 to 8 uprooted. One tree fell on farmhouse sustaining minor damage. Rated EF0 on enhanced Fujita scale, with gusts 75 to 85 mph.","In an unstable atmosphere, several thunderstorms moved over the forecast area. One such storm produced a short-lived tornado, that did considerable damage to a local farm.  Dime size hail was also reported with the storm.",11
53064,GOVE CO.,GRINNELL,09/28/2007,1821,Tornado, ,EF0,0,0,0,0,KS,CST-6, ,9436,C,63,GLD,0,0,Law Enforcement, ,0.25,10,17,SSW,17,SSW,GRINNELL,09/28/2007,1822,38.9029,-100.7511,38.9029,-100.7511,"Brief touchdown over open fields.  No known damage.","Severe thunderstorms developed during the afternoon moving from Wallace and Greeley counties into Logan and Gove counties.  Heavy rainfall produced flash flooding north of Russell Springs, and a brief tornado was reported in central Gove county.",12
52756,SAN PATRICIO CO.,ARANSAS PASS,09/29/2007,1130,Tornado, ,EF1,0,0,250000,0,TX,CST-6, ,9396,C,409,CRP,0,0,NWS Storm Survey, ,1.19,100,1,ESE,1,WSW,ARANSAS PASS,09/29/2007,1140,27.8971,-97.1421,27.8959,-97.1613,"The waterspout moved onshore as a tornado near the corner of Amberjack Street and Pompano Drive.  The tornado continued on an east-southeast path to the northern loop of Oak Park Drive in Aransas Pass.  This tornado was rated as an EF-1 on the Enhanced Fujita Scale.  EF-0 damage was found along most of the track, however EF-1 damage was found near Arch Street and Spencer Street where the greatest damage occurred with winds of around 100 mph.  The width of the tornado was roughly 25-50 yards wide through most of its lifespan, but was briefly 100 yards wide at its greatest width.||Damage included several uprooted trees, large tree limps snapped, removal of a portion of terracotta roofing from a house, minor roof damage to several homes and a severely damaged brick facade at the Dollar General Store.  In addition, the roof and steel awning at the Fresenius Medical Care Center was damaged.  Several street signs were also knocked down and damage occurred to several vehicles.||No fatalaties were reported, however one injury was reported from flying glass at a tire store.|","Hurricane Lorenzo made landfall across the east-central coast of Mexico early on Septemeber 28th and dissipated rapidly that day.  However, a surface trough was left behind that extended northeast across the northwest Gulf of Mexico.  This trough moved northwest into the Coastal Bend during the morning hours of September 29th.  As the surface trough moved inland, a weak west-east oriented upper level jet passed across the northern Gulf of Mexico.  The combination of these features provided numerous showers and thunderstorms across the Coastal Bend of the 29th.||Around mid-morning a band of storms between San Antonio Bay and Port O'Connor created and outflow boundary.  This boundary provided a focus for additional thunderstorms as it drifted back towards the coast, as well as created a localized area of wind shear.  As these storms reached Port Aransas and Aransas Pass they began generating waterspouts across the bays and nearshore Gulf of Mexico waters.  Two of these waterspouts moved inland as a tornado causing damage in Aransas Pass, and very minor in Port Aransas.",13
57952,NUECES CO.,PORT ARANSAS,09/29/2007,1140,Tornado, ,EF0,0,0,5000,0,TX,CST-6, ,9396,C,355,CRP,0,0,Law Enforcement, ,0.19,25,1,NE,1,NE,PORT ARANSAS,09/29/2007,1141,27.8419,-97.0564,27.8419,-97.0595,"A weak waterspout moved onshore at Port Aransas as a tornado.  The weak tornado produced minor damage before dissipating.  Minor damage was reported to a few roofs of residents.  Patio furniture and debris was scattered across yards and streets.|","Hurricane Lorenzo made landfall across the east-central coast of Mexico early on Septemeber 28th and dissipated rapidly that day.  However, a surface trough was left behind that extended northeast across the northwest Gulf of Mexico.  This trough moved northwest into the Coastal Bend during the morning hours of September 29th.  As the surface trough moved inland, a weak west-east oriented upper level jet passed across the northern Gulf of Mexico.  The combination of these features provided numerous showers and thunderstorms across the Coastal Bend of the 29th.||Around mid-morning a band of storms between San Antonio Bay and Port O'Connor created and outflow boundary.  This boundary provided a focus for additional thunderstorms as it drifted back towards the coast, as well as created a localized area of wind shear.  As these storms reached Port Aransas and Aransas Pass they began generating waterspouts across the bays and nearshore Gulf of Mexico waters.  Two of these waterspouts moved inland as a tornado causing damage in Aransas Pass, and very minor in Port Aransas.",14
60145,SIOUX CO.,ROCK VLY,09/30/2007,1527,Tornado, ,EF0,0,0,0,0,IA,CST-6, ,10865,C,167,FSD,0,0,Storm Chaser, ,0.1,50,5,SW,5,SW,ROCK VLY,09/30/2007,1527,43.1489,-96.3701,43.1489,-96.3701,"A brief tornado caused no reported damage.","Thunderstorms produced large hail, damaging winds, flash flooding, and one reported tornado in northwest Iowa during the late afternoon of September 30th.",15
53084,SAC CO.,LYTTON,09/30/2007,1726,Tornado, ,EF0,0,0,0,10000,IA,CST-6, ,9410,C,161,DMX,0,0,Storm Chaser, ,1.01,30,2,NNW,3,N,LYTTON,09/30/2007,1727,42.4567,-94.885,42.4661,-94.87,"Small rope tornado touched down in Sac County and moved into Calhoun County.","A very dynamic weather system moved into Iowa during the afternoon of the 30th.  The system was more reminiscent of what one would expect in April or May.  A close upper level low pressure, negatively tilted, lifted northeast through the central U.S.  The structure was very classic in appearance with a well defined comma cloudy, dry slot, and warm conveyor in place.  By the early evening, the surface low became stacked with the upper low and was located over eastern Nebraska.  A defined dry line extended south-southeast out of the low.  Surface temperatures warmed into the mid 70s to mid 80s ahead of the low, with dew points in the mid to upper 60s.  Dew points behind the dry line dropped into the upper 30s to mid 40s.  The airmass became unstable by the late afternoon with CAPE values around 1000 J/kg and lifted indices in the -2 to -4 C. range.  Strong dynamics were in place with a 90 kt mid level jet in place, a low level jet of 60 to 70 kts, and an effective shear of 45 to 55 kts.  The freezing level was quite high ahead of the approaching low and was between 13,000 and 14,000 feet.  The high freezing level, combined with the limited CAPE of 100 to 200 J/kg in the -10 to -30 C. layer of the atmosphere, limited hail production.  The downdraft CAPE was in the 600 to 1000 J/kg range, with an LCL of about 1250 meters.  Thunderstorms formed in two locations.  The first was along the east edge of the dry slot across Kansas.  These storms became severe and lifted northeast quite rapidly into southern and central Iowa.  Spotty wind damage was reported and one of the storms dropped one inch diameter hail in Marion County.  The storms became tornadic as the moved into central Iowa.  During the evening of Sunday 30 September 2007 two tornadoes struck portions of Marion, Jasper, Mahaska, and Poweshiek Counties.  The first tornado produced EF0 to EF2 damage along its track and was rated EF2 on the Enhanced Fujita Scale with maximum winds of 125 mph.  The track was 22 miles in length from 4 miles northeast of Pella to 1 mile north of Interstate 80, 2 miles west of Malcom.  Much of the track was three to five tenths of a mile wide, but as wide as seven tenths of a mile at times.  The second, shorter and weaker tornado was 5 miles in length and rated EF1 on the Enhanced Fujita Scale.  The track began just south of Highway 6, 2.75 miles northwest of Malcom with a maximum width of 150 yards narrowing to 25-50 yards.  The storm hit a farmstead just east of 110th street producing EF1 damage with speeds just under 100 mph.  The tornadoes caused extensive damage on a farmstead near Malcom with three barns totally destroyed.  The barns were 20 by 30 feet, 20 by 40 feet, and 60 by 100 feet.  In addition, numerous other damage reports came in from along the track.  Fortunately, there were no deaths or injuries from the tornadoes.  Thunderstorms also formed close to the upper low center on the nose of the dry punch.  There were several reports funnel clouds, along with spotty reports of high winds and hail.  A storm chaser confirmed a tornado touchdown 2 NNW of Lytton in Sac county and was on the ground until 4 W of Jolley in Calhoun county.  The tornado was in open country and was a small EF0 tornado.  One inch diameter hail fell in Sac County, with numerous reports of pea to marble size hail.",16
53074,MARION CO.,PELLA,09/30/2007,1726,Tornado, ,EF1,0,0,75000,100000,IA,CST-6, ,9410,C,125,DMX,0,0,NWS Storm Survey, ,0.59,530,4,NE,5,NE,PELLA,09/30/2007,1727,41.4632,-92.8723,41.4676,-92.8665,"Tornado touched down in Marion County, then tracked northeast into Mahaska County.","A very dynamic weather system moved into Iowa during the afternoon of the 30th.  The system was more reminiscent of what one would expect in April or May.  A close upper level low pressure, negatively tilted, lifted northeast through the central U.S.  The structure was very classic in appearance with a well defined comma cloudy, dry slot, and warm conveyor in place.  By the early evening, the surface low became stacked with the upper low and was located over eastern Nebraska.  A defined dry line extended south-southeast out of the low.  Surface temperatures warmed into the mid 70s to mid 80s ahead of the low, with dew points in the mid to upper 60s.  Dew points behind the dry line dropped into the upper 30s to mid 40s.  The airmass became unstable by the late afternoon with CAPE values around 1000 J/kg and lifted indices in the -2 to -4 C. range.  Strong dynamics were in place with a 90 kt mid level jet in place, a low level jet of 60 to 70 kts, and an effective shear of 45 to 55 kts.  The freezing level was quite high ahead of the approaching low and was between 13,000 and 14,000 feet.  The high freezing level, combined with the limited CAPE of 100 to 200 J/kg in the -10 to -30 C. layer of the atmosphere, limited hail production.  The downdraft CAPE was in the 600 to 1000 J/kg range, with an LCL of about 1250 meters.  Thunderstorms formed in two locations.  The first was along the east edge of the dry slot across Kansas.  These storms became severe and lifted northeast quite rapidly into southern and central Iowa.  Spotty wind damage was reported and one of the storms dropped one inch diameter hail in Marion County.  The storms became tornadic as the moved into central Iowa.  During the evening of Sunday 30 September 2007 two tornadoes struck portions of Marion, Jasper, Mahaska, and Poweshiek Counties.  The first tornado produced EF0 to EF2 damage along its track and was rated EF2 on the Enhanced Fujita Scale with maximum winds of 125 mph.  The track was 22 miles in length from 4 miles northeast of Pella to 1 mile north of Interstate 80, 2 miles west of Malcom.  Much of the track was three to five tenths of a mile wide, but as wide as seven tenths of a mile at times.  The second, shorter and weaker tornado was 5 miles in length and rated EF1 on the Enhanced Fujita Scale.  The track began just south of Highway 6, 2.75 miles northwest of Malcom with a maximum width of 150 yards narrowing to 25-50 yards.  The storm hit a farmstead just east of 110th street producing EF1 damage with speeds just under 100 mph.  The tornadoes caused extensive damage on a farmstead near Malcom with three barns totally destroyed.  The barns were 20 by 30 feet, 20 by 40 feet, and 60 by 100 feet.  In addition, numerous other damage reports came in from along the track.  Fortunately, there were no deaths or injuries from the tornadoes.  Thunderstorms also formed close to the upper low center on the nose of the dry punch.  There were several reports funnel clouds, along with spotty reports of high winds and hail.  A storm chaser confirmed a tornado touchdown 2 NNW of Lytton in Sac county and was on the ground until 4 W of Jolley in Calhoun county.  The tornado was in open country and was a small EF0 tornado.  One inch diameter hail fell in Sac County, with numerous reports of pea to marble size hail.",17
53085,CALHOUN CO.,JOLLEY,09/30/2007,1727,Tornado, ,EF0,0,0,0,40000,IA,CST-6, ,9410,C,25,DMX,0,0,Storm Chaser, ,3.19,30,7,WSW,4,W,JOLLEY,09/30/2007,1730,42.444,-94.8377,42.48,-94.7984,"Small rope tornado touched moved into Calhoun County from Sac County.  It lifted west of Jolley.","A very dynamic weather system moved into Iowa during the afternoon of the 30th.  The system was more reminiscent of what one would expect in April or May.  A close upper level low pressure, negatively tilted, lifted northeast through the central U.S.  The structure was very classic in appearance with a well defined comma cloudy, dry slot, and warm conveyor in place.  By the early evening, the surface low became stacked with the upper low and was located over eastern Nebraska.  A defined dry line extended south-southeast out of the low.  Surface temperatures warmed into the mid 70s to mid 80s ahead of the low, with dew points in the mid to upper 60s.  Dew points behind the dry line dropped into the upper 30s to mid 40s.  The airmass became unstable by the late afternoon with CAPE values around 1000 J/kg and lifted indices in the -2 to -4 C. range.  Strong dynamics were in place with a 90 kt mid level jet in place, a low level jet of 60 to 70 kts, and an effective shear of 45 to 55 kts.  The freezing level was quite high ahead of the approaching low and was between 13,000 and 14,000 feet.  The high freezing level, combined with the limited CAPE of 100 to 200 J/kg in the -10 to -30 C. layer of the atmosphere, limited hail production.  The downdraft CAPE was in the 600 to 1000 J/kg range, with an LCL of about 1250 meters.  Thunderstorms formed in two locations.  The first was along the east edge of the dry slot across Kansas.  These storms became severe and lifted northeast quite rapidly into southern and central Iowa.  Spotty wind damage was reported and one of the storms dropped one inch diameter hail in Marion County.  The storms became tornadic as the moved into central Iowa.  During the evening of Sunday 30 September 2007 two tornadoes struck portions of Marion, Jasper, Mahaska, and Poweshiek Counties.  The first tornado produced EF0 to EF2 damage along its track and was rated EF2 on the Enhanced Fujita Scale with maximum winds of 125 mph.  The track was 22 miles in length from 4 miles northeast of Pella to 1 mile north of Interstate 80, 2 miles west of Malcom.  Much of the track was three to five tenths of a mile wide, but as wide as seven tenths of a mile at times.  The second, shorter and weaker tornado was 5 miles in length and rated EF1 on the Enhanced Fujita Scale.  The track began just south of Highway 6, 2.75 miles northwest of Malcom with a maximum width of 150 yards narrowing to 25-50 yards.  The storm hit a farmstead just east of 110th street producing EF1 damage with speeds just under 100 mph.  The tornadoes caused extensive damage on a farmstead near Malcom with three barns totally destroyed.  The barns were 20 by 30 feet, 20 by 40 feet, and 60 by 100 feet.  In addition, numerous other damage reports came in from along the track.  Fortunately, there were no deaths or injuries from the tornadoes.  Thunderstorms also formed close to the upper low center on the nose of the dry punch.  There were several reports funnel clouds, along with spotty reports of high winds and hail.  A storm chaser confirmed a tornado touchdown 2 NNW of Lytton in Sac county and was on the ground until 4 W of Jolley in Calhoun county.  The tornado was in open country and was a small EF0 tornado.  One inch diameter hail fell in Sac County, with numerous reports of pea to marble size hail.",18
53075,MAHASKA CO.,PEORIA,09/30/2007,1727,Tornado, ,EF2,0,0,500000,250000,IA,CST-6, ,9410,C,123,DMX,0,0,NWS Storm Survey, ,3.46,1250,4,W,3,NNW,PEORIA,09/30/2007,1731,41.4711,-92.8713,41.5087,-92.8272,"Tornado moved into Mahaska County from Marion County, then continued northeast into Jasper County.|","A very dynamic weather system moved into Iowa during the afternoon of the 30th.  The system was more reminiscent of what one would expect in April or May.  A close upper level low pressure, negatively tilted, lifted northeast through the central U.S.  The structure was very classic in appearance with a well defined comma cloudy, dry slot, and warm conveyor in place.  By the early evening, the surface low became stacked with the upper low and was located over eastern Nebraska.  A defined dry line extended south-southeast out of the low.  Surface temperatures warmed into the mid 70s to mid 80s ahead of the low, with dew points in the mid to upper 60s.  Dew points behind the dry line dropped into the upper 30s to mid 40s.  The airmass became unstable by the late afternoon with CAPE values around 1000 J/kg and lifted indices in the -2 to -4 C. range.  Strong dynamics were in place with a 90 kt mid level jet in place, a low level jet of 60 to 70 kts, and an effective shear of 45 to 55 kts.  The freezing level was quite high ahead of the approaching low and was between 13,000 and 14,000 feet.  The high freezing level, combined with the limited CAPE of 100 to 200 J/kg in the -10 to -30 C. layer of the atmosphere, limited hail production.  The downdraft CAPE was in the 600 to 1000 J/kg range, with an LCL of about 1250 meters.  Thunderstorms formed in two locations.  The first was along the east edge of the dry slot across Kansas.  These storms became severe and lifted northeast quite rapidly into southern and central Iowa.  Spotty wind damage was reported and one of the storms dropped one inch diameter hail in Marion County.  The storms became tornadic as the moved into central Iowa.  During the evening of Sunday 30 September 2007 two tornadoes struck portions of Marion, Jasper, Mahaska, and Poweshiek Counties.  The first tornado produced EF0 to EF2 damage along its track and was rated EF2 on the Enhanced Fujita Scale with maximum winds of 125 mph.  The track was 22 miles in length from 4 miles northeast of Pella to 1 mile north of Interstate 80, 2 miles west of Malcom.  Much of the track was three to five tenths of a mile wide, but as wide as seven tenths of a mile at times.  The second, shorter and weaker tornado was 5 miles in length and rated EF1 on the Enhanced Fujita Scale.  The track began just south of Highway 6, 2.75 miles northwest of Malcom with a maximum width of 150 yards narrowing to 25-50 yards.  The storm hit a farmstead just east of 110th street producing EF1 damage with speeds just under 100 mph.  The tornadoes caused extensive damage on a farmstead near Malcom with three barns totally destroyed.  The barns were 20 by 30 feet, 20 by 40 feet, and 60 by 100 feet.  In addition, numerous other damage reports came in from along the track.  Fortunately, there were no deaths or injuries from the tornadoes.  Thunderstorms also formed close to the upper low center on the nose of the dry punch.  There were several reports funnel clouds, along with spotty reports of high winds and hail.  A storm chaser confirmed a tornado touchdown 2 NNW of Lytton in Sac county and was on the ground until 4 W of Jolley in Calhoun county.  The tornado was in open country and was a small EF0 tornado.  One inch diameter hail fell in Sac County, with numerous reports of pea to marble size hail.",19
53076,JASPER CO.,SULLY MUNI ARPT,09/30/2007,1731,Tornado, ,EF2,0,0,1000000,500000,IA,CST-6, ,9410,C,99,DMX,0,0,NWS Storm Survey, ,5.79,1250,4,SSE,1,ESE,LYNNVILLE,09/30/2007,1737,41.5112,-92.8175,41.5729,-92.757,"Tornado moved into Jasper County from Mahaska County, then continued northeast into Poweshiek County.|","A very dynamic weather system moved into Iowa during the afternoon of the 30th.  The system was more reminiscent of what one would expect in April or May.  A close upper level low pressure, negatively tilted, lifted northeast through the central U.S.  The structure was very classic in appearance with a well defined comma cloudy, dry slot, and warm conveyor in place.  By the early evening, the surface low became stacked with the upper low and was located over eastern Nebraska.  A defined dry line extended south-southeast out of the low.  Surface temperatures warmed into the mid 70s to mid 80s ahead of the low, with dew points in the mid to upper 60s.  Dew points behind the dry line dropped into the upper 30s to mid 40s.  The airmass became unstable by the late afternoon with CAPE values around 1000 J/kg and lifted indices in the -2 to -4 C. range.  Strong dynamics were in place with a 90 kt mid level jet in place, a low level jet of 60 to 70 kts, and an effective shear of 45 to 55 kts.  The freezing level was quite high ahead of the approaching low and was between 13,000 and 14,000 feet.  The high freezing level, combined with the limited CAPE of 100 to 200 J/kg in the -10 to -30 C. layer of the atmosphere, limited hail production.  The downdraft CAPE was in the 600 to 1000 J/kg range, with an LCL of about 1250 meters.  Thunderstorms formed in two locations.  The first was along the east edge of the dry slot across Kansas.  These storms became severe and lifted northeast quite rapidly into southern and central Iowa.  Spotty wind damage was reported and one of the storms dropped one inch diameter hail in Marion County.  The storms became tornadic as the moved into central Iowa.  During the evening of Sunday 30 September 2007 two tornadoes struck portions of Marion, Jasper, Mahaska, and Poweshiek Counties.  The first tornado produced EF0 to EF2 damage along its track and was rated EF2 on the Enhanced Fujita Scale with maximum winds of 125 mph.  The track was 22 miles in length from 4 miles northeast of Pella to 1 mile north of Interstate 80, 2 miles west of Malcom.  Much of the track was three to five tenths of a mile wide, but as wide as seven tenths of a mile at times.  The second, shorter and weaker tornado was 5 miles in length and rated EF1 on the Enhanced Fujita Scale.  The track began just south of Highway 6, 2.75 miles northwest of Malcom with a maximum width of 150 yards narrowing to 25-50 yards.  The storm hit a farmstead just east of 110th street producing EF1 damage with speeds just under 100 mph.  The tornadoes caused extensive damage on a farmstead near Malcom with three barns totally destroyed.  The barns were 20 by 30 feet, 20 by 40 feet, and 60 by 100 feet.  In addition, numerous other damage reports came in from along the track.  Fortunately, there were no deaths or injuries from the tornadoes.  Thunderstorms also formed close to the upper low center on the nose of the dry punch.  There were several reports funnel clouds, along with spotty reports of high winds and hail.  A storm chaser confirmed a tornado touchdown 2 NNW of Lytton in Sac county and was on the ground until 4 W of Jolley in Calhoun county.  The tornado was in open country and was a small EF0 tornado.  One inch diameter hail fell in Sac County, with numerous reports of pea to marble size hail.",20
53077,POWESHIEK CO.,SEARSBORO,09/30/2007,1737,Tornado, ,EF2,0,0,2500000,1000000,IA,CST-6, ,9410,C,157,DMX,0,0,NWS Storm Survey, ,12.02,1250,3,W,3,W,MALCOLM,09/30/2007,1751,41.58,-92.7572,41.7,-92.6002,"Tornado moved into Poweshiek County from Jasper County.  It lifted west of Malcom.|","A very dynamic weather system moved into Iowa during the afternoon of the 30th.  The system was more reminiscent of what one would expect in April or May.  A close upper level low pressure, negatively tilted, lifted northeast through the central U.S.  The structure was very classic in appearance with a well defined comma cloudy, dry slot, and warm conveyor in place.  By the early evening, the surface low became stacked with the upper low and was located over eastern Nebraska.  A defined dry line extended south-southeast out of the low.  Surface temperatures warmed into the mid 70s to mid 80s ahead of the low, with dew points in the mid to upper 60s.  Dew points behind the dry line dropped into the upper 30s to mid 40s.  The airmass became unstable by the late afternoon with CAPE values around 1000 J/kg and lifted indices in the -2 to -4 C. range.  Strong dynamics were in place with a 90 kt mid level jet in place, a low level jet of 60 to 70 kts, and an effective shear of 45 to 55 kts.  The freezing level was quite high ahead of the approaching low and was between 13,000 and 14,000 feet.  The high freezing level, combined with the limited CAPE of 100 to 200 J/kg in the -10 to -30 C. layer of the atmosphere, limited hail production.  The downdraft CAPE was in the 600 to 1000 J/kg range, with an LCL of about 1250 meters.  Thunderstorms formed in two locations.  The first was along the east edge of the dry slot across Kansas.  These storms became severe and lifted northeast quite rapidly into southern and central Iowa.  Spotty wind damage was reported and one of the storms dropped one inch diameter hail in Marion County.  The storms became tornadic as the moved into central Iowa.  During the evening of Sunday 30 September 2007 two tornadoes struck portions of Marion, Jasper, Mahaska, and Poweshiek Counties.  The first tornado produced EF0 to EF2 damage along its track and was rated EF2 on the Enhanced Fujita Scale with maximum winds of 125 mph.  The track was 22 miles in length from 4 miles northeast of Pella to 1 mile north of Interstate 80, 2 miles west of Malcom.  Much of the track was three to five tenths of a mile wide, but as wide as seven tenths of a mile at times.  The second, shorter and weaker tornado was 5 miles in length and rated EF1 on the Enhanced Fujita Scale.  The track began just south of Highway 6, 2.75 miles northwest of Malcom with a maximum width of 150 yards narrowing to 25-50 yards.  The storm hit a farmstead just east of 110th street producing EF1 damage with speeds just under 100 mph.  The tornadoes caused extensive damage on a farmstead near Malcom with three barns totally destroyed.  The barns were 20 by 30 feet, 20 by 40 feet, and 60 by 100 feet.  In addition, numerous other damage reports came in from along the track.  Fortunately, there were no deaths or injuries from the tornadoes.  Thunderstorms also formed close to the upper low center on the nose of the dry punch.  There were several reports funnel clouds, along with spotty reports of high winds and hail.  A storm chaser confirmed a tornado touchdown 2 NNW of Lytton in Sac county and was on the ground until 4 W of Jolley in Calhoun county.  The tornado was in open country and was a small EF0 tornado.  One inch diameter hail fell in Sac County, with numerous reports of pea to marble size hail.",21
53081,POWESHIEK CO.,MALCOLM,09/30/2007,1748,Tornado, ,EF1,0,0,250000,200000,IA,CST-6, ,9410,C,157,DMX,0,0,NWS Storm Survey, ,4.97,150,3,NNW,6,NW,BROOKLYN,09/30/2007,1754,41.7421,-92.5818,41.796,-92.5181,"The second tornado touched down northwest of Malcom.  This tornado was on the ground for about 5 miles before lifting north of town.","A very dynamic weather system moved into Iowa during the afternoon of the 30th.  The system was more reminiscent of what one would expect in April or May.  A close upper level low pressure, negatively tilted, lifted northeast through the central U.S.  The structure was very classic in appearance with a well defined comma cloudy, dry slot, and warm conveyor in place.  By the early evening, the surface low became stacked with the upper low and was located over eastern Nebraska.  A defined dry line extended south-southeast out of the low.  Surface temperatures warmed into the mid 70s to mid 80s ahead of the low, with dew points in the mid to upper 60s.  Dew points behind the dry line dropped into the upper 30s to mid 40s.  The airmass became unstable by the late afternoon with CAPE values around 1000 J/kg and lifted indices in the -2 to -4 C. range.  Strong dynamics were in place with a 90 kt mid level jet in place, a low level jet of 60 to 70 kts, and an effective shear of 45 to 55 kts.  The freezing level was quite high ahead of the approaching low and was between 13,000 and 14,000 feet.  The high freezing level, combined with the limited CAPE of 100 to 200 J/kg in the -10 to -30 C. layer of the atmosphere, limited hail production.  The downdraft CAPE was in the 600 to 1000 J/kg range, with an LCL of about 1250 meters.  Thunderstorms formed in two locations.  The first was along the east edge of the dry slot across Kansas.  These storms became severe and lifted northeast quite rapidly into southern and central Iowa.  Spotty wind damage was reported and one of the storms dropped one inch diameter hail in Marion County.  The storms became tornadic as the moved into central Iowa.  During the evening of Sunday 30 September 2007 two tornadoes struck portions of Marion, Jasper, Mahaska, and Poweshiek Counties.  The first tornado produced EF0 to EF2 damage along its track and was rated EF2 on the Enhanced Fujita Scale with maximum winds of 125 mph.  The track was 22 miles in length from 4 miles northeast of Pella to 1 mile north of Interstate 80, 2 miles west of Malcom.  Much of the track was three to five tenths of a mile wide, but as wide as seven tenths of a mile at times.  The second, shorter and weaker tornado was 5 miles in length and rated EF1 on the Enhanced Fujita Scale.  The track began just south of Highway 6, 2.75 miles northwest of Malcom with a maximum width of 150 yards narrowing to 25-50 yards.  The storm hit a farmstead just east of 110th street producing EF1 damage with speeds just under 100 mph.  The tornadoes caused extensive damage on a farmstead near Malcom with three barns totally destroyed.  The barns were 20 by 30 feet, 20 by 40 feet, and 60 by 100 feet.  In addition, numerous other damage reports came in from along the track.  Fortunately, there were no deaths or injuries from the tornadoes.  Thunderstorms also formed close to the upper low center on the nose of the dry punch.  There were several reports funnel clouds, along with spotty reports of high winds and hail.  A storm chaser confirmed a tornado touchdown 2 NNW of Lytton in Sac county and was on the ground until 4 W of Jolley in Calhoun county.  The tornado was in open country and was a small EF0 tornado.  One inch diameter hail fell in Sac County, with numerous reports of pea to marble size hail.",22
60195,PIKE CO.,BAYLIS,09/30/2007,2005,Tornado, ,EF0,0,0,0,0,IL,CST-6, ,10888,C,149,LSX,0,0,Newspaper, ,0.1,30,0,N,0,N,BAYLIS,09/30/2007,2005,39.73,-90.92,39.73,-90.92,"A tornado briefly touched down on a farm on the south side of town. It destroyed a barn before lifting and dissipating.  Some of the debris from the barn was found a mile away.","A strong cold front moved through the region, triggering strong to severe thunderstorms during the evening hours.",23
60196,PIKE CO.,PERRY,09/30/2007,2015,Tornado, ,EF0,0,2,0,0,IL,CST-6, ,10888,C,149,LSX,0,0,NWS Storm Survey, ,2,40,2,WSW,0,ESE,PERRY,09/30/2007,2016,39.7706,-90.7795,39.7778,-90.7431,"A tornado touched down 1.7 miles west southwest of Perry off of Township Road 3225E.  It travelled to the east northeast with intermittent touchdowns occurring until the tornado reached the southern portion of Perry.  On the south side of Perry, a vacant mobile home had its roof and northwest corner ripped off. Another mobile home had a tree land on it causing extensive damage and two children in the home sustained minor cuts and bruises.  Also, 3 homes sustained window and shingle damage, a barn lost part of its roof, and numerous trees and tree limbs were blown down.  Two vehicles sustained damage from fallen tree limbs. The tornado then lifted and dissipated.","A strong cold front moved through the region, triggering strong to severe thunderstorms during the evening hours.",24
53560,SCOTLAND CO.,SHOW ME LAKE,10/02/2007,1525,Tornado, ,EF1,0,0,11000,0,MO,CST-6, ,9523,C,199,DVN,0,0,NWS Storm Survey, ,0.82,210,2,NE,2,SW,MEMPHIS,10/02/2007,1526,40.45,-92.2017,40.4561,-92.1941,"An NWS storm survey indicated a EF1 tornado, with an estimated wind speed of 92 mph, touched down at 425 pm CDT about 1 mile southwest of Memphis, at the Scotland County Fairgrounds. The tornado moved northeast at 45 mph, and was on the ground for less than a mile, with a maximum width of 210 yards. Several barns at the fairgrounds had metal roofs peeled off, and doors blown in on several quonset huts. The entry gate building from the race track pits area was totally destroyed and strewn across the grounds. A billboard was damaged, and there was also damage to fences. Several trees and power poles were snapped and numerous branches were broken off trees. No injuries or fatalities were reported.","On October 2, 2007, low pressure in northern Minnesota and a strong cold front moving across eastern Iowa and northeast Missouri, triggered several lines of thunderstorms. A vigorous upper level disturbance spread large-scale ascent into the area, which developed a few severe thunderstorms during the late afternoon and early evening hours. Strong wind shear in the low levels, helped to spawn two tornadoes, one in southeast Iowa and the other in extreme northeast Missouri. The storms weakened considerably later in the evening, as they moved into western Illinois.",25
53217,POLK CO.,DES MOINES,10/02/2007,1540,Tornado, ,EF1,0,0,75000,0,IA,CST-6, ,9458,C,153,DMX,0,0,Utility Company, ,0.44,20,1,SSW,1,S,DES MOINES,10/02/2007,1541,41.5832,-93.6328,41.5835,-93.6243,"A tornado took down power lines and power poles were snapped at 13th Street and Mulberry.  The public reported a flipped car at SW 6th Street and Mulberry.","Following the morning convection, there was little break before the cold front mentioned in the previous narrative moved into the state.  The cold front advanced across the state accompanied by a strong upper level short wave.  Severe parameters were not all that impressive, however it was a case of low top convection close to the upper low.  The zero to 1 km helicity was quite high, in the 350 to 400 J/kg range and there was significant shear with effective shear in the 50 to 60 kt range.  Other parameters were not all that impressive with most unstable CAPE in the 500 to 1000 J/kg range and lifted indices between zero and -3 C.  The downdraft CAPE was around 500 J/kg with only about 100 J/kg of CAPE available in the -10 to -30 C. layer of the atmosphere.  The LCL was quite low given the saturation caused from the previous convection.  It was between 750 and 1000 meters.  As the line of convection from the morning shifted to the east, a narrow line of strong thunderstorms developed along the cold front and the approach of the upper low.  Initially, downburst winds occurred with the line with winds estimated around 65 MPH south of New Market in Taylor County.  A short distance to the west of the CWA, a 75 MPH wind gust occurred at an RWIS site.  As the storms raced east they produced gusty winds and very heavy rainfall.  The storms produced a small, but intense, tornado in downtown Des Moines.  Two power poles snapped and power lines down at 13th and Mulberry. At 6th and Mulberry, two vehicles were flipped including one SUV that was likely flipped nose down due to engine weight. The SUV slid about 30 feet.  Eyewitness saw a small 10 foot tree lifted into the circulation and rotating around briefly.  Media reported some roof debris on the SW 9th overpass at Martin Luther King Parkway, but no building damage is evident at this time.  Some buildings were damaged in the area.  Multi story and roof damage would be difficult To see from the street.  The tornado was rated an EF1 with 110 MPH winds.  This was the first tornado to touchdown in the Des Moines city limits since 30 May, 2000.  High winds hit just east of the Des Moines Airport, blowing out the windows of 6 cars in a parking lot.  As the storms moved east, another tornado touched down near the town of Seymour, in Wayne County.  A farmer reported seeing a tornado touch down just southwest of Seymour. The tornado tore metal roofing off his shed. The tornado curved through town, blowing open doors at a school but causing little damage to the school. Windows were blown out of a church and a large tree feel to the west, knocking out power. A fabric roof was partially torn off a hoop storage shed at the elevator in town. A few trees were also topped. Path was very narrow and intermittent No other damage in the county.  The tornado was rated an EF1 with 95 MPH winds.  Two other small tornadoes touched down in Mahaska County.  One was east-northeast of Bussy and was on the ground for about 4 minutes.  The tornado tracked through open fields and only did agricultural damage.  The second was an anti-cyclonic tornado that touched down briefly in an open field southeast of Bussy.",26
63756,MONROE CO.,WOODLAWN,10/02/2007,1545,Tornado, ,EF2,0,1,60000,0,MO,CST-6, ,11596,C,137,LSX,0,0,NWS Storm Survey, ,15.14,100,1,NNE,2,N,NORTH FORK,10/02/2007,1600,39.5911,-92.2118,39.6419,-91.9351,"The tornado first touched down briefly about a mile north northeast of Woodlawn on CR 1109 knocking down a few trees. It lifted and continued to move to the northeast, touching down again on Highway A, just south of the intersection of CR 182 and CR 284.  It damaged more trees as it travelled to the northeast. It then struck a residence just northwest of the intersection of Highway 15 and Highway CC.  The house had half of its roof removed with debris and insulation blown 100 yards northeast, into a grove of trees.  Numerous trees were damaged at this location, including a 5 foot diameter tree that was twisted and snapped off five feet above the ground.  The tornado briefly lifted again before touching down near CR 317, between CR 394 and CR 390.  As it travelled to the northeast, it produced its greatest damage when it struck a single wide mobile home just east of Highway PP, approximately 1.7 miles south of US Highway 36.  The mobile home was completely destroyed and the 85 year old male occupant of the mobile home suffered severe injuries.  The tornado then lifted and dissipated.","A strong cold front moved through the region, triggering showers and thunderstorms.  Several low-topped supercells produced 8 tornadoes and straight line wind damage from central and northeast Missouri to west central Illinois during the evening of October 2nd.",27
63903,MARION CO.,ELY,10/02/2007,1614,Tornado, ,EF0,0,0,0,0,MO,CST-6, ,11596,C,127,LSX,0,0,NWS Storm Survey, ,1.2,50,5,W,4,W,ELY,10/02/2007,1616,39.6935,-91.7161,39.7014,-91.696,"A tornado touched down in a corn field just to the east of Highway Z, half a mile north of CR 244.  The tornado travelled to the northeast, flattening another corn field one mile north of CR 244 on CR 245.  Also, nearby trees along the east side of CR 245 were snapped near the base of the trees and numerous large tree limbs were blown down.  The tornado then lifted and dissipated.","A strong cold front moved through the region, triggering showers and thunderstorms.  Several low-topped supercells produced 8 tornadoes and straight line wind damage from central and northeast Missouri to west central Illinois during the evening of October 2nd.",28
63864,MARION CO.,WOODLAND,10/02/2007,1629,Tornado, ,EF1,0,1,100000,0,MO,CST-6, ,11596,C,127,LSX,0,0,NWS Storm Survey, ,3.79,100,1,E,2,SSE,PALMYRA,10/02/2007,1634,39.7517,-91.5764,39.7802,-91.5153,"A tornado touched down half a mile east of the intersection of Highway F and CR 255, about one and a quarter miles east of Woodland.  Several trees and large tree limbs were blown down at this location.  The tornado traveled to the northeast, damaging a machine shed near the intersection of CR 279 and CR 264.  It continued to move to the northeast and skipped over a tree line before moving into the southern part of Palmyra where it damaged the Consolidated Machine & Welding Company on US Highway 61.  Three of the four large corrugated steel buildings were severely damaged.  One semi trailer was lifted and dropped onto 2 other trailers at this location. It then damaged a church and structures around the church.  Further northeast a trucking company sustained minor building damage.  From this point it crossed US Highway 61, where it picked up a car that was traveling south on the highway and flipped it twice.  Fortunately the driver was wearing her seatbelt and only sustained minor injuries. It then caused additional tree damage a quarter of a mile northeast of the highway before lifting and dissipating.","A strong cold front moved through the region, triggering showers and thunderstorms.  Several low-topped supercells produced 8 tornadoes and straight line wind damage from central and northeast Missouri to west central Illinois during the evening of October 2nd.",29
63863,MARION CO.,PALMYRA,10/02/2007,1630,Tornado, ,EF0,0,0,50000,0,MO,CST-6, ,11596,C,127,LSX,0,0,NWS Storm Survey, ,0.7,60,0,SW,0,E,PALMYRA,10/02/2007,1631,39.7969,-91.5352,39.8004,-91.5227,"The tornado initially touched down near the intersection of West Church Street and South Breckenridge Avenue with minor tree damage. As the tornado travelled to the east northeast, additional tree damage occurred in a residential area near the far western end of West Lafayette Street.  The tornado then caused damage to 3 large corrigated buildings on South Bradley Street between West Lafayette Street and West Main Cross Street.  Tree and power line damage was also observed in this area.  The tornado caused minor roof damage to a store on Main Street before lifting and dissipating.","A strong cold front moved through the region, triggering showers and thunderstorms.  Several low-topped supercells produced 8 tornadoes and straight line wind damage from central and northeast Missouri to west central Illinois during the evening of October 2nd.",30
53218,WAYNE CO.,SEYMOUR,10/02/2007,1635,Tornado, ,EF1,0,0,100000,0,IA,CST-6, ,9458,C,185,DMX,0,0,Emergency Manager, ,0.95,20,0,WSW,1,ENE,SEYMOUR,10/02/2007,1637,40.6785,-93.1262,40.684,-93.1096,"The Wayne County EM reported a roof blown off of a building, windows blown out of homes, and power lines down in the town of Seymour.","Following the morning convection, there was little break before the cold front mentioned in the previous narrative moved into the state.  The cold front advanced across the state accompanied by a strong upper level short wave.  Severe parameters were not all that impressive, however it was a case of low top convection close to the upper low.  The zero to 1 km helicity was quite high, in the 350 to 400 J/kg range and there was significant shear with effective shear in the 50 to 60 kt range.  Other parameters were not all that impressive with most unstable CAPE in the 500 to 1000 J/kg range and lifted indices between zero and -3 C.  The downdraft CAPE was around 500 J/kg with only about 100 J/kg of CAPE available in the -10 to -30 C. layer of the atmosphere.  The LCL was quite low given the saturation caused from the previous convection.  It was between 750 and 1000 meters.  As the line of convection from the morning shifted to the east, a narrow line of strong thunderstorms developed along the cold front and the approach of the upper low.  Initially, downburst winds occurred with the line with winds estimated around 65 MPH south of New Market in Taylor County.  A short distance to the west of the CWA, a 75 MPH wind gust occurred at an RWIS site.  As the storms raced east they produced gusty winds and very heavy rainfall.  The storms produced a small, but intense, tornado in downtown Des Moines.  Two power poles snapped and power lines down at 13th and Mulberry. At 6th and Mulberry, two vehicles were flipped including one SUV that was likely flipped nose down due to engine weight. The SUV slid about 30 feet.  Eyewitness saw a small 10 foot tree lifted into the circulation and rotating around briefly.  Media reported some roof debris on the SW 9th overpass at Martin Luther King Parkway, but no building damage is evident at this time.  Some buildings were damaged in the area.  Multi story and roof damage would be difficult To see from the street.  The tornado was rated an EF1 with 110 MPH winds.  This was the first tornado to touchdown in the Des Moines city limits since 30 May, 2000.  High winds hit just east of the Des Moines Airport, blowing out the windows of 6 cars in a parking lot.  As the storms moved east, another tornado touched down near the town of Seymour, in Wayne County.  A farmer reported seeing a tornado touch down just southwest of Seymour. The tornado tore metal roofing off his shed. The tornado curved through town, blowing open doors at a school but causing little damage to the school. Windows were blown out of a church and a large tree feel to the west, knocking out power. A fabric roof was partially torn off a hoop storage shed at the elevator in town. A few trees were also topped. Path was very narrow and intermittent No other damage in the county.  The tornado was rated an EF1 with 95 MPH winds.  Two other small tornadoes touched down in Mahaska County.  One was east-northeast of Bussy and was on the ground for about 4 minutes.  The tornado tracked through open fields and only did agricultural damage.  The second was an anti-cyclonic tornado that touched down briefly in an open field southeast of Bussy.",31
63865,MARION CO.,HANNIBAL MUNI ARPT,10/02/2007,1635,Tornado, ,EF0,0,0,0,0,MO,CST-6, ,11596,C,127,LSX,0,0,NWS Storm Survey, ,0.51,40,3,NNW,2,WSW,HELTON,10/02/2007,1636,39.7632,-91.4761,39.7677,-91.4685,"A tornado touched down a quarter of a mile southeast of the intersection of CR 405 and CR 404.  It travelled to the northeast for half a mile before lifting and dissipating.  It only knocked down a few trees and tree limbs.  No structural damage occurred.","A strong cold front moved through the region, triggering showers and thunderstorms.  Several low-topped supercells produced 8 tornadoes and straight line wind damage from central and northeast Missouri to west central Illinois during the evening of October 2nd.",32
53535,MAHASKA CO.,LAKONTA,10/02/2007,1653,Tornado, ,EF0,0,0,0,5000,IA,CST-6, ,9458,C,123,DMX,0,0,Public, ,3.2,25,5,WNW,2,NW,LAKONTA,10/02/2007,1657,41.23,-92.83,41.22,-92.77,"The public reported a tornado touchdown in open fields and pastures. It was on the ground for 4 minutes. The KCCI TV Twin Cedars web cam verifies the tornado.","Following the morning convection, there was little break before the cold front mentioned in the previous narrative moved into the state.  The cold front advanced across the state accompanied by a strong upper level short wave.  Severe parameters were not all that impressive, however it was a case of low top convection close to the upper low.  The zero to 1 km helicity was quite high, in the 350 to 400 J/kg range and there was significant shear with effective shear in the 50 to 60 kt range.  Other parameters were not all that impressive with most unstable CAPE in the 500 to 1000 J/kg range and lifted indices between zero and -3 C.  The downdraft CAPE was around 500 J/kg with only about 100 J/kg of CAPE available in the -10 to -30 C. layer of the atmosphere.  The LCL was quite low given the saturation caused from the previous convection.  It was between 750 and 1000 meters.  As the line of convection from the morning shifted to the east, a narrow line of strong thunderstorms developed along the cold front and the approach of the upper low.  Initially, downburst winds occurred with the line with winds estimated around 65 MPH south of New Market in Taylor County.  A short distance to the west of the CWA, a 75 MPH wind gust occurred at an RWIS site.  As the storms raced east they produced gusty winds and very heavy rainfall.  The storms produced a small, but intense, tornado in downtown Des Moines.  Two power poles snapped and power lines down at 13th and Mulberry. At 6th and Mulberry, two vehicles were flipped including one SUV that was likely flipped nose down due to engine weight. The SUV slid about 30 feet.  Eyewitness saw a small 10 foot tree lifted into the circulation and rotating around briefly.  Media reported some roof debris on the SW 9th overpass at Martin Luther King Parkway, but no building damage is evident at this time.  Some buildings were damaged in the area.  Multi story and roof damage would be difficult To see from the street.  The tornado was rated an EF1 with 110 MPH winds.  This was the first tornado to touchdown in the Des Moines city limits since 30 May, 2000.  High winds hit just east of the Des Moines Airport, blowing out the windows of 6 cars in a parking lot.  As the storms moved east, another tornado touched down near the town of Seymour, in Wayne County.  A farmer reported seeing a tornado touch down just southwest of Seymour. The tornado tore metal roofing off his shed. The tornado curved through town, blowing open doors at a school but causing little damage to the school. Windows were blown out of a church and a large tree feel to the west, knocking out power. A fabric roof was partially torn off a hoop storage shed at the elevator in town. A few trees were also topped. Path was very narrow and intermittent No other damage in the county.  The tornado was rated an EF1 with 95 MPH winds.  Two other small tornadoes touched down in Mahaska County.  One was east-northeast of Bussy and was on the ground for about 4 minutes.  The tornado tracked through open fields and only did agricultural damage.  The second was an anti-cyclonic tornado that touched down briefly in an open field southeast of Bussy.",33
53536,MAHASKA CO.,LAKONTA,10/02/2007,1655,Tornado, ,EF0,0,0,0,2000,IA,CST-6, ,9458,C,123,DMX,0,0,Trained Spotter, ,0.52,20,5,WSW,5,WSW,LAKONTA,10/02/2007,1656,41.18,-92.85,41.18,-92.84,"A brief tornado touchdown occurred in an open field. The rotation of this tornado was anti-cyclonic.","Following the morning convection, there was little break before the cold front mentioned in the previous narrative moved into the state.  The cold front advanced across the state accompanied by a strong upper level short wave.  Severe parameters were not all that impressive, however it was a case of low top convection close to the upper low.  The zero to 1 km helicity was quite high, in the 350 to 400 J/kg range and there was significant shear with effective shear in the 50 to 60 kt range.  Other parameters were not all that impressive with most unstable CAPE in the 500 to 1000 J/kg range and lifted indices between zero and -3 C.  The downdraft CAPE was around 500 J/kg with only about 100 J/kg of CAPE available in the -10 to -30 C. layer of the atmosphere.  The LCL was quite low given the saturation caused from the previous convection.  It was between 750 and 1000 meters.  As the line of convection from the morning shifted to the east, a narrow line of strong thunderstorms developed along the cold front and the approach of the upper low.  Initially, downburst winds occurred with the line with winds estimated around 65 MPH south of New Market in Taylor County.  A short distance to the west of the CWA, a 75 MPH wind gust occurred at an RWIS site.  As the storms raced east they produced gusty winds and very heavy rainfall.  The storms produced a small, but intense, tornado in downtown Des Moines.  Two power poles snapped and power lines down at 13th and Mulberry. At 6th and Mulberry, two vehicles were flipped including one SUV that was likely flipped nose down due to engine weight. The SUV slid about 30 feet.  Eyewitness saw a small 10 foot tree lifted into the circulation and rotating around briefly.  Media reported some roof debris on the SW 9th overpass at Martin Luther King Parkway, but no building damage is evident at this time.  Some buildings were damaged in the area.  Multi story and roof damage would be difficult To see from the street.  The tornado was rated an EF1 with 110 MPH winds.  This was the first tornado to touchdown in the Des Moines city limits since 30 May, 2000.  High winds hit just east of the Des Moines Airport, blowing out the windows of 6 cars in a parking lot.  As the storms moved east, another tornado touched down near the town of Seymour, in Wayne County.  A farmer reported seeing a tornado touch down just southwest of Seymour. The tornado tore metal roofing off his shed. The tornado curved through town, blowing open doors at a school but causing little damage to the school. Windows were blown out of a church and a large tree feel to the west, knocking out power. A fabric roof was partially torn off a hoop storage shed at the elevator in town. A few trees were also topped. Path was very narrow and intermittent No other damage in the county.  The tornado was rated an EF1 with 95 MPH winds.  Two other small tornadoes touched down in Mahaska County.  One was east-northeast of Bussy and was on the ground for about 4 minutes.  The tornado tracked through open fields and only did agricultural damage.  The second was an anti-cyclonic tornado that touched down briefly in an open field southeast of Bussy.",34
63904,ADAMS CO.,NORTH QUINCY,10/02/2007,1655,Tornado, ,EF0,0,0,0,0,IL,CST-6, ,11595,C,1,LSX,0,0,NWS Storm Survey, ,0.04,40,1,N,1,N,NORTH QUINCY,10/02/2007,1656,39.7879,-91.3211,39.7882,-91.3205,"A tornado briefly touched down in a field just northeast of the intersection of CR 1000E and CR 200N.  The corn field was totally flattened.","A strong cold front moved through the region, triggering showers and thunderstorms.  Several low-topped supercells produced 8 tornadoes and straight line wind damage from central and northeast Missouri to west central Illinois during the evening of October 2nd.",35
63757,MONTGOMERY CO.,BUELL,10/02/2007,1717,Tornado, ,EF0,0,0,50000,0,MO,CST-6, ,11596,C,139,LSX,0,0,NWS Storm Survey, ,2.12,40,3,W,1,NW,BUELL,10/02/2007,1719,39.0333,-91.5058,39.0416,-91.4677,"The tornado touched down near the intersection of CR 165 and CR 168.  It travelled to the northeast destroying one outbuilding and damaging or destroying numerous trees.  Also, the southeast corner of a hog confinement building was damaged, leading to a partial roof collapse.  Some of the debris was thrown a third of a mile to the northeast.  An unoccupied car was also damaged.  The tornado lifted and dissipated on CR 160 about a quarter of a mile south of CR 164.","A strong cold front moved through the region, triggering showers and thunderstorms.  Several low-topped supercells produced 8 tornadoes and straight line wind damage from central and northeast Missouri to west central Illinois during the evening of October 2nd.",36
53552,KEOKUK CO.,DELTA,10/02/2007,1735,Tornado, ,EF1,0,0,75000,0,IA,CST-6, ,9521,C,107,DVN,0,0,NWS Storm Survey, ,1,100,2,NE,3,NE,DELTA,10/02/2007,1737,41.3484,-92.3055,41.3586,-92.2919,"This EF1 tornado, with an estimated wind speed of 100 mph, touched down at 635 pm CDT 1.8 miles northeast of Delta, near Highway 92. The tornado moved northeast at 45 mph for a distance of 1 mile, and had a maximum width of 100 yards. A cattle barn and machine shed were destroyed. One house sustained moderate structural damage, while another house received minor damage. A 3-ton horse trailer was lofted and then rolled 200 feet. Numerous trees were snapped off, and there was damage to corn and soybean crops. No injuries or fatalities were reported.","On October 2, 2007, low pressure in northern Minnesota and a strong cold front moving across eastern Iowa and northeast Missouri, triggered several lines of thunderstorms. A vigorous upper level disturbance spread large-scale ascent into the area, which developed a few severe thunderstorms during the late afternoon and early evening hours. Strong wind shear in the low levels, helped to spawn two tornadoes, one in southeast Iowa and the other in extreme northeast Missouri. The storms weakened considerably later in the evening, as they moved into western Illinois.",37
63862,LINCOLN CO.,HAWK PT,10/02/2007,1818,Tornado, ,EF0,0,0,0,0,MO,CST-6, ,11596,C,113,LSX,0,0,NWS Storm Survey, ,0.05,30,5,SSE,5,SSE,HAWK PT,10/02/2007,1819,38.8989,-91.099,38.8991,-91.0986,"A tornado briefly touched down around 5 miles south southeast of Hawk Point, near Big Creek on North Rock Church Road.  It damaged half a dozen trees.  The tree tops were sheared off wtih tree limbs up to 2 feet in diameter thrown in different directions.","A strong cold front moved through the region, triggering showers and thunderstorms.  Several low-topped supercells produced 8 tornadoes and straight line wind damage from central and northeast Missouri to west central Illinois during the evening of October 2nd.",38
60406,STONE CO.,NOTCH,10/02/2007,2005,Tornado, ,EF0,0,0,10000,0,MO,CST-6, ,10947,C,209,SGF,0,0,NWS Storm Survey, ,0.1,25,3,SSE,3,SSE,NOTCH,10/02/2007,2005,36.63,-93.34,36.63,-93.34,"A National Weather Service storm survey revealed that a weak EF-0 tornado briefly touched down on the eastern shore of the Indian Point Peninsula.  The tornado destroyed a boat dock.","A moderately strong shortwave moved from the plains into the upper midwest.  An associated cold front moved across the Ozarks during the evening and overnight hours of October 2, 2007.  Scattered showers and thunderstorms developed in response to this system producing mainly periods of heavy rain.  However, one storm produced a tornado over Table Rock Lake at Indian Point.",39
62101,PRICE CO.,FIFIELD,10/08/2007,955,Tornado, ,EF0,0,0,0,0,WI,CST-6, ,11290,C,99,DLH,0,0,Public, ,0.1,10,0,N,0,N,FIFIELD,10/08/2007,955,45.88,-90.42,45.88,-90.42,"At least two homes received minor damage, including blown out windows. One large tree and several limbs were downed.","A weak tornado (EF0) briefly touched down in Fifield as a line of showers and thunderstorms quickly moved southeast through the area.",40
63662,RANDALL CO.,OGG,10/16/2007,2316,Tornado, ,EF1,0,0,90000,0,TX,CST-6, ,11561,C,381,AMA,0,0,NWS Storm Survey, ,11.46,300,5,W,7,E,CLETA STATION,10/16/2007,2335,34.83,-101.9699,34.92,-101.8,"The tornado touched down in a field south of W Dowlen Road and east of S Hope Road approximately ten miles east southeast of Buffalo Lake or about thirteen miles south of Canyon at 2316 CST. The tornado continued moving northeast for twelve miles to just south of E Cemetery Road where it lifted at 2335 CST. Damage was first noted along W Dowlen Road...west of Running Water Road. The damage path continued northeast across Running Water Road...U.S. Highway 87 and then to near the intersection of W Hungate Road and Interstate 27. Substantial damage was noted to barns...power poles...fencing and a trailer. The tornado then continued moving northeast across another field and intensified near Tradewind Street...roughly two miles south of West County Road 283. Considerable damage to property was found including a large metal container...metal roofing...numerous trees...three double support transmission line poles...three barns...and minor damage to a homestead. The tornado also lifted and displaced a heavy metal vat full of metal tools and equipment. The tornado also moved two large diesel tanks that sat atop support pedestals behind two of the barns...one of which was completely full.","Severe thunderstorms moved across the central...southern and eastern Texas panhandle during the late evening and early morning hours. The storms produced large hail...high winds...and an isolated tornado. The tornado produced substantial damage in the south central Texas panhandle during the overnight hours...however no injuries or fatalities were reported.",41
64034,JASPER CO.,BUNA,10/17/2007,932,Tornado, ,EF0,0,0,0,2000,TX,CST-6, ,11650,C,241,LCH,0,0,Trained Spotter, ,1,20,3,WSW,3,WSW,BUNA,10/17/2007,934,30.41,-94.01,30.41,-94.01,"Trained spotters observed a tornado pass over Highway 96, blowing a few trees down.","An isolated tornado touched down in southeast Texas, causing minor damage.",42
61537,JOHNSON CO.,CENTERVIEW,10/17/2007,1505,Tornado, ,EF0,0,0,0,0,MO,CST-6, ,11196,C,101,EAX,0,0,Emergency Manager, ,0.1,25,1,W,1,W,CENTERVIEW,10/17/2007,1506,38.75,-93.86,38.75,-93.86,"Brief tornado touchdown at 1515 CST with no damage.","A cold front initiated severe thunderstorm development during the early evening hours of October 17th. High winds caused some minor damage across northwest Missouri...with flash flooding continuing into the 18th.",43
63755,CHOCTAW CO.,FT TOWSON,10/17/2007,1614,Tornado, ,EF0,0,0,0,0,OK,CST-6, ,11144,C,23,TSA,0,0,Law Enforcement, ,0.1,50,3,NE,3,NE,FT TOWSON,10/17/2007,1614,34.0507,-95.233,34.0507,-95.233,"A sheriff's deputy reported a tornado had briefly developed in open country northeast of town. No damage resulted from the tornado.","Warm, moist, and very unstable air was in place across eastern Oklahoma ahead of the dry line, which moved into central Oklahoma during the afternoon. Several different waves of thunderstorms formed and moved across the region beginning in the morning of the 17th and ending in the evening. Very strong wind shear had also developed through a large depth of the atmosphere, which supported organized thunderstorms and even supercells. The most widespread damage occurred as a result of a squall line that developed on the dry line to the west and moved into eastern Oklahoma during the early evening. Embedded bow echo thunderstorms and supercells resulted in numerous reports of large hail and very strong wind up to about 90 mph.",44
61761,WASHINGTON PAR.,FRANKLINTON,10/17/2007,1645,Tornado, ,EF1,0,0,30000,0,LA,CST-6, ,11218,C,117,LIX,0,0,Emergency Manager, ,0.2,25,0,N,0,N,FRANKLINTON,10/17/2007,1647,30.85,-90.15,30.85,-90.15,"A tornado briefly touched down on Washington Street, a few block from the Washington Parish Fairgrounds, causing severe roof damage and shattering windows at three businesses.","Isolated severe thunderstorms developed over sections of southeast Louisiana ahead of a developing strong upper level trough.",45
61774,LAWRENCE CO.,VERONA,10/17/2007,1646,Tornado, ,EF0,0,0,500000,0,MO,CST-6, ,11225,C,109,SGF,0,0,Law Enforcement, ,10.11,150,2,N,1,SSW,CHESAPEAKE,10/17/2007,1704,36.9917,-93.8,37.1066,-93.6869,"A National Weather Service storm survey revealed that an EF-2 tornado touched down approximately one and a half miles north of Verona and tracked across rural areas of eastern Lawrence County.  The tornado damaged five homes along with a dairy barn and a saw mill.","Thunderstorms produced isolated tornadoes, hail, and significant straight line wind damage from Wednesday afternoon, October 17th, through early Thursday morning October 18th.",46
61762,WASHINGTON PAR.,FRANKLINTON,10/17/2007,1655,Tornado, ,EF1,0,0,15000,0,LA,CST-6, ,11218,C,117,LIX,0,0,Emergency Manager, ,0.2,25,5,N,5,N,FRANKLINTON,10/17/2007,1657,30.9223,-90.15,30.9223,-90.15,"A tornado briefly touched down causing significant damage to the roof of a mobile home, uprooting several trees, and moving an automobile about 15 feet.","Isolated severe thunderstorms developed over sections of southeast Louisiana ahead of a developing strong upper level trough.",47
56343,LINCOLN CO.,FEENYVILLE,10/17/2007,1707,Tornado, ,EF1,0,1,200000,0,AR,CST-6, ,10145,C,79,LZK,0,0,NWS Storm Survey, ,5.37,440,2,SSW,3,W,YORKTOWN,10/17/2007,1714,33.9502,-91.9149,34.02,-91.8737,"An EF1 tornado touched down about 4.5 miles west of Star City and tracked to the northeast. According to the Arkansas Department of Emergency Management, six mobile homes were destroyed, one mobile home suffered major damage, and four houses had minor damage. In addition, several barns and outbuildings were destroyed, hundreds of trees were uprooted or snapped off, and power lines were knocked down. The majority of the damage was close to the Feenyville community. One man was injured when his mobile home was flipped upside down while he was inside. Arkansas Governor Mike Beebe declared Lincoln County a state disaster area.","Moisture from the Gulf of Mexico advanced rapidly northward on October 17th. A warm front moved into Arkansas and sparked a number of severe thunderstorms during the afternoon. One of these storms spawned an EF1 tornado west of Star City. During the evening, a cold front approaching from the west pushed another area of severe thunderstorms into Arkansas. These storms pushed eastward across the state and continued into the early morning hours of the 18th. In both instances, there was a considerable amount of wind damage, primarily due to very strong winds aloft.",48
63579,JEFFERSON DAVIS CO.,CARSON,10/17/2007,1830,Tornado, ,EF1,0,0,100000,0,MS,CST-6, ,10419,C,65,JAN,0,0,NWS Storm Survey, ,0.35,100,5,SSW,5,SSW,CARSON,10/17/2007,1831,31.46,-89.83,31.4667,-89.8263,"Several trees were blown down along the short path and a storage building had its roof blown off. An addition to a house had a portion of the roof blown off and another storage building was destroyed. The tornado was rated EF1 with a path length of 1/3 mile and a width of 100 yards.","A potent storm system developed across the central sections of the country and brought two rounds of severe weather to the region. The first occurred during the evening of the 17th and the second during most of the day on the 18th. Wind damage and several tornadoes occurred during this event. This mid October severe weather event was one of the top five largest across the United States.",49
61775,GREENE CO.,CAVE SPG,10/17/2007,1835,Tornado, ,EF1,0,0,150000,0,MO,CST-6, ,11225,C,77,SGF,0,0,Emergency Manager, ,2.8,100,1,W,2,NE,CAVE SPG,10/17/2007,1840,37.35,-93.4882,37.3705,-93.4443,"A National Weather Service storm survey revealed that an EF-1 tornado touched down one mile west of Cave Springs and tracked approximately three miles through rural areas of northwest Greene County.  The tornado damaged two homes and a barn.","Thunderstorms produced isolated tornadoes, hail, and significant straight line wind damage from Wednesday afternoon, October 17th, through early Thursday morning October 18th.",50
63580,FORREST CO.,MAMMOTH SPGS,10/17/2007,1910,Tornado, ,EF1,0,1,100000,0,MS,CST-6, ,10419,C,35,JAN,0,0,NWS Storm Survey, ,1.59,200,1,ENE,2,NNW,GLENDALE,10/17/2007,1912,31.3762,-89.3304,31.3949,-89.3147,"This tornado briefly touched down along Interstate 59. Numerous trees were  snapped or uprooted along the Interstate and one car was blown off the Interstate causing 1 injury. A roof was blown off a garage and minor roof damage occurred to a home. Additionally, two metal doors were blown off metal buildings.","A potent storm system developed across the central sections of the country and brought two rounds of severe weather to the region. The first occurred during the evening of the 17th and the second during most of the day on the 18th. Wind damage and several tornadoes occurred during this event. This mid October severe weather event was one of the top five largest across the United States.",51
64031,HOLMES CO.,TOLARSVILLE,10/17/2007,2103,Tornado, ,EF0,0,0,0,0,MS,CST-6, ,10419,C,51,JAN,0,0,NWS Storm Survey, ,2.37,25,1,W,2,NE,TOLARSVILLE,10/17/2007,2105,33.05,-90.23,33.0727,-90.1993,"A brief tornado touched down in the Tolarville Community and caused damage along a narrow path with some trees downed and large limbs snapped.","A potent storm system developed across the central sections of the country and brought two rounds of severe weather to the region. The first occurred during the evening of the 17th and the second during most of the day on the 18th. Wind damage and several tornadoes occurred during this event. This mid October severe weather event was one of the top five largest across the United States.",52
61776,LACLEDE CO.,MORGAN,10/17/2007,2235,Tornado, ,EF0,0,0,10000,0,MO,CST-6, ,11225,C,105,SGF,0,0,Emergency Manager, ,0.1,35,3,N,3,N,MORGAN,10/17/2007,2236,37.5634,-92.68,37.5634,-92.68,"A National Weather Service storm survey revealed that a weak EF-0 tornado briefly touched down in a rural area of southern Laclede County.  The tornado damaged trees and telephone poles, along with moving a mobile home off of its foundation.","Thunderstorms produced isolated tornadoes, hail, and significant straight line wind damage from Wednesday afternoon, October 17th, through early Thursday morning October 18th.",53
63965,CALLAWAY CO.,HATTON,10/17/2007,2255,Tornado, ,EF0,0,0,50000,0,MO,CST-6, ,11626,C,27,LSX,0,0,NWS Storm Survey, ,0.53,30,2,SE,2,SE,HATTON,10/17/2007,2256,39.0093,-92.0102,39.0147,-92.0029,"A tornado touched down and damaged a horse stable, double wide mobile home, trees and a large garage near CR 264.  It briefly travelled to the northeast damaging additional trees before lifting and dissipating.","Elevated convection developed north of a warm frontal boundary that extended from just southwest of Kansas City to just south of Columbia then into southern Illinois near Sparta.  Numerous reports of wind damage were received as well as 4 tornadoes.",54
63955,MONROE CO.,TULIP,10/17/2007,2255,Tornado, ,EF0,0,0,0,0,MO,CST-6, ,11626,C,137,LSX,0,0,NWS Storm Survey, ,3.97,40,4,NW,5,SSW,HOLLIDAY,10/17/2007,2300,39.3743,-92.2107,39.4186,-92.1633,"The tornado initially touched down at a farmstead near the intersection of Highway 151 and Highway M.  A machine shed and several trees were damaged.  A corn field to the north was flattened by the tornado as well.  The tornado moved northeast causing minor damage to a second machine shed near the intersection of CR 85 and CR 99.  It then crossed CR 82 damaging a barn and several more trees.  The tornado lifted and dissipated about a quarter of a mile northwest of the intersection of CR 82 and CR 81.","Elevated convection developed north of a warm frontal boundary that extended from just southwest of Kansas City to just south of Columbia then into southern Illinois near Sparta.  Numerous reports of wind damage were received as well as 4 tornadoes.",55
63960,MONROE CO.,GRANVILLE,10/17/2007,2305,Tornado, ,EF2,2,0,50000,0,MO,CST-6, ,11626,C,137,LSX,0,0,NWS Storm Survey, ,4.07,90,4,SE,4,ENE,GRANVILLE,10/17/2007,2309,39.5238,-92.0532,39.5808,-92.0342,"The tornado touched down and destroyed a mobile home just south of Highway F, about a third of a mile east of CR 419.  The entire base frame of the mobile home was tossed a third of a mile to the north from it original location into a soybean field.  Two occupants of the mobile home were thrown several hundred feet to the north and killed by the tornado. Approximately 100 yards to the north northeast of the mobile home, a large barn and machine shed were destroyed.  Debris from the barn, machine shed and mobile home could be found along a path that stretched up to 4 miles from the intial touchdown point of the tornado.  Residences within the 4 mile corridor identified clothing, insulation, pieces of furniture and metal. Isolated tree damage was found further along the path before the tornado lifted and dissipated just north of the intersection of Highway 15 and State Highway J.","Elevated convection developed north of a warm frontal boundary that extended from just southwest of Kansas City to just south of Columbia then into southern Illinois near Sparta.  Numerous reports of wind damage were received as well as 4 tornadoes.",56
63962,MONROE CO.,NORTH FORK,10/17/2007,2307,Tornado, ,EF0,0,0,0,0,MO,CST-6, ,11626,C,137,LSX,0,0,NWS Storm Survey, ,1.72,50,3,WSW,3,W,NORTH FORK,10/17/2007,2309,39.5942,-91.9807,39.619,-91.9773,"A tornado touched down just south of the intersection of CR 393 and CR 414.  The tornado knocked down a number of trees along its path as it moved to the north and crossed CR 392.  The tornado continued to the north and crossed Highway CC, damaging a number of trees and a machine shed just north of the highway before lifting and dissipating.","Elevated convection developed north of a warm frontal boundary that extended from just southwest of Kansas City to just south of Columbia then into southern Illinois near Sparta.  Numerous reports of wind damage were received as well as 4 tornadoes.",57
62045,JACKSON CO.,VANCLEAVE,10/18/2007,445,Tornado, ,EF1,0,0,90000,0,MS,CST-6, ,11277,C,59,LIX,0,0,NWS Storm Survey, ,2.3,90,6,W,4,WNW,VANCLEAVE,10/18/2007,450,30.5333,-88.7833,30.55,-88.75,"A tornado destroyed one mobile home and heavily damaged at least ten others in the Lucasville community just west of Vancleave.  In addition, the tornado destroyed several outbuildings, snapped trees, and knocked down power lines.","Isolated severe thunderstorms developed over sections of coastal Mississippi ahead of a developing strong upper level trough.",58
62249,ESCAMBIA CO.,WARRINGTON,10/18/2007,910,Tornado, ,EF1,0,4,1000000,0,FL,CST-6, ,11324,C,33,MOB,0,0,NWS Storm Survey, ,5.62,150,2,NE,1,ENE,BRENT,10/18/2007,925,30.397,-87.2426,30.4728,-87.2082,"A storm survey was conducted Thursday afternoon on the tornado that struck Pensacola Florida on October 18.  The tornado was rated an EF1 on the new enhanced Fujita scale (86-109 mph).  The maximum width of the tornado was about 150 yards and the track length was about 5.5 miles. The tornado began around 1010 am CDT and lasted for about fifteen minutes.|The storm probably started as a waterspout over the Bay. Damage first began along the water just northeast of Pensacola Naval Air Station (just south of Silvershore drive).  Minor damage occurred in this area.  The storm tracked northeast over the water just parallel to the shore and moved ashore near the old Bayou Chico drawbridge.  Several homes in this area suffered roof damage.  Several boats were flipped over in this area as there are several boat storage facilities located near the water.|The tornado moved northeast and crossed Garden street near E street. Minor tree and power line damage occurred along this track. The tornado started causing a little more damage near Gregory and D streets as this is a more populated area.  The tornado continued tracking northeast and crossed Cervantes near A street and continued northeast and crossed Highway 29 near Mallory street.  Most of the home and church damage occurred along the track from B to Barcelona streets.  A couple of homes near Jackson street were heavily damaged and a church on A street had part of its roof taken off.  Four minor injuries also happened in this area.  A daycare center in the church had been alerted to a tornado and had taken cover several minutes before the tornado hit.|After crossing Highway 29 the storm crossed I-110 just north of the pool and started tracking a little more to the north northeast and crossed Davis near the ball fields.  Mostly tree and power line damage occurred along this track.  The ball fields had bleachers turned over and power lines down.|The storm continued to the north northeast and crossed Ninth avenue near Texar drive and crossed Bayou boulevard near the Target store and eventually dissipated near Cordova mall.  Most of the damage from the ball fields to Target was tree damage and minor roof damage.  Thirty cars in the Target parking lot were totally destroyed.  Very little damage occurred to the store.  Across the street, Office Depot suffered roof damage.  Part of the mall had skylights damaged and this allowed water to fall into part of the mall.  No damage was found north of the mall.|The storm destroyed four structures...caused major damage to twenty-four structures and caused minor damage to fifty eight structures.","An EF1 tornado moved across Pensacola, just missing the downtown area.",59
64050,OKTIBBEHA CO.,STATE COLLEGE,10/18/2007,1141,Tornado, ,EF0,0,0,30000,0,MS,CST-6, ,10419,C,105,JAN,0,0,NWS Storm Survey, ,0.32,50,2,WSW,2,WSW,STATE COLLEGE,10/18/2007,1143,33.4106,-88.8051,33.4141,-88.8016,"A tornado briefly touched down near the Starkville Country Club and tore some tin off a metal building along with some minor wall damage. Two trees were also snapped along the path.","A potent storm system developed across the central sections of the country and brought two rounds of severe weather to the region. The first occurred during the evening of the 17th and the second during most of the day on the 18th. Wind damage and several tornadoes occurred during this event. This mid October severe weather event was one of the top five largest across the United States.",60
64057,OKTIBBEHA CO.,STARKVL OKTIBBEHA AR,10/18/2007,1202,Tornado, ,EF0,0,0,0,0,MS,CST-6, ,10419,C,105,JAN,0,0,Storm Chaser, ,0.36,25,3,WSW,3,WSW,STARKVL OKTIBBEHA AR,10/18/2007,1203,33.4681,-88.7277,33.4726,-88.7243,"A brief tornado touched down just east of Starkville and snapped a few trees.","A potent storm system developed across the central sections of the country and brought two rounds of severe weather to the region. The first occurred during the evening of the 17th and the second during most of the day on the 18th. Wind damage and several tornadoes occurred during this event. This mid October severe weather event was one of the top five largest across the United States.",61
62455,LAMAR CO.,VERNON LAMAR CO ARPT,10/18/2007,1215,Tornado, ,EF0,0,0,0,0,AL,CST-6, ,11377,C,75,BMX,0,0,Law Enforcement, ,0.03,25,5,W,5,W,VERNON LAMAR CO ARPT,10/18/2007,1215,33.83,-88.21,33.83,-88.21,"Sheriff's Deputy observed and photographed a brief tornado touchdown. Subsequent investigation yielded no discernable damage in the area.","A cold front moving across Alabama caused isolated strong to severe thunderstorms, including a few that produced tornadoes.",62
64068,KEMPER CO.,KELLIS STORE,10/18/2007,1313,Tornado, ,EF1,0,0,0,0,MS,CST-6, ,10419,C,69,JAN,0,0,NWS Storm Survey, ,1.78,100,7,ENE,7,WNW,WAHALAK,10/18/2007,1318,32.9153,-88.6617,32.9273,-88.6346,"This tornado touched down along Highway 39 just s of the Kemper/Noxubee county line. Here several branches and tree debris was blown across the road. Just to the northeast, several large pine trees were snapped and uprooted and blown across a road. The tornado continued to the northeast, just into Noxubee county where several more trees were blown down. Total path length was 3 miles across both counties.","A potent storm system developed across the central sections of the country and brought two rounds of severe weather to the region. The first occurred during the evening of the 17th and the second during most of the day on the 18th. Wind damage and several tornadoes occurred during this event. This mid October severe weather event was one of the top five largest across the United States.",63
64069,NOXUBEE CO.,SHUQUALAK,10/18/2007,1319,Tornado, ,EF0,0,0,0,0,MS,CST-6, ,10419,C,103,JAN,0,0,NWS Storm Survey, ,0.63,100,4,SW,4,SW,SHUQUALAK,10/18/2007,1321,32.927,-88.6344,32.9336,-88.6271,"This tornado touched down along Highway 39 just south of the Kemper/Noxubee county line. Here several branches and tree debris was blown across the road. Just to the northeast, several large pine trees were snapped and uprooted and blown across a road. The tornado continued to the northeast, just into Noxubee county where several more trees were blown down. Total path length was 3 miles across both counties.","A potent storm system developed across the central sections of the country and brought two rounds of severe weather to the region. The first occurred during the evening of the 17th and the second during most of the day on the 18th. Wind damage and several tornadoes occurred during this event. This mid October severe weather event was one of the top five largest across the United States.",64
62457,MARION CO.,THORN HILL,10/18/2007,1342,Tornado, ,EF0,0,0,7500,0,AL,CST-6, ,11377,C,93,BMX,0,0,NWS Storm Survey, ,0.06,50,2,NNE,2,NNE,THORN HILL,10/18/2007,1342,34.2013,-87.659,34.2013,-87.659,"A tornado briefly touched down on Alabama Highway 129, southwest of the city of Haleyville.  The tornado only struck one structure, a house that sustained damage to its carport, awning, and the front half of its roof.  The tornado also damaged several trees and at least one power pole along its short path.","A cold front moving across Alabama caused isolated strong to severe thunderstorms, including a few that produced tornadoes.",65
62074,LAWRENCE CO.,MT HOPE,10/18/2007,1405,Tornado, ,EF1,0,0,0,0,AL,CST-6, ,11286,C,79,HUN,0,0,NWS Storm Survey, ,0.16,100,10,S,10,S,MT HOPE,10/18/2007,1410,34.3066,-87.5012,34.3088,-87.5008,"An EF1 tornado producing estimated maximum winds of 90 mph, a path length of 0.15 miles, and a maximum path width of 100 yards tracked through the Sipsey Wilderness area of the Bankhead National Forecast in Lawrence County.  Numerous large trees were uprooted with several others snapped or sheared at the tops.","An isolated supercell thunderstorm moved northeast into Lawrence County during the early to mid afternoon along a warm frontal boundary.  This storm produced an EF1 tornado which produced minor damage.  ||Later in the evening, a broken line of strong to severe thunderstorms along and ahead of an approaching cold front moved east into northern Alabama, continuing until just after midnight on the 19th.",66
64006,CHEBOYGAN CO.,TOWER,10/18/2007,1625,Tornado, ,EF1,0,0,30000,0,MI,EST-5, ,11641,C,31,APX,0,0,NWS Storm Survey, ,10.21,215,5,W,0,N,BLACK LAKE,10/18/2007,1643,45.35,-84.3927,45.47,-84.27,"This tornado produced sporadic damage, mainly to trees, as it tracked across eastern Cheboygan County.  One barn was destroyed just north of M-68, west of the community of Tower.  The tornado moved out over Black Lake, where it was photographed from the shoreline, just before dissipating.  Winds were estimated at 95 mph, making it an EF1.","An historic tornado outbreak rocked Northern Lower Michigan on the afternoon and evening of October 18th.  The day started out cool and rainy, but a dry slot aloft allowed sunshine to break out in the afternoon.  Temperatures rose into the lower to middle 70s in parts of the area.  The warm and humid air was unstable enough to fuel multiple rounds of thunderstorms in the late afternoon and evening hours.  There was a tremendous amount of shear in the atmosphere, and many storms quickly became supercells with rotating updrafts.  This was an environment conducive to tornadoes, as several lines of discrete supercells crossed Northern Lower Michigan.||Northern Lower Michigan had a record six tornadoes on the day.  The previous high was five, set on June 17 1992.  Unfortunately, the Kalkaska tornado produced a fatality.  That was the first tornado fatality in Northern Lower Michigan since March 30 1976, when a single death occurred in Ogemaw County.",67
59842,DAVIESS CO.,OWENSBORO,10/18/2007,1707,Tornado, ,EF1,0,0,50000,0,KY,CST-6, ,10770,C,59,PAH,0,0,NWS Storm Survey, ,2,90,7,NE,9,NE,OWENSBORO,10/18/2007,1710,37.8365,-87.0359,37.8569,-87.01,"Numerous trees and a few structures were damaged. The average path width was 75 yards. Peak wind speeds were estimated at 95 mph.","The second and more significant severe weather outbreak of the day occurred as a cold front swept east across the Mississippi Valley. Scattered thunderstorms developed along and ahead of the front late in the afternoon. The storms organized into supercells and short lines during the evening. Over a dozen tornadoes occurred in western Kentucky.",68
59841,DAVIESS CO.,THURSTON,10/18/2007,1710,Tornado, ,EF2,0,0,50000,0,KY,CST-6, ,10770,C,59,PAH,0,0,NWS Storm Survey, ,7.5,180,2,ENE,1,ENE,GATEWOOD,10/18/2007,1718,37.8111,-86.9962,37.8328,-86.8615,"Numerous trees and a few structures were damaged. The tornado damage path continued into Hancock County. Peak winds were estimated near 130 mph where the EF-2 damage occurred between Spice Knob and Scythia. The average path width was 150 yards.","The second and more significant severe weather outbreak of the day occurred as a cold front swept east across the Mississippi Valley. Scattered thunderstorms developed along and ahead of the front late in the afternoon. The storms organized into supercells and short lines during the evening. Over a dozen tornadoes occurred in western Kentucky.",69
59843,DAVIESS CO.,GATEWOOD,10/18/2007,1715,Tornado, ,EF0,0,0,3000,0,KY,CST-6, ,10770,C,59,PAH,0,0,NWS Storm Survey, ,0.2,20,3,SW,2,SW,GATEWOOD,10/18/2007,1716,37.8044,-86.9024,37.8065,-86.8998,"Several trees were damaged. Peak wind speeds in this brief tornado were estimated at 65 mph.","The second and more significant severe weather outbreak of the day occurred as a cold front swept east across the Mississippi Valley. Scattered thunderstorms developed along and ahead of the front late in the afternoon. The storms organized into supercells and short lines during the evening. Over a dozen tornadoes occurred in western Kentucky.",70
61631,HANCOCK CO.,UTILITY,10/18/2007,1718,Tornado, ,EF1,0,0,150000,50000,KY,CST-6, ,10398,C,91,LMK,0,0,NWS Storm Survey, ,6.43,200,3,SSW,1,WSW,HAWESVILLE,10/18/2007,1732,37.83,-86.86,37.89,-86.77,"The tornado crossed into Hancock County from Daviess County, KY, near Highway 1389. It continued northeast, with intermittent touchdowns, until it lifted in the southwest outskirts of Hawesville. A mobile home was destroyed along Highway 1389. Several barns and sheds were blown down near the intersection of highways 271 and 1389. Most of the damage, however, was in the form of large trees being uprooted or snapped. The parent thunderstorm crossed into Perry County, IN, where it later produced another tornado to the northeast of Cannelton.","A cold front with strong upper level support collided with a very moist air mass over the lower Ohio Valley. The result was a widespread outbreak of severe thunderstorms, and six confirmed tornadoes. The storms produced property damage, downed trees and power lines, and large hail.",71
64008,ALPENA CO.,LACHINE,10/18/2007,1725,Tornado, ,EF2,0,0,240000,0,MI,EST-5, ,11641,C,7,APX,0,0,NWS Storm Survey, ,4.06,430,4,WNW,2,NW,LONG RAPIDS,10/18/2007,1733,45.1033,-83.8096,45.1484,-83.7561,"The Long Rapids tornado touched down initially near Hodgins Road, and tracked northeast for 4 miles, ending just north of Long Rapids Road on McNeil Road.  The most concentrated property damage was near Hodgins Road.  Three homes suffered roof and siding damage, and three barns were destroyed or heavily damaged.  A garage and a shed were also destroyed, and there was substantial tree damage.  Winds were estimated at 120 mph, making it an EF2.","An historic tornado outbreak rocked Northern Lower Michigan on the afternoon and evening of October 18th.  The day started out cool and rainy, but a dry slot aloft allowed sunshine to break out in the afternoon.  Temperatures rose into the lower to middle 70s in parts of the area.  The warm and humid air was unstable enough to fuel multiple rounds of thunderstorms in the late afternoon and evening hours.  There was a tremendous amount of shear in the atmosphere, and many storms quickly became supercells with rotating updrafts.  This was an environment conducive to tornadoes, as several lines of discrete supercells crossed Northern Lower Michigan.||Northern Lower Michigan had a record six tornadoes on the day.  The previous high was five, set on June 17 1992.  Unfortunately, the Kalkaska tornado produced a fatality.  That was the first tornado fatality in Northern Lower Michigan since March 30 1976, when a single death occurred in Ogemaw County.",72
59844,WEBSTER CO.,DIXON,10/18/2007,1809,Tornado, ,EF2,0,5,2500000,0,KY,CST-6, ,10770,C,233,PAH,0,0,NWS Storm Survey, ,10.19,300,1,NE,1,SE,SEBREE,10/18/2007,1825,37.5302,-87.6871,37.5898,-87.5171,"Three residences were destroyed, and ten others were damaged. Four of the damaged residences were deemed uninhabitable. Six chicken houses were destroyed. A rehabilitation center for troubled young adults received about 2 million dollars in damage. Four persons were seriously injured, and a fifth person received minor injuries. One of the injuries occurred when the tornado picked up a vehicle and tossed it. The occupant of the vehicle was ejected. The other four injuries occurred at a modular home on Kentucky 494. The modular home was nearly obliterated, with debris blown across nearby fields. The home's steel frame was thrown about 300 feet. All four occupants were seriously injured, including broken vertebrae and a punctured lung. Numerous roads were blocked by downed trees. Peak winds were estimated at 135 mph. The average path width was 250 yards.","The second and more significant severe weather outbreak of the day occurred as a cold front swept east across the Mississippi Valley. Scattered thunderstorms developed along and ahead of the front late in the afternoon. The storms organized into supercells and short lines during the evening. Over a dozen tornadoes occurred in western Kentucky.",73
62337,JEFFERSON CO.,HIGHLANDS,10/18/2007,1810,Tornado, ,EF0,0,0,3000,0,KY,EST-5, ,10398,C,111,LMK,0,0,NWS Storm Survey, ,0.04,10,2,NW,2,NNW,HIGHLANDS,10/18/2007,1811,38.2581,-85.7044,38.2581,-85.7038,"The EF-0 tornado touched down briefly at a grocery store at 2200 Brownsboro Road. It blew out windows in the grocery and in a dry cleaners located in the same structure. A shopping cart corral was blown into a car, and a large power pole was blown down.","A cold front with strong upper level support collided with a very moist air mass over the lower Ohio Valley. The result was a widespread outbreak of severe thunderstorms, and six confirmed tornadoes. The storms produced property damage, downed trees and power lines, and large hail.",74
63898,EDWARDS CO.,WEST SALEM,10/18/2007,1815,Tornado, ,EF0,0,0,0,0,IL,CST-6, ,10711,C,47,PAH,0,0,Trained Spotter, ,0.1,20,2,NE,2,NE,WEST SALEM,10/18/2007,1816,38.5405,-87.9938,38.5415,-87.9925,"A funnel cloud was observed for a 20 to 30 minute period by numerous law enforcement personnel and at least one trained spotter. The trained spotter reported an apparent brief touchdown. The event was witnessed mostly from nearby Wabash County at a distance of about 3 to 10 miles. No damage was located, possibly due to the sparsely populated farmland over which it occurred. Due to their distance from the funnel, eyewitnesses were not certain of the exact duration of the touchdown. This funnel cloud and tornado was produced by the same long-lived supercell that crossed the Rend Lake area of southern Jefferson and northern Franklin County.","The second severe weather outbreak of the day occurred as a cold front swept east across the Mississippi Valley. Scattered thunderstorms developed along and ahead of the front late in the afternoon. The storms organized into supercells and short lines during the evening.",75
59853,CALDWELL CO.,CRESWELL,10/18/2007,1816,Tornado, ,EF1,0,0,25000,0,KY,CST-6, ,10770,C,33,PAH,0,0,NWS Storm Survey, ,5.2,100,1,E,3,NNE,FRYER,10/18/2007,1823,37.27,-87.9018,37.3034,-87.8126,"Numerous trees were snapped or uprooted. Much of the damage path was in forest inaccessible by vehicle. No structures were known to be in the path of this tornado. Secondary roads were blocked by downed trees. The peak estimated wind speed was 90 mph. The damage path ended in the vicinity of the intersection of Highways 293 and 1592.","The second and more significant severe weather outbreak of the day occurred as a cold front swept east across the Mississippi Valley. Scattered thunderstorms developed along and ahead of the front late in the afternoon. The storms organized into supercells and short lines during the evening. Over a dozen tornadoes occurred in western Kentucky.",76
59849,CALDWELL CO.,OTTER POND,10/18/2007,1825,Tornado, ,EF2,0,0,250000,0,KY,CST-6, ,10770,C,33,PAH,0,0,NWS Storm Survey, ,8.83,300,1,W,4,ENE,FRIENDSHIP,10/18/2007,1837,37.03,-87.8417,37.0699,-87.6898,"Numerous trees were snapped or uprooted. Trees landed across roads. At least a half dozen small barns were destroyed. Several roofs were lifted and torn off houses. Major structural damage was reported to seven homes. Windows were broken in houses. Peak winds were estimated near 110 mph. The damage path ended very close to the boundary of the Pennyrile State Forest.","The second and more significant severe weather outbreak of the day occurred as a cold front swept east across the Mississippi Valley. Scattered thunderstorms developed along and ahead of the front late in the afternoon. The storms organized into supercells and short lines during the evening. Over a dozen tornadoes occurred in western Kentucky.",77
59845,MCLEAN CO.,BEECH GROVE,10/18/2007,1832,Tornado, ,EF2,0,0,400000,0,KY,CST-6, ,10770,C,149,PAH,0,0,NWS Storm Survey, ,6.62,360,4,W,1,NNE,ELBA,10/18/2007,1844,37.62,-87.4767,37.658,-87.3658,"Twelve to fifteen farm buildings were damaged. Six to eight barns were destroyed. One home received heavy damage. Three to four more houses received minor damage. A garage and several vehicles were destroyed. A pontoon boat loaded on a trailer was moved 15 to 20 feet. Numerous trees and power lines were down. The funnel was photographed by a resident of the Beech Grove area. Peak winds were estimated at 120 mph. The average path width was 300 yards. The tornado continued into Daviess County.","The second and more significant severe weather outbreak of the day occurred as a cold front swept east across the Mississippi Valley. Scattered thunderstorms developed along and ahead of the front late in the afternoon. The storms organized into supercells and short lines during the evening. Over a dozen tornadoes occurred in western Kentucky.",78
57774,PERRY CO.,CANNELTON,10/18/2007,1834,Tornado, ,EF1,0,0,0,0,IN,EST-5, ,10367,C,123,LMK,0,0,NWS Storm Survey, ,8.15,200,1,ESE,3,SSW,GERALD,10/18/2007,1845,37.9147,-86.7302,37.9559,-86.5932,"A thunderstorm that had earlier produced a tornado in Daviess and Hancock Counties in Kentucky crossed the Ohio River near Hawesville, Kentucky.  It produced an EF-1 tornado which touched down just northeast of Cannelton in Perry County, Indiana. Witnesses reported seeing a visible tornado intermittently lifting and touching back down as it moved  northeast across the county, snapping and uprooting trees along its path. Most of the damage occurred near a Girl Scout camp on Cann Heights Road about two and a half miles northeast of Cannelton. The tornado ended near Plock Knob in southern Perry County, but the parent storm continued to produce intermittent wind damage across the southern part of the county.","A cold front with strong upper level support collided with a very moist air mass over the lower Ohio Valley. Widespread severe thunderstorms resulted, along with three confirmed tornadoes in south central Indiana. The severe storms and tornadoes produced property damage, widespread areas with downed trees and power lines, and some large hail.",79
64011,KALKASKA CO.,CROFTON,10/18/2007,1835,Tornado, ,EF2,1,1,1100000,0,MI,EST-5, ,11641,C,79,APX,0,0,NWS Storm Survey, ,4.45,430,0,S,1,WSW,KALKASKA,10/18/2007,1842,44.6671,-85.23,44.7245,-85.1888,"The Kalkaska tornado was the first killer tornado in Northern Lower Michigan in over 30 years.  It touched down just south of Crofton, and tracked north-northeast, lifting just after crossing the Kalkaska County Airport.  A home was damaged in a subdivision just south of Crofton.  The most substantial damage, as well as the fatality, occurred near the intersection of US-131 and Crofton Road.  A large metal warehouse was damaged, a single wide mobile home was destroyed, and several stick-built homes received moderate to severe damage.  The fatality and injury occurred inside the mobile home.  A 29 year old man was pulled from the mobile home, but passed away at a nearby hospital.  Numerous large trees were also uprooted.  The damage became more sporadic to the northeast, until another pocket of concentrated damage at the Kalkaska County Airport.  Several hangars and small planes were damaged, as were several homes in the area.  Sheet metal from one of the hangars was deposited near the Kalkaska Middle School.  Winds were estimated at 120 mph, making it an EF2.","An historic tornado outbreak rocked Northern Lower Michigan on the afternoon and evening of October 18th.  The day started out cool and rainy, but a dry slot aloft allowed sunshine to break out in the afternoon.  Temperatures rose into the lower to middle 70s in parts of the area.  The warm and humid air was unstable enough to fuel multiple rounds of thunderstorms in the late afternoon and evening hours.  There was a tremendous amount of shear in the atmosphere, and many storms quickly became supercells with rotating updrafts.  This was an environment conducive to tornadoes, as several lines of discrete supercells crossed Northern Lower Michigan.||Northern Lower Michigan had a record six tornadoes on the day.  The previous high was five, set on June 17 1992.  Unfortunately, the Kalkaska tornado produced a fatality.  That was the first tornado fatality in Northern Lower Michigan since March 30 1976, when a single death occurred in Ogemaw County.",80
59857,CHRISTIAN CO.,MACEDONIA,10/18/2007,1840,Tornado, ,EF2,0,1,120000,0,KY,CST-6, ,10770,C,47,PAH,0,0,NWS Storm Survey, ,1.4,300,4,NW,4,NNW,MACEDONIA,10/18/2007,1842,37.1168,-87.7161,37.1281,-87.695,"A large area of trees was snapped and uprooted in the Pennyrile State Forest. Some of the trees were 50 to 60 feet tall. A clear path was seen through the forest. A mobile home was blown down a hill and smashed as the tornado crossed Highway 109. An occupant of the mobile home was briefly trapped and sustained lacerations and bruises. The road to the mobile home was blocked by numerous downed trees and trailer debris. Two other mobile homes were severely damaged. A barn were destroyed. Peak winds were estimated near 115 mph.","The second and more significant severe weather outbreak of the day occurred as a cold front swept east across the Mississippi Valley. Scattered thunderstorms developed along and ahead of the front late in the afternoon. The storms organized into supercells and short lines during the evening. Over a dozen tornadoes occurred in western Kentucky.",81
59846,DAVIESS CO.,ST JOSEPH,10/18/2007,1844,Tornado, ,EF2,0,4,500000,200000,KY,CST-6, ,10770,C,59,PAH,0,0,NWS Storm Survey, ,10.64,360,3,SW,5,SW,OWENSBORO,10/18/2007,1905,37.6693,-87.3688,37.7189,-87.1846,"The tornado crossed into Daviess County from Mclean County. Numerous  structures were damaged or destroyed, mostly barns and outbuildings. Several residences were destroyed, and about two dozen others were damaged. Four persons were injured in the West Louisville area when their mobile home was destroyed. Their injuries were mostly minor, although a 4-year-old child was hospitalized in fair condition. The peak winds were estimated at 120 mph. The average path width was 300 yards.","The second and more significant severe weather outbreak of the day occurred as a cold front swept east across the Mississippi Valley. Scattered thunderstorms developed along and ahead of the front late in the afternoon. The storms organized into supercells and short lines during the evening. Over a dozen tornadoes occurred in western Kentucky.",82
59858,HOPKINS CO.,ST CHARLES,10/18/2007,1848,Tornado, ,EF2,0,1,150000,0,KY,CST-6, ,10770,C,107,PAH,0,0,NWS Storm Survey, ,1.86,300,4,SW,3,SSW,ST CHARLES,10/18/2007,1851,37.136,-87.6252,37.1386,-87.5915,"Numerous trees were snapped and uprooted as the tornado touched down. Three mobile homes were destroyed, including one with a bent frame. Debris from mobile homes was thrown several hundred yards. A resident of one of the mobile homes received a minor head injury when a tree fell into his residence. Another resident was briefly pinned under debris but was not injured. Rescue crews had difficulty reaching the scene due to trees across roads. Barns and one house were damaged. The damaged house suffered major roof damage, a destroyed porch, and siding damage. Numerous trees fell across roads and power lines. Peak winds were estimated near 120 mph.","The second and more significant severe weather outbreak of the day occurred as a cold front swept east across the Mississippi Valley. Scattered thunderstorms developed along and ahead of the front late in the afternoon. The storms organized into supercells and short lines during the evening. Over a dozen tornadoes occurred in western Kentucky.",83
59855,TRIGG CO.,CANTON,10/18/2007,1856,Tornado, ,EF1,0,0,150000,0,KY,CST-6, ,10770,C,221,PAH,0,0,NWS Storm Survey, ,3,75,3,N,4,NE,CANTON,10/18/2007,1900,36.8361,-87.95,36.8429,-87.8964,"Many large trees were downed. A boat dock was damaged by a falling tree. Part of a garage was damaged by a large tree limb. Part of a roof was blown off a house. The northeast corner of a tin roof garage was peeled back. One home sustained tree damage. Two cabins in Lake Barkley State Resort Park sustained roof damage. The state park was closed for most of the following day, mostly due to trees and power lines blocking access to the park. Peak winds were estimated up to 100 mph. The tornado occurred near the east shore of Lake Barkley.","The second and more significant severe weather outbreak of the day occurred as a cold front swept east across the Mississippi Valley. Scattered thunderstorms developed along and ahead of the front late in the afternoon. The storms organized into supercells and short lines during the evening. Over a dozen tornadoes occurred in western Kentucky.",84
59854,HOPKINS CO.,NORTONVILLE,10/18/2007,1858,Tornado, ,EF1,0,0,80000,0,KY,CST-6, ,10770,C,107,PAH,0,0,NWS Storm Survey, ,2,100,1,W,2,NE,NORTONVILLE,10/18/2007,1900,37.2,-87.4791,37.2153,-87.4508,"Wooden roofs were removed from two masonry buildings. One tree fell on a house. A gas station canopy was damaged. Power lines were downed due to fallen trees. Tops of trees were torn off, and some trees were uprooted. Peak winds were estimated near 95 mph.","The second and more significant severe weather outbreak of the day occurred as a cold front swept east across the Mississippi Valley. Scattered thunderstorms developed along and ahead of the front late in the afternoon. The storms organized into supercells and short lines during the evening. Over a dozen tornadoes occurred in western Kentucky.",85
59859,CALLOWAY CO.,MURRAY,10/18/2007,1907,Tornado, ,EF1,0,0,60000,0,KY,CST-6, ,10770,C,35,PAH,0,0,NWS Storm Survey, ,7.23,180,8,ESE,2,N,HAMLIN,10/18/2007,1917,36.5757,-88.1869,36.6217,-88.07,"Hundreds of trees were snapped and uprooted. One home received major roof damage, primarily from falling trees. Roads were blocked by downed trees. The average path width was 150 yards. Peak winds were estimated near 95 mph. The tornado path ended at the shore of Kentucky Lake.","The second and more significant severe weather outbreak of the day occurred as a cold front swept east across the Mississippi Valley. Scattered thunderstorms developed along and ahead of the front late in the afternoon. The storms organized into supercells and short lines during the evening. Over a dozen tornadoes occurred in western Kentucky.",86
59840,DAVIESS CO.,OWENSBORO,10/18/2007,1909,Tornado, ,EF3,0,8,11500000,0,KY,CST-6, ,10770,C,59,PAH,0,0,NWS Storm Survey, ,6.99,360,3,W,5,NE,OWENSBORO,10/18/2007,1920,37.77,-87.1657,37.8211,-87.0553,"About a dozen homes were destroyed, and close to 150 others were damaged. An additional 20 public or commercial buildings were destroyed or condemned. Damage to commercial and public buildings, including churches and schools, was estimated near 10.5 million dollars. Residential structures sustained about 1 million dollars in damage. Two historic churches suffered severe damage. The steeple of one church collapsed into the sanctuary. About 125 people were in the church at the time of the collapse, including 25 where the steeple fell into the sanctuary. They all moved to the basement 5 or 10 minutes before the storm hit, sparing anyone from death or serious injury. On the west side of Owensboro, a man was trapped in his overturned mobile home. He received only minor injuries. A motel was heavily damaged, with nearly the entire roof blown off. Several guests at the motel were treated for injuries, mostly abrasions from falling debris. Almost every building at Brescia University was damaged, mostly to the roofs. Windows were blown out of the science building. Elsewhere, a delivery truck was overturned. Piles of debris from collapsed garages, warehouses, and roofs lined downtown streets during the cleanup. Tobacco warehouses downtown were destroyed or heavily damaged. The most serious damage was in a 12 to 15 square block area in and near downtown. Nearly all city streets were reopened and nearly all power was restored within a few days after the tornado. Peak winds were estimated at 155 mph where the EF-3 damage occurred in downtown Owensboro. The damage path began just northeast of the Owensboro-Daviess County Airport, then curved northeast through the riverfront area of downtown Owensboro. The average path width was 300 yards.","The second and more significant severe weather outbreak of the day occurred as a cold front swept east across the Mississippi Valley. Scattered thunderstorms developed along and ahead of the front late in the afternoon. The storms organized into supercells and short lines during the evening. Over a dozen tornadoes occurred in western Kentucky.",87
64012,OSCODA CO.,LUZERNE,10/18/2007,1912,Tornado, ,EF2,0,0,1350000,0,MI,EST-5, ,11641,C,135,APX,0,0,NWS Storm Survey, ,11.63,865,2,NW,8,N,MIO,10/18/2007,1926,44.6405,-84.2988,44.7586,-84.13,"The Oscoda County tornado may have been the strongest of the six on the day.  Thankfully, it spent almost all of its lifetime in unpopulated areas of the Huron National Forest, though that makes its strength difficult to estimate.  Tens of thousands of trees were estimated to have been uprooted or otherwise downed, and many power lines were downed.  About 16 structures were damaged, mostly outbuildings or cabins.  Three cabins, near Cherry Lane and Cherry Creek Road, were destroyed.  Winds were estimated at 115 mph, making it an EF2.","An historic tornado outbreak rocked Northern Lower Michigan on the afternoon and evening of October 18th.  The day started out cool and rainy, but a dry slot aloft allowed sunshine to break out in the afternoon.  Temperatures rose into the lower to middle 70s in parts of the area.  The warm and humid air was unstable enough to fuel multiple rounds of thunderstorms in the late afternoon and evening hours.  There was a tremendous amount of shear in the atmosphere, and many storms quickly became supercells with rotating updrafts.  This was an environment conducive to tornadoes, as several lines of discrete supercells crossed Northern Lower Michigan.||Northern Lower Michigan had a record six tornadoes on the day.  The previous high was five, set on June 17 1992.  Unfortunately, the Kalkaska tornado produced a fatality.  That was the first tornado fatality in Northern Lower Michigan since March 30 1976, when a single death occurred in Ogemaw County.",88
56862,STEWART CO.,MODEL,10/18/2007,1918,Tornado, ,EF1,0,0,50000,0,TN,CST-6, ,10137,C,161,OHX,0,0,NWS Storm Survey, ,0.67,500,4,W,3,W,MODEL,10/18/2007,1919,36.65,-88.0401,36.65,-88.0282,"Numerous trees were snapped and uprooted. Trees were lying in different directions. Damage was noted along Route 206 in Land Between the Lakes  Park.","A Tornado Watch was in effect for much of Middle Tennessee Thursday afternoon and evening. Squall line type thunderstorms developed and produced some wind damage, mainly downed trees and power lines. One tornado occurred in extreme northwest part of Stewart County.",89
59860,TRIGG CO.,LINTON,10/18/2007,1923,Tornado, ,EF0,0,0,0,0,KY,CST-6, ,10770,C,221,PAH,0,0,NWS Storm Survey, ,1,50,3,SW,2,SW,LINTON,10/18/2007,1924,36.6544,-87.9319,36.6647,-87.9191,"Several trees were uprooted. The tornado occurred just south of Pryor Bay on the west side of Lake Barkley. This location is in the Land Between The Lakes National Recreation Area, very close to the Tennessee state line. Peak winds were estimated near 80 mph.","The second and more significant severe weather outbreak of the day occurred as a cold front swept east across the Mississippi Valley. Scattered thunderstorms developed along and ahead of the front late in the afternoon. The storms organized into supercells and short lines during the evening. Over a dozen tornadoes occurred in western Kentucky.",90
59856,TRIGG CO.,LINTON,10/18/2007,1932,Tornado, ,EF2,0,0,120000,0,KY,CST-6, ,10770,C,221,PAH,0,0,NWS Storm Survey, ,9.28,200,4,NE,9,SE,CADIZ,10/18/2007,1945,36.7168,-87.8541,36.778,-87.7051,"Numerous trees were uprooted and blown down. Metal debris was embedded in several trees. Two barns were destroyed. One large garage was destroyed. Debris from the garage was blown up to three quarters of a mile, and projectiles were embedded in the ground up to 200 yards away. Four power poles were snapped. Peak winds were estimated near 120 mph.","The second and more significant severe weather outbreak of the day occurred as a cold front swept east across the Mississippi Valley. Scattered thunderstorms developed along and ahead of the front late in the afternoon. The storms organized into supercells and short lines during the evening. Over a dozen tornadoes occurred in western Kentucky.",91
62931,BENTON CO.,AMBIA,10/18/2007,1935,Tornado, ,EF0,0,0,0,0,IN,EST-5, ,11420,C,7,LOT,0,0,Trained Spotter, ,0.4,20,1,N,1,N,AMBIA,10/18/2007,1936,40.4945,-87.52,40.4945,-87.52,"A trained spotter observed a funnel cloud for several minutes that eventually touched down briefly in an open field.  No damage was reported.","Severe storms moved across northwest Indiana during the evening hours of October 18th.",92
64022,OSCODA CO.,COMINS,10/18/2007,1942,Tornado, ,EF1,0,0,40000,0,MI,EST-5, ,11641,C,135,APX,0,0,NWS Storm Survey, ,0.91,150,7,ESE,8,E,COMINS,10/18/2007,1943,44.7756,-83.9028,44.7843,-83.8887,"The McCollum Lake tornado developed from the same storm that produced the Oscoda County tornado.  It produced considerable tree damage along McCollum Lake Road, near the Oscoda/Alcona County line.  Only a small part of the tornado track was in Oscoda County, but most of the damage was in this initial section.  Swirl markings were seen in nearby fields.  A few outbuildings were also damaged.  The tornado continued on into Alcona County.  Winds were estimated at 105 mph, making it an EF1.","An historic tornado outbreak rocked Northern Lower Michigan on the afternoon and evening of October 18th.  The day started out cool and rainy, but a dry slot aloft allowed sunshine to break out in the afternoon.  Temperatures rose into the lower to middle 70s in parts of the area.  The warm and humid air was unstable enough to fuel multiple rounds of thunderstorms in the late afternoon and evening hours.  There was a tremendous amount of shear in the atmosphere, and many storms quickly became supercells with rotating updrafts.  This was an environment conducive to tornadoes, as several lines of discrete supercells crossed Northern Lower Michigan.||Northern Lower Michigan had a record six tornadoes on the day.  The previous high was five, set on June 17 1992.  Unfortunately, the Kalkaska tornado produced a fatality.  That was the first tornado fatality in Northern Lower Michigan since March 30 1976, when a single death occurred in Ogemaw County.",93
64023,ALCONA CO.,MC GINN,10/18/2007,1942,Tornado, ,EF1,0,0,15000,0,MI,EST-5, ,11641,C,1,APX,0,0,NWS Storm Survey, ,2.31,150,3,WSW,6,NNW,CURRAN,10/18/2007,1944,44.7846,-83.8877,44.8029,-83.8484,"This is the 2nd segment of a tornado that originated near McCollum Lake in Oscoda County.  The damage path was sporadic in Alcona County, as the parent storm raced to the northeast.  Damage was confined to trees in Alcona County.  Winds were estimated at 105 mph, making it an EF1.","An historic tornado outbreak rocked Northern Lower Michigan on the afternoon and evening of October 18th.  The day started out cool and rainy, but a dry slot aloft allowed sunshine to break out in the afternoon.  Temperatures rose into the lower to middle 70s in parts of the area.  The warm and humid air was unstable enough to fuel multiple rounds of thunderstorms in the late afternoon and evening hours.  There was a tremendous amount of shear in the atmosphere, and many storms quickly became supercells with rotating updrafts.  This was an environment conducive to tornadoes, as several lines of discrete supercells crossed Northern Lower Michigan.||Northern Lower Michigan had a record six tornadoes on the day.  The previous high was five, set on June 17 1992.  Unfortunately, the Kalkaska tornado produced a fatality.  That was the first tornado fatality in Northern Lower Michigan since March 30 1976, when a single death occurred in Ogemaw County.",94
64025,ALPENA CO.,HUBBARD LAKE,10/18/2007,2000,Tornado, ,EF2,0,0,245000,0,MI,EST-5, ,11641,C,7,APX,0,0,NWS Storm Survey, ,0.25,230,4,NNW,5,NNW,HUBBARD LAKE,10/18/2007,2001,44.9383,-83.6155,44.9417,-83.6097,"The third tornado from this parent thunderstorm, and sixth and final tornado of the day, this one was only on the ground momentarily, with a quarter-mile long track.  However, this quick touchdown produced substantial damage near Borke Road.  One home had its second story ripped off.  A nearby mobile home was destroyed, and two barns were significantly damaged.  Some livestock (cows and chickens) were killed.  Trees in the area were also heavily damaged.  Winds were estimated at up to 110 mph, making it an EF2.","An historic tornado outbreak rocked Northern Lower Michigan on the afternoon and evening of October 18th.  The day started out cool and rainy, but a dry slot aloft allowed sunshine to break out in the afternoon.  Temperatures rose into the lower to middle 70s in parts of the area.  The warm and humid air was unstable enough to fuel multiple rounds of thunderstorms in the late afternoon and evening hours.  There was a tremendous amount of shear in the atmosphere, and many storms quickly became supercells with rotating updrafts.  This was an environment conducive to tornadoes, as several lines of discrete supercells crossed Northern Lower Michigan.||Northern Lower Michigan had a record six tornadoes on the day.  The previous high was five, set on June 17 1992.  Unfortunately, the Kalkaska tornado produced a fatality.  That was the first tornado fatality in Northern Lower Michigan since March 30 1976, when a single death occurred in Ogemaw County.",95
57961,BRECKINRIDGE CO.,ROSETTA,10/18/2007,2026,Tornado, ,EF2,0,0,300000,0,KY,CST-6, ,10398,C,27,LMK,0,0,NWS Storm Survey, ,3.05,300,1,SW,2,NE,ROSETTA,10/18/2007,2033,37.7862,-86.2875,37.8174,-86.248,"The EF-2 tornado began one mile east northeast of Stinnettsville, and moved to the northeast through Rosetta, where most of the damage occurred. A church was destroyed. A nearby home lost a large section of roof. Two large outbuildings were destroyed. A 16 foot trailer was moved and wrapped around a tree. Winds moved a 4500 pound tractor seven feet. A pickup truck was thrown 75 feet and flipped over. Numerous trees along the tornado path were uprooted or snapped.","A cold front with strong upper level support collided with a very moist air mass over the lower Ohio Valley. The result was a widespread outbreak of severe thunderstorms, and six confirmed tornadoes. The storms produced property damage, downed trees and power lines, and large hail.",96
62342,DUBOIS CO.,ST MARKS,10/18/2007,2027,Tornado, ,EF1,0,0,5000,0,IN,EST-5, ,10367,C,37,LMK,0,0,NWS Storm Survey, ,1.94,125,2,SSE,0,SW,KYANA,10/18/2007,2030,38.2725,-86.8058,38.2957,-86.7859,"The door of a house was blown out about four miles northeast of Ferdinand, near the start of the tornado path. A barn was damaged about a half mile south of Kyana, near the end of the damage path. Over 100 large oak trees were snapped off or uprooted in the Ferdinand Forest.","A cold front with strong upper level support collided with a very moist air mass over the lower Ohio Valley. Widespread severe thunderstorms resulted, along with three confirmed tornadoes in south central Indiana. The severe storms and tornadoes produced property damage, widespread areas with downed trees and power lines, and some large hail.",97
57807,CLARK CO.,VESTA,10/18/2007,2103,Tornado, ,EF3,0,0,1000000,10000,IN,EST-5, ,10367,C,19,LMK,0,0,NWS Storm Survey, ,4.8,440,1,SSW,3,E,SOLON,10/18/2007,2109,38.4716,-85.5539,38.5068,-85.4777,"An EF-3 tornado touched down near Bull Creek Road, and was on the ground intermittently before lifting near the end of Fulton Road, just short of the Ohio River. The greatest damage occurred about 10 miles east northeast of Charlestown, where a recently constructed two story home was blown off its basement and destroyed. Two large barns, a stable, a silo, and four vehicles were also damaged or destroyed on the same property. Ten other homes were damaged, with four of them receiving severe damage. Five barns and several other outbuildings were destroyed. The tornado left scour marks for nearly one half mile through corn and bean fields between Bull Creek Road and Church Road just after its initial touchdown.","A cold front with strong upper level support collided with a very moist air mass over the lower Ohio Valley. Widespread severe thunderstorms resulted, along with three confirmed tornadoes in south central Indiana. The severe storms and tornadoes produced property damage, widespread areas with downed trees and power lines, and some large hail.",98
55287,MARSHALL CO.,INWOOD,10/18/2007,2105,Tornado, ,EF2,0,0,600000,0,IN,EST-5, ,9924,C,99,IWX,4,0,NWS Storm Survey, ,8.35,440,2,SE,5,SSE,AYR,10/18/2007,2113,41.2973,-86.1698,41.3859,-86.0446,"The tornado touched down near the intersection of 12B and Gumwood Roads, just west of Bourbon. Initial damage comprised of damage to shingles on a few roofs as well as some tree damage. As the tornado moved northeast and intensified it blew down a 3/8 mile long stretch of power poles. A total of 16 homes suffered damage from the tornado, 3 were destroyed, 1 suffered major damage and 12 suffered minor damage. Some barns, storage sheds, silos and garages suffered damage of varying degrees as well. The tornado reached the higher end of EF2 as it entered into Kosciusko County. A Bourbon Fire Department grass truck crashed into a ditch during the storm, with the driver being taken to the hospital for unknown injuries. It is not known as to why the crash occurred. 3 other non-specific minor injuries were reported. Damage is estimated at around $600,000.","A combination of strong dynamics, wind shear, and rapid low level moisture return all combined to produce severe weather across much of Northern Indiana. One of several supercell thunderstorms produced a long tracked tornado which reached the high end of EF3.",99
55288,KOSCIUSKO CO.,NAPPANEE,10/18/2007,2113,Tornado, ,EF2,0,0,3000000,0,IN,EST-5, ,9924,C,85,IWX,0,0,NWS Storm Survey, ,4.82,880,5,SSW,1,S,NAPPANEE,10/18/2007,2119,41.3859,-86.0446,41.4355,-86,"The tornado continued tracking northeast from Marshall county into extreme northwestern Kosciusko county. 116 structures were reported to have some sort of damage. 17 homes were destroyed, 6 suffered major damage and 17 minor damage. A horse was killed in a barn that was destroyed. Damage estimated around 3 million dollars.","A combination of strong dynamics, wind shear, and rapid low level moisture return all combined to produce severe weather across much of Northern Indiana. One of several supercell thunderstorms produced a long tracked tornado which reached the high end of EF3.",100
55289,ELKHART CO.,NAPPANEE,10/18/2007,2119,Tornado, ,EF3,0,0,11000000,0,IN,EST-5, ,9924,C,39,IWX,4,0,NWS Storm Survey, ,7.16,880,1,S,3,W,NEW PARIS,10/18/2007,2129,41.4355,-86,41.5,-85.8852,"The tornado continued northeast out of Kosciusko County into the southeast side of Nappanee where the most extensive damage occurred.  The width of the tornado decreased to one quarter mile and intensified just south of US-6 and County Road 7 as wind speeds increased to around 165 mph, in the upper range of the EF3 rating. The tornado went through an area populated by homes, restaurants, convenience stores and 3 RV plants, all of which sustained varying degrees of damage. Local officials reported that 459 buildings were damaged. Of these, 352 were homes with 52 of those being destroyed or uninhabitable. 81 businesses were damaged and 26 destroyed. A few minor injuries were also reported, mainly from people trapped in some of the houses and a few businesses. The tornado continued into the Blackstone subdivision where numerous homes were damaged or destroyed. The tornado continued to west of New Paris near the intersection of County Roads 46 and 17 where it lifted. Numerous vehicles of all varieties sustained severe damage. Damage is estimated around $11 million.","A combination of strong dynamics, wind shear, and rapid low level moisture return all combined to produce severe weather across much of Northern Indiana. One of several supercell thunderstorms produced a long tracked tornado which reached the high end of EF3.",101
62476,INGHAM CO.,VANTOWN,10/18/2007,2128,Tornado, ,EF2,2,0,15000000,0,MI,EST-5, ,10634,C,65,GRR,0,0,NWS Storm Survey, ,17,300,4,W,5,NNW,BELL OAK,10/18/2007,2152,42.61,-84.3,42.79,-84.21,"A National Weather Service storm survey was conducted in Ingham county following the tornado that occurred on the night of October 18th.   Based on extensive damage to buildings and trees the tornado was rated EF-2 with top winds estimated between 120 and 130 mph.||The tornado began just northeast of Mason around 10:28 pm EDT and|moved northeast at 40 to 45 mph through the town of Williamston|between 10:40 and 10:45 pm.  Approximately 100 structures were|damaged in a subdivision on the south side of Williamston.  Two|fatalities occurred about 4 miles northeast of Williamston where a|modular home and its 2 occupants were flipped into a pond.  The|tornado then moved into Shiawassee county and dissipated shortly|thereafter.||The last time a fatal tornado occurred in Ingham county was on|August 14th, 1988 when one death resulted from a tornado that was|rated F-2 on the original Fujita scale.","A late season severe weather outbreak occurred on October 18th.  An EF-2 tornado struck Ingham county, resulting in millions of dollars worth of damage and two fatalities. About a hundred structures were damaged in a subdivision on the south side of Williamston in Ingham county. The two fatalities occurred about four miles northeast of Williamston, where a modular home was flipped into a pond by the tornado. ||There were also a tremendous amount of reports of wind damage with trees and power lines blown down, as well as several reports of three quarters to one inch diameter hail.",102
60130,MEADE CO.,FLAHERTY,10/18/2007,2150,Tornado, ,EF1,0,0,20000,0,KY,EST-5, ,10398,C,163,LMK,0,0,NWS Storm Survey, ,4.11,300,1,NNW,3,SW,MULDRAUGH,10/18/2007,2155,37.8434,-86.077,37.8953,-86.0403,"The tornado touched down a mile north northwest of Flaherty, and lifted near Camp Carlson in the southern portion of Fort Knox. Damage from the tornado was consistent with an EF-1 tornado. Most of the damage was concentrated near the intersection of U.S. 60 and County Road 1882. The Rock Inn sustained roof damage, and a service station canopy was  knocked over. The tornado also uprooted large trees along the damage path.","A cold front with strong upper level support collided with a very moist air mass over the lower Ohio Valley. The result was a widespread outbreak of severe thunderstorms, and six confirmed tornadoes. The storms produced property damage, downed trees and power lines, and large hail.",103
62076,SHIAWASSEE CO.,PERRY,10/18/2007,2153,Tornado, ,EF1,0,1,400000,0,MI,EST-5, ,11285,C,155,DTX,0,0,Law Enforcement, ,2,100,3,SSE,1,SSE,PERRY,10/18/2007,2156,42.7759,-84.1951,42.8026,-84.2102,"This tornado developed in Ingham County, just northeast of Mason, and tracked northeastward through the town of Williamston before crossing into Shiawassee County at 2153EST at a point 3.3 miles south-southeast of Perry (see Storm Data for Michigan, Southwest, for more information on the beginning portion of this tornado). In Shiawassee County, the tornado was on the ground for 2 miles and the most significant damage, rated EF1, was concentrated on Lovejoy, Locke, and Braden roads where 4 barns and 3 houses received damage. One house had windows blown out, one farm house had a section of roof taken off, and a modular home had the entire roof taken off. A man in the modular home received a bump on the head, otherwise, no injuries were reported. Total property damages to structures, vehicles, and other property were estimated at $400K. Average path width for the Shiawassee County portion was 100 yards.","A strong and potent storm in the Upper Great Lakes drove a cold front through Lower Michigan during the evening and overnight hours on October 18th and 19th. The atmosphere ahead of the cold front was very warm, moist, and unstable. These conditions combined with the strong storm to produce a late-season and late-night tornado outbreak. Five tornadoes were confirmed in Southeast Michigan in Shiawassee, Genesee, Tuscola, and Huron Counties. Only a couple of minor injuries were reported. Total property damages were estimated around $1.5M.",104
62568,BULLITT CO.,HUBERS,10/18/2007,2220,Tornado, ,EF1,0,0,35000,0,KY,EST-5, ,10398,C,29,LMK,0,0,NWS Storm Survey, ,1.64,200,0,E,2,ENE,HUBERS,10/18/2007,2226,38.0305,-85.6938,38.0396,-85.6659,"The tornado damaged two outbuildings near the initial touchdown point. It also downed trees, and the damage pattern of the trees indicated a rotary circulation. At this point the tornado moved out over a wooded and largely inaccessible area, where it may have been on the ground intermittently. Most of the structural damage occurred in about the last three quarters of a mile of the damage path. In this stretch, a few houses had chimney and roof damage. The tornado also knocked down some vertical columns on a porch overhang. The roof was blown off a cinder block garage, and three of the garage walls were collapsed.","A cold front with strong upper level support collided with a very moist air mass over the lower Ohio Valley. The result was a widespread outbreak of severe thunderstorms, and six confirmed tornadoes. The storms produced property damage, downed trees and power lines, and large hail.",105
62077,GENESEE CO.,THETFORD CENTER,10/19/2007,6,Tornado, ,EF0,0,0,100000,0,MI,EST-5, ,11285,C,49,DTX,0,0,NWS Storm Survey, ,2.5,50,0,W,3,NE,THETFORD CENTER,10/19/2007,9,43.18,-83.62,43.2056,-83.585,"This tornado developed at 0006EST in Thetford Township about 5 miles east of Clio. It started near Center and Vienna roads, tracked northeastward for 2.5 miles, and ended in Buell Lake Park. The tornado was rated as EF0 with winds estimated around 80 mph. Most of the damage was to large trees with many snapped or uprooted. One home had shingle damage and a barn had a portion of its metal roof peeled off. Damage to these two structures was estimated at $100K. The average path width was 50 yards. |","A strong and potent storm in the Upper Great Lakes drove a cold front through Lower Michigan during the evening and overnight hours on October 18th and 19th. The atmosphere ahead of the cold front was very warm, moist, and unstable. These conditions combined with the strong storm to produce a late-season and late-night tornado outbreak. Five tornadoes were confirmed in Southeast Michigan in Shiawassee, Genesee, Tuscola, and Huron Counties. Only a couple of minor injuries were reported. Total property damages were estimated around $1.5M.",106
62078,TUSCOLA CO.,MILLINGTON,10/19/2007,16,Tornado, ,EF1,0,1,500000,0,MI,EST-5, ,11285,C,157,DTX,0,0,Law Enforcement, ,2,30,2,SW,1,E,MILLINGTON,10/19/2007,18,43.2647,-83.5511,43.28,-83.5181,"This tornado touched down at 0016EST, just southwest of the town of Millington, near the intersection of Barnes and Fulmer roads. It tracked northeastward and was on the ground for 2 miles before lifting near Main street and Caine Road in Millington. This tornado was rated a strong EF1 with winds estimated around 105 mph. A modular home was completely destroyed, another home received substantial damage after being battered by debris from the destroyed modular home and a framed house lost a section of its roof. Miraculously, a 14-month-old baby, sleeping in a crib in the modular home, received only minor cuts and bruises after being tossed 25 feet and buried under about 4 feet of beams, rafters, and other debris from the demolished home. Total property damages were estimated at $500K. The average path width was 30 yards.","A strong and potent storm in the Upper Great Lakes drove a cold front through Lower Michigan during the evening and overnight hours on October 18th and 19th. The atmosphere ahead of the cold front was very warm, moist, and unstable. These conditions combined with the strong storm to produce a late-season and late-night tornado outbreak. Five tornadoes were confirmed in Southeast Michigan in Shiawassee, Genesee, Tuscola, and Huron Counties. Only a couple of minor injuries were reported. Total property damages were estimated around $1.5M.",107
60129,MARION CO.,BRADFORDSVILLE,10/19/2007,36,Tornado, ,EF0,0,0,100000,0,KY,EST-5, ,10398,C,155,LMK,0,0,NWS Storm Survey, ,0.77,20,1,SW,0,SSE,BRADFORDSVILLE,10/19/2007,38,37.4915,-85.1601,37.4962,-85.1474,"The tornado touched down about three quarters of a mile southwest of Bradfordsville near the intersection of Bradfordsville and Thornton Roads.  A mobile home was rolled over and two homes suffered shingle damage.  An outbuilding also sustained minor damage, and several small trees were downed. From here, the tornado moved east-northeast into Bradfordsville, doing significant tree damage, snapping power poles, and destroying several outbuildings, one of which collapsed onto a speedboat. When the tornado lifted, the parent thunderstorm continued to cause extensive tree damage on the eastern side of Bradfordsville. Structural and tree damage from the tornado was consistent with an EF-0 tornado.","A cold front with strong upper level support collided with a very moist air mass over the lower Ohio Valley. The result was a widespread outbreak of severe thunderstorms, and six confirmed tornadoes. The storms produced property damage, downed trees and power lines, and large hail.",108
62080,TUSCOLA CO.,DEFORD,10/19/2007,45,Tornado, ,EF1,0,0,400000,0,MI,EST-5, ,11285,C,157,DTX,0,0,Law Enforcement, ,3,100,2,W,2,N,DEFORD,10/19/2007,48,43.52,-83.2419,43.5504,-83.2,"A tornado spun up at 0045EST two miles west of Deford. It began near Deckerville and Dodge roads and tracked northeastward for 3 miles before lifting. The most significant damage was rated EF1 with winds estimated at 95 MPH. A garage was destroyed, several houses sustained roof damage, and a fifth-wheel was tossed into a pond on top a truck that had already been tossed into the pond. A man sleeping in the fifth-wheel received no injuries. Numerous trees were also snapped off or uprooted. Total property damages were estimated at $400K. The average path width was 100 yards.","A strong and potent storm in the Upper Great Lakes drove a cold front through Lower Michigan during the evening and overnight hours on October 18th and 19th. The atmosphere ahead of the cold front was very warm, moist, and unstable. These conditions combined with the strong storm to produce a late-season and late-night tornado outbreak. Five tornadoes were confirmed in Southeast Michigan in Shiawassee, Genesee, Tuscola, and Huron Counties. Only a couple of minor injuries were reported. Total property damages were estimated around $1.5M.",109
62081,HURON CO.,PORT HOPE,10/19/2007,126,Tornado, ,EF1,0,0,250000,0,MI,EST-5, ,11285,C,63,DTX,0,0,NWS Storm Survey, ,1,100,4,W,4,WNW,PORT HOPE,10/19/2007,127,43.93,-82.8003,43.9521,-82.7942,"A tornado spun up at 0126EST four miles west of Port Hope. It touched down at a farmstead and caused substantial damage, rated EF1. Large heavy farm machinery was lifted and displaced, and a farm shed was moved about 120 feet off of its foundation. Also, the walls of a large barn were lifted 6 to 8 feet from their foundation. Total property damages were estimated at $250K. The average path width was 100 yards.","A strong and potent storm in the Upper Great Lakes drove a cold front through Lower Michigan during the evening and overnight hours on October 18th and 19th. The atmosphere ahead of the cold front was very warm, moist, and unstable. These conditions combined with the strong storm to produce a late-season and late-night tornado outbreak. Five tornadoes were confirmed in Southeast Michigan in Shiawassee, Genesee, Tuscola, and Huron Counties. Only a couple of minor injuries were reported. Total property damages were estimated around $1.5M.",110
62346,MOBILE CO.,DAUPHIN IS,10/22/2007,1407,Tornado, ,EF0,0,0,0,0,AL,CST-6, ,11349,C,97,MOB,0,0,Mariner, ,0.1,50,0,N,0,N,DAUPHIN IS,10/22/2007,1408,30.25,-88.12,30.25,-88.12,"A waterspout moved ashore near Dauphin Island and quickly dissipated on the beach.  The weak tornado dissipated over the beach and no damage was found.","A waterspout moved ashore on Dauphin Island and quickly dissipated.",111
62250,MOBILE CO.,BAYOU LA BATRE ARPT,10/22/2007,1533,Tornado, ,EF1,0,0,750000,0,AL,CST-6, ,11325,C,97,MOB,0,0,NWS Storm Survey, ,0.7,200,1,SE,1,ENE,BAYOU LA BATRE ARPT,10/22/2007,1536,30.4433,-88.2122,30.4539,-88.2092,"The National Weather Service in Mobile conducted a damage assessment of the tornadic thunderstorms that moved across south Mobile county late Monday afternoon, October 22nd.|Meteorologists from the Weather Service in Mobile found that a tornado first touched down just south of Memory lane southeast of Bayou La Batre airport. This area was where most of the damage occurred. A manufactured home was broadsided by the tornado and the home was overturned and demolished. Another manufactured home was pushed several feet by the winds but stayed anchored into the ground. A shed was completely destroyed by the winds. Several other homes were damaged in the area. Trees and power lines were also blown down. Seven people took refuge in a bathtub, fortunately their home only suffered some siding and roof damage. The tornado then tracked north northeast, paralleling Walker road and lifted just south of Roy E Ray road. A couple of homes were damaged and sheds and travel trailers were damaged along this track.  Trees were also blown down. At the end of the track of the tornado, just south of Roy E Ray road, several homes suffered roof and eave damage. Trees and power lines were also damaged in this area.  A resident said the tornado struck around 436 pm CDT.|The tornado was rated at an EF1 (86 to 109 mph) on the enhanced Fujita scale. The length of the tornado track was about three-quarters of a mile and the width of the tornado was 200 yards. There were no injuries caused by the tornado. The tornado damaged fifteen to twenty residences with one destroyed and two severely damaged. Others suffered minimum to moderate damage.|","An EF1 tornado moved across the south part of Mobile county.",112
64108,SUNFLOWER CO.,MACKMAN,10/22/2007,1654,Tornado, ,EF1,0,0,180000,0,MS,CST-6, ,11659,C,133,JAN,0,0,NWS Storm Survey, ,3.47,150,2,NE,1,E,MOORHEAD,10/22/2007,1659,33.42,-90.54,33.4538,-90.4954,"This tornado touched down just southwest of Moorehead, in a farm field, and leveled crops before reaching Moorehead. As the tornado moved into the southwest portion of town, a number of trees were snapped, a barn had a portion of the roof blown off and a a few outbuildings were damaged. Additionally, a metal gazebo was thrown onto a house and a metal walkway was destroyed at a school.","Scattered showers and thunderstorms developed across the region and evolved into a line of storms as it moved across the area. This system did produce a little severe weather, but was mainly a rain producer and help relieve some of the drought across the area.",113
62552,HALE CO.,SLEDGE,10/22/2007,2144,Tornado, ,EF1,0,2,92000,0,AL,CST-6, ,11378,C,65,BMX,0,0,NWS Storm Survey, ,9.31,50,3,S,2,ENE,ROSEMARY,10/22/2007,2201,32.5232,-87.5708,32.6557,-87.5415,"The tornado touched down along County Road 12, just east of the Laneville Community. It then tracked north northeast, crossing County Road 16 and State Highway 61, before lifting near the intersection of State Highway 61 and County Road 24. At least 20 homes sustained damage, with 11 of the homes severely damaged. One airplane hangar near the intersection of County Road 24 and State Highway 61 suffered major damage. Numerous trees were either uprooted or snapped off along the path, and at least 20 vehicles sustained varying degrees of damage. The highest winds affected areas near the intersection of County Road 10 and Dodge City Road.  There were two minor injuries as a result of the storm.","A very strong upper level disturbance caused several severe thunderstorms to move from the Gulf Coast northward into parts of Central Alabama.  A few of these storms produced tornadoes.",114
62555,BIBB CO.,HARRISBURG,10/22/2007,2301,Tornado, ,EF1,0,0,12000,0,AL,CST-6, ,11378,C,7,BMX,0,0,NWS Storm Survey, ,7.71,200,3,SW,2,SSW,INGATE,10/22/2007,2306,32.8386,-87.2675,32.9466,-87.234,"The tornado touched down about southwest of the Harrisburg Community, west of Alabama Route 5. It then tracked north northeast for over 7 miles, roughly parallel to Route 5, and lifted after crossing Bear Creek Road, west of Brent. The tornado damage was very minimal for a majority of the path, and was limited to a few snapped trees. The damage increased along Bear Creek Road, about 2 miles west of Brent, where at least 3 homes suffered minor damage and several outbuildings were destroyed. Numerous soft and hardwood trees were snapped off in this area.","A very strong upper level disturbance caused several severe thunderstorms to move from the Gulf Coast northward into parts of Central Alabama.  A few of these storms produced tornadoes.",115
62567,LOWNDES CO.,LOWNDESBORO,10/23/2007,40,Tornado, ,EF1,0,0,85000,0,AL,CST-6, ,11378,C,85,BMX,0,0,NWS Storm Survey, ,3.25,100,5,ESE,3,SSW,MANACK,10/23/2007,45,32.2493,-86.5412,32.2886,-86.5108,"The tornado first touched down just west of Caffey Road, near Robinsons Lake, in northeastern Lowndes County. It then moved northeast, crossing US-80 and County Road 37, before lifting. The most concentrated damage occurred at Mt. Olive Church and the Auxiliary Mt. Olive Church, on Frederick Douglass Road. A wing of the auxiliary church had its entire roof blown off, a couple windows blown out, and the steeple was blown 100 yards over a house.  The main church building sustained damage to about 20% of its roof.  Multiple trees were also blown down in the church area.","A very strong upper level disturbance caused several severe thunderstorms to move from the Gulf Coast northward into parts of Central Alabama.  A few of these storms produced tornadoes.",116
62353,BUTLER CO.,GEORGIANA,10/23/2007,1250,Tornado, ,EF0,0,0,20000,0,AL,CST-6, ,11353,C,13,MOB,0,0,Emergency Manager, ,0.1,60,2,NW,2,NW,GEORGIANA,10/23/2007,1252,31.6505,-86.774,31.6505,-86.774,"A weak tornado briefly touched down near I-65 and State Highway 106.  The tornado blew down several trees and power lines.","Thunderstorms moving northeast blew down trees and power lines in Butler and Crenshaw counties during the early morning hours of October 23.  A couple of homes in Crenshaw county suffered roof damage. A weak tornado also caused minor damage along I-65 in Butler county.",117
59602,BATH CO.,KENDALL SPGS,11/05/2007,1712,Tornado, ,EF0,0,0,50000,0,KY,EST-5, ,10727,C,11,JKL,0,0,NWS Storm Survey, ,1.52,30,3,WNW,1,NW,KENDALL SPGS,11/05/2007,1714,38.1152,-83.8267,38.1148,-83.7988,"Four older barns had significant roof and wall damage.  One barn was pushed off it's foundation.  Numerous trees were downed and snapped along the path. The tornado crossed I-64 3 miles southwest of Owingsville before lifting. Tornado rated EF-0 with peak winds near 85 mph.","A strong cold front moving east across the area spawned the development of severe thunderstorms across Eastern Kentucky, north of the Mountain Parkway, during the late afternoon hours of November 5th, 2007. In addition to wind damage and large hail across portions of the area, evidence of a tornado touchdown was found in Bath County. A National Weather Service storm survey team found evidence of a tornado 4 miles west-southwest of Owingsville. The tornado was on the ground for 1.52 miles, and had a width of 30 yards. 4 barns were damaged, and numerous trees were blown down.",118
60127,JACKSON CO.,UNION HILL,11/14/2007,1517,Tornado, ,EF1,0,0,10000,0,TN,CST-6, ,10861,C,87,OHX,0,0,NWS Storm Survey, ,0.12,100,1,SE,1,SE,UNION HILL,11/14/2007,1518,36.2164,-85.6132,36.216,-85.6126,"Damage to a home from the tornado. The house, located on Green Road, loss its front porch. A few trees were uprooted. One tree was snapped at its trunk.","Severe weather broke out ahead of a cold front pushing into West and Middle Tennessee on the afternoon and evening of Nov. 14.",119
60128,WHITE CO.,BAKERS XRDS,11/14/2007,1616,Tornado, ,EF0,0,0,20000,0,TN,CST-6, ,10861,C,185,OHX,0,0,NWS Storm Survey, ,0.67,100,1,WSW,1,WSW,BAKERS XRDS,11/14/2007,1617,36.015,-85.5702,36.0156,-85.5583,"Damage to a mobile home and to the Almyra Methodist Church. The mobile home blew off its foundation, rolled across the street, slamming into a brick home across the street.","Severe weather broke out ahead of a cold front pushing into West and Middle Tennessee on the afternoon and evening of Nov. 14.",120
61844,LAUREL CO.,BERNSTADT,11/14/2007,1628,Tornado, ,EF1,0,0,75000,0,KY,EST-5, ,10917,C,125,JKL,0,0,NWS Storm Survey, ,1.99,200,2,ENE,1,SW,PITTSBURG,11/14/2007,1633,37.158,-84.169,37.161,-84.133,"Tornado touchdown occurred 1.8 miles east-northeast of Bernstadt around 428 pm EST, with the tornado dissipating 1 mile southwest of Pittsburg around 433 pm EST. The path length was almost 2 miles and the width was 200 yards at its maximum. The tornado was rated EF1, with estimated peak winds of 94 to 99 mph. Several homes along the tornados path sustained broken windows from flying debris and shingle and gutter damage along the tornados path. A tree fell on one home. Intermittent tree damage was observed along the tornados path. One barn collapsed and several outbuildings were also damaged, with one building being blown off its foundation. A manufactured home was shifted of its foundation at the touchdown site.","A strong cold front moving through Eastern Kentucky brought severe thunderstorms to the region during the afternoon hours of November 14th. One of these storms produced a tornado in Laurel County. This tornado was on the ground intermittently for approximately 2 miles, causing damage to numerous buildings, and toppling trees.",121
66406,LINCOLN CO.,VANNTOWN,11/14/2007,1735,Tornado, ,EF1,0,0,5000,0,TN,CST-6, ,12136,C,103,HUN,0,0,NWS Storm Survey, ,5.34,75,2,NNW,2,NE,MILNERS SWITCH,11/14/2007,1740,35.0413,-86.4761,35.0491,-86.3822,"A supercell thunderstorm developed ahead of a strong cold front that moved through southern middle Tennessee.  The storm intensified over southeastern Lincoln county between 5:30 and 5:35 PM.  This thunderstorm  produced an EF-1 tornado one mile south southwest of Flintville at 5:35 PM.  This tornado exhibited maximum wind speeds of 90 mph and a path width of 75 yards.  A storage shed was destroyed and a pole barn suffered considerable damage.  As the tornado continued east northeast,  a large oak tree, at least 50 years old, was uprooted just northeast of the pole barn. The track continued in an east northeast direction until it lifted two and one half miles east of Flintville. In other locations along the path EF-0 damage was evident.  Tree were blown down and tops of trees snapped off.","A strong cold front pushed southeast into southern middle Tennessee during the afternoon and evening hours. Very moist air and limited instability ahead of the front resulted in severe thunderstorms and one tornado in Lincoln County Tennessee.",122
60769,MARION CO.,KIMBALL,11/14/2007,1902,Tornado, ,EF2,0,9,2500000,0,TN,CST-6, ,11033,C,115,MRX,0,0,Emergency Manager, ,1.96,200,0,W,2,ESE,KIMBALL,11/14/2007,1909,35.0502,-85.6855,35.0399,-85.6532,"Nine injuries resulted from the EF2 rated tornado which heavily damaged the roof of the Kimball Baptist Church as well as damaging several vehicles in the church parking lot. The tornado also destroyed several modular homes between Main Street and Interstate 24. Peak wind speed was estimated at 130 mph with a path width of 200 yards. Path length was 2 miles.","High shear with moderate instability in the warm sector ahead of strong late Fall cold front. The Event was characterized by a few wind damage reports and an EF 2 tornado (Marion County) all across Southeast Tennessee.",123
60981,WILLACY CO.,LYFORD,11/19/2007,1715,Tornado, ,EF0,0,0,0,0,TX,CST-6, ,11084,C,489,BRO,0,0,Public, ,1,10,2,SSE,2,SSE,LYFORD,11/19/2007,1730,26.391,-97.7666,26.391,-97.7666,"A resident first noticed a tornado over an open field approximately 1-2 miles east of U.S. Highway 77 just south of FM 491. The tornado moved westward toward U.S. Highway 77 and lifted as it approached the Highway, then dissipated. The tornado was on the ground approximately 3 to 5 minutes. No damage was reported.","Isolated showers and thunderstorms moved across portions of Deep South Texas. An isolated thunderstorm produced a weak tornado which briefly moved over an open field approximately 2 miles southeast of Lyford Texas.",124
61910,OZARK CO.,WILLHOLT,12/02/2007,1238,Tornado, ,EF0,0,0,0,0,MO,CST-6, ,11255,C,153,SGF,0,0,NWS Employee, ,0.4,50,1,NW,1,NW,WILLHOLT,12/02/2007,1239,36.6902,-92.5128,36.6902,-92.5128,"A National Weather Service storm survey revealed that an EF-0 tornado touched down near the intersection of County Road 286 and Highway Z.  Numerous trees were damaged by this brief tornado.","A strong cold front moved across the region while triggering a line of showers and thunderstorms.  None of these storms produced severe straight line winds or hail, however, one storm managed to produce a weak tornado near the community of Willhoit.",125
72610,TYLER CO.,WARREN,12/15/2007,739,Tornado, ,EF0,0,0,12000,0,TX,CST-6, ,13138,C,457,LCH,0,0,NWS Storm Survey, ,0.25,50,1,NW,1,NNW,WARREN,12/15/2007,740,30.6101,-94.411,30.6128,-94.4082,"A tornado briefly touched down near Warren. Several pine trees were blown down or uprooted, one home had some sheet metal roofing blown off a patio and a fence was blown down.","As a cold front moved across the region, a couple of thunderstorms became severe and caused wind damage in Jasper and Tyler County.",126
68908,EARLY CO.,BLAKELY,12/15/2007,1755,Tornado, ,EF0,0,0,30000,0,GA,EST-5, ,12569,C,99,TAE,0,0,NWS Storm Survey, ,3.83,75,5,W,5,NW,BLAKELY,12/15/2007,1800,31.38,-85.0348,31.4312,-85.01,"A weak tornado touched down near the intersection of County Road 3 and Freeman Road where a house's metal addition was destroyed along with a few uprooted trees.  The tornado lifted briefly, then touched down again just south of State Road 39 and destroyed an old shed store.  The debris was strewn across the road as the tornado traveled northeast.  Before the tornado dissipated, it damaged a mobile home.","An warm and unstable air mass collided along a strong cold front to produce reports of damaging thunderstorm winds and a pair of tornadoes across portions of southwest Georgia.  Unfortunately, a fatality occurred when one of the tornadoes tossed a semi into an enbankment off Interstate 75 just northeast of Ashburn.",127
68912,WORTH CO.,SYLVESTER,12/15/2007,2103,Tornado, ,EF0,0,0,750000,0,GA,EST-5, ,12569,C,321,TAE,0,0,NWS Storm Survey, ,3.9,75,4,WNW,0,WNW,ISABELLA,12/15/2007,2106,31.5522,-83.9128,31.57,-83.85,"A weak tornado touched down just north of U.S. Highway 82, then raced northeast through the Isabella community.  Along its path, the tornado damaged 29 homes and overturned several irrigation pivots.  One peanut warehouse was damaged.","An warm and unstable air mass collided along a strong cold front to produce reports of damaging thunderstorm winds and a pair of tornadoes across portions of southwest Georgia.  Unfortunately, a fatality occurred when one of the tornadoes tossed a semi into an enbankment off Interstate 75 just northeast of Ashburn.",128
68914,TURNER CO.,ASHBURN,12/15/2007,2120,Tornado, ,EF1,1,0,1250000,0,GA,EST-5, ,12569,C,287,TAE,0,0,NWS Storm Survey, ,3.5,125,1,SW,3,NE,ASHBURN,12/15/2007,2122,31.6898,-83.682,31.7256,-83.6399,"A tornado touched down just southwest of Ashburn and tracked northeast through the city.  Numerous trees were toppled, with several on top of houses and vehicles.  Four mobile homes were destroyed and 39 frame homes were damaged.  The tornado's winds twisted steel beams and tore the roofs off of two peanut warehouses.  Numerous businesses were damaged.  The tornado snapped the tops of pine trees just northeast of Ashburn.  A semi traveling north on Interstate 75 near mile marker 83 was blown into an embankment.  The driver was killed on impact.","An warm and unstable air mass collided along a strong cold front to produce reports of damaging thunderstorm winds and a pair of tornadoes across portions of southwest Georgia.  Unfortunately, a fatality occurred when one of the tornadoes tossed a semi into an enbankment off Interstate 75 just northeast of Ashburn.",129
64708,WILCOX CO.,OWENSBORO,12/15/2007,2130,Tornado, ,EF1,0,0,5000,0,GA,EST-5, ,11769,C,315,FFC,0,0,NWS Storm Survey, ,0.5,100,2,W,2,WNW,OWENSBORO,12/15/2007,2131,31.87,-83.4641,31.8783,-83.4536,"A survey conducted by the National Weather Service Forecast Office in Peachtree City, GA concluded that a tornado touched down approximately two miles west of Owensboro in southeast Wilcox county.  The tornado moved rapidly northeast and lifted approximately 0.5 mile to the west-northwest of Owensboro.  The tornado path width was estimated to be approximately 100 yards wide.  The roof was ripped off an old dairy shed and a cinder block attached to the shed was completely destroyed.  While the tornado lifted shortly after touching down, wind damage, consistent with 70 to 100 mph wind speeds, continued northeast across the county toward Abbeville.","A strong negatively titled upper atmospheric disturbance and associated strong cold front were moving through the southeast states late on December 15th.  Unseasonably warm conditions had prevailed across this region of the country throughout the preceding days, while much colder weather and significant winter weather prevailed to the northwest across the southern plains and midwest.  A wedge of cool air was intensifying across north central and northeast Georgia, with the front marking this wedge of cooler air lying across central and southeast Georgia.  Meanwhile, deep coastal low development along the mid-Atlantic coast was underway as the upper trough rotated into the southeast states.  The combination of these strong dynamics, a strong low-level jet, and unseasonably warm, moist air across southeast Georgia in advance of the front and upper disturbance resulted in the development of thunderstorms across south Georgia.  As the storms moved northeast and encountered the wedge front, they quickly became rotating supercells spawning three tornadoes in a one-hour period across the southeast portion of the Peachtree City, Georgia Weather Forecast Office County Warning Area.",130
64722,DODGE CO.,JAY BIRD SPGS,12/15/2007,2218,Tornado, ,EF0,0,0,25000,0,GA,EST-5, ,11769,C,91,FFC,0,0,NWS Storm Survey, ,0.5,25,5,ENE,6,ENE,JAY BIRD SPGS,12/15/2007,2219,32.1577,-82.921,32.1605,-82.9131,"A storm survey conducted by the National Weather Service Forecast Office in Peachtree City, GA  confirmed that an EF0 tornado touched down in the southeastern panhandle of Dodge county, or about six miles north of Helena, which is located further south in Telfair county.  The tornado traveled on the ground approximately 1/2 mile, all within the far southeast panhandle of Dodge county.  The maximum path width was estimated to be 25 yards.  The tornado damaged a single mobile home just east of the intersection of Long Bridge Road and New Bethel Church Road.  This damage consisted mainly of siding damage.  Dozens of trees and power lines were down in the area, especially along Long Bridge Road, which was blocked and closed.","A strong negatively titled upper atmospheric disturbance and associated strong cold front were moving through the southeast states late on December 15th.  Unseasonably warm conditions had prevailed across this region of the country throughout the preceding days, while much colder weather and significant winter weather prevailed to the northwest across the southern plains and midwest.  A wedge of cool air was intensifying across north central and northeast Georgia, with the front marking this wedge of cooler air lying across central and southeast Georgia.  Meanwhile, deep coastal low development along the mid-Atlantic coast was underway as the upper trough rotated into the southeast states.  The combination of these strong dynamics, a strong low-level jet, and unseasonably warm, moist air across southeast Georgia in advance of the front and upper disturbance resulted in the development of thunderstorms across south Georgia.  As the storms moved northeast and encountered the wedge front, they quickly became rotating supercells spawning three tornadoes in a one-hour period across the southeast portion of the Peachtree City, Georgia Weather Forecast Office County Warning Area.",131
64723,TREUTLEN CO.,LOTHAIR,12/15/2007,2241,Tornado, ,EF2,0,0,100000,0,GA,EST-5, ,11769,C,283,FFC,0,0,NWS Storm Survey, ,3.5,200,1,SW,3,NE,LOTHAIR,12/15/2007,2247,32.3398,-82.6621,32.3756,-82.6197,"A storm survey conducted by the National Weather Service in Peachtree City, Georgia confirmed that a tornado, an EF2 at maximum intensity, tracked across southwest Treutlen county, west of Soperton.  The tornado touched down as an EF1 in a heavily forested area approximately one mile southwest of Lothair.  Significant tree damage was noted within the forested area as a result of the tornado.  The tornado then strengthened to an EF2 as it moved northeast and reached the town of Lothair where a fire department building on Georgia Highway 199 was destroyed.  The tornado then weakened back to an EF1 as it continued moving northeastward.  A mobile home, about 1.5 miles northeast of Lothair, was completely destroyed by the tornado and another home was moved off its foundation.  The tornado then weakened to an EF0 another mile to the northeast and lifted, but not before ripping a carport off a home and throwing it approximately 50 yards across the street.","A strong negatively titled upper atmospheric disturbance and associated strong cold front were moving through the southeast states late on December 15th.  Unseasonably warm conditions had prevailed across this region of the country throughout the preceding days, while much colder weather and significant winter weather prevailed to the northwest across the southern plains and midwest.  A wedge of cool air was intensifying across north central and northeast Georgia, with the front marking this wedge of cooler air lying across central and southeast Georgia.  Meanwhile, deep coastal low development along the mid-Atlantic coast was underway as the upper trough rotated into the southeast states.  The combination of these strong dynamics, a strong low-level jet, and unseasonably warm, moist air across southeast Georgia in advance of the front and upper disturbance resulted in the development of thunderstorms across south Georgia.  As the storms moved northeast and encountered the wedge front, they quickly became rotating supercells spawning three tornadoes in a one-hour period across the southeast portion of the Peachtree City, Georgia Weather Forecast Office County Warning Area.",132
64585,ALACHUA CO.,HAGUE,12/16/2007,245,Tornado, ,EF1,0,0,0,0,FL,EST-5, ,11747,C,1,JAX,0,0,NWS Storm Survey, ,0.75,200,3,SSE,3,SSE,HAGUE,12/16/2007,247,29.73,-82.41,29.73,-82.41,"The EF1 path length was estimated at 3/4 mile and averaged about 200 yards wide. Maximum winds were estimated around 90-95 mph based on the damage survey. Numerous pine trees were snapped and a few were uprooted. A portion of a masonry brick wall on a small farm outbuilding was knocked over and the metal roof was ripped off and strewn across a field. A farm truck as flipped on its side near the outbuilding. Another house had a damaged carport, minor wall damage, a toppled TV antenna mast and many of the roof shingles were stripped. This location was along Northwest 93rd Avenue, northwest of Gainesville. The cost of damage was estimated.","A pre-frontal band of convection moved across Northeast Florida during the early morning hours of December 16th before sunrise. There was about a week of near record high temperatures across the area in advance of this storm system, allowing for many days of pre-frontal instability to develop across the area.  There was also a strong 850 mb southwest jet around 55 knots which advected low level moisture and instability inland from the Gulf of Mexico overnight in advanced of the surface front.",133
66279,PASCO CO.,LAND O LAKES,12/16/2007,520,Tornado, ,EF1,0,0,1000000,0,FL,EST-5, ,12122,C,101,TBW,0,0,Emergency Manager, ,3.2,100,6,NNW,7,N,LAND O LAKES,12/16/2007,527,28.3129,-82.509,28.3328,-82.47,"A housing annex worth $750,000 at the county jail was destroyed. The 125 female inmates living in the annex were evacuated before it was destroyed, resulting in zero injuries. There was also roof damage to a fire station, four vehicles were flipped and there were numerous trees and power poles downed.","A strong cold front combined with the remnants of Tropical Depression Olga to produce hazardous weather in west central Florida. The tornado formed from a long-lived supercell thunderstorm that moved onshore from the Gulf of Mexico.",134
68798,COPIAH CO.,MARTINSVILLE,12/20/2007,859,Tornado, ,EF0,0,0,2000,0,MS,CST-6, ,12554,C,29,JAN,0,0,NWS Storm Survey, ,2.24,50,2,WSW,1,E,MARTINSVILLE,12/20/2007,903,31.7746,-90.4487,31.7793,-90.411,"This weak tornado touched down just west of I-55, along Cline Road, and tracked east across I-55, then across Dixie Garden Road, then to Highway 51 where it lifted. Scattered trees were snapped with several tops blown out along the path.","A small, but potent, storm system evolved and moved east across the region during the first half of the day. A large MCV (meso-scale convective vortex) developed across Central Louisiana during the morning hours and moved east adding an extra kick to the atmosphere and aided in generating a line of severe thunderstorms which produced five tornadoes and wind damage. All the severe weather was confined to the southern areas, generally along Highway 84, and extended from Natchez to Brookhaven to Laurel.",135
68800,LINCOLN CO.,HEUCKS RETREAT,12/20/2007,900,Tornado, ,EF2,0,1,500000,0,MS,CST-6, ,12554,C,85,JAN,0,0,NWS Storm Survey, ,5.03,200,1,S,1,W,WOOLWORTH,12/20/2007,910,31.6114,-90.3718,31.6299,-90.2891,"This strong tornado touched down just east of the Brookhaven-Lincoln County Airport and tracked east-northeast for five miles to near the Woolworth Community. The most significant damage occurred just south of Heucks Crossing along Beeson Road where two mobile homes were obliterated. The debris was swept from foundations with large debris, including furniture, and appliances thrown more than 100 yards. Additionally, numerous trees, both pines and hardwoods, were snapped and uprooted along with several power lines down along the path. A shop was also destroyed, camper trailer heavily damaged and two other homes suffered significant roof damage.","A small, but potent, storm system evolved and moved east across the region during the first half of the day. A large MCV (meso-scale convective vortex) developed across Central Louisiana during the morning hours and moved east adding an extra kick to the atmosphere and aided in generating a line of severe thunderstorms which produced five tornadoes and wind damage. All the severe weather was confined to the southern areas, generally along Highway 84, and extended from Natchez to Brookhaven to Laurel.",136
68812,COVINGTON CO.,COLLINS,12/20/2007,1010,Tornado, ,EF1,0,0,700000,0,MS,CST-6, ,12554,C,31,JAN,0,0,NWS Storm Survey, ,7.16,500,0,SSW,3,S,HOT COFFEE,12/20/2007,1019,31.6263,-89.5525,31.6814,-89.4493,"This tornado touched down just south of Collins to just southeast of the Highway 84 and 37 intersection. The damage began on the south side of Collins where a billboard was blown over and a warehouse building was destroyed. Numerous trees were uprooted and snapped as the tornado tracked east-northeast. The tornado reached its peak intensity and maximum width along Dennis Knight Road. Here, numerous large trees were snapped and uprooted including a swath where a large majority of the trees were snapped off. The tornado continued moving east-northeast, where the roof of a chicken house was completely removed and caused minor to moderate roof damage to two homes.","A small, but potent, storm system evolved and moved east across the region during the first half of the day. A large MCV (meso-scale convective vortex) developed across Central Louisiana during the morning hours and moved east adding an extra kick to the atmosphere and aided in generating a line of severe thunderstorms which produced five tornadoes and wind damage. All the severe weather was confined to the southern areas, generally along Highway 84, and extended from Natchez to Brookhaven to Laurel.",137
68813,COVINGTON CO.,HOT COFFEE,12/20/2007,1018,Tornado, ,EF1,0,0,80000,0,MS,CST-6, ,12554,C,31,JAN,0,0,NWS Storm Survey, ,0.44,100,6,S,5,S,HOT COFFEE,12/20/2007,1019,31.65,-89.45,31.6551,-89.4457,"This tornado was brief and touched down just inside the Covington County border with Jones County. The roofs were blown off of two mobile homes with extensive debris strewn. One home had a part of it's roof removed along with numerous pine trees snapped and uprooted in a convergent path.","A small, but potent, storm system evolved and moved east across the region during the first half of the day. A large MCV (meso-scale convective vortex) developed across Central Louisiana during the morning hours and moved east adding an extra kick to the atmosphere and aided in generating a line of severe thunderstorms which produced five tornadoes and wind damage. All the severe weather was confined to the southern areas, generally along Highway 84, and extended from Natchez to Brookhaven to Laurel.",138
68814,JONES CO.,SERVICE,12/20/2007,1032,Tornado, ,EF2,0,2,450000,0,MS,CST-6, ,12554,C,67,JAN,0,0,NWS Storm Survey, ,1.91,150,4,SW,2,SW,SERVICE,12/20/2007,1036,31.6879,-89.2756,31.7085,-89.2538,"This tornado began as a small, narrow path of minor damage, including a porch being blown off a house. It reached its maximum intensity as it crossed highway 29. Here, a brick home had all of its roof structure blown off along with a few walls blown down. Three mobile homes were rolled or tossed and destroyed, with debris strewn downstream along the path. Numerous trees were snapped off or uprooted. The last damage occurred along Leroy Hill Road. A home suffered significant roof damage, an outbuilding was destroyed, a car suffered major damage, and numerous large trees were snapped or uprooted. The tornado dissipated shortly after crossing Leroy Hill Road with only a few trees snapped at the end of the path.","A small, but potent, storm system evolved and moved east across the region during the first half of the day. A large MCV (meso-scale convective vortex) developed across Central Louisiana during the morning hours and moved east adding an extra kick to the atmosphere and aided in generating a line of severe thunderstorms which produced five tornadoes and wind damage. All the severe weather was confined to the southern areas, generally along Highway 84, and extended from Natchez to Brookhaven to Laurel.",139
67068,COLLIER CO.,NORTH NAPLES,12/21/2007,810,Tornado, ,EF0,0,0,15000,0,FL,EST-5, ,12215,C,21,MFL,0,0,Newspaper, ,0.44,20,1,WNW,1,NW,NORTH NAPLES,12/21/2007,811,26.2388,-81.8208,26.2394,-81.8137,"A waterspout moved onshore along Pelican Bay's North Beach, causing damage to several structures at the Sandpiper Restaurant. The awning covering the restaurant's outdoor dining area was partially ripped off and part of its metal frame was damaged. Lounge chairs were thrown through several of the restaurant's windows, with chairs and beach umbrellas observed as far inland as Pelican Bay Boulevard, about a half-mile inland. ||Five vertical propane heaters were destroyed, and a 5-foot by 8-foot section of the roof was damaged.","A squall line ahead of a cold front over the eastern Gulf of Mexico spawned a waterspout which moved onshore along the northern Collier County coast.",140
70159,TERREBONNE PAR.,CROZIER,12/26/2007,1512,Tornado, ,EF0,0,0,25000,0,LA,CST-6, ,12755,C,109,LIX,0,0,Emergency Manager, ,0.2,25,0,N,0,N,CROZIER,12/26/2007,1517,29.53,-90.75,29.53,-90.75,"A weak tornado briefly touched down causing minor to moderate damage to five houses and two mobile homes. The damage to the houses was mainly to the roofs. A shed was also destroyed. The tornado traveled across Mark Street and Melvin Street off of Bayou Dularge Road.","Isolated strong to severe thunderstorms affected areas of southeast Louisiana as a strong upper level disturbance moved across the lower Mississippi Valley.",141
66150,LUBBOCK CO.,BROADVIEW,12/27/2007,1718,Tornado, ,EF0,0,0,0,0,TX,CST-6, ,12088,C,303,LUB,0,0,Broadcast Media, ,1.64,75,3,E,4,W,(LBB)LUBBOCK INTL AR,12/27/2007,1723,33.6518,-101.8934,33.6741,-101.8834,"A non-mesocyclonic tornado was photographed by the public as it traversed across open county just north of Lubbock around 17:20 CST on the 27th. The tornado apparently developed as towering cumuliform clouds formed above an advancing low-level boundary. Witnesses report that the tornado persisted for five minutes. No damage was reported.","A very dynamic storm system brought a variety of severe weather impacts to the South Plains of west Texas late on the 27th. ||Moist and sub-freezing upslope northeasterly flow behind a cold front resulted in persistent ice fog through much of the day over the extreme southeastern Texas Panhandle, particularly along the Caprock Escarpment. Although ice accumulated on most exposed surfaces, no adverse impacts were reported.||By late afternoon, weather impacts became much more intense and diverse. An area of heavy snow developed over the extreme southwestern Texas Panhandle and the northwestern South Plains. The area of wintry precipitation quickly moved northeastward, but not before accumulating snows occurred over the area and resulted in treacherous travel conditions. Roadways, including major interstate highways, became snowpacked - and remained dangerous through much of the morning hours on the 28th. ||Reported snow accumulations follow:  4 inches at Happy (Swisher County), 3 inches at Lazbuddie (Parmer County), 3 inches at Tulia (Swisher County), 2 inches at Nazareth (Castro County), 1 inch at Dimmitt (Castro County), 1 inch at Plainview (Hale County), and 1 inch at Silverton (Briscoe County).||South of the snow band, strong winds advected eastward behind a dryline-like feature that moved over the western and central South Plains. Wind gusts in excess of 40 mph were recorded at a number of Texas Tech University West Texas Mesonet sites over the western South Plains. Wind contributed to the failure of a metal shed building in northwest Lubbock. In addition, two non-mesocyclonic tornadoes were observed and photographed in the Lubbock vicinity. These tornadoes developed near a deepening surface low and its associated surface boundaries, and beneath towering cumulus clouds within a strongly unstable low-level airmass. No measurable precipitation occurred in association with the tornadic cumuliform clouds.",142
66165,LUBBOCK CO.,SLATON,12/27/2007,1730,Tornado, ,EF0,0,0,0,0,TX,CST-6, ,12088,C,303,LUB,0,0,Broadcast Media, ,0.79,50,2,ESE,3,ESE,SLATON,12/27/2007,1734,33.416,-101.6167,33.4178,-101.6031,"The local media relayed video of a tornado near U.S. Highway 84 between Slaton and Southland. The video showed a well-develop tornado just east of the highway over open fields. No damage was reported.","A very dynamic storm system brought a variety of severe weather impacts to the South Plains of west Texas late on the 27th. ||Moist and sub-freezing upslope northeasterly flow behind a cold front resulted in persistent ice fog through much of the day over the extreme southeastern Texas Panhandle, particularly along the Caprock Escarpment. Although ice accumulated on most exposed surfaces, no adverse impacts were reported.||By late afternoon, weather impacts became much more intense and diverse. An area of heavy snow developed over the extreme southwestern Texas Panhandle and the northwestern South Plains. The area of wintry precipitation quickly moved northeastward, but not before accumulating snows occurred over the area and resulted in treacherous travel conditions. Roadways, including major interstate highways, became snowpacked - and remained dangerous through much of the morning hours on the 28th. ||Reported snow accumulations follow:  4 inches at Happy (Swisher County), 3 inches at Lazbuddie (Parmer County), 3 inches at Tulia (Swisher County), 2 inches at Nazareth (Castro County), 1 inch at Dimmitt (Castro County), 1 inch at Plainview (Hale County), and 1 inch at Silverton (Briscoe County).||South of the snow band, strong winds advected eastward behind a dryline-like feature that moved over the western and central South Plains. Wind gusts in excess of 40 mph were recorded at a number of Texas Tech University West Texas Mesonet sites over the western South Plains. Wind contributed to the failure of a metal shed building in northwest Lubbock. In addition, two non-mesocyclonic tornadoes were observed and photographed in the Lubbock vicinity. These tornadoes developed near a deepening surface low and its associated surface boundaries, and beneath towering cumulus clouds within a strongly unstable low-level airmass. No measurable precipitation occurred in association with the tornadic cumuliform clouds.",143
