"STATION","NAME","DATE","PRCP","TMAX","TMIN"
"USW00053913","GUTHRIE MUNICIPAL AIRPORT, OK US","1998-07-01","0.00","90","71"
"USW00053913","GUTHRIE MUNICIPAL AIRPORT, OK US","1998-07-02","0.05","98","72"
"USW00053913","GUTHRIE MUNICIPAL AIRPORT, OK US","1998-07-03","0.00",,
"USW00053913","GUTHRIE MUNICIPAL AIRPORT, OK US","1998-07-04","0.00","96","75"
"USW00053913","GUTHRIE MUNICIPAL AIRPORT, OK US","1998-07-05","0.00","90","75"
"USW00053913","GUTHRIE MUNICIPAL AIRPORT, OK US","1998-07-06","0.00","104","78"
"USW00053913","GUTHRIE MUNICIPAL AIRPORT, OK US","1998-07-07","0.00","104","80"
"USW00053913","GUTHRIE MUNICIPAL AIRPORT, OK US","1998-07-08","0.34","95","72"
"USW00053913","GUTHRIE MUNICIPAL AIRPORT, OK US","1998-07-09","0.00","102","77"
"USW00053913","GUTHRIE MUNICIPAL AIRPORT, OK US","1998-07-10","0.00","105","74"
"USW00053913","GUTHRIE MUNICIPAL AIRPORT, OK US","1998-07-11","0.07","96","76"
"USW00053913","GUTHRIE MUNICIPAL AIRPORT, OK US","1998-07-12","0.00","95","74"
"USW00053913","GUTHRIE MUNICIPAL AIRPORT, OK US","1998-07-13","0.00","97","73"
"USW00053913","GUTHRIE MUNICIPAL AIRPORT, OK US","1998-07-14","0.00","100","72"
"USW00053913","GUTHRIE MUNICIPAL AIRPORT, OK US","1998-07-15","0.00","97","74"
"USW00053913","GUTHRIE MUNICIPAL AIRPORT, OK US","1998-07-16","0.00","95","72"
"USW00053913","GUTHRIE MUNICIPAL AIRPORT, OK US","1998-07-17","0.00","100","67"
"USW00053913","GUTHRIE MUNICIPAL AIRPORT, OK US","1998-07-18","0.00","102","70"
"USW00053913","GUTHRIE MUNICIPAL AIRPORT, OK US","1998-07-19","0.00","105","79"
"USW00053913","GUTHRIE MUNICIPAL AIRPORT, OK US","1998-07-20","0.00","105","78"
"USW00053913","GUTHRIE MUNICIPAL AIRPORT, OK US","1998-07-21",,,
"USW00053913","GUTHRIE MUNICIPAL AIRPORT, OK US","1998-07-22",,,
"USW00053913","GUTHRIE MUNICIPAL AIRPORT, OK US","1998-07-23","0.00",,
"USW00053913","GUTHRIE MUNICIPAL AIRPORT, OK US","1998-07-24","0.00","103","75"
"USW00053913","GUTHRIE MUNICIPAL AIRPORT, OK US","1998-07-25","0.00","108","75"
"USW00053913","GUTHRIE MUNICIPAL AIRPORT, OK US","1998-07-26","0.00","109","85"
"USW00053913","GUTHRIE MUNICIPAL AIRPORT, OK US","1998-07-27","0.00","103","75"
"USW00053913","GUTHRIE MUNICIPAL AIRPORT, OK US","1998-07-28","0.00","106","74"
"USW00053913","GUTHRIE MUNICIPAL AIRPORT, OK US","1998-07-29","0.00","105","80"
"USW00053913","GUTHRIE MUNICIPAL AIRPORT, OK US","1998-07-30","0.00","107","79"
"USW00053913","GUTHRIE MUNICIPAL AIRPORT, OK US","1998-07-31","0.00","98","71"
"USW00053913","GUTHRIE MUNICIPAL AIRPORT, OK US","1998-08-01","0.00","102","70"
"USW00053913","GUTHRIE MUNICIPAL AIRPORT, OK US","1998-08-02","0.00","106","77"
"USW00053913","GUTHRIE MUNICIPAL AIRPORT, OK US","1998-08-03","0.16","92","73"
"USW00053913","GUTHRIE MUNICIPAL AIRPORT, OK US","1998-08-04","0.84","88","70"
"USW00053913","GUTHRIE MUNICIPAL AIRPORT, OK US","1998-08-05","0.00","85","68"
"USW00053913","GUTHRIE MUNICIPAL AIRPORT, OK US","1998-08-06","0.00","90","65"
"USW00053913","GUTHRIE MUNICIPAL AIRPORT, OK US","1998-08-07","0.00","95","66"
"USW00053913","GUTHRIE MUNICIPAL AIRPORT, OK US","1998-08-08","0.03","95","70"
"USW00053913","GUTHRIE MUNICIPAL AIRPORT, OK US","1998-08-09","0.00","104","77"
"USW00053913","GUTHRIE MUNICIPAL AIRPORT, OK US","1998-08-10","0.10","97","72"
"USW00053913","GUTHRIE MUNICIPAL AIRPORT, OK US","1998-08-11","0.15","92","72"
"USW00053913","GUTHRIE MUNICIPAL AIRPORT, OK US","1998-08-12","0.18","94","71"
"USW00053913","GUTHRIE MUNICIPAL AIRPORT, OK US","1998-08-13","0.00","92","70"
"USW00053913","GUTHRIE MUNICIPAL AIRPORT, OK US","1998-08-14","0.00","92","69"
"USW00053913","GUTHRIE MUNICIPAL AIRPORT, OK US","1998-08-15","0.00","95","66"
"USW00053913","GUTHRIE MUNICIPAL AIRPORT, OK US","1998-08-16","0.00","99","73"
"USW00053913","GUTHRIE MUNICIPAL AIRPORT, OK US","1998-08-17","0.00","102","76"
"USW00053913","GUTHRIE MUNICIPAL AIRPORT, OK US","1998-08-18","0.00","100","74"
"USW00053913","GUTHRIE MUNICIPAL AIRPORT, OK US","1998-08-19","0.00","100","71"
"USW00053913","GUTHRIE MUNICIPAL AIRPORT, OK US","1998-08-20","0.00","101","75"
"USW00053913","GUTHRIE MUNICIPAL AIRPORT, OK US","1998-08-21","0.00","98","74"
"USW00053913","GUTHRIE MUNICIPAL AIRPORT, OK US","1998-08-22","0.00","99","75"
"USW00053913","GUTHRIE MUNICIPAL AIRPORT, OK US","1998-08-23","0.00","100","73"
"USW00053913","GUTHRIE MUNICIPAL AIRPORT, OK US","1998-08-24","0.00","101","74"
"USW00053913","GUTHRIE MUNICIPAL AIRPORT, OK US","1998-08-25","0.00","103","76"
"USW00053913","GUTHRIE MUNICIPAL AIRPORT, OK US","1998-08-26","0.00","104","79"
"USW00053913","GUTHRIE MUNICIPAL AIRPORT, OK US","1998-08-27","0.00","104","77"
"USW00053913","GUTHRIE MUNICIPAL AIRPORT, OK US","1998-08-28","0.01","99","74"
"USW00053913","GUTHRIE MUNICIPAL AIRPORT, OK US","1998-08-29","0.00","98","67"
"USW00053913","GUTHRIE MUNICIPAL AIRPORT, OK US","1998-08-30","0.00","101","60"
"USW00053913","GUTHRIE MUNICIPAL AIRPORT, OK US","1998-08-31","0.00","103","73"
"USW00053913","GUTHRIE MUNICIPAL AIRPORT, OK US","1998-09-01","0.00","102","73"
"USW00053913","GUTHRIE MUNICIPAL AIRPORT, OK US","1998-09-02","0.00","98","68"
"USW00053913","GUTHRIE MUNICIPAL AIRPORT, OK US","1998-09-03","0.00","109","75"
"USW00053913","GUTHRIE MUNICIPAL AIRPORT, OK US","1998-09-04","0.00","109","65"
"USW00053913","GUTHRIE MUNICIPAL AIRPORT, OK US","1998-09-05","0.00","108","69"
"USW00053913","GUTHRIE MUNICIPAL AIRPORT, OK US","1998-09-06","0.00","104","82"
"USW00053913","GUTHRIE MUNICIPAL AIRPORT, OK US","1998-09-07","0.00","105","76"
"USW00053913","GUTHRIE MUNICIPAL AIRPORT, OK US","1998-09-08","0.00","96","72"
"USW00053913","GUTHRIE MUNICIPAL AIRPORT, OK US","1998-09-09","0.00","92","69"
"USW00053913","GUTHRIE MUNICIPAL AIRPORT, OK US","1998-09-10","0.00","91","58"
"USW00053913","GUTHRIE MUNICIPAL AIRPORT, OK US","1998-09-11","0.00","96","65"
"USW00053913","GUTHRIE MUNICIPAL AIRPORT, OK US","1998-09-12","0.03","88","67"
"USW00053913","GUTHRIE MUNICIPAL AIRPORT, OK US","1998-09-13","0.34","78","69"
"USW00053913","GUTHRIE MUNICIPAL AIRPORT, OK US","1998-09-14","0.00","91","69"
"USW00053913","GUTHRIE MUNICIPAL AIRPORT, OK US","1998-09-15","0.10","89","68"
"USW00053913","GUTHRIE MUNICIPAL AIRPORT, OK US","1998-09-16","0.00","88","68"
"USW00053913","GUTHRIE MUNICIPAL AIRPORT, OK US","1998-09-17","0.00","88","68"
"USW00053913","GUTHRIE MUNICIPAL AIRPORT, OK US","1998-09-18","0.00","93","67"
"USW00053913","GUTHRIE MUNICIPAL AIRPORT, OK US","1998-09-19","0.00","94","71"
"USW00053913","GUTHRIE MUNICIPAL AIRPORT, OK US","1998-09-20","0.00","97","74"
"USW00053913","GUTHRIE MUNICIPAL AIRPORT, OK US","1998-09-21","0.02","98","69"
"USW00053913","GUTHRIE MUNICIPAL AIRPORT, OK US","1998-09-22","0.36","71","61"
"USW00053913","GUTHRIE MUNICIPAL AIRPORT, OK US","1998-09-23","0.00","79","62"
"USW00053913","GUTHRIE MUNICIPAL AIRPORT, OK US","1998-09-24","0.00","93","72"
"USW00053913","GUTHRIE MUNICIPAL AIRPORT, OK US","1998-09-25","0.00","94","76"
"USW00053913","GUTHRIE MUNICIPAL AIRPORT, OK US","1998-09-26","0.00","91","74"
"USW00053913","GUTHRIE MUNICIPAL AIRPORT, OK US","1998-09-27","0.00","94","72"
"USW00053913","GUTHRIE MUNICIPAL AIRPORT, OK US","1998-09-28","0.00","94","69"
"USW00053913","GUTHRIE MUNICIPAL AIRPORT, OK US","1998-09-29","0.00","95","71"
"USW00053913","GUTHRIE MUNICIPAL AIRPORT, OK US","1998-09-30","0.07","96","71"
"USW00053913","GUTHRIE MUNICIPAL AIRPORT, OK US","1998-10-01","1.19","71","56"
"USW00053913","GUTHRIE MUNICIPAL AIRPORT, OK US","1998-10-02","1.01","73","56"
"USW00053913","GUTHRIE MUNICIPAL AIRPORT, OK US","1998-10-03","0.00","73","61"
"USW00053913","GUTHRIE MUNICIPAL AIRPORT, OK US","1998-10-04","0.84","86","66"
"USW00053913","GUTHRIE MUNICIPAL AIRPORT, OK US","1998-10-05","3.22","74","53"
"USW00053913","GUTHRIE MUNICIPAL AIRPORT, OK US","1998-10-06",,,
"USW00053913","GUTHRIE MUNICIPAL AIRPORT, OK US","1998-10-07","0.00",,
"USW00053913","GUTHRIE MUNICIPAL AIRPORT, OK US","1998-10-08","0.01","75","46"
"USW00053913","GUTHRIE MUNICIPAL AIRPORT, OK US","1998-10-09","0.00","78","50"
"USW00053913","GUTHRIE MUNICIPAL AIRPORT, OK US","1998-10-10","0.00","78","56"
"USW00053913","GUTHRIE MUNICIPAL AIRPORT, OK US","1998-10-11","0.00","81","57"
"USW00053913","GUTHRIE MUNICIPAL AIRPORT, OK US","1998-10-12","0.00","77","58"
"USW00053913","GUTHRIE MUNICIPAL AIRPORT, OK US","1998-10-13","0.01","81","58"
"USW00053913","GUTHRIE MUNICIPAL AIRPORT, OK US","1998-10-14","0.00","82","64"
"USW00053913","GUTHRIE MUNICIPAL AIRPORT, OK US","1998-10-15","0.00","81","64"
"USW00053913","GUTHRIE MUNICIPAL AIRPORT, OK US","1998-10-16","0.43","78","68"
"USW00053913","GUTHRIE MUNICIPAL AIRPORT, OK US","1998-10-17","2.67","76","55"
"USW00053913","GUTHRIE MUNICIPAL AIRPORT, OK US","1998-10-18","0.00","67","46"
"USW00053913","GUTHRIE MUNICIPAL AIRPORT, OK US","1998-10-19","0.01","72","45"
"USW00053913","GUTHRIE MUNICIPAL AIRPORT, OK US","1998-10-20","0.10","57","49"
"USW00053913","GUTHRIE MUNICIPAL AIRPORT, OK US","1998-10-21","0.01","66","45"
"USW00053913","GUTHRIE MUNICIPAL AIRPORT, OK US","1998-10-22","0.00","66","39"
"USW00053913","GUTHRIE MUNICIPAL AIRPORT, OK US","1998-10-23","0.00","65","45"
"USW00053913","GUTHRIE MUNICIPAL AIRPORT, OK US","1998-10-24","0.00","68","48"
"USW00053913","GUTHRIE MUNICIPAL AIRPORT, OK US","1998-10-25","0.00","76","53"
"USW00053913","GUTHRIE MUNICIPAL AIRPORT, OK US","1998-10-26","0.00","79","59"
"USW00053913","GUTHRIE MUNICIPAL AIRPORT, OK US","1998-10-27","0.00","80","62"
"USW00053913","GUTHRIE MUNICIPAL AIRPORT, OK US","1998-10-28","0.50","79","63"
"USW00053913","GUTHRIE MUNICIPAL AIRPORT, OK US","1998-10-29","0.00","76","53"
"USW00053913","GUTHRIE MUNICIPAL AIRPORT, OK US","1998-10-30","1.90","63","53"
"USW00053913","GUTHRIE MUNICIPAL AIRPORT, OK US","1998-10-31","2.17","69","56"
"USW00053913","GUTHRIE MUNICIPAL AIRPORT, OK US","1998-11-01","7.73","57","50"
"USW00053913","GUTHRIE MUNICIPAL AIRPORT, OK US","1998-11-02","0.07","57","50"
"USW00053913","GUTHRIE MUNICIPAL AIRPORT, OK US","1998-11-03","0.03","53","45"
"USW00053913","GUTHRIE MUNICIPAL AIRPORT, OK US","1998-11-04","0.00","46","42"
"USW00053913","GUTHRIE MUNICIPAL AIRPORT, OK US","1998-11-05","0.00","45","41"
"USW00053913","GUTHRIE MUNICIPAL AIRPORT, OK US","1998-11-06","0.00","48","39"
"USW00053913","GUTHRIE MUNICIPAL AIRPORT, OK US","1998-11-07","0.52","51","46"
"USW00053913","GUTHRIE MUNICIPAL AIRPORT, OK US","1998-11-08","0.00","53","48"
"USW00053913","GUTHRIE MUNICIPAL AIRPORT, OK US","1998-11-09","0.30","71","48"
"USW00053913","GUTHRIE MUNICIPAL AIRPORT, OK US","1998-11-10","0.00","56","37"
"USW00053913","GUTHRIE MUNICIPAL AIRPORT, OK US","1998-11-11","0.00","62","39"
"USW00053913","GUTHRIE MUNICIPAL AIRPORT, OK US","1998-11-12","0.00","58","45"
"USW00053913","GUTHRIE MUNICIPAL AIRPORT, OK US","1998-11-13","0.04","56","43"
"USW00053913","GUTHRIE MUNICIPAL AIRPORT, OK US","1998-11-14","0.00","60","44"
"USW00053913","GUTHRIE MUNICIPAL AIRPORT, OK US","1998-11-15","0.01","70","38"
"USW00053913","GUTHRIE MUNICIPAL AIRPORT, OK US","1998-11-16","0.00","69","45"
"USW00053913","GUTHRIE MUNICIPAL AIRPORT, OK US","1998-11-17","0.01","70","37"
"USW00053913","GUTHRIE MUNICIPAL AIRPORT, OK US","1998-11-18","0.00","73","50"
"USW00053913","GUTHRIE MUNICIPAL AIRPORT, OK US","1998-11-19","0.00","58","41"
"USW00053913","GUTHRIE MUNICIPAL AIRPORT, OK US","1998-11-20","0.00","57","30"
"USW00053913","GUTHRIE MUNICIPAL AIRPORT, OK US","1998-11-21","0.00",,
"USW00053913","GUTHRIE MUNICIPAL AIRPORT, OK US","1998-11-22","0.00","71","48"
"USW00053913","GUTHRIE MUNICIPAL AIRPORT, OK US","1998-11-23","0.00","72","42"
"USW00053913","GUTHRIE MUNICIPAL AIRPORT, OK US","1998-11-24","0.00","69","35"
"USW00053913","GUTHRIE MUNICIPAL AIRPORT, OK US","1998-11-25","0.00","68","40"
"USW00053913","GUTHRIE MUNICIPAL AIRPORT, OK US","1998-11-26","0.00","71","34"
"USW00053913","GUTHRIE MUNICIPAL AIRPORT, OK US","1998-11-27","0.00","75","50"
"USW00053913","GUTHRIE MUNICIPAL AIRPORT, OK US","1998-11-28","0.00","71","61"
"USW00053913","GUTHRIE MUNICIPAL AIRPORT, OK US","1998-11-29","1.17","73","57"
"USW00053913","GUTHRIE MUNICIPAL AIRPORT, OK US","1998-11-30","0.00","67","44"
"USW00053913","GUTHRIE MUNICIPAL AIRPORT, OK US","1998-12-01","0.01","72","40"
"USW00053913","GUTHRIE MUNICIPAL AIRPORT, OK US","1998-12-02","0.00","70","54"
"USW00053913","GUTHRIE MUNICIPAL AIRPORT, OK US","1998-12-03","1.34","73","60"
"USW00053913","GUTHRIE MUNICIPAL AIRPORT, OK US","1998-12-04","0.00","69","54"
"USW00053913","GUTHRIE MUNICIPAL AIRPORT, OK US","1998-12-05","0.00","74","53"
"USW00053913","GUTHRIE MUNICIPAL AIRPORT, OK US","1998-12-06","0.63","68","40"
"USW00053913","GUTHRIE MUNICIPAL AIRPORT, OK US","1998-12-07","0.00","42","38"
"USW00053913","GUTHRIE MUNICIPAL AIRPORT, OK US","1998-12-08","0.00","51","28"
"USW00053913","GUTHRIE MUNICIPAL AIRPORT, OK US","1998-12-09","0.00","54","30"
"USW00053913","GUTHRIE MUNICIPAL AIRPORT, OK US","1998-12-10","0.00","51","34"
"USW00053913","GUTHRIE MUNICIPAL AIRPORT, OK US","1998-12-11","0.00","48","34"
"USW00053913","GUTHRIE MUNICIPAL AIRPORT, OK US","1998-12-12","0.00","53","30"
"USW00053913","GUTHRIE MUNICIPAL AIRPORT, OK US","1998-12-13","0.00","56","29"
"USW00053913","GUTHRIE MUNICIPAL AIRPORT, OK US","1998-12-14","0.01","60","29"
"USW00053913","GUTHRIE MUNICIPAL AIRPORT, OK US","1998-12-15","0.00","63","34"
"USW00053913","GUTHRIE MUNICIPAL AIRPORT, OK US","1998-12-16","0.00","54","31"
"USW00053913","GUTHRIE MUNICIPAL AIRPORT, OK US","1998-12-17","0.01","59","28"
"USW00053913","GUTHRIE MUNICIPAL AIRPORT, OK US","1998-12-18","0.19","52","46"
"USW00053913","GUTHRIE MUNICIPAL AIRPORT, OK US","1998-12-19","0.00","48","32"
"USW00053913","GUTHRIE MUNICIPAL AIRPORT, OK US","1998-12-20","0.03","35","30"
"USW00053913","GUTHRIE MUNICIPAL AIRPORT, OK US","1998-12-21","0.00","30","12"
"USW00053913","GUTHRIE MUNICIPAL AIRPORT, OK US","1998-12-22","0.00","20","8"
"USW00053913","GUTHRIE MUNICIPAL AIRPORT, OK US","1998-12-23","0.00","24","19"
"USW00053913","GUTHRIE MUNICIPAL AIRPORT, OK US","1998-12-24","0.00","32","14"
"USW00053913","GUTHRIE MUNICIPAL AIRPORT, OK US","1998-12-25","0.00","39","13"
"USW00053913","GUTHRIE MUNICIPAL AIRPORT, OK US","1998-12-26","0.00","50","22"
"USW00053913","GUTHRIE MUNICIPAL AIRPORT, OK US","1998-12-27","0.00","50","27"
"USW00053913","GUTHRIE MUNICIPAL AIRPORT, OK US","1998-12-28","0.01","57","21"
"USW00053913","GUTHRIE MUNICIPAL AIRPORT, OK US","1998-12-29","0.00","46","24"
"USW00053913","GUTHRIE MUNICIPAL AIRPORT, OK US","1998-12-30","0.00","48","20"
"USW00053913","GUTHRIE MUNICIPAL AIRPORT, OK US","1998-12-31","0.00","36","18"
"USW00053913","GUTHRIE MUNICIPAL AIRPORT, OK US","1999-01-01","0.06","38","30"
"USW00053913","GUTHRIE MUNICIPAL AIRPORT, OK US","1999-01-02","0.00","33","17"
"USW00053913","GUTHRIE MUNICIPAL AIRPORT, OK US","1999-01-03","0.00","23","9"
"USW00053913","GUTHRIE MUNICIPAL AIRPORT, OK US","1999-01-04","0.00","33","8"
"USW00053913","GUTHRIE MUNICIPAL AIRPORT, OK US","1999-01-05","0.00","44","24"
"USW00053913","GUTHRIE MUNICIPAL AIRPORT, OK US","1999-01-06","0.00","63","27"
"USW00053913","GUTHRIE MUNICIPAL AIRPORT, OK US","1999-01-07","0.00","30","25"
"USW00053913","GUTHRIE MUNICIPAL AIRPORT, OK US","1999-01-08","0.00","25","18"
"USW00053913","GUTHRIE MUNICIPAL AIRPORT, OK US","1999-01-09","0.01","31","11"
"USW00053913","GUTHRIE MUNICIPAL AIRPORT, OK US","1999-01-10","0.00","50","23"
"USW00053913","GUTHRIE MUNICIPAL AIRPORT, OK US","1999-01-11","0.00","60","28"
"USW00053913","GUTHRIE MUNICIPAL AIRPORT, OK US","1999-01-12","0.00","63","35"
"USW00053913","GUTHRIE MUNICIPAL AIRPORT, OK US","1999-01-13","0.00","35","20"
"USW00053913","GUTHRIE MUNICIPAL AIRPORT, OK US","1999-01-14","0.00","47","21"
"USW00053913","GUTHRIE MUNICIPAL AIRPORT, OK US","1999-01-15","0.00","64","35"
"USW00053913","GUTHRIE MUNICIPAL AIRPORT, OK US","1999-01-16","0.00","57","30"
"USW00053913","GUTHRIE MUNICIPAL AIRPORT, OK US","1999-01-17","0.00","61","33"
"USW00053913","GUTHRIE MUNICIPAL AIRPORT, OK US","1999-01-18","0.00","60","25"
"USW00053913","GUTHRIE MUNICIPAL AIRPORT, OK US","1999-01-19","0.00","64","34"
"USW00053913","GUTHRIE MUNICIPAL AIRPORT, OK US","1999-01-20","0.00","70","28"
"USW00053913","GUTHRIE MUNICIPAL AIRPORT, OK US","1999-01-21","0.00","68","44"
"USW00053913","GUTHRIE MUNICIPAL AIRPORT, OK US","1999-01-22","0.19","44","33"
"USW00053913","GUTHRIE MUNICIPAL AIRPORT, OK US","1999-01-23","0.00","51","33"
"USW00053913","GUTHRIE MUNICIPAL AIRPORT, OK US","1999-01-24","0.00","64","33"
"USW00053913","GUTHRIE MUNICIPAL AIRPORT, OK US","1999-01-25","0.00","43","31"
"USW00053913","GUTHRIE MUNICIPAL AIRPORT, OK US","1999-01-26","0.00","70","30"
"USW00053913","GUTHRIE MUNICIPAL AIRPORT, OK US","1999-01-27","0.00","68","52"
"USW00053913","GUTHRIE MUNICIPAL AIRPORT, OK US","1999-01-28","0.00","53","40"
"USW00053913","GUTHRIE MUNICIPAL AIRPORT, OK US","1999-01-29","0.37","41","35"
"USW00053913","GUTHRIE MUNICIPAL AIRPORT, OK US","1999-01-30","0.25","44","37"
"USW00053913","GUTHRIE MUNICIPAL AIRPORT, OK US","1999-01-31","0.01","40","36"
"USW00053913","GUTHRIE MUNICIPAL AIRPORT, OK US","1999-02-01","0.00","60","39"
"USW00053913","GUTHRIE MUNICIPAL AIRPORT, OK US","1999-02-02","0.00","54","34"
"USW00053913","GUTHRIE MUNICIPAL AIRPORT, OK US","1999-02-03","0.00","65","35"
"USW00053913","GUTHRIE MUNICIPAL AIRPORT, OK US","1999-02-04","0.00","62","28"
"USW00053913","GUTHRIE MUNICIPAL AIRPORT, OK US","1999-02-05","0.00","69","51"
"USW00053913","GUTHRIE MUNICIPAL AIRPORT, OK US","1999-02-06","0.33","65","53"
"USW00053913","GUTHRIE MUNICIPAL AIRPORT, OK US","1999-02-07","0.00","58","41"
"USW00053913","GUTHRIE MUNICIPAL AIRPORT, OK US","1999-02-08","0.01","71","42"
"USW00053913","GUTHRIE MUNICIPAL AIRPORT, OK US","1999-02-09","0.00","68","45"
"USW00053913","GUTHRIE MUNICIPAL AIRPORT, OK US","1999-02-10","0.01","77","50"
"USW00053913","GUTHRIE MUNICIPAL AIRPORT, OK US","1999-02-11","0.00","69","31"
"USW00053913","GUTHRIE MUNICIPAL AIRPORT, OK US","1999-02-12","0.00","53","26"
"USW00053913","GUTHRIE MUNICIPAL AIRPORT, OK US","1999-02-13","0.00","55","27"
"USW00053913","GUTHRIE MUNICIPAL AIRPORT, OK US","1999-02-14","0.00","67","40"
"USW00053913","GUTHRIE MUNICIPAL AIRPORT, OK US","1999-02-15","0.00","68","50"
"USW00053913","GUTHRIE MUNICIPAL AIRPORT, OK US","1999-02-16","0.04","56","32"
"USW00053913","GUTHRIE MUNICIPAL AIRPORT, OK US","1999-02-17","0.00","62","32"
"USW00053913","GUTHRIE MUNICIPAL AIRPORT, OK US","1999-02-18","0.00","56","35"
"USW00053913","GUTHRIE MUNICIPAL AIRPORT, OK US","1999-02-19","0.00","52","31"
"USW00053913","GUTHRIE MUNICIPAL AIRPORT, OK US","1999-02-20","0.00","54","34"
"USW00053913","GUTHRIE MUNICIPAL AIRPORT, OK US","1999-02-21","0.00","46","29"
"USW00053913","GUTHRIE MUNICIPAL AIRPORT, OK US","1999-02-22","0.00","50","30"
"USW00053913","GUTHRIE MUNICIPAL AIRPORT, OK US","1999-02-23","0.00","59","31"
"USW00053913","GUTHRIE MUNICIPAL AIRPORT, OK US","1999-02-24","0.00","73","37"
"USW00053913","GUTHRIE MUNICIPAL AIRPORT, OK US","1999-02-25","0.00","77","37"
"USW00053913","GUTHRIE MUNICIPAL AIRPORT, OK US","1999-02-26","0.00","79","60"
"USW00053913","GUTHRIE MUNICIPAL AIRPORT, OK US","1999-02-27","0.00","65","41"
"USW00053913","GUTHRIE MUNICIPAL AIRPORT, OK US","1999-02-28","0.00","72","28"
"USW00053913","GUTHRIE MUNICIPAL AIRPORT, OK US","1999-03-01","0.00","77","36"
"USW00053913","GUTHRIE MUNICIPAL AIRPORT, OK US","1999-03-02","0.00","61","39"
"USW00053913","GUTHRIE MUNICIPAL AIRPORT, OK US","1999-03-03","0.00","54","24"
"USW00053913","GUTHRIE MUNICIPAL AIRPORT, OK US","1999-03-04","0.00","70","42"
"USW00053913","GUTHRIE MUNICIPAL AIRPORT, OK US","1999-03-05","0.00","64","40"
"USW00053913","GUTHRIE MUNICIPAL AIRPORT, OK US","1999-03-06","0.00","47","33"
"USW00053913","GUTHRIE MUNICIPAL AIRPORT, OK US","1999-03-07","0.24","44","28"
"USW00053913","GUTHRIE MUNICIPAL AIRPORT, OK US","1999-03-08","0.51","66","38"
"USW00053913","GUTHRIE MUNICIPAL AIRPORT, OK US","1999-03-09","0.00","55","32"
"USW00053913","GUTHRIE MUNICIPAL AIRPORT, OK US","1999-03-10","0.00","60","36"
"USW00053913","GUTHRIE MUNICIPAL AIRPORT, OK US","1999-03-11","0.01","52","34"
"USW00053913","GUTHRIE MUNICIPAL AIRPORT, OK US","1999-03-13","0.07","42","32"
"USW00053913","GUTHRIE MUNICIPAL AIRPORT, OK US","1999-03-14","0.35","38","25"
"USW00053913","GUTHRIE MUNICIPAL AIRPORT, OK US","1999-03-15","0.01","60","24"
"USW00053913","GUTHRIE MUNICIPAL AIRPORT, OK US","1999-03-16","0.00","72","45"
"USW00053913","GUTHRIE MUNICIPAL AIRPORT, OK US","1999-03-17","0.00","66","54"
"USW00053913","GUTHRIE MUNICIPAL AIRPORT, OK US","1999-03-18","0.08","55","43"
"USW00053913","GUTHRIE MUNICIPAL AIRPORT, OK US","1999-03-19","0.34","55","41"
"USW00053913","GUTHRIE MUNICIPAL AIRPORT, OK US","1999-03-20","0.04","60","42"
"USW00053913","GUTHRIE MUNICIPAL AIRPORT, OK US","1999-03-21","0.01","67","37"
"USW00053913","GUTHRIE MUNICIPAL AIRPORT, OK US","1999-03-22","0.21","77","47"
"USW00053913","GUTHRIE MUNICIPAL AIRPORT, OK US","1999-03-23","0.00","47","37"
"USW00053913","GUTHRIE MUNICIPAL AIRPORT, OK US","1999-03-24","0.05","56","34"
"USW00053913","GUTHRIE MUNICIPAL AIRPORT, OK US","1999-03-25","0.00","59","38"
"USW00053913","GUTHRIE MUNICIPAL AIRPORT, OK US","1999-03-26","0.00","62","31"
"USW00053913","GUTHRIE MUNICIPAL AIRPORT, OK US","1999-03-27","0.04","52","45"
"USW00053913","GUTHRIE MUNICIPAL AIRPORT, OK US","1999-03-28","0.00","57","43"
"USW00053913","GUTHRIE MUNICIPAL AIRPORT, OK US","1999-03-29","0.00","67","49"
"USW00053913","GUTHRIE MUNICIPAL AIRPORT, OK US","1999-03-30","0.00","69","41"
"USW00053913","GUTHRIE MUNICIPAL AIRPORT, OK US","1999-03-31","0.00","68","54"
"USW00053913","GUTHRIE MUNICIPAL AIRPORT, OK US","1999-04-01","0.00","79","58"
"USW00053913","GUTHRIE MUNICIPAL AIRPORT, OK US","1999-04-02","0.00","82","64"
"USW00053913","GUTHRIE MUNICIPAL AIRPORT, OK US","1999-04-03","0.23","71","50"
"USW00053913","GUTHRIE MUNICIPAL AIRPORT, OK US","1999-04-04","0.05","76","37"
"USW00053913","GUTHRIE MUNICIPAL AIRPORT, OK US","1999-04-05","0.00","73","48"
"USW00053913","GUTHRIE MUNICIPAL AIRPORT, OK US","1999-04-06","0.00","78","37"
"USW00053913","GUTHRIE MUNICIPAL AIRPORT, OK US","1999-04-07","0.00","77","56"
"USW00053913","GUTHRIE MUNICIPAL AIRPORT, OK US","1999-04-08","0.00","77","61"
"USW00053913","GUTHRIE MUNICIPAL AIRPORT, OK US","1999-04-09","0.00","77","47"
"USW00053913","GUTHRIE MUNICIPAL AIRPORT, OK US","1999-04-10","0.00","74","48"
"USW00053913","GUTHRIE MUNICIPAL AIRPORT, OK US","1999-04-11","0.00","68","42"
"USW00053913","GUTHRIE MUNICIPAL AIRPORT, OK US","1999-04-12","0.00","77","45"
"USW00053913","GUTHRIE MUNICIPAL AIRPORT, OK US","1999-04-13","0.03","72","58"
"USW00053913","GUTHRIE MUNICIPAL AIRPORT, OK US","1999-04-14","0.61","69","42"
"USW00053913","GUTHRIE MUNICIPAL AIRPORT, OK US","1999-04-15","0.00","57","41"
"USW00053913","GUTHRIE MUNICIPAL AIRPORT, OK US","1999-04-16","0.00","54","36"
"USW00053913","GUTHRIE MUNICIPAL AIRPORT, OK US","1999-04-17","0.00","57","31"
"USW00053913","GUTHRIE MUNICIPAL AIRPORT, OK US","1999-04-18","0.00","76","35"
"USW00053913","GUTHRIE MUNICIPAL AIRPORT, OK US","1999-04-19","0.00","83","51"
"USW00053913","GUTHRIE MUNICIPAL AIRPORT, OK US","1999-04-20","0.00","88","60"
"USW00053913","GUTHRIE MUNICIPAL AIRPORT, OK US","1999-04-21","0.00","82","59"
"USW00053913","GUTHRIE MUNICIPAL AIRPORT, OK US","1999-04-22","0.00","87","60"
"USW00053913","GUTHRIE MUNICIPAL AIRPORT, OK US","1999-04-23","0.02","62","48"
"USW00053913","GUTHRIE MUNICIPAL AIRPORT, OK US","1999-04-24","1.38","57","47"
"USW00053913","GUTHRIE MUNICIPAL AIRPORT, OK US","1999-04-26","0.29","70","50"
"USW00053913","GUTHRIE MUNICIPAL AIRPORT, OK US","1999-04-27","0.00","75","51"
"USW00053913","GUTHRIE MUNICIPAL AIRPORT, OK US","1999-04-28","0.00","68","51"
"USW00053913","GUTHRIE MUNICIPAL AIRPORT, OK US","1999-04-29","0.00","67","53"
"USW00053913","GUTHRIE MUNICIPAL AIRPORT, OK US","1999-04-30","0.00","74","54"
"USW00053913","GUTHRIE MUNICIPAL AIRPORT, OK US","1999-05-01","0.00","73","51"
"USW00053913","GUTHRIE MUNICIPAL AIRPORT, OK US","1999-05-02","0.08","74","56"
"USW00053913","GUTHRIE MUNICIPAL AIRPORT, OK US","1999-05-03","0.14","84","65"
"USW00053913","GUTHRIE MUNICIPAL AIRPORT, OK US","1999-05-04","0.00","78","55"
"USW00053913","GUTHRIE MUNICIPAL AIRPORT, OK US","1999-05-05","0.00","69","48"
"USW00053913","GUTHRIE MUNICIPAL AIRPORT, OK US","1999-05-06","0.01","69","45"
"USW00053913","GUTHRIE MUNICIPAL AIRPORT, OK US","1999-05-07","0.00","78","44"
"USW00053913","GUTHRIE MUNICIPAL AIRPORT, OK US","1999-05-08","0.00","87","53"
"USW00053913","GUTHRIE MUNICIPAL AIRPORT, OK US","1999-05-09","1.35","84","61"
"USW00053913","GUTHRIE MUNICIPAL AIRPORT, OK US","1999-05-10","0.06","79","60"
"USW00053913","GUTHRIE MUNICIPAL AIRPORT, OK US","1999-05-11","0.02","65","57"
"USW00053913","GUTHRIE MUNICIPAL AIRPORT, OK US","1999-05-12","0.00","73","51"
"USW00053913","GUTHRIE MUNICIPAL AIRPORT, OK US","1999-05-13","0.01","78","47"
"USW00053913","GUTHRIE MUNICIPAL AIRPORT, OK US","1999-05-14","0.00","82","61"
"USW00053913","GUTHRIE MUNICIPAL AIRPORT, OK US","1999-05-15","0.00","87","71"
"USW00053913","GUTHRIE MUNICIPAL AIRPORT, OK US","1999-05-16","0.08","83","65"
"USW00053913","GUTHRIE MUNICIPAL AIRPORT, OK US","1999-05-17","0.41","73","51"
"USW00053913","GUTHRIE MUNICIPAL AIRPORT, OK US","1999-05-18","0.00","76","46"
"USW00053913","GUTHRIE MUNICIPAL AIRPORT, OK US","1999-05-19","0.00","80","54"
"USW00053913","GUTHRIE MUNICIPAL AIRPORT, OK US","1999-05-20","0.02","81","62"
"USW00053913","GUTHRIE MUNICIPAL AIRPORT, OK US","1999-05-21","0.00","80","65"
"USW00053913","GUTHRIE MUNICIPAL AIRPORT, OK US","1999-05-22","0.00","89","66"
"USW00053913","GUTHRIE MUNICIPAL AIRPORT, OK US","1999-05-23","0.10","80","58"
"USW00053913","GUTHRIE MUNICIPAL AIRPORT, OK US","1999-05-24","0.00","83","52"
"USW00053913","GUTHRIE MUNICIPAL AIRPORT, OK US","1999-05-25","0.19","70","61"
"USW00053913","GUTHRIE MUNICIPAL AIRPORT, OK US","1999-05-26","0.01","75","57"
"USW00053913","GUTHRIE MUNICIPAL AIRPORT, OK US","1999-05-27","0.00","77","53"
"USW00053913","GUTHRIE MUNICIPAL AIRPORT, OK US","1999-05-28","0.00","78","56"
"USW00053913","GUTHRIE MUNICIPAL AIRPORT, OK US","1999-05-29","0.00","81","62"
"USW00053913","GUTHRIE MUNICIPAL AIRPORT, OK US","1999-05-30","0.00","85","67"
"USW00053913","GUTHRIE MUNICIPAL AIRPORT, OK US","1999-06-02","0.00","88","73"
"USW00053913","GUTHRIE MUNICIPAL AIRPORT, OK US","1999-06-03","0.15","87","73"
"USW00053913","GUTHRIE MUNICIPAL AIRPORT, OK US","1999-06-04","0.00","88","73"
"USW00053913","GUTHRIE MUNICIPAL AIRPORT, OK US","1999-06-05","0.00","85","75"
"USW00053913","GUTHRIE MUNICIPAL AIRPORT, OK US","1999-06-06","0.11","82","67"
"USW00053913","GUTHRIE MUNICIPAL AIRPORT, OK US","1999-06-07","0.00","90","69"
"USW00053913","GUTHRIE MUNICIPAL AIRPORT, OK US","1999-06-08","0.00","90","70"
"USW00053913","GUTHRIE MUNICIPAL AIRPORT, OK US","1999-06-09","0.07","88","64"
"USW00053913","GUTHRIE MUNICIPAL AIRPORT, OK US","1999-06-10","0.29","75","64"
"USW00053913","GUTHRIE MUNICIPAL AIRPORT, OK US","1999-06-11","0.00","83","64"
"USW00053913","GUTHRIE MUNICIPAL AIRPORT, OK US","1999-06-12","0.18","79","68"
"USW00053913","GUTHRIE MUNICIPAL AIRPORT, OK US","1999-06-13","0.00","83","66"
"USW00053913","GUTHRIE MUNICIPAL AIRPORT, OK US","1999-06-14","0.00","81","60"
"USW00053913","GUTHRIE MUNICIPAL AIRPORT, OK US","1999-06-15","0.00","81","54"
"USW00053913","GUTHRIE MUNICIPAL AIRPORT, OK US","1999-06-16","0.00","78","60"
"USW00053913","GUTHRIE MUNICIPAL AIRPORT, OK US","1999-06-17","0.00","77","56"
"USW00053913","GUTHRIE MUNICIPAL AIRPORT, OK US","1999-06-18","0.00","79","61"
"USW00053913","GUTHRIE MUNICIPAL AIRPORT, OK US","1999-06-19","0.69","74","63"
"USW00053913","GUTHRIE MUNICIPAL AIRPORT, OK US","1999-06-20","1.81","82","65"
"USW00053913","GUTHRIE MUNICIPAL AIRPORT, OK US","1999-06-21","0.17","78","68"
"USW00053913","GUTHRIE MUNICIPAL AIRPORT, OK US","1999-06-22","0.60","76","70"
"USW00053913","GUTHRIE MUNICIPAL AIRPORT, OK US","1999-06-23","0.81","85","65"
"USW00053913","GUTHRIE MUNICIPAL AIRPORT, OK US","1999-06-24","0.29","86","67"
"USW00053913","GUTHRIE MUNICIPAL AIRPORT, OK US","1999-06-25","0.15","85","66"
"USW00053913","GUTHRIE MUNICIPAL AIRPORT, OK US","1999-06-26","0.07","90","71"
"USW00053913","GUTHRIE MUNICIPAL AIRPORT, OK US","1999-06-27","0.02","93","77"
"USW00053913","GUTHRIE MUNICIPAL AIRPORT, OK US","1999-06-28","0.00","90","73"
"USW00053913","GUTHRIE MUNICIPAL AIRPORT, OK US","1999-06-29","0.00","83","67"
"USW00053913","GUTHRIE MUNICIPAL AIRPORT, OK US","1999-06-30","0.09","81","68"
"USW00053913","GUTHRIE MUNICIPAL AIRPORT, OK US","1999-07-01","0.02","82","73"
"USW00053913","GUTHRIE MUNICIPAL AIRPORT, OK US","1999-07-02","0.01","92","77"
"USW00053913","GUTHRIE MUNICIPAL AIRPORT, OK US","1999-07-03","0.00","91","77"
"USW00053913","GUTHRIE MUNICIPAL AIRPORT, OK US","1999-07-04","0.00","91","75"
"USW00053913","GUTHRIE MUNICIPAL AIRPORT, OK US","1999-07-05","0.00","93","74"
"USW00053913","GUTHRIE MUNICIPAL AIRPORT, OK US","1999-07-06","0.00","96","73"
"USW00053913","GUTHRIE MUNICIPAL AIRPORT, OK US","1999-07-07","0.00","95","73"
"USW00053913","GUTHRIE MUNICIPAL AIRPORT, OK US","1999-07-08","0.00","93","71"
"USW00053913","GUTHRIE MUNICIPAL AIRPORT, OK US","1999-07-09","0.02","95","70"
"USW00053913","GUTHRIE MUNICIPAL AIRPORT, OK US","1999-07-10","0.19","82","65"
"USW00053913","GUTHRIE MUNICIPAL AIRPORT, OK US","1999-07-11","0.06","82","65"
"USW00053913","GUTHRIE MUNICIPAL AIRPORT, OK US","1999-07-12","0.02","79","63"
"USW00053913","GUTHRIE MUNICIPAL AIRPORT, OK US","1999-07-13","0.65","87","59"
"USW00053913","GUTHRIE MUNICIPAL AIRPORT, OK US","1999-07-14","0.00","93","69"
"USW00053913","GUTHRIE MUNICIPAL AIRPORT, OK US","1999-07-15","0.00","91","74"
"USW00053913","GUTHRIE MUNICIPAL AIRPORT, OK US","1999-07-16","0.00","91","76"
"USW00053913","GUTHRIE MUNICIPAL AIRPORT, OK US","1999-07-17","0.00","92","73"
"USW00053913","GUTHRIE MUNICIPAL AIRPORT, OK US","1999-07-18","0.00","94","73"
"USW00053913","GUTHRIE MUNICIPAL AIRPORT, OK US","1999-07-19","0.00","94","73"
"USW00053913","GUTHRIE MUNICIPAL AIRPORT, OK US","1999-07-20","0.00","93","75"
"USW00053913","GUTHRIE MUNICIPAL AIRPORT, OK US","1999-07-21","0.00","93","73"
"USW00053913","GUTHRIE MUNICIPAL AIRPORT, OK US","1999-07-22","0.00","96","73"
"USW00053913","GUTHRIE MUNICIPAL AIRPORT, OK US","1999-07-23","0.00","99","77"
"USW00053913","GUTHRIE MUNICIPAL AIRPORT, OK US","1999-07-24","0.00","100","76"
"USW00053913","GUTHRIE MUNICIPAL AIRPORT, OK US","1999-07-25","0.00","100","76"
"USW00053913","GUTHRIE MUNICIPAL AIRPORT, OK US","1999-07-26","0.00","99","75"
"USW00053913","GUTHRIE MUNICIPAL AIRPORT, OK US","1999-07-27","0.00","100","76"
"USW00053913","GUTHRIE MUNICIPAL AIRPORT, OK US","1999-07-28","0.00","104","76"
"USW00053913","GUTHRIE MUNICIPAL AIRPORT, OK US","1999-07-29","0.00","104","77"
"USW00053913","GUTHRIE MUNICIPAL AIRPORT, OK US","1999-07-30","0.00","105","80"
"USW00053913","GUTHRIE MUNICIPAL AIRPORT, OK US","1999-07-31","0.00","102","81"
"USW00053913","GUTHRIE MUNICIPAL AIRPORT, OK US","1999-08-01","0.00","100","77"
"USW00053913","GUTHRIE MUNICIPAL AIRPORT, OK US","1999-08-02","0.00","99","73"
"USW00053913","GUTHRIE MUNICIPAL AIRPORT, OK US","1999-08-03","0.00","94","73"
"USW00053913","GUTHRIE MUNICIPAL AIRPORT, OK US","1999-08-04","0.16","86","74"
"USW00053913","GUTHRIE MUNICIPAL AIRPORT, OK US","1999-08-05","0.05","92","73"
"USW00053913","GUTHRIE MUNICIPAL AIRPORT, OK US","1999-08-06","0.00","98","71"
"USW00053913","GUTHRIE MUNICIPAL AIRPORT, OK US","1999-08-07","0.00","103","80"
"USW00053913","GUTHRIE MUNICIPAL AIRPORT, OK US","1999-08-08","0.00","96","78"
"USW00053913","GUTHRIE MUNICIPAL AIRPORT, OK US","1999-08-09","0.00","98","73"
"USW00053913","GUTHRIE MUNICIPAL AIRPORT, OK US","1999-08-10","0.00","103","77"
"USW00053913","GUTHRIE MUNICIPAL AIRPORT, OK US","1999-08-11","0.00","108","79"
"USW00053913","GUTHRIE MUNICIPAL AIRPORT, OK US","1999-08-12","0.00","108","79"
"USW00053913","GUTHRIE MUNICIPAL AIRPORT, OK US","1999-08-13","0.00","93","68"
"USW00053913","GUTHRIE MUNICIPAL AIRPORT, OK US","1999-08-14","0.00","96","63"
"USW00053913","GUTHRIE MUNICIPAL AIRPORT, OK US","1999-08-15","0.00","101","71"
"USW00053913","GUTHRIE MUNICIPAL AIRPORT, OK US","1999-08-16","0.00","103","75"
"USW00053913","GUTHRIE MUNICIPAL AIRPORT, OK US","1999-08-17","0.00","103","68"
"USW00053913","GUTHRIE MUNICIPAL AIRPORT, OK US","1999-08-18","0.00","105","71"
"USW00053913","GUTHRIE MUNICIPAL AIRPORT, OK US","1999-08-19","0.00","95","65"
"USW00053913","GUTHRIE MUNICIPAL AIRPORT, OK US","1999-08-20","0.00","95","60"
"USW00053913","GUTHRIE MUNICIPAL AIRPORT, OK US","1999-08-21","0.01","98","69"
"USW00053913","GUTHRIE MUNICIPAL AIRPORT, OK US","1999-08-22","0.00","102","75"
"USW00053913","GUTHRIE MUNICIPAL AIRPORT, OK US","1999-08-23","0.00","101","77"
"USW00053913","GUTHRIE MUNICIPAL AIRPORT, OK US","1999-08-24","0.00","97","69"
"USW00053913","GUTHRIE MUNICIPAL AIRPORT, OK US","1999-08-25","0.00","102","64"
"USW00053913","GUTHRIE MUNICIPAL AIRPORT, OK US","1999-08-26","0.00","108","78"
"USW00053913","GUTHRIE MUNICIPAL AIRPORT, OK US","1999-08-27","0.00","99","74"
"USW00053913","GUTHRIE MUNICIPAL AIRPORT, OK US","1999-08-28","0.00","102","72"
"USW00053913","GUTHRIE MUNICIPAL AIRPORT, OK US","1999-08-29","0.00","102","74"
"USW00053913","GUTHRIE MUNICIPAL AIRPORT, OK US","1999-08-30","0.00","99","73"
"USW00053913","GUTHRIE MUNICIPAL AIRPORT, OK US","1999-08-31","0.00","99","76"
"USW00053913","GUTHRIE MUNICIPAL AIRPORT, OK US","1999-09-01","0.00","99","72"
"USW00053913","GUTHRIE MUNICIPAL AIRPORT, OK US","1999-09-02","0.00","94","71"
"USW00053913","GUTHRIE MUNICIPAL AIRPORT, OK US","1999-09-03","0.00","97","71"
"USW00053913","GUTHRIE MUNICIPAL AIRPORT, OK US","1999-09-04","0.00","97","77"
"USW00053913","GUTHRIE MUNICIPAL AIRPORT, OK US","1999-09-05","0.00","90","74"
"USW00053913","GUTHRIE MUNICIPAL AIRPORT, OK US","1999-09-06","0.00","94","67"
"USW00053913","GUTHRIE MUNICIPAL AIRPORT, OK US","1999-09-07","0.40","101","66"
"USW00053913","GUTHRIE MUNICIPAL AIRPORT, OK US","1999-09-08",,,
"USW00053913","GUTHRIE MUNICIPAL AIRPORT, OK US","1999-09-09",,,
"USW00053913","GUTHRIE MUNICIPAL AIRPORT, OK US","1999-09-10","0.23",,
"USW00053913","GUTHRIE MUNICIPAL AIRPORT, OK US","1999-09-11","0.88","77","65"
"USW00053913","GUTHRIE MUNICIPAL AIRPORT, OK US","1999-09-12","0.23","79","62"
"USW00053913","GUTHRIE MUNICIPAL AIRPORT, OK US","1999-09-13","0.05","79","56"
"USW00053913","GUTHRIE MUNICIPAL AIRPORT, OK US","1999-09-14","0.07","83","56"
"USW00053913","GUTHRIE MUNICIPAL AIRPORT, OK US","1999-09-15","0.04","75","60"
"USW00053913","GUTHRIE MUNICIPAL AIRPORT, OK US","1999-09-16","0.00","71","55"
"USW00053913","GUTHRIE MUNICIPAL AIRPORT, OK US","1999-09-17","0.00","79","56"
"USW00053913","GUTHRIE MUNICIPAL AIRPORT, OK US","1999-09-18","0.00","77","66"
"USW00053913","GUTHRIE MUNICIPAL AIRPORT, OK US","1999-09-19","0.03","84","64"
"USW00053913","GUTHRIE MUNICIPAL AIRPORT, OK US","1999-09-20","0.00","69","52"
"USW00053913","GUTHRIE MUNICIPAL AIRPORT, OK US","1999-09-21","0.01","67","46"
"USW00053913","GUTHRIE MUNICIPAL AIRPORT, OK US","1999-09-22","0.00","74","41"
"USW00053913","GUTHRIE MUNICIPAL AIRPORT, OK US","1999-09-23","0.00","82","50"
"USW00053913","GUTHRIE MUNICIPAL AIRPORT, OK US","1999-09-24","0.03","87","59"
"USW00053913","GUTHRIE MUNICIPAL AIRPORT, OK US","1999-09-25","0.09","74","60"
"USW00053913","GUTHRIE MUNICIPAL AIRPORT, OK US","1999-09-26","0.04","86","65"
"USW00053913","GUTHRIE MUNICIPAL AIRPORT, OK US","1999-09-27","0.01","76","56"
"USW00053913","GUTHRIE MUNICIPAL AIRPORT, OK US","1999-09-28","0.00","56","52"
"USW00053913","GUTHRIE MUNICIPAL AIRPORT, OK US","1999-09-29","0.01","69","47"
"USW00053913","GUTHRIE MUNICIPAL AIRPORT, OK US","1999-09-30","0.00","76","46"
"USW00053913","GUTHRIE MUNICIPAL AIRPORT, OK US","1999-10-01","0.00","80","52"
"USW00053913","GUTHRIE MUNICIPAL AIRPORT, OK US","1999-10-02","0.00","68","50"
"USW00053913","GUTHRIE MUNICIPAL AIRPORT, OK US","1999-10-03","0.00","63","47"
"USW00053913","GUTHRIE MUNICIPAL AIRPORT, OK US","1999-10-04","0.00","65","45"
"USW00053913","GUTHRIE MUNICIPAL AIRPORT, OK US","1999-10-05","0.00","76","43"
"USW00053913","GUTHRIE MUNICIPAL AIRPORT, OK US","1999-10-06","0.00","81","56"
"USW00053913","GUTHRIE MUNICIPAL AIRPORT, OK US","1999-10-07","0.00","80","59"
"USW00053913","GUTHRIE MUNICIPAL AIRPORT, OK US","1999-10-08","0.04","76","60"
"USW00053913","GUTHRIE MUNICIPAL AIRPORT, OK US","1999-10-09","0.01","79","56"
"USW00053913","GUTHRIE MUNICIPAL AIRPORT, OK US","1999-10-10","0.01","84","53"
"USW00053913","GUTHRIE MUNICIPAL AIRPORT, OK US","1999-10-11","0.01","84","53"
"USW00053913","GUTHRIE MUNICIPAL AIRPORT, OK US","1999-10-12","0.00","86","58"
"USW00053913","GUTHRIE MUNICIPAL AIRPORT, OK US","1999-10-13","0.00","80","56"
"USW00053913","GUTHRIE MUNICIPAL AIRPORT, OK US","1999-10-14","0.00","87","48"
"USW00053913","GUTHRIE MUNICIPAL AIRPORT, OK US","1999-10-15","0.00","89","67"
"USW00053913","GUTHRIE MUNICIPAL AIRPORT, OK US","1999-10-16","0.00","76","54"
"USW00053913","GUTHRIE MUNICIPAL AIRPORT, OK US","1999-10-17","0.00","61","46"
"USW00053913","GUTHRIE MUNICIPAL AIRPORT, OK US","1999-10-18","0.00","60","39"
"USW00053913","GUTHRIE MUNICIPAL AIRPORT, OK US","1999-10-19","0.00","67","34"
"USW00053913","GUTHRIE MUNICIPAL AIRPORT, OK US","1999-10-20","0.00","74","35"
"USW00053913","GUTHRIE MUNICIPAL AIRPORT, OK US","1999-10-21","0.00","83","45"
"USW00053913","GUTHRIE MUNICIPAL AIRPORT, OK US","1999-10-22","0.00","77","38"
"USW00053913","GUTHRIE MUNICIPAL AIRPORT, OK US","1999-10-23","0.00","64","38"
"USW00053913","GUTHRIE MUNICIPAL AIRPORT, OK US","1999-10-24","0.00","68","35"
"USW00053913","GUTHRIE MUNICIPAL AIRPORT, OK US","1999-10-25","0.00","80","48"
"USW00053913","GUTHRIE MUNICIPAL AIRPORT, OK US","1999-10-26","0.00","85","39"
"USW00053913","GUTHRIE MUNICIPAL AIRPORT, OK US","1999-10-27","0.00","83","55"
"USW00053913","GUTHRIE MUNICIPAL AIRPORT, OK US","1999-10-28","0.00","82","59"
"USW00053913","GUTHRIE MUNICIPAL AIRPORT, OK US","1999-10-29","1.80","79","54"
"USW00053913","GUTHRIE MUNICIPAL AIRPORT, OK US","1999-10-30","0.58","57","52"
"USW00053913","GUTHRIE MUNICIPAL AIRPORT, OK US","1999-10-31","0.19","63","55"
"USW00053913","GUTHRIE MUNICIPAL AIRPORT, OK US","1999-11-01","0.01","70","48"
"USW00053913","GUTHRIE MUNICIPAL AIRPORT, OK US","1999-11-02","0.00","54","36"
"USW00053913","GUTHRIE MUNICIPAL AIRPORT, OK US","1999-11-03","0.00","66","36"
"USW00053913","GUTHRIE MUNICIPAL AIRPORT, OK US","1999-11-04","0.00","76","37"
"USW00053913","GUTHRIE MUNICIPAL AIRPORT, OK US","1999-11-05","0.00","78","55"
"USW00053913","GUTHRIE MUNICIPAL AIRPORT, OK US","1999-11-06","0.00","78","59"
"USW00053913","GUTHRIE MUNICIPAL AIRPORT, OK US","1999-11-07","0.00","80","56"
"USW00053913","GUTHRIE MUNICIPAL AIRPORT, OK US","1999-11-08","0.00","77","53"
"USW00053913","GUTHRIE MUNICIPAL AIRPORT, OK US","1999-11-09","0.00","77","58"
"USW00053913","GUTHRIE MUNICIPAL AIRPORT, OK US","1999-11-10","0.00","78","51"
"USW00053913","GUTHRIE MUNICIPAL AIRPORT, OK US","1999-11-11","0.00","82","56"
"USW00053913","GUTHRIE MUNICIPAL AIRPORT, OK US","1999-11-12","0.00","81","50"
"USW00053913","GUTHRIE MUNICIPAL AIRPORT, OK US","1999-11-13","0.00","81","54"
"USW00053913","GUTHRIE MUNICIPAL AIRPORT, OK US","1999-11-14","0.00","77","49"
"USW00053913","GUTHRIE MUNICIPAL AIRPORT, OK US","1999-11-15","0.00","73","39"
"USW00053913","GUTHRIE MUNICIPAL AIRPORT, OK US","1999-11-16","0.00","77","42"
"USW00053913","GUTHRIE MUNICIPAL AIRPORT, OK US","1999-11-17","0.00","79","53"
"USW00053913","GUTHRIE MUNICIPAL AIRPORT, OK US","1999-11-18","0.00","77","60"
"USW00053913","GUTHRIE MUNICIPAL AIRPORT, OK US","1999-11-19","0.00","64","41"
"USW00053913","GUTHRIE MUNICIPAL AIRPORT, OK US","1999-11-20","0.00","68","36"
"USW00053913","GUTHRIE MUNICIPAL AIRPORT, OK US","1999-11-21","0.00","67","46"
"USW00053913","GUTHRIE MUNICIPAL AIRPORT, OK US","1999-11-22","0.03","73","48"
"USW00053913","GUTHRIE MUNICIPAL AIRPORT, OK US","1999-11-23","0.00","51","31"
"USW00053913","GUTHRIE MUNICIPAL AIRPORT, OK US","1999-11-24","0.00","53","26"
"USW00053913","GUTHRIE MUNICIPAL AIRPORT, OK US","1999-11-25","0.00","55","23"
"USW00053913","GUTHRIE MUNICIPAL AIRPORT, OK US","1999-11-26","0.00","70","39"
"USW00053913","GUTHRIE MUNICIPAL AIRPORT, OK US","1999-11-27","0.00","73","43"
"USW00053913","GUTHRIE MUNICIPAL AIRPORT, OK US","1999-11-28","0.00","61","40"
"USW00053913","GUTHRIE MUNICIPAL AIRPORT, OK US","1999-11-29","0.00","59","34"
"USW00053913","GUTHRIE MUNICIPAL AIRPORT, OK US","1999-11-30","0.00","60","31"
"USW00053913","GUTHRIE MUNICIPAL AIRPORT, OK US","1999-12-01","0.00","67","48"
"USW00053913","GUTHRIE MUNICIPAL AIRPORT, OK US","1999-12-02","0.39","70","50"
"USW00053913","GUTHRIE MUNICIPAL AIRPORT, OK US","1999-12-03","0.13","67","40"
"USW00053913","GUTHRIE MUNICIPAL AIRPORT, OK US","1999-12-04","1.03","47","35"
"USW00053913","GUTHRIE MUNICIPAL AIRPORT, OK US","1999-12-05","0.01","42","24"
"USW00053913","GUTHRIE MUNICIPAL AIRPORT, OK US","1999-12-06","0.00","53","22"
"USW00053913","GUTHRIE MUNICIPAL AIRPORT, OK US","1999-12-07","0.00","62","40"
"USW00053913","GUTHRIE MUNICIPAL AIRPORT, OK US","1999-12-08","0.19","66","51"
"USW00053913","GUTHRIE MUNICIPAL AIRPORT, OK US","1999-12-09","1.84","55","35"
"USW00053913","GUTHRIE MUNICIPAL AIRPORT, OK US","1999-12-10","0.00","53","25"
"USW00053913","GUTHRIE MUNICIPAL AIRPORT, OK US","1999-12-11","0.02","49","37"
"USW00053913","GUTHRIE MUNICIPAL AIRPORT, OK US","1999-12-12","0.00","51","32"
"USW00053913","GUTHRIE MUNICIPAL AIRPORT, OK US","1999-12-13","0.00","53","23"
"USW00053913","GUTHRIE MUNICIPAL AIRPORT, OK US","1999-12-14","0.03","48","36"
"USW00053913","GUTHRIE MUNICIPAL AIRPORT, OK US","1999-12-15","0.00","51","29"
"USW00053913","GUTHRIE MUNICIPAL AIRPORT, OK US","1999-12-16","0.00","55","31"
"USW00053913","GUTHRIE MUNICIPAL AIRPORT, OK US","1999-12-17","0.00","55","38"
"USW00053913","GUTHRIE MUNICIPAL AIRPORT, OK US","1999-12-18","0.00","49","32"
"USW00053913","GUTHRIE MUNICIPAL AIRPORT, OK US","1999-12-19","0.00","45","32"
"USW00053913","GUTHRIE MUNICIPAL AIRPORT, OK US","1999-12-20","0.00","39","23"
"USW00053913","GUTHRIE MUNICIPAL AIRPORT, OK US","1999-12-21","0.00","43","23"
"USW00053913","GUTHRIE MUNICIPAL AIRPORT, OK US","1999-12-22","0.00","43","26"
"USW00053913","GUTHRIE MUNICIPAL AIRPORT, OK US","1999-12-23","0.00","56","23"
"USW00053913","GUTHRIE MUNICIPAL AIRPORT, OK US","1999-12-24","0.00","47","27"
"USW00053913","GUTHRIE MUNICIPAL AIRPORT, OK US","1999-12-25","0.00","61","25"
"USW00053913","GUTHRIE MUNICIPAL AIRPORT, OK US","1999-12-26","0.00","56","28"
"USW00053913","GUTHRIE MUNICIPAL AIRPORT, OK US","1999-12-27","0.00","51","27"
"USW00053913","GUTHRIE MUNICIPAL AIRPORT, OK US","1999-12-28","0.00","69","24"
"USW00053913","GUTHRIE MUNICIPAL AIRPORT, OK US","1999-12-29","0.00","71","30"
"USW00053913","GUTHRIE MUNICIPAL AIRPORT, OK US","1999-12-30","0.00","59","36"
"USW00053913","GUTHRIE MUNICIPAL AIRPORT, OK US","1999-12-31","0.00","63","25"
"USW00053913","GUTHRIE MUNICIPAL AIRPORT, OK US","2000-01-01","0.00","71","43"
"USW00053913","GUTHRIE MUNICIPAL AIRPORT, OK US","2000-01-02","0.00","63","40"
"USW00053913","GUTHRIE MUNICIPAL AIRPORT, OK US","2000-01-03","0.13","54","31"
"USW00053913","GUTHRIE MUNICIPAL AIRPORT, OK US","2000-01-04","0.00","39","19"
"USW00053913","GUTHRIE MUNICIPAL AIRPORT, OK US","2000-01-05","0.00","55","32"
"USW00053913","GUTHRIE MUNICIPAL AIRPORT, OK US","2000-01-06","0.00","55","24"
"USW00053913","GUTHRIE MUNICIPAL AIRPORT, OK US","2000-01-07","0.00","56","20"
"USW00053913","GUTHRIE MUNICIPAL AIRPORT, OK US","2000-01-08","0.18","50","44"
"USW00053913","GUTHRIE MUNICIPAL AIRPORT, OK US","2000-01-09","0.00","49","36"
"USW00053913","GUTHRIE MUNICIPAL AIRPORT, OK US","2000-01-10","0.00","66","30"
"USW00053913","GUTHRIE MUNICIPAL AIRPORT, OK US","2000-01-11","0.00","66","26"
"USW00053913","GUTHRIE MUNICIPAL AIRPORT, OK US","2000-01-12","0.00",,
"USW00053913","GUTHRIE MUNICIPAL AIRPORT, OK US","2000-01-13","0.00",,
"USW00053913","GUTHRIE MUNICIPAL AIRPORT, OK US","2000-01-14","0.00","57","25"
"USW00053913","GUTHRIE MUNICIPAL AIRPORT, OK US","2000-01-15","0.00","67","45"
"USW00053913","GUTHRIE MUNICIPAL AIRPORT, OK US","2000-01-16","0.00","59","46"
"USW00053913","GUTHRIE MUNICIPAL AIRPORT, OK US","2000-01-17","0.00","48","37"
"USW00053913","GUTHRIE MUNICIPAL AIRPORT, OK US","2000-01-18","0.00","52","32"
"USW00053913","GUTHRIE MUNICIPAL AIRPORT, OK US","2000-01-19","0.00","64","36"
"USW00053913","GUTHRIE MUNICIPAL AIRPORT, OK US","2000-01-20","0.00","42","22"
"USW00053913","GUTHRIE MUNICIPAL AIRPORT, OK US","2000-01-21","0.00","52","28"
"USW00053913","GUTHRIE MUNICIPAL AIRPORT, OK US","2000-01-22","0.00","56","32"
"USW00053913","GUTHRIE MUNICIPAL AIRPORT, OK US","2000-01-23","0.03","51","24"
"USW00053913","GUTHRIE MUNICIPAL AIRPORT, OK US","2000-01-24","0.00","41","15"
"USW00053913","GUTHRIE MUNICIPAL AIRPORT, OK US","2000-01-25","0.00","38","27"
"USW00053913","GUTHRIE MUNICIPAL AIRPORT, OK US","2000-01-26","0.28","31","25"
"USW00053913","GUTHRIE MUNICIPAL AIRPORT, OK US","2000-01-27","0.17","28","23"
"USW00053913","GUTHRIE MUNICIPAL AIRPORT, OK US","2000-01-28","0.00","27","23"
"USW00053913","GUTHRIE MUNICIPAL AIRPORT, OK US","2000-01-29","0.00","30","12"
"USW00053913","GUTHRIE MUNICIPAL AIRPORT, OK US","2000-01-30","0.00","37","12"
"USW00053913","GUTHRIE MUNICIPAL AIRPORT, OK US","2000-01-31","0.00","42","24"
"USW00053913","GUTHRIE MUNICIPAL AIRPORT, OK US","2000-02-01","0.00","30","22"
"USW00053913","GUTHRIE MUNICIPAL AIRPORT, OK US","2000-02-02","0.00","51","18"
"USW00053913","GUTHRIE MUNICIPAL AIRPORT, OK US","2000-02-03","0.00","58","32"
"USW00053913","GUTHRIE MUNICIPAL AIRPORT, OK US","2000-02-04","0.00","42","24"
"USW00053913","GUTHRIE MUNICIPAL AIRPORT, OK US","2000-02-05","0.00","48","19"
"USW00053913","GUTHRIE MUNICIPAL AIRPORT, OK US","2000-02-06","0.00","57","35"
"USW00053913","GUTHRIE MUNICIPAL AIRPORT, OK US","2000-02-07","0.00","62","29"
"USW00053913","GUTHRIE MUNICIPAL AIRPORT, OK US","2000-02-08","0.00","66","25"
"USW00053913","GUTHRIE MUNICIPAL AIRPORT, OK US","2000-02-09","0.00","76","49"
"USW00053913","GUTHRIE MUNICIPAL AIRPORT, OK US","2000-02-10","0.00","71","40"
"USW00053913","GUTHRIE MUNICIPAL AIRPORT, OK US","2000-02-11","0.00","46","32"
"USW00053913","GUTHRIE MUNICIPAL AIRPORT, OK US","2000-02-12","0.00","56","22"
"USW00053913","GUTHRIE MUNICIPAL AIRPORT, OK US","2000-02-13","0.00","53","32"
"USW00053913","GUTHRIE MUNICIPAL AIRPORT, OK US","2000-02-14","0.00","56","22"
"USW00053913","GUTHRIE MUNICIPAL AIRPORT, OK US","2000-02-15","0.00","76","44"
"USW00053913","GUTHRIE MUNICIPAL AIRPORT, OK US","2000-02-16","0.00","55","35"
"USW00053913","GUTHRIE MUNICIPAL AIRPORT, OK US","2000-02-17","0.11","63","45"
"USW00053913","GUTHRIE MUNICIPAL AIRPORT, OK US","2000-02-18","0.00","64","34"
"USW00053913","GUTHRIE MUNICIPAL AIRPORT, OK US","2000-02-19","0.00","48","31"
"USW00053913","GUTHRIE MUNICIPAL AIRPORT, OK US","2000-02-20","0.00","63","26"
"USW00053913","GUTHRIE MUNICIPAL AIRPORT, OK US","2000-02-21","0.00","70","51"
"USW00053913","GUTHRIE MUNICIPAL AIRPORT, OK US","2000-02-22","0.45","69","53"
"USW00053913","GUTHRIE MUNICIPAL AIRPORT, OK US","2000-02-23","0.00","69","53"
"USW00053913","GUTHRIE MUNICIPAL AIRPORT, OK US","2000-02-24","0.00","77","50"
"USW00053913","GUTHRIE MUNICIPAL AIRPORT, OK US","2000-02-25","0.51","69","52"
"USW00053913","GUTHRIE MUNICIPAL AIRPORT, OK US","2000-02-26","0.00","54","34"
"USW00053913","GUTHRIE MUNICIPAL AIRPORT, OK US","2000-02-27","0.00","69","30"
"USW00053913","GUTHRIE MUNICIPAL AIRPORT, OK US","2000-02-28","0.00","72","48"
"USW00053913","GUTHRIE MUNICIPAL AIRPORT, OK US","2000-02-29","0.00","73","46"
"USW00053913","GUTHRIE MUNICIPAL AIRPORT, OK US","2000-03-01","0.00","69","32"
"USW00053913","GUTHRIE MUNICIPAL AIRPORT, OK US","2000-03-02","0.17","55","43"
"USW00053913","GUTHRIE MUNICIPAL AIRPORT, OK US","2000-03-03","0.67","45","33"
"USW00053913","GUTHRIE MUNICIPAL AIRPORT, OK US","2000-03-04","0.18","64","29"
"USW00053913","GUTHRIE MUNICIPAL AIRPORT, OK US","2000-03-05","0.00","71","43"
"USW00053913","GUTHRIE MUNICIPAL AIRPORT, OK US","2000-03-06","0.00","78","54"
"USW00053913","GUTHRIE MUNICIPAL AIRPORT, OK US","2000-03-07","0.02","75","55"
"USW00053913","GUTHRIE MUNICIPAL AIRPORT, OK US","2000-03-08","0.02","70","51"
"USW00053913","GUTHRIE MUNICIPAL AIRPORT, OK US","2000-03-09","0.01","54","38"
"USW00053913","GUTHRIE MUNICIPAL AIRPORT, OK US","2000-03-10","0.00","51","32"
"USW00053913","GUTHRIE MUNICIPAL AIRPORT, OK US","2000-03-11","0.00","50","32"
"USW00053913","GUTHRIE MUNICIPAL AIRPORT, OK US","2000-03-12","0.00","61","29"
"USW00053913","GUTHRIE MUNICIPAL AIRPORT, OK US","2000-03-13","0.00","69","42"
"USW00053913","GUTHRIE MUNICIPAL AIRPORT, OK US","2000-03-14","0.00","66","53"
"USW00053913","GUTHRIE MUNICIPAL AIRPORT, OK US","2000-03-15","0.02","74","52"
"USW00053913","GUTHRIE MUNICIPAL AIRPORT, OK US","2000-03-16","0.11","54","33"
"USW00053913","GUTHRIE MUNICIPAL AIRPORT, OK US","2000-03-17","0.08","45","34"
"USW00053913","GUTHRIE MUNICIPAL AIRPORT, OK US","2000-03-18","0.08","47","41"
"USW00053913","GUTHRIE MUNICIPAL AIRPORT, OK US","2000-03-19","0.06","58","39"
"USW00053913","GUTHRIE MUNICIPAL AIRPORT, OK US","2000-03-20","0.33","74","38"
"USW00053913","GUTHRIE MUNICIPAL AIRPORT, OK US","2000-03-21","0.06","61","51"
"USW00053913","GUTHRIE MUNICIPAL AIRPORT, OK US","2000-03-27","0.00","73","61"
"USW00053913","GUTHRIE MUNICIPAL AIRPORT, OK US","2000-03-28","0.09","66","47"
"USW00053913","GUTHRIE MUNICIPAL AIRPORT, OK US","2000-03-29","0.00","51","44"
"USW00053913","GUTHRIE MUNICIPAL AIRPORT, OK US","2000-03-30","0.00","63","44"
"USW00053913","GUTHRIE MUNICIPAL AIRPORT, OK US","2000-03-31","0.00","64","38"
"USW00053913","GUTHRIE MUNICIPAL AIRPORT, OK US","2000-04-01","1.05","53","46"
"USW00053913","GUTHRIE MUNICIPAL AIRPORT, OK US","2000-04-02","0.00","64","43"
"USW00053913","GUTHRIE MUNICIPAL AIRPORT, OK US","2000-04-03","0.00","55","35"
"USW00053913","GUTHRIE MUNICIPAL AIRPORT, OK US","2000-04-04","0.00","68","30"
"USW00053913","GUTHRIE MUNICIPAL AIRPORT, OK US","2000-04-05","0.00","85","55"
"USW00053913","GUTHRIE MUNICIPAL AIRPORT, OK US","2000-04-06","0.00","79","56"
"USW00053913","GUTHRIE MUNICIPAL AIRPORT, OK US","2000-04-07","0.00","72","45"
"USW00053913","GUTHRIE MUNICIPAL AIRPORT, OK US","2000-04-08","0.00","57","32"
"USW00053913","GUTHRIE MUNICIPAL AIRPORT, OK US","2000-04-09","0.00","69","42"
"USW00053913","GUTHRIE MUNICIPAL AIRPORT, OK US","2000-04-10","0.00","74","54"
"USW00053913","GUTHRIE MUNICIPAL AIRPORT, OK US","2000-04-11","0.11","67","50"
"USW00053913","GUTHRIE MUNICIPAL AIRPORT, OK US","2000-04-12","0.06","58","46"
"USW00053913","GUTHRIE MUNICIPAL AIRPORT, OK US","2000-04-13","0.00","64","49"
"USW00053913","GUTHRIE MUNICIPAL AIRPORT, OK US","2000-04-14","0.01","73","49"
"USW00053913","GUTHRIE MUNICIPAL AIRPORT, OK US","2000-04-15","0.52","70","50"
"USW00053913","GUTHRIE MUNICIPAL AIRPORT, OK US","2000-04-16","0.00","61","39"
"USW00053913","GUTHRIE MUNICIPAL AIRPORT, OK US","2000-04-17","0.00","72","37"
"USW00053913","GUTHRIE MUNICIPAL AIRPORT, OK US","2000-04-18","0.00","87","56"
"USW00053913","GUTHRIE MUNICIPAL AIRPORT, OK US","2000-04-19","0.00","89","59"
"USW00053913","GUTHRIE MUNICIPAL AIRPORT, OK US","2000-04-20","0.00","71","48"
"USW00053913","GUTHRIE MUNICIPAL AIRPORT, OK US","2000-04-21","0.00","70","38"
"USW00053913","GUTHRIE MUNICIPAL AIRPORT, OK US","2000-04-22","0.05","78","50"
"USW00053913","GUTHRIE MUNICIPAL AIRPORT, OK US","2000-04-23","0.07","74","55"
"USW00053913","GUTHRIE MUNICIPAL AIRPORT, OK US","2000-04-24","0.01","77","52"
"USW00053913","GUTHRIE MUNICIPAL AIRPORT, OK US","2000-04-25","0.00","77","49"
"USW00053913","GUTHRIE MUNICIPAL AIRPORT, OK US","2000-04-26","0.00","75","45"
"USW00053913","GUTHRIE MUNICIPAL AIRPORT, OK US","2000-04-27","0.23","76","50"
"USW00053913","GUTHRIE MUNICIPAL AIRPORT, OK US","2000-04-28","0.00","73","43"
"USW00053913","GUTHRIE MUNICIPAL AIRPORT, OK US","2000-04-29","0.06","69","54"
"USW00053913","GUTHRIE MUNICIPAL AIRPORT, OK US","2000-04-30","2.09","70","59"
"USW00053913","GUTHRIE MUNICIPAL AIRPORT, OK US","2000-05-01","0.04","64","54"
"USW00053913","GUTHRIE MUNICIPAL AIRPORT, OK US","2000-05-02","0.00","67","51"
"USW00053913","GUTHRIE MUNICIPAL AIRPORT, OK US","2000-05-03","0.00","72","47"
"USW00053913","GUTHRIE MUNICIPAL AIRPORT, OK US","2000-05-04","0.01","77","53"
"USW00053913","GUTHRIE MUNICIPAL AIRPORT, OK US","2000-05-05","0.00","71","58"
"USW00053913","GUTHRIE MUNICIPAL AIRPORT, OK US","2000-05-06","0.00","82","67"
"USW00053913","GUTHRIE MUNICIPAL AIRPORT, OK US","2000-05-07","0.00","93","68"
"USW00053913","GUTHRIE MUNICIPAL AIRPORT, OK US","2000-05-08","0.00","88","63"
"USW00053913","GUTHRIE MUNICIPAL AIRPORT, OK US","2000-05-09","0.64","71","55"
"USW00053913","GUTHRIE MUNICIPAL AIRPORT, OK US","2000-05-10","0.00","81","54"
"USW00053913","GUTHRIE MUNICIPAL AIRPORT, OK US","2000-05-11","0.00","91","74"
"USW00053913","GUTHRIE MUNICIPAL AIRPORT, OK US","2000-05-12","0.00","80","50"
"USW00053913","GUTHRIE MUNICIPAL AIRPORT, OK US","2000-05-13","0.00","69","47"
"USW00053913","GUTHRIE MUNICIPAL AIRPORT, OK US","2000-05-14","0.00","75","45"
"USW00053913","GUTHRIE MUNICIPAL AIRPORT, OK US","2000-05-15","0.00","77","58"
"USW00053913","GUTHRIE MUNICIPAL AIRPORT, OK US","2000-05-16","0.00","79","67"
"USW00053913","GUTHRIE MUNICIPAL AIRPORT, OK US","2000-05-17","0.00","83","71"
"USW00053913","GUTHRIE MUNICIPAL AIRPORT, OK US","2000-05-18","0.00","79","54"
"USW00053913","GUTHRIE MUNICIPAL AIRPORT, OK US","2000-05-19","0.00","66","46"
"USW00053913","GUTHRIE MUNICIPAL AIRPORT, OK US","2000-05-20","0.00","78","48"
"USW00053913","GUTHRIE MUNICIPAL AIRPORT, OK US","2000-05-21","0.16","87","56"
"USW00053913","GUTHRIE MUNICIPAL AIRPORT, OK US","2000-05-22","0.00","97","63"
"USW00053913","GUTHRIE MUNICIPAL AIRPORT, OK US","2000-05-23","0.00","99","74"
"USW00053913","GUTHRIE MUNICIPAL AIRPORT, OK US","2000-05-24","0.40","96","66"
"USW00053913","GUTHRIE MUNICIPAL AIRPORT, OK US","2000-05-25","0.00","78","64"
"USW00053913","GUTHRIE MUNICIPAL AIRPORT, OK US","2000-05-26","0.48","91","67"
"USW00053913","GUTHRIE MUNICIPAL AIRPORT, OK US","2000-05-27","0.02","84","62"
"USW00053913","GUTHRIE MUNICIPAL AIRPORT, OK US","2000-05-28","0.00","89","58"
"USW00053913","GUTHRIE MUNICIPAL AIRPORT, OK US","2000-05-29","0.00","94","62"
"USW00053913","GUTHRIE MUNICIPAL AIRPORT, OK US","2000-05-30","0.00","94","74"
"USW00053913","GUTHRIE MUNICIPAL AIRPORT, OK US","2000-05-31","0.00","92","76"
"USW00053913","GUTHRIE MUNICIPAL AIRPORT, OK US","2000-06-01","0.00","91","73"
"USW00053913","GUTHRIE MUNICIPAL AIRPORT, OK US","2000-06-02","0.06","76","68"
"USW00053913","GUTHRIE MUNICIPAL AIRPORT, OK US","2000-06-03","0.33","77","66"
"USW00053913","GUTHRIE MUNICIPAL AIRPORT, OK US","2000-06-04","0.48","85","67"
"USW00053913","GUTHRIE MUNICIPAL AIRPORT, OK US","2000-06-05","0.00","76","58"
"USW00053913","GUTHRIE MUNICIPAL AIRPORT, OK US","2000-06-06","0.03","77","54"
"USW00053913","GUTHRIE MUNICIPAL AIRPORT, OK US","2000-06-07","0.00","82","59"
"USW00053913","GUTHRIE MUNICIPAL AIRPORT, OK US","2000-06-08","0.00","85","60"
"USW00053913","GUTHRIE MUNICIPAL AIRPORT, OK US","2000-06-09","0.00","86","71"
"USW00053913","GUTHRIE MUNICIPAL AIRPORT, OK US","2000-06-10","0.02","81","72"
"USW00053913","GUTHRIE MUNICIPAL AIRPORT, OK US","2000-06-11","0.09","86","68"
"USW00053913","GUTHRIE MUNICIPAL AIRPORT, OK US","2000-06-12","0.00","91","72"
"USW00053913","GUTHRIE MUNICIPAL AIRPORT, OK US","2000-06-13","0.00","93","75"
"USW00053913","GUTHRIE MUNICIPAL AIRPORT, OK US","2000-06-14","0.42","85","64"
"USW00053913","GUTHRIE MUNICIPAL AIRPORT, OK US","2000-06-15","0.00","89","62"
"USW00053913","GUTHRIE MUNICIPAL AIRPORT, OK US","2000-06-16","0.15","80","60"
"USW00053913","GUTHRIE MUNICIPAL AIRPORT, OK US","2000-06-17","1.41","67","59"
"USW00053913","GUTHRIE MUNICIPAL AIRPORT, OK US","2000-06-18","0.01","75","59"
"USW00053913","GUTHRIE MUNICIPAL AIRPORT, OK US","2000-06-19","0.37","80","66"
"USW00053913","GUTHRIE MUNICIPAL AIRPORT, OK US","2000-06-20","0.00","90","74"
"USW00053913","GUTHRIE MUNICIPAL AIRPORT, OK US","2000-06-21","0.87","76","66"
"USW00053913","GUTHRIE MUNICIPAL AIRPORT, OK US","2000-06-22","0.00","89","65"
"USW00053913","GUTHRIE MUNICIPAL AIRPORT, OK US","2000-06-23","0.00","90","73"
"USW00053913","GUTHRIE MUNICIPAL AIRPORT, OK US","2000-06-24","0.45","92","71"
"USW00053913","GUTHRIE MUNICIPAL AIRPORT, OK US","2000-06-25","0.49","85","70"
"USW00053913","GUTHRIE MUNICIPAL AIRPORT, OK US","2000-06-26","0.13","80","69"
"USW00053913","GUTHRIE MUNICIPAL AIRPORT, OK US","2000-06-27","0.05","78","68"
"USW00053913","GUTHRIE MUNICIPAL AIRPORT, OK US","2000-06-28","0.51","81","67"
"USW00053913","GUTHRIE MUNICIPAL AIRPORT, OK US","2000-06-29","0.01","81","64"
"USW00053913","GUTHRIE MUNICIPAL AIRPORT, OK US","2000-06-30","0.00","90","64"
"USW00053913","GUTHRIE MUNICIPAL AIRPORT, OK US","2000-07-01","0.00","91","72"
"USW00053913","GUTHRIE MUNICIPAL AIRPORT, OK US","2000-07-02","1.14","85","73"
"USW00053913","GUTHRIE MUNICIPAL AIRPORT, OK US","2000-07-03","0.00","90","74"
"USW00053913","GUTHRIE MUNICIPAL AIRPORT, OK US","2000-07-04","0.00","92","76"
"USW00053913","GUTHRIE MUNICIPAL AIRPORT, OK US","2000-07-05","0.00","93","75"
"USW00053913","GUTHRIE MUNICIPAL AIRPORT, OK US","2000-07-06","0.00",,
"USW00053913","GUTHRIE MUNICIPAL AIRPORT, OK US","2000-07-07","0.00","93","72"
"USW00053913","GUTHRIE MUNICIPAL AIRPORT, OK US","2000-07-08","0.00","94","73"
"USW00053913","GUTHRIE MUNICIPAL AIRPORT, OK US","2000-07-09","0.00","96","75"
"USW00053913","GUTHRIE MUNICIPAL AIRPORT, OK US","2000-07-10","0.00","98","79"
"USW00053913","GUTHRIE MUNICIPAL AIRPORT, OK US","2000-07-11","0.00","99","76"
"USW00053913","GUTHRIE MUNICIPAL AIRPORT, OK US","2000-07-12","0.00","98","78"
"USW00053913","GUTHRIE MUNICIPAL AIRPORT, OK US","2000-07-13","0.00","95","72"
"USW00053913","GUTHRIE MUNICIPAL AIRPORT, OK US","2000-07-14","0.00","96","65"
"USW00053913","GUTHRIE MUNICIPAL AIRPORT, OK US","2000-07-15","0.00","100","69"
"USW00053913","GUTHRIE MUNICIPAL AIRPORT, OK US","2000-07-16","0.00","100","78"
"USW00053913","GUTHRIE MUNICIPAL AIRPORT, OK US","2000-07-17","0.01","98","76"
"USW00053913","GUTHRIE MUNICIPAL AIRPORT, OK US","2000-07-18","0.00","101","74"
"USW00053913","GUTHRIE MUNICIPAL AIRPORT, OK US","2000-07-19","0.00","101","73"
"USW00053913","GUTHRIE MUNICIPAL AIRPORT, OK US","2000-07-20","0.07","90","72"
"USW00053913","GUTHRIE MUNICIPAL AIRPORT, OK US","2000-07-21","1.24","86","65"
"USW00053913","GUTHRIE MUNICIPAL AIRPORT, OK US","2000-07-22","0.58","85","64"
"USW00053913","GUTHRIE MUNICIPAL AIRPORT, OK US","2000-07-23","0.00","82","66"
"USW00053913","GUTHRIE MUNICIPAL AIRPORT, OK US","2000-07-24","0.00","87","64"
"USW00053913","GUTHRIE MUNICIPAL AIRPORT, OK US","2000-07-25","0.01","89","67"
"USW00053913","GUTHRIE MUNICIPAL AIRPORT, OK US","2000-07-26","0.00","94","69"
"USW00053913","GUTHRIE MUNICIPAL AIRPORT, OK US","2000-07-27","0.02","82","70"
"USW00053913","GUTHRIE MUNICIPAL AIRPORT, OK US","2000-07-28","0.02","92","68"
"USW00053913","GUTHRIE MUNICIPAL AIRPORT, OK US","2000-07-29","0.03","87","68"
"USW00053913","GUTHRIE MUNICIPAL AIRPORT, OK US","2000-07-30","0.00","85","65"
"USW00053913","GUTHRIE MUNICIPAL AIRPORT, OK US","2000-07-31","0.00","88","63"
"USW00053913","GUTHRIE MUNICIPAL AIRPORT, OK US","2000-08-01","0.00","92","63"
"USW00053913","GUTHRIE MUNICIPAL AIRPORT, OK US","2000-08-02","0.00","93","66"
"USW00053913","GUTHRIE MUNICIPAL AIRPORT, OK US","2000-08-03","0.00","96","72"
"USW00053913","GUTHRIE MUNICIPAL AIRPORT, OK US","2000-08-04","0.00","101","78"
"USW00053913","GUTHRIE MUNICIPAL AIRPORT, OK US","2000-08-05","0.00","101","81"
"USW00053913","GUTHRIE MUNICIPAL AIRPORT, OK US","2000-08-06","0.00","102","72"
"USW00053913","GUTHRIE MUNICIPAL AIRPORT, OK US","2000-08-07","0.00","103","80"
"USW00053913","GUTHRIE MUNICIPAL AIRPORT, OK US","2000-08-08","0.00","102","81"
"USW00053913","GUTHRIE MUNICIPAL AIRPORT, OK US","2000-08-09","0.00","100","78"
"USW00053913","GUTHRIE MUNICIPAL AIRPORT, OK US","2000-08-10","0.00","101","77"
"USW00053913","GUTHRIE MUNICIPAL AIRPORT, OK US","2000-08-11","0.00","102","76"
"USW00053913","GUTHRIE MUNICIPAL AIRPORT, OK US","2000-08-12","0.00","103","75"
"USW00053913","GUTHRIE MUNICIPAL AIRPORT, OK US","2000-08-13","0.00","102","74"
"USW00053913","GUTHRIE MUNICIPAL AIRPORT, OK US","2000-08-14","0.00","98","69"
"USW00053913","GUTHRIE MUNICIPAL AIRPORT, OK US","2000-08-15","0.00","102","71"
"USW00053913","GUTHRIE MUNICIPAL AIRPORT, OK US","2000-08-16","0.00","102","75"
"USW00053913","GUTHRIE MUNICIPAL AIRPORT, OK US","2000-08-17","0.00","105","77"
"USW00053913","GUTHRIE MUNICIPAL AIRPORT, OK US","2000-08-18","0.00","88","70"
"USW00053913","GUTHRIE MUNICIPAL AIRPORT, OK US","2000-08-19","0.00","105","68"
"USW00053913","GUTHRIE MUNICIPAL AIRPORT, OK US","2000-08-20","0.00","102","82"
"USW00053913","GUTHRIE MUNICIPAL AIRPORT, OK US","2000-08-21","0.00","102","79"
"USW00053913","GUTHRIE MUNICIPAL AIRPORT, OK US","2000-08-22","0.00","101","74"
"USW00053913","GUTHRIE MUNICIPAL AIRPORT, OK US","2000-08-23","0.00","101","76"
"USW00053913","GUTHRIE MUNICIPAL AIRPORT, OK US","2000-08-24","0.00","103","74"
"USW00053913","GUTHRIE MUNICIPAL AIRPORT, OK US","2000-08-25","0.00","104","73"
"USW00053913","GUTHRIE MUNICIPAL AIRPORT, OK US","2000-08-26","0.00","106","81"
"USW00053913","GUTHRIE MUNICIPAL AIRPORT, OK US","2000-08-27","0.00","105","79"
"USW00053913","GUTHRIE MUNICIPAL AIRPORT, OK US","2000-08-28","0.00","104","82"
"USW00053913","GUTHRIE MUNICIPAL AIRPORT, OK US","2000-08-29","0.00","104","76"
"USW00053913","GUTHRIE MUNICIPAL AIRPORT, OK US","2000-08-30","0.00","102","74"
"USW00053913","GUTHRIE MUNICIPAL AIRPORT, OK US","2000-08-31","0.00","104","78"
"USW00053913","GUTHRIE MUNICIPAL AIRPORT, OK US","2000-09-01","0.00","108","79"
"USW00053913","GUTHRIE MUNICIPAL AIRPORT, OK US","2000-09-02","0.00","109","79"
"USW00053913","GUTHRIE MUNICIPAL AIRPORT, OK US","2000-09-03","0.00","109","80"
"USW00053913","GUTHRIE MUNICIPAL AIRPORT, OK US","2000-09-04","0.00","106","78"
"USW00053913","GUTHRIE MUNICIPAL AIRPORT, OK US","2000-09-05","0.00","99","74"
"USW00053913","GUTHRIE MUNICIPAL AIRPORT, OK US","2000-09-06","0.00","94","68"
"USW00053913","GUTHRIE MUNICIPAL AIRPORT, OK US","2000-09-07","0.00","95","70"
"USW00053913","GUTHRIE MUNICIPAL AIRPORT, OK US","2000-09-08","0.00","95","68"
"USW00053913","GUTHRIE MUNICIPAL AIRPORT, OK US","2000-09-09","0.00","94","70"
"USW00053913","GUTHRIE MUNICIPAL AIRPORT, OK US","2000-09-10","0.00","102","74"
"USW00053913","GUTHRIE MUNICIPAL AIRPORT, OK US","2000-09-11","0.00","105","78"
"USW00053913","GUTHRIE MUNICIPAL AIRPORT, OK US","2000-09-12","0.00","96","72"
"USW00053913","GUTHRIE MUNICIPAL AIRPORT, OK US","2000-09-13","0.00","97","67"
"USW00053913","GUTHRIE MUNICIPAL AIRPORT, OK US","2000-09-14","0.00","101","71"
"USW00053913","GUTHRIE MUNICIPAL AIRPORT, OK US","2000-09-15","0.00","88","58"
"USW00053913","GUTHRIE MUNICIPAL AIRPORT, OK US","2000-09-16","0.00","89","55"
"USW00053913","GUTHRIE MUNICIPAL AIRPORT, OK US","2000-09-17","0.00","91","60"
"USW00053913","GUTHRIE MUNICIPAL AIRPORT, OK US","2000-09-18","0.00","94","58"
"USW00053913","GUTHRIE MUNICIPAL AIRPORT, OK US","2000-09-19","0.00","97","72"
"USW00053913","GUTHRIE MUNICIPAL AIRPORT, OK US","2000-09-20","0.00","80","54"
"USW00053913","GUTHRIE MUNICIPAL AIRPORT, OK US","2000-09-21","0.00","85","47"
"USW00053913","GUTHRIE MUNICIPAL AIRPORT, OK US","2000-09-22","0.00","96","73"
"USW00053913","GUTHRIE MUNICIPAL AIRPORT, OK US","2000-09-23","0.03","83","55"
"USW00053913","GUTHRIE MUNICIPAL AIRPORT, OK US","2000-09-24","0.05","56","46"
"USW00053913","GUTHRIE MUNICIPAL AIRPORT, OK US","2000-09-25","0.00",,
"USW00053913","GUTHRIE MUNICIPAL AIRPORT, OK US","2000-09-26","0.00","75","36"
"USW00053913","GUTHRIE MUNICIPAL AIRPORT, OK US","2000-09-27","0.00","81","48"
"USW00053913","GUTHRIE MUNICIPAL AIRPORT, OK US","2000-09-28","0.00","85","48"
"USW00053913","GUTHRIE MUNICIPAL AIRPORT, OK US","2000-09-29","0.00","84","55"
"USW00053913","GUTHRIE MUNICIPAL AIRPORT, OK US","2000-09-30","0.00","89","62"
"USW00053913","GUTHRIE MUNICIPAL AIRPORT, OK US","2000-10-01","0.00","92","65"
"USW00053913","GUTHRIE MUNICIPAL AIRPORT, OK US","2000-10-02","0.00","95","69"
"USW00053913","GUTHRIE MUNICIPAL AIRPORT, OK US","2000-10-03","0.00","96","71"
"USW00053913","GUTHRIE MUNICIPAL AIRPORT, OK US","2000-10-04","0.00","88","60"
"USW00053913","GUTHRIE MUNICIPAL AIRPORT, OK US","2000-10-05","0.00","78","55"
"USW00053913","GUTHRIE MUNICIPAL AIRPORT, OK US","2000-10-06","0.00","57","43"
"USW00053913","GUTHRIE MUNICIPAL AIRPORT, OK US","2000-10-07","0.00","56","36"
"USW00053913","GUTHRIE MUNICIPAL AIRPORT, OK US","2000-10-08","0.00","52","28"
"USW00053913","GUTHRIE MUNICIPAL AIRPORT, OK US","2000-10-09","0.00","60","22"
"USW00053913","GUTHRIE MUNICIPAL AIRPORT, OK US","2000-10-10","0.00","64","36"
"USW00053913","GUTHRIE MUNICIPAL AIRPORT, OK US","2000-10-11","0.00","74","49"
"USW00053913","GUTHRIE MUNICIPAL AIRPORT, OK US","2000-10-12","0.00","82","55"
"USW00053913","GUTHRIE MUNICIPAL AIRPORT, OK US","2000-10-13","0.00","79","66"
"USW00053913","GUTHRIE MUNICIPAL AIRPORT, OK US","2000-10-14","0.01","76","64"
"USW00053913","GUTHRIE MUNICIPAL AIRPORT, OK US","2000-10-15","0.94","72","60"
"USW00053913","GUTHRIE MUNICIPAL AIRPORT, OK US","2000-10-16","0.58","75","58"
"USW00053913","GUTHRIE MUNICIPAL AIRPORT, OK US","2000-10-17","0.00","76","50"
"USW00053913","GUTHRIE MUNICIPAL AIRPORT, OK US","2000-10-18","0.00","79","52"
"USW00053913","GUTHRIE MUNICIPAL AIRPORT, OK US","2000-10-19","0.00","78","51"
"USW00053913","GUTHRIE MUNICIPAL AIRPORT, OK US","2000-10-20","0.00","70","58"
"USW00053913","GUTHRIE MUNICIPAL AIRPORT, OK US","2000-10-21","0.30","68","59"
"USW00053913","GUTHRIE MUNICIPAL AIRPORT, OK US","2000-10-22","0.91","69","61"
"USW00053913","GUTHRIE MUNICIPAL AIRPORT, OK US","2000-10-23","0.90","77","61"
"USW00053913","GUTHRIE MUNICIPAL AIRPORT, OK US","2000-10-24","0.10","76","65"
"USW00053913","GUTHRIE MUNICIPAL AIRPORT, OK US","2000-10-25","1.15","70","59"
"USW00053913","GUTHRIE MUNICIPAL AIRPORT, OK US","2000-10-26","0.46","77","58"
"USW00053913","GUTHRIE MUNICIPAL AIRPORT, OK US","2000-10-27","0.94","71","62"
"USW00053913","GUTHRIE MUNICIPAL AIRPORT, OK US","2000-10-28","0.36","78","60"
"USW00053913","GUTHRIE MUNICIPAL AIRPORT, OK US","2000-10-29","0.03","76","60"
"USW00053913","GUTHRIE MUNICIPAL AIRPORT, OK US","2000-10-30","0.01","80","59"
"USW00053913","GUTHRIE MUNICIPAL AIRPORT, OK US","2000-10-31","0.00","79","64"
"USW00053913","GUTHRIE MUNICIPAL AIRPORT, OK US","2000-11-01","0.03","76","48"
"USW00053913","GUTHRIE MUNICIPAL AIRPORT, OK US","2000-11-02","0.00","74","42"
"USW00053913","GUTHRIE MUNICIPAL AIRPORT, OK US","2000-11-03","0.06","57","52"
"USW00053913","GUTHRIE MUNICIPAL AIRPORT, OK US","2000-11-04","0.03","57","52"
"USW00053913","GUTHRIE MUNICIPAL AIRPORT, OK US","2000-11-05","0.00","66","54"
"USW00053913","GUTHRIE MUNICIPAL AIRPORT, OK US","2000-11-06","0.83","61","38"
"USW00053913","GUTHRIE MUNICIPAL AIRPORT, OK US","2000-11-07","0.02","41","32"
"USW00053913","GUTHRIE MUNICIPAL AIRPORT, OK US","2000-11-08","0.46","38","31"
"USW00053913","GUTHRIE MUNICIPAL AIRPORT, OK US","2000-11-09","0.39","45","28"
"USW00053913","GUTHRIE MUNICIPAL AIRPORT, OK US","2000-11-10","0.01","51","26"
"USW00053913","GUTHRIE MUNICIPAL AIRPORT, OK US","2000-11-11","0.02","46","33"
"USW00053913","GUTHRIE MUNICIPAL AIRPORT, OK US","2000-11-12","0.00","46","29"
"USW00053913","GUTHRIE MUNICIPAL AIRPORT, OK US","2000-11-13","0.00","46","22"
"USW00053913","GUTHRIE MUNICIPAL AIRPORT, OK US","2000-11-14","0.00","50","21"
"USW00053913","GUTHRIE MUNICIPAL AIRPORT, OK US","2000-11-15","0.00","56","37"
"USW00053913","GUTHRIE MUNICIPAL AIRPORT, OK US","2000-11-16","0.00","44","28"
"USW00053913","GUTHRIE MUNICIPAL AIRPORT, OK US","2000-11-17","0.00","44","19"
"USW00053913","GUTHRIE MUNICIPAL AIRPORT, OK US","2000-11-18","0.00","48","26"
"USW00053913","GUTHRIE MUNICIPAL AIRPORT, OK US","2000-11-19","0.00","54","29"
"USW00053913","GUTHRIE MUNICIPAL AIRPORT, OK US","2000-11-20","0.00","44","26"
"USW00053913","GUTHRIE MUNICIPAL AIRPORT, OK US","2000-11-21","0.00","58","26"
"USW00053913","GUTHRIE MUNICIPAL AIRPORT, OK US","2000-11-22","0.04","51","30"
"USW00053913","GUTHRIE MUNICIPAL AIRPORT, OK US","2000-11-23","0.05","51","49"
"USW00053913","GUTHRIE MUNICIPAL AIRPORT, OK US","2000-11-24","0.56","49","43"
"USW00053913","GUTHRIE MUNICIPAL AIRPORT, OK US","2000-11-25","0.00","52","35"
"USW00053913","GUTHRIE MUNICIPAL AIRPORT, OK US","2000-11-26","0.00","57","28"
"USW00053913","GUTHRIE MUNICIPAL AIRPORT, OK US","2000-11-27","0.00","56","32"
"USW00053913","GUTHRIE MUNICIPAL AIRPORT, OK US","2000-11-28","0.00","59","30"
"USW00053913","GUTHRIE MUNICIPAL AIRPORT, OK US","2000-11-29","0.00","54","30"
"USW00053913","GUTHRIE MUNICIPAL AIRPORT, OK US","2000-11-30","0.00","56","30"
"USW00053913","GUTHRIE MUNICIPAL AIRPORT, OK US","2000-12-01","0.00","44","32"
"USW00053913","GUTHRIE MUNICIPAL AIRPORT, OK US","2000-12-02","0.00","38","26"
"USW00053913","GUTHRIE MUNICIPAL AIRPORT, OK US","2000-12-03","0.00","42","21"
"USW00053913","GUTHRIE MUNICIPAL AIRPORT, OK US","2000-12-04","0.00","52","28"
"USW00053913","GUTHRIE MUNICIPAL AIRPORT, OK US","2000-12-05","0.01","49","24"
"USW00053913","GUTHRIE MUNICIPAL AIRPORT, OK US","2000-12-06","0.05","43","30"
"USW00053913","GUTHRIE MUNICIPAL AIRPORT, OK US","2000-12-07","0.00","61","34"
"USW00053913","GUTHRIE MUNICIPAL AIRPORT, OK US","2000-12-08","0.00","53","33"
"USW00053913","GUTHRIE MUNICIPAL AIRPORT, OK US","2000-12-09","0.00","52","34"
"USW00053913","GUTHRIE MUNICIPAL AIRPORT, OK US","2000-12-10","0.04","48","26"
"USW00053913","GUTHRIE MUNICIPAL AIRPORT, OK US","2000-12-11","0.00","26","13"
"USW00053913","GUTHRIE MUNICIPAL AIRPORT, OK US","2000-12-12","0.29","17","10"
"USW00053913","GUTHRIE MUNICIPAL AIRPORT, OK US","2000-12-13","0.56","27","13"
"USW00053913","GUTHRIE MUNICIPAL AIRPORT, OK US","2000-12-14","0.00","34","4"
"USW00053913","GUTHRIE MUNICIPAL AIRPORT, OK US","2000-12-15","0.00","40","28"
"USW00053913","GUTHRIE MUNICIPAL AIRPORT, OK US","2000-12-16","0.00","39","16"
"USW00053913","GUTHRIE MUNICIPAL AIRPORT, OK US","2000-12-17","0.00","36","12"
"USW00053913","GUTHRIE MUNICIPAL AIRPORT, OK US","2000-12-18","0.00","56","27"
"USW00053913","GUTHRIE MUNICIPAL AIRPORT, OK US","2000-12-19","0.00","59","20"
"USW00053913","GUTHRIE MUNICIPAL AIRPORT, OK US","2000-12-20","0.00",,
"USW00053913","GUTHRIE MUNICIPAL AIRPORT, OK US","2000-12-21","0.00","47","20"
"USW00053913","GUTHRIE MUNICIPAL AIRPORT, OK US","2000-12-22","0.00","43","15"
"USW00053913","GUTHRIE MUNICIPAL AIRPORT, OK US","2000-12-23","0.00","47","23"
"USW00053913","GUTHRIE MUNICIPAL AIRPORT, OK US","2000-12-24","0.00","31","15"
"USW00053913","GUTHRIE MUNICIPAL AIRPORT, OK US","2000-12-25","0.18","25","19"
"USW00053913","GUTHRIE MUNICIPAL AIRPORT, OK US","2000-12-26","0.41","25","20"
"USW00053913","GUTHRIE MUNICIPAL AIRPORT, OK US","2000-12-27","0.00","30","23"
"USW00053913","GUTHRIE MUNICIPAL AIRPORT, OK US","2000-12-28","0.00","37","17"
"USW00053913","GUTHRIE MUNICIPAL AIRPORT, OK US","2000-12-29","0.00","39","19"
"USW00053913","GUTHRIE MUNICIPAL AIRPORT, OK US","2000-12-30","0.00","32","13"
"USW00053913","GUTHRIE MUNICIPAL AIRPORT, OK US","2000-12-31","0.18","25","5"
"USW00053913","GUTHRIE MUNICIPAL AIRPORT, OK US","2001-01-01","0.00","27","9"
"USW00053913","GUTHRIE MUNICIPAL AIRPORT, OK US","2001-01-02","0.00","29","17"
"USW00053913","GUTHRIE MUNICIPAL AIRPORT, OK US","2001-01-03","0.00","42","16"
"USW00053913","GUTHRIE MUNICIPAL AIRPORT, OK US","2001-01-04","0.00","53","22"
"USW00053913","GUTHRIE MUNICIPAL AIRPORT, OK US","2001-01-05","0.00","52","25"
"USW00053913","GUTHRIE MUNICIPAL AIRPORT, OK US","2001-01-06","0.00","58","34"
"USW00053913","GUTHRIE MUNICIPAL AIRPORT, OK US","2001-01-07","0.00","47","27"
"USW00053913","GUTHRIE MUNICIPAL AIRPORT, OK US","2001-01-08","0.00","50","24"
"USW00053913","GUTHRIE MUNICIPAL AIRPORT, OK US","2001-01-09","0.00","53","33"
"USW00053913","GUTHRIE MUNICIPAL AIRPORT, OK US","2001-01-10","0.18","46","34"
"USW00053913","GUTHRIE MUNICIPAL AIRPORT, OK US","2001-01-11","0.00","45","33"
"USW00053913","GUTHRIE MUNICIPAL AIRPORT, OK US","2001-01-12","0.00","52","31"
"USW00053913","GUTHRIE MUNICIPAL AIRPORT, OK US","2001-01-13","0.00","54","39"
"USW00053913","GUTHRIE MUNICIPAL AIRPORT, OK US","2001-01-14","0.00","49","27"
"USW00053913","GUTHRIE MUNICIPAL AIRPORT, OK US","2001-01-15","0.00","52","24"
"USW00053913","GUTHRIE MUNICIPAL AIRPORT, OK US","2001-01-16","0.01","38","31"
"USW00053913","GUTHRIE MUNICIPAL AIRPORT, OK US","2001-01-17","0.03","32","28"
"USW00053913","GUTHRIE MUNICIPAL AIRPORT, OK US","2001-01-18","0.00","43","27"
"USW00053913","GUTHRIE MUNICIPAL AIRPORT, OK US","2001-01-19","0.00","31","16"
"USW00053913","GUTHRIE MUNICIPAL AIRPORT, OK US","2001-01-20","0.00","39","11"
"USW00053913","GUTHRIE MUNICIPAL AIRPORT, OK US","2001-01-21","0.00","46","25"
"USW00053913","GUTHRIE MUNICIPAL AIRPORT, OK US","2001-01-22","0.00","54","22"
"USW00053913","GUTHRIE MUNICIPAL AIRPORT, OK US","2001-01-23","0.00","50","38"
"USW00053913","GUTHRIE MUNICIPAL AIRPORT, OK US","2001-01-24","0.00","53","29"
"USW00053913","GUTHRIE MUNICIPAL AIRPORT, OK US","2001-01-25","0.02","52","23"
"USW00053913","GUTHRIE MUNICIPAL AIRPORT, OK US","2001-01-26","0.00","55","27"
"USW00053913","GUTHRIE MUNICIPAL AIRPORT, OK US","2001-01-27","0.51","39","22"
"USW00053913","GUTHRIE MUNICIPAL AIRPORT, OK US","2001-01-28","0.38","36","32"
"USW00053913","GUTHRIE MUNICIPAL AIRPORT, OK US","2001-01-29","0.27","40","34"
"USW00053913","GUTHRIE MUNICIPAL AIRPORT, OK US","2001-01-30","0.00","52","36"
"USW00053913","GUTHRIE MUNICIPAL AIRPORT, OK US","2001-01-31","0.00","49","26"
"USW00053913","GUTHRIE MUNICIPAL AIRPORT, OK US","2001-02-01","0.00","49","24"
"USW00053913","GUTHRIE MUNICIPAL AIRPORT, OK US","2001-02-02","0.00","47","17"
"USW00053913","GUTHRIE MUNICIPAL AIRPORT, OK US","2001-02-03","0.00","56","35"
"USW00053913","GUTHRIE MUNICIPAL AIRPORT, OK US","2001-02-04","0.00","57","29"
"USW00053913","GUTHRIE MUNICIPAL AIRPORT, OK US","2001-02-05","0.00","63","26"
"USW00053913","GUTHRIE MUNICIPAL AIRPORT, OK US","2001-02-06","0.00","60","35"
"USW00053913","GUTHRIE MUNICIPAL AIRPORT, OK US","2001-02-07","0.00","66","38"
"USW00053913","GUTHRIE MUNICIPAL AIRPORT, OK US","2001-02-08","0.21","69","34"
"USW00053913","GUTHRIE MUNICIPAL AIRPORT, OK US","2001-02-09","0.64","35","21"
"USW00053913","GUTHRIE MUNICIPAL AIRPORT, OK US","2001-02-10","0.00","38","15"
"USW00053913","GUTHRIE MUNICIPAL AIRPORT, OK US","2001-02-11","0.00","50","27"
"USW00053913","GUTHRIE MUNICIPAL AIRPORT, OK US","2001-02-12","0.00","45","39"
"USW00053913","GUTHRIE MUNICIPAL AIRPORT, OK US","2001-02-13","0.00","60","43"
"USW00053913","GUTHRIE MUNICIPAL AIRPORT, OK US","2001-02-14","0.03","63","27"
"USW00053913","GUTHRIE MUNICIPAL AIRPORT, OK US","2001-02-15","0.00","31","25"
"USW00053913","GUTHRIE MUNICIPAL AIRPORT, OK US","2001-02-16","0.00","35","24"
"USW00053913","GUTHRIE MUNICIPAL AIRPORT, OK US","2001-02-17","0.00","42","16"
"USW00053913","GUTHRIE MUNICIPAL AIRPORT, OK US","2001-02-18","0.00","48","22"
"USW00053913","GUTHRIE MUNICIPAL AIRPORT, OK US","2001-02-19","0.00","66","40"
"USW00053913","GUTHRIE MUNICIPAL AIRPORT, OK US","2001-02-20","0.00","51","37"
"USW00053913","GUTHRIE MUNICIPAL AIRPORT, OK US","2001-02-21","0.00","43","28"
"USW00053913","GUTHRIE MUNICIPAL AIRPORT, OK US","2001-02-22","0.00","49","21"
"USW00053913","GUTHRIE MUNICIPAL AIRPORT, OK US","2001-02-23","0.74","49","38"
"USW00053913","GUTHRIE MUNICIPAL AIRPORT, OK US","2001-02-24","0.38","63","45"
"USW00053913","GUTHRIE MUNICIPAL AIRPORT, OK US","2001-02-25","0.00","56","34"
"USW00053913","GUTHRIE MUNICIPAL AIRPORT, OK US","2001-02-26","0.00","69","38"
"USW00053913","GUTHRIE MUNICIPAL AIRPORT, OK US","2001-02-27","0.00","54","26"
"USW00053913","GUTHRIE MUNICIPAL AIRPORT, OK US","2001-02-28","0.16","29","24"
"USW00053913","GUTHRIE MUNICIPAL AIRPORT, OK US","2001-03-01","0.00","42","29"
"USW00053913","GUTHRIE MUNICIPAL AIRPORT, OK US","2001-03-02","0.00","49","31"
"USW00053913","GUTHRIE MUNICIPAL AIRPORT, OK US","2001-03-03","0.00","55","36"
"USW00053913","GUTHRIE MUNICIPAL AIRPORT, OK US","2001-03-04","0.00","56","32"
"USW00053913","GUTHRIE MUNICIPAL AIRPORT, OK US","2001-03-05","0.00","57","27"
"USW00053913","GUTHRIE MUNICIPAL AIRPORT, OK US","2001-03-06","0.00","60","34"
"USW00053913","GUTHRIE MUNICIPAL AIRPORT, OK US","2001-03-07","0.00","60","32"
"USW00053913","GUTHRIE MUNICIPAL AIRPORT, OK US","2001-03-08","0.00","51","36"
"USW00053913","GUTHRIE MUNICIPAL AIRPORT, OK US","2001-03-09","0.00","63","30"
"USW00053913","GUTHRIE MUNICIPAL AIRPORT, OK US","2001-03-10","0.00","65","42"
"USW00053913","GUTHRIE MUNICIPAL AIRPORT, OK US","2001-03-11","0.65","61","46"
"USW00053913","GUTHRIE MUNICIPAL AIRPORT, OK US","2001-03-12","0.00","59","39"
"USW00053913","GUTHRIE MUNICIPAL AIRPORT, OK US","2001-03-13","0.00","70","34"
"USW00053913","GUTHRIE MUNICIPAL AIRPORT, OK US","2001-03-14","0.00","69","51"
"USW00053913","GUTHRIE MUNICIPAL AIRPORT, OK US","2001-03-15","0.12","53","37"
"USW00053913","GUTHRIE MUNICIPAL AIRPORT, OK US","2001-03-16","0.00","52","31"
"USW00053913","GUTHRIE MUNICIPAL AIRPORT, OK US","2001-03-17","0.00","56","31"
"USW00053913","GUTHRIE MUNICIPAL AIRPORT, OK US","2001-03-18","0.01","49","38"
"USW00053913","GUTHRIE MUNICIPAL AIRPORT, OK US","2001-03-19","0.00","53","35"
"USW00053913","GUTHRIE MUNICIPAL AIRPORT, OK US","2001-03-20","0.00","63","30"
"USW00053913","GUTHRIE MUNICIPAL AIRPORT, OK US","2001-03-21","0.00","75","43"
"USW00053913","GUTHRIE MUNICIPAL AIRPORT, OK US","2001-03-22","0.00","73","52"
"USW00053913","GUTHRIE MUNICIPAL AIRPORT, OK US","2001-03-23","0.00","72","40"
"USW00053913","GUTHRIE MUNICIPAL AIRPORT, OK US","2001-03-24","0.00","56","33"
"USW00053913","GUTHRIE MUNICIPAL AIRPORT, OK US","2001-03-25","0.00","44","31"
"USW00053913","GUTHRIE MUNICIPAL AIRPORT, OK US","2001-03-26","0.00","47","35"
"USW00053913","GUTHRIE MUNICIPAL AIRPORT, OK US","2001-03-27","0.05","46","37"
"USW00053913","GUTHRIE MUNICIPAL AIRPORT, OK US","2001-03-28","0.07","46","38"
"USW00053913","GUTHRIE MUNICIPAL AIRPORT, OK US","2001-03-29","0.01","54","40"
"USW00053913","GUTHRIE MUNICIPAL AIRPORT, OK US","2001-03-30","0.10","65","34"
"USW00053913","GUTHRIE MUNICIPAL AIRPORT, OK US","2001-03-31","0.13","60","36"
"USW00053913","GUTHRIE MUNICIPAL AIRPORT, OK US","2001-04-01","0.00","66","35"
"USW00053913","GUTHRIE MUNICIPAL AIRPORT, OK US","2001-04-02","0.00","78","59"
"USW00053913","GUTHRIE MUNICIPAL AIRPORT, OK US","2001-04-03","0.00","86","62"
"USW00053913","GUTHRIE MUNICIPAL AIRPORT, OK US","2001-04-04","0.00","87","59"
"USW00053913","GUTHRIE MUNICIPAL AIRPORT, OK US","2001-04-05","0.00","82","68"
"USW00053913","GUTHRIE MUNICIPAL AIRPORT, OK US","2001-04-06","0.00","80","67"
"USW00053913","GUTHRIE MUNICIPAL AIRPORT, OK US","2001-04-07","0.00","81","58"
"USW00053913","GUTHRIE MUNICIPAL AIRPORT, OK US","2001-04-08","0.00","83","64"
"USW00053913","GUTHRIE MUNICIPAL AIRPORT, OK US","2001-04-09","0.00","86","68"
"USW00053913","GUTHRIE MUNICIPAL AIRPORT, OK US","2001-04-10","0.14","77","68"
"USW00053913","GUTHRIE MUNICIPAL AIRPORT, OK US","2001-04-11","0.70","75","48"
"USW00053913","GUTHRIE MUNICIPAL AIRPORT, OK US","2001-04-12","0.00","67","40"
"USW00053913","GUTHRIE MUNICIPAL AIRPORT, OK US","2001-04-13","0.00","79","43"
"USW00053913","GUTHRIE MUNICIPAL AIRPORT, OK US","2001-04-14","0.00","73","57"
"USW00053913","GUTHRIE MUNICIPAL AIRPORT, OK US","2001-04-15","0.00","73","48"
"USW00053913","GUTHRIE MUNICIPAL AIRPORT, OK US","2001-04-16","0.00","62","41"
"USW00053913","GUTHRIE MUNICIPAL AIRPORT, OK US","2001-04-17","0.00","58","36"
"USW00053913","GUTHRIE MUNICIPAL AIRPORT, OK US","2001-04-18","0.00","67","33"
"USW00053913","GUTHRIE MUNICIPAL AIRPORT, OK US","2001-04-19","0.00","76","54"
"USW00053913","GUTHRIE MUNICIPAL AIRPORT, OK US","2001-04-20","0.00","79","67"
"USW00053913","GUTHRIE MUNICIPAL AIRPORT, OK US","2001-04-21","0.00","77","70"
"USW00053913","GUTHRIE MUNICIPAL AIRPORT, OK US","2001-04-22","0.31","78","62"
"USW00053913","GUTHRIE MUNICIPAL AIRPORT, OK US","2001-04-23","0.00","68","44"
"USW00053913","GUTHRIE MUNICIPAL AIRPORT, OK US","2001-04-24","0.00","73","36"
"USW00053913","GUTHRIE MUNICIPAL AIRPORT, OK US","2001-04-25","0.00","80","44"
"USW00053913","GUTHRIE MUNICIPAL AIRPORT, OK US","2001-04-26","0.00","85","52"
"USW00053913","GUTHRIE MUNICIPAL AIRPORT, OK US","2001-04-27","0.00","82","60"
"USW00053913","GUTHRIE MUNICIPAL AIRPORT, OK US","2001-04-28","0.00","80","55"
"USW00053913","GUTHRIE MUNICIPAL AIRPORT, OK US","2001-04-29","0.00","81","57"
"USW00053913","GUTHRIE MUNICIPAL AIRPORT, OK US","2001-04-30","0.01","79","61"
"USW00053913","GUTHRIE MUNICIPAL AIRPORT, OK US","2001-05-01","0.00","87","63"
"USW00053913","GUTHRIE MUNICIPAL AIRPORT, OK US","2001-05-02","0.00","85","67"
"USW00053913","GUTHRIE MUNICIPAL AIRPORT, OK US","2001-05-03","0.00","79","66"
"USW00053913","GUTHRIE MUNICIPAL AIRPORT, OK US","2001-05-04","0.59","77","62"
"USW00053913","GUTHRIE MUNICIPAL AIRPORT, OK US","2001-05-05","0.03","76","62"
"USW00053913","GUTHRIE MUNICIPAL AIRPORT, OK US","2001-05-06","0.22","80","62"
"USW00053913","GUTHRIE MUNICIPAL AIRPORT, OK US","2001-05-07","0.00","74","52"
"USW00053913","GUTHRIE MUNICIPAL AIRPORT, OK US","2001-05-08","0.00","80","46"
"USW00053913","GUTHRIE MUNICIPAL AIRPORT, OK US","2001-05-09","0.00","85","57"
"USW00053913","GUTHRIE MUNICIPAL AIRPORT, OK US","2001-05-10","0.03","85","66"
"USW00053913","GUTHRIE MUNICIPAL AIRPORT, OK US","2001-05-11","0.45","83","58"
"USW00053913","GUTHRIE MUNICIPAL AIRPORT, OK US","2001-05-12","0.00","81","56"
"USW00053913","GUTHRIE MUNICIPAL AIRPORT, OK US","2001-05-13","0.00","85","60"
"USW00053913","GUTHRIE MUNICIPAL AIRPORT, OK US","2001-05-14","0.00","88","66"
"USW00053913","GUTHRIE MUNICIPAL AIRPORT, OK US","2001-05-15","0.00","89","70"
"USW00053913","GUTHRIE MUNICIPAL AIRPORT, OK US","2001-05-16","0.00","89","68"
"USW00053913","GUTHRIE MUNICIPAL AIRPORT, OK US","2001-05-17","0.00","83","68"
"USW00053913","GUTHRIE MUNICIPAL AIRPORT, OK US","2001-05-18","1.26","82","64"
"USW00053913","GUTHRIE MUNICIPAL AIRPORT, OK US","2001-05-19","0.08","79","66"
"USW00053913","GUTHRIE MUNICIPAL AIRPORT, OK US","2001-05-20","0.24","84","64"
"USW00053913","GUTHRIE MUNICIPAL AIRPORT, OK US","2001-05-21","0.23","68","49"
"USW00053913","GUTHRIE MUNICIPAL AIRPORT, OK US","2001-05-22","0.00","78","44"
"USW00053913","GUTHRIE MUNICIPAL AIRPORT, OK US","2001-05-23","0.04","85","53"
"USW00053913","GUTHRIE MUNICIPAL AIRPORT, OK US","2001-05-24","0.00","74","46"
"USW00053913","GUTHRIE MUNICIPAL AIRPORT, OK US","2001-05-25","0.00","70","45"
"USW00053913","GUTHRIE MUNICIPAL AIRPORT, OK US","2001-05-26","0.00","82","49"
"USW00053913","GUTHRIE MUNICIPAL AIRPORT, OK US","2001-05-27","1.12","89","62"
"USW00053913","GUTHRIE MUNICIPAL AIRPORT, OK US","2001-05-28","0.01","83","60"
"USW00053913","GUTHRIE MUNICIPAL AIRPORT, OK US","2001-05-29","2.14","77","61"
"USW00053913","GUTHRIE MUNICIPAL AIRPORT, OK US","2001-05-30","0.74","84","62"
"USW00053913","GUTHRIE MUNICIPAL AIRPORT, OK US","2001-05-31","0.00","70","56"
"USW00053913","GUTHRIE MUNICIPAL AIRPORT, OK US","2001-06-01","0.00","84","51"
"USW00053913","GUTHRIE MUNICIPAL AIRPORT, OK US","2001-06-02","0.00","81","66"
"USW00053913","GUTHRIE MUNICIPAL AIRPORT, OK US","2001-06-03","0.00","90","67"
"USW00053913","GUTHRIE MUNICIPAL AIRPORT, OK US","2001-06-04","0.00","90","76"
"USW00053913","GUTHRIE MUNICIPAL AIRPORT, OK US","2001-06-05","0.00","87","74"
"USW00053913","GUTHRIE MUNICIPAL AIRPORT, OK US","2001-06-06","0.00","87","68"
"USW00053913","GUTHRIE MUNICIPAL AIRPORT, OK US","2001-06-07","0.00","90","66"
"USW00053913","GUTHRIE MUNICIPAL AIRPORT, OK US","2001-06-08","0.00","89","69"
"USW00053913","GUTHRIE MUNICIPAL AIRPORT, OK US","2001-06-09","0.00","90","67"
"USW00053913","GUTHRIE MUNICIPAL AIRPORT, OK US","2001-06-10","0.00","92","70"
"USW00053913","GUTHRIE MUNICIPAL AIRPORT, OK US","2001-06-11","0.00","93","71"
"USW00053913","GUTHRIE MUNICIPAL AIRPORT, OK US","2001-06-12","0.00","94","74"
"USW00053913","GUTHRIE MUNICIPAL AIRPORT, OK US","2001-06-13","0.04","95","74"
"USW00053913","GUTHRIE MUNICIPAL AIRPORT, OK US","2001-06-14","0.42","83","61"
"USW00053913","GUTHRIE MUNICIPAL AIRPORT, OK US","2001-06-15","0.01","90","55"
"USW00053913","GUTHRIE MUNICIPAL AIRPORT, OK US","2001-06-16","0.08","93","65"
"USW00053913","GUTHRIE MUNICIPAL AIRPORT, OK US","2001-06-17","0.01","92","69"
"USW00053913","GUTHRIE MUNICIPAL AIRPORT, OK US","2001-06-18","0.00","92","70"
"USW00053913","GUTHRIE MUNICIPAL AIRPORT, OK US","2001-06-19","0.00","92","70"
"USW00053913","GUTHRIE MUNICIPAL AIRPORT, OK US","2001-06-20","0.00","89","67"
"USW00053913","GUTHRIE MUNICIPAL AIRPORT, OK US","2001-06-21","0.74","82","62"
"USW00053913","GUTHRIE MUNICIPAL AIRPORT, OK US","2001-06-22","0.01","86","57"
"USW00053913","GUTHRIE MUNICIPAL AIRPORT, OK US","2001-06-23","0.00","90","65"
"USW00053913","GUTHRIE MUNICIPAL AIRPORT, OK US","2001-06-24","0.00","91","64"
"USW00053913","GUTHRIE MUNICIPAL AIRPORT, OK US","2001-06-25","0.00","90","65"
"USW00053913","GUTHRIE MUNICIPAL AIRPORT, OK US","2001-06-26","0.00","90","68"
"USW00053913","GUTHRIE MUNICIPAL AIRPORT, OK US","2001-06-27","0.00","85","69"
"USW00053913","GUTHRIE MUNICIPAL AIRPORT, OK US","2001-06-28","0.29","81","67"
"USW00053913","GUTHRIE MUNICIPAL AIRPORT, OK US","2001-06-29","0.03","91","65"
"USW00053913","GUTHRIE MUNICIPAL AIRPORT, OK US","2001-06-30","0.00","89","69"
"USW00053913","GUTHRIE MUNICIPAL AIRPORT, OK US","2001-07-01","0.00","90","68"
"USW00053913","GUTHRIE MUNICIPAL AIRPORT, OK US","2001-07-02","0.00","90","69"
"USW00053913","GUTHRIE MUNICIPAL AIRPORT, OK US","2001-07-03","0.00","96","71"
"USW00053913","GUTHRIE MUNICIPAL AIRPORT, OK US","2001-07-04","0.00","102","75"
"USW00053913","GUTHRIE MUNICIPAL AIRPORT, OK US","2001-07-05","0.00","96","79"
"USW00053913","GUTHRIE MUNICIPAL AIRPORT, OK US","2001-07-06","0.00","102","75"
"USW00053913","GUTHRIE MUNICIPAL AIRPORT, OK US","2001-07-07","0.00","102","78"
"USW00053913","GUTHRIE MUNICIPAL AIRPORT, OK US","2001-07-08","0.00","102","79"
"USW00053913","GUTHRIE MUNICIPAL AIRPORT, OK US","2001-07-09","0.00","102","74"
"USW00053913","GUTHRIE MUNICIPAL AIRPORT, OK US","2001-07-10","0.00","103","75"
"USW00053913","GUTHRIE MUNICIPAL AIRPORT, OK US","2001-07-11","0.00","103","76"
"USW00053913","GUTHRIE MUNICIPAL AIRPORT, OK US","2001-07-12","0.00","109","80"
"USW00053913","GUTHRIE MUNICIPAL AIRPORT, OK US","2001-07-13","0.00","87","73"
"USW00053913","GUTHRIE MUNICIPAL AIRPORT, OK US","2001-07-14","0.00","83","70"
"USW00053913","GUTHRIE MUNICIPAL AIRPORT, OK US","2001-07-15","0.00","91","68"
"USW00053913","GUTHRIE MUNICIPAL AIRPORT, OK US","2001-07-16","0.00","98","70"
"USW00053913","GUTHRIE MUNICIPAL AIRPORT, OK US","2001-07-17","0.00","105","83"
"USW00053913","GUTHRIE MUNICIPAL AIRPORT, OK US","2001-07-18","0.00","104","80"
"USW00053913","GUTHRIE MUNICIPAL AIRPORT, OK US","2001-07-19","0.00","101","79"
"USW00053913","GUTHRIE MUNICIPAL AIRPORT, OK US","2001-07-20","0.00","100","75"
"USW00053913","GUTHRIE MUNICIPAL AIRPORT, OK US","2001-07-21","0.00","104","80"
"USW00053913","GUTHRIE MUNICIPAL AIRPORT, OK US","2001-07-22","0.00","105","80"
"USW00053913","GUTHRIE MUNICIPAL AIRPORT, OK US","2001-07-23","0.00","105","80"
"USW00053913","GUTHRIE MUNICIPAL AIRPORT, OK US","2001-07-24","0.00","102","78"
"USW00053913","GUTHRIE MUNICIPAL AIRPORT, OK US","2001-07-25","0.00","103","77"
"USW00053913","GUTHRIE MUNICIPAL AIRPORT, OK US","2001-07-26","0.00","100","77"
"USW00053913","GUTHRIE MUNICIPAL AIRPORT, OK US","2001-07-27","0.00","101","79"
"USW00053913","GUTHRIE MUNICIPAL AIRPORT, OK US","2001-07-28","0.00","101","73"
"USW00053913","GUTHRIE MUNICIPAL AIRPORT, OK US","2001-07-29",,"98","73"
"USW00053913","GUTHRIE MUNICIPAL AIRPORT, OK US","2001-07-30","0.01","100","79"
"USW00053913","GUTHRIE MUNICIPAL AIRPORT, OK US","2001-07-31","0.00","99","79"
"USW00053913","GUTHRIE MUNICIPAL AIRPORT, OK US","2001-08-01","0.00","100","77"
"USW00053913","GUTHRIE MUNICIPAL AIRPORT, OK US","2001-08-02","0.00","98","79"
"USW00053913","GUTHRIE MUNICIPAL AIRPORT, OK US","2001-08-03","0.00","97","72"
"USW00053913","GUTHRIE MUNICIPAL AIRPORT, OK US","2001-08-04","0.00","99","74"
"USW00053913","GUTHRIE MUNICIPAL AIRPORT, OK US","2001-08-05","0.00","101","75"
"USW00053913","GUTHRIE MUNICIPAL AIRPORT, OK US","2001-08-06","0.00","99","76"
"USW00053913","GUTHRIE MUNICIPAL AIRPORT, OK US","2001-08-07","0.00","97","74"
"USW00053913","GUTHRIE MUNICIPAL AIRPORT, OK US","2001-08-08","0.00","98","76"
"USW00053913","GUTHRIE MUNICIPAL AIRPORT, OK US","2001-08-09","0.00","104","76"
"USW00053913","GUTHRIE MUNICIPAL AIRPORT, OK US","2001-08-10","0.00",,
"USW00053913","GUTHRIE MUNICIPAL AIRPORT, OK US","2001-08-11","0.00",,
"USW00053913","GUTHRIE MUNICIPAL AIRPORT, OK US","2001-08-12","0.23","93","72"
"USW00053913","GUTHRIE MUNICIPAL AIRPORT, OK US","2001-08-13","0.00","95","70"
"USW00053913","GUTHRIE MUNICIPAL AIRPORT, OK US","2001-08-14","0.00","94","71"
"USW00053913","GUTHRIE MUNICIPAL AIRPORT, OK US","2001-08-15","0.39","97","71"
"USW00053913","GUTHRIE MUNICIPAL AIRPORT, OK US","2001-08-16","0.01","92","69"
"USW00053913","GUTHRIE MUNICIPAL AIRPORT, OK US","2001-08-17","0.04","92","69"
"USW00053913","GUTHRIE MUNICIPAL AIRPORT, OK US","2001-08-18","0.00","94","67"
"USW00053913","GUTHRIE MUNICIPAL AIRPORT, OK US","2001-08-19","0.00","94","68"
"USW00053913","GUTHRIE MUNICIPAL AIRPORT, OK US","2001-08-20","0.00","100","69"
"USW00053913","GUTHRIE MUNICIPAL AIRPORT, OK US","2001-08-21","0.00","99","75"
"USW00053913","GUTHRIE MUNICIPAL AIRPORT, OK US","2001-08-22","0.00","98","78"
"USW00053913","GUTHRIE MUNICIPAL AIRPORT, OK US","2001-08-23","0.00","97","73"
"USW00053913","GUTHRIE MUNICIPAL AIRPORT, OK US","2001-08-24","0.00","98","72"
"USW00053913","GUTHRIE MUNICIPAL AIRPORT, OK US","2001-08-25","0.00","100","71"
"USW00053913","GUTHRIE MUNICIPAL AIRPORT, OK US","2001-08-26","0.04","83","69"
"USW00053913","GUTHRIE MUNICIPAL AIRPORT, OK US","2001-08-27","0.00","93","69"
"USW00053913","GUTHRIE MUNICIPAL AIRPORT, OK US","2001-08-28","0.00","93","69"
"USW00053913","GUTHRIE MUNICIPAL AIRPORT, OK US","2001-08-29","0.00","89","68"
"USW00053913","GUTHRIE MUNICIPAL AIRPORT, OK US","2001-08-30","0.00","88","69"
"USW00053913","GUTHRIE MUNICIPAL AIRPORT, OK US","2001-08-31","0.00","87","67"
"USW00053913","GUTHRIE MUNICIPAL AIRPORT, OK US","2001-09-01","0.00","90","65"
"USW00053913","GUTHRIE MUNICIPAL AIRPORT, OK US","2001-09-02","0.00","92","67"
"USW00053913","GUTHRIE MUNICIPAL AIRPORT, OK US","2001-09-03","0.00","91","71"
"USW00053913","GUTHRIE MUNICIPAL AIRPORT, OK US","2001-09-04","0.04","91","70"
"USW00053913","GUTHRIE MUNICIPAL AIRPORT, OK US","2001-09-05","0.12","83","70"
"USW00053913","GUTHRIE MUNICIPAL AIRPORT, OK US","2001-09-06","0.08","86","70"
"USW00053913","GUTHRIE MUNICIPAL AIRPORT, OK US","2001-09-07","1.55","92","65"
"USW00053913","GUTHRIE MUNICIPAL AIRPORT, OK US","2001-09-08","0.00","80","59"
"USW00053913","GUTHRIE MUNICIPAL AIRPORT, OK US","2001-09-09","0.00","78","55"
"USW00053913","GUTHRIE MUNICIPAL AIRPORT, OK US","2001-09-10","0.00","82","50"
"USW00053913","GUTHRIE MUNICIPAL AIRPORT, OK US","2001-09-11","0.00","82","52"
"USW00053913","GUTHRIE MUNICIPAL AIRPORT, OK US","2001-09-12","0.00","87","62"
"USW00053913","GUTHRIE MUNICIPAL AIRPORT, OK US","2001-09-13","0.00","86","58"
"USW00053913","GUTHRIE MUNICIPAL AIRPORT, OK US","2001-09-14","0.00","84","64"
"USW00053913","GUTHRIE MUNICIPAL AIRPORT, OK US","2001-09-15","2.81","73","66"
"USW00053913","GUTHRIE MUNICIPAL AIRPORT, OK US","2001-09-16","0.00","79","67"
"USW00053913","GUTHRIE MUNICIPAL AIRPORT, OK US","2001-09-17","0.00","81","70"
"USW00053913","GUTHRIE MUNICIPAL AIRPORT, OK US","2001-09-18","1.66","79","64"
"USW00053913","GUTHRIE MUNICIPAL AIRPORT, OK US","2001-09-19","0.01","79","60"
"USW00053913","GUTHRIE MUNICIPAL AIRPORT, OK US","2001-09-20","0.00","81","64"
"USW00053913","GUTHRIE MUNICIPAL AIRPORT, OK US","2001-09-21","0.00","84","65"
"USW00053913","GUTHRIE MUNICIPAL AIRPORT, OK US","2001-09-22","0.00","87","64"
"USW00053913","GUTHRIE MUNICIPAL AIRPORT, OK US","2001-09-23","0.00","76","56"
"USW00053913","GUTHRIE MUNICIPAL AIRPORT, OK US","2001-09-24","0.00","68","51"
"USW00053913","GUTHRIE MUNICIPAL AIRPORT, OK US","2001-09-25","0.00","70","43"
"USW00053913","GUTHRIE MUNICIPAL AIRPORT, OK US","2001-09-26","0.00","75","50"
"USW00053913","GUTHRIE MUNICIPAL AIRPORT, OK US","2001-09-27","0.00","80","53"
"USW00053913","GUTHRIE MUNICIPAL AIRPORT, OK US","2001-09-28","0.00","79","57"
"USW00053913","GUTHRIE MUNICIPAL AIRPORT, OK US","2001-09-29","0.00","78","50"
"USW00053913","GUTHRIE MUNICIPAL AIRPORT, OK US","2001-09-30","0.00","78","48"
"USW00053913","GUTHRIE MUNICIPAL AIRPORT, OK US","2001-10-01","0.00","79","47"
"USW00053913","GUTHRIE MUNICIPAL AIRPORT, OK US","2001-10-02","0.00","81","55"
"USW00053913","GUTHRIE MUNICIPAL AIRPORT, OK US","2001-10-03","0.00","83","61"
"USW00053913","GUTHRIE MUNICIPAL AIRPORT, OK US","2001-10-04","0.00","84","65"
"USW00053913","GUTHRIE MUNICIPAL AIRPORT, OK US","2001-10-05","0.00","74","41"
"USW00053913","GUTHRIE MUNICIPAL AIRPORT, OK US","2001-10-06","0.00","67","36"
"USW00053913","GUTHRIE MUNICIPAL AIRPORT, OK US","2001-10-07","0.00","70","45"
"USW00053913","GUTHRIE MUNICIPAL AIRPORT, OK US","2001-10-08","0.00","78","54"
"USW00053913","GUTHRIE MUNICIPAL AIRPORT, OK US","2001-10-09","0.04","74","66"
"USW00053913","GUTHRIE MUNICIPAL AIRPORT, OK US","2001-10-10","0.13","72","50"
"USW00053913","GUTHRIE MUNICIPAL AIRPORT, OK US","2001-10-11","0.00","71","49"
"USW00053913","GUTHRIE MUNICIPAL AIRPORT, OK US","2001-10-12","1.07","74","51"
"USW00053913","GUTHRIE MUNICIPAL AIRPORT, OK US","2001-10-13","0.00","70","48"
"USW00053913","GUTHRIE MUNICIPAL AIRPORT, OK US","2001-10-14","0.00","71","46"
"USW00053913","GUTHRIE MUNICIPAL AIRPORT, OK US","2001-10-15","0.00","67","38"
"USW00053913","GUTHRIE MUNICIPAL AIRPORT, OK US","2001-10-16","0.00","65","33"
"USW00053913","GUTHRIE MUNICIPAL AIRPORT, OK US","2001-10-17","0.00","69","45"
"USW00053913","GUTHRIE MUNICIPAL AIRPORT, OK US","2001-10-18","0.00","74","51"
"USW00053913","GUTHRIE MUNICIPAL AIRPORT, OK US","2001-10-19","0.00","74","44"
"USW00053913","GUTHRIE MUNICIPAL AIRPORT, OK US","2001-10-20","0.00","79","47"
"USW00053913","GUTHRIE MUNICIPAL AIRPORT, OK US","2001-10-21","0.00","80","62"
"USW00053913","GUTHRIE MUNICIPAL AIRPORT, OK US","2001-10-22","0.00","81","63"
"USW00053913","GUTHRIE MUNICIPAL AIRPORT, OK US","2001-10-23","0.00","82","60"
"USW00053913","GUTHRIE MUNICIPAL AIRPORT, OK US","2001-10-24","0.00","71","43"
"USW00053913","GUTHRIE MUNICIPAL AIRPORT, OK US","2001-10-25","0.00","66","36"
"USW00053913","GUTHRIE MUNICIPAL AIRPORT, OK US","2001-10-26","0.00","70","33"
"USW00053913","GUTHRIE MUNICIPAL AIRPORT, OK US","2001-10-27","0.00","68","41"
"USW00053913","GUTHRIE MUNICIPAL AIRPORT, OK US","2001-10-28","0.00","73","54"
"USW00053913","GUTHRIE MUNICIPAL AIRPORT, OK US","2001-10-29","0.00","76","53"
"USW00053913","GUTHRIE MUNICIPAL AIRPORT, OK US","2001-10-30","0.00","74","52"
"USW00053913","GUTHRIE MUNICIPAL AIRPORT, OK US","2001-10-31","0.00","73","57"
"USW00053913","GUTHRIE MUNICIPAL AIRPORT, OK US","2001-11-01","0.00","81","65"
"USW00053913","GUTHRIE MUNICIPAL AIRPORT, OK US","2001-11-02","0.15","75","56"
"USW00053913","GUTHRIE MUNICIPAL AIRPORT, OK US","2001-11-03","0.70","68","58"
"USW00053913","GUTHRIE MUNICIPAL AIRPORT, OK US","2001-11-04","0.01","71","54"
"USW00053913","GUTHRIE MUNICIPAL AIRPORT, OK US","2001-11-05","0.01","74","50"
"USW00053913","GUTHRIE MUNICIPAL AIRPORT, OK US","2001-11-06","0.00","76","55"
"USW00053913","GUTHRIE MUNICIPAL AIRPORT, OK US","2001-11-07","0.00","76","54"
"USW00053913","GUTHRIE MUNICIPAL AIRPORT, OK US","2001-11-08","0.00","63","46"
"USW00053913","GUTHRIE MUNICIPAL AIRPORT, OK US","2001-11-09","0.00","54","40"
"USW00053913","GUTHRIE MUNICIPAL AIRPORT, OK US","2001-11-10","0.00","73","39"
"USW00053913","GUTHRIE MUNICIPAL AIRPORT, OK US","2001-11-11","0.00","74","49"
"USW00053913","GUTHRIE MUNICIPAL AIRPORT, OK US","2001-11-12","0.00","69","57"
"USW00053913","GUTHRIE MUNICIPAL AIRPORT, OK US","2001-11-13","0.00","65","59"
"USW00053913","GUTHRIE MUNICIPAL AIRPORT, OK US","2001-11-14","0.00","73","58"
"USW00053913","GUTHRIE MUNICIPAL AIRPORT, OK US","2001-11-15","0.00","71","50"
"USW00053913","GUTHRIE MUNICIPAL AIRPORT, OK US","2001-11-16","0.02","67","55"
"USW00053913","GUTHRIE MUNICIPAL AIRPORT, OK US","2001-11-17","0.14","65","55"
"USW00053913","GUTHRIE MUNICIPAL AIRPORT, OK US","2001-11-18","0.00","71","55"
"USW00053913","GUTHRIE MUNICIPAL AIRPORT, OK US","2001-11-19","0.00",,
"USW00053913","GUTHRIE MUNICIPAL AIRPORT, OK US","2001-11-20","0.01","56","26"
"USW00053913","GUTHRIE MUNICIPAL AIRPORT, OK US","2001-11-21","0.00","61","40"
"USW00053913","GUTHRIE MUNICIPAL AIRPORT, OK US","2001-11-22","0.00","66","44"
"USW00053913","GUTHRIE MUNICIPAL AIRPORT, OK US","2001-11-23","0.11","72","49"
"USW00053913","GUTHRIE MUNICIPAL AIRPORT, OK US","2001-11-24","0.01","63","40"
"USW00053913","GUTHRIE MUNICIPAL AIRPORT, OK US","2001-11-25","0.00","70","36"
"USW00053913","GUTHRIE MUNICIPAL AIRPORT, OK US","2001-11-26","0.00","63","32"
"USW00053913","GUTHRIE MUNICIPAL AIRPORT, OK US","2001-11-27","0.00","33","25"
"USW00053913","GUTHRIE MUNICIPAL AIRPORT, OK US","2001-11-28","0.00","31","22"
"USW00053913","GUTHRIE MUNICIPAL AIRPORT, OK US","2001-11-29","0.01","40","21"
"USW00053913","GUTHRIE MUNICIPAL AIRPORT, OK US","2001-11-30","0.00","56","30"
"USW00053913","GUTHRIE MUNICIPAL AIRPORT, OK US","2001-12-01","0.00","61","34"
"USW00053913","GUTHRIE MUNICIPAL AIRPORT, OK US","2001-12-02","0.00","70","37"
"USW00053913","GUTHRIE MUNICIPAL AIRPORT, OK US","2001-12-03","0.00","65","56"
"USW00053913","GUTHRIE MUNICIPAL AIRPORT, OK US","2001-12-04","0.00","74","61"
"USW00053913","GUTHRIE MUNICIPAL AIRPORT, OK US","2001-12-05","0.00","75","44"
"USW00053913","GUTHRIE MUNICIPAL AIRPORT, OK US","2001-12-06","0.00","66","36"
"USW00053913","GUTHRIE MUNICIPAL AIRPORT, OK US","2001-12-07","0.00","58","38"
"USW00053913","GUTHRIE MUNICIPAL AIRPORT, OK US","2001-12-08","0.00","51","27"
"USW00053913","GUTHRIE MUNICIPAL AIRPORT, OK US","2001-12-09","0.00","53","22"
"USW00053913","GUTHRIE MUNICIPAL AIRPORT, OK US","2001-12-10","0.00","60","33"
"USW00053913","GUTHRIE MUNICIPAL AIRPORT, OK US","2001-12-11","0.07","50","36"
"USW00053913","GUTHRIE MUNICIPAL AIRPORT, OK US","2001-12-12","0.13","50","40"
"USW00053913","GUTHRIE MUNICIPAL AIRPORT, OK US","2001-12-13","0.15","44","37"
"USW00053913","GUTHRIE MUNICIPAL AIRPORT, OK US","2001-12-14","0.00","53","34"
"USW00053913","GUTHRIE MUNICIPAL AIRPORT, OK US","2001-12-15","0.00","50","44"
"USW00053913","GUTHRIE MUNICIPAL AIRPORT, OK US","2001-12-16","0.38","50","43"
"USW00053913","GUTHRIE MUNICIPAL AIRPORT, OK US","2001-12-17","0.00","58","31"
"USW00053913","GUTHRIE MUNICIPAL AIRPORT, OK US","2001-12-18","0.00","67","38"
"USW00053913","GUTHRIE MUNICIPAL AIRPORT, OK US","2001-12-19","0.00","49","30"
"USW00053913","GUTHRIE MUNICIPAL AIRPORT, OK US","2001-12-20","0.00","59","34"
"USW00053913","GUTHRIE MUNICIPAL AIRPORT, OK US","2001-12-21","0.00","63","40"
"USW00053913","GUTHRIE MUNICIPAL AIRPORT, OK US","2001-12-22","0.00","57","30"
"USW00053913","GUTHRIE MUNICIPAL AIRPORT, OK US","2001-12-23","0.00","43","22"
"USW00053913","GUTHRIE MUNICIPAL AIRPORT, OK US","2001-12-24","0.00","42","16"
"USW00053913","GUTHRIE MUNICIPAL AIRPORT, OK US","2001-12-25","0.00","45","15"
"USW00053913","GUTHRIE MUNICIPAL AIRPORT, OK US","2001-12-26","0.00","44","16"
"USW00053913","GUTHRIE MUNICIPAL AIRPORT, OK US","2001-12-27","0.00","50","26"
"USW00053913","GUTHRIE MUNICIPAL AIRPORT, OK US","2001-12-28","0.00","59","26"
"USW00053913","GUTHRIE MUNICIPAL AIRPORT, OK US","2001-12-29","0.00","41","19"
"USW00053913","GUTHRIE MUNICIPAL AIRPORT, OK US","2001-12-30","0.00","26","15"
"USW00053913","GUTHRIE MUNICIPAL AIRPORT, OK US","2001-12-31","0.08","35","9"
"USW00053913","GUTHRIE MUNICIPAL AIRPORT, OK US","2002-01-01","0.00","39","20"
"USW00053913","GUTHRIE MUNICIPAL AIRPORT, OK US","2002-01-02","0.00","26","12"
"USW00053913","GUTHRIE MUNICIPAL AIRPORT, OK US","2002-01-03","0.00","38","10"
"USW00053913","GUTHRIE MUNICIPAL AIRPORT, OK US","2002-01-04","0.00","44","28"
"USW00053913","GUTHRIE MUNICIPAL AIRPORT, OK US","2002-01-05","0.15","51","31"
"USW00053913","GUTHRIE MUNICIPAL AIRPORT, OK US","2002-01-06","0.01","50","27"
"USW00053913","GUTHRIE MUNICIPAL AIRPORT, OK US","2002-01-07","0.00","47","17"
"USW00053913","GUTHRIE MUNICIPAL AIRPORT, OK US","2002-01-08","0.00","69","34"
"USW00053913","GUTHRIE MUNICIPAL AIRPORT, OK US","2002-01-09","0.00","75","40"
"USW00053913","GUTHRIE MUNICIPAL AIRPORT, OK US","2002-01-10","0.00","54","37"
"USW00053913","GUTHRIE MUNICIPAL AIRPORT, OK US","2002-01-11","0.00","55","23"
"USW00053913","GUTHRIE MUNICIPAL AIRPORT, OK US","2002-01-12","0.00","53","32"
"USW00053913","GUTHRIE MUNICIPAL AIRPORT, OK US","2002-01-13","0.00","60","35"
"USW00053913","GUTHRIE MUNICIPAL AIRPORT, OK US","2002-01-14","0.00","52","26"
"USW00053913","GUTHRIE MUNICIPAL AIRPORT, OK US","2002-01-15","0.00","62","33"
"USW00053913","GUTHRIE MUNICIPAL AIRPORT, OK US","2002-01-16","0.00","54","36"
"USW00053913","GUTHRIE MUNICIPAL AIRPORT, OK US","2002-01-17","0.00","43","26"
"USW00053913","GUTHRIE MUNICIPAL AIRPORT, OK US","2002-01-18","0.00","33","20"
"USW00053913","GUTHRIE MUNICIPAL AIRPORT, OK US","2002-01-19","0.09","44","30"
"USW00053913","GUTHRIE MUNICIPAL AIRPORT, OK US","2002-01-20","0.00","55","31"
"USW00053913","GUTHRIE MUNICIPAL AIRPORT, OK US","2002-01-21","0.00","61","24"
"USW00053913","GUTHRIE MUNICIPAL AIRPORT, OK US","2002-01-22","0.00","71","47"
"USW00053913","GUTHRIE MUNICIPAL AIRPORT, OK US","2002-01-23","0.11","56","35"
"USW00053913","GUTHRIE MUNICIPAL AIRPORT, OK US","2002-01-24","0.00","51","28"
"USW00053913","GUTHRIE MUNICIPAL AIRPORT, OK US","2002-01-25","0.00","58","22"
"USW00053913","GUTHRIE MUNICIPAL AIRPORT, OK US","2002-01-26","0.00","66","36"
"USW00053913","GUTHRIE MUNICIPAL AIRPORT, OK US","2002-01-27","0.00","68","41"
"USW00053913","GUTHRIE MUNICIPAL AIRPORT, OK US","2002-01-28","0.00","56","40"
"USW00053913","GUTHRIE MUNICIPAL AIRPORT, OK US","2002-01-29","0.12","45","29"
"USW00053913","GUTHRIE MUNICIPAL AIRPORT, OK US","2002-01-30","2.25","33","29"
"USW00053913","GUTHRIE MUNICIPAL AIRPORT, OK US","2002-01-31","0.01","33","26"
"USW00053913","GUTHRIE MUNICIPAL AIRPORT, OK US","2002-02-01","0.17","41","20"
"USW00053913","GUTHRIE MUNICIPAL AIRPORT, OK US","2002-02-02","0.00","48","25"
"USW00053913","GUTHRIE MUNICIPAL AIRPORT, OK US","2002-02-03","0.00","53","30"
"USW00053913","GUTHRIE MUNICIPAL AIRPORT, OK US","2002-02-04","0.00","45","25"
"USW00053913","GUTHRIE MUNICIPAL AIRPORT, OK US","2002-02-05","0.27","38","32"
"USW00053913","GUTHRIE MUNICIPAL AIRPORT, OK US","2002-02-06","0.06","36","31"
"USW00053913","GUTHRIE MUNICIPAL AIRPORT, OK US","2002-02-07","0.00","52","33"
"USW00053913","GUTHRIE MUNICIPAL AIRPORT, OK US","2002-02-08","0.00","63","34"
"USW00053913","GUTHRIE MUNICIPAL AIRPORT, OK US","2002-02-09","0.00","54","36"
"USW00053913","GUTHRIE MUNICIPAL AIRPORT, OK US","2002-02-10","0.00","44","27"
"USW00053913","GUTHRIE MUNICIPAL AIRPORT, OK US","2002-02-11","0.00","54","19"
"USW00053913","GUTHRIE MUNICIPAL AIRPORT, OK US","2002-02-12","0.00","55","29"
"USW00053913","GUTHRIE MUNICIPAL AIRPORT, OK US","2002-02-13","0.00","53","29"
"USW00053913","GUTHRIE MUNICIPAL AIRPORT, OK US","2002-02-14","0.00","57","34"
"USW00053913","GUTHRIE MUNICIPAL AIRPORT, OK US","2002-02-15","0.03","54","32"
"USW00053913","GUTHRIE MUNICIPAL AIRPORT, OK US","2002-02-16","0.00","66","30"
"USW00053913","GUTHRIE MUNICIPAL AIRPORT, OK US","2002-02-17","0.00","67","34"
"USW00053913","GUTHRIE MUNICIPAL AIRPORT, OK US","2002-02-18","0.00","67","49"
"USW00053913","GUTHRIE MUNICIPAL AIRPORT, OK US","2002-02-19","0.18","66","44"
"USW00053913","GUTHRIE MUNICIPAL AIRPORT, OK US","2002-02-20","0.00","66","33"
"USW00053913","GUTHRIE MUNICIPAL AIRPORT, OK US","2002-02-21","0.00","59","35"
"USW00053913","GUTHRIE MUNICIPAL AIRPORT, OK US","2002-02-22","0.00","58","27"
"USW00053913","GUTHRIE MUNICIPAL AIRPORT, OK US","2002-02-23","0.00","71","43"
"USW00053913","GUTHRIE MUNICIPAL AIRPORT, OK US","2002-02-24","0.00","76","37"
"USW00053913","GUTHRIE MUNICIPAL AIRPORT, OK US","2002-02-25","0.00","38","20"
"USW00053913","GUTHRIE MUNICIPAL AIRPORT, OK US","2002-02-26","0.00","28","14"
"USW00053913","GUTHRIE MUNICIPAL AIRPORT, OK US","2002-02-27","0.00","43","9"
"USW00053913","GUTHRIE MUNICIPAL AIRPORT, OK US","2002-02-28","0.00","56","24"
"USW00053913","GUTHRIE MUNICIPAL AIRPORT, OK US","2002-03-01","0.05","47","19"
"USW00053913","GUTHRIE MUNICIPAL AIRPORT, OK US","2002-03-02","0.14","24","13"
"USW00053913","GUTHRIE MUNICIPAL AIRPORT, OK US","2002-03-03","0.00","30","5"
"USW00053913","GUTHRIE MUNICIPAL AIRPORT, OK US","2002-03-04","0.00","55","12"
"USW00053913","GUTHRIE MUNICIPAL AIRPORT, OK US","2002-03-05","0.00","64","36"
"USW00053913","GUTHRIE MUNICIPAL AIRPORT, OK US","2002-03-06","0.00","68","46"
"USW00053913","GUTHRIE MUNICIPAL AIRPORT, OK US","2002-03-07","0.00","76","38"
"USW00053913","GUTHRIE MUNICIPAL AIRPORT, OK US","2002-03-08","0.04","71","33"
"USW00053913","GUTHRIE MUNICIPAL AIRPORT, OK US","2002-03-09","0.00","46","22"
"USW00053913","GUTHRIE MUNICIPAL AIRPORT, OK US","2002-03-10","0.00","58","25"
"USW00053913","GUTHRIE MUNICIPAL AIRPORT, OK US","2002-03-11","0.00","64","38"
"USW00053913","GUTHRIE MUNICIPAL AIRPORT, OK US","2002-03-12","0.00","67","30"
"USW00053913","GUTHRIE MUNICIPAL AIRPORT, OK US","2002-03-13","0.00","82","48"
"USW00053913","GUTHRIE MUNICIPAL AIRPORT, OK US","2002-03-14","0.00","83","47"
"USW00053913","GUTHRIE MUNICIPAL AIRPORT, OK US","2002-03-15","0.00","50","33"
"USW00053913","GUTHRIE MUNICIPAL AIRPORT, OK US","2002-03-16","0.00","47","30"
"USW00053913","GUTHRIE MUNICIPAL AIRPORT, OK US","2002-03-17","0.00","63","40"
"USW00053913","GUTHRIE MUNICIPAL AIRPORT, OK US","2002-03-18","0.78","55","48"
"USW00053913","GUTHRIE MUNICIPAL AIRPORT, OK US","2002-03-19","0.48","54","45"
"USW00053913","GUTHRIE MUNICIPAL AIRPORT, OK US","2002-03-20","0.00","61","38"
"USW00053913","GUTHRIE MUNICIPAL AIRPORT, OK US","2002-03-21","0.00","43","26"
"USW00053913","GUTHRIE MUNICIPAL AIRPORT, OK US","2002-03-22","0.00","44","21"
"USW00053913","GUTHRIE MUNICIPAL AIRPORT, OK US","2002-03-23","0.00","66","31"
"USW00053913","GUTHRIE MUNICIPAL AIRPORT, OK US","2002-03-24","0.00","75","41"
"USW00053913","GUTHRIE MUNICIPAL AIRPORT, OK US","2002-03-25","0.00","41","32"
"USW00053913","GUTHRIE MUNICIPAL AIRPORT, OK US","2002-03-26","0.00","53","25"
"USW00053913","GUTHRIE MUNICIPAL AIRPORT, OK US","2002-03-27","0.00","69","36"
"USW00053913","GUTHRIE MUNICIPAL AIRPORT, OK US","2002-03-28","0.00","81","55"
"USW00053913","GUTHRIE MUNICIPAL AIRPORT, OK US","2002-03-29","0.00","71","53"
"USW00053913","GUTHRIE MUNICIPAL AIRPORT, OK US","2002-03-30","0.00","61","47"
"USW00053913","GUTHRIE MUNICIPAL AIRPORT, OK US","2002-03-31","0.00","70","37"
"USW00053913","GUTHRIE MUNICIPAL AIRPORT, OK US","2002-04-01","0.00","81","49"
"USW00053913","GUTHRIE MUNICIPAL AIRPORT, OK US","2002-04-02","0.00","67","43"
"USW00053913","GUTHRIE MUNICIPAL AIRPORT, OK US","2002-04-03","0.00","49","30"
"USW00053913","GUTHRIE MUNICIPAL AIRPORT, OK US","2002-04-04","0.00","60","32"
"USW00053913","GUTHRIE MUNICIPAL AIRPORT, OK US","2002-04-05","0.00","68","36"
"USW00053913","GUTHRIE MUNICIPAL AIRPORT, OK US","2002-04-06","0.35","57","48"
"USW00053913","GUTHRIE MUNICIPAL AIRPORT, OK US","2002-04-07","1.23","54","48"
"USW00053913","GUTHRIE MUNICIPAL AIRPORT, OK US","2002-04-08","0.10","60","49"
"USW00053913","GUTHRIE MUNICIPAL AIRPORT, OK US","2002-04-09","0.01","70","44"
"USW00053913","GUTHRIE MUNICIPAL AIRPORT, OK US","2002-04-10","0.00","75","49"
"USW00053913","GUTHRIE MUNICIPAL AIRPORT, OK US","2002-04-11","0.00","79","60"
"USW00053913","GUTHRIE MUNICIPAL AIRPORT, OK US","2002-04-12","0.04","76","57"
"USW00053913","GUTHRIE MUNICIPAL AIRPORT, OK US","2002-04-13","1.82","74","57"
"USW00053913","GUTHRIE MUNICIPAL AIRPORT, OK US","2002-04-14","0.01","82","58"
"USW00053913","GUTHRIE MUNICIPAL AIRPORT, OK US","2002-04-15","0.00","84","65"
"USW00053913","GUTHRIE MUNICIPAL AIRPORT, OK US","2002-04-16","0.00","81","69"
"USW00053913","GUTHRIE MUNICIPAL AIRPORT, OK US","2002-04-17","0.00","89","69"
"USW00053913","GUTHRIE MUNICIPAL AIRPORT, OK US","2002-04-18","0.00","80","71"
"USW00053913","GUTHRIE MUNICIPAL AIRPORT, OK US","2002-04-19","0.36","80","56"
"USW00053913","GUTHRIE MUNICIPAL AIRPORT, OK US","2002-04-20","0.04","62","53"
"USW00053913","GUTHRIE MUNICIPAL AIRPORT, OK US","2002-04-21","0.02","68","48"
"USW00053913","GUTHRIE MUNICIPAL AIRPORT, OK US","2002-04-22","0.00","80","43"
"USW00053913","GUTHRIE MUNICIPAL AIRPORT, OK US","2002-04-23","0.00","74","59"
"USW00053913","GUTHRIE MUNICIPAL AIRPORT, OK US","2002-04-24","0.00","79","48"
"USW00053913","GUTHRIE MUNICIPAL AIRPORT, OK US","2002-04-25","0.27","66","42"
"USW00053913","GUTHRIE MUNICIPAL AIRPORT, OK US","2002-04-26","0.08","50","48"
"USW00053913","GUTHRIE MUNICIPAL AIRPORT, OK US","2002-04-27","0.13","82","50"
"USW00053913","GUTHRIE MUNICIPAL AIRPORT, OK US","2002-04-28","0.00","71","51"
"USW00053913","GUTHRIE MUNICIPAL AIRPORT, OK US","2002-04-29","0.00","78","50"
"USW00053913","GUTHRIE MUNICIPAL AIRPORT, OK US","2002-04-30","0.00","84","60"
"USW00053913","GUTHRIE MUNICIPAL AIRPORT, OK US","2002-05-01","0.00","87","62"
"USW00053913","GUTHRIE MUNICIPAL AIRPORT, OK US","2002-05-02","0.00","62","45"
"USW00053913","GUTHRIE MUNICIPAL AIRPORT, OK US","2002-05-03","0.00","62","45"
"USW00053913","GUTHRIE MUNICIPAL AIRPORT, OK US","2002-05-04","0.01","79","52"
"USW00053913","GUTHRIE MUNICIPAL AIRPORT, OK US","2002-05-05","0.13","82","57"
"USW00053913","GUTHRIE MUNICIPAL AIRPORT, OK US","2002-05-06","0.00","85","72"
"USW00053913","GUTHRIE MUNICIPAL AIRPORT, OK US","2002-05-07","0.00","86","72"
"USW00053913","GUTHRIE MUNICIPAL AIRPORT, OK US","2002-05-08","0.14","84","59"
"USW00053913","GUTHRIE MUNICIPAL AIRPORT, OK US","2002-05-09","0.00","69","50"
"USW00053913","GUTHRIE MUNICIPAL AIRPORT, OK US","2002-05-10","0.02","65","51"
"USW00053913","GUTHRIE MUNICIPAL AIRPORT, OK US","2002-05-11","0.02","80","64"
"USW00053913","GUTHRIE MUNICIPAL AIRPORT, OK US","2002-05-12","0.04","78","52"
"USW00053913","GUTHRIE MUNICIPAL AIRPORT, OK US","2002-05-13","0.00","72","45"
"USW00053913","GUTHRIE MUNICIPAL AIRPORT, OK US","2002-05-14","0.00","76","45"
"USW00053913","GUTHRIE MUNICIPAL AIRPORT, OK US","2002-05-15","0.00","78","58"
"USW00053913","GUTHRIE MUNICIPAL AIRPORT, OK US","2002-05-16","0.01","82","64"
"USW00053913","GUTHRIE MUNICIPAL AIRPORT, OK US","2002-05-17","0.00","73","51"
"USW00053913","GUTHRIE MUNICIPAL AIRPORT, OK US","2002-05-18","0.00","69","45"
"USW00053913","GUTHRIE MUNICIPAL AIRPORT, OK US","2002-05-19","0.00","73","52"
"USW00053913","GUTHRIE MUNICIPAL AIRPORT, OK US","2002-05-20","0.00","74","56"
"USW00053913","GUTHRIE MUNICIPAL AIRPORT, OK US","2002-05-21","0.00","78","55"
"USW00053913","GUTHRIE MUNICIPAL AIRPORT, OK US","2002-05-22","0.00","75","63"
"USW00053913","GUTHRIE MUNICIPAL AIRPORT, OK US","2002-05-23","0.21","74","67"
"USW00053913","GUTHRIE MUNICIPAL AIRPORT, OK US","2002-05-24","0.66","78","52"
"USW00053913","GUTHRIE MUNICIPAL AIRPORT, OK US","2002-05-25","0.09","66","47"
"USW00053913","GUTHRIE MUNICIPAL AIRPORT, OK US","2002-05-26","0.00","83","55"
"USW00053913","GUTHRIE MUNICIPAL AIRPORT, OK US","2002-05-27","0.31","79","63"
"USW00053913","GUTHRIE MUNICIPAL AIRPORT, OK US","2002-05-28","0.27","69","60"
"USW00053913","GUTHRIE MUNICIPAL AIRPORT, OK US","2002-05-29","0.01","81","58"
"USW00053913","GUTHRIE MUNICIPAL AIRPORT, OK US","2002-05-30","0.00","87","60"
"USW00053913","GUTHRIE MUNICIPAL AIRPORT, OK US","2002-05-31","0.00","88","62"
"USW00053913","GUTHRIE MUNICIPAL AIRPORT, OK US","2002-06-01","0.00","88","67"
"USW00053913","GUTHRIE MUNICIPAL AIRPORT, OK US","2002-06-02","0.00","90","69"
"USW00053913","GUTHRIE MUNICIPAL AIRPORT, OK US","2002-06-03","0.00","90","72"
"USW00053913","GUTHRIE MUNICIPAL AIRPORT, OK US","2002-06-04","0.36","89","66"
"USW00053913","GUTHRIE MUNICIPAL AIRPORT, OK US","2002-06-05","0.24","73","60"
"USW00053913","GUTHRIE MUNICIPAL AIRPORT, OK US","2002-06-06","0.01","80","56"
"USW00053913","GUTHRIE MUNICIPAL AIRPORT, OK US","2002-06-07","0.00","86","63"
"USW00053913","GUTHRIE MUNICIPAL AIRPORT, OK US","2002-06-08","0.04","88","71"
"USW00053913","GUTHRIE MUNICIPAL AIRPORT, OK US","2002-06-09","0.04","89","72"
"USW00053913","GUTHRIE MUNICIPAL AIRPORT, OK US","2002-06-10","0.00","89","75"
"USW00053913","GUTHRIE MUNICIPAL AIRPORT, OK US","2002-06-11","0.00","91","76"
"USW00053913","GUTHRIE MUNICIPAL AIRPORT, OK US","2002-06-12","1.23","93","66"
"USW00053913","GUTHRIE MUNICIPAL AIRPORT, OK US","2002-06-13","0.56","79","66"
"USW00053913","GUTHRIE MUNICIPAL AIRPORT, OK US","2002-06-14","0.01","83","61"
"USW00053913","GUTHRIE MUNICIPAL AIRPORT, OK US","2002-06-15","1.22","84","61"
"USW00053913","GUTHRIE MUNICIPAL AIRPORT, OK US","2002-06-16","0.00","80","63"
"USW00053913","GUTHRIE MUNICIPAL AIRPORT, OK US","2002-06-17","0.00","85","62"
"USW00053913","GUTHRIE MUNICIPAL AIRPORT, OK US","2002-06-18","0.00","84","68"
"USW00053913","GUTHRIE MUNICIPAL AIRPORT, OK US","2002-06-19","0.00","89","70"
"USW00053913","GUTHRIE MUNICIPAL AIRPORT, OK US","2002-06-20","0.00","90","71"
"USW00053913","GUTHRIE MUNICIPAL AIRPORT, OK US","2002-06-21","0.00","90","72"
"USW00053913","GUTHRIE MUNICIPAL AIRPORT, OK US","2002-06-22","0.00","90","72"
"USW00053913","GUTHRIE MUNICIPAL AIRPORT, OK US","2002-06-23","0.00","91","67"
"USW00053913","GUTHRIE MUNICIPAL AIRPORT, OK US","2002-06-24","0.00","90","66"
"USW00053913","GUTHRIE MUNICIPAL AIRPORT, OK US","2002-06-25","0.00","89","69"
"USW00053913","GUTHRIE MUNICIPAL AIRPORT, OK US","2002-06-26","0.00","92","67"
"USW00053913","GUTHRIE MUNICIPAL AIRPORT, OK US","2002-06-27","0.00","92","70"
"USW00053913","GUTHRIE MUNICIPAL AIRPORT, OK US","2002-06-28","0.00","93","72"
"USW00053913","GUTHRIE MUNICIPAL AIRPORT, OK US","2002-06-29","0.00","93","72"
"USW00053913","GUTHRIE MUNICIPAL AIRPORT, OK US","2002-06-30","0.00","90","70"
"USW00053913","GUTHRIE MUNICIPAL AIRPORT, OK US","2002-07-01","0.00","76","69"
"USW00053913","GUTHRIE MUNICIPAL AIRPORT, OK US","2002-07-02","0.05","79","70"
"USW00053913","GUTHRIE MUNICIPAL AIRPORT, OK US","2002-07-03","0.01","83","69"
"USW00053913","GUTHRIE MUNICIPAL AIRPORT, OK US","2002-07-04","0.00","87","68"
"USW00053913","GUTHRIE MUNICIPAL AIRPORT, OK US","2002-07-05","0.00","89","71"
"USW00053913","GUTHRIE MUNICIPAL AIRPORT, OK US","2002-07-06","0.28","91","71"
"USW00053913","GUTHRIE MUNICIPAL AIRPORT, OK US","2002-07-07","0.00","91","71"
"USW00053913","GUTHRIE MUNICIPAL AIRPORT, OK US","2002-07-08","0.00","93","72"
"USW00053913","GUTHRIE MUNICIPAL AIRPORT, OK US","2002-07-09","0.00","95","74"
"USW00053913","GUTHRIE MUNICIPAL AIRPORT, OK US","2002-07-10","0.00","96","75"
"USW00053913","GUTHRIE MUNICIPAL AIRPORT, OK US","2002-07-11","0.00","89","73"
"USW00053913","GUTHRIE MUNICIPAL AIRPORT, OK US","2002-07-12","0.00","84","68"
"USW00053913","GUTHRIE MUNICIPAL AIRPORT, OK US","2002-07-13",,"86","63"
"USW00053913","GUTHRIE MUNICIPAL AIRPORT, OK US","2002-07-14",,"90","67"
"USW00053913","GUTHRIE MUNICIPAL AIRPORT, OK US","2002-07-15","0.06","90","67"
"USW00053913","GUTHRIE MUNICIPAL AIRPORT, OK US","2002-07-16","0.00","90","70"
"USW00053913","GUTHRIE MUNICIPAL AIRPORT, OK US","2002-07-17","0.00","91","71"
"USW00053913","GUTHRIE MUNICIPAL AIRPORT, OK US","2002-07-18","0.00","96","73"
"USW00053913","GUTHRIE MUNICIPAL AIRPORT, OK US","2002-07-19","0.00","97","74"
"USW00053913","GUTHRIE MUNICIPAL AIRPORT, OK US","2002-07-20","0.00","97","76"
"USW00053913","GUTHRIE MUNICIPAL AIRPORT, OK US","2002-07-21","0.00","98","75"
"USW00053913","GUTHRIE MUNICIPAL AIRPORT, OK US","2002-07-22","0.00","101","73"
"USW00053913","GUTHRIE MUNICIPAL AIRPORT, OK US","2002-07-23","0.00","95","69"
"USW00053913","GUTHRIE MUNICIPAL AIRPORT, OK US","2002-07-24","0.00","99","72"
"USW00053913","GUTHRIE MUNICIPAL AIRPORT, OK US","2002-07-25","0.00","99","69"
"USW00053913","GUTHRIE MUNICIPAL AIRPORT, OK US","2002-07-26","0.00","102","75"
"USW00053913","GUTHRIE MUNICIPAL AIRPORT, OK US","2002-07-27","0.00","99","77"
"USW00053913","GUTHRIE MUNICIPAL AIRPORT, OK US","2002-07-28","0.00","95","72"
"USW00053913","GUTHRIE MUNICIPAL AIRPORT, OK US","2002-07-29","0.31","85","68"
"USW00053913","GUTHRIE MUNICIPAL AIRPORT, OK US","2002-07-30","0.01","92","69"
"USW00053913","GUTHRIE MUNICIPAL AIRPORT, OK US","2002-07-31","0.00","95","82"
"USW00053913","GUTHRIE MUNICIPAL AIRPORT, OK US","2002-08-01","0.00","98","77"
"USW00053913","GUTHRIE MUNICIPAL AIRPORT, OK US","2002-08-02","0.00","99","74"
"USW00053913","GUTHRIE MUNICIPAL AIRPORT, OK US","2002-08-03","0.00","99","75"
"USW00053913","GUTHRIE MUNICIPAL AIRPORT, OK US","2002-08-04","0.00",,
"USW00053913","GUTHRIE MUNICIPAL AIRPORT, OK US","2002-08-05","0.00",,
"USW00053913","GUTHRIE MUNICIPAL AIRPORT, OK US","2002-08-06","0.00","98","72"
"USW00053913","GUTHRIE MUNICIPAL AIRPORT, OK US","2002-08-07","0.00","98","71"
"USW00053913","GUTHRIE MUNICIPAL AIRPORT, OK US","2002-08-08","0.00","95","75"
"USW00053913","GUTHRIE MUNICIPAL AIRPORT, OK US","2002-08-09","0.00","96","71"
"USW00053913","GUTHRIE MUNICIPAL AIRPORT, OK US","2002-08-10","0.00","96","73"
"USW00053913","GUTHRIE MUNICIPAL AIRPORT, OK US","2002-08-11","0.00","96","72"
"USW00053913","GUTHRIE MUNICIPAL AIRPORT, OK US","2002-08-12","2.24","92","67"
"USW00053913","GUTHRIE MUNICIPAL AIRPORT, OK US","2002-08-13","1.84","80","64"
"USW00053913","GUTHRIE MUNICIPAL AIRPORT, OK US","2002-08-14","0.01","83","61"
"USW00053913","GUTHRIE MUNICIPAL AIRPORT, OK US","2002-08-15","0.00","91","69"
"USW00053913","GUTHRIE MUNICIPAL AIRPORT, OK US","2002-08-16","0.00","92","71"
"USW00053913","GUTHRIE MUNICIPAL AIRPORT, OK US","2002-08-17","0.00","94","78"
"USW00053913","GUTHRIE MUNICIPAL AIRPORT, OK US","2002-08-18","0.00","97","75"
"USW00053913","GUTHRIE MUNICIPAL AIRPORT, OK US","2002-08-19","0.00","96","75"
"USW00053913","GUTHRIE MUNICIPAL AIRPORT, OK US","2002-08-20","0.00","94","76"
"USW00053913","GUTHRIE MUNICIPAL AIRPORT, OK US","2002-08-21","0.00","95","80"
"USW00053913","GUTHRIE MUNICIPAL AIRPORT, OK US","2002-08-22","0.00","97","79"
"USW00053913","GUTHRIE MUNICIPAL AIRPORT, OK US","2002-08-23","0.02","99","71"
"USW00053913","GUTHRIE MUNICIPAL AIRPORT, OK US","2002-08-24","0.00","93","71"
"USW00053913","GUTHRIE MUNICIPAL AIRPORT, OK US","2002-08-25","0.06","87","68"
"USW00053913","GUTHRIE MUNICIPAL AIRPORT, OK US","2002-08-26","0.01","92","65"
"USW00053913","GUTHRIE MUNICIPAL AIRPORT, OK US","2002-08-27","0.35","87","67"
"USW00053913","GUTHRIE MUNICIPAL AIRPORT, OK US","2002-08-28","0.00","89","66"
"USW00053913","GUTHRIE MUNICIPAL AIRPORT, OK US","2002-08-29","0.00","90","68"
"USW00053913","GUTHRIE MUNICIPAL AIRPORT, OK US","2002-08-30","0.00","89","68"
"USW00053913","GUTHRIE MUNICIPAL AIRPORT, OK US","2002-08-31","0.00","91","65"
"USW00053913","GUTHRIE MUNICIPAL AIRPORT, OK US","2002-09-01","0.00","94","70"
"USW00053913","GUTHRIE MUNICIPAL AIRPORT, OK US","2002-09-02","0.00","98","72"
"USW00053913","GUTHRIE MUNICIPAL AIRPORT, OK US","2002-09-03","0.00","98","71"
"USW00053913","GUTHRIE MUNICIPAL AIRPORT, OK US","2002-09-04","0.00","95","69"
"USW00053913","GUTHRIE MUNICIPAL AIRPORT, OK US","2002-09-05","0.00","96","70"
"USW00053913","GUTHRIE MUNICIPAL AIRPORT, OK US","2002-09-06","0.00","96","69"
"USW00053913","GUTHRIE MUNICIPAL AIRPORT, OK US","2002-09-07","0.00","96","73"
"USW00053913","GUTHRIE MUNICIPAL AIRPORT, OK US","2002-09-08","0.00","84","66"
"USW00053913","GUTHRIE MUNICIPAL AIRPORT, OK US","2002-09-09","0.79","85","68"
"USW00053913","GUTHRIE MUNICIPAL AIRPORT, OK US","2002-09-10","0.01","91","67"
"USW00053913","GUTHRIE MUNICIPAL AIRPORT, OK US","2002-09-11","0.00","88","64"
"USW00053913","GUTHRIE MUNICIPAL AIRPORT, OK US","2002-09-12","0.00","88","66"
"USW00053913","GUTHRIE MUNICIPAL AIRPORT, OK US","2002-09-13","0.03","90","66"
"USW00053913","GUTHRIE MUNICIPAL AIRPORT, OK US","2002-09-14","3.85","84","64"
"USW00053913","GUTHRIE MUNICIPAL AIRPORT, OK US","2002-09-15","0.00","79","59"
"USW00053913","GUTHRIE MUNICIPAL AIRPORT, OK US","2002-09-16","0.00","80","55"
"USW00053913","GUTHRIE MUNICIPAL AIRPORT, OK US","2002-09-17","0.01","88","64"
"USW00053913","GUTHRIE MUNICIPAL AIRPORT, OK US","2002-09-18","1.24","93","67"
"USW00053913","GUTHRIE MUNICIPAL AIRPORT, OK US","2002-09-19","0.35","69","57"
"USW00053913","GUTHRIE MUNICIPAL AIRPORT, OK US","2002-09-20","0.01","81","53"
"USW00053913","GUTHRIE MUNICIPAL AIRPORT, OK US","2002-09-21","0.00","87","59"
"USW00053913","GUTHRIE MUNICIPAL AIRPORT, OK US","2002-09-22","0.00","75","54"
"USW00053913","GUTHRIE MUNICIPAL AIRPORT, OK US","2002-09-23","0.00","77","49"
"USW00053913","GUTHRIE MUNICIPAL AIRPORT, OK US","2002-09-24","0.00","80","53"
"USW00053913","GUTHRIE MUNICIPAL AIRPORT, OK US","2002-09-25","0.00","82","53"
"USW00053913","GUTHRIE MUNICIPAL AIRPORT, OK US","2002-09-26","0.00","84","57"
"USW00053913","GUTHRIE MUNICIPAL AIRPORT, OK US","2002-09-27","0.00","79","54"
"USW00053913","GUTHRIE MUNICIPAL AIRPORT, OK US","2002-09-28","0.00","91","63"
"USW00053913","GUTHRIE MUNICIPAL AIRPORT, OK US","2002-09-29","0.00","89","67"
"USW00053913","GUTHRIE MUNICIPAL AIRPORT, OK US","2002-09-30","0.00","88","69"
"USW00053913","GUTHRIE MUNICIPAL AIRPORT, OK US","2002-10-01","0.00","88","71"
"USW00053913","GUTHRIE MUNICIPAL AIRPORT, OK US","2002-10-02","0.00","89","67"
"USW00053913","GUTHRIE MUNICIPAL AIRPORT, OK US","2002-10-03","0.06","88","63"
"USW00053913","GUTHRIE MUNICIPAL AIRPORT, OK US","2002-10-04","0.00","73","50"
"USW00053913","GUTHRIE MUNICIPAL AIRPORT, OK US","2002-10-05","0.01","78","46"
"USW00053913","GUTHRIE MUNICIPAL AIRPORT, OK US","2002-10-06","0.00","80","55"
"USW00053913","GUTHRIE MUNICIPAL AIRPORT, OK US","2002-10-07","0.00","69","46"
"USW00053913","GUTHRIE MUNICIPAL AIRPORT, OK US","2002-10-08","0.42","59","54"
"USW00053913","GUTHRIE MUNICIPAL AIRPORT, OK US","2002-10-09","0.25","61","52"
"USW00053913","GUTHRIE MUNICIPAL AIRPORT, OK US","2002-10-10","0.02","62","56"
"USW00053913","GUTHRIE MUNICIPAL AIRPORT, OK US","2002-10-11","0.00","73","54"
"USW00053913","GUTHRIE MUNICIPAL AIRPORT, OK US","2002-10-12","0.01","69","47"
"USW00053913","GUTHRIE MUNICIPAL AIRPORT, OK US","2002-10-13","0.00","61","39"
"USW00053913","GUTHRIE MUNICIPAL AIRPORT, OK US","2002-10-14","0.00","65","36"
"USW00053913","GUTHRIE MUNICIPAL AIRPORT, OK US","2002-10-15","0.00","67","38"
"USW00053913","GUTHRIE MUNICIPAL AIRPORT, OK US","2002-10-16","0.00","58","39"
"USW00053913","GUTHRIE MUNICIPAL AIRPORT, OK US","2002-10-17","0.00","69","33"
"USW00053913","GUTHRIE MUNICIPAL AIRPORT, OK US","2002-10-18","0.06","72","58"
"USW00053913","GUTHRIE MUNICIPAL AIRPORT, OK US","2002-10-19","0.21","64","47"
"USW00053913","GUTHRIE MUNICIPAL AIRPORT, OK US","2002-10-20","0.00","65","42"
"USW00053913","GUTHRIE MUNICIPAL AIRPORT, OK US","2002-10-21","0.01","65","47"
"USW00053913","GUTHRIE MUNICIPAL AIRPORT, OK US","2002-10-22","0.00","60","53"
"USW00053913","GUTHRIE MUNICIPAL AIRPORT, OK US","2002-10-23","0.62","58","44"
"USW00053913","GUTHRIE MUNICIPAL AIRPORT, OK US","2002-10-24","1.02","44","40"
"USW00053913","GUTHRIE MUNICIPAL AIRPORT, OK US","2002-10-25","0.00","50","39"
"USW00053913","GUTHRIE MUNICIPAL AIRPORT, OK US","2002-10-26","0.00","51","41"
"USW00053913","GUTHRIE MUNICIPAL AIRPORT, OK US","2002-10-27","0.57","49","44"
"USW00053913","GUTHRIE MUNICIPAL AIRPORT, OK US","2002-10-28","0.42","54","48"
"USW00053913","GUTHRIE MUNICIPAL AIRPORT, OK US","2002-10-29","0.03","52","46"
"USW00053913","GUTHRIE MUNICIPAL AIRPORT, OK US","2002-10-30","0.02","50","41"
"USW00053913","GUTHRIE MUNICIPAL AIRPORT, OK US","2002-10-31","0.00","45","39"
"USW00053913","GUTHRIE MUNICIPAL AIRPORT, OK US","2002-11-01","0.00","42","38"
"USW00053913","GUTHRIE MUNICIPAL AIRPORT, OK US","2002-11-02","0.48","45","37"
"USW00053913","GUTHRIE MUNICIPAL AIRPORT, OK US","2002-11-03","0.03","52","36"
"USW00053913","GUTHRIE MUNICIPAL AIRPORT, OK US","2002-11-04","0.00","52","30"
"USW00053913","GUTHRIE MUNICIPAL AIRPORT, OK US","2002-11-05","0.00","55","37"
"USW00053913","GUTHRIE MUNICIPAL AIRPORT, OK US","2002-11-06","0.00","64","29"
"USW00053913","GUTHRIE MUNICIPAL AIRPORT, OK US","2002-11-07","0.00","74","43"
"USW00053913","GUTHRIE MUNICIPAL AIRPORT, OK US","2002-11-08","0.00","74","53"
"USW00053913","GUTHRIE MUNICIPAL AIRPORT, OK US","2002-11-09","0.00","82","60"
"USW00053913","GUTHRIE MUNICIPAL AIRPORT, OK US","2002-11-10","0.00","65","41"
"USW00053913","GUTHRIE MUNICIPAL AIRPORT, OK US","2002-11-11","0.00","61","39"
"USW00053913","GUTHRIE MUNICIPAL AIRPORT, OK US","2002-11-12","0.03","60","41"
"USW00053913","GUTHRIE MUNICIPAL AIRPORT, OK US","2002-11-13","0.00","67","39"
"USW00053913","GUTHRIE MUNICIPAL AIRPORT, OK US","2002-11-14","0.00","57","40"
"USW00053913","GUTHRIE MUNICIPAL AIRPORT, OK US","2002-11-15","0.00","54","33"
"USW00053913","GUTHRIE MUNICIPAL AIRPORT, OK US","2002-11-16","0.00","59","30"
"USW00053913","GUTHRIE MUNICIPAL AIRPORT, OK US","2002-11-17","0.00","69","37"
"USW00053913","GUTHRIE MUNICIPAL AIRPORT, OK US","2002-11-18","0.00","67","37"
"USW00053913","GUTHRIE MUNICIPAL AIRPORT, OK US","2002-11-19","0.00","67","31"
"USW00053913","GUTHRIE MUNICIPAL AIRPORT, OK US","2002-11-20","0.00","68","34"
"USW00053913","GUTHRIE MUNICIPAL AIRPORT, OK US","2002-11-21","0.00","70","36"
"USW00053913","GUTHRIE MUNICIPAL AIRPORT, OK US","2002-11-22","0.00","60","29"
"USW00053913","GUTHRIE MUNICIPAL AIRPORT, OK US","2002-11-23","0.00","73","48"
"USW00053913","GUTHRIE MUNICIPAL AIRPORT, OK US","2002-11-25","0.00","40","27"
"USW00053913","GUTHRIE MUNICIPAL AIRPORT, OK US","2002-11-26","0.00","42","28"
"USW00053913","GUTHRIE MUNICIPAL AIRPORT, OK US","2002-11-27","0.00","43","20"
"USW00053913","GUTHRIE MUNICIPAL AIRPORT, OK US","2002-11-28","0.00","56","27"
"USW00053913","GUTHRIE MUNICIPAL AIRPORT, OK US","2002-11-29","0.00","62","39"
"USW00053913","GUTHRIE MUNICIPAL AIRPORT, OK US","2002-11-30","0.00","50","28"
"USW00053913","GUTHRIE MUNICIPAL AIRPORT, OK US","2002-12-01","0.00","58","25"
"USW00053913","GUTHRIE MUNICIPAL AIRPORT, OK US","2002-12-02","0.00","65","42"
"USW00053913","GUTHRIE MUNICIPAL AIRPORT, OK US","2002-12-03","0.98","42","31"
"USW00053913","GUTHRIE MUNICIPAL AIRPORT, OK US","2002-12-04","0.19","32","28"
"USW00053913","GUTHRIE MUNICIPAL AIRPORT, OK US","2002-12-05","0.00","31","20"
"USW00053913","GUTHRIE MUNICIPAL AIRPORT, OK US","2002-12-06","0.00","51","23"
"USW00053913","GUTHRIE MUNICIPAL AIRPORT, OK US","2002-12-07","0.00","55","35"
"USW00053913","GUTHRIE MUNICIPAL AIRPORT, OK US","2002-12-08","0.00","48","35"
"USW00053913","GUTHRIE MUNICIPAL AIRPORT, OK US","2002-12-09","0.00","42","37"
"USW00053913","GUTHRIE MUNICIPAL AIRPORT, OK US","2002-12-10","0.00","45","40"
"USW00053913","GUTHRIE MUNICIPAL AIRPORT, OK US","2002-12-11","0.00","45","42"
"USW00053913","GUTHRIE MUNICIPAL AIRPORT, OK US","2002-12-12","0.20","47","43"
"USW00053913","GUTHRIE MUNICIPAL AIRPORT, OK US","2002-12-13","0.09","53","34"
"USW00053913","GUTHRIE MUNICIPAL AIRPORT, OK US","2002-12-14","0.00","62","34"
"USW00053913","GUTHRIE MUNICIPAL AIRPORT, OK US","2002-12-15","0.00","65","39"
"USW00053913","GUTHRIE MUNICIPAL AIRPORT, OK US","2002-12-16","0.00","60","39"
"USW00053913","GUTHRIE MUNICIPAL AIRPORT, OK US","2002-12-17","0.00","68","39"
"USW00053913","GUTHRIE MUNICIPAL AIRPORT, OK US","2002-12-18","0.00","64","39"
"USW00053913","GUTHRIE MUNICIPAL AIRPORT, OK US","2002-12-19","0.00","51","32"
"USW00053913","GUTHRIE MUNICIPAL AIRPORT, OK US","2002-12-20","0.00","53","28"
"USW00053913","GUTHRIE MUNICIPAL AIRPORT, OK US","2002-12-21","0.00","58","27"
"USW00053913","GUTHRIE MUNICIPAL AIRPORT, OK US","2002-12-22","0.00","47","22"
"USW00053913","GUTHRIE MUNICIPAL AIRPORT, OK US","2002-12-23","0.76","39","27"
"USW00053913","GUTHRIE MUNICIPAL AIRPORT, OK US","2002-12-24","0.04","29","15"
"USW00053913","GUTHRIE MUNICIPAL AIRPORT, OK US","2002-12-25","0.00","34","14"
"USW00053913","GUTHRIE MUNICIPAL AIRPORT, OK US","2002-12-26","0.00","43","20"
"USW00053913","GUTHRIE MUNICIPAL AIRPORT, OK US","2002-12-27","0.00","43","26"
"USW00053913","GUTHRIE MUNICIPAL AIRPORT, OK US","2002-12-28","0.00","62","32"
"USW00053913","GUTHRIE MUNICIPAL AIRPORT, OK US","2002-12-29","0.00","62","47"
"USW00053913","GUTHRIE MUNICIPAL AIRPORT, OK US","2002-12-30","0.00","60","41"
"USW00053913","GUTHRIE MUNICIPAL AIRPORT, OK US","2002-12-31","0.00","52","30"
"USW00053913","GUTHRIE MUNICIPAL AIRPORT, OK US","2003-01-01","0.00","50","29"
"USW00053913","GUTHRIE MUNICIPAL AIRPORT, OK US","2003-01-02","0.00","43","27"
"USW00053913","GUTHRIE MUNICIPAL AIRPORT, OK US","2003-01-03","0.00","60","23"
"USW00053913","GUTHRIE MUNICIPAL AIRPORT, OK US","2003-01-04","0.00","61","37"
"USW00053913","GUTHRIE MUNICIPAL AIRPORT, OK US","2003-01-05","0.00","57","27"
"USW00053913","GUTHRIE MUNICIPAL AIRPORT, OK US","2003-01-06","0.00","43","30"
"USW00053913","GUTHRIE MUNICIPAL AIRPORT, OK US","2003-01-07","0.00","60","26"
"USW00053913","GUTHRIE MUNICIPAL AIRPORT, OK US","2003-01-08","0.00","69","38"
"USW00053913","GUTHRIE MUNICIPAL AIRPORT, OK US","2003-01-09","0.00","59","32"
"USW00053913","GUTHRIE MUNICIPAL AIRPORT, OK US","2003-01-10","0.00","41","24"
"USW00053913","GUTHRIE MUNICIPAL AIRPORT, OK US","2003-01-11","0.00","43","22"
"USW00053913","GUTHRIE MUNICIPAL AIRPORT, OK US","2003-01-12","0.00","42","34"
"USW00053913","GUTHRIE MUNICIPAL AIRPORT, OK US","2003-01-13","0.00","51","37"
"USW00053913","GUTHRIE MUNICIPAL AIRPORT, OK US","2003-01-14","0.00","44","26"
"USW00053913","GUTHRIE MUNICIPAL AIRPORT, OK US","2003-01-15","0.10","44","24"
"USW00053913","GUTHRIE MUNICIPAL AIRPORT, OK US","2003-01-16","0.00","35","21"
"USW00053913","GUTHRIE MUNICIPAL AIRPORT, OK US","2003-01-17","0.00","35","16"
"USW00053913","GUTHRIE MUNICIPAL AIRPORT, OK US","2003-01-18","0.00","45","27"
"USW00053913","GUTHRIE MUNICIPAL AIRPORT, OK US","2003-01-19","0.00","65","28"
"USW00053913","GUTHRIE MUNICIPAL AIRPORT, OK US","2003-01-20","0.00","68","36"
"USW00053913","GUTHRIE MUNICIPAL AIRPORT, OK US","2003-01-21","0.00","42","27"
"USW00053913","GUTHRIE MUNICIPAL AIRPORT, OK US","2003-01-22","0.00","32","16"
"USW00053913","GUTHRIE MUNICIPAL AIRPORT, OK US","2003-01-23","0.00","19","10"
"USW00053913","GUTHRIE MUNICIPAL AIRPORT, OK US","2003-01-24","0.00","32","12"
"USW00053913","GUTHRIE MUNICIPAL AIRPORT, OK US","2003-01-25","0.00","49","26"
"USW00053913","GUTHRIE MUNICIPAL AIRPORT, OK US","2003-01-26","0.00","34","22"
"USW00053913","GUTHRIE MUNICIPAL AIRPORT, OK US","2003-01-27","0.00","50","20"
"USW00053913","GUTHRIE MUNICIPAL AIRPORT, OK US","2003-01-28","0.00","70","40"
"USW00053913","GUTHRIE MUNICIPAL AIRPORT, OK US","2003-01-29","0.00","47","27"
"USW00053913","GUTHRIE MUNICIPAL AIRPORT, OK US","2003-01-30","0.00","52","22"
"USW00053913","GUTHRIE MUNICIPAL AIRPORT, OK US","2003-01-31","0.00","60","34"
"USW00053913","GUTHRIE MUNICIPAL AIRPORT, OK US","2003-02-01","0.00","74","36"
"USW00053913","GUTHRIE MUNICIPAL AIRPORT, OK US","2003-02-02","0.00","75","51"
"USW00053913","GUTHRIE MUNICIPAL AIRPORT, OK US","2003-02-03","0.00","66","29"
"USW00053913","GUTHRIE MUNICIPAL AIRPORT, OK US","2003-02-04","0.00","47","18"
"USW00053913","GUTHRIE MUNICIPAL AIRPORT, OK US","2003-02-05","0.00","46","31"
"USW00053913","GUTHRIE MUNICIPAL AIRPORT, OK US","2003-02-06","0.23","38","21"
"USW00053913","GUTHRIE MUNICIPAL AIRPORT, OK US","2003-02-07","0.00","29","12"
"USW00053913","GUTHRIE MUNICIPAL AIRPORT, OK US","2003-02-08","0.00","46","20"
"USW00053913","GUTHRIE MUNICIPAL AIRPORT, OK US","2003-02-09","0.15","37","32"
"USW00053913","GUTHRIE MUNICIPAL AIRPORT, OK US","2003-02-10","0.00","54","30"
"USW00053913","GUTHRIE MUNICIPAL AIRPORT, OK US","2003-02-11","0.00","60","26"
"USW00053913","GUTHRIE MUNICIPAL AIRPORT, OK US","2003-02-12","0.00","62","30"
"USW00053913","GUTHRIE MUNICIPAL AIRPORT, OK US","2003-02-13","0.15","57","45"
"USW00053913","GUTHRIE MUNICIPAL AIRPORT, OK US","2003-02-14","0.00","77","50"
"USW00053913","GUTHRIE MUNICIPAL AIRPORT, OK US","2003-02-15","0.00","50","28"
"USW00053913","GUTHRIE MUNICIPAL AIRPORT, OK US","2003-02-16","0.00","42","25"
"USW00053913","GUTHRIE MUNICIPAL AIRPORT, OK US","2003-02-17","0.00","57","21"
"USW00053913","GUTHRIE MUNICIPAL AIRPORT, OK US","2003-02-18","0.03","51","41"
"USW00053913","GUTHRIE MUNICIPAL AIRPORT, OK US","2003-02-19","0.03","57","36"
"USW00053913","GUTHRIE MUNICIPAL AIRPORT, OK US","2003-02-20","0.00","57","27"
"USW00053913","GUTHRIE MUNICIPAL AIRPORT, OK US","2003-02-21","0.14","47","42"
"USW00053913","GUTHRIE MUNICIPAL AIRPORT, OK US","2003-02-22","0.00","46","34"
"USW00053913","GUTHRIE MUNICIPAL AIRPORT, OK US","2003-02-23","0.47","37","13"
"USW00053913","GUTHRIE MUNICIPAL AIRPORT, OK US","2003-02-24","0.00","14","8"
"USW00053913","GUTHRIE MUNICIPAL AIRPORT, OK US","2003-02-25","0.00","22","12"
"USW00053913","GUTHRIE MUNICIPAL AIRPORT, OK US","2003-02-26","0.00","27","19"
"USW00053913","GUTHRIE MUNICIPAL AIRPORT, OK US","2003-02-27","0.00","33","25"
"USW00053913","GUTHRIE MUNICIPAL AIRPORT, OK US","2003-02-28","0.00","34","24"
"USW00053913","GUTHRIE MUNICIPAL AIRPORT, OK US","2003-03-01","0.00","40","32"
"USW00053913","GUTHRIE MUNICIPAL AIRPORT, OK US","2003-03-02","0.00","42","26"
"USW00053913","GUTHRIE MUNICIPAL AIRPORT, OK US","2003-03-03","0.00","57","23"
"USW00053913","GUTHRIE MUNICIPAL AIRPORT, OK US","2003-03-04","0.00","69","24"
"USW00053913","GUTHRIE MUNICIPAL AIRPORT, OK US","2003-03-05","0.00","29","20"
"USW00053913","GUTHRIE MUNICIPAL AIRPORT, OK US","2003-03-06","0.00","55","15"
"USW00053913","GUTHRIE MUNICIPAL AIRPORT, OK US","2003-03-07","0.00","68","38"
"USW00053913","GUTHRIE MUNICIPAL AIRPORT, OK US","2003-03-08","0.00","73","31"
"USW00053913","GUTHRIE MUNICIPAL AIRPORT, OK US","2003-03-09","0.00","45","23"
"USW00053913","GUTHRIE MUNICIPAL AIRPORT, OK US","2003-03-10","0.00","48","25"
"USW00053913","GUTHRIE MUNICIPAL AIRPORT, OK US","2003-03-11","0.00","69","30"
"USW00053913","GUTHRIE MUNICIPAL AIRPORT, OK US","2003-03-12","0.00","81","52"
"USW00053913","GUTHRIE MUNICIPAL AIRPORT, OK US","2003-03-13","0.00","67","44"
"USW00053913","GUTHRIE MUNICIPAL AIRPORT, OK US","2003-03-14","0.00","75","33"
"USW00053913","GUTHRIE MUNICIPAL AIRPORT, OK US","2003-03-15","0.00","79","50"
"USW00053913","GUTHRIE MUNICIPAL AIRPORT, OK US","2003-03-16","0.00","80","59"
"USW00053913","GUTHRIE MUNICIPAL AIRPORT, OK US","2003-03-17","0.02","77","57"
"USW00053913","GUTHRIE MUNICIPAL AIRPORT, OK US","2003-03-18","0.57","62","51"
"USW00053913","GUTHRIE MUNICIPAL AIRPORT, OK US","2003-03-19","0.28","58","45"
"USW00053913","GUTHRIE MUNICIPAL AIRPORT, OK US","2003-03-20","0.02","48","44"
"USW00053913","GUTHRIE MUNICIPAL AIRPORT, OK US","2003-03-21","0.00","60","38"
"USW00053913","GUTHRIE MUNICIPAL AIRPORT, OK US","2003-03-22","0.00","66","39"
"USW00053913","GUTHRIE MUNICIPAL AIRPORT, OK US","2003-03-23","0.00","76","45"
"USW00053913","GUTHRIE MUNICIPAL AIRPORT, OK US","2003-03-24","0.00","81","57"
"USW00053913","GUTHRIE MUNICIPAL AIRPORT, OK US","2003-03-25","0.00","65","42"
"USW00053913","GUTHRIE MUNICIPAL AIRPORT, OK US","2003-03-26","0.01","70","36"
"USW00053913","GUTHRIE MUNICIPAL AIRPORT, OK US","2003-03-27","0.26","72","40"
"USW00053913","GUTHRIE MUNICIPAL AIRPORT, OK US","2003-03-28","0.06","50","36"
"USW00053913","GUTHRIE MUNICIPAL AIRPORT, OK US","2003-03-29","0.00","51","31"
"USW00053913","GUTHRIE MUNICIPAL AIRPORT, OK US","2003-03-30","0.00","58","26"
"USW00053913","GUTHRIE MUNICIPAL AIRPORT, OK US","2003-03-31","0.00","79","42"
"USW00053913","GUTHRIE MUNICIPAL AIRPORT, OK US","2003-04-01","0.00","82","58"
"USW00053913","GUTHRIE MUNICIPAL AIRPORT, OK US","2003-04-02","0.00","82","59"
"USW00053913","GUTHRIE MUNICIPAL AIRPORT, OK US","2003-04-03","0.00","76","63"
"USW00053913","GUTHRIE MUNICIPAL AIRPORT, OK US","2003-04-04","0.00","67","45"
"USW00053913","GUTHRIE MUNICIPAL AIRPORT, OK US","2003-04-05",,,
"USW00053913","GUTHRIE MUNICIPAL AIRPORT, OK US","2003-04-06","0.00","71","37"
"USW00053913","GUTHRIE MUNICIPAL AIRPORT, OK US","2003-04-07","0.00","56","34"
"USW00053913","GUTHRIE MUNICIPAL AIRPORT, OK US","2003-04-08","0.00","47","30"
"USW00053913","GUTHRIE MUNICIPAL AIRPORT, OK US","2003-04-09","0.00","62","25"
"USW00053913","GUTHRIE MUNICIPAL AIRPORT, OK US","2003-04-10","0.00","76","40"
"USW00053913","GUTHRIE MUNICIPAL AIRPORT, OK US","2003-04-11","0.00","85","51"
"USW00053913","GUTHRIE MUNICIPAL AIRPORT, OK US","2003-04-12","0.00","82","44"
"USW00053913","GUTHRIE MUNICIPAL AIRPORT, OK US","2003-04-13","0.00","86","58"
"USW00053913","GUTHRIE MUNICIPAL AIRPORT, OK US","2003-04-14","0.00","86","65"
"USW00053913","GUTHRIE MUNICIPAL AIRPORT, OK US","2003-04-15","0.71","71","56"
"USW00053913","GUTHRIE MUNICIPAL AIRPORT, OK US","2003-04-16","0.03","68","50"
"USW00053913","GUTHRIE MUNICIPAL AIRPORT, OK US","2003-04-17","0.01","66","43"
"USW00053913","GUTHRIE MUNICIPAL AIRPORT, OK US","2003-04-18","0.00","86","52"
"USW00053913","GUTHRIE MUNICIPAL AIRPORT, OK US","2003-04-19","0.38","81","51"
"USW00053913","GUTHRIE MUNICIPAL AIRPORT, OK US","2003-04-20","0.01","69","45"
"USW00053913","GUTHRIE MUNICIPAL AIRPORT, OK US","2003-04-21","0.01","73","44"
"USW00053913","GUTHRIE MUNICIPAL AIRPORT, OK US","2003-04-22","0.01","73","51"
"USW00053913","GUTHRIE MUNICIPAL AIRPORT, OK US","2003-04-23","0.01","63","54"
"USW00053913","GUTHRIE MUNICIPAL AIRPORT, OK US","2003-04-24","0.04","75","54"
"USW00053913","GUTHRIE MUNICIPAL AIRPORT, OK US","2003-04-25","0.00","66","49"
"USW00053913","GUTHRIE MUNICIPAL AIRPORT, OK US","2003-04-26","0.00","76","42"
"USW00053913","GUTHRIE MUNICIPAL AIRPORT, OK US","2003-04-27","0.00","88","59"
"USW00053913","GUTHRIE MUNICIPAL AIRPORT, OK US","2003-04-28","0.00","80","58"
"USW00053913","GUTHRIE MUNICIPAL AIRPORT, OK US","2003-04-29","0.00","85","61"
"USW00053913","GUTHRIE MUNICIPAL AIRPORT, OK US","2003-04-30","0.00","86","63"
"USW00053913","GUTHRIE MUNICIPAL AIRPORT, OK US","2003-05-01","0.00","73","56"
"USW00053913","GUTHRIE MUNICIPAL AIRPORT, OK US","2003-05-02","0.00","76","52"
"USW00053913","GUTHRIE MUNICIPAL AIRPORT, OK US","2003-05-03","0.00","78","53"
"USW00053913","GUTHRIE MUNICIPAL AIRPORT, OK US","2003-05-04","0.00","92","60"
"USW00053913","GUTHRIE MUNICIPAL AIRPORT, OK US","2003-05-05","0.00","88","48"
"USW00053913","GUTHRIE MUNICIPAL AIRPORT, OK US","2003-05-06","0.00","81","56"
"USW00053913","GUTHRIE MUNICIPAL AIRPORT, OK US","2003-05-07","0.00","79","49"
"USW00053913","GUTHRIE MUNICIPAL AIRPORT, OK US","2003-05-08","0.01","88","71"
"USW00053913","GUTHRIE MUNICIPAL AIRPORT, OK US","2003-05-09","0.02","92","60"
"USW00053913","GUTHRIE MUNICIPAL AIRPORT, OK US","2003-05-10","0.03","86","55"
"USW00053913","GUTHRIE MUNICIPAL AIRPORT, OK US","2003-05-11","0.01","74","47"
"USW00053913","GUTHRIE MUNICIPAL AIRPORT, OK US","2003-05-12","0.01","80","47"
"USW00053913","GUTHRIE MUNICIPAL AIRPORT, OK US","2003-05-13","0.01","83","64"
"USW00053913","GUTHRIE MUNICIPAL AIRPORT, OK US","2003-05-14","0.00","83","66"
"USW00053913","GUTHRIE MUNICIPAL AIRPORT, OK US","2003-05-15","0.00","78","62"
"USW00053913","GUTHRIE MUNICIPAL AIRPORT, OK US","2003-05-16","0.01","73","60"
"USW00053913","GUTHRIE MUNICIPAL AIRPORT, OK US","2003-05-17","0.00","74","58"
"USW00053913","GUTHRIE MUNICIPAL AIRPORT, OK US","2003-05-18","0.01","83","58"
"USW00053913","GUTHRIE MUNICIPAL AIRPORT, OK US","2003-05-19","0.00","85","58"
"USW00053913","GUTHRIE MUNICIPAL AIRPORT, OK US","2003-05-20","0.01","66","54"
"USW00053913","GUTHRIE MUNICIPAL AIRPORT, OK US","2003-05-21","0.00","70","55"
"USW00053913","GUTHRIE MUNICIPAL AIRPORT, OK US","2003-05-22","0.00","74","52"
"USW00053913","GUTHRIE MUNICIPAL AIRPORT, OK US","2003-05-23","0.71","82","58"
"USW00053913","GUTHRIE MUNICIPAL AIRPORT, OK US","2003-05-24","0.53","83","61"
"USW00053913","GUTHRIE MUNICIPAL AIRPORT, OK US","2003-05-25","0.00","71","55"
"USW00053913","GUTHRIE MUNICIPAL AIRPORT, OK US","2003-05-26","0.00","74","52"
"USW00053913","GUTHRIE MUNICIPAL AIRPORT, OK US","2003-05-27","0.00","79","52"
"USW00053913","GUTHRIE MUNICIPAL AIRPORT, OK US","2003-05-28","0.00","89","56"
"USW00053913","GUTHRIE MUNICIPAL AIRPORT, OK US","2003-05-29","0.00","94","61"
"USW00053913","GUTHRIE MUNICIPAL AIRPORT, OK US","2003-05-30","0.00","97","75"
"USW00053913","GUTHRIE MUNICIPAL AIRPORT, OK US","2003-05-31","0.00","79","62"
"USW00053913","GUTHRIE MUNICIPAL AIRPORT, OK US","2003-06-01","0.00","85","56"
"USW00053913","GUTHRIE MUNICIPAL AIRPORT, OK US","2003-06-02","0.03","84","67"
"USW00053913","GUTHRIE MUNICIPAL AIRPORT, OK US","2003-06-03","0.04","76","61"
"USW00053913","GUTHRIE MUNICIPAL AIRPORT, OK US","2003-06-04","0.00","70","58"
"USW00053913","GUTHRIE MUNICIPAL AIRPORT, OK US","2003-06-05","0.51","70","60"
"USW00053913","GUTHRIE MUNICIPAL AIRPORT, OK US","2003-06-06","0.00","80","59"
"USW00053913","GUTHRIE MUNICIPAL AIRPORT, OK US","2003-06-07","0.01","81","53"
"USW00053913","GUTHRIE MUNICIPAL AIRPORT, OK US","2003-06-08","0.01","82","53"
"USW00053913","GUTHRIE MUNICIPAL AIRPORT, OK US","2003-06-09","0.00","87","62"
"USW00053913","GUTHRIE MUNICIPAL AIRPORT, OK US","2003-06-10","0.39","88","64"
"USW00053913","GUTHRIE MUNICIPAL AIRPORT, OK US","2003-06-11","0.68","89","62"
"USW00053913","GUTHRIE MUNICIPAL AIRPORT, OK US","2003-06-12","0.04","83","64"
"USW00053913","GUTHRIE MUNICIPAL AIRPORT, OK US","2003-06-13","0.00","86","64"
"USW00053913","GUTHRIE MUNICIPAL AIRPORT, OK US","2003-06-14","0.08","86","65"
"USW00053913","GUTHRIE MUNICIPAL AIRPORT, OK US","2003-06-15","0.01","88","63"
"USW00053913","GUTHRIE MUNICIPAL AIRPORT, OK US","2003-06-16","0.00","87","63"
"USW00053913","GUTHRIE MUNICIPAL AIRPORT, OK US","2003-06-17","0.00","88","63"
"USW00053913","GUTHRIE MUNICIPAL AIRPORT, OK US","2003-06-18","0.00","88","61"
"USW00053913","GUTHRIE MUNICIPAL AIRPORT, OK US","2003-06-19","0.00","90","62"
"USW00053913","GUTHRIE MUNICIPAL AIRPORT, OK US","2003-06-20","0.00","88","68"
"USW00053913","GUTHRIE MUNICIPAL AIRPORT, OK US","2003-06-21","0.15","88","66"
"USW00053913","GUTHRIE MUNICIPAL AIRPORT, OK US","2003-06-22","0.00","92","74"
"USW00053913","GUTHRIE MUNICIPAL AIRPORT, OK US","2003-06-23","0.00","95","78"
"USW00053913","GUTHRIE MUNICIPAL AIRPORT, OK US","2003-06-24","0.00","93","80"
"USW00053913","GUTHRIE MUNICIPAL AIRPORT, OK US","2003-06-25","1.88","92","66"
"USW00053913","GUTHRIE MUNICIPAL AIRPORT, OK US","2003-06-26","0.00","76","60"
"USW00053913","GUTHRIE MUNICIPAL AIRPORT, OK US","2003-06-27","0.01","84","55"
"USW00053913","GUTHRIE MUNICIPAL AIRPORT, OK US","2003-06-28","0.00","86","61"
"USW00053913","GUTHRIE MUNICIPAL AIRPORT, OK US","2003-06-29","0.00","86","69"
"USW00053913","GUTHRIE MUNICIPAL AIRPORT, OK US","2003-06-30","0.00","89","68"
"USW00053913","GUTHRIE MUNICIPAL AIRPORT, OK US","2003-07-01","0.00","91","67"
"USW00053913","GUTHRIE MUNICIPAL AIRPORT, OK US","2003-07-02","0.00","98","72"
"USW00053913","GUTHRIE MUNICIPAL AIRPORT, OK US","2003-07-03","0.00","99","72"
"USW00053913","GUTHRIE MUNICIPAL AIRPORT, OK US","2003-07-04","0.00","96","74"
"USW00053913","GUTHRIE MUNICIPAL AIRPORT, OK US","2003-07-05","0.00","94","73"
"USW00053913","GUTHRIE MUNICIPAL AIRPORT, OK US","2003-07-06","0.00","92","71"
"USW00053913","GUTHRIE MUNICIPAL AIRPORT, OK US","2003-07-07","0.00","92","76"
"USW00053913","GUTHRIE MUNICIPAL AIRPORT, OK US","2003-07-08","0.00","91","76"
"USW00053913","GUTHRIE MUNICIPAL AIRPORT, OK US","2003-07-09","0.00","96","74"
"USW00053913","GUTHRIE MUNICIPAL AIRPORT, OK US","2003-07-10","0.00","97","74"
"USW00053913","GUTHRIE MUNICIPAL AIRPORT, OK US","2003-07-11","0.00","101","69"
"USW00053913","GUTHRIE MUNICIPAL AIRPORT, OK US","2003-07-12","0.00","104","77"
"USW00053913","GUTHRIE MUNICIPAL AIRPORT, OK US","2003-07-13","0.00","101","76"
"USW00053913","GUTHRIE MUNICIPAL AIRPORT, OK US","2003-07-14","0.00","105","78"
"USW00053913","GUTHRIE MUNICIPAL AIRPORT, OK US","2003-07-15","0.00","102","80"
"USW00053913","GUTHRIE MUNICIPAL AIRPORT, OK US","2003-07-16","0.00","100","75"
"USW00053913","GUTHRIE MUNICIPAL AIRPORT, OK US","2003-07-17","0.00","99","74"
"USW00053913","GUTHRIE MUNICIPAL AIRPORT, OK US","2003-07-18","0.00","105","76"
"USW00053913","GUTHRIE MUNICIPAL AIRPORT, OK US","2003-07-19","0.00","107","77"
"USW00053913","GUTHRIE MUNICIPAL AIRPORT, OK US","2003-07-20","0.00","109","82"
"USW00053913","GUTHRIE MUNICIPAL AIRPORT, OK US","2003-07-21","0.00","104","83"
"USW00053913","GUTHRIE MUNICIPAL AIRPORT, OK US","2003-07-22","0.01","92","71"
"USW00053913","GUTHRIE MUNICIPAL AIRPORT, OK US","2003-07-23","0.00","91","64"
"USW00053913","GUTHRIE MUNICIPAL AIRPORT, OK US","2003-07-24","0.00","95","67"
"USW00053913","GUTHRIE MUNICIPAL AIRPORT, OK US","2003-07-25","0.00","99","74"
"USW00053913","GUTHRIE MUNICIPAL AIRPORT, OK US","2003-07-26","0.00","102","77"
"USW00053913","GUTHRIE MUNICIPAL AIRPORT, OK US","2003-07-27","0.00","103","78"
"USW00053913","GUTHRIE MUNICIPAL AIRPORT, OK US","2003-07-28","0.00","104","79"
"USW00053913","GUTHRIE MUNICIPAL AIRPORT, OK US","2003-07-29","0.00","98","75"
"USW00053913","GUTHRIE MUNICIPAL AIRPORT, OK US","2003-07-30","0.23","90","71"
"USW00053913","GUTHRIE MUNICIPAL AIRPORT, OK US","2003-07-31","0.00","99","68"
"USW00053913","GUTHRIE MUNICIPAL AIRPORT, OK US","2003-08-01","0.00","100","74"
"USW00053913","GUTHRIE MUNICIPAL AIRPORT, OK US","2003-08-02","0.01","94","70"
"USW00053913","GUTHRIE MUNICIPAL AIRPORT, OK US","2003-08-03","0.00","90","73"
"USW00053913","GUTHRIE MUNICIPAL AIRPORT, OK US","2003-08-04","0.03","92","72"
"USW00053913","GUTHRIE MUNICIPAL AIRPORT, OK US","2003-08-05","0.00","103","76"
"USW00053913","GUTHRIE MUNICIPAL AIRPORT, OK US","2003-08-06","0.00","102","73"
"USW00053913","GUTHRIE MUNICIPAL AIRPORT, OK US","2003-08-07","0.02","103","73"
"USW00053913","GUTHRIE MUNICIPAL AIRPORT, OK US","2003-08-08","0.00","98","75"
"USW00053913","GUTHRIE MUNICIPAL AIRPORT, OK US","2003-08-09","0.03","97","71"
"USW00053913","GUTHRIE MUNICIPAL AIRPORT, OK US","2003-08-10","0.85","98","70"
"USW00053913","GUTHRIE MUNICIPAL AIRPORT, OK US","2003-08-11","0.05","91","69"
"USW00053913","GUTHRIE MUNICIPAL AIRPORT, OK US","2003-08-12","0.00","91","64"
"USW00053913","GUTHRIE MUNICIPAL AIRPORT, OK US","2003-08-13","0.00","88","65"
"USW00053913","GUTHRIE MUNICIPAL AIRPORT, OK US","2003-08-14","0.00","88","66"
"USW00053913","GUTHRIE MUNICIPAL AIRPORT, OK US","2003-08-15","0.00","95","69"
"USW00053913","GUTHRIE MUNICIPAL AIRPORT, OK US","2003-08-16","0.00","100","70"
"USW00053913","GUTHRIE MUNICIPAL AIRPORT, OK US","2003-08-17","0.00","102","72"
"USW00053913","GUTHRIE MUNICIPAL AIRPORT, OK US","2003-08-18","0.00","101","76"
"USW00053913","GUTHRIE MUNICIPAL AIRPORT, OK US","2003-08-19","0.00","102","79"
"USW00053913","GUTHRIE MUNICIPAL AIRPORT, OK US","2003-08-20","0.00","100","79"
"USW00053913","GUTHRIE MUNICIPAL AIRPORT, OK US","2003-08-21","0.00","103","78"
"USW00053913","GUTHRIE MUNICIPAL AIRPORT, OK US","2003-08-22","0.00","103","75"
"USW00053913","GUTHRIE MUNICIPAL AIRPORT, OK US","2003-08-23","0.03","102","75"
"USW00053913","GUTHRIE MUNICIPAL AIRPORT, OK US","2003-08-24","0.00","102","71"
"USW00053913","GUTHRIE MUNICIPAL AIRPORT, OK US","2003-08-25","0.00","101","74"
"USW00053913","GUTHRIE MUNICIPAL AIRPORT, OK US","2003-08-26","0.00","100","74"
"USW00053913","GUTHRIE MUNICIPAL AIRPORT, OK US","2003-08-27","0.03","94","74"
"USW00053913","GUTHRIE MUNICIPAL AIRPORT, OK US","2003-08-28","0.00","101","76"
"USW00053913","GUTHRIE MUNICIPAL AIRPORT, OK US","2003-08-29","0.57","92","73"
"USW00053913","GUTHRIE MUNICIPAL AIRPORT, OK US","2003-08-30","0.58","82","72"
"USW00053913","GUTHRIE MUNICIPAL AIRPORT, OK US","2003-08-31","0.21","73","67"
"USW00053913","GUTHRIE MUNICIPAL AIRPORT, OK US","2003-09-01","0.02","69","65"
"USW00053913","GUTHRIE MUNICIPAL AIRPORT, OK US","2003-09-02","0.05","81","65"
"USW00053913","GUTHRIE MUNICIPAL AIRPORT, OK US","2003-09-03","0.00","84","63"
"USW00053913","GUTHRIE MUNICIPAL AIRPORT, OK US","2003-09-04","0.01","85","63"
"USW00053913","GUTHRIE MUNICIPAL AIRPORT, OK US","2003-09-05","0.00","87","57"
"USW00053913","GUTHRIE MUNICIPAL AIRPORT, OK US","2003-09-06","0.00","87","60"
"USW00053913","GUTHRIE MUNICIPAL AIRPORT, OK US","2003-09-07","0.00","85","55"
"USW00053913","GUTHRIE MUNICIPAL AIRPORT, OK US","2003-09-08","0.00","85","61"
"USW00053913","GUTHRIE MUNICIPAL AIRPORT, OK US","2003-09-09","0.00","89","69"
"USW00053913","GUTHRIE MUNICIPAL AIRPORT, OK US","2003-09-10","0.00","92","71"
"USW00053913","GUTHRIE MUNICIPAL AIRPORT, OK US","2003-09-11","0.13","79","62"
"USW00053913","GUTHRIE MUNICIPAL AIRPORT, OK US","2003-09-12","0.00","75","58"
"USW00053913","GUTHRIE MUNICIPAL AIRPORT, OK US","2003-09-13","0.21","67","56"
"USW00053913","GUTHRIE MUNICIPAL AIRPORT, OK US","2003-09-14","0.22","77","54"
"USW00053913","GUTHRIE MUNICIPAL AIRPORT, OK US","2003-09-15","0.29","80","52"
"USW00053913","GUTHRIE MUNICIPAL AIRPORT, OK US","2003-09-16","0.00","87","63"
"USW00053913","GUTHRIE MUNICIPAL AIRPORT, OK US","2003-09-17","0.00","88","70"
"USW00053913","GUTHRIE MUNICIPAL AIRPORT, OK US","2003-09-18","0.00","78","54"
"USW00053913","GUTHRIE MUNICIPAL AIRPORT, OK US","2003-09-19","0.00","70","45"
"USW00053913","GUTHRIE MUNICIPAL AIRPORT, OK US","2003-09-20","0.00","81","45"
"USW00053913","GUTHRIE MUNICIPAL AIRPORT, OK US","2003-09-21","0.01","78","57"
"USW00053913","GUTHRIE MUNICIPAL AIRPORT, OK US","2003-09-22","0.01","83","56"
"USW00053913","GUTHRIE MUNICIPAL AIRPORT, OK US","2003-09-23","0.00","88","65"
"USW00053913","GUTHRIE MUNICIPAL AIRPORT, OK US","2003-09-24","0.00","89","66"
"USW00053913","GUTHRIE MUNICIPAL AIRPORT, OK US","2003-09-25","0.00","79","64"
"USW00053913","GUTHRIE MUNICIPAL AIRPORT, OK US","2003-09-26","0.00","90","65"
"USW00053913","GUTHRIE MUNICIPAL AIRPORT, OK US","2003-09-27","0.00","80","55"
"USW00053913","GUTHRIE MUNICIPAL AIRPORT, OK US","2003-09-28","0.00","75","45"
"USW00053913","GUTHRIE MUNICIPAL AIRPORT, OK US","2003-09-29","0.27","60","52"
"USW00053913","GUTHRIE MUNICIPAL AIRPORT, OK US","2003-09-30","0.68","62","47"
"USW00053913","GUTHRIE MUNICIPAL AIRPORT, OK US","2003-10-01","0.00","55","45"
"USW00053913","GUTHRIE MUNICIPAL AIRPORT, OK US","2003-10-02","0.00","63","51"
"USW00053913","GUTHRIE MUNICIPAL AIRPORT, OK US","2003-10-03","0.01","81","54"
"USW00053913","GUTHRIE MUNICIPAL AIRPORT, OK US","2003-10-04","0.26","69","56"
"USW00053913","GUTHRIE MUNICIPAL AIRPORT, OK US","2003-10-05","0.00","70","55"
"USW00053913","GUTHRIE MUNICIPAL AIRPORT, OK US","2003-10-06","0.00","76","56"
"USW00053913","GUTHRIE MUNICIPAL AIRPORT, OK US","2003-10-07","0.01","79","54"
"USW00053913","GUTHRIE MUNICIPAL AIRPORT, OK US","2003-10-08","0.80","80","61"
"USW00053913","GUTHRIE MUNICIPAL AIRPORT, OK US","2003-10-09","2.53","79","63"
"USW00053913","GUTHRIE MUNICIPAL AIRPORT, OK US","2003-10-10","0.00","78","60"
"USW00053913","GUTHRIE MUNICIPAL AIRPORT, OK US","2003-10-11","0.00","77","55"
"USW00053913","GUTHRIE MUNICIPAL AIRPORT, OK US","2003-10-12","0.01","73","44"
"USW00053913","GUTHRIE MUNICIPAL AIRPORT, OK US","2003-10-13","0.27","81","55"
"USW00053913","GUTHRIE MUNICIPAL AIRPORT, OK US","2003-10-14","0.00","71","46"
"USW00053913","GUTHRIE MUNICIPAL AIRPORT, OK US","2003-10-15","0.01","75","47"
"USW00053913","GUTHRIE MUNICIPAL AIRPORT, OK US","2003-10-16","0.00","82","53"
"USW00053913","GUTHRIE MUNICIPAL AIRPORT, OK US","2003-10-17","0.00","66","45"
"USW00053913","GUTHRIE MUNICIPAL AIRPORT, OK US","2003-10-18","0.00","82","47"
"USW00053913","GUTHRIE MUNICIPAL AIRPORT, OK US","2003-10-19","0.00","90","52"
"USW00053913","GUTHRIE MUNICIPAL AIRPORT, OK US","2003-10-20","0.00","90","57"
"USW00053913","GUTHRIE MUNICIPAL AIRPORT, OK US","2003-10-21","0.00","84","56"
"USW00053913","GUTHRIE MUNICIPAL AIRPORT, OK US","2003-10-22","0.00","85","51"
"USW00053913","GUTHRIE MUNICIPAL AIRPORT, OK US","2003-10-23","0.00","87","54"
"USW00053913","GUTHRIE MUNICIPAL AIRPORT, OK US","2003-10-24","0.00","90","59"
"USW00053913","GUTHRIE MUNICIPAL AIRPORT, OK US","2003-10-25","0.00","59","45"
"USW00053913","GUTHRIE MUNICIPAL AIRPORT, OK US","2003-10-26","0.00","60","35"
"USW00053913","GUTHRIE MUNICIPAL AIRPORT, OK US","2003-10-27","0.00","72","39"
"USW00053913","GUTHRIE MUNICIPAL AIRPORT, OK US","2003-10-28","0.00","68","43"
"USW00053913","GUTHRIE MUNICIPAL AIRPORT, OK US","2003-10-29","0.00","83","43"
"USW00053913","GUTHRIE MUNICIPAL AIRPORT, OK US","2003-10-30","0.00","78","49"
"USW00053913","GUTHRIE MUNICIPAL AIRPORT, OK US","2003-10-31","0.00","56","43"
"USW00053913","GUTHRIE MUNICIPAL AIRPORT, OK US","2003-11-01","0.00","61","47"
"USW00053913","GUTHRIE MUNICIPAL AIRPORT, OK US","2003-11-02","0.00","77","59"
"USW00053913","GUTHRIE MUNICIPAL AIRPORT, OK US","2003-11-03","0.00","80","70"
"USW00053913","GUTHRIE MUNICIPAL AIRPORT, OK US","2003-11-04","0.00","71","38"
"USW00053913","GUTHRIE MUNICIPAL AIRPORT, OK US","2003-11-05","0.00","43","37"
"USW00053913","GUTHRIE MUNICIPAL AIRPORT, OK US","2003-11-06","0.00","39","28"
"USW00053913","GUTHRIE MUNICIPAL AIRPORT, OK US","2003-11-07","0.00","49","27"
"USW00053913","GUTHRIE MUNICIPAL AIRPORT, OK US","2003-11-08","0.02","46","42"
"USW00053913","GUTHRIE MUNICIPAL AIRPORT, OK US","2003-11-09","0.01","51","42"
"USW00053913","GUTHRIE MUNICIPAL AIRPORT, OK US","2003-11-10","0.00","64","48"
"USW00053913","GUTHRIE MUNICIPAL AIRPORT, OK US","2003-11-11","0.00","69","60"
"USW00053913","GUTHRIE MUNICIPAL AIRPORT, OK US","2003-11-12","0.00","69","47"
"USW00053913","GUTHRIE MUNICIPAL AIRPORT, OK US","2003-11-13","0.01","47","40"
"USW00053913","GUTHRIE MUNICIPAL AIRPORT, OK US","2003-11-14","0.08","50","40"
"USW00053913","GUTHRIE MUNICIPAL AIRPORT, OK US","2003-11-15","0.07","54","47"
"USW00053913","GUTHRIE MUNICIPAL AIRPORT, OK US","2003-11-16","0.07","68","35"
"USW00053913","GUTHRIE MUNICIPAL AIRPORT, OK US","2003-11-17","0.18","70","55"
"USW00053913","GUTHRIE MUNICIPAL AIRPORT, OK US","2003-11-18","0.78","62","38"
"USW00053913","GUTHRIE MUNICIPAL AIRPORT, OK US","2003-11-19","0.00","68","34"
"USW00053913","GUTHRIE MUNICIPAL AIRPORT, OK US","2003-11-20","0.00","76","46"
"USW00053913","GUTHRIE MUNICIPAL AIRPORT, OK US","2003-11-21","0.00","63","41"
"USW00053913","GUTHRIE MUNICIPAL AIRPORT, OK US","2003-11-22","0.00","61","39"
"USW00053913","GUTHRIE MUNICIPAL AIRPORT, OK US","2003-11-23","0.00","45","26"
"USW00053913","GUTHRIE MUNICIPAL AIRPORT, OK US","2003-11-24","0.00","45","17"
"USW00053913","GUTHRIE MUNICIPAL AIRPORT, OK US","2003-11-25","0.00","54","37"
"USW00053913","GUTHRIE MUNICIPAL AIRPORT, OK US","2003-11-26","0.00","64","33"
"USW00053913","GUTHRIE MUNICIPAL AIRPORT, OK US","2003-11-27","0.01","51","29"
"USW00053913","GUTHRIE MUNICIPAL AIRPORT, OK US","2003-11-28","0.00","50","27"
"USW00053913","GUTHRIE MUNICIPAL AIRPORT, OK US","2003-11-29","0.00","64","30"
"USW00053913","GUTHRIE MUNICIPAL AIRPORT, OK US","2003-11-30","0.00","65","39"
"USW00053913","GUTHRIE MUNICIPAL AIRPORT, OK US","2003-12-01","0.00","57","38"
"USW00053913","GUTHRIE MUNICIPAL AIRPORT, OK US","2003-12-02","0.02","52","45"
"USW00053913","GUTHRIE MUNICIPAL AIRPORT, OK US","2003-12-03","0.01","52","28"
"USW00053913","GUTHRIE MUNICIPAL AIRPORT, OK US","2003-12-04","0.00","52","25"
"USW00053913","GUTHRIE MUNICIPAL AIRPORT, OK US","2003-12-05","0.00","40","25"
"USW00053913","GUTHRIE MUNICIPAL AIRPORT, OK US","2003-12-06","0.00","48","18"
"USW00053913","GUTHRIE MUNICIPAL AIRPORT, OK US","2003-12-07","0.00","61","39"
"USW00053913","GUTHRIE MUNICIPAL AIRPORT, OK US","2003-12-08","0.00","73","45"
"USW00053913","GUTHRIE MUNICIPAL AIRPORT, OK US","2003-12-09","0.40","63","30"
"USW00053913","GUTHRIE MUNICIPAL AIRPORT, OK US","2003-12-10","0.02","40","24"
"USW00053913","GUTHRIE MUNICIPAL AIRPORT, OK US","2003-12-11","0.00","42","22"
"USW00053913","GUTHRIE MUNICIPAL AIRPORT, OK US","2003-12-12","0.07","33","20"
"USW00053913","GUTHRIE MUNICIPAL AIRPORT, OK US","2003-12-13","0.12","32","26"
"USW00053913","GUTHRIE MUNICIPAL AIRPORT, OK US","2003-12-14","0.40","51","24"
"USW00053913","GUTHRIE MUNICIPAL AIRPORT, OK US","2003-12-15","0.00","64","37"
"USW00053913","GUTHRIE MUNICIPAL AIRPORT, OK US","2003-12-16","0.00","40","26"
"USW00053913","GUTHRIE MUNICIPAL AIRPORT, OK US","2003-12-17","0.00","59","25"
"USW00053913","GUTHRIE MUNICIPAL AIRPORT, OK US","2003-12-18","0.00","53","29"
"USW00053913","GUTHRIE MUNICIPAL AIRPORT, OK US","2003-12-19","0.00","52","24"
"USW00053913","GUTHRIE MUNICIPAL AIRPORT, OK US","2003-12-20","0.00","62","34"
"USW00053913","GUTHRIE MUNICIPAL AIRPORT, OK US","2003-12-21","0.00","64","45"
"USW00053913","GUTHRIE MUNICIPAL AIRPORT, OK US","2003-12-22","0.08","61","40"
"USW00053913","GUTHRIE MUNICIPAL AIRPORT, OK US","2003-12-23","0.00","50","29"
"USW00053913","GUTHRIE MUNICIPAL AIRPORT, OK US","2003-12-24","0.00","53","28"
"USW00053913","GUTHRIE MUNICIPAL AIRPORT, OK US","2003-12-25","0.00","60","37"
"USW00053913","GUTHRIE MUNICIPAL AIRPORT, OK US","2003-12-26","0.00","61","45"
"USW00053913","GUTHRIE MUNICIPAL AIRPORT, OK US","2003-12-27","0.11","62","51"
"USW00053913","GUTHRIE MUNICIPAL AIRPORT, OK US","2003-12-28","0.00","51","30"
"USW00053913","GUTHRIE MUNICIPAL AIRPORT, OK US","2003-12-29","0.00","49","22"
"USW00053913","GUTHRIE MUNICIPAL AIRPORT, OK US","2003-12-30","0.00","62","37"
"USW00053913","GUTHRIE MUNICIPAL AIRPORT, OK US","2003-12-31","0.00","62","43"
"USW00053913","GUTHRIE MUNICIPAL AIRPORT, OK US","2004-01-01","0.00","67","51"
"USW00053913","GUTHRIE MUNICIPAL AIRPORT, OK US","2004-01-02","0.00","77","54"
"USW00053913","GUTHRIE MUNICIPAL AIRPORT, OK US","2004-01-03","0.00","62","44"
"USW00053913","GUTHRIE MUNICIPAL AIRPORT, OK US","2004-01-04","0.00","44","23"
"USW00053913","GUTHRIE MUNICIPAL AIRPORT, OK US","2004-01-05","0.00","28","13"
"USW00053913","GUTHRIE MUNICIPAL AIRPORT, OK US","2004-01-06","0.00","25","6"
"USW00053913","GUTHRIE MUNICIPAL AIRPORT, OK US","2004-01-07","0.00","41","17"
"USW00053913","GUTHRIE MUNICIPAL AIRPORT, OK US","2004-01-08","0.00","50","32"
"USW00053913","GUTHRIE MUNICIPAL AIRPORT, OK US","2004-01-09","0.00","44","24"
"USW00053913","GUTHRIE MUNICIPAL AIRPORT, OK US","2004-01-10","0.00","53","20"
"USW00053913","GUTHRIE MUNICIPAL AIRPORT, OK US","2004-01-11","0.00","67","41"
"USW00053913","GUTHRIE MUNICIPAL AIRPORT, OK US","2004-01-12","0.00","58","35"
"USW00053913","GUTHRIE MUNICIPAL AIRPORT, OK US","2004-01-13","0.09","60","42"
"USW00053913","GUTHRIE MUNICIPAL AIRPORT, OK US","2004-01-14","0.00","63","37"
"USW00053913","GUTHRIE MUNICIPAL AIRPORT, OK US","2004-01-15","0.00","62","32"
"USW00053913","GUTHRIE MUNICIPAL AIRPORT, OK US","2004-01-16","0.42","53","48"
"USW00053913","GUTHRIE MUNICIPAL AIRPORT, OK US","2004-01-17","0.95","50","36"
"USW00053913","GUTHRIE MUNICIPAL AIRPORT, OK US","2004-01-18","0.04","41","26"
"USW00053913","GUTHRIE MUNICIPAL AIRPORT, OK US","2004-01-19","0.00","36","16"
"USW00053913","GUTHRIE MUNICIPAL AIRPORT, OK US","2004-01-20","0.00","43","22"
"USW00053913","GUTHRIE MUNICIPAL AIRPORT, OK US","2004-01-21","0.00","51","33"
"USW00053913","GUTHRIE MUNICIPAL AIRPORT, OK US","2004-01-22","0.00","48","26"
"USW00053913","GUTHRIE MUNICIPAL AIRPORT, OK US","2004-01-23","0.00","63","24"
"USW00053913","GUTHRIE MUNICIPAL AIRPORT, OK US","2004-01-24","0.23","61","46"
"USW00053913","GUTHRIE MUNICIPAL AIRPORT, OK US","2004-01-25","0.10","60","41"
"USW00053913","GUTHRIE MUNICIPAL AIRPORT, OK US","2004-01-26","0.00","41","16"
"USW00053913","GUTHRIE MUNICIPAL AIRPORT, OK US","2004-01-27","0.00","32","10"
"USW00053913","GUTHRIE MUNICIPAL AIRPORT, OK US","2004-01-28","0.00","55","24"
"USW00053913","GUTHRIE MUNICIPAL AIRPORT, OK US","2004-01-29","0.00","29","17"
"USW00053913","GUTHRIE MUNICIPAL AIRPORT, OK US","2004-01-30","0.00","37","11"
"USW00053913","GUTHRIE MUNICIPAL AIRPORT, OK US","2004-01-31","0.00","41","23"
"USW00053913","GUTHRIE MUNICIPAL AIRPORT, OK US","2004-02-01","0.50","44","27"
"USW00053913","GUTHRIE MUNICIPAL AIRPORT, OK US","2004-02-02","0.00","34","20"
"USW00053913","GUTHRIE MUNICIPAL AIRPORT, OK US","2004-02-03","0.01","47","17"
"USW00053913","GUTHRIE MUNICIPAL AIRPORT, OK US","2004-02-04","0.08","39","32"
"USW00053913","GUTHRIE MUNICIPAL AIRPORT, OK US","2004-02-05","0.00","35","31"
"USW00053913","GUTHRIE MUNICIPAL AIRPORT, OK US","2004-02-06","0.00","31","19"
"USW00053913","GUTHRIE MUNICIPAL AIRPORT, OK US","2004-02-07","0.00","33","15"
"USW00053913","GUTHRIE MUNICIPAL AIRPORT, OK US","2004-02-08","0.00","49","23"
"USW00053913","GUTHRIE MUNICIPAL AIRPORT, OK US","2004-02-09","0.07","48","27"
"USW00053913","GUTHRIE MUNICIPAL AIRPORT, OK US","2004-02-10","0.00","52","21"
"USW00053913","GUTHRIE MUNICIPAL AIRPORT, OK US","2004-02-11","0.00","48","30"
"USW00053913","GUTHRIE MUNICIPAL AIRPORT, OK US","2004-02-12","0.00","30","18"
"USW00053913","GUTHRIE MUNICIPAL AIRPORT, OK US","2004-02-13","0.00","38","13"
"USW00053913","GUTHRIE MUNICIPAL AIRPORT, OK US","2004-02-14","0.00","47","30"
"USW00053913","GUTHRIE MUNICIPAL AIRPORT, OK US","2004-02-15","0.00","43","24"
"USW00053913","GUTHRIE MUNICIPAL AIRPORT, OK US","2004-02-16","0.00","56","25"
"USW00053913","GUTHRIE MUNICIPAL AIRPORT, OK US","2004-02-17","0.00","55","39"
"USW00053913","GUTHRIE MUNICIPAL AIRPORT, OK US","2004-02-18","0.00","67","37"
"USW00053913","GUTHRIE MUNICIPAL AIRPORT, OK US","2004-02-19","0.00","72","49"
"USW00053913","GUTHRIE MUNICIPAL AIRPORT, OK US","2004-02-20","0.00","59","32"
"USW00053913","GUTHRIE MUNICIPAL AIRPORT, OK US","2004-02-21","0.00","63","29"
"USW00053913","GUTHRIE MUNICIPAL AIRPORT, OK US","2004-02-22","0.00","71","44"
"USW00053913","GUTHRIE MUNICIPAL AIRPORT, OK US","2004-02-23","0.01","56","42"
"USW00053913","GUTHRIE MUNICIPAL AIRPORT, OK US","2004-02-24","0.00","42","33"
"USW00053913","GUTHRIE MUNICIPAL AIRPORT, OK US","2004-02-25","0.00","49","30"
"USW00053913","GUTHRIE MUNICIPAL AIRPORT, OK US","2004-02-26","0.00","57","20"
"USW00053913","GUTHRIE MUNICIPAL AIRPORT, OK US","2004-02-27","0.00","65","31"
"USW00053913","GUTHRIE MUNICIPAL AIRPORT, OK US","2004-02-28","0.00","59","42"
"USW00053913","GUTHRIE MUNICIPAL AIRPORT, OK US","2004-02-29","0.43","62","48"
"USW00053913","GUTHRIE MUNICIPAL AIRPORT, OK US","2004-03-01","0.00","59","40"
"USW00053913","GUTHRIE MUNICIPAL AIRPORT, OK US","2004-03-02","0.00","53","31"
"USW00053913","GUTHRIE MUNICIPAL AIRPORT, OK US","2004-03-03","0.10","50","44"
"USW00053913","GUTHRIE MUNICIPAL AIRPORT, OK US","2004-03-04","1.28","56","46"
"USW00053913","GUTHRIE MUNICIPAL AIRPORT, OK US","2004-03-05","0.00","53","38"
"USW00053913","GUTHRIE MUNICIPAL AIRPORT, OK US","2004-03-06","0.00","65","33"
"USW00053913","GUTHRIE MUNICIPAL AIRPORT, OK US","2004-03-07","0.00","60","37"
"USW00053913","GUTHRIE MUNICIPAL AIRPORT, OK US","2004-03-08","0.00","74","36"
"USW00053913","GUTHRIE MUNICIPAL AIRPORT, OK US","2004-03-09","0.00","62","37"
"USW00053913","GUTHRIE MUNICIPAL AIRPORT, OK US","2004-03-10","0.00","70","37"
"USW00053913","GUTHRIE MUNICIPAL AIRPORT, OK US","2004-03-11","0.05","59","40"
"USW00053913","GUTHRIE MUNICIPAL AIRPORT, OK US","2004-03-12","0.00","63","40"
"USW00053913","GUTHRIE MUNICIPAL AIRPORT, OK US","2004-03-13","0.01","53","45"
"USW00053913","GUTHRIE MUNICIPAL AIRPORT, OK US","2004-03-14","0.00","63","48"
"USW00053913","GUTHRIE MUNICIPAL AIRPORT, OK US","2004-03-15","0.00","67","45"
"USW00053913","GUTHRIE MUNICIPAL AIRPORT, OK US","2004-03-16","0.00","62","31"
"USW00053913","GUTHRIE MUNICIPAL AIRPORT, OK US","2004-03-17","0.00","82","36"
"USW00053913","GUTHRIE MUNICIPAL AIRPORT, OK US","2004-03-18","0.00","78","43"
"USW00053913","GUTHRIE MUNICIPAL AIRPORT, OK US","2004-03-19","0.00","84","54"
"USW00053913","GUTHRIE MUNICIPAL AIRPORT, OK US","2004-03-20","0.00","74","54"
"USW00053913","GUTHRIE MUNICIPAL AIRPORT, OK US","2004-03-21","0.00","58","41"
"USW00053913","GUTHRIE MUNICIPAL AIRPORT, OK US","2004-03-22","0.00","63","38"
"USW00053913","GUTHRIE MUNICIPAL AIRPORT, OK US","2004-03-23","0.00","77","50"
"USW00053913","GUTHRIE MUNICIPAL AIRPORT, OK US","2004-03-24","0.00","67","62"
"USW00053913","GUTHRIE MUNICIPAL AIRPORT, OK US","2004-03-25","0.00","74","64"
"USW00053913","GUTHRIE MUNICIPAL AIRPORT, OK US","2004-03-26","0.00","79","67"
"USW00053913","GUTHRIE MUNICIPAL AIRPORT, OK US","2004-03-27","0.00","71","64"
"USW00053913","GUTHRIE MUNICIPAL AIRPORT, OK US","2004-03-28","0.85","69","47"
"USW00053913","GUTHRIE MUNICIPAL AIRPORT, OK US","2004-03-29","0.00","68","43"
"USW00053913","GUTHRIE MUNICIPAL AIRPORT, OK US","2004-03-30","0.00","64","38"
"USW00053913","GUTHRIE MUNICIPAL AIRPORT, OK US","2004-03-31","0.00","64","35"
"USW00053913","GUTHRIE MUNICIPAL AIRPORT, OK US","2004-04-01","0.00","71","37"
"USW00053913","GUTHRIE MUNICIPAL AIRPORT, OK US","2004-04-02","0.00","74","47"
"USW00053913","GUTHRIE MUNICIPAL AIRPORT, OK US","2004-04-03","0.00","71","39"
"USW00053913","GUTHRIE MUNICIPAL AIRPORT, OK US","2004-04-04","0.00","68","39"
"USW00053913","GUTHRIE MUNICIPAL AIRPORT, OK US","2004-04-05","0.00","74","52"
"USW00053913","GUTHRIE MUNICIPAL AIRPORT, OK US","2004-04-06","0.00","68","54"
"USW00053913","GUTHRIE MUNICIPAL AIRPORT, OK US","2004-04-07","0.00","71","50"
"USW00053913","GUTHRIE MUNICIPAL AIRPORT, OK US","2004-04-08","0.00","71","47"
"USW00053913","GUTHRIE MUNICIPAL AIRPORT, OK US","2004-04-09","0.29","67","49"
"USW00053913","GUTHRIE MUNICIPAL AIRPORT, OK US","2004-04-10","0.20","51","42"
"USW00053913","GUTHRIE MUNICIPAL AIRPORT, OK US","2004-04-11","0.00","56","35"
"USW00053913","GUTHRIE MUNICIPAL AIRPORT, OK US","2004-04-12","0.00","61","40"
"USW00053913","GUTHRIE MUNICIPAL AIRPORT, OK US","2004-04-13","0.00","58","33"
"USW00053913","GUTHRIE MUNICIPAL AIRPORT, OK US","2004-04-14","0.00","75","37"
"USW00053913","GUTHRIE MUNICIPAL AIRPORT, OK US","2004-04-15","0.00","83","56"
"USW00053913","GUTHRIE MUNICIPAL AIRPORT, OK US","2004-04-16","0.00","86","63"
"USW00053913","GUTHRIE MUNICIPAL AIRPORT, OK US","2004-04-17","0.00","83","63"
"USW00053913","GUTHRIE MUNICIPAL AIRPORT, OK US","2004-04-18","0.00","74","66"
"USW00053913","GUTHRIE MUNICIPAL AIRPORT, OK US","2004-04-19","0.00","73","65"
"USW00053913","GUTHRIE MUNICIPAL AIRPORT, OK US","2004-04-20","0.01","83","62"
"USW00053913","GUTHRIE MUNICIPAL AIRPORT, OK US","2004-04-21","0.00","81","54"
"USW00053913","GUTHRIE MUNICIPAL AIRPORT, OK US","2004-04-22","0.10","72","57"
"USW00053913","GUTHRIE MUNICIPAL AIRPORT, OK US","2004-04-23","0.04","60","55"
"USW00053913","GUTHRIE MUNICIPAL AIRPORT, OK US","2004-04-24","0.00","69","49"
"USW00053913","GUTHRIE MUNICIPAL AIRPORT, OK US","2004-04-25","0.00","72","44"
"USW00053913","GUTHRIE MUNICIPAL AIRPORT, OK US","2004-04-26","0.00","75","49"
"USW00053913","GUTHRIE MUNICIPAL AIRPORT, OK US","2004-04-27","0.00","84","45"
"USW00053913","GUTHRIE MUNICIPAL AIRPORT, OK US","2004-04-28","0.00","80","63"
"USW00053913","GUTHRIE MUNICIPAL AIRPORT, OK US","2004-04-29","0.00","80","58"
"USW00053913","GUTHRIE MUNICIPAL AIRPORT, OK US","2004-04-30","0.56","72","48"
"USW00053913","GUTHRIE MUNICIPAL AIRPORT, OK US","2004-05-01","0.00","66","45"
"USW00053913","GUTHRIE MUNICIPAL AIRPORT, OK US","2004-05-02","0.00","72","39"
"USW00053913","GUTHRIE MUNICIPAL AIRPORT, OK US","2004-05-03","0.00","72","40"
"USW00053913","GUTHRIE MUNICIPAL AIRPORT, OK US","2004-05-04","0.00","86","56"
"USW00053913","GUTHRIE MUNICIPAL AIRPORT, OK US","2004-05-05","0.00","86","55"
"USW00053913","GUTHRIE MUNICIPAL AIRPORT, OK US","2004-05-06","0.00","86","65"
"USW00053913","GUTHRIE MUNICIPAL AIRPORT, OK US","2004-05-07","0.00","84","64"
"USW00053913","GUTHRIE MUNICIPAL AIRPORT, OK US","2004-05-08","0.00","86","63"
"USW00053913","GUTHRIE MUNICIPAL AIRPORT, OK US","2004-05-09","0.00","82","63"
"USW00053913","GUTHRIE MUNICIPAL AIRPORT, OK US","2004-05-10","0.00","84","66"
"USW00053913","GUTHRIE MUNICIPAL AIRPORT, OK US","2004-05-11","0.00","86","68"
"USW00053913","GUTHRIE MUNICIPAL AIRPORT, OK US","2004-05-12","0.00","88","68"
"USW00053913","GUTHRIE MUNICIPAL AIRPORT, OK US","2004-05-13","0.19","83","47"
"USW00053913","GUTHRIE MUNICIPAL AIRPORT, OK US","2004-05-14","0.00","65","45"
"USW00053913","GUTHRIE MUNICIPAL AIRPORT, OK US","2004-05-15","0.00","75","42"
"USW00053913","GUTHRIE MUNICIPAL AIRPORT, OK US","2004-05-16","0.00","79","56"
"USW00053913","GUTHRIE MUNICIPAL AIRPORT, OK US","2004-05-17","0.00","84","64"
"USW00053913","GUTHRIE MUNICIPAL AIRPORT, OK US","2004-05-18","0.00","89","68"
"USW00053913","GUTHRIE MUNICIPAL AIRPORT, OK US","2004-05-19","0.00","91","72"
"USW00053913","GUTHRIE MUNICIPAL AIRPORT, OK US","2004-05-20","0.00","92","73"
"USW00053913","GUTHRIE MUNICIPAL AIRPORT, OK US","2004-05-21","0.00","87","72"
"USW00053913","GUTHRIE MUNICIPAL AIRPORT, OK US","2004-05-22","0.00","87","73"
"USW00053913","GUTHRIE MUNICIPAL AIRPORT, OK US","2004-05-23","0.00","95","74"
"USW00053913","GUTHRIE MUNICIPAL AIRPORT, OK US","2004-05-24","0.00","92","73"
"USW00053913","GUTHRIE MUNICIPAL AIRPORT, OK US","2004-05-25","0.03","75","63"
"USW00053913","GUTHRIE MUNICIPAL AIRPORT, OK US","2004-05-26","0.00","89","63"
"USW00053913","GUTHRIE MUNICIPAL AIRPORT, OK US","2004-05-27","0.00","92","72"
"USW00053913","GUTHRIE MUNICIPAL AIRPORT, OK US","2004-05-28","0.00","92","62"
"USW00053913","GUTHRIE MUNICIPAL AIRPORT, OK US","2004-05-29","1.72","90","68"
"USW00053913","GUTHRIE MUNICIPAL AIRPORT, OK US","2004-05-30","0.00","85","58"
"USW00053913","GUTHRIE MUNICIPAL AIRPORT, OK US","2004-05-31","0.00","86","51"
"USW00053913","GUTHRIE MUNICIPAL AIRPORT, OK US","2004-06-01","0.00","89","60"
"USW00053913","GUTHRIE MUNICIPAL AIRPORT, OK US","2004-06-02","0.50","86","60"
"USW00053913","GUTHRIE MUNICIPAL AIRPORT, OK US","2004-06-03","0.00","82","59"
"USW00053913","GUTHRIE MUNICIPAL AIRPORT, OK US","2004-06-04","0.09","73","61"
"USW00053913","GUTHRIE MUNICIPAL AIRPORT, OK US","2004-06-05","0.05","81","64"
"USW00053913","GUTHRIE MUNICIPAL AIRPORT, OK US","2004-06-06","0.00","88","67"
"USW00053913","GUTHRIE MUNICIPAL AIRPORT, OK US","2004-06-07","0.00","80","67"
"USW00053913","GUTHRIE MUNICIPAL AIRPORT, OK US","2004-06-08","0.00","84","71"
"USW00053913","GUTHRIE MUNICIPAL AIRPORT, OK US","2004-06-09","1.72","77","69"
"USW00053913","GUTHRIE MUNICIPAL AIRPORT, OK US","2004-06-10","0.00","86","69"
"USW00053913","GUTHRIE MUNICIPAL AIRPORT, OK US","2004-06-11","0.00","91","76"
"USW00053913","GUTHRIE MUNICIPAL AIRPORT, OK US","2004-06-12","0.00","91","73"
"USW00053913","GUTHRIE MUNICIPAL AIRPORT, OK US","2004-06-13","0.00","86","66"
"USW00053913","GUTHRIE MUNICIPAL AIRPORT, OK US","2004-06-14","0.00","93","74"
"USW00053913","GUTHRIE MUNICIPAL AIRPORT, OK US","2004-06-15","0.00","88","70"
"USW00053913","GUTHRIE MUNICIPAL AIRPORT, OK US","2004-06-16","0.00","89","69"
"USW00053913","GUTHRIE MUNICIPAL AIRPORT, OK US","2004-06-17","0.00","90","71"
"USW00053913","GUTHRIE MUNICIPAL AIRPORT, OK US","2004-06-18","0.27","85","67"
"USW00053913","GUTHRIE MUNICIPAL AIRPORT, OK US","2004-06-19","0.59","78","64"
"USW00053913","GUTHRIE MUNICIPAL AIRPORT, OK US","2004-06-20","0.60","81","62"
"USW00053913","GUTHRIE MUNICIPAL AIRPORT, OK US","2004-06-21","1.22","83","63"
"USW00053913","GUTHRIE MUNICIPAL AIRPORT, OK US","2004-06-22","1.99","78","61"
"USW00053913","GUTHRIE MUNICIPAL AIRPORT, OK US","2004-06-23","0.00","85","56"
"USW00053913","GUTHRIE MUNICIPAL AIRPORT, OK US","2004-06-24","0.00","87","58"
"USW00053913","GUTHRIE MUNICIPAL AIRPORT, OK US","2004-06-25","0.00","82","62"
"USW00053913","GUTHRIE MUNICIPAL AIRPORT, OK US","2004-06-26","0.00","85","61"
"USW00053913","GUTHRIE MUNICIPAL AIRPORT, OK US","2004-06-27","0.00","85","64"
"USW00053913","GUTHRIE MUNICIPAL AIRPORT, OK US","2004-06-28","0.73","83","67"
"USW00053913","GUTHRIE MUNICIPAL AIRPORT, OK US","2004-06-29","0.00","76","67"
"USW00053913","GUTHRIE MUNICIPAL AIRPORT, OK US","2004-06-30","0.16","77","69"
"USW00053913","GUTHRIE MUNICIPAL AIRPORT, OK US","2004-07-01","0.15","83","65"
"USW00053913","GUTHRIE MUNICIPAL AIRPORT, OK US","2004-07-02","0.01","90","74"
"USW00053913","GUTHRIE MUNICIPAL AIRPORT, OK US","2004-07-03","0.00","92","70"
"USW00053913","GUTHRIE MUNICIPAL AIRPORT, OK US","2004-07-04","0.00","94","76"
"USW00053913","GUTHRIE MUNICIPAL AIRPORT, OK US","2004-07-05","0.00","94","72"
"USW00053913","GUTHRIE MUNICIPAL AIRPORT, OK US","2004-07-06","0.71","84","65"
"USW00053913","GUTHRIE MUNICIPAL AIRPORT, OK US","2004-07-07","0.00","88","69"
"USW00053913","GUTHRIE MUNICIPAL AIRPORT, OK US","2004-07-08","0.00","93","74"
"USW00053913","GUTHRIE MUNICIPAL AIRPORT, OK US","2004-07-09","0.00","84","70"
"USW00053913","GUTHRIE MUNICIPAL AIRPORT, OK US","2004-07-10","0.00","91","69"
"USW00053913","GUTHRIE MUNICIPAL AIRPORT, OK US","2004-07-11","0.00","93","71"
"USW00053913","GUTHRIE MUNICIPAL AIRPORT, OK US","2004-07-12","0.00","94","75"
"USW00053913","GUTHRIE MUNICIPAL AIRPORT, OK US","2004-07-13","0.00","97","73"
"USW00053913","GUTHRIE MUNICIPAL AIRPORT, OK US","2004-07-14","0.00","97","71"
"USW00053913","GUTHRIE MUNICIPAL AIRPORT, OK US","2004-07-15","0.00","98","71"
"USW00053913","GUTHRIE MUNICIPAL AIRPORT, OK US","2004-07-16","0.00","92","74"
"USW00053913","GUTHRIE MUNICIPAL AIRPORT, OK US","2004-07-17","0.00","88","70"
"USW00053913","GUTHRIE MUNICIPAL AIRPORT, OK US","2004-07-18","0.00","91","63"
"USW00053913","GUTHRIE MUNICIPAL AIRPORT, OK US","2004-07-19","0.00","97","67"
"USW00053913","GUTHRIE MUNICIPAL AIRPORT, OK US","2004-07-20","0.00","99","70"
"USW00053913","GUTHRIE MUNICIPAL AIRPORT, OK US","2004-07-21","0.00","96","74"
"USW00053913","GUTHRIE MUNICIPAL AIRPORT, OK US","2004-07-22","0.00","95","73"
"USW00053913","GUTHRIE MUNICIPAL AIRPORT, OK US","2004-07-23","1.17","97","70"
"USW00053913","GUTHRIE MUNICIPAL AIRPORT, OK US","2004-07-24","0.15","80","63"
"USW00053913","GUTHRIE MUNICIPAL AIRPORT, OK US","2004-07-25","0.00","76","61"
"USW00053913","GUTHRIE MUNICIPAL AIRPORT, OK US","2004-07-26","0.00","80","59"
"USW00053913","GUTHRIE MUNICIPAL AIRPORT, OK US","2004-07-27","0.00","84","60"
"USW00053913","GUTHRIE MUNICIPAL AIRPORT, OK US","2004-07-28","0.36","73","65"
"USW00053913","GUTHRIE MUNICIPAL AIRPORT, OK US","2004-07-29","0.04","71","66"
"USW00053913","GUTHRIE MUNICIPAL AIRPORT, OK US","2004-07-30","0.00","84","68"
"USW00053913","GUTHRIE MUNICIPAL AIRPORT, OK US","2004-07-31","0.00","90","67"
"USW00053913","GUTHRIE MUNICIPAL AIRPORT, OK US","2004-08-01","0.00","94","69"
"USW00053913","GUTHRIE MUNICIPAL AIRPORT, OK US","2004-08-02","0.00","96","73"
"USW00053913","GUTHRIE MUNICIPAL AIRPORT, OK US","2004-08-03","0.00","98","72"
"USW00053913","GUTHRIE MUNICIPAL AIRPORT, OK US","2004-08-04","0.42","97","72"
"USW00053913","GUTHRIE MUNICIPAL AIRPORT, OK US","2004-08-05","0.00","85","66"
"USW00053913","GUTHRIE MUNICIPAL AIRPORT, OK US","2004-08-06","0.00","80","63"
"USW00053913","GUTHRIE MUNICIPAL AIRPORT, OK US","2004-08-07","0.00","85","67"
"USW00053913","GUTHRIE MUNICIPAL AIRPORT, OK US","2004-08-08","0.00","79","68"
"USW00053913","GUTHRIE MUNICIPAL AIRPORT, OK US","2004-08-09","0.00","92","67"
"USW00053913","GUTHRIE MUNICIPAL AIRPORT, OK US","2004-08-10",,,
"USW00053913","GUTHRIE MUNICIPAL AIRPORT, OK US","2004-08-11","1.24","91","60"
"USW00053913","GUTHRIE MUNICIPAL AIRPORT, OK US","2004-08-12","0.28","80","56"
"USW00053913","GUTHRIE MUNICIPAL AIRPORT, OK US","2004-08-13","0.00","81","58"
"USW00053913","GUTHRIE MUNICIPAL AIRPORT, OK US","2004-08-14","0.00","81","58"
"USW00053913","GUTHRIE MUNICIPAL AIRPORT, OK US","2004-08-15","0.14","73","61"
"USW00053913","GUTHRIE MUNICIPAL AIRPORT, OK US","2004-08-16","0.00","86","65"
"USW00053913","GUTHRIE MUNICIPAL AIRPORT, OK US","2004-08-17","0.00","90","68"
"USW00053913","GUTHRIE MUNICIPAL AIRPORT, OK US","2004-08-18","0.00","91","69"
"USW00053913","GUTHRIE MUNICIPAL AIRPORT, OK US","2004-08-19","0.07","79","66"
"USW00053913","GUTHRIE MUNICIPAL AIRPORT, OK US","2004-08-20","0.00","74","59"
"USW00053913","GUTHRIE MUNICIPAL AIRPORT, OK US","2004-08-21","0.00","82","55"
"USW00053913","GUTHRIE MUNICIPAL AIRPORT, OK US","2004-08-22","0.00","87","67"
"USW00053913","GUTHRIE MUNICIPAL AIRPORT, OK US","2004-08-23","0.00","90","73"
"USW00053913","GUTHRIE MUNICIPAL AIRPORT, OK US","2004-08-24","0.00","94","75"
"USW00053913","GUTHRIE MUNICIPAL AIRPORT, OK US","2004-08-25","0.00","96","78"
"USW00053913","GUTHRIE MUNICIPAL AIRPORT, OK US","2004-08-26","0.00","96","78"
"USW00053913","GUTHRIE MUNICIPAL AIRPORT, OK US","2004-08-27","0.00","95","75"
"USW00053913","GUTHRIE MUNICIPAL AIRPORT, OK US","2004-08-28","0.01","84","64"
"USW00053913","GUTHRIE MUNICIPAL AIRPORT, OK US","2004-08-29","0.00","87","58"
"USW00053913","GUTHRIE MUNICIPAL AIRPORT, OK US","2004-08-30","0.00","85","60"
"USW00053913","GUTHRIE MUNICIPAL AIRPORT, OK US","2004-08-31","0.00","88","59"
"USW00053913","GUTHRIE MUNICIPAL AIRPORT, OK US","2004-09-01","0.00","88","62"
"USW00053913","GUTHRIE MUNICIPAL AIRPORT, OK US","2004-09-02","0.00","87","67"
"USW00053913","GUTHRIE MUNICIPAL AIRPORT, OK US","2004-09-03","0.00","88","64"
"USW00053913","GUTHRIE MUNICIPAL AIRPORT, OK US","2004-09-04","0.00","90","69"
"USW00053913","GUTHRIE MUNICIPAL AIRPORT, OK US","2004-09-05","0.00","92","72"
"USW00053913","GUTHRIE MUNICIPAL AIRPORT, OK US","2004-09-06","0.00","87","59"
"USW00053913","GUTHRIE MUNICIPAL AIRPORT, OK US","2004-09-07","0.00","84","55"
"USW00053913","GUTHRIE MUNICIPAL AIRPORT, OK US","2004-09-08","0.00","83","49"
"USW00053913","GUTHRIE MUNICIPAL AIRPORT, OK US","2004-09-09","0.00","84","49"
"USW00053913","GUTHRIE MUNICIPAL AIRPORT, OK US","2004-09-10","0.00","87","56"
"USW00053913","GUTHRIE MUNICIPAL AIRPORT, OK US","2004-09-11","0.00","93","65"
"USW00053913","GUTHRIE MUNICIPAL AIRPORT, OK US","2004-09-12","0.00","92","67"
"USW00053913","GUTHRIE MUNICIPAL AIRPORT, OK US","2004-09-13","0.00","92","69"
"USW00053913","GUTHRIE MUNICIPAL AIRPORT, OK US","2004-09-14","0.00","91","73"
"USW00053913","GUTHRIE MUNICIPAL AIRPORT, OK US","2004-09-15","0.00","89","74"
"USW00053913","GUTHRIE MUNICIPAL AIRPORT, OK US","2004-09-16","0.65","87","67"
"USW00053913","GUTHRIE MUNICIPAL AIRPORT, OK US","2004-09-17","0.00","96","70"
"USW00053913","GUTHRIE MUNICIPAL AIRPORT, OK US","2004-09-18","0.00","94","74"
"USW00053913","GUTHRIE MUNICIPAL AIRPORT, OK US","2004-09-19","0.00","90","68"
"USW00053913","GUTHRIE MUNICIPAL AIRPORT, OK US","2004-09-20","0.00","87","65"
"USW00053913","GUTHRIE MUNICIPAL AIRPORT, OK US","2004-09-21","0.00","89","68"
"USW00053913","GUTHRIE MUNICIPAL AIRPORT, OK US","2004-09-22","0.00","86","65"
"USW00053913","GUTHRIE MUNICIPAL AIRPORT, OK US","2004-09-23","0.17","75","62"
"USW00053913","GUTHRIE MUNICIPAL AIRPORT, OK US","2004-09-24","0.00","85","60"
"USW00053913","GUTHRIE MUNICIPAL AIRPORT, OK US","2004-09-25","0.00","86","51"
"USW00053913","GUTHRIE MUNICIPAL AIRPORT, OK US","2004-09-26","0.00","86","60"
"USW00053913","GUTHRIE MUNICIPAL AIRPORT, OK US","2004-09-27","0.00","86","55"
"USW00053913","GUTHRIE MUNICIPAL AIRPORT, OK US","2004-09-28","0.00","83","52"
"USW00053913","GUTHRIE MUNICIPAL AIRPORT, OK US","2004-09-29","0.00","83","55"
"USW00053913","GUTHRIE MUNICIPAL AIRPORT, OK US","2004-09-30","0.00","83","61"
"USW00053913","GUTHRIE MUNICIPAL AIRPORT, OK US","2004-10-01","0.01","80","55"
"USW00053913","GUTHRIE MUNICIPAL AIRPORT, OK US","2004-10-02","0.00","72","41"
"USW00053913","GUTHRIE MUNICIPAL AIRPORT, OK US","2004-10-03","0.00","83","43"
"USW00053913","GUTHRIE MUNICIPAL AIRPORT, OK US","2004-10-04","0.00","82","57"
"USW00053913","GUTHRIE MUNICIPAL AIRPORT, OK US","2004-10-05","0.00","80","51"
"USW00053913","GUTHRIE MUNICIPAL AIRPORT, OK US","2004-10-06","0.09","75","60"
"USW00053913","GUTHRIE MUNICIPAL AIRPORT, OK US","2004-10-07","0.27","76","63"
"USW00053913","GUTHRIE MUNICIPAL AIRPORT, OK US","2004-10-08","0.00","84","58"
"USW00053913","GUTHRIE MUNICIPAL AIRPORT, OK US","2004-10-09","0.00","71","57"
"USW00053913","GUTHRIE MUNICIPAL AIRPORT, OK US","2004-10-10","2.01","62","57"
"USW00053913","GUTHRIE MUNICIPAL AIRPORT, OK US","2004-10-11","0.02","61","50"
"USW00053913","GUTHRIE MUNICIPAL AIRPORT, OK US","2004-10-12","0.00","69","46"
"USW00053913","GUTHRIE MUNICIPAL AIRPORT, OK US","2004-10-13","0.00","71","45"
"USW00053913","GUTHRIE MUNICIPAL AIRPORT, OK US","2004-10-14","0.00","62","41"
"USW00053913","GUTHRIE MUNICIPAL AIRPORT, OK US","2004-10-15","0.00","73","45"
"USW00053913","GUTHRIE MUNICIPAL AIRPORT, OK US","2004-10-16","0.00","68","42"
"USW00053913","GUTHRIE MUNICIPAL AIRPORT, OK US","2004-10-17","0.00","72","50"
"USW00053913","GUTHRIE MUNICIPAL AIRPORT, OK US","2004-10-18","0.00","77","54"
"USW00053913","GUTHRIE MUNICIPAL AIRPORT, OK US","2004-10-19","0.00","59","54"
"USW00053913","GUTHRIE MUNICIPAL AIRPORT, OK US","2004-10-20","0.00","76","56"
"USW00053913","GUTHRIE MUNICIPAL AIRPORT, OK US","2004-10-21","0.00","90","57"
"USW00053913","GUTHRIE MUNICIPAL AIRPORT, OK US","2004-10-22","0.03","76","66"
"USW00053913","GUTHRIE MUNICIPAL AIRPORT, OK US","2004-10-23","0.00","74","48"
"USW00053913","GUTHRIE MUNICIPAL AIRPORT, OK US","2004-10-24","0.00","83","46"
"USW00053913","GUTHRIE MUNICIPAL AIRPORT, OK US","2004-10-25","0.00","71","58"
"USW00053913","GUTHRIE MUNICIPAL AIRPORT, OK US","2004-10-26","0.21","78","67"
"USW00053913","GUTHRIE MUNICIPAL AIRPORT, OK US","2004-10-27","0.00","76","65"
"USW00053913","GUTHRIE MUNICIPAL AIRPORT, OK US","2004-10-28","0.00","79","67"
"USW00053913","GUTHRIE MUNICIPAL AIRPORT, OK US","2004-10-29","0.00","84","59"
"USW00053913","GUTHRIE MUNICIPAL AIRPORT, OK US","2004-10-30","0.00","71","43"
"USW00053913","GUTHRIE MUNICIPAL AIRPORT, OK US","2004-10-31","0.18","67","50"
"USW00053913","GUTHRIE MUNICIPAL AIRPORT, OK US","2004-11-01","0.06","68","51"
"USW00053913","GUTHRIE MUNICIPAL AIRPORT, OK US","2004-11-02","0.06","51","48"
"USW00053913","GUTHRIE MUNICIPAL AIRPORT, OK US","2004-11-03","0.44","48","38"
"USW00053913","GUTHRIE MUNICIPAL AIRPORT, OK US","2004-11-04","0.00","60","33"
"USW00053913","GUTHRIE MUNICIPAL AIRPORT, OK US","2004-11-05","0.00","67","36"
"USW00053913","GUTHRIE MUNICIPAL AIRPORT, OK US","2004-11-06","0.00","76","43"
"USW00053913","GUTHRIE MUNICIPAL AIRPORT, OK US","2004-11-07","0.00","76","41"
"USW00053913","GUTHRIE MUNICIPAL AIRPORT, OK US","2004-11-08","0.00","71","43"
"USW00053913","GUTHRIE MUNICIPAL AIRPORT, OK US","2004-11-09","0.00","69","50"
"USW00053913","GUTHRIE MUNICIPAL AIRPORT, OK US","2004-11-10","0.26","62","51"
"USW00053913","GUTHRIE MUNICIPAL AIRPORT, OK US","2004-11-11","0.00","53","40"
"USW00053913","GUTHRIE MUNICIPAL AIRPORT, OK US","2004-11-12","0.00","56","40"
"USW00053913","GUTHRIE MUNICIPAL AIRPORT, OK US","2004-11-13","0.00","51","34"
"USW00053913","GUTHRIE MUNICIPAL AIRPORT, OK US","2004-11-14","0.00","54","44"
"USW00053913","GUTHRIE MUNICIPAL AIRPORT, OK US","2004-11-15","0.48","55","47"
"USW00053913","GUTHRIE MUNICIPAL AIRPORT, OK US","2004-11-16","0.00","63","55"
"USW00053913","GUTHRIE MUNICIPAL AIRPORT, OK US","2004-11-17","0.46","64","57"
"USW00053913","GUTHRIE MUNICIPAL AIRPORT, OK US","2004-11-18","0.00","62","55"
"USW00053913","GUTHRIE MUNICIPAL AIRPORT, OK US","2004-11-19","0.00","57","48"
"USW00053913","GUTHRIE MUNICIPAL AIRPORT, OK US","2004-11-20","0.02","57","47"
"USW00053913","GUTHRIE MUNICIPAL AIRPORT, OK US","2004-11-21","0.35","49","46"
"USW00053913","GUTHRIE MUNICIPAL AIRPORT, OK US","2004-11-22","0.00","51","45"
"USW00053913","GUTHRIE MUNICIPAL AIRPORT, OK US","2004-11-23","0.44","54","41"
"USW00053913","GUTHRIE MUNICIPAL AIRPORT, OK US","2004-11-24","0.00","46","31"
"USW00053913","GUTHRIE MUNICIPAL AIRPORT, OK US","2004-11-25","0.00","60","30"
"USW00053913","GUTHRIE MUNICIPAL AIRPORT, OK US","2004-11-26","0.00","68","48"
"USW00053913","GUTHRIE MUNICIPAL AIRPORT, OK US","2004-11-27","0.00","54","36"
"USW00053913","GUTHRIE MUNICIPAL AIRPORT, OK US","2004-11-28","0.00","53","37"
"USW00053913","GUTHRIE MUNICIPAL AIRPORT, OK US","2004-11-29","0.00","52","34"
"USW00053913","GUTHRIE MUNICIPAL AIRPORT, OK US","2004-11-30","0.00","42","27"
"USW00053913","GUTHRIE MUNICIPAL AIRPORT, OK US","2004-12-01","0.00","57","26"
"USW00053913","GUTHRIE MUNICIPAL AIRPORT, OK US","2004-12-02","0.00","50","29"
"USW00053913","GUTHRIE MUNICIPAL AIRPORT, OK US","2004-12-03","0.00","55","26"
"USW00053913","GUTHRIE MUNICIPAL AIRPORT, OK US","2004-12-04","0.00","59","29"
"USW00053913","GUTHRIE MUNICIPAL AIRPORT, OK US","2004-12-05","0.08","60","46"
"USW00053913","GUTHRIE MUNICIPAL AIRPORT, OK US","2004-12-06","0.39","54","43"
"USW00053913","GUTHRIE MUNICIPAL AIRPORT, OK US","2004-12-07","0.01","59","33"
"USW00053913","GUTHRIE MUNICIPAL AIRPORT, OK US","2004-12-08","0.00","63","38"
"USW00053913","GUTHRIE MUNICIPAL AIRPORT, OK US","2004-12-09","0.00","63","33"
"USW00053913","GUTHRIE MUNICIPAL AIRPORT, OK US","2004-12-10","0.00","56","37"
"USW00053913","GUTHRIE MUNICIPAL AIRPORT, OK US","2004-12-11","0.00","59","28"
"USW00053913","GUTHRIE MUNICIPAL AIRPORT, OK US","2004-12-12","0.00","63","38"
"USW00053913","GUTHRIE MUNICIPAL AIRPORT, OK US","2004-12-13","0.00","46","29"
"USW00053913","GUTHRIE MUNICIPAL AIRPORT, OK US","2004-12-14","0.00","41","20"
"USW00053913","GUTHRIE MUNICIPAL AIRPORT, OK US","2004-12-15","0.00","46","27"
"USW00053913","GUTHRIE MUNICIPAL AIRPORT, OK US","2004-12-16","0.00","55","31"
"USW00053913","GUTHRIE MUNICIPAL AIRPORT, OK US","2004-12-17","0.00","57","25"
"USW00053913","GUTHRIE MUNICIPAL AIRPORT, OK US","2004-12-18","0.00","58","28"
"USW00053913","GUTHRIE MUNICIPAL AIRPORT, OK US","2004-12-19","0.00","39","27"
"USW00053913","GUTHRIE MUNICIPAL AIRPORT, OK US","2004-12-20","0.00","67","30"
"USW00053913","GUTHRIE MUNICIPAL AIRPORT, OK US","2004-12-21","0.00","50","32"
"USW00053913","GUTHRIE MUNICIPAL AIRPORT, OK US","2004-12-22","0.00","33","16"
"USW00053913","GUTHRIE MUNICIPAL AIRPORT, OK US","2004-12-23","0.00","25","11"
"USW00053913","GUTHRIE MUNICIPAL AIRPORT, OK US","2004-12-24","0.00","28","7"
"USW00053913","GUTHRIE MUNICIPAL AIRPORT, OK US","2004-12-25","0.00","52","20"
"USW00053913","GUTHRIE MUNICIPAL AIRPORT, OK US","2004-12-26","0.00","61","27"
"USW00053913","GUTHRIE MUNICIPAL AIRPORT, OK US","2004-12-27","0.00","58","40"
"USW00053913","GUTHRIE MUNICIPAL AIRPORT, OK US","2004-12-28","0.00","62","45"
"USW00053913","GUTHRIE MUNICIPAL AIRPORT, OK US","2004-12-29","0.00","64","42"
"USW00053913","GUTHRIE MUNICIPAL AIRPORT, OK US","2004-12-30","0.00","71","56"
"USW00053913","GUTHRIE MUNICIPAL AIRPORT, OK US","2004-12-31","0.00","71","49"
"USW00053913","GUTHRIE MUNICIPAL AIRPORT, OK US","2005-01-01","0.00","71","59"
"USW00053913","GUTHRIE MUNICIPAL AIRPORT, OK US","2005-01-02","0.00","67","37"
"USW00053913","GUTHRIE MUNICIPAL AIRPORT, OK US","2005-01-03","0.00","41","36"
"USW00053913","GUTHRIE MUNICIPAL AIRPORT, OK US","2005-01-04","0.74","37","33"
"USW00053913","GUTHRIE MUNICIPAL AIRPORT, OK US","2005-01-05","0.96","34","12"
"USW00053913","GUTHRIE MUNICIPAL AIRPORT, OK US","2005-01-06","0.00","35","10"
"USW00053913","GUTHRIE MUNICIPAL AIRPORT, OK US","2005-01-07","0.00","38","22"
"USW00053913","GUTHRIE MUNICIPAL AIRPORT, OK US","2005-01-08","0.00","47","24"
"USW00053913","GUTHRIE MUNICIPAL AIRPORT, OK US","2005-01-09","0.00","66","42"
"USW00053913","GUTHRIE MUNICIPAL AIRPORT, OK US","2005-01-10","0.00","62","34"
"USW00053913","GUTHRIE MUNICIPAL AIRPORT, OK US","2005-01-11","0.00","34","30"
"USW00053913","GUTHRIE MUNICIPAL AIRPORT, OK US","2005-01-12","0.00","64","32"
"USW00053913","GUTHRIE MUNICIPAL AIRPORT, OK US","2005-01-13","0.00","44","26"
"USW00053913","GUTHRIE MUNICIPAL AIRPORT, OK US","2005-01-14","0.00","29","16"
"USW00053913","GUTHRIE MUNICIPAL AIRPORT, OK US","2005-01-15","0.00","25","18"
"USW00053913","GUTHRIE MUNICIPAL AIRPORT, OK US","2005-01-16","0.00","28","12"
"USW00053913","GUTHRIE MUNICIPAL AIRPORT, OK US","2005-01-17","0.00","38","14"
"USW00053913","GUTHRIE MUNICIPAL AIRPORT, OK US","2005-01-18","0.00","49","23"
"USW00053913","GUTHRIE MUNICIPAL AIRPORT, OK US","2005-01-19","0.00","59","31"
"USW00053913","GUTHRIE MUNICIPAL AIRPORT, OK US","2005-01-20","0.00","70","35"
"USW00053913","GUTHRIE MUNICIPAL AIRPORT, OK US","2005-01-21","0.00","75","33"
"USW00053913","GUTHRIE MUNICIPAL AIRPORT, OK US","2005-01-22","0.00","54","20"
"USW00053913","GUTHRIE MUNICIPAL AIRPORT, OK US","2005-01-23","0.00","41","13"
"USW00053913","GUTHRIE MUNICIPAL AIRPORT, OK US","2005-01-24","0.00","64","32"
"USW00053913","GUTHRIE MUNICIPAL AIRPORT, OK US","2005-01-25","0.00","71","43"
"USW00053913","GUTHRIE MUNICIPAL AIRPORT, OK US","2005-01-26","0.00","59","36"
"USW00053913","GUTHRIE MUNICIPAL AIRPORT, OK US","2005-01-27","0.00","42","34"
"USW00053913","GUTHRIE MUNICIPAL AIRPORT, OK US","2005-01-28","0.20","40","32"
"USW00053913","GUTHRIE MUNICIPAL AIRPORT, OK US","2005-01-29","0.00","36","31"
"USW00053913","GUTHRIE MUNICIPAL AIRPORT, OK US","2005-01-30","0.01","33","30"
"USW00053913","GUTHRIE MUNICIPAL AIRPORT, OK US","2005-01-31","0.00","39","32"
"USW00053913","GUTHRIE MUNICIPAL AIRPORT, OK US","2005-02-01","0.01","39","34"
"USW00053913","GUTHRIE MUNICIPAL AIRPORT, OK US","2005-02-02","0.00","46","32"
"USW00053913","GUTHRIE MUNICIPAL AIRPORT, OK US","2005-02-03","0.00","57","26"
"USW00053913","GUTHRIE MUNICIPAL AIRPORT, OK US","2005-02-04","0.00","62","32"
"USW00053913","GUTHRIE MUNICIPAL AIRPORT, OK US","2005-02-05","0.03","60","37"
"USW00053913","GUTHRIE MUNICIPAL AIRPORT, OK US","2005-02-06","0.18","52","44"
"USW00053913","GUTHRIE MUNICIPAL AIRPORT, OK US","2005-02-07","0.00","50","32"
"USW00053913","GUTHRIE MUNICIPAL AIRPORT, OK US","2005-02-08","0.08","38","27"
"USW00053913","GUTHRIE MUNICIPAL AIRPORT, OK US","2005-02-09","0.00","44","21"
"USW00053913","GUTHRIE MUNICIPAL AIRPORT, OK US","2005-02-10","0.00","61","27"
"USW00053913","GUTHRIE MUNICIPAL AIRPORT, OK US","2005-02-11","0.00","61","35"
"USW00053913","GUTHRIE MUNICIPAL AIRPORT, OK US","2005-02-12","0.00","55","47"
"USW00053913","GUTHRIE MUNICIPAL AIRPORT, OK US","2005-02-13","0.00","70","44"
"USW00053913","GUTHRIE MUNICIPAL AIRPORT, OK US","2005-02-14","0.00","76","38"
"USW00053913","GUTHRIE MUNICIPAL AIRPORT, OK US","2005-02-15","0.00","63","42"
"USW00053913","GUTHRIE MUNICIPAL AIRPORT, OK US","2005-02-16","0.00","47","36"
"USW00053913","GUTHRIE MUNICIPAL AIRPORT, OK US","2005-02-17","0.00","52","30"
"USW00053913","GUTHRIE MUNICIPAL AIRPORT, OK US","2005-02-18","0.00","57","32"
"USW00053913","GUTHRIE MUNICIPAL AIRPORT, OK US","2005-02-19","0.00","58","43"
"USW00053913","GUTHRIE MUNICIPAL AIRPORT, OK US","2005-02-20","0.02","76","53"
"USW00053913","GUTHRIE MUNICIPAL AIRPORT, OK US","2005-02-21","0.00","55","42"
"USW00053913","GUTHRIE MUNICIPAL AIRPORT, OK US","2005-02-22","0.00","57","40"
"USW00053913","GUTHRIE MUNICIPAL AIRPORT, OK US","2005-02-23","0.53","45","37"
"USW00053913","GUTHRIE MUNICIPAL AIRPORT, OK US","2005-02-24","0.00","53","32"
"USW00053913","GUTHRIE MUNICIPAL AIRPORT, OK US","2005-02-25","0.00","59","30"
"USW00053913","GUTHRIE MUNICIPAL AIRPORT, OK US","2005-02-26","0.00","59","41"
"USW00053913","GUTHRIE MUNICIPAL AIRPORT, OK US","2005-02-27","0.00","50","40"
"USW00053913","GUTHRIE MUNICIPAL AIRPORT, OK US","2005-02-28","0.00","56","29"
"USW00053913","GUTHRIE MUNICIPAL AIRPORT, OK US","2005-03-01","0.00","48","24"
"USW00053913","GUTHRIE MUNICIPAL AIRPORT, OK US","2005-03-02","0.00","63","37"
"USW00053913","GUTHRIE MUNICIPAL AIRPORT, OK US","2005-03-03","0.00","64","39"
"USW00053913","GUTHRIE MUNICIPAL AIRPORT, OK US","2005-03-04","0.00","70","44"
"USW00053913","GUTHRIE MUNICIPAL AIRPORT, OK US","2005-03-05","0.00","68","41"
"USW00053913","GUTHRIE MUNICIPAL AIRPORT, OK US","2005-03-06","0.00","69","49"
"USW00053913","GUTHRIE MUNICIPAL AIRPORT, OK US","2005-03-07","0.00","65","39"
"USW00053913","GUTHRIE MUNICIPAL AIRPORT, OK US","2005-03-08","0.00","61","29"
"USW00053913","GUTHRIE MUNICIPAL AIRPORT, OK US","2005-03-09","0.00","55","34"
"USW00053913","GUTHRIE MUNICIPAL AIRPORT, OK US","2005-03-10","0.00","65","36"
"USW00053913","GUTHRIE MUNICIPAL AIRPORT, OK US","2005-03-11","0.00","70","31"
"USW00053913","GUTHRIE MUNICIPAL AIRPORT, OK US","2005-03-12","0.00","81","50"
"USW00053913","GUTHRIE MUNICIPAL AIRPORT, OK US","2005-03-13","0.00","53","36"
"USW00053913","GUTHRIE MUNICIPAL AIRPORT, OK US","2005-03-14","0.00","54","34"
"USW00053913","GUTHRIE MUNICIPAL AIRPORT, OK US","2005-03-15","0.06","47","39"
"USW00053913","GUTHRIE MUNICIPAL AIRPORT, OK US","2005-03-16","0.00","53","35"
"USW00053913","GUTHRIE MUNICIPAL AIRPORT, OK US","2005-03-17","0.00","62","31"
"USW00053913","GUTHRIE MUNICIPAL AIRPORT, OK US","2005-03-18","0.00","67","45"
"USW00053913","GUTHRIE MUNICIPAL AIRPORT, OK US","2005-03-19","0.00","61","32"
"USW00053913","GUTHRIE MUNICIPAL AIRPORT, OK US","2005-03-20","0.05","73","43"
"USW00053913","GUTHRIE MUNICIPAL AIRPORT, OK US","2005-03-21","0.29","67","49"
"USW00053913","GUTHRIE MUNICIPAL AIRPORT, OK US","2005-03-22","0.00","49","40"
"USW00053913","GUTHRIE MUNICIPAL AIRPORT, OK US","2005-03-23","0.00","50","38"
"USW00053913","GUTHRIE MUNICIPAL AIRPORT, OK US","2005-03-24","0.00","74","41"
"USW00053913","GUTHRIE MUNICIPAL AIRPORT, OK US","2005-03-25","0.00","51","42"
"USW00053913","GUTHRIE MUNICIPAL AIRPORT, OK US","2005-03-26","0.00","47","41"
"USW00053913","GUTHRIE MUNICIPAL AIRPORT, OK US","2005-03-27","0.00","57","37"
"USW00053913","GUTHRIE MUNICIPAL AIRPORT, OK US","2005-03-28","0.00","78","35"
"USW00053913","GUTHRIE MUNICIPAL AIRPORT, OK US","2005-03-29","0.00","77","60"
"USW00053913","GUTHRIE MUNICIPAL AIRPORT, OK US","2005-03-30","0.00","69","52"
"USW00053913","GUTHRIE MUNICIPAL AIRPORT, OK US","2005-03-31","0.01","70","48"
"USW00053913","GUTHRIE MUNICIPAL AIRPORT, OK US","2005-04-01","0.00","64","39"
"USW00053913","GUTHRIE MUNICIPAL AIRPORT, OK US","2005-04-02","0.00","77","37"
"USW00053913","GUTHRIE MUNICIPAL AIRPORT, OK US","2005-04-03","0.00","80","53"
"USW00053913","GUTHRIE MUNICIPAL AIRPORT, OK US","2005-04-04","0.00","79","59"
"USW00053913","GUTHRIE MUNICIPAL AIRPORT, OK US","2005-04-05","0.00","81","56"
"USW00053913","GUTHRIE MUNICIPAL AIRPORT, OK US","2005-04-06","0.17","60","52"
"USW00053913","GUTHRIE MUNICIPAL AIRPORT, OK US","2005-04-07","0.00","72","50"
"USW00053913","GUTHRIE MUNICIPAL AIRPORT, OK US","2005-04-08","0.00","75","43"
"USW00053913","GUTHRIE MUNICIPAL AIRPORT, OK US","2005-04-09","0.00","81","58"
"USW00053913","GUTHRIE MUNICIPAL AIRPORT, OK US","2005-04-10","0.00","69","62"
"USW00053913","GUTHRIE MUNICIPAL AIRPORT, OK US","2005-04-11","0.00","64","47"
"USW00053913","GUTHRIE MUNICIPAL AIRPORT, OK US","2005-04-12","0.00","71","45"
"USW00053913","GUTHRIE MUNICIPAL AIRPORT, OK US","2005-04-13","0.00","66","40"
"USW00053913","GUTHRIE MUNICIPAL AIRPORT, OK US","2005-04-14","0.00","75","44"
"USW00053913","GUTHRIE MUNICIPAL AIRPORT, OK US","2005-04-15","0.00","79","48"
"USW00053913","GUTHRIE MUNICIPAL AIRPORT, OK US","2005-04-16","0.00","77","49"
"USW00053913","GUTHRIE MUNICIPAL AIRPORT, OK US","2005-04-17","0.00","81","60"
"USW00053913","GUTHRIE MUNICIPAL AIRPORT, OK US","2005-04-18","0.00","75","63"
"USW00053913","GUTHRIE MUNICIPAL AIRPORT, OK US","2005-04-19","0.00","76","65"
"USW00053913","GUTHRIE MUNICIPAL AIRPORT, OK US","2005-04-20","0.00","84","66"
"USW00053913","GUTHRIE MUNICIPAL AIRPORT, OK US","2005-04-21","0.00","84","52"
"USW00053913","GUTHRIE MUNICIPAL AIRPORT, OK US","2005-04-22","0.00","72","48"
"USW00053913","GUTHRIE MUNICIPAL AIRPORT, OK US","2005-04-23","0.00","63","40"
"USW00053913","GUTHRIE MUNICIPAL AIRPORT, OK US","2005-04-24","0.00","67","36"
"USW00053913","GUTHRIE MUNICIPAL AIRPORT, OK US","2005-04-25","0.00","71","47"
"USW00053913","GUTHRIE MUNICIPAL AIRPORT, OK US","2005-04-26","0.00","73","37"
"USW00053913","GUTHRIE MUNICIPAL AIRPORT, OK US","2005-04-27","0.00","74","42"
"USW00053913","GUTHRIE MUNICIPAL AIRPORT, OK US","2005-04-28","0.00","67","54"
"USW00053913","GUTHRIE MUNICIPAL AIRPORT, OK US","2005-04-29","0.00","54","44"
"USW00053913","GUTHRIE MUNICIPAL AIRPORT, OK US","2005-04-30","0.00","66","37"
"USW00053913","GUTHRIE MUNICIPAL AIRPORT, OK US","2005-05-01","0.00","59","40"
"USW00053913","GUTHRIE MUNICIPAL AIRPORT, OK US","2005-05-02","0.01","59","43"
"USW00053913","GUTHRIE MUNICIPAL AIRPORT, OK US","2005-05-03","0.00","61","39"
"USW00053913","GUTHRIE MUNICIPAL AIRPORT, OK US","2005-05-04","0.00","61","37"
"USW00053913","GUTHRIE MUNICIPAL AIRPORT, OK US","2005-05-05","0.00","69","54"
"USW00053913","GUTHRIE MUNICIPAL AIRPORT, OK US","2005-05-06","0.00","82","57"
"USW00053913","GUTHRIE MUNICIPAL AIRPORT, OK US","2005-05-07","0.00","77","62"
"USW00053913","GUTHRIE MUNICIPAL AIRPORT, OK US","2005-05-08","0.00","85","65"
"USW00053913","GUTHRIE MUNICIPAL AIRPORT, OK US","2005-05-09","0.00","82","60"
"USW00053913","GUTHRIE MUNICIPAL AIRPORT, OK US","2005-05-10","0.00","93","63"
"USW00053913","GUTHRIE MUNICIPAL AIRPORT, OK US","2005-05-11","0.00","89","70"
"USW00053913","GUTHRIE MUNICIPAL AIRPORT, OK US","2005-05-12","0.00","80","71"
"USW00053913","GUTHRIE MUNICIPAL AIRPORT, OK US","2005-05-13","1.31","76","61"
"USW00053913","GUTHRIE MUNICIPAL AIRPORT, OK US","2005-05-14","0.00","78","57"
"USW00053913","GUTHRIE MUNICIPAL AIRPORT, OK US","2005-05-15","0.00","69","50"
"USW00053913","GUTHRIE MUNICIPAL AIRPORT, OK US","2005-05-16","0.00","78","55"
"USW00053913","GUTHRIE MUNICIPAL AIRPORT, OK US","2005-05-17","0.00","83","60"
"USW00053913","GUTHRIE MUNICIPAL AIRPORT, OK US","2005-05-18","0.00","81","70"
"USW00053913","GUTHRIE MUNICIPAL AIRPORT, OK US","2005-05-19","0.00","86","69"
"USW00053913","GUTHRIE MUNICIPAL AIRPORT, OK US","2005-05-20","0.00","95","67"
"USW00053913","GUTHRIE MUNICIPAL AIRPORT, OK US","2005-05-21","0.00","98","71"
"USW00053913","GUTHRIE MUNICIPAL AIRPORT, OK US","2005-05-22","0.00","99","73"
"USW00053913","GUTHRIE MUNICIPAL AIRPORT, OK US","2005-05-23","0.00","96","74"
"USW00053913","GUTHRIE MUNICIPAL AIRPORT, OK US","2005-05-24","0.00","89","67"
"USW00053913","GUTHRIE MUNICIPAL AIRPORT, OK US","2005-05-25","0.00","81","64"
"USW00053913","GUTHRIE MUNICIPAL AIRPORT, OK US","2005-05-26","0.16","74","54"
"USW00053913","GUTHRIE MUNICIPAL AIRPORT, OK US","2005-05-27","0.00","70","57"
"USW00053913","GUTHRIE MUNICIPAL AIRPORT, OK US","2005-05-28","0.00","82","53"
"USW00053913","GUTHRIE MUNICIPAL AIRPORT, OK US","2005-05-29","0.00","82","63"
"USW00053913","GUTHRIE MUNICIPAL AIRPORT, OK US","2005-05-30","0.00","82","62"
"USW00053913","GUTHRIE MUNICIPAL AIRPORT, OK US","2005-05-31","0.02","80","61"
"USW00053913","GUTHRIE MUNICIPAL AIRPORT, OK US","2005-06-01","0.00","82","59"
"USW00053913","GUTHRIE MUNICIPAL AIRPORT, OK US","2005-06-02","0.00","88","63"
"USW00053913","GUTHRIE MUNICIPAL AIRPORT, OK US","2005-06-03","0.00","85","70"
"USW00053913","GUTHRIE MUNICIPAL AIRPORT, OK US","2005-06-04","0.08","93","68"
"USW00053913","GUTHRIE MUNICIPAL AIRPORT, OK US","2005-06-05","0.00","83","63"
"USW00053913","GUTHRIE MUNICIPAL AIRPORT, OK US","2005-06-06","0.00","91","66"
"USW00053913","GUTHRIE MUNICIPAL AIRPORT, OK US","2005-06-07","0.00","92","71"
"USW00053913","GUTHRIE MUNICIPAL AIRPORT, OK US","2005-06-08","0.00","95","78"
"USW00053913","GUTHRIE MUNICIPAL AIRPORT, OK US","2005-06-09","0.15","88","66"
"USW00053913","GUTHRIE MUNICIPAL AIRPORT, OK US","2005-06-10","0.07","84","64"
"USW00053913","GUTHRIE MUNICIPAL AIRPORT, OK US","2005-06-11","0.89","86","62"
"USW00053913","GUTHRIE MUNICIPAL AIRPORT, OK US","2005-06-12","1.45","89","63"
"USW00053913","GUTHRIE MUNICIPAL AIRPORT, OK US","2005-06-13","0.00","88","64"
"USW00053913","GUTHRIE MUNICIPAL AIRPORT, OK US","2005-06-14","0.00","87","60"
"USW00053913","GUTHRIE MUNICIPAL AIRPORT, OK US","2005-06-15","0.00","88","63"
"USW00053913","GUTHRIE MUNICIPAL AIRPORT, OK US","2005-06-16","2.39","86","64"
"USW00053913","GUTHRIE MUNICIPAL AIRPORT, OK US","2005-06-17","0.14","82","64"
"USW00053913","GUTHRIE MUNICIPAL AIRPORT, OK US","2005-06-18","0.00","85","66"
"USW00053913","GUTHRIE MUNICIPAL AIRPORT, OK US","2005-06-19","0.00","87","69"
"USW00053913","GUTHRIE MUNICIPAL AIRPORT, OK US","2005-06-20","0.00","89","68"
"USW00053913","GUTHRIE MUNICIPAL AIRPORT, OK US","2005-06-21","0.00","88","63"
"USW00053913","GUTHRIE MUNICIPAL AIRPORT, OK US","2005-06-22","0.00","90","67"
"USW00053913","GUTHRIE MUNICIPAL AIRPORT, OK US","2005-06-23","0.00","93","72"
"USW00053913","GUTHRIE MUNICIPAL AIRPORT, OK US","2005-06-24","0.00","94","73"
"USW00053913","GUTHRIE MUNICIPAL AIRPORT, OK US","2005-06-25","0.00","93","73"
"USW00053913","GUTHRIE MUNICIPAL AIRPORT, OK US","2005-06-26","0.00","95","74"
"USW00053913","GUTHRIE MUNICIPAL AIRPORT, OK US","2005-06-27","0.00","95","72"
"USW00053913","GUTHRIE MUNICIPAL AIRPORT, OK US","2005-06-28","0.00","96","73"
"USW00053913","GUTHRIE MUNICIPAL AIRPORT, OK US","2005-06-29","0.00","97","72"
"USW00053913","GUTHRIE MUNICIPAL AIRPORT, OK US","2005-06-30","0.00","100","74"
"USW00053913","GUTHRIE MUNICIPAL AIRPORT, OK US","2005-07-01","0.00","88","69"
"USW00053913","GUTHRIE MUNICIPAL AIRPORT, OK US","2005-07-02","0.00","90","69"
"USW00053913","GUTHRIE MUNICIPAL AIRPORT, OK US","2005-07-03","0.00","96","70"
"USW00053913","GUTHRIE MUNICIPAL AIRPORT, OK US","2005-07-04","1.50","85","64"
"USW00053913","GUTHRIE MUNICIPAL AIRPORT, OK US","2005-07-05","0.90","87","65"
"USW00053913","GUTHRIE MUNICIPAL AIRPORT, OK US","2005-07-06","0.00","86","68"
"USW00053913","GUTHRIE MUNICIPAL AIRPORT, OK US","2005-07-07","0.00","85","69"
"USW00053913","GUTHRIE MUNICIPAL AIRPORT, OK US","2005-07-08","0.00","90","67"
"USW00053913","GUTHRIE MUNICIPAL AIRPORT, OK US","2005-07-09","0.00","90","68"
"USW00053913","GUTHRIE MUNICIPAL AIRPORT, OK US","2005-07-10","0.00","91","70"
"USW00053913","GUTHRIE MUNICIPAL AIRPORT, OK US","2005-07-11","0.00","93","70"
"USW00053913","GUTHRIE MUNICIPAL AIRPORT, OK US","2005-07-12","0.12","95","71"
"USW00053913","GUTHRIE MUNICIPAL AIRPORT, OK US","2005-07-13","0.00","93","70"
"USW00053913","GUTHRIE MUNICIPAL AIRPORT, OK US","2005-07-14","0.63","89","72"
"USW00053913","GUTHRIE MUNICIPAL AIRPORT, OK US","2005-07-15","0.00","92","72"
"USW00053913","GUTHRIE MUNICIPAL AIRPORT, OK US","2005-07-16","0.00","90","70"
"USW00053913","GUTHRIE MUNICIPAL AIRPORT, OK US","2005-07-17","0.00","94","72"
"USW00053913","GUTHRIE MUNICIPAL AIRPORT, OK US","2005-07-18","0.00","95","74"
"USW00053913","GUTHRIE MUNICIPAL AIRPORT, OK US","2005-07-19","0.00","96","74"
"USW00053913","GUTHRIE MUNICIPAL AIRPORT, OK US","2005-07-20","0.00","98","77"
"USW00053913","GUTHRIE MUNICIPAL AIRPORT, OK US","2005-07-21","0.00","99","73"
"USW00053913","GUTHRIE MUNICIPAL AIRPORT, OK US","2005-07-22","0.00","102","75"
"USW00053913","GUTHRIE MUNICIPAL AIRPORT, OK US","2005-07-23","0.00","101","75"
"USW00053913","GUTHRIE MUNICIPAL AIRPORT, OK US","2005-07-24","0.00","98","73"
"USW00053913","GUTHRIE MUNICIPAL AIRPORT, OK US","2005-07-25","0.00","99","79"
"USW00053913","GUTHRIE MUNICIPAL AIRPORT, OK US","2005-07-26","0.00","92","68"
"USW00053913","GUTHRIE MUNICIPAL AIRPORT, OK US","2005-07-27","0.00","82","63"
"USW00053913","GUTHRIE MUNICIPAL AIRPORT, OK US","2005-07-28","0.00","88","55"
"USW00053913","GUTHRIE MUNICIPAL AIRPORT, OK US","2005-07-29","0.00","92","59"
"USW00053913","GUTHRIE MUNICIPAL AIRPORT, OK US","2005-07-30","0.00","95","64"
"USW00053913","GUTHRIE MUNICIPAL AIRPORT, OK US","2005-07-31","0.00","95","69"
"USW00053913","GUTHRIE MUNICIPAL AIRPORT, OK US","2005-08-01","0.00","99","64"
"USW00053913","GUTHRIE MUNICIPAL AIRPORT, OK US","2005-08-02","0.00","98","73"
"USW00053913","GUTHRIE MUNICIPAL AIRPORT, OK US","2005-08-03","0.00","99","73"
"USW00053913","GUTHRIE MUNICIPAL AIRPORT, OK US","2005-08-04","0.00","97","74"
"USW00053913","GUTHRIE MUNICIPAL AIRPORT, OK US","2005-08-05","0.17","93","71"
"USW00053913","GUTHRIE MUNICIPAL AIRPORT, OK US","2005-08-06","0.00","92","69"
"USW00053913","GUTHRIE MUNICIPAL AIRPORT, OK US","2005-08-07","0.00","94","72"
"USW00053913","GUTHRIE MUNICIPAL AIRPORT, OK US","2005-08-08","0.00","95","68"
"USW00053913","GUTHRIE MUNICIPAL AIRPORT, OK US","2005-08-09","0.00","95","70"
"USW00053913","GUTHRIE MUNICIPAL AIRPORT, OK US","2005-08-10","0.00","95","71"
"USW00053913","GUTHRIE MUNICIPAL AIRPORT, OK US","2005-08-11","0.00","95","70"
"USW00053913","GUTHRIE MUNICIPAL AIRPORT, OK US","2005-08-12","0.39","96","71"
"USW00053913","GUTHRIE MUNICIPAL AIRPORT, OK US","2005-08-13","0.60","89","69"
"USW00053913","GUTHRIE MUNICIPAL AIRPORT, OK US","2005-08-14","2.80","78","71"
"USW00053913","GUTHRIE MUNICIPAL AIRPORT, OK US","2005-08-15","0.00","80","69"
"USW00053913","GUTHRIE MUNICIPAL AIRPORT, OK US","2005-08-16","0.16","79","67"
"USW00053913","GUTHRIE MUNICIPAL AIRPORT, OK US","2005-08-17","0.24","93","71"
"USW00053913","GUTHRIE MUNICIPAL AIRPORT, OK US","2005-08-18","0.00","96","77"
"USW00053913","GUTHRIE MUNICIPAL AIRPORT, OK US","2005-08-19","0.00","96","77"
"USW00053913","GUTHRIE MUNICIPAL AIRPORT, OK US","2005-08-20","0.54","96","70"
"USW00053913","GUTHRIE MUNICIPAL AIRPORT, OK US","2005-08-21","0.19","89","70"
"USW00053913","GUTHRIE MUNICIPAL AIRPORT, OK US","2005-08-22","0.98","88","70"
"USW00053913","GUTHRIE MUNICIPAL AIRPORT, OK US","2005-08-23","0.25","87","68"
"USW00053913","GUTHRIE MUNICIPAL AIRPORT, OK US","2005-08-24","0.13","94","74"
"USW00053913","GUTHRIE MUNICIPAL AIRPORT, OK US","2005-08-25","0.00","96","74"
"USW00053913","GUTHRIE MUNICIPAL AIRPORT, OK US","2005-08-26","0.00","97","75"
"USW00053913","GUTHRIE MUNICIPAL AIRPORT, OK US","2005-08-27","0.00","89","70"
"USW00053913","GUTHRIE MUNICIPAL AIRPORT, OK US","2005-08-28","0.61","91","66"
"USW00053913","GUTHRIE MUNICIPAL AIRPORT, OK US","2005-08-29","0.00","89","66"
"USW00053913","GUTHRIE MUNICIPAL AIRPORT, OK US","2005-08-30","0.00","89","64"
"USW00053913","GUTHRIE MUNICIPAL AIRPORT, OK US","2005-08-31","0.00","92","67"
"USW00053913","GUTHRIE MUNICIPAL AIRPORT, OK US","2005-09-01","0.00","92","66"
"USW00053913","GUTHRIE MUNICIPAL AIRPORT, OK US","2005-09-02","0.00","93","70"
"USW00053913","GUTHRIE MUNICIPAL AIRPORT, OK US","2005-09-03","0.00","91","69"
"USW00053913","GUTHRIE MUNICIPAL AIRPORT, OK US","2005-09-04","0.00","88","71"
"USW00053913","GUTHRIE MUNICIPAL AIRPORT, OK US","2005-09-05","0.00","89","68"
"USW00053913","GUTHRIE MUNICIPAL AIRPORT, OK US","2005-09-06","0.00","91","65"
"USW00053913","GUTHRIE MUNICIPAL AIRPORT, OK US","2005-09-07","0.00","91","69"
"USW00053913","GUTHRIE MUNICIPAL AIRPORT, OK US","2005-09-08","0.00","91","67"
"USW00053913","GUTHRIE MUNICIPAL AIRPORT, OK US","2005-09-09","0.00","92","67"
"USW00053913","GUTHRIE MUNICIPAL AIRPORT, OK US","2005-09-10","0.00","92","69"
"USW00053913","GUTHRIE MUNICIPAL AIRPORT, OK US","2005-09-11","0.12","86","71"
"USW00053913","GUTHRIE MUNICIPAL AIRPORT, OK US","2005-09-12","0.00","88","71"
"USW00053913","GUTHRIE MUNICIPAL AIRPORT, OK US","2005-09-13","0.32","96","69"
"USW00053913","GUTHRIE MUNICIPAL AIRPORT, OK US","2005-09-14","1.59","80","66"
"USW00053913","GUTHRIE MUNICIPAL AIRPORT, OK US","2005-09-15","1.26","71","59"
"USW00053913","GUTHRIE MUNICIPAL AIRPORT, OK US","2005-09-16","0.01","78","54"
"USW00053913","GUTHRIE MUNICIPAL AIRPORT, OK US","2005-09-17","0.00","86","57"
"USW00053913","GUTHRIE MUNICIPAL AIRPORT, OK US","2005-09-18","0.00","95","78"
"USW00053913","GUTHRIE MUNICIPAL AIRPORT, OK US","2005-09-19","0.00","94","76"
"USW00053913","GUTHRIE MUNICIPAL AIRPORT, OK US","2005-09-20","0.00","93","69"
"USW00053913","GUTHRIE MUNICIPAL AIRPORT, OK US","2005-09-21","0.00","95","69"
"USW00053913","GUTHRIE MUNICIPAL AIRPORT, OK US","2005-09-22","0.00","96","69"
"USW00053913","GUTHRIE MUNICIPAL AIRPORT, OK US","2005-09-23","0.00","93","66"
"USW00053913","GUTHRIE MUNICIPAL AIRPORT, OK US","2005-09-24","0.00","89","71"
"USW00053913","GUTHRIE MUNICIPAL AIRPORT, OK US","2005-09-25","0.00","93","66"
"USW00053913","GUTHRIE MUNICIPAL AIRPORT, OK US","2005-09-26","0.00","85","64"
"USW00053913","GUTHRIE MUNICIPAL AIRPORT, OK US","2005-09-27","0.00","88","58"
"USW00053913","GUTHRIE MUNICIPAL AIRPORT, OK US","2005-09-28","0.00","90","56"
"USW00053913","GUTHRIE MUNICIPAL AIRPORT, OK US","2005-09-29","0.00","70","46"
"USW00053913","GUTHRIE MUNICIPAL AIRPORT, OK US","2005-09-30","0.16","82","54"
"USW00053913","GUTHRIE MUNICIPAL AIRPORT, OK US","2005-10-01","0.82","82","64"
"USW00053913","GUTHRIE MUNICIPAL AIRPORT, OK US","2005-10-02","0.00","88","73"
"USW00053913","GUTHRIE MUNICIPAL AIRPORT, OK US","2005-10-03","0.00","87","73"
"USW00053913","GUTHRIE MUNICIPAL AIRPORT, OK US","2005-10-04","0.00","88","72"
"USW00053913","GUTHRIE MUNICIPAL AIRPORT, OK US","2005-10-05","0.29","86","55"
"USW00053913","GUTHRIE MUNICIPAL AIRPORT, OK US","2005-10-06","0.01","57","49"
"USW00053913","GUTHRIE MUNICIPAL AIRPORT, OK US","2005-10-07","0.00","64","48"
"USW00053913","GUTHRIE MUNICIPAL AIRPORT, OK US","2005-10-08","0.00","69","42"
"USW00053913","GUTHRIE MUNICIPAL AIRPORT, OK US","2005-10-09","0.00","74","48"
"USW00053913","GUTHRIE MUNICIPAL AIRPORT, OK US","2005-10-10","0.10","72","55"
"USW00053913","GUTHRIE MUNICIPAL AIRPORT, OK US","2005-10-11","0.05","72","56"
"USW00053913","GUTHRIE MUNICIPAL AIRPORT, OK US","2005-10-12","0.01","76","50"
"USW00053913","GUTHRIE MUNICIPAL AIRPORT, OK US","2005-10-13","0.01","78","52"
"USW00053913","GUTHRIE MUNICIPAL AIRPORT, OK US","2005-10-14","0.00","83","50"
"USW00053913","GUTHRIE MUNICIPAL AIRPORT, OK US","2005-10-15","0.00","85","56"
"USW00053913","GUTHRIE MUNICIPAL AIRPORT, OK US","2005-10-16","0.00","84","58"
"USW00053913","GUTHRIE MUNICIPAL AIRPORT, OK US","2005-10-17","0.00","88","62"
"USW00053913","GUTHRIE MUNICIPAL AIRPORT, OK US","2005-10-18","0.00","91","61"
"USW00053913","GUTHRIE MUNICIPAL AIRPORT, OK US","2005-10-19","0.00","87","65"
"USW00053913","GUTHRIE MUNICIPAL AIRPORT, OK US","2005-10-20","0.00","68","51"
"USW00053913","GUTHRIE MUNICIPAL AIRPORT, OK US","2005-10-21","0.00","62","49"
"USW00053913","GUTHRIE MUNICIPAL AIRPORT, OK US","2005-10-22","0.00","71","49"
"USW00053913","GUTHRIE MUNICIPAL AIRPORT, OK US","2005-10-23","0.00","53","32"
"USW00053913","GUTHRIE MUNICIPAL AIRPORT, OK US","2005-10-24","0.00","59","29"
"USW00053913","GUTHRIE MUNICIPAL AIRPORT, OK US","2005-10-25","0.00","65","31"
"USW00053913","GUTHRIE MUNICIPAL AIRPORT, OK US","2005-10-26","0.00","72","43"
"USW00053913","GUTHRIE MUNICIPAL AIRPORT, OK US","2005-10-27","0.00","72","48"
"USW00053913","GUTHRIE MUNICIPAL AIRPORT, OK US","2005-10-28","0.00","74","49"
"USW00053913","GUTHRIE MUNICIPAL AIRPORT, OK US","2005-10-29","0.00","71","53"
"USW00053913","GUTHRIE MUNICIPAL AIRPORT, OK US","2005-10-30","0.00","69","58"
"USW00053913","GUTHRIE MUNICIPAL AIRPORT, OK US","2005-10-31","0.16","63","37"
"USW00053913","GUTHRIE MUNICIPAL AIRPORT, OK US","2005-11-01","0.00","71","32"
"USW00053913","GUTHRIE MUNICIPAL AIRPORT, OK US","2005-11-02","0.00","80","47"
"USW00053913","GUTHRIE MUNICIPAL AIRPORT, OK US","2005-11-03","0.00","82","58"
"USW00053913","GUTHRIE MUNICIPAL AIRPORT, OK US","2005-11-04","0.00","86","59"
"USW00053913","GUTHRIE MUNICIPAL AIRPORT, OK US","2005-11-05","0.00","72","50"
"USW00053913","GUTHRIE MUNICIPAL AIRPORT, OK US","2005-11-06","0.00","71","36"
"USW00053913","GUTHRIE MUNICIPAL AIRPORT, OK US","2005-11-07","0.00","84","54"
"USW00053913","GUTHRIE MUNICIPAL AIRPORT, OK US","2005-11-08","0.00","84","67"
"USW00053913","GUTHRIE MUNICIPAL AIRPORT, OK US","2005-11-09","0.00","74","45"
"USW00053913","GUTHRIE MUNICIPAL AIRPORT, OK US","2005-11-10","0.00","68","35"
"USW00053913","GUTHRIE MUNICIPAL AIRPORT, OK US","2005-11-11","0.00","77","48"
"USW00053913","GUTHRIE MUNICIPAL AIRPORT, OK US","2005-11-12","0.00","83","51"
"USW00053913","GUTHRIE MUNICIPAL AIRPORT, OK US","2005-11-13","0.00","66","40"
"USW00053913","GUTHRIE MUNICIPAL AIRPORT, OK US","2005-11-14","0.00","71","33"
"USW00053913","GUTHRIE MUNICIPAL AIRPORT, OK US","2005-11-15","0.00","70","32"
"USW00053913","GUTHRIE MUNICIPAL AIRPORT, OK US","2005-11-16","0.00","49","23"
"USW00053913","GUTHRIE MUNICIPAL AIRPORT, OK US","2005-11-17","0.00","58","29"
"USW00053913","GUTHRIE MUNICIPAL AIRPORT, OK US","2005-11-18","0.00","61","28"
"USW00053913","GUTHRIE MUNICIPAL AIRPORT, OK US","2005-11-19","0.00","59","41"
"USW00053913","GUTHRIE MUNICIPAL AIRPORT, OK US","2005-11-20","0.00","49","30"
"USW00053913","GUTHRIE MUNICIPAL AIRPORT, OK US","2005-11-21","0.00","64","26"
"USW00053913","GUTHRIE MUNICIPAL AIRPORT, OK US","2005-11-22","0.00","64","29"
"USW00053913","GUTHRIE MUNICIPAL AIRPORT, OK US","2005-11-23","0.00","78","36"
"USW00053913","GUTHRIE MUNICIPAL AIRPORT, OK US","2005-11-24","0.00","60","34"
"USW00053913","GUTHRIE MUNICIPAL AIRPORT, OK US","2005-11-25","0.00","61","28"
"USW00053913","GUTHRIE MUNICIPAL AIRPORT, OK US","2005-11-26","0.00","69","46"
"USW00053913","GUTHRIE MUNICIPAL AIRPORT, OK US","2005-11-27","0.00","70","44"
"USW00053913","GUTHRIE MUNICIPAL AIRPORT, OK US","2005-11-28","0.00","45","35"
"USW00053913","GUTHRIE MUNICIPAL AIRPORT, OK US","2005-11-29","0.00","47","23"
"USW00053913","GUTHRIE MUNICIPAL AIRPORT, OK US","2005-11-30","0.00","58","22"
"USW00053913","GUTHRIE MUNICIPAL AIRPORT, OK US","2005-12-01","0.00","40","22"
"USW00053913","GUTHRIE MUNICIPAL AIRPORT, OK US","2005-12-02","0.00","57","28"
"USW00053913","GUTHRIE MUNICIPAL AIRPORT, OK US","2005-12-03","0.00","47","28"
"USW00053913","GUTHRIE MUNICIPAL AIRPORT, OK US","2005-12-04","0.00","38","24"
"USW00053913","GUTHRIE MUNICIPAL AIRPORT, OK US","2005-12-05","0.00","37","18"
"USW00053913","GUTHRIE MUNICIPAL AIRPORT, OK US","2005-12-06","0.00","35","17"
"USW00053913","GUTHRIE MUNICIPAL AIRPORT, OK US","2005-12-07","0.00","19","12"
"USW00053913","GUTHRIE MUNICIPAL AIRPORT, OK US","2005-12-08","0.00","24","3"
"USW00053913","GUTHRIE MUNICIPAL AIRPORT, OK US","2005-12-09","0.01","40","7"
"USW00053913","GUTHRIE MUNICIPAL AIRPORT, OK US","2005-12-10","0.00","56","20"
"USW00053913","GUTHRIE MUNICIPAL AIRPORT, OK US","2005-12-11","0.00","63","25"
"USW00053913","GUTHRIE MUNICIPAL AIRPORT, OK US","2005-12-12","0.00","58","27"
"USW00053913","GUTHRIE MUNICIPAL AIRPORT, OK US","2005-12-13","0.00","54","31"
"USW00053913","GUTHRIE MUNICIPAL AIRPORT, OK US","2005-12-14","0.00","51","25"
"USW00053913","GUTHRIE MUNICIPAL AIRPORT, OK US","2005-12-15","0.00","47","23"
"USW00053913","GUTHRIE MUNICIPAL AIRPORT, OK US","2005-12-16","0.00","48","18"
"USW00053913","GUTHRIE MUNICIPAL AIRPORT, OK US","2005-12-17","0.07","43","36"
"USW00053913","GUTHRIE MUNICIPAL AIRPORT, OK US","2005-12-18","0.00","36","25"
"USW00053913","GUTHRIE MUNICIPAL AIRPORT, OK US","2005-12-19","0.00","28","23"
"USW00053913","GUTHRIE MUNICIPAL AIRPORT, OK US","2005-12-20","0.01","38","28"
"USW00053913","GUTHRIE MUNICIPAL AIRPORT, OK US","2005-12-21","0.01","52","21"
"USW00053913","GUTHRIE MUNICIPAL AIRPORT, OK US","2005-12-22","0.00","63","35"
"USW00053913","GUTHRIE MUNICIPAL AIRPORT, OK US","2005-12-23","0.01","59","41"
"USW00053913","GUTHRIE MUNICIPAL AIRPORT, OK US","2005-12-24","0.00","58","41"
"USW00053913","GUTHRIE MUNICIPAL AIRPORT, OK US","2005-12-25","0.00","60","28"
"USW00053913","GUTHRIE MUNICIPAL AIRPORT, OK US","2005-12-26","0.00","74","45"
"USW00053913","GUTHRIE MUNICIPAL AIRPORT, OK US","2005-12-27","0.00","70","48"
"USW00053913","GUTHRIE MUNICIPAL AIRPORT, OK US","2005-12-28","0.00","62","35"
"USW00053913","GUTHRIE MUNICIPAL AIRPORT, OK US","2005-12-29","0.00","68","31"
"USW00053913","GUTHRIE MUNICIPAL AIRPORT, OK US","2005-12-30","0.00","58","35"
"USW00053913","GUTHRIE MUNICIPAL AIRPORT, OK US","2005-12-31","0.00","65","37"
"USW00053913","GUTHRIE MUNICIPAL AIRPORT, OK US","2006-01-01","0.00","77","50"
"USW00053913","GUTHRIE MUNICIPAL AIRPORT, OK US","2006-01-02","0.00","61","37"
"USW00053913","GUTHRIE MUNICIPAL AIRPORT, OK US","2006-01-03","0.00","78","36"
"USW00053913","GUTHRIE MUNICIPAL AIRPORT, OK US","2006-01-04","0.00","60","39"
"USW00053913","GUTHRIE MUNICIPAL AIRPORT, OK US","2006-01-05","0.00","57","35"
"USW00053913","GUTHRIE MUNICIPAL AIRPORT, OK US","2006-01-06","0.00","55","22"
"USW00053913","GUTHRIE MUNICIPAL AIRPORT, OK US","2006-01-07","0.00","75","34"
"USW00053913","GUTHRIE MUNICIPAL AIRPORT, OK US","2006-01-08","0.00","71","47"
"USW00053913","GUTHRIE MUNICIPAL AIRPORT, OK US","2006-01-09","0.01","50","33"
"USW00053913","GUTHRIE MUNICIPAL AIRPORT, OK US","2006-01-10","0.07","39","30"
"USW00053913","GUTHRIE MUNICIPAL AIRPORT, OK US","2006-01-11","0.00","62","33"
"USW00053913","GUTHRIE MUNICIPAL AIRPORT, OK US","2006-01-12","0.00","69","41"
"USW00053913","GUTHRIE MUNICIPAL AIRPORT, OK US","2006-01-13","0.00","52","29"
"USW00053913","GUTHRIE MUNICIPAL AIRPORT, OK US","2006-01-14","0.00","65","27"
"USW00053913","GUTHRIE MUNICIPAL AIRPORT, OK US","2006-01-15","0.00","68","54"
"USW00053913","GUTHRIE MUNICIPAL AIRPORT, OK US","2006-01-16","0.00","57","37"
"USW00053913","GUTHRIE MUNICIPAL AIRPORT, OK US","2006-01-17","0.00","49","29"
"USW00053913","GUTHRIE MUNICIPAL AIRPORT, OK US","2006-01-18","0.00","67","32"
"USW00053913","GUTHRIE MUNICIPAL AIRPORT, OK US","2006-01-19","0.00","69","49"
"USW00053913","GUTHRIE MUNICIPAL AIRPORT, OK US","2006-01-20","0.00","55","33"
"USW00053913","GUTHRIE MUNICIPAL AIRPORT, OK US","2006-01-21","0.00","52","19"
"USW00053913","GUTHRIE MUNICIPAL AIRPORT, OK US","2006-01-22","0.00","51","30"
"USW00053913","GUTHRIE MUNICIPAL AIRPORT, OK US","2006-01-23","0.00","55","21"
"USW00053913","GUTHRIE MUNICIPAL AIRPORT, OK US","2006-01-24","0.00","63","30"
"USW00053913","GUTHRIE MUNICIPAL AIRPORT, OK US","2006-01-25","0.00","64","27"
"USW00053913","GUTHRIE MUNICIPAL AIRPORT, OK US","2006-01-26","0.00","62","47"
"USW00053913","GUTHRIE MUNICIPAL AIRPORT, OK US","2006-01-27","0.00","57","45"
"USW00053913","GUTHRIE MUNICIPAL AIRPORT, OK US","2006-01-28","0.25","65","42"
"USW00053913","GUTHRIE MUNICIPAL AIRPORT, OK US","2006-01-29","0.00","61","30"
"USW00053913","GUTHRIE MUNICIPAL AIRPORT, OK US","2006-01-30","0.00","57","28"
"USW00053913","GUTHRIE MUNICIPAL AIRPORT, OK US","2006-01-31","0.00","67","39"
"USW00053913","GUTHRIE MUNICIPAL AIRPORT, OK US","2006-02-01","0.00","64","41"
"USW00053913","GUTHRIE MUNICIPAL AIRPORT, OK US","2006-02-02","0.00","70","42"
"USW00053913","GUTHRIE MUNICIPAL AIRPORT, OK US","2006-02-03","0.00","59","33"
"USW00053913","GUTHRIE MUNICIPAL AIRPORT, OK US","2006-02-04","0.00","49","29"
"USW00053913","GUTHRIE MUNICIPAL AIRPORT, OK US","2006-02-05","0.00","62","35"
"USW00053913","GUTHRIE MUNICIPAL AIRPORT, OK US","2006-02-06","0.00","48","31"
"USW00053913","GUTHRIE MUNICIPAL AIRPORT, OK US","2006-02-07","0.00","55","22"
"USW00053913","GUTHRIE MUNICIPAL AIRPORT, OK US","2006-02-08","0.00","54","28"
"USW00053913","GUTHRIE MUNICIPAL AIRPORT, OK US","2006-02-09","0.00","55","23"
"USW00053913","GUTHRIE MUNICIPAL AIRPORT, OK US","2006-02-10","0.00","50","33"
"USW00053913","GUTHRIE MUNICIPAL AIRPORT, OK US","2006-02-11","0.00","37","19"
"USW00053913","GUTHRIE MUNICIPAL AIRPORT, OK US","2006-02-12","0.00","48","15"
"USW00053913","GUTHRIE MUNICIPAL AIRPORT, OK US","2006-02-13","0.00","62","16"
"USW00053913","GUTHRIE MUNICIPAL AIRPORT, OK US","2006-02-14","0.00","66","44"
"USW00053913","GUTHRIE MUNICIPAL AIRPORT, OK US","2006-02-15","0.00","60","47"
"USW00053913","GUTHRIE MUNICIPAL AIRPORT, OK US","2006-02-16","0.00","62","25"
"USW00053913","GUTHRIE MUNICIPAL AIRPORT, OK US","2006-02-17","0.02","33","19"
"USW00053913","GUTHRIE MUNICIPAL AIRPORT, OK US","2006-02-18","0.03","21","11"
"USW00053913","GUTHRIE MUNICIPAL AIRPORT, OK US","2006-02-19","0.08","24","17"
"USW00053913","GUTHRIE MUNICIPAL AIRPORT, OK US","2006-02-20","0.00","31","23"
"USW00053913","GUTHRIE MUNICIPAL AIRPORT, OK US","2006-02-21","0.00","36","30"
"USW00053913","GUTHRIE MUNICIPAL AIRPORT, OK US","2006-02-22","0.00","54","31"
"USW00053913","GUTHRIE MUNICIPAL AIRPORT, OK US","2006-02-23","0.00","60","43"
"USW00053913","GUTHRIE MUNICIPAL AIRPORT, OK US","2006-02-24","0.00","65","38"
"USW00053913","GUTHRIE MUNICIPAL AIRPORT, OK US","2006-02-25","0.00","56","34"
"USW00053913","GUTHRIE MUNICIPAL AIRPORT, OK US","2006-02-26","0.00","59","23"
"USW00053913","GUTHRIE MUNICIPAL AIRPORT, OK US","2006-02-27","0.00","74","46"
"USW00053913","GUTHRIE MUNICIPAL AIRPORT, OK US","2006-02-28","0.00","82","46"
"USW00053913","GUTHRIE MUNICIPAL AIRPORT, OK US","2006-03-01","0.00","90","61"
"USW00053913","GUTHRIE MUNICIPAL AIRPORT, OK US","2006-03-02","0.00","64","45"
"USW00053913","GUTHRIE MUNICIPAL AIRPORT, OK US","2006-03-03","0.00","64","38"
"USW00053913","GUTHRIE MUNICIPAL AIRPORT, OK US","2006-03-04","0.00","68","48"
"USW00053913","GUTHRIE MUNICIPAL AIRPORT, OK US","2006-03-05","0.03","75","44"
"USW00053913","GUTHRIE MUNICIPAL AIRPORT, OK US","2006-03-06","0.00","80","38"
"USW00053913","GUTHRIE MUNICIPAL AIRPORT, OK US","2006-03-07","0.00","81","57"
"USW00053913","GUTHRIE MUNICIPAL AIRPORT, OK US","2006-03-08","0.00","79","65"
"USW00053913","GUTHRIE MUNICIPAL AIRPORT, OK US","2006-03-09","0.00","65","43"
"USW00053913","GUTHRIE MUNICIPAL AIRPORT, OK US","2006-03-10","0.00","78","44"
"USW00053913","GUTHRIE MUNICIPAL AIRPORT, OK US","2006-03-11","0.00","79","49"
"USW00053913","GUTHRIE MUNICIPAL AIRPORT, OK US","2006-03-12","0.00","88","59"
"USW00053913","GUTHRIE MUNICIPAL AIRPORT, OK US","2006-03-13","0.00","59","35"
"USW00053913","GUTHRIE MUNICIPAL AIRPORT, OK US","2006-03-14","0.00","62","25"
"USW00053913","GUTHRIE MUNICIPAL AIRPORT, OK US","2006-03-15","0.00","71","45"
"USW00053913","GUTHRIE MUNICIPAL AIRPORT, OK US","2006-03-16","0.00","66","44"
"USW00053913","GUTHRIE MUNICIPAL AIRPORT, OK US","2006-03-17","0.00","58","32"
"USW00053913","GUTHRIE MUNICIPAL AIRPORT, OK US","2006-03-20","0.06","54","38"
"USW00053913","GUTHRIE MUNICIPAL AIRPORT, OK US","2006-03-22","0.00","38","31"
"USW00053913","GUTHRIE MUNICIPAL AIRPORT, OK US","2006-03-23","0.02","45","29"
"USW00053913","GUTHRIE MUNICIPAL AIRPORT, OK US","2006-03-24","0.00","52","25"
"USW00053913","GUTHRIE MUNICIPAL AIRPORT, OK US","2006-03-25","0.00","62","33"
"USW00053913","GUTHRIE MUNICIPAL AIRPORT, OK US","2006-03-26","0.00","70","40"
"USW00053913","GUTHRIE MUNICIPAL AIRPORT, OK US","2006-03-27","0.00","68","41"
"USW00053913","GUTHRIE MUNICIPAL AIRPORT, OK US","2006-03-28","0.00","70","36"
"USW00053913","GUTHRIE MUNICIPAL AIRPORT, OK US","2006-03-29","0.00","68","52"
"USW00053913","GUTHRIE MUNICIPAL AIRPORT, OK US","2006-03-30","0.00","78","63"
"USW00053913","GUTHRIE MUNICIPAL AIRPORT, OK US","2006-03-31","0.00","79","51"
"USW00053913","GUTHRIE MUNICIPAL AIRPORT, OK US","2006-04-01","0.29","83","55"
"USW00053913","GUTHRIE MUNICIPAL AIRPORT, OK US","2006-04-02","0.00","80","57"
"USW00053913","GUTHRIE MUNICIPAL AIRPORT, OK US","2006-04-03","0.00","68","45"
"USW00053913","GUTHRIE MUNICIPAL AIRPORT, OK US","2006-04-04","0.00","75","40"
"USW00053913","GUTHRIE MUNICIPAL AIRPORT, OK US","2006-04-05","0.00","87","62"
"USW00053913","GUTHRIE MUNICIPAL AIRPORT, OK US","2006-04-06","0.00","87","58"
"USW00053913","GUTHRIE MUNICIPAL AIRPORT, OK US","2006-04-07","0.03","71","47"
"USW00053913","GUTHRIE MUNICIPAL AIRPORT, OK US","2006-04-08","0.00","65","44"
"USW00053913","GUTHRIE MUNICIPAL AIRPORT, OK US","2006-04-09","0.00","78","40"
"USW00053913","GUTHRIE MUNICIPAL AIRPORT, OK US","2006-04-10","0.00","82","55"
"USW00053913","GUTHRIE MUNICIPAL AIRPORT, OK US","2006-04-11","0.00","79","64"
"USW00053913","GUTHRIE MUNICIPAL AIRPORT, OK US","2006-04-12","0.00","89","61"
"USW00053913","GUTHRIE MUNICIPAL AIRPORT, OK US","2006-04-13","0.00","94","65"
"USW00053913","GUTHRIE MUNICIPAL AIRPORT, OK US","2006-04-14","0.00","92","69"
"USW00053913","GUTHRIE MUNICIPAL AIRPORT, OK US","2006-04-15","0.00","91","68"
"USW00053913","GUTHRIE MUNICIPAL AIRPORT, OK US","2006-04-16","0.00","92","53"
"USW00053913","GUTHRIE MUNICIPAL AIRPORT, OK US","2006-04-17","0.00","100","62"
"USW00053913","GUTHRIE MUNICIPAL AIRPORT, OK US","2006-04-18","0.00","87","60"
"USW00053913","GUTHRIE MUNICIPAL AIRPORT, OK US","2006-04-19","0.00","77","45"
"USW00053913","GUTHRIE MUNICIPAL AIRPORT, OK US","2006-04-20","0.00","79","48"
"USW00053913","GUTHRIE MUNICIPAL AIRPORT, OK US","2006-04-21","0.00","82","49"
"USW00053913","GUTHRIE MUNICIPAL AIRPORT, OK US","2006-04-22","0.00","89","56"
"USW00053913","GUTHRIE MUNICIPAL AIRPORT, OK US","2006-04-23","0.00","93","70"
"USW00053913","GUTHRIE MUNICIPAL AIRPORT, OK US","2006-04-24","0.06","85","62"
"USW00053913","GUTHRIE MUNICIPAL AIRPORT, OK US","2006-04-25","0.00","62","45"
"USW00053913","GUTHRIE MUNICIPAL AIRPORT, OK US","2006-04-26","0.00","64","45"
"USW00053913","GUTHRIE MUNICIPAL AIRPORT, OK US","2006-04-27","0.00","80","46"
"USW00053913","GUTHRIE MUNICIPAL AIRPORT, OK US","2006-04-28","0.82","71","59"
"USW00053913","GUTHRIE MUNICIPAL AIRPORT, OK US","2006-04-29","0.67","65","53"
"USW00053913","GUTHRIE MUNICIPAL AIRPORT, OK US","2006-04-30","0.00","79","49"
"USW00053913","GUTHRIE MUNICIPAL AIRPORT, OK US","2006-05-01","0.00","77","55"
"USW00053913","GUTHRIE MUNICIPAL AIRPORT, OK US","2006-05-02","0.00","84","58"
"USW00053913","GUTHRIE MUNICIPAL AIRPORT, OK US","2006-05-03","0.00","84","63"
"USW00053913","GUTHRIE MUNICIPAL AIRPORT, OK US","2006-05-04","0.58","72","57"
"USW00053913","GUTHRIE MUNICIPAL AIRPORT, OK US","2006-05-05","0.02","68","52"
"USW00053913","GUTHRIE MUNICIPAL AIRPORT, OK US","2006-05-06","0.01","58","53"
"USW00053913","GUTHRIE MUNICIPAL AIRPORT, OK US","2006-05-07","0.00","67","54"
"USW00053913","GUTHRIE MUNICIPAL AIRPORT, OK US","2006-05-08","0.00","75","57"
"USW00053913","GUTHRIE MUNICIPAL AIRPORT, OK US","2006-05-09","0.23","82","64"
"USW00053913","GUTHRIE MUNICIPAL AIRPORT, OK US","2006-05-10","0.11","68","46"
"USW00053913","GUTHRIE MUNICIPAL AIRPORT, OK US","2006-05-11","0.00","71","50"
"USW00053913","GUTHRIE MUNICIPAL AIRPORT, OK US","2006-05-12","0.00","83","45"
"USW00053913","GUTHRIE MUNICIPAL AIRPORT, OK US","2006-05-13","0.00","84","56"
"USW00053913","GUTHRIE MUNICIPAL AIRPORT, OK US","2006-05-14","0.00","75","53"
"USW00053913","GUTHRIE MUNICIPAL AIRPORT, OK US","2006-05-15","0.00","75","50"
"USW00053913","GUTHRIE MUNICIPAL AIRPORT, OK US","2006-05-16","0.00","75","45"
"USW00053913","GUTHRIE MUNICIPAL AIRPORT, OK US","2006-05-17","0.00","83","47"
"USW00053913","GUTHRIE MUNICIPAL AIRPORT, OK US","2006-05-18","0.00","91","54"
"USW00053913","GUTHRIE MUNICIPAL AIRPORT, OK US","2006-05-19","0.00","98","65"
"USW00053913","GUTHRIE MUNICIPAL AIRPORT, OK US","2006-05-20","0.00","99","73"
"USW00053913","GUTHRIE MUNICIPAL AIRPORT, OK US","2006-05-21","0.00","92","71"
"USW00053913","GUTHRIE MUNICIPAL AIRPORT, OK US","2006-05-22","0.00","92","67"
"USW00053913","GUTHRIE MUNICIPAL AIRPORT, OK US","2006-05-23","0.00","91","67"
"USW00053913","GUTHRIE MUNICIPAL AIRPORT, OK US","2006-05-24","0.00","94","76"
"USW00053913","GUTHRIE MUNICIPAL AIRPORT, OK US","2006-05-25","0.00","100","69"
"USW00053913","GUTHRIE MUNICIPAL AIRPORT, OK US","2006-05-26","0.00","94","71"
"USW00053913","GUTHRIE MUNICIPAL AIRPORT, OK US","2006-05-27","0.00","93","76"
"USW00053913","GUTHRIE MUNICIPAL AIRPORT, OK US","2006-05-28","0.00","92","77"
"USW00053913","GUTHRIE MUNICIPAL AIRPORT, OK US","2006-05-29","0.21","95","68"
"USW00053913","GUTHRIE MUNICIPAL AIRPORT, OK US","2006-05-30","0.02","91","68"
"USW00053913","GUTHRIE MUNICIPAL AIRPORT, OK US","2006-05-31","0.24","81","65"
"USW00053913","GUTHRIE MUNICIPAL AIRPORT, OK US","2006-06-01","0.00","87","64"
"USW00053913","GUTHRIE MUNICIPAL AIRPORT, OK US","2006-06-02","0.00","88","59"
"USW00053913","GUTHRIE MUNICIPAL AIRPORT, OK US","2006-06-03","0.00","89","60"
"USW00053913","GUTHRIE MUNICIPAL AIRPORT, OK US","2006-06-04","0.00","95","71"
"USW00053913","GUTHRIE MUNICIPAL AIRPORT, OK US","2006-06-05","0.32","92","69"
"USW00053913","GUTHRIE MUNICIPAL AIRPORT, OK US","2006-06-06","0.00","93","72"
"USW00053913","GUTHRIE MUNICIPAL AIRPORT, OK US","2006-06-07","0.00","95","65"
"USW00053913","GUTHRIE MUNICIPAL AIRPORT, OK US","2006-06-08","0.00","96","62"
"USW00053913","GUTHRIE MUNICIPAL AIRPORT, OK US","2006-06-09","0.00","96","69"
"USW00053913","GUTHRIE MUNICIPAL AIRPORT, OK US","2006-06-10","0.00","104","75"
"USW00053913","GUTHRIE MUNICIPAL AIRPORT, OK US","2006-06-11","0.00","101","77"
"USW00053913","GUTHRIE MUNICIPAL AIRPORT, OK US","2006-06-12","0.03","91","70"
"USW00053913","GUTHRIE MUNICIPAL AIRPORT, OK US","2006-06-13","0.00","91","65"
"USW00053913","GUTHRIE MUNICIPAL AIRPORT, OK US","2006-06-14","0.00","96","64"
"USW00053913","GUTHRIE MUNICIPAL AIRPORT, OK US","2006-06-15","0.00","95","70"
"USW00053913","GUTHRIE MUNICIPAL AIRPORT, OK US","2006-06-16","0.01","95","67"
"USW00053913","GUTHRIE MUNICIPAL AIRPORT, OK US","2006-06-17","1.48","79","62"
"USW00053913","GUTHRIE MUNICIPAL AIRPORT, OK US","2006-06-18","0.00","95","62"
"USW00053913","GUTHRIE MUNICIPAL AIRPORT, OK US","2006-06-19","0.00","94","70"
"USW00053913","GUTHRIE MUNICIPAL AIRPORT, OK US","2006-06-20","0.00","94","74"
"USW00053913","GUTHRIE MUNICIPAL AIRPORT, OK US","2006-06-21","0.00","92","73"
"USW00053913","GUTHRIE MUNICIPAL AIRPORT, OK US","2006-06-22","0.00","85","70"
"USW00053913","GUTHRIE MUNICIPAL AIRPORT, OK US","2006-06-23","0.73","78","67"
"USW00053913","GUTHRIE MUNICIPAL AIRPORT, OK US","2006-06-24","0.00","89","65"
"USW00053913","GUTHRIE MUNICIPAL AIRPORT, OK US","2006-06-25","0.00","90","65"
"USW00053913","GUTHRIE MUNICIPAL AIRPORT, OK US","2006-06-26","0.00","85","60"
"USW00053913","GUTHRIE MUNICIPAL AIRPORT, OK US","2006-06-27","0.00","89","57"
"USW00053913","GUTHRIE MUNICIPAL AIRPORT, OK US","2006-06-28","0.00","94","62"
"USW00053913","GUTHRIE MUNICIPAL AIRPORT, OK US","2006-06-29","0.00","95","68"
"USW00053913","GUTHRIE MUNICIPAL AIRPORT, OK US","2006-06-30","0.00","94","65"
"USW00053913","GUTHRIE MUNICIPAL AIRPORT, OK US","2006-07-01","0.00","96","71"
"USW00053913","GUTHRIE MUNICIPAL AIRPORT, OK US","2006-07-02","0.00","96","73"
"USW00053913","GUTHRIE MUNICIPAL AIRPORT, OK US","2006-07-03","0.00","95","72"
"USW00053913","GUTHRIE MUNICIPAL AIRPORT, OK US","2006-07-04","0.58","95","70"
"USW00053913","GUTHRIE MUNICIPAL AIRPORT, OK US","2006-07-05","0.00","90","71"
"USW00053913","GUTHRIE MUNICIPAL AIRPORT, OK US","2006-07-06","0.00","89","65"
"USW00053913","GUTHRIE MUNICIPAL AIRPORT, OK US","2006-07-07","0.00","89","65"
"USW00053913","GUTHRIE MUNICIPAL AIRPORT, OK US","2006-07-08","0.00","92","66"
"USW00053913","GUTHRIE MUNICIPAL AIRPORT, OK US","2006-07-09","0.00","90","70"
"USW00053913","GUTHRIE MUNICIPAL AIRPORT, OK US","2006-07-10","2.03","99","70"
"USW00053913","GUTHRIE MUNICIPAL AIRPORT, OK US","2006-07-11","0.01","95","71"
"USW00053913","GUTHRIE MUNICIPAL AIRPORT, OK US","2006-07-12","0.22","96","73"
"USW00053913","GUTHRIE MUNICIPAL AIRPORT, OK US","2006-07-13","0.00","100","73"
"USW00053913","GUTHRIE MUNICIPAL AIRPORT, OK US","2006-07-14","0.00","99","79"
"USW00053913","GUTHRIE MUNICIPAL AIRPORT, OK US","2006-07-15","0.00","100","77"
"USW00053913","GUTHRIE MUNICIPAL AIRPORT, OK US","2006-07-16","0.00","101","76"
"USW00053913","GUTHRIE MUNICIPAL AIRPORT, OK US","2006-07-17","0.00","104","78"
"USW00053913","GUTHRIE MUNICIPAL AIRPORT, OK US","2006-07-18","0.00","104","78"
"USW00053913","GUTHRIE MUNICIPAL AIRPORT, OK US","2006-07-19","0.00","105","77"
"USW00053913","GUTHRIE MUNICIPAL AIRPORT, OK US","2006-07-20","0.00","106","76"
"USW00053913","GUTHRIE MUNICIPAL AIRPORT, OK US","2006-07-21","0.00","103","73"
"USW00053913","GUTHRIE MUNICIPAL AIRPORT, OK US","2006-07-22","0.00","92","65"
"USW00053913","GUTHRIE MUNICIPAL AIRPORT, OK US","2006-07-23","0.00","91","64"
"USW00053913","GUTHRIE MUNICIPAL AIRPORT, OK US","2006-07-24","0.00","96","67"
"USW00053913","GUTHRIE MUNICIPAL AIRPORT, OK US","2006-07-25","0.00","103","76"
"USW00053913","GUTHRIE MUNICIPAL AIRPORT, OK US","2006-07-26","0.00","101","77"
"USW00053913","GUTHRIE MUNICIPAL AIRPORT, OK US","2006-07-27","0.00","99","74"
"USW00053913","GUTHRIE MUNICIPAL AIRPORT, OK US","2006-07-28",,"101","74"
"USW00053913","GUTHRIE MUNICIPAL AIRPORT, OK US","2006-07-29","0.00","101","79"
"USW00053913","GUTHRIE MUNICIPAL AIRPORT, OK US","2006-07-30","0.00","102","80"
"USW00053913","GUTHRIE MUNICIPAL AIRPORT, OK US","2006-07-31","0.00","103","81"
"USW00053913","GUTHRIE MUNICIPAL AIRPORT, OK US","2006-08-01","0.00","102","82"
"USW00053913","GUTHRIE MUNICIPAL AIRPORT, OK US","2006-08-02","0.00","103","82"
"USW00053913","GUTHRIE MUNICIPAL AIRPORT, OK US","2006-08-03","0.00","97","78"
"USW00053913","GUTHRIE MUNICIPAL AIRPORT, OK US","2006-08-04","0.16","100","73"
"USW00053913","GUTHRIE MUNICIPAL AIRPORT, OK US","2006-08-05","0.00","104","76"
"USW00053913","GUTHRIE MUNICIPAL AIRPORT, OK US","2006-08-06","0.00","106","77"
"USW00053913","GUTHRIE MUNICIPAL AIRPORT, OK US","2006-08-07","0.00","100","73"
"USW00053913","GUTHRIE MUNICIPAL AIRPORT, OK US","2006-08-08","0.13","101","75"
"USW00053913","GUTHRIE MUNICIPAL AIRPORT, OK US","2006-08-09","0.00","106","82"
"USW00053913","GUTHRIE MUNICIPAL AIRPORT, OK US","2006-08-10","0.03","107","75"
"USW00053913","GUTHRIE MUNICIPAL AIRPORT, OK US","2006-08-11","0.01","95","75"
"USW00053913","GUTHRIE MUNICIPAL AIRPORT, OK US","2006-08-12","0.00","103","75"
"USW00053913","GUTHRIE MUNICIPAL AIRPORT, OK US","2006-08-13","0.00","103","78"
"USW00053913","GUTHRIE MUNICIPAL AIRPORT, OK US","2006-08-14","0.04","99","70"
"USW00053913","GUTHRIE MUNICIPAL AIRPORT, OK US","2006-08-15","0.06","92","71"
"USW00053913","GUTHRIE MUNICIPAL AIRPORT, OK US","2006-08-16","0.07","98","71"
"USW00053913","GUTHRIE MUNICIPAL AIRPORT, OK US","2006-08-17","0.00","101","73"
"USW00053913","GUTHRIE MUNICIPAL AIRPORT, OK US","2006-08-18","0.00","102","78"
"USW00053913","GUTHRIE MUNICIPAL AIRPORT, OK US","2006-08-19","0.00","99","78"
"USW00053913","GUTHRIE MUNICIPAL AIRPORT, OK US","2006-08-20","0.00","95","75"
"USW00053913","GUTHRIE MUNICIPAL AIRPORT, OK US","2006-08-21","0.21","84","71"
"USW00053913","GUTHRIE MUNICIPAL AIRPORT, OK US","2006-08-22","0.00","90","70"
"USW00053913","GUTHRIE MUNICIPAL AIRPORT, OK US","2006-08-23","0.00","96","71"
"USW00053913","GUTHRIE MUNICIPAL AIRPORT, OK US","2006-08-24","0.00","102","75"
"USW00053913","GUTHRIE MUNICIPAL AIRPORT, OK US","2006-08-25","0.00","105","84"
"USW00053913","GUTHRIE MUNICIPAL AIRPORT, OK US","2006-08-26","0.35","103","71"
"USW00053913","GUTHRIE MUNICIPAL AIRPORT, OK US","2006-08-27","0.18","79","70"
"USW00053913","GUTHRIE MUNICIPAL AIRPORT, OK US","2006-08-28","0.00","87","69"
"USW00053913","GUTHRIE MUNICIPAL AIRPORT, OK US","2006-08-29","0.00","81","62"
"USW00053913","GUTHRIE MUNICIPAL AIRPORT, OK US","2006-08-30","0.00","87","59"
"USW00053913","GUTHRIE MUNICIPAL AIRPORT, OK US","2006-08-31","0.00","92","68"
"USW00053913","GUTHRIE MUNICIPAL AIRPORT, OK US","2006-09-01","0.00","91","70"
"USW00053913","GUTHRIE MUNICIPAL AIRPORT, OK US","2006-09-02","0.00","78","62"
"USW00053913","GUTHRIE MUNICIPAL AIRPORT, OK US","2006-09-03","0.00","80","61"
"USW00053913","GUTHRIE MUNICIPAL AIRPORT, OK US","2006-09-04","0.00","81","66"
"USW00053913","GUTHRIE MUNICIPAL AIRPORT, OK US","2006-09-05","0.00","83","57"
"USW00053913","GUTHRIE MUNICIPAL AIRPORT, OK US","2006-09-06","0.00","84","54"
"USW00053913","GUTHRIE MUNICIPAL AIRPORT, OK US","2006-09-07","0.00","87","55"
"USW00053913","GUTHRIE MUNICIPAL AIRPORT, OK US","2006-09-08","0.00","89","62"
"USW00053913","GUTHRIE MUNICIPAL AIRPORT, OK US","2006-09-09","0.00","92","66"
"USW00053913","GUTHRIE MUNICIPAL AIRPORT, OK US","2006-09-10","0.10","90","69"
"USW00053913","GUTHRIE MUNICIPAL AIRPORT, OK US","2006-09-11","0.00","87","66"
"USW00053913","GUTHRIE MUNICIPAL AIRPORT, OK US","2006-09-12","0.00","76","56"
"USW00053913","GUTHRIE MUNICIPAL AIRPORT, OK US","2006-09-13","0.00","85","48"
"USW00053913","GUTHRIE MUNICIPAL AIRPORT, OK US","2006-09-14","0.00","90","57"
"USW00053913","GUTHRIE MUNICIPAL AIRPORT, OK US","2006-09-15","0.00","93","69"
"USW00053913","GUTHRIE MUNICIPAL AIRPORT, OK US","2006-09-16","0.00","96","77"
"USW00053913","GUTHRIE MUNICIPAL AIRPORT, OK US","2006-09-17","0.65","84","56"
"USW00053913","GUTHRIE MUNICIPAL AIRPORT, OK US","2006-09-18","0.00","81","48"
"USW00053913","GUTHRIE MUNICIPAL AIRPORT, OK US","2006-09-19","0.00","78","49"
"USW00053913","GUTHRIE MUNICIPAL AIRPORT, OK US","2006-09-20","0.00","85","58"
"USW00053913","GUTHRIE MUNICIPAL AIRPORT, OK US","2006-09-21","0.22","81","61"
"USW00053913","GUTHRIE MUNICIPAL AIRPORT, OK US","2006-09-22","0.00","88","53"
"USW00053913","GUTHRIE MUNICIPAL AIRPORT, OK US","2006-09-23","0.00","78","58"
"USW00053913","GUTHRIE MUNICIPAL AIRPORT, OK US","2006-09-24","0.00","74","50"
"USW00053913","GUTHRIE MUNICIPAL AIRPORT, OK US","2006-09-25","0.00","82","45"
"USW00053913","GUTHRIE MUNICIPAL AIRPORT, OK US","2006-09-26","0.00","88","51"
"USW00053913","GUTHRIE MUNICIPAL AIRPORT, OK US","2006-09-27","0.00","87","54"
"USW00053913","GUTHRIE MUNICIPAL AIRPORT, OK US","2006-09-28","0.00","70","49"
"USW00053913","GUTHRIE MUNICIPAL AIRPORT, OK US","2006-09-29","0.00","85","49"
"USW00053913","GUTHRIE MUNICIPAL AIRPORT, OK US","2006-09-30","0.00","93","60"
"USW00053913","GUTHRIE MUNICIPAL AIRPORT, OK US","2006-10-01","0.00","95","68"
"USW00053913","GUTHRIE MUNICIPAL AIRPORT, OK US","2006-10-02","0.00","93","73"
"USW00053913","GUTHRIE MUNICIPAL AIRPORT, OK US","2006-10-03","0.00","92","72"
"USW00053913","GUTHRIE MUNICIPAL AIRPORT, OK US","2006-10-04","0.00","88","63"
"USW00053913","GUTHRIE MUNICIPAL AIRPORT, OK US","2006-10-05","0.00","82","57"
"USW00053913","GUTHRIE MUNICIPAL AIRPORT, OK US","2006-10-06","0.00","85","59"
"USW00053913","GUTHRIE MUNICIPAL AIRPORT, OK US","2006-10-07","0.00","83","59"
"USW00053913","GUTHRIE MUNICIPAL AIRPORT, OK US","2006-10-08","0.00","83","52"
"USW00053913","GUTHRIE MUNICIPAL AIRPORT, OK US","2006-10-09","0.00","72","49"
"USW00053913","GUTHRIE MUNICIPAL AIRPORT, OK US","2006-10-10","0.10","61","50"
"USW00053913","GUTHRIE MUNICIPAL AIRPORT, OK US","2006-10-11","0.00","73","44"
"USW00053913","GUTHRIE MUNICIPAL AIRPORT, OK US","2006-10-12","0.00","59","42"
"USW00053913","GUTHRIE MUNICIPAL AIRPORT, OK US","2006-10-13","0.00","74","40"
"USW00053913","GUTHRIE MUNICIPAL AIRPORT, OK US","2006-10-14","0.00","77","47"
"USW00053913","GUTHRIE MUNICIPAL AIRPORT, OK US","2006-10-15","0.69","68","57"
"USW00053913","GUTHRIE MUNICIPAL AIRPORT, OK US","2006-10-16","0.00","69","54"
"USW00053913","GUTHRIE MUNICIPAL AIRPORT, OK US","2006-10-17","0.00","81","56"
"USW00053913","GUTHRIE MUNICIPAL AIRPORT, OK US","2006-10-18","0.00","57","43"
"USW00053913","GUTHRIE MUNICIPAL AIRPORT, OK US","2006-10-19","0.00","59","39"
"USW00053913","GUTHRIE MUNICIPAL AIRPORT, OK US","2006-10-20","0.00","71","41"
"USW00053913","GUTHRIE MUNICIPAL AIRPORT, OK US","2006-10-21","0.00","64","38"
"USW00053913","GUTHRIE MUNICIPAL AIRPORT, OK US","2006-10-22","0.00","58","30"
"USW00053913","GUTHRIE MUNICIPAL AIRPORT, OK US","2006-10-23","0.00","72","37"
"USW00053913","GUTHRIE MUNICIPAL AIRPORT, OK US","2006-10-24","0.00","75","44"
"USW00053913","GUTHRIE MUNICIPAL AIRPORT, OK US","2006-10-25","0.00","65","60"
"USW00053913","GUTHRIE MUNICIPAL AIRPORT, OK US","2006-10-26","0.00","83","57"
"USW00053913","GUTHRIE MUNICIPAL AIRPORT, OK US","2006-10-27","0.00","63","43"
"USW00053913","GUTHRIE MUNICIPAL AIRPORT, OK US","2006-10-28","0.00","76","38"
"USW00053913","GUTHRIE MUNICIPAL AIRPORT, OK US","2006-10-29","0.00","84","45"
"USW00053913","GUTHRIE MUNICIPAL AIRPORT, OK US","2006-10-30","0.00","79","53"
"USW00053913","GUTHRIE MUNICIPAL AIRPORT, OK US","2006-10-31","0.00","53","36"
"USW00053913","GUTHRIE MUNICIPAL AIRPORT, OK US","2006-11-01","0.00","56","31"
"USW00053913","GUTHRIE MUNICIPAL AIRPORT, OK US","2006-11-02","0.00","56","25"
"USW00053913","GUTHRIE MUNICIPAL AIRPORT, OK US","2006-11-03","0.00","60","34"
"USW00053913","GUTHRIE MUNICIPAL AIRPORT, OK US","2006-11-04","0.00","65","52"
"USW00053913","GUTHRIE MUNICIPAL AIRPORT, OK US","2006-11-05","0.14","57","51"
"USW00053913","GUTHRIE MUNICIPAL AIRPORT, OK US","2006-11-06","0.00","59","44"
"USW00053913","GUTHRIE MUNICIPAL AIRPORT, OK US","2006-11-07","0.00","76","40"
"USW00053913","GUTHRIE MUNICIPAL AIRPORT, OK US","2006-11-08","0.00","87","50"
"USW00053913","GUTHRIE MUNICIPAL AIRPORT, OK US","2006-11-09","0.00","81","59"
"USW00053913","GUTHRIE MUNICIPAL AIRPORT, OK US","2006-11-10","0.00","67","41"
"USW00053913","GUTHRIE MUNICIPAL AIRPORT, OK US","2006-11-11","0.00","55","33"
"USW00053913","GUTHRIE MUNICIPAL AIRPORT, OK US","2006-11-12","0.01","61","37"
"USW00053913","GUTHRIE MUNICIPAL AIRPORT, OK US","2006-11-13","0.00","58","40"
"USW00053913","GUTHRIE MUNICIPAL AIRPORT, OK US","2006-11-14","0.02","70","38"
"USW00053913","GUTHRIE MUNICIPAL AIRPORT, OK US","2006-11-15","0.27","52","34"
"USW00053913","GUTHRIE MUNICIPAL AIRPORT, OK US","2006-11-16","0.00","51","27"
"USW00053913","GUTHRIE MUNICIPAL AIRPORT, OK US","2006-11-17","0.00","68","36"
"USW00053913","GUTHRIE MUNICIPAL AIRPORT, OK US","2006-11-18","0.00","56","32"
"USW00053913","GUTHRIE MUNICIPAL AIRPORT, OK US","2006-11-19","0.00","56","30"
"USW00053913","GUTHRIE MUNICIPAL AIRPORT, OK US","2006-11-20","0.00","57","27"
"USW00053913","GUTHRIE MUNICIPAL AIRPORT, OK US","2006-11-21","0.00","69","42"
"USW00053913","GUTHRIE MUNICIPAL AIRPORT, OK US","2006-11-22","0.00","73","47"
"USW00053913","GUTHRIE MUNICIPAL AIRPORT, OK US","2006-11-23","0.00","77","50"
"USW00053913","GUTHRIE MUNICIPAL AIRPORT, OK US","2006-11-24","0.00","74","46"
"USW00053913","GUTHRIE MUNICIPAL AIRPORT, OK US","2006-11-25","0.00","71","40"
"USW00053913","GUTHRIE MUNICIPAL AIRPORT, OK US","2006-11-26","0.00","70","57"
"USW00053913","GUTHRIE MUNICIPAL AIRPORT, OK US","2006-11-27","0.13","67","61"
"USW00053913","GUTHRIE MUNICIPAL AIRPORT, OK US","2006-11-28","0.09","74","56"
"USW00053913","GUTHRIE MUNICIPAL AIRPORT, OK US","2006-11-29","0.00","66","27"
"USW00053913","GUTHRIE MUNICIPAL AIRPORT, OK US","2006-11-30","0.21","29","19"
"USW00053913","GUTHRIE MUNICIPAL AIRPORT, OK US","2006-12-01","0.00","40","4"
"USW00053913","GUTHRIE MUNICIPAL AIRPORT, OK US","2006-12-02","0.00","40","14"
"USW00053913","GUTHRIE MUNICIPAL AIRPORT, OK US","2006-12-03","0.00","34","20"
"USW00053913","GUTHRIE MUNICIPAL AIRPORT, OK US","2006-12-04","0.00","46","19"
"USW00053913","GUTHRIE MUNICIPAL AIRPORT, OK US","2006-12-05","0.00","56","31"
"USW00053913","GUTHRIE MUNICIPAL AIRPORT, OK US","2006-12-06","0.00","55","29"
"USW00053913","GUTHRIE MUNICIPAL AIRPORT, OK US","2006-12-07","0.00","39","15"
"USW00053913","GUTHRIE MUNICIPAL AIRPORT, OK US","2006-12-08","0.00","44","16"
"USW00053913","GUTHRIE MUNICIPAL AIRPORT, OK US","2006-12-09","0.00","55","30"
"USW00053913","GUTHRIE MUNICIPAL AIRPORT, OK US","2006-12-10","0.00","60","40"
"USW00053913","GUTHRIE MUNICIPAL AIRPORT, OK US","2006-12-11","0.00","65","45"
"USW00053913","GUTHRIE MUNICIPAL AIRPORT, OK US","2006-12-12","0.00","62","33"
"USW00053913","GUTHRIE MUNICIPAL AIRPORT, OK US","2006-12-13","0.00","67","33"
"USW00053913","GUTHRIE MUNICIPAL AIRPORT, OK US","2006-12-14","0.00","69","37"
"USW00053913","GUTHRIE MUNICIPAL AIRPORT, OK US","2006-12-15","0.00","69","33"
"USW00053913","GUTHRIE MUNICIPAL AIRPORT, OK US","2006-12-16","0.00","75","48"
"USW00053913","GUTHRIE MUNICIPAL AIRPORT, OK US","2006-12-17","0.00","55","34"
"USW00053913","GUTHRIE MUNICIPAL AIRPORT, OK US","2006-12-18","0.00","45","40"
"USW00053913","GUTHRIE MUNICIPAL AIRPORT, OK US","2006-12-19","0.24","48","39"
"USW00053913","GUTHRIE MUNICIPAL AIRPORT, OK US","2006-12-20","0.42","53","43"
"USW00053913","GUTHRIE MUNICIPAL AIRPORT, OK US","2006-12-21","0.00","49","33"
"USW00053913","GUTHRIE MUNICIPAL AIRPORT, OK US","2006-12-22","0.00","47","28"
"USW00053913","GUTHRIE MUNICIPAL AIRPORT, OK US","2006-12-23","0.00","44","26"
"USW00053913","GUTHRIE MUNICIPAL AIRPORT, OK US","2006-12-24","0.00","44","26"
"USW00053913","GUTHRIE MUNICIPAL AIRPORT, OK US","2006-12-25","0.00","42","26"
"USW00053913","GUTHRIE MUNICIPAL AIRPORT, OK US","2006-12-26","0.00","50","20"
"USW00053913","GUTHRIE MUNICIPAL AIRPORT, OK US","2006-12-27","0.00","60","36"
"USW00053913","GUTHRIE MUNICIPAL AIRPORT, OK US","2006-12-28","0.00","59","49"
"USW00053913","GUTHRIE MUNICIPAL AIRPORT, OK US","2006-12-29","0.36","61","54"
"USW00053913","GUTHRIE MUNICIPAL AIRPORT, OK US","2006-12-30","0.13","56","37"
"USW00053913","GUTHRIE MUNICIPAL AIRPORT, OK US","2006-12-31","0.00","40","31"
"USW00053913","GUTHRIE MUNICIPAL AIRPORT, OK US","2007-01-01","0.00","47","25"
"USW00053913","GUTHRIE MUNICIPAL AIRPORT, OK US","2007-01-02","0.00","50","20"
"USW00053913","GUTHRIE MUNICIPAL AIRPORT, OK US","2007-01-03","0.00","56","26"
"USW00053913","GUTHRIE MUNICIPAL AIRPORT, OK US","2007-01-04","0.00","51","41"
"USW00053913","GUTHRIE MUNICIPAL AIRPORT, OK US","2007-01-05","0.00","54","40"
"USW00053913","GUTHRIE MUNICIPAL AIRPORT, OK US","2007-01-06","0.00","48","30"
"USW00053913","GUTHRIE MUNICIPAL AIRPORT, OK US","2007-01-07","0.00","49","26"
"USW00053913","GUTHRIE MUNICIPAL AIRPORT, OK US","2007-01-08","0.00","59","24"
"USW00053913","GUTHRIE MUNICIPAL AIRPORT, OK US","2007-01-09","0.00","52","26"
"USW00053913","GUTHRIE MUNICIPAL AIRPORT, OK US","2007-01-10","0.00","62","33"
"USW00053913","GUTHRIE MUNICIPAL AIRPORT, OK US","2007-01-11","0.00","70","53"
"USW00053913","GUTHRIE MUNICIPAL AIRPORT, OK US","2007-01-12","0.43","59","20"
"USW00053913","GUTHRIE MUNICIPAL AIRPORT, OK US","2007-01-13","0.10","23","20"
"USW00053913","GUTHRIE MUNICIPAL AIRPORT, OK US","2007-01-14","0.21","25","20"
"USW00053913","GUTHRIE MUNICIPAL AIRPORT, OK US","2007-01-15","0.00","24","15"
"USW00053913","GUTHRIE MUNICIPAL AIRPORT, OK US","2007-01-16","0.00","27","14"
"USW00053913","GUTHRIE MUNICIPAL AIRPORT, OK US","2007-01-17","0.00","31","18"
"USW00053913","GUTHRIE MUNICIPAL AIRPORT, OK US","2007-01-18","0.00","42","28"
"USW00053913","GUTHRIE MUNICIPAL AIRPORT, OK US","2007-01-19","0.00","41","23"
"USW00053913","GUTHRIE MUNICIPAL AIRPORT, OK US","2007-01-20","0.18","34","30"
"USW00053913","GUTHRIE MUNICIPAL AIRPORT, OK US","2007-01-21","0.00","39","31"
"USW00053913","GUTHRIE MUNICIPAL AIRPORT, OK US","2007-01-22","0.00","38","21"
"USW00053913","GUTHRIE MUNICIPAL AIRPORT, OK US","2007-01-23","0.00","47","16"
"USW00053913","GUTHRIE MUNICIPAL AIRPORT, OK US","2007-01-24","0.00","49","25"
"USW00053913","GUTHRIE MUNICIPAL AIRPORT, OK US","2007-01-25","0.00","54","24"
"USW00053913","GUTHRIE MUNICIPAL AIRPORT, OK US","2007-01-26","0.00","62","32"
"USW00053913","GUTHRIE MUNICIPAL AIRPORT, OK US","2007-01-27","0.00","48","28"
"USW00053913","GUTHRIE MUNICIPAL AIRPORT, OK US","2007-01-28","0.00","40","16"
"USW00053913","GUTHRIE MUNICIPAL AIRPORT, OK US","2007-01-29","0.00","49","27"
"USW00053913","GUTHRIE MUNICIPAL AIRPORT, OK US","2007-01-30","0.00","33","19"
"USW00053913","GUTHRIE MUNICIPAL AIRPORT, OK US","2007-01-31","0.00","30","20"
"USW00053913","GUTHRIE MUNICIPAL AIRPORT, OK US","2007-02-01","0.00","30","25"
"USW00053913","GUTHRIE MUNICIPAL AIRPORT, OK US","2007-02-02","0.00","28","18"
"USW00053913","GUTHRIE MUNICIPAL AIRPORT, OK US","2007-02-03","0.00","40","18"
"USW00053913","GUTHRIE MUNICIPAL AIRPORT, OK US","2007-02-04","0.00","44","17"
"USW00053913","GUTHRIE MUNICIPAL AIRPORT, OK US","2007-02-05","0.00","57","23"
"USW00053913","GUTHRIE MUNICIPAL AIRPORT, OK US","2007-02-06","0.00","72","36"
"USW00053913","GUTHRIE MUNICIPAL AIRPORT, OK US","2007-02-07","0.00","49","32"
"USW00053913","GUTHRIE MUNICIPAL AIRPORT, OK US","2007-02-08","0.00","32","26"
"USW00053913","GUTHRIE MUNICIPAL AIRPORT, OK US","2007-02-09","0.00","33","27"
"USW00053913","GUTHRIE MUNICIPAL AIRPORT, OK US","2007-02-10","0.00","39","22"
"USW00053913","GUTHRIE MUNICIPAL AIRPORT, OK US","2007-02-11","0.00","44","32"
"USW00053913","GUTHRIE MUNICIPAL AIRPORT, OK US","2007-02-12","0.03","52","39"
"USW00053913","GUTHRIE MUNICIPAL AIRPORT, OK US","2007-02-13","0.01","39","20"
"USW00053913","GUTHRIE MUNICIPAL AIRPORT, OK US","2007-02-14","0.00","26","14"
"USW00053913","GUTHRIE MUNICIPAL AIRPORT, OK US","2007-02-15","0.00","21","6"
"USW00053913","GUTHRIE MUNICIPAL AIRPORT, OK US","2007-02-16","0.00","47","3"
"USW00053913","GUTHRIE MUNICIPAL AIRPORT, OK US","2007-02-17","0.00","50","26"
"USW00053913","GUTHRIE MUNICIPAL AIRPORT, OK US","2007-02-18","0.00","61","24"
"USW00053913","GUTHRIE MUNICIPAL AIRPORT, OK US","2007-02-19","0.00","71","44"
"USW00053913","GUTHRIE MUNICIPAL AIRPORT, OK US","2007-02-20","0.00","62","35"
"USW00053913","GUTHRIE MUNICIPAL AIRPORT, OK US","2007-02-21","0.00","73","27"
"USW00053913","GUTHRIE MUNICIPAL AIRPORT, OK US","2007-02-22","0.00","73","42"
"USW00053913","GUTHRIE MUNICIPAL AIRPORT, OK US","2007-02-23","0.00","74","56"
"USW00053913","GUTHRIE MUNICIPAL AIRPORT, OK US","2007-02-24","0.09","63","40"
"USW00053913","GUTHRIE MUNICIPAL AIRPORT, OK US","2007-02-25","0.00","56","32"
"USW00053913","GUTHRIE MUNICIPAL AIRPORT, OK US","2007-02-26","0.00","60","34"
"USW00053913","GUTHRIE MUNICIPAL AIRPORT, OK US","2007-02-27","0.00","69","34"
"USW00053913","GUTHRIE MUNICIPAL AIRPORT, OK US","2007-02-28","0.00","80","48"
"USW00053913","GUTHRIE MUNICIPAL AIRPORT, OK US","2007-03-01","0.00","58","31"
"USW00053913","GUTHRIE MUNICIPAL AIRPORT, OK US","2007-03-02","0.00","57","25"
"USW00053913","GUTHRIE MUNICIPAL AIRPORT, OK US","2007-03-03","0.00","44","21"
"USW00053913","GUTHRIE MUNICIPAL AIRPORT, OK US","2007-03-04","0.00","62","15"
"USW00053913","GUTHRIE MUNICIPAL AIRPORT, OK US","2007-03-05","0.00","72","26"
"USW00053913","GUTHRIE MUNICIPAL AIRPORT, OK US","2007-03-06","0.00","73","45"
"USW00053913","GUTHRIE MUNICIPAL AIRPORT, OK US","2007-03-07","0.00","64","33"
"USW00053913","GUTHRIE MUNICIPAL AIRPORT, OK US","2007-03-08","0.00","76","28"
"USW00053913","GUTHRIE MUNICIPAL AIRPORT, OK US","2007-03-09","0.00","75","46"
"USW00053913","GUTHRIE MUNICIPAL AIRPORT, OK US","2007-03-10","0.00","77","40"
"USW00053913","GUTHRIE MUNICIPAL AIRPORT, OK US","2007-03-11","0.44","60","54"
"USW00053913","GUTHRIE MUNICIPAL AIRPORT, OK US","2007-03-12","0.05","74","50"
"USW00053913","GUTHRIE MUNICIPAL AIRPORT, OK US","2007-03-13","0.00","78","53"
"USW00053913","GUTHRIE MUNICIPAL AIRPORT, OK US","2007-03-14","0.00","71","53"
"USW00053913","GUTHRIE MUNICIPAL AIRPORT, OK US","2007-03-15","0.00","65","44"
"USW00053913","GUTHRIE MUNICIPAL AIRPORT, OK US","2007-03-16","0.00","62","35"
"USW00053913","GUTHRIE MUNICIPAL AIRPORT, OK US","2007-03-17","0.00","74","42"
"USW00053913","GUTHRIE MUNICIPAL AIRPORT, OK US","2007-03-18","0.00","78","49"
"USW00053913","GUTHRIE MUNICIPAL AIRPORT, OK US","2007-03-19","0.00","73","63"
"USW00053913","GUTHRIE MUNICIPAL AIRPORT, OK US","2007-03-20","0.00","72","64"
"USW00053913","GUTHRIE MUNICIPAL AIRPORT, OK US","2007-03-21","0.00","82","64"
"USW00053913","GUTHRIE MUNICIPAL AIRPORT, OK US","2007-03-22","1.08","79","59"
"USW00053913","GUTHRIE MUNICIPAL AIRPORT, OK US","2007-03-23","0.05","75","59"
"USW00053913","GUTHRIE MUNICIPAL AIRPORT, OK US","2007-03-24","0.00","76","63"
"USW00053913","GUTHRIE MUNICIPAL AIRPORT, OK US","2007-03-25","0.00","77","64"
"USW00053913","GUTHRIE MUNICIPAL AIRPORT, OK US","2007-03-26","0.66","71","61"
"USW00053913","GUTHRIE MUNICIPAL AIRPORT, OK US","2007-03-27","0.20","71","60"
"USW00053913","GUTHRIE MUNICIPAL AIRPORT, OK US","2007-03-28","0.00","79","59"
"USW00053913","GUTHRIE MUNICIPAL AIRPORT, OK US","2007-03-29","0.83","69","58"
"USW00053913","GUTHRIE MUNICIPAL AIRPORT, OK US","2007-03-30","1.75","68","59"
"USW00053913","GUTHRIE MUNICIPAL AIRPORT, OK US","2007-03-31","0.00","67","48"
"USW00053913","GUTHRIE MUNICIPAL AIRPORT, OK US","2007-04-01","0.00","80","49"
"USW00053913","GUTHRIE MUNICIPAL AIRPORT, OK US","2007-04-02","0.00","86","58"
"USW00053913","GUTHRIE MUNICIPAL AIRPORT, OK US","2007-04-03","0.00","72","48"
"USW00053913","GUTHRIE MUNICIPAL AIRPORT, OK US","2007-04-04","0.00","59","39"
"USW00053913","GUTHRIE MUNICIPAL AIRPORT, OK US","2007-04-05","0.00","55","37"
"USW00053913","GUTHRIE MUNICIPAL AIRPORT, OK US","2007-04-06","0.00","40","32"
"USW00053913","GUTHRIE MUNICIPAL AIRPORT, OK US","2007-04-07","0.00","44","30"
"USW00053913","GUTHRIE MUNICIPAL AIRPORT, OK US","2007-04-08","0.00","47","27"
"USW00053913","GUTHRIE MUNICIPAL AIRPORT, OK US","2007-04-09","0.00","53","37"
"USW00053913","GUTHRIE MUNICIPAL AIRPORT, OK US","2007-04-10","0.02","55","45"
"USW00053913","GUTHRIE MUNICIPAL AIRPORT, OK US","2007-04-11","0.00","68","40"
"USW00053913","GUTHRIE MUNICIPAL AIRPORT, OK US","2007-04-12","0.00","59","35"
"USW00053913","GUTHRIE MUNICIPAL AIRPORT, OK US","2007-04-13","0.79","50","41"
"USW00053913","GUTHRIE MUNICIPAL AIRPORT, OK US","2007-04-14","0.01","54","34"
"USW00053913","GUTHRIE MUNICIPAL AIRPORT, OK US","2007-04-15","0.00","69","32"
"USW00053913","GUTHRIE MUNICIPAL AIRPORT, OK US","2007-04-16","0.00","75","46"
"USW00053913","GUTHRIE MUNICIPAL AIRPORT, OK US","2007-04-17","0.67","63","50"
"USW00053913","GUTHRIE MUNICIPAL AIRPORT, OK US","2007-04-18","0.00","69","50"
"USW00053913","GUTHRIE MUNICIPAL AIRPORT, OK US","2007-04-19","0.00","78","49"
"USW00053913","GUTHRIE MUNICIPAL AIRPORT, OK US","2007-04-20","0.00","81","60"
"USW00053913","GUTHRIE MUNICIPAL AIRPORT, OK US","2007-04-21","0.00","80","57"
"USW00053913","GUTHRIE MUNICIPAL AIRPORT, OK US","2007-04-22","0.00","82","57"
"USW00053913","GUTHRIE MUNICIPAL AIRPORT, OK US","2007-04-23","0.00","78","57"
"USW00053913","GUTHRIE MUNICIPAL AIRPORT, OK US","2007-04-24","1.08","76","61"
"USW00053913","GUTHRIE MUNICIPAL AIRPORT, OK US","2007-04-25","0.01","62","52"
"USW00053913","GUTHRIE MUNICIPAL AIRPORT, OK US","2007-04-26","0.00","67","50"
"USW00053913","GUTHRIE MUNICIPAL AIRPORT, OK US","2007-04-27","0.01","71","48"
"USW00053913","GUTHRIE MUNICIPAL AIRPORT, OK US","2007-04-28","0.00","80","45"
"USW00053913","GUTHRIE MUNICIPAL AIRPORT, OK US","2007-04-29","0.00","83","51"
"USW00053913","GUTHRIE MUNICIPAL AIRPORT, OK US","2007-04-30","0.00","81","63"
"USW00053913","GUTHRIE MUNICIPAL AIRPORT, OK US","2007-05-01","0.16","73","63"
"USW00053913","GUTHRIE MUNICIPAL AIRPORT, OK US","2007-05-02","0.00","77","62"
"USW00053913","GUTHRIE MUNICIPAL AIRPORT, OK US","2007-05-03","0.05","78","62"
"USW00053913","GUTHRIE MUNICIPAL AIRPORT, OK US","2007-05-04","0.00","85","64"
"USW00053913","GUTHRIE MUNICIPAL AIRPORT, OK US","2007-05-05","0.00","83","74"
"USW00053913","GUTHRIE MUNICIPAL AIRPORT, OK US","2007-05-06","0.00","84","73"
"USW00053913","GUTHRIE MUNICIPAL AIRPORT, OK US","2007-05-07","1.06","74","62"
"USW00053913","GUTHRIE MUNICIPAL AIRPORT, OK US","2007-05-08","0.67","77","61"
"USW00053913","GUTHRIE MUNICIPAL AIRPORT, OK US","2007-05-09","0.07","77","63"
"USW00053913","GUTHRIE MUNICIPAL AIRPORT, OK US","2007-05-10","0.12","78","61"
"USW00053913","GUTHRIE MUNICIPAL AIRPORT, OK US","2007-05-11","0.00","82","58"
"USW00053913","GUTHRIE MUNICIPAL AIRPORT, OK US","2007-05-12","0.00","86","60"
"USW00053913","GUTHRIE MUNICIPAL AIRPORT, OK US","2007-05-13","0.00","87","60"
"USW00053913","GUTHRIE MUNICIPAL AIRPORT, OK US","2007-05-14","0.00","87","66"
"USW00053913","GUTHRIE MUNICIPAL AIRPORT, OK US","2007-05-15","0.01","77","54"
"USW00053913","GUTHRIE MUNICIPAL AIRPORT, OK US","2007-05-16","0.00","73","54"
"USW00053913","GUTHRIE MUNICIPAL AIRPORT, OK US","2007-05-17","0.00","79","49"
"USW00053913","GUTHRIE MUNICIPAL AIRPORT, OK US","2007-05-18","0.00","77","56"
"USW00053913","GUTHRIE MUNICIPAL AIRPORT, OK US","2007-05-19","0.00","75","54"
"USW00053913","GUTHRIE MUNICIPAL AIRPORT, OK US","2007-05-20","0.00","81","60"
"USW00053913","GUTHRIE MUNICIPAL AIRPORT, OK US","2007-05-21","0.00","78","63"
"USW00053913","GUTHRIE MUNICIPAL AIRPORT, OK US","2007-05-22","0.00","82","66"
"USW00053913","GUTHRIE MUNICIPAL AIRPORT, OK US","2007-05-23","0.00","83","71"
"USW00053913","GUTHRIE MUNICIPAL AIRPORT, OK US","2007-05-24","0.32","75","59"
"USW00053913","GUTHRIE MUNICIPAL AIRPORT, OK US","2007-05-25","0.00","75","60"
"USW00053913","GUTHRIE MUNICIPAL AIRPORT, OK US","2007-05-26","0.00","78","64"
"USW00053913","GUTHRIE MUNICIPAL AIRPORT, OK US","2007-05-27","0.78","74","65"
"USW00053913","GUTHRIE MUNICIPAL AIRPORT, OK US","2007-05-28","0.05","77","62"
"USW00053913","GUTHRIE MUNICIPAL AIRPORT, OK US","2007-05-29","0.00","79","65"
"USW00053913","GUTHRIE MUNICIPAL AIRPORT, OK US","2007-05-30","1.09","76","62"
"USW00053913","GUTHRIE MUNICIPAL AIRPORT, OK US","2007-05-31","0.00","82","56"
"USW00053913","GUTHRIE MUNICIPAL AIRPORT, OK US","2007-06-01","0.74","82","61"
"USW00053913","GUTHRIE MUNICIPAL AIRPORT, OK US","2007-06-02","0.00","84","62"
"USW00053913","GUTHRIE MUNICIPAL AIRPORT, OK US","2007-06-03","0.00","84","63"
"USW00053913","GUTHRIE MUNICIPAL AIRPORT, OK US","2007-06-04","0.00","85","62"
"USW00053913","GUTHRIE MUNICIPAL AIRPORT, OK US","2007-06-05","0.00","90","60"
"USW00053913","GUTHRIE MUNICIPAL AIRPORT, OK US","2007-06-06","0.00","88","70"
"USW00053913","GUTHRIE MUNICIPAL AIRPORT, OK US","2007-06-07","0.00","93","75"
"USW00053913","GUTHRIE MUNICIPAL AIRPORT, OK US","2007-06-08","0.00","79","57"
"USW00053913","GUTHRIE MUNICIPAL AIRPORT, OK US","2007-06-09","0.05","88","61"
"USW00053913","GUTHRIE MUNICIPAL AIRPORT, OK US","2007-06-10","1.10","87","67"
"USW00053913","GUTHRIE MUNICIPAL AIRPORT, OK US","2007-06-11","0.00","90","70"
"USW00053913","GUTHRIE MUNICIPAL AIRPORT, OK US","2007-06-12","0.01","91","73"
"USW00053913","GUTHRIE MUNICIPAL AIRPORT, OK US","2007-06-13","1.78","82","68"
"USW00053913","GUTHRIE MUNICIPAL AIRPORT, OK US","2007-06-14","0.57","79","65"
"USW00053913","GUTHRIE MUNICIPAL AIRPORT, OK US","2007-06-15","0.80","80","65"
"USW00053913","GUTHRIE MUNICIPAL AIRPORT, OK US","2007-06-16","0.00","82","67"
"USW00053913","GUTHRIE MUNICIPAL AIRPORT, OK US","2007-06-17","0.07","81","69"
"USW00053913","GUTHRIE MUNICIPAL AIRPORT, OK US","2007-06-18","0.12","81","72"
"USW00053913","GUTHRIE MUNICIPAL AIRPORT, OK US","2007-06-19","1.56","91","66"
"USW00053913","GUTHRIE MUNICIPAL AIRPORT, OK US","2007-06-20","0.50","79","67"
"USW00053913","GUTHRIE MUNICIPAL AIRPORT, OK US","2007-06-21","0.01","84","66"
"USW00053913","GUTHRIE MUNICIPAL AIRPORT, OK US","2007-06-22","0.00","85","69"
"USW00053913","GUTHRIE MUNICIPAL AIRPORT, OK US","2007-06-23","0.03","90","69"
"USW00053913","GUTHRIE MUNICIPAL AIRPORT, OK US","2007-06-24","0.00","87","67"
"USW00053913","GUTHRIE MUNICIPAL AIRPORT, OK US","2007-06-25","0.08","87","70"
"USW00053913","GUTHRIE MUNICIPAL AIRPORT, OK US","2007-06-26","2.80","76","68"
"USW00053913","GUTHRIE MUNICIPAL AIRPORT, OK US","2007-06-27","0.04","80","70"
"USW00053913","GUTHRIE MUNICIPAL AIRPORT, OK US","2007-06-28","0.57","81","71"
"USW00053913","GUTHRIE MUNICIPAL AIRPORT, OK US","2007-06-29","1.60","77","71"
"USW00053913","GUTHRIE MUNICIPAL AIRPORT, OK US","2007-06-30","0.03","78","70"
"USW00053913","GUTHRIE MUNICIPAL AIRPORT, OK US","2007-07-01","0.08","82","68"
"USW00053913","GUTHRIE MUNICIPAL AIRPORT, OK US","2007-07-02","0.05","86","72"
"USW00053913","GUTHRIE MUNICIPAL AIRPORT, OK US","2007-07-03","0.00","87","72"
"USW00053913","GUTHRIE MUNICIPAL AIRPORT, OK US","2007-07-04","0.01","90","71"
"USW00053913","GUTHRIE MUNICIPAL AIRPORT, OK US","2007-07-05","0.94","86","69"
"USW00053913","GUTHRIE MUNICIPAL AIRPORT, OK US","2007-07-06","0.00","92","68"
"USW00053913","GUTHRIE MUNICIPAL AIRPORT, OK US","2007-07-07","0.00","91","67"
"USW00053913","GUTHRIE MUNICIPAL AIRPORT, OK US","2007-07-08","0.00","92","73"
"USW00053913","GUTHRIE MUNICIPAL AIRPORT, OK US","2007-07-09","0.09","87","70"
"USW00053913","GUTHRIE MUNICIPAL AIRPORT, OK US","2007-07-10","0.93","88","69"
"USW00053913","GUTHRIE MUNICIPAL AIRPORT, OK US","2007-07-11","0.00","85","69"
"USW00053913","GUTHRIE MUNICIPAL AIRPORT, OK US","2007-07-12","0.54","83","66"
"USW00053913","GUTHRIE MUNICIPAL AIRPORT, OK US","2007-07-13","1.37","84","67"
"USW00053913","GUTHRIE MUNICIPAL AIRPORT, OK US","2007-07-14","0.00","90","67"
"USW00053913","GUTHRIE MUNICIPAL AIRPORT, OK US","2007-07-15","0.00","95","69"
"USW00053913","GUTHRIE MUNICIPAL AIRPORT, OK US","2007-07-16","0.00","93","70"
"USW00053913","GUTHRIE MUNICIPAL AIRPORT, OK US","2007-07-17","0.00","93","71"
"USW00053913","GUTHRIE MUNICIPAL AIRPORT, OK US","2007-07-18","0.00","91","72"
"USW00053913","GUTHRIE MUNICIPAL AIRPORT, OK US","2007-07-19","0.00",,
"USW00053913","GUTHRIE MUNICIPAL AIRPORT, OK US","2007-07-20","0.00",,
"USW00053913","GUTHRIE MUNICIPAL AIRPORT, OK US","2007-07-21","0.00",,
"USW00053913","GUTHRIE MUNICIPAL AIRPORT, OK US","2007-07-22","0.00",,
"USW00053913","GUTHRIE MUNICIPAL AIRPORT, OK US","2007-07-23","0.43",,
"USW00053913","GUTHRIE MUNICIPAL AIRPORT, OK US","2007-07-24","0.00",,
"USW00053913","GUTHRIE MUNICIPAL AIRPORT, OK US","2007-07-25","0.00",,
"USW00053913","GUTHRIE MUNICIPAL AIRPORT, OK US","2007-07-26","0.00",,
"USW00053913","GUTHRIE MUNICIPAL AIRPORT, OK US","2007-07-27","0.00",,
"USW00053913","GUTHRIE MUNICIPAL AIRPORT, OK US","2007-07-28","0.00",,
"USW00053913","GUTHRIE MUNICIPAL AIRPORT, OK US","2007-07-29","0.00",,
"USW00053913","GUTHRIE MUNICIPAL AIRPORT, OK US","2007-07-30","0.00",,
"USW00053913","GUTHRIE MUNICIPAL AIRPORT, OK US","2007-07-31","0.00",,
"USW00053913","GUTHRIE MUNICIPAL AIRPORT, OK US","2007-08-01","0.00","91","74"
"USW00053913","GUTHRIE MUNICIPAL AIRPORT, OK US","2007-08-02","0.00","93","72"
"USW00053913","GUTHRIE MUNICIPAL AIRPORT, OK US","2007-08-03","0.00","94","71"
"USW00053913","GUTHRIE MUNICIPAL AIRPORT, OK US","2007-08-04","0.00","96","74"
"USW00053913","GUTHRIE MUNICIPAL AIRPORT, OK US","2007-08-05","0.00","98","77"
"USW00053913","GUTHRIE MUNICIPAL AIRPORT, OK US","2007-08-06","0.00","98","76"
"USW00053913","GUTHRIE MUNICIPAL AIRPORT, OK US","2007-08-07","0.00","99","80"
"USW00053913","GUTHRIE MUNICIPAL AIRPORT, OK US","2007-08-08","0.00","99","80"
"USW00053913","GUTHRIE MUNICIPAL AIRPORT, OK US","2007-08-09","0.00","100","77"
"USW00053913","GUTHRIE MUNICIPAL AIRPORT, OK US","2007-08-10","0.00","100","70"
"USW00053913","GUTHRIE MUNICIPAL AIRPORT, OK US","2007-08-11","0.00","99","72"
"USW00053913","GUTHRIE MUNICIPAL AIRPORT, OK US","2007-08-12","0.00","102","75"
"USW00053913","GUTHRIE MUNICIPAL AIRPORT, OK US","2007-08-13","0.00","103","70"
"USW00053913","GUTHRIE MUNICIPAL AIRPORT, OK US","2007-08-14","0.00","105","72"
"USW00053913","GUTHRIE MUNICIPAL AIRPORT, OK US","2007-08-15","0.00","103","73"
"USW00053913","GUTHRIE MUNICIPAL AIRPORT, OK US","2007-08-16","0.00","100","74"
"USW00053913","GUTHRIE MUNICIPAL AIRPORT, OK US","2007-08-17","0.00","93","74"
"USW00053913","GUTHRIE MUNICIPAL AIRPORT, OK US","2007-08-18","0.15","89","75"
"USW00053913","GUTHRIE MUNICIPAL AIRPORT, OK US","2007-08-19","3.09","91","72"
"USW00053913","GUTHRIE MUNICIPAL AIRPORT, OK US","2007-08-20","0.00","93","77"
"USW00053913","GUTHRIE MUNICIPAL AIRPORT, OK US","2007-08-21","0.00","92","76"
"USW00053913","GUTHRIE MUNICIPAL AIRPORT, OK US","2007-08-22","0.00","93","75"
"USW00053913","GUTHRIE MUNICIPAL AIRPORT, OK US","2007-08-23","0.00","93","78"
"USW00053913","GUTHRIE MUNICIPAL AIRPORT, OK US","2007-08-24","0.07","84","73"
"USW00053913","GUTHRIE MUNICIPAL AIRPORT, OK US","2007-08-25","0.00","87","72"
"USW00053913","GUTHRIE MUNICIPAL AIRPORT, OK US","2007-08-26","0.00","94","72"
"USW00053913","GUTHRIE MUNICIPAL AIRPORT, OK US","2007-08-27","0.00","95","74"
"USW00053913","GUTHRIE MUNICIPAL AIRPORT, OK US","2007-08-28","0.00","94","72"
"USW00053913","GUTHRIE MUNICIPAL AIRPORT, OK US","2007-08-29","0.00","95","71"
"USW00053913","GUTHRIE MUNICIPAL AIRPORT, OK US","2007-08-30","0.02","89","70"
"USW00053913","GUTHRIE MUNICIPAL AIRPORT, OK US","2007-08-31","0.00","88","66"
"USW00053913","GUTHRIE MUNICIPAL AIRPORT, OK US","2007-09-01","0.00","89","61"
"USW00053913","GUTHRIE MUNICIPAL AIRPORT, OK US","2007-09-02","0.00","90","58"
"USW00053913","GUTHRIE MUNICIPAL AIRPORT, OK US","2007-09-03","0.00","91","62"
"USW00053913","GUTHRIE MUNICIPAL AIRPORT, OK US","2007-09-04","0.01","84","67"
"USW00053913","GUTHRIE MUNICIPAL AIRPORT, OK US","2007-09-05","0.00","86","70"
"USW00053913","GUTHRIE MUNICIPAL AIRPORT, OK US","2007-09-06","0.00","93","71"
"USW00053913","GUTHRIE MUNICIPAL AIRPORT, OK US","2007-09-07","0.00","88","72"
"USW00053913","GUTHRIE MUNICIPAL AIRPORT, OK US","2007-09-08","0.22","87","71"
"USW00053913","GUTHRIE MUNICIPAL AIRPORT, OK US","2007-09-09","0.00","85","72"
"USW00053913","GUTHRIE MUNICIPAL AIRPORT, OK US","2007-09-10","0.06","80","61"
"USW00053913","GUTHRIE MUNICIPAL AIRPORT, OK US","2007-09-11","0.00","77","53"
"USW00053913","GUTHRIE MUNICIPAL AIRPORT, OK US","2007-09-12","0.00","80","50"
"USW00053913","GUTHRIE MUNICIPAL AIRPORT, OK US","2007-09-13","0.00","85","60"
"USW00053913","GUTHRIE MUNICIPAL AIRPORT, OK US","2007-09-14","0.00","71","54"
"USW00053913","GUTHRIE MUNICIPAL AIRPORT, OK US","2007-09-15","0.00","77","53"
"USW00053913","GUTHRIE MUNICIPAL AIRPORT, OK US","2007-09-16","0.00","92","66"
"USW00053913","GUTHRIE MUNICIPAL AIRPORT, OK US","2007-09-17","0.00","89","69"
"USW00053913","GUTHRIE MUNICIPAL AIRPORT, OK US","2007-09-18","0.00","88","71"
"USW00053913","GUTHRIE MUNICIPAL AIRPORT, OK US","2007-09-19","0.00","90","70"
"USW00053913","GUTHRIE MUNICIPAL AIRPORT, OK US","2007-09-20","0.00","90","70"
"USW00053913","GUTHRIE MUNICIPAL AIRPORT, OK US","2007-09-21","0.00","93","69"
"USW00053913","GUTHRIE MUNICIPAL AIRPORT, OK US","2007-09-22","0.00","91","68"
"USW00053913","GUTHRIE MUNICIPAL AIRPORT, OK US","2007-09-23","0.00","88","65"
"USW00053913","GUTHRIE MUNICIPAL AIRPORT, OK US","2007-09-24","0.00","89","68"
"USW00053913","GUTHRIE MUNICIPAL AIRPORT, OK US","2007-09-25","0.04","77","64"
"USW00053913","GUTHRIE MUNICIPAL AIRPORT, OK US","2007-09-26","0.00","76","63"
"USW00053913","GUTHRIE MUNICIPAL AIRPORT, OK US","2007-09-27","0.00","88","65"
"USW00053913","GUTHRIE MUNICIPAL AIRPORT, OK US","2007-09-28","0.00","86","61"
"USW00053913","GUTHRIE MUNICIPAL AIRPORT, OK US","2007-09-29","0.00","86","66"
"USW00053913","GUTHRIE MUNICIPAL AIRPORT, OK US","2007-09-30","0.00","91","64"
"USW00053913","GUTHRIE MUNICIPAL AIRPORT, OK US","2007-10-01","0.00","86","56"
"USW00053913","GUTHRIE MUNICIPAL AIRPORT, OK US","2007-10-02","0.10","93","65"
"USW00053913","GUTHRIE MUNICIPAL AIRPORT, OK US","2007-10-03","0.00","85","54"
"USW00053913","GUTHRIE MUNICIPAL AIRPORT, OK US","2007-10-04","0.00","89","70"
"USW00053913","GUTHRIE MUNICIPAL AIRPORT, OK US","2007-10-05","0.00","91","71"
"USW00053913","GUTHRIE MUNICIPAL AIRPORT, OK US","2007-10-06","0.02","85","71"
"USW00053913","GUTHRIE MUNICIPAL AIRPORT, OK US","2007-10-07","0.00","87","73"
"USW00053913","GUTHRIE MUNICIPAL AIRPORT, OK US","2007-10-08","0.09","76","53"
"USW00053913","GUTHRIE MUNICIPAL AIRPORT, OK US","2007-10-09","0.00","82","47"
"USW00053913","GUTHRIE MUNICIPAL AIRPORT, OK US","2007-10-10","0.00","84","48"
"USW00053913","GUTHRIE MUNICIPAL AIRPORT, OK US","2007-10-11","0.00","78","52"
"USW00053913","GUTHRIE MUNICIPAL AIRPORT, OK US","2007-10-12","0.00","83","53"
"USW00053913","GUTHRIE MUNICIPAL AIRPORT, OK US","2007-10-13","0.00","86","65"
"USW00053913","GUTHRIE MUNICIPAL AIRPORT, OK US","2007-10-14","0.61","81","56"
"USW00053913","GUTHRIE MUNICIPAL AIRPORT, OK US","2007-10-15","0.00","68","53"
"USW00053913","GUTHRIE MUNICIPAL AIRPORT, OK US","2007-10-16","0.00","75","47"
"USW00053913","GUTHRIE MUNICIPAL AIRPORT, OK US","2007-10-17","0.16","78","61"
"USW00053913","GUTHRIE MUNICIPAL AIRPORT, OK US","2007-10-18","0.00","73","52"
"USW00053913","GUTHRIE MUNICIPAL AIRPORT, OK US","2007-10-19","0.00","76","44"
"USW00053913","GUTHRIE MUNICIPAL AIRPORT, OK US","2007-10-20","0.00","85","56"
"USW00053913","GUTHRIE MUNICIPAL AIRPORT, OK US","2007-10-21","0.68","79","48"
"USW00053913","GUTHRIE MUNICIPAL AIRPORT, OK US","2007-10-22","0.83","52","43"
"USW00053913","GUTHRIE MUNICIPAL AIRPORT, OK US","2007-10-23","0.00","66","35"
"USW00053913","GUTHRIE MUNICIPAL AIRPORT, OK US","2007-10-24","0.00","65","41"
"USW00053913","GUTHRIE MUNICIPAL AIRPORT, OK US","2007-10-25","0.00","63","38"
"USW00053913","GUTHRIE MUNICIPAL AIRPORT, OK US","2007-10-26","0.00","65","33"
"USW00053913","GUTHRIE MUNICIPAL AIRPORT, OK US","2007-10-27","0.00","65","37"
"USW00053913","GUTHRIE MUNICIPAL AIRPORT, OK US","2007-10-28","0.00","69","39"
"USW00053913","GUTHRIE MUNICIPAL AIRPORT, OK US","2007-10-29","0.00","72","49"
"USW00053913","GUTHRIE MUNICIPAL AIRPORT, OK US","2007-10-30","0.00","75","50"
"USW00053913","GUTHRIE MUNICIPAL AIRPORT, OK US","2007-10-31","0.00","66","46"
"USW00053913","GUTHRIE MUNICIPAL AIRPORT, OK US","2007-11-01","0.00","64","37"
"USW00053913","GUTHRIE MUNICIPAL AIRPORT, OK US","2007-11-02","0.00","71","44"
"USW00053913","GUTHRIE MUNICIPAL AIRPORT, OK US","2007-11-03","0.00","67","38"
"USW00053913","GUTHRIE MUNICIPAL AIRPORT, OK US","2007-11-04","0.00","81","47"
"USW00053913","GUTHRIE MUNICIPAL AIRPORT, OK US","2007-11-05","0.00","72","43"
"USW00053913","GUTHRIE MUNICIPAL AIRPORT, OK US","2007-11-06","0.00","54","33"
"USW00053913","GUTHRIE MUNICIPAL AIRPORT, OK US","2007-11-07","0.00","62","32"
"USW00053913","GUTHRIE MUNICIPAL AIRPORT, OK US","2007-11-08","0.00","76","40"
"USW00053913","GUTHRIE MUNICIPAL AIRPORT, OK US","2007-11-09","0.00","78","41"
"USW00053913","GUTHRIE MUNICIPAL AIRPORT, OK US","2007-11-10","0.00","78","49"
"USW00053913","GUTHRIE MUNICIPAL AIRPORT, OK US","2007-11-11","0.00","77","64"
"USW00053913","GUTHRIE MUNICIPAL AIRPORT, OK US","2007-11-12","0.00","79","52"
"USW00053913","GUTHRIE MUNICIPAL AIRPORT, OK US","2007-11-13","0.00","75","42"
"USW00053913","GUTHRIE MUNICIPAL AIRPORT, OK US","2007-11-14","0.00","70","42"
"USW00053913","GUTHRIE MUNICIPAL AIRPORT, OK US","2007-11-15","0.00","55","28"
"USW00053913","GUTHRIE MUNICIPAL AIRPORT, OK US","2007-11-16","0.00","68","43"
"USW00053913","GUTHRIE MUNICIPAL AIRPORT, OK US","2007-11-17","0.00","78","46"
"USW00053913","GUTHRIE MUNICIPAL AIRPORT, OK US","2007-11-18","0.00","76","41"
"USW00053913","GUTHRIE MUNICIPAL AIRPORT, OK US","2007-11-19","0.00","76","57"
"USW00053913","GUTHRIE MUNICIPAL AIRPORT, OK US","2007-11-20","0.00","81","46"
"USW00053913","GUTHRIE MUNICIPAL AIRPORT, OK US","2007-11-21","0.00","48","32"
"USW00053913","GUTHRIE MUNICIPAL AIRPORT, OK US","2007-11-22","0.00","39","24"
"USW00053913","GUTHRIE MUNICIPAL AIRPORT, OK US","2007-11-23","0.00","42","20"
"USW00053913","GUTHRIE MUNICIPAL AIRPORT, OK US","2007-11-24",,"45","31"
"USW00053913","GUTHRIE MUNICIPAL AIRPORT, OK US","2007-11-25","0.10","45","35"
"USW00053913","GUTHRIE MUNICIPAL AIRPORT, OK US","2007-11-26","0.34","55","32"
"USW00053913","GUTHRIE MUNICIPAL AIRPORT, OK US","2007-11-27","0.00","63","29"
"USW00053913","GUTHRIE MUNICIPAL AIRPORT, OK US","2007-11-28","0.00","60","30"
"USW00053913","GUTHRIE MUNICIPAL AIRPORT, OK US","2007-11-29","0.00","54","22"
"USW00053913","GUTHRIE MUNICIPAL AIRPORT, OK US","2007-11-30","0.00","51","43"
"USW00053913","GUTHRIE MUNICIPAL AIRPORT, OK US","2007-12-01","0.00","67","45"
"USW00053913","GUTHRIE MUNICIPAL AIRPORT, OK US","2007-12-02","0.00","68","29"
"USW00053913","GUTHRIE MUNICIPAL AIRPORT, OK US","2007-12-03","0.00","54","21"
"USW00053913","GUTHRIE MUNICIPAL AIRPORT, OK US","2007-12-04","0.00","66","37"
"USW00053913","GUTHRIE MUNICIPAL AIRPORT, OK US","2007-12-05","0.00","52","30"
"USW00053913","GUTHRIE MUNICIPAL AIRPORT, OK US","2007-12-07","0.00","41","38"
"USW00053913","GUTHRIE MUNICIPAL AIRPORT, OK US","2007-12-08","0.00","38","28"
"USW00053913","GUTHRIE MUNICIPAL AIRPORT, OK US","2007-12-09","0.37","28","23"
"USW00053913","GUTHRIE MUNICIPAL AIRPORT, OK US","2007-12-10","0.24","32","26"
"USW00053913","GUTHRIE MUNICIPAL AIRPORT, OK US","2007-12-11","0.48","34","32"
"USW00053913","GUTHRIE MUNICIPAL AIRPORT, OK US","2007-12-12","0.00","33","30"
"USW00053913","GUTHRIE MUNICIPAL AIRPORT, OK US","2007-12-13","0.00","34","27"
"USW00053913","GUTHRIE MUNICIPAL AIRPORT, OK US","2007-12-14","0.01","36","29"
"USW00053913","GUTHRIE MUNICIPAL AIRPORT, OK US","2007-12-15","0.01","36","24"
"USW00053913","GUTHRIE MUNICIPAL AIRPORT, OK US","2007-12-16","0.00","46","16"
"USW00053913","GUTHRIE MUNICIPAL AIRPORT, OK US","2007-12-17","0.00","53","27"
"USW00053913","GUTHRIE MUNICIPAL AIRPORT, OK US","2007-12-18","0.00","56","28"
"USW00053913","GUTHRIE MUNICIPAL AIRPORT, OK US","2007-12-19","0.00","63","25"
"USW00053913","GUTHRIE MUNICIPAL AIRPORT, OK US","2007-12-20","0.00","57","33"
"USW00053913","GUTHRIE MUNICIPAL AIRPORT, OK US","2007-12-21","0.00","67","37"
"USW00053913","GUTHRIE MUNICIPAL AIRPORT, OK US","2007-12-22","0.01","54","20"
"USW00053913","GUTHRIE MUNICIPAL AIRPORT, OK US","2007-12-23","0.00","45","15"
"USW00053913","GUTHRIE MUNICIPAL AIRPORT, OK US","2007-12-24","0.00","51","25"
"USW00053913","GUTHRIE MUNICIPAL AIRPORT, OK US","2007-12-25","0.00","56","37"
"USW00053913","GUTHRIE MUNICIPAL AIRPORT, OK US","2007-12-26","0.00","40","31"
"USW00053913","GUTHRIE MUNICIPAL AIRPORT, OK US","2007-12-27","0.00","34","32"
"USW00053913","GUTHRIE MUNICIPAL AIRPORT, OK US","2007-12-28","0.02","32","23"
"USW00053913","GUTHRIE MUNICIPAL AIRPORT, OK US","2007-12-29","0.00","44","21"
"USW00053913","GUTHRIE MUNICIPAL AIRPORT, OK US","2007-12-30","0.00","50","18"
"USW00053913","GUTHRIE MUNICIPAL AIRPORT, OK US","2007-12-31","0.00","48","27"
"USW00053913","GUTHRIE MUNICIPAL AIRPORT, OK US","2008-01-01","0.00","39","17"
"USW00053913","GUTHRIE MUNICIPAL AIRPORT, OK US","2008-01-02","0.00","35","13"
"USW00053913","GUTHRIE MUNICIPAL AIRPORT, OK US","2008-01-03","0.00","42","22"
"USW00053913","GUTHRIE MUNICIPAL AIRPORT, OK US","2008-01-04","0.00","56","33"
"USW00053913","GUTHRIE MUNICIPAL AIRPORT, OK US","2008-01-05","0.00","69","48"
"USW00053913","GUTHRIE MUNICIPAL AIRPORT, OK US","2008-01-06","0.00","75","60"
"USW00053913","GUTHRIE MUNICIPAL AIRPORT, OK US","2008-01-07","0.22","73","51"
"USW00053913","GUTHRIE MUNICIPAL AIRPORT, OK US","2008-01-08","0.06","53","29"
"USW00053913","GUTHRIE MUNICIPAL AIRPORT, OK US","2008-01-09","0.00","56","28"
"USW00053913","GUTHRIE MUNICIPAL AIRPORT, OK US","2008-01-10","0.00","50","28"
"USW00053913","GUTHRIE MUNICIPAL AIRPORT, OK US","2008-01-11","0.00","60","26"
"USW00053913","GUTHRIE MUNICIPAL AIRPORT, OK US","2008-01-12","0.00","55","33"
"USW00053913","GUTHRIE MUNICIPAL AIRPORT, OK US","2008-01-13","0.00","50","23"
"USW00053913","GUTHRIE MUNICIPAL AIRPORT, OK US","2008-01-14","0.00","53","26"
"USW00053913","GUTHRIE MUNICIPAL AIRPORT, OK US","2008-01-15","0.00","61","26"
"USW00053913","GUTHRIE MUNICIPAL AIRPORT, OK US","2008-01-16","0.25","50","25"
"USW00053913","GUTHRIE MUNICIPAL AIRPORT, OK US","2008-01-17","0.00","33","20"
"USW00053913","GUTHRIE MUNICIPAL AIRPORT, OK US","2008-01-18","0.00",,
"USW00053913","GUTHRIE MUNICIPAL AIRPORT, OK US","2008-01-20","0.00",,
"USW00053913","GUTHRIE MUNICIPAL AIRPORT, OK US","2008-01-21","0.00","43",
"USW00053913","GUTHRIE MUNICIPAL AIRPORT, OK US","2008-01-22","0.00",,
"USW00053913","GUTHRIE MUNICIPAL AIRPORT, OK US","2008-01-23","0.00","44","13"
"USW00053913","GUTHRIE MUNICIPAL AIRPORT, OK US","2008-01-24","0.00","32","12"
"USW00053913","GUTHRIE MUNICIPAL AIRPORT, OK US","2008-01-25","0.00","47","28"
"USW00053913","GUTHRIE MUNICIPAL AIRPORT, OK US","2008-01-26","0.00","60","29"
"USW00053913","GUTHRIE MUNICIPAL AIRPORT, OK US","2008-01-27","0.00","68","28"
"USW00053913","GUTHRIE MUNICIPAL AIRPORT, OK US","2008-01-28","0.00","68","54"
"USW00053913","GUTHRIE MUNICIPAL AIRPORT, OK US","2008-01-29","0.00","66","24"
"USW00053913","GUTHRIE MUNICIPAL AIRPORT, OK US","2008-01-30","0.00","52","29"
"USW00053913","GUTHRIE MUNICIPAL AIRPORT, OK US","2008-01-31","0.02","43","14"
"USW00053913","GUTHRIE MUNICIPAL AIRPORT, OK US","2008-02-01",,"57","10"
"USW00053913","GUTHRIE MUNICIPAL AIRPORT, OK US","2008-02-02","0.00","57","28"
"USW00053913","GUTHRIE MUNICIPAL AIRPORT, OK US","2008-02-03","0.00","68","38"
"USW00053913","GUTHRIE MUNICIPAL AIRPORT, OK US","2008-02-04","0.00","77","49"
"USW00053913","GUTHRIE MUNICIPAL AIRPORT, OK US","2008-02-05","1.43","49","28"
"USW00053913","GUTHRIE MUNICIPAL AIRPORT, OK US","2008-02-06","0.00","41","26"
"USW00053913","GUTHRIE MUNICIPAL AIRPORT, OK US","2008-02-07","0.00","48","31"
"USW00053913","GUTHRIE MUNICIPAL AIRPORT, OK US","2008-02-08","0.00","56","33"
"USW00053913","GUTHRIE MUNICIPAL AIRPORT, OK US","2008-02-09","0.00","62","27"
"USW00053913","GUTHRIE MUNICIPAL AIRPORT, OK US","2008-02-10","0.00","43","26"
"USW00053913","GUTHRIE MUNICIPAL AIRPORT, OK US","2008-02-11","0.00","32","24"
"USW00053913","GUTHRIE MUNICIPAL AIRPORT, OK US","2008-02-12","0.00","38","28"
"USW00053913","GUTHRIE MUNICIPAL AIRPORT, OK US","2008-02-13","0.00","60","21"
"USW00053913","GUTHRIE MUNICIPAL AIRPORT, OK US","2008-02-14","0.00","70","29"
"USW00053913","GUTHRIE MUNICIPAL AIRPORT, OK US","2008-02-15",,"33","25"
"USW00053913","GUTHRIE MUNICIPAL AIRPORT, OK US","2008-02-16","1.55","38","29"
"USW00053913","GUTHRIE MUNICIPAL AIRPORT, OK US","2008-02-17","0.51","50","29"
"USW00053913","GUTHRIE MUNICIPAL AIRPORT, OK US","2008-02-18","0.00","51","28"
"USW00053913","GUTHRIE MUNICIPAL AIRPORT, OK US","2008-02-19","0.00","63","26"
"USW00053913","GUTHRIE MUNICIPAL AIRPORT, OK US","2008-02-20","0.00","51","30"
"USW00053913","GUTHRIE MUNICIPAL AIRPORT, OK US","2008-02-21","0.00","30","23"
"USW00053913","GUTHRIE MUNICIPAL AIRPORT, OK US","2008-02-22","0.00","39","26"
"USW00053913","GUTHRIE MUNICIPAL AIRPORT, OK US","2008-02-23","0.02","44","28"
"USW00053913","GUTHRIE MUNICIPAL AIRPORT, OK US","2008-02-24","0.00","53","32"
"USW00053913","GUTHRIE MUNICIPAL AIRPORT, OK US","2008-02-25","0.00","71","40"
"USW00053913","GUTHRIE MUNICIPAL AIRPORT, OK US","2008-02-26","0.00","44","25"
"USW00053913","GUTHRIE MUNICIPAL AIRPORT, OK US","2008-02-27","0.00","60","23"
"USW00053913","GUTHRIE MUNICIPAL AIRPORT, OK US","2008-02-28","0.00","70","38"
"USW00053913","GUTHRIE MUNICIPAL AIRPORT, OK US","2008-02-29","0.00","68","34"
"USW00053913","GUTHRIE MUNICIPAL AIRPORT, OK US","2008-03-01","0.00","76","36"
"USW00053913","GUTHRIE MUNICIPAL AIRPORT, OK US","2008-03-02","0.89","70","40"
"USW00053913","GUTHRIE MUNICIPAL AIRPORT, OK US","2008-03-03","0.06","40","30"
"USW00053913","GUTHRIE MUNICIPAL AIRPORT, OK US","2008-03-04","0.00","51","24"
"USW00053913","GUTHRIE MUNICIPAL AIRPORT, OK US","2008-03-05","0.00","55","33"
"USW00053913","GUTHRIE MUNICIPAL AIRPORT, OK US","2008-03-06","0.00","42","26"
"USW00053913","GUTHRIE MUNICIPAL AIRPORT, OK US","2008-03-07","0.00","40","20"
"USW00053913","GUTHRIE MUNICIPAL AIRPORT, OK US","2008-03-08","0.00","48","13"
"USW00053913","GUTHRIE MUNICIPAL AIRPORT, OK US","2008-03-09","0.00","64","29"
"USW00053913","GUTHRIE MUNICIPAL AIRPORT, OK US","2008-03-10","0.00","63","31"
"USW00053913","GUTHRIE MUNICIPAL AIRPORT, OK US","2008-03-11","0.00","71","30"
"USW00053913","GUTHRIE MUNICIPAL AIRPORT, OK US","2008-03-12","0.00","78","48"
"USW00053913","GUTHRIE MUNICIPAL AIRPORT, OK US","2008-03-13","0.00","70","46"
"USW00053913","GUTHRIE MUNICIPAL AIRPORT, OK US","2008-03-14","0.05","77","37"
"USW00053913","GUTHRIE MUNICIPAL AIRPORT, OK US","2008-03-15","0.00","53","40"
"USW00053913","GUTHRIE MUNICIPAL AIRPORT, OK US","2008-03-16","0.00","66","36"
"USW00053913","GUTHRIE MUNICIPAL AIRPORT, OK US","2008-03-17","0.35","69","47"
"USW00053913","GUTHRIE MUNICIPAL AIRPORT, OK US","2008-03-18","1.36","49","44"
"USW00053913","GUTHRIE MUNICIPAL AIRPORT, OK US","2008-03-19","0.00","64","37"
"USW00053913","GUTHRIE MUNICIPAL AIRPORT, OK US","2008-03-20","0.00","75","46"
"USW00053913","GUTHRIE MUNICIPAL AIRPORT, OK US","2008-03-21","0.00","69","42"
"USW00053913","GUTHRIE MUNICIPAL AIRPORT, OK US","2008-03-22","0.00","64","39"
"USW00053913","GUTHRIE MUNICIPAL AIRPORT, OK US","2008-03-23","0.00","51","32"
"USW00053913","GUTHRIE MUNICIPAL AIRPORT, OK US","2008-03-24","0.00","64","31"
"USW00053913","GUTHRIE MUNICIPAL AIRPORT, OK US","2008-03-25","0.00","77","52"
"USW00053913","GUTHRIE MUNICIPAL AIRPORT, OK US","2008-03-26","0.00","80","58"
"USW00053913","GUTHRIE MUNICIPAL AIRPORT, OK US","2008-03-27","0.00","79","47"
"USW00053913","GUTHRIE MUNICIPAL AIRPORT, OK US","2008-03-28","0.00","58","42"
"USW00053913","GUTHRIE MUNICIPAL AIRPORT, OK US","2008-03-29","0.00","61","47"
"USW00053913","GUTHRIE MUNICIPAL AIRPORT, OK US","2008-03-30","0.01","75","57"
"USW00053913","GUTHRIE MUNICIPAL AIRPORT, OK US","2008-03-31","1.81","72","46"
"USW00053913","GUTHRIE MUNICIPAL AIRPORT, OK US","2008-04-01","0.00","57","39"
"USW00053913","GUTHRIE MUNICIPAL AIRPORT, OK US","2008-04-02","0.26","57","39"
"USW00053913","GUTHRIE MUNICIPAL AIRPORT, OK US","2008-04-03","0.00","77","48"
"USW00053913","GUTHRIE MUNICIPAL AIRPORT, OK US","2008-04-04","0.00","62","40"
"USW00053913","GUTHRIE MUNICIPAL AIRPORT, OK US","2008-04-05","0.00","71","37"
"USW00053913","GUTHRIE MUNICIPAL AIRPORT, OK US","2008-04-06","0.00","73","50"
"USW00053913","GUTHRIE MUNICIPAL AIRPORT, OK US","2008-04-07","0.34","74","47"
"USW00053913","GUTHRIE MUNICIPAL AIRPORT, OK US","2008-04-08","0.03","67","44"
"USW00053913","GUTHRIE MUNICIPAL AIRPORT, OK US","2008-04-09","0.01","54","44"
"USW00053913","GUTHRIE MUNICIPAL AIRPORT, OK US","2008-04-10","0.67","72","47"
"USW00053913","GUTHRIE MUNICIPAL AIRPORT, OK US","2008-04-11","0.00","61","43"
"USW00053913","GUTHRIE MUNICIPAL AIRPORT, OK US","2008-04-12","0.00","61","41"
"USW00053913","GUTHRIE MUNICIPAL AIRPORT, OK US","2008-04-13","0.00","55","35"
"USW00053913","GUTHRIE MUNICIPAL AIRPORT, OK US","2008-04-14","0.00","66","29"
"USW00053913","GUTHRIE MUNICIPAL AIRPORT, OK US","2008-04-15","0.00",,
"USW00053913","GUTHRIE MUNICIPAL AIRPORT, OK US","2008-04-16","0.00","76","57"
"USW00053913","GUTHRIE MUNICIPAL AIRPORT, OK US","2008-04-18","0.00","69","43"
"USW00053913","GUTHRIE MUNICIPAL AIRPORT, OK US","2008-04-19","0.00","85","41"
"USW00053913","GUTHRIE MUNICIPAL AIRPORT, OK US","2008-04-20","0.00","82","59"
"USW00053913","GUTHRIE MUNICIPAL AIRPORT, OK US","2008-04-21","0.00","88","68"
"USW00053913","GUTHRIE MUNICIPAL AIRPORT, OK US","2008-04-22","0.00","79",
"USW00053913","GUTHRIE MUNICIPAL AIRPORT, OK US","2008-04-23","0.09","78","61"
"USW00053913","GUTHRIE MUNICIPAL AIRPORT, OK US","2008-04-24","0.00","86","63"
"USW00053913","GUTHRIE MUNICIPAL AIRPORT, OK US","2008-04-29","0.00","86","47"
"USW00053913","GUTHRIE MUNICIPAL AIRPORT, OK US","2008-04-30","0.00","81","60"
"USW00053913","GUTHRIE MUNICIPAL AIRPORT, OK US","2008-05-01","0.46","90","58"
"USW00053913","GUTHRIE MUNICIPAL AIRPORT, OK US","2008-05-02",,"74","45"
"USW00053913","GUTHRIE MUNICIPAL AIRPORT, OK US","2008-05-03","0.00","64","43"
"USW00053913","GUTHRIE MUNICIPAL AIRPORT, OK US","2008-05-04","0.00","76","38"
"USW00053913","GUTHRIE MUNICIPAL AIRPORT, OK US","2008-05-05","0.00","82","50"
"USW00053913","GUTHRIE MUNICIPAL AIRPORT, OK US","2008-05-06","0.40","77","62"
"USW00053913","GUTHRIE MUNICIPAL AIRPORT, OK US","2008-05-07","3.28","71","59"
"USW00053913","GUTHRIE MUNICIPAL AIRPORT, OK US","2008-05-08","0.00","75","57"
"USW00053913","GUTHRIE MUNICIPAL AIRPORT, OK US","2008-05-09","0.00","77","59"
"USW00053913","GUTHRIE MUNICIPAL AIRPORT, OK US","2008-05-10","0.00","85","50"
"USW00053913","GUTHRIE MUNICIPAL AIRPORT, OK US","2008-05-11","0.00","67","42"
"USW00053913","GUTHRIE MUNICIPAL AIRPORT, OK US","2008-05-12","0.00","78","48"
"USW00053913","GUTHRIE MUNICIPAL AIRPORT, OK US","2008-05-13","0.00","81","60"
"USW00053913","GUTHRIE MUNICIPAL AIRPORT, OK US","2008-05-14","0.54","72","53"
"USW00053913","GUTHRIE MUNICIPAL AIRPORT, OK US","2008-05-15","0.15","72","52"
"USW00053913","GUTHRIE MUNICIPAL AIRPORT, OK US","2008-05-16",,"77","48"
"USW00053913","GUTHRIE MUNICIPAL AIRPORT, OK US","2008-05-17","0.00","85","52"
"USW00053913","GUTHRIE MUNICIPAL AIRPORT, OK US","2008-05-18","0.00","85","52"
"USW00053913","GUTHRIE MUNICIPAL AIRPORT, OK US","2008-05-19","0.00","93","65"
"USW00053913","GUTHRIE MUNICIPAL AIRPORT, OK US","2008-05-20","0.00","80","57"
"USW00053913","GUTHRIE MUNICIPAL AIRPORT, OK US","2008-05-21","0.00","81","56"
"USW00053913","GUTHRIE MUNICIPAL AIRPORT, OK US","2008-05-22","2.23","87","64"
"USW00053913","GUTHRIE MUNICIPAL AIRPORT, OK US","2008-05-23","0.00","84","65"
"USW00053913","GUTHRIE MUNICIPAL AIRPORT, OK US","2008-05-24","0.01","89","68"
"USW00053913","GUTHRIE MUNICIPAL AIRPORT, OK US","2008-05-25","0.00","90","69"
"USW00053913","GUTHRIE MUNICIPAL AIRPORT, OK US","2008-05-26","1.09","89","66"
"USW00053913","GUTHRIE MUNICIPAL AIRPORT, OK US","2008-05-27","0.47","81","65"
"USW00053913","GUTHRIE MUNICIPAL AIRPORT, OK US","2008-05-28","0.06","84","69"
"USW00053913","GUTHRIE MUNICIPAL AIRPORT, OK US","2008-05-29","0.00","85","70"
"USW00053913","GUTHRIE MUNICIPAL AIRPORT, OK US","2008-05-30","0.00","91","73"
"USW00053913","GUTHRIE MUNICIPAL AIRPORT, OK US","2008-05-31","0.00","91","72"
"USW00053913","GUTHRIE MUNICIPAL AIRPORT, OK US","2008-06-01","0.00","88","66"
"USW00053913","GUTHRIE MUNICIPAL AIRPORT, OK US","2008-06-02","0.00","93","72"
"USW00053913","GUTHRIE MUNICIPAL AIRPORT, OK US","2008-06-03","0.00","95","78"
"USW00053913","GUTHRIE MUNICIPAL AIRPORT, OK US","2008-06-04","0.00","93","79"
"USW00053913","GUTHRIE MUNICIPAL AIRPORT, OK US","2008-06-05","0.06","91","67"
"USW00053913","GUTHRIE MUNICIPAL AIRPORT, OK US","2008-06-06",,"91","66"
"USW00053913","GUTHRIE MUNICIPAL AIRPORT, OK US","2008-06-07","0.00","90","78"
"USW00053913","GUTHRIE MUNICIPAL AIRPORT, OK US","2008-06-08","0.07","91","67"
"USW00053913","GUTHRIE MUNICIPAL AIRPORT, OK US","2008-06-09","2.29","74","62"
"USW00053913","GUTHRIE MUNICIPAL AIRPORT, OK US","2008-06-10",,"83","57"
"USW00053913","GUTHRIE MUNICIPAL AIRPORT, OK US","2008-06-11","0.00","90","72"
"USW00053913","GUTHRIE MUNICIPAL AIRPORT, OK US","2008-06-12","0.00","89","77"
"USW00053913","GUTHRIE MUNICIPAL AIRPORT, OK US","2008-06-13","0.07","80","66"
"USW00053913","GUTHRIE MUNICIPAL AIRPORT, OK US","2008-06-14",,"89","62"
"USW00053913","GUTHRIE MUNICIPAL AIRPORT, OK US","2008-06-15",,"94","71"
"USW00053913","GUTHRIE MUNICIPAL AIRPORT, OK US","2008-06-16","0.74","82","65"
"USW00053913","GUTHRIE MUNICIPAL AIRPORT, OK US","2008-06-17","2.22","81","64"
"USW00053913","GUTHRIE MUNICIPAL AIRPORT, OK US","2008-06-18","0.23","88","65"
"USW00053913","GUTHRIE MUNICIPAL AIRPORT, OK US","2008-06-19","0.00","90","70"
"USW00053913","GUTHRIE MUNICIPAL AIRPORT, OK US","2008-06-20","0.00","88","67"
"USW00053913","GUTHRIE MUNICIPAL AIRPORT, OK US","2008-06-21","0.00","91","65"
"USW00053913","GUTHRIE MUNICIPAL AIRPORT, OK US","2008-06-22","0.00","93","66"
"USW00053913","GUTHRIE MUNICIPAL AIRPORT, OK US","2008-06-23","0.00","93","73"
"USW00053913","GUTHRIE MUNICIPAL AIRPORT, OK US","2008-06-24","0.00","93","69"
"USW00053913","GUTHRIE MUNICIPAL AIRPORT, OK US","2008-06-25","0.00","93","74"
"USW00053913","GUTHRIE MUNICIPAL AIRPORT, OK US","2008-06-26","0.00","94","73"
"USW00053913","GUTHRIE MUNICIPAL AIRPORT, OK US","2008-06-27","0.55","92","67"
"USW00053913","GUTHRIE MUNICIPAL AIRPORT, OK US","2008-06-28","0.00","89","72"
"USW00053913","GUTHRIE MUNICIPAL AIRPORT, OK US","2008-06-29","0.00","86","63"
"USW00053913","GUTHRIE MUNICIPAL AIRPORT, OK US","2008-06-30","0.00","89","61"
"USW00053913","GUTHRIE MUNICIPAL AIRPORT, OK US","2008-07-01","0.00","94","70"
"USW00053913","GUTHRIE MUNICIPAL AIRPORT, OK US","2008-07-02","0.00","95","76"
"USW00053913","GUTHRIE MUNICIPAL AIRPORT, OK US","2008-07-03","0.00","92",
"USW00053913","GUTHRIE MUNICIPAL AIRPORT, OK US","2008-07-04","0.00","92","68"
"USW00053913","GUTHRIE MUNICIPAL AIRPORT, OK US","2008-07-05","0.00","98","71"
"USW00053913","GUTHRIE MUNICIPAL AIRPORT, OK US","2008-07-06","0.00","97","72"
"USW00053913","GUTHRIE MUNICIPAL AIRPORT, OK US","2008-07-07","0.00","96","77"
"USW00053913","GUTHRIE MUNICIPAL AIRPORT, OK US","2008-07-08","0.28","93","74"
"USW00053913","GUTHRIE MUNICIPAL AIRPORT, OK US","2008-07-09","0.05","81","72"
"USW00053913","GUTHRIE MUNICIPAL AIRPORT, OK US","2008-07-10","0.12","87","73"
"USW00053913","GUTHRIE MUNICIPAL AIRPORT, OK US","2008-07-11","0.00","96","77"
"USW00053913","GUTHRIE MUNICIPAL AIRPORT, OK US","2008-07-12","0.89","96","72"
"USW00053913","GUTHRIE MUNICIPAL AIRPORT, OK US","2008-07-13","0.34","85","65"
"USW00053913","GUTHRIE MUNICIPAL AIRPORT, OK US","2008-07-14",,"90","61"
"USW00053913","GUTHRIE MUNICIPAL AIRPORT, OK US","2008-07-15","0.00","91","72"
"USW00053913","GUTHRIE MUNICIPAL AIRPORT, OK US","2008-07-16","0.00","93","72"
"USW00053913","GUTHRIE MUNICIPAL AIRPORT, OK US","2008-07-17","0.00","94","74"
"USW00053913","GUTHRIE MUNICIPAL AIRPORT, OK US","2008-07-18","0.00","98","76"
"USW00053913","GUTHRIE MUNICIPAL AIRPORT, OK US","2008-07-19","0.00","99","74"
"USW00053913","GUTHRIE MUNICIPAL AIRPORT, OK US","2008-07-20","0.00","102","76"
"USW00053913","GUTHRIE MUNICIPAL AIRPORT, OK US","2008-07-21","0.00","101","75"
"USW00053913","GUTHRIE MUNICIPAL AIRPORT, OK US","2008-07-22","0.00","101","75"
"USW00053913","GUTHRIE MUNICIPAL AIRPORT, OK US","2008-07-23","0.00","100","75"
"USW00053913","GUTHRIE MUNICIPAL AIRPORT, OK US","2008-07-24","0.00","97","73"
"USW00053913","GUTHRIE MUNICIPAL AIRPORT, OK US","2008-07-25","0.00","101","79"
"USW00053913","GUTHRIE MUNICIPAL AIRPORT, OK US","2008-07-27","0.00","105","76"
"USW00053913","GUTHRIE MUNICIPAL AIRPORT, OK US","2008-07-28","0.00","106","79"
"USW00053913","GUTHRIE MUNICIPAL AIRPORT, OK US","2008-07-29","0.39","95","76"
"USW00053913","GUTHRIE MUNICIPAL AIRPORT, OK US","2008-07-30","0.11","90","74"
"USW00053913","GUTHRIE MUNICIPAL AIRPORT, OK US","2008-07-31",,"95","71"
"USW00053913","GUTHRIE MUNICIPAL AIRPORT, OK US","2008-08-01","0.00","100","75"
"USW00053913","GUTHRIE MUNICIPAL AIRPORT, OK US","2008-08-02","0.00","104","76"
"USW00053913","GUTHRIE MUNICIPAL AIRPORT, OK US","2008-08-03","0.00","106","77"
"USW00053913","GUTHRIE MUNICIPAL AIRPORT, OK US","2008-08-04","0.00","107","77"
"USW00053913","GUTHRIE MUNICIPAL AIRPORT, OK US","2008-08-05","0.00","104","78"
"USW00053913","GUTHRIE MUNICIPAL AIRPORT, OK US","2008-08-06","0.00","94","74"
"USW00053913","GUTHRIE MUNICIPAL AIRPORT, OK US","2008-08-07","0.00","95","74"
"USW00053913","GUTHRIE MUNICIPAL AIRPORT, OK US","2008-08-08","0.00","90","73"
"USW00053913","GUTHRIE MUNICIPAL AIRPORT, OK US","2008-08-09","0.00","102","76"
"USW00053913","GUTHRIE MUNICIPAL AIRPORT, OK US","2008-08-10","0.04","90","74"
"USW00053913","GUTHRIE MUNICIPAL AIRPORT, OK US","2008-08-11","0.71","77","70"
"USW00053913","GUTHRIE MUNICIPAL AIRPORT, OK US","2008-08-13",,"92","65"
"USW00053913","GUTHRIE MUNICIPAL AIRPORT, OK US","2008-08-14","0.36","94","68"
"USW00053913","GUTHRIE MUNICIPAL AIRPORT, OK US","2008-08-15","0.00","87","68"
"USW00053913","GUTHRIE MUNICIPAL AIRPORT, OK US","2008-08-16","0.00","83","66"
"USW00053913","GUTHRIE MUNICIPAL AIRPORT, OK US","2008-08-17","0.00","83","64"
"USW00053913","GUTHRIE MUNICIPAL AIRPORT, OK US","2008-08-18","0.22","73","69"
"USW00053913","GUTHRIE MUNICIPAL AIRPORT, OK US","2008-08-19","0.61","73","67"
"USW00053913","GUTHRIE MUNICIPAL AIRPORT, OK US","2008-08-20","0.00","81","68"
"USW00053913","GUTHRIE MUNICIPAL AIRPORT, OK US","2008-08-21","0.00","86","68"
"USW00053913","GUTHRIE MUNICIPAL AIRPORT, OK US","2008-08-22","0.00","96","74"
"USW00053913","GUTHRIE MUNICIPAL AIRPORT, OK US","2008-08-23","0.00","95","75"
"USW00053913","GUTHRIE MUNICIPAL AIRPORT, OK US","2008-08-24","0.00","93","70"
"USW00053913","GUTHRIE MUNICIPAL AIRPORT, OK US","2008-08-25","0.00","89","65"
"USW00053913","GUTHRIE MUNICIPAL AIRPORT, OK US","2008-08-26","0.00","91","62"
"USW00053913","GUTHRIE MUNICIPAL AIRPORT, OK US","2008-08-27","0.00","96","73"
"USW00053913","GUTHRIE MUNICIPAL AIRPORT, OK US","2008-08-28","0.00","99","74"
"USW00053913","GUTHRIE MUNICIPAL AIRPORT, OK US","2008-08-29","0.20","100","72"
"USW00053913","GUTHRIE MUNICIPAL AIRPORT, OK US","2008-08-30",,"95","72"
"USW00053913","GUTHRIE MUNICIPAL AIRPORT, OK US","2008-08-31","0.00","92","72"
"USW00053913","GUTHRIE MUNICIPAL AIRPORT, OK US","2008-09-01","0.00","93","70"
"USW00053913","GUTHRIE MUNICIPAL AIRPORT, OK US","2008-09-02","0.18","95","69"
"USW00053913","GUTHRIE MUNICIPAL AIRPORT, OK US","2008-09-03","0.19","70","61"
"USW00053913","GUTHRIE MUNICIPAL AIRPORT, OK US","2008-09-04","0.00","86","59"
"USW00053913","GUTHRIE MUNICIPAL AIRPORT, OK US","2008-09-05","0.00","84","60"
"USW00053913","GUTHRIE MUNICIPAL AIRPORT, OK US","2008-09-06","0.00","85","62"
"USW00053913","GUTHRIE MUNICIPAL AIRPORT, OK US","2008-09-07","0.00","91","65"
"USW00053913","GUTHRIE MUNICIPAL AIRPORT, OK US","2008-09-08","0.00","85","63"
"USW00053913","GUTHRIE MUNICIPAL AIRPORT, OK US","2008-09-09","0.00","80","60"
"USW00053913","GUTHRIE MUNICIPAL AIRPORT, OK US","2008-09-10","0.21","76","67"
"USW00053913","GUTHRIE MUNICIPAL AIRPORT, OK US","2008-09-11","0.74","79","71"
"USW00053913","GUTHRIE MUNICIPAL AIRPORT, OK US","2008-09-12","0.00","91","75"
"USW00053913","GUTHRIE MUNICIPAL AIRPORT, OK US","2008-09-13","0.51","78","70"
"USW00053913","GUTHRIE MUNICIPAL AIRPORT, OK US","2008-09-14","0.00","75","54"
"USW00053913","GUTHRIE MUNICIPAL AIRPORT, OK US","2008-09-15",,"78","48"
"USW00053913","GUTHRIE MUNICIPAL AIRPORT, OK US","2008-09-16","0.00","82","48"
"USW00053913","GUTHRIE MUNICIPAL AIRPORT, OK US","2008-09-17","0.00","83","50"
"USW00053913","GUTHRIE MUNICIPAL AIRPORT, OK US","2008-09-18","0.00","80","56"
"USW00053913","GUTHRIE MUNICIPAL AIRPORT, OK US","2008-09-19",,"82","55"
"USW00053913","GUTHRIE MUNICIPAL AIRPORT, OK US","2008-09-20","0.00","86","57"
"USW00053913","GUTHRIE MUNICIPAL AIRPORT, OK US","2008-09-21","0.00","87","64"
"USW00053913","GUTHRIE MUNICIPAL AIRPORT, OK US","2008-09-22","0.00","86","66"
"USW00053913","GUTHRIE MUNICIPAL AIRPORT, OK US","2008-09-23","0.00","88","67"
"USW00053913","GUTHRIE MUNICIPAL AIRPORT, OK US","2008-09-24","0.00","89","63"
"USW00053913","GUTHRIE MUNICIPAL AIRPORT, OK US","2008-09-25","0.00","87","61"
"USW00053913","GUTHRIE MUNICIPAL AIRPORT, OK US","2008-09-26","0.00","89","61"
"USW00053913","GUTHRIE MUNICIPAL AIRPORT, OK US","2008-09-27","0.00","90","59"
"USW00053913","GUTHRIE MUNICIPAL AIRPORT, OK US","2008-09-28","0.00","90","59"
"USW00053913","GUTHRIE MUNICIPAL AIRPORT, OK US","2008-09-29","0.00","87","57"
"USW00053913","GUTHRIE MUNICIPAL AIRPORT, OK US","2008-09-30","0.00","81","47"
"USW00053913","GUTHRIE MUNICIPAL AIRPORT, OK US","2008-10-01","0.00","88","48"
"USW00053913","GUTHRIE MUNICIPAL AIRPORT, OK US","2008-10-02","0.00","79","47"
"USW00053913","GUTHRIE MUNICIPAL AIRPORT, OK US","2008-10-03","0.00","85","60"
"USW00053913","GUTHRIE MUNICIPAL AIRPORT, OK US","2008-10-04","0.00","87","63"
"USW00053913","GUTHRIE MUNICIPAL AIRPORT, OK US","2008-10-05","0.00","86","69"
"USW00053913","GUTHRIE MUNICIPAL AIRPORT, OK US","2008-10-06","0.63","78","63"
"USW00053913","GUTHRIE MUNICIPAL AIRPORT, OK US","2008-10-07","0.00","73","47"
"USW00053913","GUTHRIE MUNICIPAL AIRPORT, OK US","2008-10-08","0.00","82","43"
"USW00053913","GUTHRIE MUNICIPAL AIRPORT, OK US","2008-10-09","0.00","85","58"
"USW00053913","GUTHRIE MUNICIPAL AIRPORT, OK US","2008-10-10","0.00","85","60"
"USW00053913","GUTHRIE MUNICIPAL AIRPORT, OK US","2008-10-11","0.00","86","64"
"USW00053913","GUTHRIE MUNICIPAL AIRPORT, OK US","2008-10-12","0.00","83","63"
"USW00053913","GUTHRIE MUNICIPAL AIRPORT, OK US","2008-10-13","0.06","78","55"
"USW00053913","GUTHRIE MUNICIPAL AIRPORT, OK US","2008-10-14","0.67","72","54"
"USW00053913","GUTHRIE MUNICIPAL AIRPORT, OK US","2008-10-15","0.14","56","50"
"USW00053913","GUTHRIE MUNICIPAL AIRPORT, OK US","2008-10-16",,"70","43"
"USW00053913","GUTHRIE MUNICIPAL AIRPORT, OK US","2008-10-17","0.00","76","40"
"USW00053913","GUTHRIE MUNICIPAL AIRPORT, OK US","2008-10-18",,"77","46"
"USW00053913","GUTHRIE MUNICIPAL AIRPORT, OK US","2008-10-19","0.00","79","53"
"USW00053913","GUTHRIE MUNICIPAL AIRPORT, OK US","2008-10-20","0.00","77","52"
"USW00053913","GUTHRIE MUNICIPAL AIRPORT, OK US","2008-10-21","0.00","80","53"
"USW00053913","GUTHRIE MUNICIPAL AIRPORT, OK US","2008-10-22","0.55","68","43"
"USW00053913","GUTHRIE MUNICIPAL AIRPORT, OK US","2008-10-23","0.00","58","42"
"USW00053913","GUTHRIE MUNICIPAL AIRPORT, OK US","2008-10-24","0.00","61","35"
"USW00053913","GUTHRIE MUNICIPAL AIRPORT, OK US","2008-10-25","0.00","75","36"
"USW00053913","GUTHRIE MUNICIPAL AIRPORT, OK US","2008-10-26","0.00","72","44"
"USW00053913","GUTHRIE MUNICIPAL AIRPORT, OK US","2008-10-27","0.00","56","28"
"USW00053913","GUTHRIE MUNICIPAL AIRPORT, OK US","2008-10-28","0.00","63","29"
"USW00053913","GUTHRIE MUNICIPAL AIRPORT, OK US","2008-10-29","0.00","75","40"
"USW00053913","GUTHRIE MUNICIPAL AIRPORT, OK US","2008-10-30","0.00","81","54"
"USW00053913","GUTHRIE MUNICIPAL AIRPORT, OK US","2008-10-31","0.00","81","49"
"USW00053913","GUTHRIE MUNICIPAL AIRPORT, OK US","2008-11-01","0.00","81","41"
"USW00053913","GUTHRIE MUNICIPAL AIRPORT, OK US","2008-11-02","0.00","83","51"
"USW00053913","GUTHRIE MUNICIPAL AIRPORT, OK US","2008-11-03","0.00","81","61"
"USW00053913","GUTHRIE MUNICIPAL AIRPORT, OK US","2008-11-04","0.00","78","62"
"USW00053913","GUTHRIE MUNICIPAL AIRPORT, OK US","2008-11-05","3.35","80","57"
"USW00053913","GUTHRIE MUNICIPAL AIRPORT, OK US","2008-11-06",,"66","46"
"USW00053913","GUTHRIE MUNICIPAL AIRPORT, OK US","2008-11-07","0.00","67","38"
"USW00053913","GUTHRIE MUNICIPAL AIRPORT, OK US","2008-11-08","0.00","62","36"
"USW00053913","GUTHRIE MUNICIPAL AIRPORT, OK US","2008-11-09","0.00","60","33"
"USW00053913","GUTHRIE MUNICIPAL AIRPORT, OK US","2008-11-10","0.56","54","48"
"USW00053913","GUTHRIE MUNICIPAL AIRPORT, OK US","2008-11-11",,"60","43"
"USW00053913","GUTHRIE MUNICIPAL AIRPORT, OK US","2008-11-12","0.00","59","37"
"USW00053913","GUTHRIE MUNICIPAL AIRPORT, OK US","2008-11-13",,"72","43"
"USW00053913","GUTHRIE MUNICIPAL AIRPORT, OK US","2008-11-14","0.00","62","43"
"USW00053913","GUTHRIE MUNICIPAL AIRPORT, OK US","2008-11-15","0.00","49","32"
"USW00053913","GUTHRIE MUNICIPAL AIRPORT, OK US","2008-11-16","0.00","72","32"
"USW00053913","GUTHRIE MUNICIPAL AIRPORT, OK US","2008-11-17","0.00","70","43"
"USW00053913","GUTHRIE MUNICIPAL AIRPORT, OK US","2008-11-18","0.00","60","37"
"USW00053913","GUTHRIE MUNICIPAL AIRPORT, OK US","2008-11-19","0.00","80","50"
"USW00053913","GUTHRIE MUNICIPAL AIRPORT, OK US","2008-11-20","0.00","54","33"
"USW00053913","GUTHRIE MUNICIPAL AIRPORT, OK US","2008-11-21","0.00","45","23"
"USW00053913","GUTHRIE MUNICIPAL AIRPORT, OK US","2008-11-22","0.00","58","32"
"USW00053913","GUTHRIE MUNICIPAL AIRPORT, OK US","2008-11-23","0.00","67","39"
"USW00053913","GUTHRIE MUNICIPAL AIRPORT, OK US","2008-11-24","0.00","58","37"
"USW00053913","GUTHRIE MUNICIPAL AIRPORT, OK US","2008-11-25","0.00","71","38"
"USW00053913","GUTHRIE MUNICIPAL AIRPORT, OK US","2008-11-26","0.00","64","35"
"USW00053913","GUTHRIE MUNICIPAL AIRPORT, OK US","2008-11-27","0.03","62","29"
"USW00053913","GUTHRIE MUNICIPAL AIRPORT, OK US","2008-11-28","0.13","56","41"
"USW00053913","GUTHRIE MUNICIPAL AIRPORT, OK US","2008-11-29","0.00","52","37"
"USW00053913","GUTHRIE MUNICIPAL AIRPORT, OK US","2008-11-30","0.03","48","33"
"USW00053913","GUTHRIE MUNICIPAL AIRPORT, OK US","2008-12-01","0.00","45","30"
"USW00053913","GUTHRIE MUNICIPAL AIRPORT, OK US","2008-12-02","0.00","63","30"
"USW00053913","GUTHRIE MUNICIPAL AIRPORT, OK US","2008-12-03","0.00","60","28"
"USW00053913","GUTHRIE MUNICIPAL AIRPORT, OK US","2008-12-04","0.00","36","21"
"USW00053913","GUTHRIE MUNICIPAL AIRPORT, OK US","2008-12-05","0.00","44","29"
"USW00053913","GUTHRIE MUNICIPAL AIRPORT, OK US","2008-12-06","0.00","58","31"
"USW00053913","GUTHRIE MUNICIPAL AIRPORT, OK US","2008-12-08","0.31","72","53"
"USW00053913","GUTHRIE MUNICIPAL AIRPORT, OK US","2008-12-09","0.00",,"25"
"USW00053913","GUTHRIE MUNICIPAL AIRPORT, OK US","2008-12-10","0.00","38","18"
"USW00053913","GUTHRIE MUNICIPAL AIRPORT, OK US","2008-12-11","0.00","55","20"
"USW00053913","GUTHRIE MUNICIPAL AIRPORT, OK US","2008-12-12","0.00","54","27"
"USW00053913","GUTHRIE MUNICIPAL AIRPORT, OK US","2008-12-13","0.00","66","52"
"USW00053913","GUTHRIE MUNICIPAL AIRPORT, OK US","2008-12-14","0.00","72","18"
"USW00053913","GUTHRIE MUNICIPAL AIRPORT, OK US","2008-12-15","0.00","18","15"
"USW00053913","GUTHRIE MUNICIPAL AIRPORT, OK US","2008-12-16","0.00","28","17"
"USW00053913","GUTHRIE MUNICIPAL AIRPORT, OK US","2008-12-17","0.00","37","28"
"USW00053913","GUTHRIE MUNICIPAL AIRPORT, OK US","2008-12-18","0.01","62","34"
"USW00053913","GUTHRIE MUNICIPAL AIRPORT, OK US","2008-12-19","0.00","60","38"
"USW00053913","GUTHRIE MUNICIPAL AIRPORT, OK US","2008-12-20","0.00","51","17"
"USW00053913","GUTHRIE MUNICIPAL AIRPORT, OK US","2008-12-21","0.00","26","11"
"USW00053913","GUTHRIE MUNICIPAL AIRPORT, OK US","2008-12-22",,"30","11"
"USW00053913","GUTHRIE MUNICIPAL AIRPORT, OK US","2008-12-23","0.00","43","30"
"USW00053913","GUTHRIE MUNICIPAL AIRPORT, OK US","2008-12-24","0.00","44","24"
"USW00053913","GUTHRIE MUNICIPAL AIRPORT, OK US","2008-12-25","0.00","65","32"
"USW00053913","GUTHRIE MUNICIPAL AIRPORT, OK US","2008-12-26","0.00","78","61"
"USW00053913","GUTHRIE MUNICIPAL AIRPORT, OK US","2008-12-27","0.53","72","29"
"USW00053913","GUTHRIE MUNICIPAL AIRPORT, OK US","2008-12-28","0.00","53","27"
"USW00053913","GUTHRIE MUNICIPAL AIRPORT, OK US","2008-12-29","0.00","69","33"
"USW00053913","GUTHRIE MUNICIPAL AIRPORT, OK US","2008-12-30","0.00","69","41"
"USW00053913","GUTHRIE MUNICIPAL AIRPORT, OK US","2008-12-31","0.00","42","28"
"USW00053913","GUTHRIE MUNICIPAL AIRPORT, OK US","2009-01-01","0.00","57","32"
"USW00053913","GUTHRIE MUNICIPAL AIRPORT, OK US","2009-01-02","0.00","51","27"
"USW00053913","GUTHRIE MUNICIPAL AIRPORT, OK US","2009-01-03","0.00","75","29"
"USW00053913","GUTHRIE MUNICIPAL AIRPORT, OK US","2009-01-04","0.00","36","23"
"USW00053913","GUTHRIE MUNICIPAL AIRPORT, OK US","2009-01-05","0.00","36","23"
"USW00053913","GUTHRIE MUNICIPAL AIRPORT, OK US","2009-01-06","0.00","39","24"
"USW00053913","GUTHRIE MUNICIPAL AIRPORT, OK US","2009-01-07","0.00","62","29"
"USW00053913","GUTHRIE MUNICIPAL AIRPORT, OK US","2009-01-08","0.00","63","31"
"USW00053913","GUTHRIE MUNICIPAL AIRPORT, OK US","2009-01-09","0.00","74","35"
"USW00053913","GUTHRIE MUNICIPAL AIRPORT, OK US","2009-01-10","0.00","39","22"
"USW00053913","GUTHRIE MUNICIPAL AIRPORT, OK US","2009-01-11","0.00","59","22"
"USW00053913","GUTHRIE MUNICIPAL AIRPORT, OK US","2009-01-12","0.00","56","30"
"USW00053913","GUTHRIE MUNICIPAL AIRPORT, OK US","2009-01-13","0.00","44","19"
"USW00053913","GUTHRIE MUNICIPAL AIRPORT, OK US","2009-01-14","0.00","57","23"
"USW00053913","GUTHRIE MUNICIPAL AIRPORT, OK US","2009-01-15","0.00","24","16"
"USW00053913","GUTHRIE MUNICIPAL AIRPORT, OK US","2009-01-16","0.00","46","12"
"USW00053913","GUTHRIE MUNICIPAL AIRPORT, OK US","2009-01-17","0.00","60","32"
"USW00053913","GUTHRIE MUNICIPAL AIRPORT, OK US","2009-01-18","0.00","62","31"
"USW00053913","GUTHRIE MUNICIPAL AIRPORT, OK US","2009-01-19","0.00","57","37"
"USW00053913","GUTHRIE MUNICIPAL AIRPORT, OK US","2009-01-20","0.00","49","28"
"USW00053913","GUTHRIE MUNICIPAL AIRPORT, OK US","2009-01-21","0.00","62","31"
"USW00053913","GUTHRIE MUNICIPAL AIRPORT, OK US","2009-01-22","0.00","78","39"
"USW00053913","GUTHRIE MUNICIPAL AIRPORT, OK US","2009-01-23","0.00","52","28"
"USW00053913","GUTHRIE MUNICIPAL AIRPORT, OK US","2009-01-24","0.00","34","19"
"USW00053913","GUTHRIE MUNICIPAL AIRPORT, OK US","2009-01-25","0.00","34","23"
"USW00053913","GUTHRIE MUNICIPAL AIRPORT, OK US","2009-01-26","0.00","26","21"
"USW00053913","GUTHRIE MUNICIPAL AIRPORT, OK US","2009-01-27","0.00","21","18"
"USW00053913","GUTHRIE MUNICIPAL AIRPORT, OK US","2009-01-28",,"37","5"
"USW00053913","GUTHRIE MUNICIPAL AIRPORT, OK US","2009-01-30","0.00","64","27"
"USW00053913","GUTHRIE MUNICIPAL AIRPORT, OK US","2009-01-31","0.00","70","30"
"USW00053913","GUTHRIE MUNICIPAL AIRPORT, OK US","2009-02-01","0.00","57","35"
"USW00053913","GUTHRIE MUNICIPAL AIRPORT, OK US","2009-02-02","0.00","53","19"
"USW00053913","GUTHRIE MUNICIPAL AIRPORT, OK US","2009-02-03","0.00","44","26"
"USW00053913","GUTHRIE MUNICIPAL AIRPORT, OK US","2009-02-04","0.00","50","20"
"USW00053913","GUTHRIE MUNICIPAL AIRPORT, OK US","2009-02-05","0.00","69","41"
"USW00053913","GUTHRIE MUNICIPAL AIRPORT, OK US","2009-02-06","0.00","74","53"
"USW00053913","GUTHRIE MUNICIPAL AIRPORT, OK US","2009-02-07","0.00","76","60"
"USW00053913","GUTHRIE MUNICIPAL AIRPORT, OK US","2009-02-08","0.01","70","58"
"USW00053913","GUTHRIE MUNICIPAL AIRPORT, OK US","2009-02-09","0.03",,
"USW00053913","GUTHRIE MUNICIPAL AIRPORT, OK US","2009-02-10","2.81","73","49"
"USW00053913","GUTHRIE MUNICIPAL AIRPORT, OK US","2009-02-11","0.01","56","40"
"USW00053913","GUTHRIE MUNICIPAL AIRPORT, OK US","2009-02-12","0.00","67","44"
"USW00053913","GUTHRIE MUNICIPAL AIRPORT, OK US","2009-02-13","0.00","65","35"
"USW00053913","GUTHRIE MUNICIPAL AIRPORT, OK US","2009-02-14","0.00","44","31"
"USW00053913","GUTHRIE MUNICIPAL AIRPORT, OK US","2009-02-15","0.00","46","29"
"USW00053913","GUTHRIE MUNICIPAL AIRPORT, OK US","2009-02-16","0.00","56","28"
"USW00053913","GUTHRIE MUNICIPAL AIRPORT, OK US","2009-02-17","0.00","76","49"
"USW00053913","GUTHRIE MUNICIPAL AIRPORT, OK US","2009-02-18","0.00","62","36"
"USW00053913","GUTHRIE MUNICIPAL AIRPORT, OK US","2009-02-19","0.00","53","25"
"USW00053913","GUTHRIE MUNICIPAL AIRPORT, OK US","2009-02-20","0.00","69","34"
"USW00053913","GUTHRIE MUNICIPAL AIRPORT, OK US","2009-02-21","0.00",,"27"
"USW00053913","GUTHRIE MUNICIPAL AIRPORT, OK US","2009-02-22","0.00","59","23"
"USW00053913","GUTHRIE MUNICIPAL AIRPORT, OK US","2009-02-23","0.00","63","40"
"USW00053913","GUTHRIE MUNICIPAL AIRPORT, OK US","2009-02-24","0.00","69","44"
"USW00053913","GUTHRIE MUNICIPAL AIRPORT, OK US","2009-02-25","0.00","74","41"
"USW00053913","GUTHRIE MUNICIPAL AIRPORT, OK US","2009-02-26","0.00","77","47"
"USW00053913","GUTHRIE MUNICIPAL AIRPORT, OK US","2009-02-27","0.00","50","27"
"USW00053913","GUTHRIE MUNICIPAL AIRPORT, OK US","2009-02-28","0.00","36","24"
"USW00053913","GUTHRIE MUNICIPAL AIRPORT, OK US","2009-03-01","0.00","43","20"
"USW00053913","GUTHRIE MUNICIPAL AIRPORT, OK US","2009-03-02","0.00","55","26"
"USW00053913","GUTHRIE MUNICIPAL AIRPORT, OK US","2009-03-03","0.00","61","39"
"USW00053913","GUTHRIE MUNICIPAL AIRPORT, OK US","2009-03-04","0.00","77","42"
"USW00053913","GUTHRIE MUNICIPAL AIRPORT, OK US","2009-03-05","0.00","87","64"
"USW00053913","GUTHRIE MUNICIPAL AIRPORT, OK US","2009-03-06","0.00","84","46"
"USW00053913","GUTHRIE MUNICIPAL AIRPORT, OK US","2009-03-07","0.00","77","65"
"USW00053913","GUTHRIE MUNICIPAL AIRPORT, OK US","2009-03-08","0.00","71","42"
"USW00053913","GUTHRIE MUNICIPAL AIRPORT, OK US","2009-03-09","0.32","83","57"
"USW00053913","GUTHRIE MUNICIPAL AIRPORT, OK US","2009-03-10","0.00","71","37"
"USW00053913","GUTHRIE MUNICIPAL AIRPORT, OK US","2009-03-11","0.00","44","29"
"USW00053913","GUTHRIE MUNICIPAL AIRPORT, OK US","2009-03-12","0.03","39","31"
"USW00053913","GUTHRIE MUNICIPAL AIRPORT, OK US","2009-03-13","0.00","51","37"
"USW00053913","GUTHRIE MUNICIPAL AIRPORT, OK US","2009-03-14","0.00","60","40"
"USW00053913","GUTHRIE MUNICIPAL AIRPORT, OK US","2009-03-15","0.00","68","37"
"USW00053913","GUTHRIE MUNICIPAL AIRPORT, OK US","2009-03-16","0.00","78","43"
"USW00053913","GUTHRIE MUNICIPAL AIRPORT, OK US","2009-03-17","0.00","87","56"
"USW00053913","GUTHRIE MUNICIPAL AIRPORT, OK US","2009-03-18","0.00","82","57"
"USW00053913","GUTHRIE MUNICIPAL AIRPORT, OK US","2009-03-19","0.00","70","49"
"USW00053913","GUTHRIE MUNICIPAL AIRPORT, OK US","2009-03-20","0.00","70","51"
"USW00053913","GUTHRIE MUNICIPAL AIRPORT, OK US","2009-03-21","0.00","73","55"
"USW00053913","GUTHRIE MUNICIPAL AIRPORT, OK US","2009-03-22","0.00","78","58"
"USW00053913","GUTHRIE MUNICIPAL AIRPORT, OK US","2009-03-23","1.20","78","61"
"USW00053913","GUTHRIE MUNICIPAL AIRPORT, OK US","2009-03-24","0.46","66","46"
"USW00053913","GUTHRIE MUNICIPAL AIRPORT, OK US","2009-03-25","0.00","60","37"
"USW00053913","GUTHRIE MUNICIPAL AIRPORT, OK US","2009-03-26","0.00","56","43"
"USW00053913","GUTHRIE MUNICIPAL AIRPORT, OK US","2009-03-27","0.56","50","33"
"USW00053913","GUTHRIE MUNICIPAL AIRPORT, OK US","2009-03-28","0.01","42","32"
"USW00053913","GUTHRIE MUNICIPAL AIRPORT, OK US","2009-03-29","0.00","68","30"
"USW00053913","GUTHRIE MUNICIPAL AIRPORT, OK US","2009-03-30","0.22","78","47"
"USW00053913","GUTHRIE MUNICIPAL AIRPORT, OK US","2009-03-31","0.00","60","36"
"USW00053913","GUTHRIE MUNICIPAL AIRPORT, OK US","2009-04-01","0.00","75","43"
"USW00053913","GUTHRIE MUNICIPAL AIRPORT, OK US","2009-04-02",,"59","32"
"USW00053913","GUTHRIE MUNICIPAL AIRPORT, OK US","2009-04-03","0.00","72","29"
"USW00053913","GUTHRIE MUNICIPAL AIRPORT, OK US","2009-04-04","0.00","81","49"
"USW00053913","GUTHRIE MUNICIPAL AIRPORT, OK US","2009-04-05","0.00","51","38"
"USW00053913","GUTHRIE MUNICIPAL AIRPORT, OK US","2009-04-06","0.00","51","31"
"USW00053913","GUTHRIE MUNICIPAL AIRPORT, OK US","2009-04-07","0.00","71","22"
"USW00053913","GUTHRIE MUNICIPAL AIRPORT, OK US","2009-04-08","0.00","80","37"
"USW00053913","GUTHRIE MUNICIPAL AIRPORT, OK US","2009-04-09","0.00","87","50"
"USW00053913","GUTHRIE MUNICIPAL AIRPORT, OK US","2009-04-10","0.00","63","45"
"USW00053913","GUTHRIE MUNICIPAL AIRPORT, OK US","2009-04-11","0.00","71","38"
"USW00053913","GUTHRIE MUNICIPAL AIRPORT, OK US","2009-04-12","0.72","56","50"
"USW00053913","GUTHRIE MUNICIPAL AIRPORT, OK US","2009-04-13","0.00","58","40"
"USW00053913","GUTHRIE MUNICIPAL AIRPORT, OK US","2009-04-14","0.00","74","39"
"USW00053913","GUTHRIE MUNICIPAL AIRPORT, OK US","2009-04-15","0.00","77","52"
"USW00053913","GUTHRIE MUNICIPAL AIRPORT, OK US","2009-04-16","0.00","74","58"
"USW00053913","GUTHRIE MUNICIPAL AIRPORT, OK US","2009-04-17","0.00","66","55"
"USW00053913","GUTHRIE MUNICIPAL AIRPORT, OK US","2009-04-18","0.00","72","50"
"USW00053913","GUTHRIE MUNICIPAL AIRPORT, OK US","2009-04-19","0.12","65","47"
"USW00053913","GUTHRIE MUNICIPAL AIRPORT, OK US","2009-04-20","0.00","80","40"
"USW00053913","GUTHRIE MUNICIPAL AIRPORT, OK US","2009-04-21","0.00","79","49"
"USW00053913","GUTHRIE MUNICIPAL AIRPORT, OK US","2009-04-22","0.00","95","63"
"USW00053913","GUTHRIE MUNICIPAL AIRPORT, OK US","2009-04-23","0.00","92","66"
"USW00053913","GUTHRIE MUNICIPAL AIRPORT, OK US","2009-04-24","0.00","87","69"
"USW00053913","GUTHRIE MUNICIPAL AIRPORT, OK US","2009-04-25","0.00","86","69"
"USW00053913","GUTHRIE MUNICIPAL AIRPORT, OK US","2009-04-26","0.45","80","65"
"USW00053913","GUTHRIE MUNICIPAL AIRPORT, OK US","2009-04-27","0.47","80","53"
"USW00053913","GUTHRIE MUNICIPAL AIRPORT, OK US","2009-04-28","0.00","63","50"
"USW00053913","GUTHRIE MUNICIPAL AIRPORT, OK US","2009-04-29","0.97","69","59"
"USW00053913","GUTHRIE MUNICIPAL AIRPORT, OK US","2009-04-30","0.00","82","61"
"USW00053913","GUTHRIE MUNICIPAL AIRPORT, OK US","2009-05-01","0.00","77","52"
"USW00053913","GUTHRIE MUNICIPAL AIRPORT, OK US","2009-05-02","0.37","61","51"
"USW00053913","GUTHRIE MUNICIPAL AIRPORT, OK US","2009-05-03","0.01","65","54"
"USW00053913","GUTHRIE MUNICIPAL AIRPORT, OK US","2009-05-04","0.16","65","50"
"USW00053913","GUTHRIE MUNICIPAL AIRPORT, OK US","2009-05-05","0.18","62","56"
"USW00053913","GUTHRIE MUNICIPAL AIRPORT, OK US","2009-05-06","0.00","79","59"
"USW00053913","GUTHRIE MUNICIPAL AIRPORT, OK US","2009-05-07",,"84","60"
"USW00053913","GUTHRIE MUNICIPAL AIRPORT, OK US","2009-05-08","0.00","82","70"
"USW00053913","GUTHRIE MUNICIPAL AIRPORT, OK US","2009-05-09","0.02","70","58"
"USW00053913","GUTHRIE MUNICIPAL AIRPORT, OK US","2009-05-10","0.01","67","57"
"USW00053913","GUTHRIE MUNICIPAL AIRPORT, OK US","2009-05-11","0.00","70","54"
"USW00053913","GUTHRIE MUNICIPAL AIRPORT, OK US","2009-05-12","0.02","74","60"
"USW00053913","GUTHRIE MUNICIPAL AIRPORT, OK US","2009-05-13","0.41","91","69"
"USW00053913","GUTHRIE MUNICIPAL AIRPORT, OK US","2009-05-14","0.00","76","61"
"USW00053913","GUTHRIE MUNICIPAL AIRPORT, OK US","2009-05-15","0.70","87","63"
"USW00053913","GUTHRIE MUNICIPAL AIRPORT, OK US","2009-05-16","0.04","70","52"
"USW00053913","GUTHRIE MUNICIPAL AIRPORT, OK US","2009-05-17","0.00","74","47"
"USW00053913","GUTHRIE MUNICIPAL AIRPORT, OK US","2009-05-18","0.00","78","52"
"USW00053913","GUTHRIE MUNICIPAL AIRPORT, OK US","2009-05-19","0.00","82","57"
"USW00053913","GUTHRIE MUNICIPAL AIRPORT, OK US","2009-05-20","0.00","81","58"
"USW00053913","GUTHRIE MUNICIPAL AIRPORT, OK US","2009-05-21","0.00","83","60"
"USW00053913","GUTHRIE MUNICIPAL AIRPORT, OK US","2009-05-22","0.00","86","61"
"USW00053913","GUTHRIE MUNICIPAL AIRPORT, OK US","2009-05-23","0.00","86","64"
"USW00053913","GUTHRIE MUNICIPAL AIRPORT, OK US","2009-05-24","0.10","87","62"
"USW00053913","GUTHRIE MUNICIPAL AIRPORT, OK US","2009-05-25","0.00","87","62"
"USW00053913","GUTHRIE MUNICIPAL AIRPORT, OK US","2009-05-26","0.11","86","62"
"USW00053913","GUTHRIE MUNICIPAL AIRPORT, OK US","2009-05-27","0.00","68","53"
"USW00053913","GUTHRIE MUNICIPAL AIRPORT, OK US","2009-05-28","0.00","82","49"
"USW00053913","GUTHRIE MUNICIPAL AIRPORT, OK US","2009-05-29","0.00","90","52"
"USW00053913","GUTHRIE MUNICIPAL AIRPORT, OK US","2009-05-30","0.00","94","59"
"USW00053913","GUTHRIE MUNICIPAL AIRPORT, OK US","2009-05-31","0.00","94","62"
"USW00053913","GUTHRIE MUNICIPAL AIRPORT, OK US","2009-06-01","0.00",,"73"
"USW00053913","GUTHRIE MUNICIPAL AIRPORT, OK US","2009-06-02","0.01","84","69"
"USW00053913","GUTHRIE MUNICIPAL AIRPORT, OK US","2009-06-03","0.06","75","59"
"USW00053913","GUTHRIE MUNICIPAL AIRPORT, OK US","2009-06-04",,"82","53"
"USW00053913","GUTHRIE MUNICIPAL AIRPORT, OK US","2009-06-05","0.00","88","57"
"USW00053913","GUTHRIE MUNICIPAL AIRPORT, OK US","2009-06-06","0.01","92","69"
"USW00053913","GUTHRIE MUNICIPAL AIRPORT, OK US","2009-06-07","0.00","93","75"
"USW00053913","GUTHRIE MUNICIPAL AIRPORT, OK US","2009-06-08","0.04","89","68"
"USW00053913","GUTHRIE MUNICIPAL AIRPORT, OK US","2009-06-09","0.00","96","72"
"USW00053913","GUTHRIE MUNICIPAL AIRPORT, OK US","2009-06-10","0.29","90","63"
"USW00053913","GUTHRIE MUNICIPAL AIRPORT, OK US","2009-06-11","0.00","85","62"
"USW00053913","GUTHRIE MUNICIPAL AIRPORT, OK US","2009-06-12","0.00","91","71"
"USW00053913","GUTHRIE MUNICIPAL AIRPORT, OK US","2009-06-13","0.00","89","72"
"USW00053913","GUTHRIE MUNICIPAL AIRPORT, OK US","2009-06-14","0.00","86","71"
"USW00053913","GUTHRIE MUNICIPAL AIRPORT, OK US","2009-06-15","0.02","98","71"
"USW00053913","GUTHRIE MUNICIPAL AIRPORT, OK US","2009-06-16","0.00","97","81"
"USW00053913","GUTHRIE MUNICIPAL AIRPORT, OK US","2009-06-17","0.00","99","77"
"USW00053913","GUTHRIE MUNICIPAL AIRPORT, OK US","2009-06-18","0.00","98","78"
"USW00053913","GUTHRIE MUNICIPAL AIRPORT, OK US","2009-06-19","0.00","97","79"
"USW00053913","GUTHRIE MUNICIPAL AIRPORT, OK US","2009-06-20","0.10","96","76"
"USW00053913","GUTHRIE MUNICIPAL AIRPORT, OK US","2009-06-21","0.00","101","80"
"USW00053913","GUTHRIE MUNICIPAL AIRPORT, OK US","2009-06-22","0.00","104","77"
"USW00053913","GUTHRIE MUNICIPAL AIRPORT, OK US","2009-06-23","0.00","102","76"
"USW00053913","GUTHRIE MUNICIPAL AIRPORT, OK US","2009-06-24","0.00","103","73"
"USW00053913","GUTHRIE MUNICIPAL AIRPORT, OK US","2009-06-25","0.00","105","73"
"USW00053913","GUTHRIE MUNICIPAL AIRPORT, OK US","2009-06-26","0.00","104","73"
"USW00053913","GUTHRIE MUNICIPAL AIRPORT, OK US","2009-06-27","0.00","106","75"
"USW00053913","GUTHRIE MUNICIPAL AIRPORT, OK US","2009-06-28","0.27","94","69"
"USW00053913","GUTHRIE MUNICIPAL AIRPORT, OK US","2009-06-29","0.00","96","66"
"USW00053913","GUTHRIE MUNICIPAL AIRPORT, OK US","2009-06-30","0.00","102","70"
"USW00053913","GUTHRIE MUNICIPAL AIRPORT, OK US","2009-07-01","0.00","98","68"
"USW00053913","GUTHRIE MUNICIPAL AIRPORT, OK US","2009-07-02","0.00","99","74"
"USW00053913","GUTHRIE MUNICIPAL AIRPORT, OK US","2009-07-03","0.00","105","74"
"USW00053913","GUTHRIE MUNICIPAL AIRPORT, OK US","2009-07-04","0.09","94","73"
"USW00053913","GUTHRIE MUNICIPAL AIRPORT, OK US","2009-07-05","0.00","82","70"
"USW00053913","GUTHRIE MUNICIPAL AIRPORT, OK US","2009-07-06","0.00","90","63"
"USW00053913","GUTHRIE MUNICIPAL AIRPORT, OK US","2009-07-07","0.00","92","67"
"USW00053913","GUTHRIE MUNICIPAL AIRPORT, OK US","2009-07-08","0.38","92","72"
"USW00053913","GUTHRIE MUNICIPAL AIRPORT, OK US","2009-07-09","0.02","104","74"
"USW00053913","GUTHRIE MUNICIPAL AIRPORT, OK US","2009-07-10","0.00","107","83"
"USW00053913","GUTHRIE MUNICIPAL AIRPORT, OK US","2009-07-11","0.00","110","83"
"USW00053913","GUTHRIE MUNICIPAL AIRPORT, OK US","2009-07-12","0.00","109","82"
"USW00053913","GUTHRIE MUNICIPAL AIRPORT, OK US","2009-07-13","0.00","108","83"
"USW00053913","GUTHRIE MUNICIPAL AIRPORT, OK US","2009-07-14","0.00","107","87"
"USW00053913","GUTHRIE MUNICIPAL AIRPORT, OK US","2009-07-15","0.00","107","79"
"USW00053913","GUTHRIE MUNICIPAL AIRPORT, OK US","2009-07-16","0.17","101","72"
"USW00053913","GUTHRIE MUNICIPAL AIRPORT, OK US","2009-07-17","0.00","88","70"
"USW00053913","GUTHRIE MUNICIPAL AIRPORT, OK US","2009-07-18","0.08","92","64"
"USW00053913","GUTHRIE MUNICIPAL AIRPORT, OK US","2009-07-19","0.00","96","67"
"USW00053913","GUTHRIE MUNICIPAL AIRPORT, OK US","2009-07-20","0.00","99","69"
"USW00053913","GUTHRIE MUNICIPAL AIRPORT, OK US","2009-07-21","0.09","89","70"
"USW00053913","GUTHRIE MUNICIPAL AIRPORT, OK US","2009-07-22",,"90","64"
"USW00053913","GUTHRIE MUNICIPAL AIRPORT, OK US","2009-07-23","0.00","95","60"
"USW00053913","GUTHRIE MUNICIPAL AIRPORT, OK US","2009-07-24","0.00","99","71"
"USW00053913","GUTHRIE MUNICIPAL AIRPORT, OK US","2009-07-25","0.00","103","75"
"USW00053913","GUTHRIE MUNICIPAL AIRPORT, OK US","2009-07-26","0.01","90","74"
"USW00053913","GUTHRIE MUNICIPAL AIRPORT, OK US","2009-07-27","0.12","79","68"
"USW00053913","GUTHRIE MUNICIPAL AIRPORT, OK US","2009-07-28","0.46","93","66"
"USW00053913","GUTHRIE MUNICIPAL AIRPORT, OK US","2009-07-29","0.38","88","69"
"USW00053913","GUTHRIE MUNICIPAL AIRPORT, OK US","2009-07-30","1.03","87","67"
"USW00053913","GUTHRIE MUNICIPAL AIRPORT, OK US","2009-07-31","0.00","87","62"
"USW00053913","GUTHRIE MUNICIPAL AIRPORT, OK US","2009-08-01","0.00","89","70"
"USW00053913","GUTHRIE MUNICIPAL AIRPORT, OK US","2009-08-02","0.00","91","62"
"USW00053913","GUTHRIE MUNICIPAL AIRPORT, OK US","2009-08-03","0.02","100","76"
"USW00053913","GUTHRIE MUNICIPAL AIRPORT, OK US","2009-08-04","0.00","101","80"
"USW00053913","GUTHRIE MUNICIPAL AIRPORT, OK US","2009-08-05","0.11","94","77"
"USW00053913","GUTHRIE MUNICIPAL AIRPORT, OK US","2009-08-06","0.34","89","72"
"USW00053913","GUTHRIE MUNICIPAL AIRPORT, OK US","2009-08-07","0.00","98","77"
"USW00053913","GUTHRIE MUNICIPAL AIRPORT, OK US","2009-08-08","0.00","98","80"
"USW00053913","GUTHRIE MUNICIPAL AIRPORT, OK US","2009-08-09","0.00","96","79"
"USW00053913","GUTHRIE MUNICIPAL AIRPORT, OK US","2009-08-10","1.19","101","68"
"USW00053913","GUTHRIE MUNICIPAL AIRPORT, OK US","2009-08-11","1.54","87","68"
"USW00053913","GUTHRIE MUNICIPAL AIRPORT, OK US","2009-08-12","0.00","91","68"
"USW00053913","GUTHRIE MUNICIPAL AIRPORT, OK US","2009-08-13","0.00","89","68"
"USW00053913","GUTHRIE MUNICIPAL AIRPORT, OK US","2009-08-14","0.00","91","70"
"USW00053913","GUTHRIE MUNICIPAL AIRPORT, OK US","2009-08-15","0.00","94","77"
"USW00053913","GUTHRIE MUNICIPAL AIRPORT, OK US","2009-08-16","0.00","98","80"
"USW00053913","GUTHRIE MUNICIPAL AIRPORT, OK US","2009-08-17","0.72","92","69"
"USW00053913","GUTHRIE MUNICIPAL AIRPORT, OK US","2009-08-18","0.83","84","67"
"USW00053913","GUTHRIE MUNICIPAL AIRPORT, OK US","2009-08-19","0.96","91","68"
"USW00053913","GUTHRIE MUNICIPAL AIRPORT, OK US","2009-08-20","0.84","85","66"
"USW00053913","GUTHRIE MUNICIPAL AIRPORT, OK US","2009-08-21","0.00","89","62"
"USW00053913","GUTHRIE MUNICIPAL AIRPORT, OK US","2009-08-22","0.00","84","68"
"USW00053913","GUTHRIE MUNICIPAL AIRPORT, OK US","2009-08-23","0.00","89","67"
"USW00053913","GUTHRIE MUNICIPAL AIRPORT, OK US","2009-08-24","0.00","91","71"
"USW00053913","GUTHRIE MUNICIPAL AIRPORT, OK US","2009-08-25","0.00","96","72"
"USW00053913","GUTHRIE MUNICIPAL AIRPORT, OK US","2009-08-26","0.00","93","72"
"USW00053913","GUTHRIE MUNICIPAL AIRPORT, OK US","2009-08-27","0.26","85","69"
"USW00053913","GUTHRIE MUNICIPAL AIRPORT, OK US","2009-08-28","0.00","85","66"
"USW00053913","GUTHRIE MUNICIPAL AIRPORT, OK US","2009-08-29","0.00","83","64"
"USW00053913","GUTHRIE MUNICIPAL AIRPORT, OK US","2009-08-30","0.00","79","60"
"USW00053913","GUTHRIE MUNICIPAL AIRPORT, OK US","2009-08-31","0.00","77","58"
"USW00053913","GUTHRIE MUNICIPAL AIRPORT, OK US","2009-09-01","0.00","83","60"
"USW00053913","GUTHRIE MUNICIPAL AIRPORT, OK US","2009-09-02","0.01","80","67"
"USW00053913","GUTHRIE MUNICIPAL AIRPORT, OK US","2009-09-03","0.00","82","66"
"USW00053913","GUTHRIE MUNICIPAL AIRPORT, OK US","2009-09-04","0.01","84","67"
"USW00053913","GUTHRIE MUNICIPAL AIRPORT, OK US","2009-09-05","0.09","85","68"
"USW00053913","GUTHRIE MUNICIPAL AIRPORT, OK US","2009-09-06","0.00","89","67"
"USW00053913","GUTHRIE MUNICIPAL AIRPORT, OK US","2009-09-07","0.56","91","68"
"USW00053913","GUTHRIE MUNICIPAL AIRPORT, OK US","2009-09-08","0.79","93","73"
"USW00053913","GUTHRIE MUNICIPAL AIRPORT, OK US","2009-09-09","0.00","93","70"
"USW00053913","GUTHRIE MUNICIPAL AIRPORT, OK US","2009-09-10","1.35","78","72"
"USW00053913","GUTHRIE MUNICIPAL AIRPORT, OK US","2009-09-11","0.40","80","71"
"USW00053913","GUTHRIE MUNICIPAL AIRPORT, OK US","2009-09-12","0.06","81","69"
"USW00053913","GUTHRIE MUNICIPAL AIRPORT, OK US","2009-09-13","0.14","74","66"
"USW00053913","GUTHRIE MUNICIPAL AIRPORT, OK US","2009-09-14","0.14","70","65"
"USW00053913","GUTHRIE MUNICIPAL AIRPORT, OK US","2009-09-15","0.00","77","66"
"USW00053913","GUTHRIE MUNICIPAL AIRPORT, OK US","2009-09-16","0.19","79","67"
"USW00053913","GUTHRIE MUNICIPAL AIRPORT, OK US","2009-09-17","0.31","80","66"
"USW00053913","GUTHRIE MUNICIPAL AIRPORT, OK US","2009-09-18","0.31","78","63"
"USW00053913","GUTHRIE MUNICIPAL AIRPORT, OK US","2009-09-19","1.83","81","61"
"USW00053913","GUTHRIE MUNICIPAL AIRPORT, OK US","2009-09-20","0.00","85","64"
"USW00053913","GUTHRIE MUNICIPAL AIRPORT, OK US","2009-09-21","0.01","85","65"
"USW00053913","GUTHRIE MUNICIPAL AIRPORT, OK US","2009-09-22","0.20","71","54"
"USW00053913","GUTHRIE MUNICIPAL AIRPORT, OK US","2009-09-23","0.00","72","49"
"USW00053913","GUTHRIE MUNICIPAL AIRPORT, OK US","2009-09-24","0.00","70","51"
"USW00053913","GUTHRIE MUNICIPAL AIRPORT, OK US","2009-09-25","0.00","80","53"
"USW00053913","GUTHRIE MUNICIPAL AIRPORT, OK US","2009-09-26","0.00","84","54"
"USW00053913","GUTHRIE MUNICIPAL AIRPORT, OK US","2009-09-27","0.00","96","60"
"USW00053913","GUTHRIE MUNICIPAL AIRPORT, OK US","2009-09-28","0.00","75","50"
"USW00053913","GUTHRIE MUNICIPAL AIRPORT, OK US","2009-09-29","0.00","78","46"
"USW00053913","GUTHRIE MUNICIPAL AIRPORT, OK US","2009-09-30","0.00","84",
"USW00053913","GUTHRIE MUNICIPAL AIRPORT, OK US","2009-10-01","0.00","81","48"
"USW00053913","GUTHRIE MUNICIPAL AIRPORT, OK US","2009-10-02","0.00","73","42"
"USW00053913","GUTHRIE MUNICIPAL AIRPORT, OK US","2009-10-03","0.00","69","44"
"USW00053913","GUTHRIE MUNICIPAL AIRPORT, OK US","2009-10-04","1.32","62","55"
"USW00053913","GUTHRIE MUNICIPAL AIRPORT, OK US","2009-10-05","0.00","64","55"
"USW00053913","GUTHRIE MUNICIPAL AIRPORT, OK US","2009-10-06","0.04","69","50"
"USW00053913","GUTHRIE MUNICIPAL AIRPORT, OK US","2009-10-07","0.00",,
"USW00053913","GUTHRIE MUNICIPAL AIRPORT, OK US","2009-10-08","0.17",,
"USW00053913","GUTHRIE MUNICIPAL AIRPORT, OK US","2009-10-09","0.00","53","41"
"USW00053913","GUTHRIE MUNICIPAL AIRPORT, OK US","2009-10-10","0.00","59","38"
"USW00053913","GUTHRIE MUNICIPAL AIRPORT, OK US","2009-10-11","0.00","50","40"
"USW00053913","GUTHRIE MUNICIPAL AIRPORT, OK US","2009-10-12","0.02","60","50"
"USW00053913","GUTHRIE MUNICIPAL AIRPORT, OK US","2009-10-13","0.20","57","52"
"USW00053913","GUTHRIE MUNICIPAL AIRPORT, OK US","2009-10-14","0.62","54","47"
"USW00053913","GUTHRIE MUNICIPAL AIRPORT, OK US","2009-10-15",,"60","46"
"USW00053913","GUTHRIE MUNICIPAL AIRPORT, OK US","2009-10-16","0.00","65","43"
"USW00053913","GUTHRIE MUNICIPAL AIRPORT, OK US","2009-10-17","0.00","61","42"
"USW00053913","GUTHRIE MUNICIPAL AIRPORT, OK US","2009-10-18","0.00","72","41"
"USW00053913","GUTHRIE MUNICIPAL AIRPORT, OK US","2009-10-19","0.00","78","58"
"USW00053913","GUTHRIE MUNICIPAL AIRPORT, OK US","2009-10-20","0.00","80","63"
"USW00053913","GUTHRIE MUNICIPAL AIRPORT, OK US","2009-10-21","0.36","69","59"
"USW00053913","GUTHRIE MUNICIPAL AIRPORT, OK US","2009-10-22","0.04","59","45"
"USW00053913","GUTHRIE MUNICIPAL AIRPORT, OK US","2009-10-23","0.00","57","40"
"USW00053913","GUTHRIE MUNICIPAL AIRPORT, OK US","2009-10-24","0.00","75","39"
"USW00053913","GUTHRIE MUNICIPAL AIRPORT, OK US","2009-10-25","0.02","64","53"
"USW00053913","GUTHRIE MUNICIPAL AIRPORT, OK US","2009-10-26","0.00","60","45"
"USW00053913","GUTHRIE MUNICIPAL AIRPORT, OK US","2009-10-27","0.00","65","36"
"USW00053913","GUTHRIE MUNICIPAL AIRPORT, OK US","2009-10-28","0.00","68","52"
"USW00053913","GUTHRIE MUNICIPAL AIRPORT, OK US","2009-10-29","2.62","67","47"
"USW00053913","GUTHRIE MUNICIPAL AIRPORT, OK US","2009-10-30","0.00","57","43"
"USW00053913","GUTHRIE MUNICIPAL AIRPORT, OK US","2009-10-31","0.00","73","39"
"USW00053913","GUTHRIE MUNICIPAL AIRPORT, OK US","2009-11-01","0.00","77","45"
"USW00053913","GUTHRIE MUNICIPAL AIRPORT, OK US","2009-11-02","0.00","74","45"
"USW00053913","GUTHRIE MUNICIPAL AIRPORT, OK US","2009-11-03","0.00","70","39"
"USW00053913","GUTHRIE MUNICIPAL AIRPORT, OK US","2009-11-04","0.00","73","46"
"USW00053913","GUTHRIE MUNICIPAL AIRPORT, OK US","2009-11-05","0.00","77","44"
"USW00053913","GUTHRIE MUNICIPAL AIRPORT, OK US","2009-11-06","0.00","80","60"
"USW00053913","GUTHRIE MUNICIPAL AIRPORT, OK US","2009-11-07","0.00","81","59"
"USW00053913","GUTHRIE MUNICIPAL AIRPORT, OK US","2009-11-08","0.00","75","55"
"USW00053913","GUTHRIE MUNICIPAL AIRPORT, OK US","2009-11-09","0.00","78","57"
"USW00053913","GUTHRIE MUNICIPAL AIRPORT, OK US","2009-11-10","0.00","62","52"
"USW00053913","GUTHRIE MUNICIPAL AIRPORT, OK US","2009-11-11","0.00","69","48"
"USW00053913","GUTHRIE MUNICIPAL AIRPORT, OK US","2009-11-12","0.00","71","50"
"USW00053913","GUTHRIE MUNICIPAL AIRPORT, OK US","2009-11-13","0.00","74","59"
"USW00053913","GUTHRIE MUNICIPAL AIRPORT, OK US","2009-11-14","0.00","65","51"
"USW00053913","GUTHRIE MUNICIPAL AIRPORT, OK US","2009-11-15","0.15","55","42"
"USW00053913","GUTHRIE MUNICIPAL AIRPORT, OK US","2009-11-16","0.03","43","38"
"USW00053913","GUTHRIE MUNICIPAL AIRPORT, OK US","2009-11-17","0.00","49","38"
"USW00053913","GUTHRIE MUNICIPAL AIRPORT, OK US","2009-11-18","0.00","60","29"
"USW00053913","GUTHRIE MUNICIPAL AIRPORT, OK US","2009-11-19","0.00","72","41"
"USW00053913","GUTHRIE MUNICIPAL AIRPORT, OK US","2009-11-20","0.00","57","48"
"USW00053913","GUTHRIE MUNICIPAL AIRPORT, OK US","2009-11-21","0.00","62","49"
"USW00053913","GUTHRIE MUNICIPAL AIRPORT, OK US","2009-11-22","0.00","65","42"
"USW00053913","GUTHRIE MUNICIPAL AIRPORT, OK US","2009-11-23","0.00","67","40"
"USW00053913","GUTHRIE MUNICIPAL AIRPORT, OK US","2009-11-24","0.00","57","32"
"USW00053913","GUTHRIE MUNICIPAL AIRPORT, OK US","2009-11-25","0.00","58","30"
"USW00053913","GUTHRIE MUNICIPAL AIRPORT, OK US","2009-11-26","0.00","57","26"
"USW00053913","GUTHRIE MUNICIPAL AIRPORT, OK US","2009-11-27","0.00","74","41"
"USW00053913","GUTHRIE MUNICIPAL AIRPORT, OK US","2009-11-28","0.00","70","49"
"USW00053913","GUTHRIE MUNICIPAL AIRPORT, OK US","2009-11-29","0.04","61","42"
"USW00053913","GUTHRIE MUNICIPAL AIRPORT, OK US","2009-11-30","0.00","58","29"
"USW00053913","GUTHRIE MUNICIPAL AIRPORT, OK US","2009-12-01","0.06",,"29"
"USW00053913","GUTHRIE MUNICIPAL AIRPORT, OK US","2009-12-02","0.06","45","34"
"USW00053913","GUTHRIE MUNICIPAL AIRPORT, OK US","2009-12-03","0.00","38","23"
"USW00053913","GUTHRIE MUNICIPAL AIRPORT, OK US","2009-12-04","0.00","37","14"
"USW00053913","GUTHRIE MUNICIPAL AIRPORT, OK US","2009-12-05","0.00","49","26"
"USW00053913","GUTHRIE MUNICIPAL AIRPORT, OK US","2009-12-06","0.00","46","31"
"USW00053913","GUTHRIE MUNICIPAL AIRPORT, OK US","2009-12-07","0.00","34","27"
"USW00053913","GUTHRIE MUNICIPAL AIRPORT, OK US","2009-12-08","0.01","42","21"
"USW00053913","GUTHRIE MUNICIPAL AIRPORT, OK US","2009-12-09","0.00","27","12"
"USW00053913","GUTHRIE MUNICIPAL AIRPORT, OK US","2009-12-10","0.00","37","8"
"USW00053913","GUTHRIE MUNICIPAL AIRPORT, OK US","2009-12-11","0.00","41","23"
"USW00053913","GUTHRIE MUNICIPAL AIRPORT, OK US","2009-12-12","0.00","52","32"
"USW00053913","GUTHRIE MUNICIPAL AIRPORT, OK US","2009-12-13","0.00","71","37"
"USW00053913","GUTHRIE MUNICIPAL AIRPORT, OK US","2009-12-14","0.00",,"21"
"USW00053913","GUTHRIE MUNICIPAL AIRPORT, OK US","2009-12-15","0.00","35","16"
"USW00053913","GUTHRIE MUNICIPAL AIRPORT, OK US","2009-12-16","0.00","54","16"
"USW00053913","GUTHRIE MUNICIPAL AIRPORT, OK US","2009-12-17","0.00","60","35"
"USW00053913","GUTHRIE MUNICIPAL AIRPORT, OK US","2009-12-18","0.00","57","31"
"USW00053913","GUTHRIE MUNICIPAL AIRPORT, OK US","2009-12-19","0.00","40","24"
"USW00053913","GUTHRIE MUNICIPAL AIRPORT, OK US","2009-12-20","0.00","61","26"
"USW00053913","GUTHRIE MUNICIPAL AIRPORT, OK US","2009-12-21","0.00","64","31"
"USW00053913","GUTHRIE MUNICIPAL AIRPORT, OK US","2009-12-22","0.00","59","43"
"USW00053913","GUTHRIE MUNICIPAL AIRPORT, OK US","2009-12-23","0.00","57","36"
"USW00053913","GUTHRIE MUNICIPAL AIRPORT, OK US","2009-12-24","0.16","36","23"
"USW00053913","GUTHRIE MUNICIPAL AIRPORT, OK US","2009-12-25","0.00","36","20"
"USW00053913","GUTHRIE MUNICIPAL AIRPORT, OK US","2009-12-26","0.00","37","21"
"USW00053913","GUTHRIE MUNICIPAL AIRPORT, OK US","2009-12-27","0.00","37","17"
"USW00053913","GUTHRIE MUNICIPAL AIRPORT, OK US","2009-12-28","0.00","44","15"
"USW00053913","GUTHRIE MUNICIPAL AIRPORT, OK US","2009-12-29","0.03","37","27"
"USW00053913","GUTHRIE MUNICIPAL AIRPORT, OK US","2009-12-30","0.00","41","33"
"USW00053913","GUTHRIE MUNICIPAL AIRPORT, OK US","2009-12-31","0.00","35","20"
"USW00053913","GUTHRIE MUNICIPAL AIRPORT, OK US","2010-01-01","0.00","47","17"
"USW00053913","GUTHRIE MUNICIPAL AIRPORT, OK US","2010-01-02","0.00","27","19"
"USW00053913","GUTHRIE MUNICIPAL AIRPORT, OK US","2010-01-03","0.00","28",
"USW00053913","GUTHRIE MUNICIPAL AIRPORT, OK US","2010-01-05","0.00","30","22"
"USW00053913","GUTHRIE MUNICIPAL AIRPORT, OK US","2010-01-06","0.00","47","21"
"USW00053913","GUTHRIE MUNICIPAL AIRPORT, OK US","2010-01-07","0.00","23","12"
"USW00053913","GUTHRIE MUNICIPAL AIRPORT, OK US","2010-01-09","0.00","27","5"
"USW00053913","GUTHRIE MUNICIPAL AIRPORT, OK US","2010-01-10","0.00","43","7"
"USW00053913","GUTHRIE MUNICIPAL AIRPORT, OK US","2010-01-11","0.00","57","28"
"USW00053913","GUTHRIE MUNICIPAL AIRPORT, OK US","2010-01-12","0.00","50","20"
"USW00053913","GUTHRIE MUNICIPAL AIRPORT, OK US","2010-01-13","0.00","60","37"
"USW00053913","GUTHRIE MUNICIPAL AIRPORT, OK US","2010-01-14","0.00","56","45"
"USW00053913","GUTHRIE MUNICIPAL AIRPORT, OK US","2010-01-15","0.00","48","40"
"USW00053913","GUTHRIE MUNICIPAL AIRPORT, OK US","2010-01-16","0.01","47","40"
"USW00053913","GUTHRIE MUNICIPAL AIRPORT, OK US","2010-01-17",,"57","36"
"USW00053913","GUTHRIE MUNICIPAL AIRPORT, OK US","2010-01-18","0.00","63","37"
"USW00053913","GUTHRIE MUNICIPAL AIRPORT, OK US","2010-01-19","0.00","63","37"
"USW00053913","GUTHRIE MUNICIPAL AIRPORT, OK US","2010-01-20","0.06","59","36"
"USW00053913","GUTHRIE MUNICIPAL AIRPORT, OK US","2010-01-21","0.01","53","36"
"USW00053913","GUTHRIE MUNICIPAL AIRPORT, OK US","2010-01-22","0.00","71","37"
"USW00053913","GUTHRIE MUNICIPAL AIRPORT, OK US","2010-01-23","0.02","57","44"
"USW00053913","GUTHRIE MUNICIPAL AIRPORT, OK US","2010-01-24","0.00","51","35"
"USW00053913","GUTHRIE MUNICIPAL AIRPORT, OK US","2010-01-25","0.00","52","29"
"USW00053913","GUTHRIE MUNICIPAL AIRPORT, OK US","2010-01-26","0.00","49","23"
"USW00053913","GUTHRIE MUNICIPAL AIRPORT, OK US","2010-01-27","0.00","65","41"
"USW00053913","GUTHRIE MUNICIPAL AIRPORT, OK US","2010-01-28","0.43","41","27"
"USW00053913","GUTHRIE MUNICIPAL AIRPORT, OK US","2010-01-29","0.18","28","20"
"USW00053913","GUTHRIE MUNICIPAL AIRPORT, OK US","2010-01-30",,"26","19"
"USW00053913","GUTHRIE MUNICIPAL AIRPORT, OK US","2010-01-31",,"29","23"
"USW00053913","GUTHRIE MUNICIPAL AIRPORT, OK US","2010-02-01",,"33",
"USW00053913","GUTHRIE MUNICIPAL AIRPORT, OK US","2010-02-02","0.00","40","29"
"USW00053913","GUTHRIE MUNICIPAL AIRPORT, OK US","2010-02-03","0.05","38","29"
"USW00053913","GUTHRIE MUNICIPAL AIRPORT, OK US","2010-02-04","0.07","38","35"
"USW00053913","GUTHRIE MUNICIPAL AIRPORT, OK US","2010-02-05","0.00","49","35"
"USW00053913","GUTHRIE MUNICIPAL AIRPORT, OK US","2010-02-06","0.00","39","34"
"USW00053913","GUTHRIE MUNICIPAL AIRPORT, OK US","2010-02-07","0.00","40","36"
"USW00053913","GUTHRIE MUNICIPAL AIRPORT, OK US","2010-02-08","0.26","37","24"
"USW00053913","GUTHRIE MUNICIPAL AIRPORT, OK US","2010-02-09","0.00","35","20"
"USW00053913","GUTHRIE MUNICIPAL AIRPORT, OK US","2010-02-10","0.00","34","19"
"USW00053913","GUTHRIE MUNICIPAL AIRPORT, OK US","2010-02-11","0.00","37","32"
"USW00053913","GUTHRIE MUNICIPAL AIRPORT, OK US","2010-02-12","0.00","52","31"
"USW00053913","GUTHRIE MUNICIPAL AIRPORT, OK US","2010-02-13","0.00",,
"USW00053913","GUTHRIE MUNICIPAL AIRPORT, OK US","2010-02-14","0.00",,
"USW00053913","GUTHRIE MUNICIPAL AIRPORT, OK US","2010-02-15","0.00",,
"USW00053913","GUTHRIE MUNICIPAL AIRPORT, OK US","2010-02-16","0.00",,
"USW00053913","GUTHRIE MUNICIPAL AIRPORT, OK US","2010-02-17","0.00","51","19"
"USW00053913","GUTHRIE MUNICIPAL AIRPORT, OK US","2010-02-18","0.00","63","33"
"USW00053913","GUTHRIE MUNICIPAL AIRPORT, OK US","2010-02-19","0.00","55","40"
"USW00053913","GUTHRIE MUNICIPAL AIRPORT, OK US","2010-02-20","0.21","43","35"
"USW00053913","GUTHRIE MUNICIPAL AIRPORT, OK US","2010-02-21","0.60","42","32"
"USW00053913","GUTHRIE MUNICIPAL AIRPORT, OK US","2010-02-22","0.00","34","29"
"USW00053913","GUTHRIE MUNICIPAL AIRPORT, OK US","2010-02-23","0.00","45","25"
"USW00053913","GUTHRIE MUNICIPAL AIRPORT, OK US","2010-02-24","0.00","47","21"
"USW00053913","GUTHRIE MUNICIPAL AIRPORT, OK US","2010-02-25","0.03","55","32"
"USW00053913","GUTHRIE MUNICIPAL AIRPORT, OK US","2010-02-26","0.03","50","30"
"USW00053913","GUTHRIE MUNICIPAL AIRPORT, OK US","2010-02-27","0.00","59","27"
"USW00053913","GUTHRIE MUNICIPAL AIRPORT, OK US","2010-02-28","0.00","56","37"
"USW00053913","GUTHRIE MUNICIPAL AIRPORT, OK US","2010-03-01","0.00","46","35"
"USW00053913","GUTHRIE MUNICIPAL AIRPORT, OK US","2010-03-02","0.00","48","27"
"USW00053913","GUTHRIE MUNICIPAL AIRPORT, OK US","2010-03-03","0.00","57","24"
"USW00053913","GUTHRIE MUNICIPAL AIRPORT, OK US","2010-03-04","0.00","66","36"
"USW00053913","GUTHRIE MUNICIPAL AIRPORT, OK US","2010-03-05","0.00","71","44"
"USW00053913","GUTHRIE MUNICIPAL AIRPORT, OK US","2010-03-06","0.00","66","53"
"USW00053913","GUTHRIE MUNICIPAL AIRPORT, OK US","2010-03-07","0.00","63","49"
"USW00053913","GUTHRIE MUNICIPAL AIRPORT, OK US","2010-03-08","0.77","57","49"
"USW00053913","GUTHRIE MUNICIPAL AIRPORT, OK US","2010-03-10","0.00","63","36"
"USW00053913","GUTHRIE MUNICIPAL AIRPORT, OK US","2010-03-11","0.00","53","37"
"USW00053913","GUTHRIE MUNICIPAL AIRPORT, OK US","2010-03-12","0.00","55","39"
"USW00053913","GUTHRIE MUNICIPAL AIRPORT, OK US","2010-03-13","0.00","57","40"
"USW00053913","GUTHRIE MUNICIPAL AIRPORT, OK US","2010-03-14","0.00","54","32"
"USW00053913","GUTHRIE MUNICIPAL AIRPORT, OK US","2010-03-15","0.00","58","47"
"USW00053913","GUTHRIE MUNICIPAL AIRPORT, OK US","2010-03-16","0.00","51","37"
"USW00053913","GUTHRIE MUNICIPAL AIRPORT, OK US","2010-03-17","0.00","52","32"
"USW00053913","GUTHRIE MUNICIPAL AIRPORT, OK US","2010-03-18","0.00","64","29"
"USW00053913","GUTHRIE MUNICIPAL AIRPORT, OK US","2010-03-19","0.20","74","34"
"USW00053913","GUTHRIE MUNICIPAL AIRPORT, OK US","2010-03-20","0.29","34","29"
"USW00053913","GUTHRIE MUNICIPAL AIRPORT, OK US","2010-03-21",,"46","28"
"USW00053913","GUTHRIE MUNICIPAL AIRPORT, OK US","2010-03-22","0.00","65","24"
"USW00053913","GUTHRIE MUNICIPAL AIRPORT, OK US","2010-03-23","0.00","79","48"
"USW00053913","GUTHRIE MUNICIPAL AIRPORT, OK US","2010-03-24","0.00","64","48"
"USW00053913","GUTHRIE MUNICIPAL AIRPORT, OK US","2010-03-25","0.05","62","38"
"USW00053913","GUTHRIE MUNICIPAL AIRPORT, OK US","2010-03-26","0.00","68","37"
"USW00053913","GUTHRIE MUNICIPAL AIRPORT, OK US","2010-03-27","0.03","58","46"
"USW00053913","GUTHRIE MUNICIPAL AIRPORT, OK US","2010-03-28","0.00","63","38"
"USW00053913","GUTHRIE MUNICIPAL AIRPORT, OK US","2010-03-29","0.00","75","33"
"USW00053913","GUTHRIE MUNICIPAL AIRPORT, OK US","2010-03-30","0.00","84","57"
"USW00053913","GUTHRIE MUNICIPAL AIRPORT, OK US","2010-03-31","0.00","91","64"
"USW00053913","GUTHRIE MUNICIPAL AIRPORT, OK US","2010-04-01",,"82","65"
"USW00053913","GUTHRIE MUNICIPAL AIRPORT, OK US","2010-04-02","0.60","72","44"
"USW00053913","GUTHRIE MUNICIPAL AIRPORT, OK US","2010-04-03","0.00","75","36"
"USW00053913","GUTHRIE MUNICIPAL AIRPORT, OK US","2010-04-04","0.00","86","65"
"USW00053913","GUTHRIE MUNICIPAL AIRPORT, OK US","2010-04-05","0.00","79","66"
"USW00053913","GUTHRIE MUNICIPAL AIRPORT, OK US","2010-04-06","0.64","85","51"
"USW00053913","GUTHRIE MUNICIPAL AIRPORT, OK US","2010-04-07","0.00","60","41"
"USW00053913","GUTHRIE MUNICIPAL AIRPORT, OK US","2010-04-08","0.00","66","32"
"USW00053913","GUTHRIE MUNICIPAL AIRPORT, OK US","2010-04-09","0.00","77","45"
"USW00053913","GUTHRIE MUNICIPAL AIRPORT, OK US","2010-04-10","0.00","79","57"
"USW00053913","GUTHRIE MUNICIPAL AIRPORT, OK US","2010-04-11","0.00","83","56"
"USW00053913","GUTHRIE MUNICIPAL AIRPORT, OK US","2010-04-12","0.00","81","60"
"USW00053913","GUTHRIE MUNICIPAL AIRPORT, OK US","2010-04-13","0.00","80","58"
"USW00053913","GUTHRIE MUNICIPAL AIRPORT, OK US","2010-04-14","0.00","82","61"
"USW00053913","GUTHRIE MUNICIPAL AIRPORT, OK US","2010-04-15","0.00","82","59"
"USW00053913","GUTHRIE MUNICIPAL AIRPORT, OK US","2010-04-16","0.27","67","53"
"USW00053913","GUTHRIE MUNICIPAL AIRPORT, OK US","2010-04-17","0.57","56","52"
"USW00053913","GUTHRIE MUNICIPAL AIRPORT, OK US","2010-04-18","0.54","53","48"
"USW00053913","GUTHRIE MUNICIPAL AIRPORT, OK US","2010-04-19","0.00","65","48"
"USW00053913","GUTHRIE MUNICIPAL AIRPORT, OK US","2010-04-20","0.00","67","44"
"USW00053913","GUTHRIE MUNICIPAL AIRPORT, OK US","2010-04-21","0.00","78","57"
"USW00053913","GUTHRIE MUNICIPAL AIRPORT, OK US","2010-04-22","0.00","79","63"
"USW00053913","GUTHRIE MUNICIPAL AIRPORT, OK US","2010-04-23","0.37","78","60"
"USW00053913","GUTHRIE MUNICIPAL AIRPORT, OK US","2010-04-24","0.02","69","57"
"USW00053913","GUTHRIE MUNICIPAL AIRPORT, OK US","2010-04-25","0.00","74","52"
"USW00053913","GUTHRIE MUNICIPAL AIRPORT, OK US","2010-04-26","0.01","60","47"
"USW00053913","GUTHRIE MUNICIPAL AIRPORT, OK US","2010-04-27","0.00","68","40"
"USW00053913","GUTHRIE MUNICIPAL AIRPORT, OK US","2010-04-28","0.00","79","50"
"USW00053913","GUTHRIE MUNICIPAL AIRPORT, OK US","2010-04-29","0.00","84","67"
"USW00053913","GUTHRIE MUNICIPAL AIRPORT, OK US","2010-04-30","0.31","80","56"
"USW00053913","GUTHRIE MUNICIPAL AIRPORT, OK US","2010-05-01","0.04","71","54"
"USW00053913","GUTHRIE MUNICIPAL AIRPORT, OK US","2010-05-02","0.00","80","51"
"USW00053913","GUTHRIE MUNICIPAL AIRPORT, OK US","2010-05-03","0.00","77","46"
"USW00053913","GUTHRIE MUNICIPAL AIRPORT, OK US","2010-05-04","0.00","87","50"
"USW00053913","GUTHRIE MUNICIPAL AIRPORT, OK US","2010-05-05","0.00","83","58"
"USW00053913","GUTHRIE MUNICIPAL AIRPORT, OK US","2010-05-06","0.00","92","58"
"USW00053913","GUTHRIE MUNICIPAL AIRPORT, OK US","2010-05-07","0.00","79","47"
"USW00053913","GUTHRIE MUNICIPAL AIRPORT, OK US","2010-05-08","0.00","68","42"
"USW00053913","GUTHRIE MUNICIPAL AIRPORT, OK US","2010-05-09","0.05","64","52"
"USW00053913","GUTHRIE MUNICIPAL AIRPORT, OK US","2010-05-10","0.03","86","54"
"USW00053913","GUTHRIE MUNICIPAL AIRPORT, OK US","2010-05-11","0.00","84","51"
"USW00053913","GUTHRIE MUNICIPAL AIRPORT, OK US","2010-05-12","0.00","82","68"
"USW00053913","GUTHRIE MUNICIPAL AIRPORT, OK US","2010-05-13","0.68",,"51"
"USW00053913","GUTHRIE MUNICIPAL AIRPORT, OK US","2010-05-14","0.52","62","55"
"USW00053913","GUTHRIE MUNICIPAL AIRPORT, OK US","2010-05-15","0.01","71","58"
"USW00053913","GUTHRIE MUNICIPAL AIRPORT, OK US","2010-05-16","0.26","77","58"
"USW00053913","GUTHRIE MUNICIPAL AIRPORT, OK US","2010-05-17",,"75","57"
"USW00053913","GUTHRIE MUNICIPAL AIRPORT, OK US","2010-05-18","0.00","75","55"
"USW00053913","GUTHRIE MUNICIPAL AIRPORT, OK US","2010-05-19","2.90","79","59"
"USW00053913","GUTHRIE MUNICIPAL AIRPORT, OK US","2010-05-20",,"75","58"
"USW00053913","GUTHRIE MUNICIPAL AIRPORT, OK US","2010-05-21","0.00","83","54"
"USW00053913","GUTHRIE MUNICIPAL AIRPORT, OK US","2010-05-22","0.00","84","73"
"USW00053913","GUTHRIE MUNICIPAL AIRPORT, OK US","2010-05-23","0.00","87","75"
"USW00053913","GUTHRIE MUNICIPAL AIRPORT, OK US","2010-05-24","0.00","87","73"
"USW00053913","GUTHRIE MUNICIPAL AIRPORT, OK US","2010-05-25","0.00","86","67"
"USW00053913","GUTHRIE MUNICIPAL AIRPORT, OK US","2010-05-26","0.00","90","67"
"USW00053913","GUTHRIE MUNICIPAL AIRPORT, OK US","2010-05-27","0.00","91","64"
"USW00053913","GUTHRIE MUNICIPAL AIRPORT, OK US","2010-05-28","0.00","91","67"
"USW00053913","GUTHRIE MUNICIPAL AIRPORT, OK US","2010-05-29","0.00","91","66"
"USW00053913","GUTHRIE MUNICIPAL AIRPORT, OK US","2010-05-30","0.17","92","68"
"USW00053913","GUTHRIE MUNICIPAL AIRPORT, OK US","2010-05-31","0.09","86","67"
"USW00053913","GUTHRIE MUNICIPAL AIRPORT, OK US","2010-06-01","0.00","95","71"
"USW00053913","GUTHRIE MUNICIPAL AIRPORT, OK US","2010-06-02","0.00","93","75"
"USW00053913","GUTHRIE MUNICIPAL AIRPORT, OK US","2010-06-03",,"91","67"
"USW00053913","GUTHRIE MUNICIPAL AIRPORT, OK US","2010-06-04","0.00","93","71"
"USW00053913","GUTHRIE MUNICIPAL AIRPORT, OK US","2010-06-05","0.00","97","73"
"USW00053913","GUTHRIE MUNICIPAL AIRPORT, OK US","2010-06-06","0.00","89","75"
"USW00053913","GUTHRIE MUNICIPAL AIRPORT, OK US","2010-06-07","0.03","88","68"
"USW00053913","GUTHRIE MUNICIPAL AIRPORT, OK US","2010-06-08","0.00","96","76"
"USW00053913","GUTHRIE MUNICIPAL AIRPORT, OK US","2010-06-09","0.02","90","69"
"USW00053913","GUTHRIE MUNICIPAL AIRPORT, OK US","2010-06-10","0.00","88","72"
"USW00053913","GUTHRIE MUNICIPAL AIRPORT, OK US","2010-06-11","0.00","92","76"
"USW00053913","GUTHRIE MUNICIPAL AIRPORT, OK US","2010-06-12","0.00","92","79"
"USW00053913","GUTHRIE MUNICIPAL AIRPORT, OK US","2010-06-13","0.01","94","70"
"USW00053913","GUTHRIE MUNICIPAL AIRPORT, OK US","2010-06-14","5.41","76","67"
"USW00053913","GUTHRIE MUNICIPAL AIRPORT, OK US","2010-06-15","0.21","87","66"
"USW00053913","GUTHRIE MUNICIPAL AIRPORT, OK US","2010-06-16","0.31","90","74"
"USW00053913","GUTHRIE MUNICIPAL AIRPORT, OK US","2010-06-17","0.00","93","77"
"USW00053913","GUTHRIE MUNICIPAL AIRPORT, OK US","2010-06-18","0.00","95","79"
"USW00053913","GUTHRIE MUNICIPAL AIRPORT, OK US","2010-06-19","0.00","95","78"
"USW00053913","GUTHRIE MUNICIPAL AIRPORT, OK US","2010-06-20","0.00","95","78"
"USW00053913","GUTHRIE MUNICIPAL AIRPORT, OK US","2010-06-21","0.00","95","78"
"USW00053913","GUTHRIE MUNICIPAL AIRPORT, OK US","2010-06-22","0.00","96","77"
"USW00053913","GUTHRIE MUNICIPAL AIRPORT, OK US","2010-06-23","0.04","98","75"
"USW00053913","GUTHRIE MUNICIPAL AIRPORT, OK US","2010-06-24","0.02","95","75"
"USW00053913","GUTHRIE MUNICIPAL AIRPORT, OK US","2010-06-25","0.00","94","73"
"USW00053913","GUTHRIE MUNICIPAL AIRPORT, OK US","2010-06-26","0.00","98","76"
"USW00053913","GUTHRIE MUNICIPAL AIRPORT, OK US","2010-06-27","0.12","93","76"
"USW00053913","GUTHRIE MUNICIPAL AIRPORT, OK US","2010-06-28","0.00","89","73"
"USW00053913","GUTHRIE MUNICIPAL AIRPORT, OK US","2010-06-29","0.00","90","68"
"USW00053913","GUTHRIE MUNICIPAL AIRPORT, OK US","2010-06-30","0.00","90","69"
"USW00053913","GUTHRIE MUNICIPAL AIRPORT, OK US","2010-07-01","0.00",,"72"
"USW00053913","GUTHRIE MUNICIPAL AIRPORT, OK US","2010-07-02","0.00","88","73"
"USW00053913","GUTHRIE MUNICIPAL AIRPORT, OK US","2010-07-03","0.82","79","74"
"USW00053913","GUTHRIE MUNICIPAL AIRPORT, OK US","2010-07-04","0.15","85","74"
"USW00053913","GUTHRIE MUNICIPAL AIRPORT, OK US","2010-07-05","0.18","88","73"
"USW00053913","GUTHRIE MUNICIPAL AIRPORT, OK US","2010-07-06","0.11","92","72"
"USW00053913","GUTHRIE MUNICIPAL AIRPORT, OK US","2010-07-07","0.22","88","71"
"USW00053913","GUTHRIE MUNICIPAL AIRPORT, OK US","2010-07-08","1.47","88","73"
"USW00053913","GUTHRIE MUNICIPAL AIRPORT, OK US","2010-07-09","0.00","86","73"
"USW00053913","GUTHRIE MUNICIPAL AIRPORT, OK US","2010-07-10","0.00","89","70"
"USW00053913","GUTHRIE MUNICIPAL AIRPORT, OK US","2010-07-11","0.00","95","75"
"USW00053913","GUTHRIE MUNICIPAL AIRPORT, OK US","2010-07-12","0.00","89","74"
"USW00053913","GUTHRIE MUNICIPAL AIRPORT, OK US","2010-07-13","0.00","98","76"
"USW00053913","GUTHRIE MUNICIPAL AIRPORT, OK US","2010-07-14","0.00","95","79"
"USW00053913","GUTHRIE MUNICIPAL AIRPORT, OK US","2010-07-15","0.00","96","78"
"USW00053913","GUTHRIE MUNICIPAL AIRPORT, OK US","2010-07-16","0.00","99","78"
"USW00053913","GUTHRIE MUNICIPAL AIRPORT, OK US","2010-07-17","0.00","101","78"
"USW00053913","GUTHRIE MUNICIPAL AIRPORT, OK US","2010-07-18","0.00","101","78"
"USW00053913","GUTHRIE MUNICIPAL AIRPORT, OK US","2010-07-19","0.00","99","78"
"USW00053913","GUTHRIE MUNICIPAL AIRPORT, OK US","2010-07-20","0.00","98","79"
"USW00053913","GUTHRIE MUNICIPAL AIRPORT, OK US","2010-07-21","0.00","96","78"
"USW00053913","GUTHRIE MUNICIPAL AIRPORT, OK US","2010-07-22","0.00","97","79"
"USW00053913","GUTHRIE MUNICIPAL AIRPORT, OK US","2010-07-23","0.00","97","81"
"USW00053913","GUTHRIE MUNICIPAL AIRPORT, OK US","2010-07-24","0.15","100","73"
"USW00053913","GUTHRIE MUNICIPAL AIRPORT, OK US","2010-07-25","0.15","97","73"
"USW00053913","GUTHRIE MUNICIPAL AIRPORT, OK US","2010-07-26","0.00","97","70"
"USW00053913","GUTHRIE MUNICIPAL AIRPORT, OK US","2010-07-27","0.00","91","71"
"USW00053913","GUTHRIE MUNICIPAL AIRPORT, OK US","2010-07-28","1.01","93","73"
"USW00053913","GUTHRIE MUNICIPAL AIRPORT, OK US","2010-07-29","0.00","93","74"
"USW00053913","GUTHRIE MUNICIPAL AIRPORT, OK US","2010-07-30","0.00","96","75"
"USW00053913","GUTHRIE MUNICIPAL AIRPORT, OK US","2010-07-31","0.00","101","76"
"USW00053913","GUTHRIE MUNICIPAL AIRPORT, OK US","2010-08-01","0.00","103","79"
"USW00053913","GUTHRIE MUNICIPAL AIRPORT, OK US","2010-08-02","0.00","105","76"
"USW00053913","GUTHRIE MUNICIPAL AIRPORT, OK US","2010-08-03","0.00","104","81"
"USW00053913","GUTHRIE MUNICIPAL AIRPORT, OK US","2010-08-04","0.00","105","77"
"USW00053913","GUTHRIE MUNICIPAL AIRPORT, OK US","2010-08-05","0.00","94","77"
"USW00053913","GUTHRIE MUNICIPAL AIRPORT, OK US","2010-08-06","0.00","95","72"
"USW00053913","GUTHRIE MUNICIPAL AIRPORT, OK US","2010-08-07","0.00","98","76"
"USW00053913","GUTHRIE MUNICIPAL AIRPORT, OK US","2010-08-08","0.00","104","80"
"USW00053913","GUTHRIE MUNICIPAL AIRPORT, OK US","2010-08-09","0.00","102","79"
"USW00053913","GUTHRIE MUNICIPAL AIRPORT, OK US","2010-08-10","0.00","102","78"
"USW00053913","GUTHRIE MUNICIPAL AIRPORT, OK US","2010-08-11","0.00","103","76"
"USW00053913","GUTHRIE MUNICIPAL AIRPORT, OK US","2010-08-12",,"104","79"
"USW00053913","GUTHRIE MUNICIPAL AIRPORT, OK US","2010-08-13","0.00","107","81"
"USW00053913","GUTHRIE MUNICIPAL AIRPORT, OK US","2010-08-14","0.00","106","82"
"USW00053913","GUTHRIE MUNICIPAL AIRPORT, OK US","2010-08-15","0.03","89","72"
"USW00053913","GUTHRIE MUNICIPAL AIRPORT, OK US","2010-08-16","0.21","93","70"
"USW00053913","GUTHRIE MUNICIPAL AIRPORT, OK US","2010-08-17","0.38","90","72"
"USW00053913","GUTHRIE MUNICIPAL AIRPORT, OK US","2010-08-18","0.00","91","70"
"USW00053913","GUTHRIE MUNICIPAL AIRPORT, OK US","2010-08-19","0.00","98","69"
"USW00053913","GUTHRIE MUNICIPAL AIRPORT, OK US","2010-08-20","0.00","104","82"
"USW00053913","GUTHRIE MUNICIPAL AIRPORT, OK US","2010-08-21","0.00","102","76"
"USW00053913","GUTHRIE MUNICIPAL AIRPORT, OK US","2010-08-22","0.00","99","72"
"USW00053913","GUTHRIE MUNICIPAL AIRPORT, OK US","2010-08-23","0.00","104","75"
"USW00053913","GUTHRIE MUNICIPAL AIRPORT, OK US","2010-08-24","0.08","85","70"
"USW00053913","GUTHRIE MUNICIPAL AIRPORT, OK US","2010-08-25","0.00","86","60"
"USW00053913","GUTHRIE MUNICIPAL AIRPORT, OK US","2010-08-26","0.00","89","53"
"USW00053913","GUTHRIE MUNICIPAL AIRPORT, OK US","2010-08-27","0.00","92","55"
"USW00053913","GUTHRIE MUNICIPAL AIRPORT, OK US","2010-08-28","0.00","94","67"
"USW00053913","GUTHRIE MUNICIPAL AIRPORT, OK US","2010-08-29","0.00","95","73"
"USW00053913","GUTHRIE MUNICIPAL AIRPORT, OK US","2010-08-30","0.00","94","75"
"USW00053913","GUTHRIE MUNICIPAL AIRPORT, OK US","2010-08-31","0.12","100","76"
"USW00053913","GUTHRIE MUNICIPAL AIRPORT, OK US","2010-09-01","0.01","92","77"
"USW00053913","GUTHRIE MUNICIPAL AIRPORT, OK US","2010-09-02","0.43","99","66"
"USW00053913","GUTHRIE MUNICIPAL AIRPORT, OK US","2010-09-03","0.00","84","59"
"USW00053913","GUTHRIE MUNICIPAL AIRPORT, OK US","2010-09-04","0.00","85","51"
"USW00053913","GUTHRIE MUNICIPAL AIRPORT, OK US","2010-09-05","0.00","93","63"
"USW00053913","GUTHRIE MUNICIPAL AIRPORT, OK US","2010-09-06","0.00","95","75"
"USW00053913","GUTHRIE MUNICIPAL AIRPORT, OK US","2010-09-07","0.00","87","72"
"USW00053913","GUTHRIE MUNICIPAL AIRPORT, OK US","2010-09-08","1.36","75","70"
"USW00053913","GUTHRIE MUNICIPAL AIRPORT, OK US","2010-09-09","0.03","90","71"
"USW00053913","GUTHRIE MUNICIPAL AIRPORT, OK US","2010-09-10","0.00","96","77"
"USW00053913","GUTHRIE MUNICIPAL AIRPORT, OK US","2010-09-11","0.00","89","70"
"USW00053913","GUTHRIE MUNICIPAL AIRPORT, OK US","2010-09-12","0.13","83","67"
"USW00053913","GUTHRIE MUNICIPAL AIRPORT, OK US","2010-09-13","0.00","88","73"
"USW00053913","GUTHRIE MUNICIPAL AIRPORT, OK US","2010-09-14","0.00","88","73"
"USW00053913","GUTHRIE MUNICIPAL AIRPORT, OK US","2010-09-15","0.00","94","80"
"USW00053913","GUTHRIE MUNICIPAL AIRPORT, OK US","2010-09-16","0.00","86","70"
"USW00053913","GUTHRIE MUNICIPAL AIRPORT, OK US","2010-09-17","0.00","91","67"
"USW00053913","GUTHRIE MUNICIPAL AIRPORT, OK US","2010-09-18","0.00","94","71"
"USW00053913","GUTHRIE MUNICIPAL AIRPORT, OK US","2010-09-19","0.00","93","70"
"USW00053913","GUTHRIE MUNICIPAL AIRPORT, OK US","2010-09-20","0.00","93","70"
"USW00053913","GUTHRIE MUNICIPAL AIRPORT, OK US","2010-09-21","0.00","89","73"
"USW00053913","GUTHRIE MUNICIPAL AIRPORT, OK US","2010-09-22","0.00","90","73"
"USW00053913","GUTHRIE MUNICIPAL AIRPORT, OK US","2010-09-23","0.06","90","75"
"USW00053913","GUTHRIE MUNICIPAL AIRPORT, OK US","2010-09-24","0.02","86","69"
"USW00053913","GUTHRIE MUNICIPAL AIRPORT, OK US","2010-09-25","0.00","88","60"
"USW00053913","GUTHRIE MUNICIPAL AIRPORT, OK US","2010-09-26","0.00","71","50"
"USW00053913","GUTHRIE MUNICIPAL AIRPORT, OK US","2010-09-27","0.00","75","42"
"USW00053913","GUTHRIE MUNICIPAL AIRPORT, OK US","2010-09-28","0.00","84","53"
"USW00053913","GUTHRIE MUNICIPAL AIRPORT, OK US","2010-09-29","0.00","87","49"
"USW00053913","GUTHRIE MUNICIPAL AIRPORT, OK US","2010-09-30","0.00","83","56"
"USW00053913","GUTHRIE MUNICIPAL AIRPORT, OK US","2010-10-01","0.00","81","48"
"USW00053913","GUTHRIE MUNICIPAL AIRPORT, OK US","2010-10-02","0.00","77","49"
"USW00053913","GUTHRIE MUNICIPAL AIRPORT, OK US","2010-10-03","0.00","69","41"
"USW00053913","GUTHRIE MUNICIPAL AIRPORT, OK US","2010-10-04","0.00","73","40"
"USW00053913","GUTHRIE MUNICIPAL AIRPORT, OK US","2010-10-05","0.00","77","47"
"USW00053913","GUTHRIE MUNICIPAL AIRPORT, OK US","2010-10-06","0.00","84","50"
"USW00053913","GUTHRIE MUNICIPAL AIRPORT, OK US","2010-10-07","0.00","90","57"
"USW00053913","GUTHRIE MUNICIPAL AIRPORT, OK US","2010-10-08","0.00","89","58"
"USW00053913","GUTHRIE MUNICIPAL AIRPORT, OK US","2010-10-09","0.00","89","57"
"USW00053913","GUTHRIE MUNICIPAL AIRPORT, OK US","2010-10-10","0.37","80","57"
"USW00053913","GUTHRIE MUNICIPAL AIRPORT, OK US","2010-10-11","0.00","75","55"
"USW00053913","GUTHRIE MUNICIPAL AIRPORT, OK US","2010-10-12","0.00","78","53"
"USW00053913","GUTHRIE MUNICIPAL AIRPORT, OK US","2010-10-13","0.00","72","44"
"USW00053913","GUTHRIE MUNICIPAL AIRPORT, OK US","2010-10-14","0.00","78","39"
"USW00053913","GUTHRIE MUNICIPAL AIRPORT, OK US","2010-10-15","0.00","87","46"
"USW00053913","GUTHRIE MUNICIPAL AIRPORT, OK US","2010-10-16","0.00","86","57"
"USW00053913","GUTHRIE MUNICIPAL AIRPORT, OK US","2010-10-17","0.00","86","55"
"USW00053913","GUTHRIE MUNICIPAL AIRPORT, OK US","2010-10-18","0.00","87","60"
"USW00053913","GUTHRIE MUNICIPAL AIRPORT, OK US","2010-10-19","0.16","66","50"
"USW00053913","GUTHRIE MUNICIPAL AIRPORT, OK US","2010-10-20","0.00","82","46"
"USW00053913","GUTHRIE MUNICIPAL AIRPORT, OK US","2010-10-21","0.00","86","55"
"USW00053913","GUTHRIE MUNICIPAL AIRPORT, OK US","2010-10-22","0.97","71","59"
"USW00053913","GUTHRIE MUNICIPAL AIRPORT, OK US","2010-10-23","0.00","73","60"
"USW00053913","GUTHRIE MUNICIPAL AIRPORT, OK US","2010-10-24","0.00","77","56"
"USW00053913","GUTHRIE MUNICIPAL AIRPORT, OK US","2010-10-25","0.00","83","57"
"USW00053913","GUTHRIE MUNICIPAL AIRPORT, OK US","2010-10-26","0.00","73","50"
"USW00053913","GUTHRIE MUNICIPAL AIRPORT, OK US","2010-10-27","0.00","71","46"
"USW00053913","GUTHRIE MUNICIPAL AIRPORT, OK US","2010-10-28","0.00","67","37"
"USW00053913","GUTHRIE MUNICIPAL AIRPORT, OK US","2010-10-29","0.00","71","36"
"USW00053913","GUTHRIE MUNICIPAL AIRPORT, OK US","2010-10-30","0.00","80","53"
"USW00053913","GUTHRIE MUNICIPAL AIRPORT, OK US","2010-10-31","0.00","81","50"
"USW00053913","GUTHRIE MUNICIPAL AIRPORT, OK US","2010-11-01","0.00","61","45"
"USW00053913","GUTHRIE MUNICIPAL AIRPORT, OK US","2010-11-02","0.00","67","45"
"USW00053913","GUTHRIE MUNICIPAL AIRPORT, OK US","2010-11-03","0.00","75","32"
"USW00053913","GUTHRIE MUNICIPAL AIRPORT, OK US","2010-11-04","0.00","62","41"
"USW00053913","GUTHRIE MUNICIPAL AIRPORT, OK US","2010-11-05","0.00","58","27"
"USW00053913","GUTHRIE MUNICIPAL AIRPORT, OK US","2010-11-06","0.00","69","35"
"USW00053913","GUTHRIE MUNICIPAL AIRPORT, OK US","2010-11-07","0.00","75","49"
"USW00053913","GUTHRIE MUNICIPAL AIRPORT, OK US","2010-11-08","0.00","76","53"
"USW00053913","GUTHRIE MUNICIPAL AIRPORT, OK US","2010-11-09","0.00","75","59"
"USW00053913","GUTHRIE MUNICIPAL AIRPORT, OK US","2010-11-10","0.01","66","50"
"USW00053913","GUTHRIE MUNICIPAL AIRPORT, OK US","2010-11-11","0.24","67","50"
"USW00053913","GUTHRIE MUNICIPAL AIRPORT, OK US","2010-11-12","0.86","65","43"
"USW00053913","GUTHRIE MUNICIPAL AIRPORT, OK US","2010-11-13","0.00","55","35"
"USW00053913","GUTHRIE MUNICIPAL AIRPORT, OK US","2010-11-14","0.00","58","32"
"USW00053913","GUTHRIE MUNICIPAL AIRPORT, OK US","2010-11-15","0.36","49","40"
"USW00053913","GUTHRIE MUNICIPAL AIRPORT, OK US","2010-11-16","0.00","59","35"
"USW00053913","GUTHRIE MUNICIPAL AIRPORT, OK US","2010-11-17","0.05","56","40"
"USW00053913","GUTHRIE MUNICIPAL AIRPORT, OK US","2010-11-18","0.00","53","30"
"USW00053913","GUTHRIE MUNICIPAL AIRPORT, OK US","2010-11-19","0.00","68","41"
"USW00053913","GUTHRIE MUNICIPAL AIRPORT, OK US","2010-11-20","0.00","71","51"
"USW00053913","GUTHRIE MUNICIPAL AIRPORT, OK US","2010-11-21","0.00","77","62"
"USW00053913","GUTHRIE MUNICIPAL AIRPORT, OK US","2010-11-22","0.00","76","41"
"USW00053913","GUTHRIE MUNICIPAL AIRPORT, OK US","2010-11-23","0.00","63","34"
"USW00053913","GUTHRIE MUNICIPAL AIRPORT, OK US","2010-11-24","0.00","79","38"
"USW00053913","GUTHRIE MUNICIPAL AIRPORT, OK US","2010-11-25","0.00","42","24"
"USW00053913","GUTHRIE MUNICIPAL AIRPORT, OK US","2010-11-26","0.00","53","21"
"USW00053913","GUTHRIE MUNICIPAL AIRPORT, OK US","2010-11-27","0.00","65","29"
"USW00053913","GUTHRIE MUNICIPAL AIRPORT, OK US","2010-11-28","0.00","62","43"
"USW00053913","GUTHRIE MUNICIPAL AIRPORT, OK US","2010-11-29","0.00","59","34"
"USW00053913","GUTHRIE MUNICIPAL AIRPORT, OK US","2010-11-30","0.00","46","28"
"USW00053913","GUTHRIE MUNICIPAL AIRPORT, OK US","2010-12-01","0.00","55","21"
"USW00053913","GUTHRIE MUNICIPAL AIRPORT, OK US","2010-12-02","0.00","63","27"
"USW00053913","GUTHRIE MUNICIPAL AIRPORT, OK US","2010-12-03","0.00","72","32"
"USW00053913","GUTHRIE MUNICIPAL AIRPORT, OK US","2010-12-04","0.00","50","32"
"USW00053913","GUTHRIE MUNICIPAL AIRPORT, OK US","2010-12-05","0.00","41","26"
"USW00053913","GUTHRIE MUNICIPAL AIRPORT, OK US","2010-12-06","0.00","45","17"
"USW00053913","GUTHRIE MUNICIPAL AIRPORT, OK US","2010-12-07","0.04","49","29"
"USW00053913","GUTHRIE MUNICIPAL AIRPORT, OK US","2010-12-08","0.00","54","32"
"USW00053913","GUTHRIE MUNICIPAL AIRPORT, OK US","2010-12-09","0.00","58","36"
"USW00053913","GUTHRIE MUNICIPAL AIRPORT, OK US","2010-12-10","0.00","54","34"
"USW00053913","GUTHRIE MUNICIPAL AIRPORT, OK US","2010-12-11","0.00","50","29"
"USW00053913","GUTHRIE MUNICIPAL AIRPORT, OK US","2010-12-12","0.00","36","20"
"USW00053913","GUTHRIE MUNICIPAL AIRPORT, OK US","2010-12-13","0.00","42","19"
"USW00053913","GUTHRIE MUNICIPAL AIRPORT, OK US","2010-12-14","0.00","50","25"
"USW00053913","GUTHRIE MUNICIPAL AIRPORT, OK US","2010-12-15","0.00","60","31"
"USW00053913","GUTHRIE MUNICIPAL AIRPORT, OK US","2010-12-16","0.00","52","31"
"USW00053913","GUTHRIE MUNICIPAL AIRPORT, OK US","2010-12-17","0.00","49","37"
"USW00053913","GUTHRIE MUNICIPAL AIRPORT, OK US","2010-12-18","0.00","47","34"
"USW00053913","GUTHRIE MUNICIPAL AIRPORT, OK US","2010-12-19","0.00","57","34"
"USW00053913","GUTHRIE MUNICIPAL AIRPORT, OK US","2010-12-20","0.00","73","44"
"USW00053913","GUTHRIE MUNICIPAL AIRPORT, OK US","2010-12-21","0.00","50","37"
"USW00053913","GUTHRIE MUNICIPAL AIRPORT, OK US","2010-12-22","0.00","46","29"
"USW00053913","GUTHRIE MUNICIPAL AIRPORT, OK US","2010-12-23","0.09","42","24"
"USW00053913","GUTHRIE MUNICIPAL AIRPORT, OK US","2010-12-24","0.02","40","34"
"USW00053913","GUTHRIE MUNICIPAL AIRPORT, OK US","2010-12-25","0.00","34","28"
"USW00053913","GUTHRIE MUNICIPAL AIRPORT, OK US","2010-12-26","0.00","39","19"
"USW00053913","GUTHRIE MUNICIPAL AIRPORT, OK US","2010-12-27","0.00","50","25"
"USW00053913","GUTHRIE MUNICIPAL AIRPORT, OK US","2010-12-28","0.00","51","27"
"USW00053913","GUTHRIE MUNICIPAL AIRPORT, OK US","2010-12-29","0.00","62","42"
"USW00053913","GUTHRIE MUNICIPAL AIRPORT, OK US","2010-12-30","0.00","72","57"
"USW00053913","GUTHRIE MUNICIPAL AIRPORT, OK US","2010-12-31","0.00","60","21"
"USW00053913","GUTHRIE MUNICIPAL AIRPORT, OK US","2011-01-01","0.00","37","12"
"USW00053913","GUTHRIE MUNICIPAL AIRPORT, OK US","2011-01-02","0.00","45","12"
"USW00053913","GUTHRIE MUNICIPAL AIRPORT, OK US","2011-01-03","0.00","59","27"
"USW00053913","GUTHRIE MUNICIPAL AIRPORT, OK US","2011-01-04","0.00","49","22"
"USW00053913","GUTHRIE MUNICIPAL AIRPORT, OK US","2011-01-05","0.00","54","20"
"USW00053913","GUTHRIE MUNICIPAL AIRPORT, OK US","2011-01-06","0.00","61","27"
"USW00053913","GUTHRIE MUNICIPAL AIRPORT, OK US","2011-01-07","0.00","60","30"
"USW00053913","GUTHRIE MUNICIPAL AIRPORT, OK US","2011-01-08","0.00","45","19"
"USW00053913","GUTHRIE MUNICIPAL AIRPORT, OK US","2011-01-09","0.00","34","27"
"USW00053913","GUTHRIE MUNICIPAL AIRPORT, OK US","2011-01-10","0.00","32","16"
"USW00053913","GUTHRIE MUNICIPAL AIRPORT, OK US","2011-01-11","0.00","26","9"
"USW00053913","GUTHRIE MUNICIPAL AIRPORT, OK US","2011-01-12","0.00","26","9"
"USW00053913","GUTHRIE MUNICIPAL AIRPORT, OK US","2011-01-13","0.00","46","7"
"USW00053913","GUTHRIE MUNICIPAL AIRPORT, OK US","2011-01-14","0.00","52","25"
"USW00053913","GUTHRIE MUNICIPAL AIRPORT, OK US","2011-01-15","0.00","62","28"
"USW00053913","GUTHRIE MUNICIPAL AIRPORT, OK US","2011-01-16","0.00","45","27"
"USW00053913","GUTHRIE MUNICIPAL AIRPORT, OK US","2011-01-17","0.00","56","34"
"USW00053913","GUTHRIE MUNICIPAL AIRPORT, OK US","2011-01-18","0.00","42","32"
"USW00053913","GUTHRIE MUNICIPAL AIRPORT, OK US","2011-01-19","0.00","49","29"
"USW00053913","GUTHRIE MUNICIPAL AIRPORT, OK US","2011-01-20","0.00","32","17"
"USW00053913","GUTHRIE MUNICIPAL AIRPORT, OK US","2011-01-21","0.00","45","17"
"USW00053913","GUTHRIE MUNICIPAL AIRPORT, OK US","2011-01-22","0.00","58","22"
"USW00053913","GUTHRIE MUNICIPAL AIRPORT, OK US","2011-01-23","0.00","45","17"
"USW00053913","GUTHRIE MUNICIPAL AIRPORT, OK US","2011-01-24","0.00","47","16"
"USW00053913","GUTHRIE MUNICIPAL AIRPORT, OK US","2011-01-25","0.00","51","25"
"USW00053913","GUTHRIE MUNICIPAL AIRPORT, OK US","2011-01-26","0.00","50","23"
"USW00053913","GUTHRIE MUNICIPAL AIRPORT, OK US","2011-01-27","0.00","64","19"
"USW00053913","GUTHRIE MUNICIPAL AIRPORT, OK US","2011-01-28","0.00","77","28"
"USW00053913","GUTHRIE MUNICIPAL AIRPORT, OK US","2011-01-29","0.00","77","35"
"USW00053913","GUTHRIE MUNICIPAL AIRPORT, OK US","2011-01-30","0.00","50","32"
"USW00053913","GUTHRIE MUNICIPAL AIRPORT, OK US","2011-01-31","0.00","39","19"
"USW00053913","GUTHRIE MUNICIPAL AIRPORT, OK US","2011-02-01",,"19","7"
"USW00053913","GUTHRIE MUNICIPAL AIRPORT, OK US","2011-02-02","0.00","17","4"
"USW00053913","GUTHRIE MUNICIPAL AIRPORT, OK US","2011-02-03","0.00","21","-7"
"USW00053913","GUTHRIE MUNICIPAL AIRPORT, OK US","2011-02-04",,"26","18"
"USW00053913","GUTHRIE MUNICIPAL AIRPORT, OK US","2011-02-05","0.00","51","16"
"USW00053913","GUTHRIE MUNICIPAL AIRPORT, OK US","2011-02-06","0.00","45","35"
"USW00053913","GUTHRIE MUNICIPAL AIRPORT, OK US","2011-02-07","0.00","42","30"
"USW00053913","GUTHRIE MUNICIPAL AIRPORT, OK US","2011-02-08","0.00","35","12"
"USW00053913","GUTHRIE MUNICIPAL AIRPORT, OK US","2011-02-09","0.00","20","-4"
"USW00053913","GUTHRIE MUNICIPAL AIRPORT, OK US","2011-02-10","0.01","32","-16"
"USW00053913","GUTHRIE MUNICIPAL AIRPORT, OK US","2011-02-11","0.00","47","14"
"USW00053913","GUTHRIE MUNICIPAL AIRPORT, OK US","2011-02-12","0.00","62","24"
"USW00053913","GUTHRIE MUNICIPAL AIRPORT, OK US","2011-02-13","0.00","70","32"
"USW00053913","GUTHRIE MUNICIPAL AIRPORT, OK US","2011-02-14","0.00","64","36"
"USW00053913","GUTHRIE MUNICIPAL AIRPORT, OK US","2011-02-15","0.00","72","41"
"USW00053913","GUTHRIE MUNICIPAL AIRPORT, OK US","2011-02-16","0.00",,
"USW00053913","GUTHRIE MUNICIPAL AIRPORT, OK US","2011-02-17","0.00",,
"USW00053913","GUTHRIE MUNICIPAL AIRPORT, OK US","2011-02-18","0.00","73","58"
"USW00053913","GUTHRIE MUNICIPAL AIRPORT, OK US","2011-02-19","0.00","78","52"
"USW00053913","GUTHRIE MUNICIPAL AIRPORT, OK US","2011-02-20","0.00","72","61"
"USW00053913","GUTHRIE MUNICIPAL AIRPORT, OK US","2011-02-21","0.00","68","31"
"USW00053913","GUTHRIE MUNICIPAL AIRPORT, OK US","2011-02-22","0.00","59","24"
"USW00053913","GUTHRIE MUNICIPAL AIRPORT, OK US","2011-02-23","0.00","77","49"
"USW00053913","GUTHRIE MUNICIPAL AIRPORT, OK US","2011-02-24","1.62","62","32"
"USW00053913","GUTHRIE MUNICIPAL AIRPORT, OK US","2011-02-25","0.00","35","30"
"USW00053913","GUTHRIE MUNICIPAL AIRPORT, OK US","2011-02-26","0.00","61","34"
"USW00053913","GUTHRIE MUNICIPAL AIRPORT, OK US","2011-02-27","0.00","79","42"
"USW00053913","GUTHRIE MUNICIPAL AIRPORT, OK US","2011-02-28","0.00","55","33"
"USW00053913","GUTHRIE MUNICIPAL AIRPORT, OK US","2011-03-01","0.00","72","34"
"USW00053913","GUTHRIE MUNICIPAL AIRPORT, OK US","2011-03-02","0.00","68","40"
"USW00053913","GUTHRIE MUNICIPAL AIRPORT, OK US","2011-03-03","0.00","76","49"
"USW00053913","GUTHRIE MUNICIPAL AIRPORT, OK US","2011-03-04","0.00","64","38"
"USW00053913","GUTHRIE MUNICIPAL AIRPORT, OK US","2011-03-05","0.00","51","26"
"USW00053913","GUTHRIE MUNICIPAL AIRPORT, OK US","2011-03-06","0.00","61","26"
"USW00053913","GUTHRIE MUNICIPAL AIRPORT, OK US","2011-03-07","0.00","54","45"
"USW00053913","GUTHRIE MUNICIPAL AIRPORT, OK US","2011-03-08","0.18","50","42"
"USW00053913","GUTHRIE MUNICIPAL AIRPORT, OK US","2011-03-09","0.00","55","38"
"USW00053913","GUTHRIE MUNICIPAL AIRPORT, OK US","2011-03-10","0.00","63","28"
"USW00053913","GUTHRIE MUNICIPAL AIRPORT, OK US","2011-03-11","0.00","80","49"
"USW00053913","GUTHRIE MUNICIPAL AIRPORT, OK US","2011-03-12","0.00","71","48"
"USW00053913","GUTHRIE MUNICIPAL AIRPORT, OK US","2011-03-13","0.05","57","41"
"USW00053913","GUTHRIE MUNICIPAL AIRPORT, OK US","2011-03-14","0.00","49","33"
"USW00053913","GUTHRIE MUNICIPAL AIRPORT, OK US","2011-03-15","0.00","65","29"
"USW00053913","GUTHRIE MUNICIPAL AIRPORT, OK US","2011-03-16","0.00","79","45"
"USW00053913","GUTHRIE MUNICIPAL AIRPORT, OK US","2011-03-17","0.00","89","63"
"USW00053913","GUTHRIE MUNICIPAL AIRPORT, OK US","2011-03-18","0.00","71","50"
"USW00053913","GUTHRIE MUNICIPAL AIRPORT, OK US","2011-03-19","0.00","76","51"
"USW00053913","GUTHRIE MUNICIPAL AIRPORT, OK US","2011-03-20","0.00","83","66"
"USW00053913","GUTHRIE MUNICIPAL AIRPORT, OK US","2011-03-21","0.00","76","65"
"USW00053913","GUTHRIE MUNICIPAL AIRPORT, OK US","2011-03-22","0.00","86","62"
"USW00053913","GUTHRIE MUNICIPAL AIRPORT, OK US","2011-03-23","0.00","71","42"
"USW00053913","GUTHRIE MUNICIPAL AIRPORT, OK US","2011-03-24","0.00","64","36"
"USW00053913","GUTHRIE MUNICIPAL AIRPORT, OK US","2011-03-25","0.00","71","45"
"USW00053913","GUTHRIE MUNICIPAL AIRPORT, OK US","2011-03-26","0.00","52","39"
"USW00053913","GUTHRIE MUNICIPAL AIRPORT, OK US","2011-03-27","0.00","42","35"
"USW00053913","GUTHRIE MUNICIPAL AIRPORT, OK US","2011-03-28","0.00","46","37"
"USW00053913","GUTHRIE MUNICIPAL AIRPORT, OK US","2011-03-29","0.01","49","39"
"USW00053913","GUTHRIE MUNICIPAL AIRPORT, OK US","2011-03-30","0.00","47","34"
"USW00053913","GUTHRIE MUNICIPAL AIRPORT, OK US","2011-03-31","0.00","73","32"
"USW00053913","GUTHRIE MUNICIPAL AIRPORT, OK US","2011-04-01","0.00","79","43"
"USW00053913","GUTHRIE MUNICIPAL AIRPORT, OK US","2011-04-02","0.00","87","50"
"USW00053913","GUTHRIE MUNICIPAL AIRPORT, OK US","2011-04-03","0.00","92","61"
"USW00053913","GUTHRIE MUNICIPAL AIRPORT, OK US","2011-04-04","0.00","61","34"
"USW00053913","GUTHRIE MUNICIPAL AIRPORT, OK US","2011-04-05","0.00","76","34"
"USW00053913","GUTHRIE MUNICIPAL AIRPORT, OK US","2011-04-06","0.00","87","56"
"USW00053913","GUTHRIE MUNICIPAL AIRPORT, OK US","2011-04-07","0.00","91","54"
"USW00053913","GUTHRIE MUNICIPAL AIRPORT, OK US","2011-04-08","0.00","93","63"
"USW00053913","GUTHRIE MUNICIPAL AIRPORT, OK US","2011-04-09","0.00","93","69"
"USW00053913","GUTHRIE MUNICIPAL AIRPORT, OK US","2011-04-10","0.00","86","66"
"USW00053913","GUTHRIE MUNICIPAL AIRPORT, OK US","2011-04-11","0.00","74","46"
"USW00053913","GUTHRIE MUNICIPAL AIRPORT, OK US","2011-04-12","0.00","81","37"
"USW00053913","GUTHRIE MUNICIPAL AIRPORT, OK US","2011-04-13","0.00","87","57"
"USW00053913","GUTHRIE MUNICIPAL AIRPORT, OK US","2011-04-14","0.00","89","51"
"USW00053913","GUTHRIE MUNICIPAL AIRPORT, OK US","2011-04-15","0.00","60","46"
"USW00053913","GUTHRIE MUNICIPAL AIRPORT, OK US","2011-04-16","0.00","74","41"
"USW00053913","GUTHRIE MUNICIPAL AIRPORT, OK US","2011-04-17","0.00","85","54"
"USW00053913","GUTHRIE MUNICIPAL AIRPORT, OK US","2011-04-18","0.00","93","60"
"USW00053913","GUTHRIE MUNICIPAL AIRPORT, OK US","2011-04-19","0.00","80","50"
"USW00053913","GUTHRIE MUNICIPAL AIRPORT, OK US","2011-04-20","0.00","69","44"
"USW00053913","GUTHRIE MUNICIPAL AIRPORT, OK US","2011-04-21","0.00","66","49"
"USW00053913","GUTHRIE MUNICIPAL AIRPORT, OK US","2011-04-22","0.00","90","64"
"USW00053913","GUTHRIE MUNICIPAL AIRPORT, OK US","2011-04-23","0.00","71","60"
"USW00053913","GUTHRIE MUNICIPAL AIRPORT, OK US","2011-04-24","1.48","60","50"
"USW00053913","GUTHRIE MUNICIPAL AIRPORT, OK US","2011-04-25","0.01","66","52"
"USW00053913","GUTHRIE MUNICIPAL AIRPORT, OK US","2011-04-26","0.00","66","41"
"USW00053913","GUTHRIE MUNICIPAL AIRPORT, OK US","2011-04-27","0.06","58","43"
"USW00053913","GUTHRIE MUNICIPAL AIRPORT, OK US","2011-04-28","0.00","78","41"
"USW00053913","GUTHRIE MUNICIPAL AIRPORT, OK US","2011-04-29","0.00","83","58"
"USW00053913","GUTHRIE MUNICIPAL AIRPORT, OK US","2011-04-30","0.00","75","55"
"USW00053913","GUTHRIE MUNICIPAL AIRPORT, OK US","2011-05-01","0.54","59","40"
"USW00053913","GUTHRIE MUNICIPAL AIRPORT, OK US","2011-05-02","0.00","64","39"
"USW00053913","GUTHRIE MUNICIPAL AIRPORT, OK US","2011-05-03","0.00","73","38"
"USW00053913","GUTHRIE MUNICIPAL AIRPORT, OK US","2011-05-04","0.00","78","50"
"USW00053913","GUTHRIE MUNICIPAL AIRPORT, OK US","2011-05-05","0.00","78","49"
"USW00053913","GUTHRIE MUNICIPAL AIRPORT, OK US","2011-05-06","0.00","87","45"
"USW00053913","GUTHRIE MUNICIPAL AIRPORT, OK US","2011-05-07","0.00","92","71"
"USW00053913","GUTHRIE MUNICIPAL AIRPORT, OK US","2011-05-08","0.00","95","68"
"USW00053913","GUTHRIE MUNICIPAL AIRPORT, OK US","2011-05-09","0.00","94","75"
"USW00053913","GUTHRIE MUNICIPAL AIRPORT, OK US","2011-05-10","0.01","86","72"
"USW00053913","GUTHRIE MUNICIPAL AIRPORT, OK US","2011-05-11","1.26","78","63"
"USW00053913","GUTHRIE MUNICIPAL AIRPORT, OK US","2011-05-12","0.00","80","60"
"USW00053913","GUTHRIE MUNICIPAL AIRPORT, OK US","2011-05-13","0.00","66","51"
"USW00053913","GUTHRIE MUNICIPAL AIRPORT, OK US","2011-05-14","0.00","68","49"
"USW00053913","GUTHRIE MUNICIPAL AIRPORT, OK US","2011-05-15","0.00","72","43"
"USW00053913","GUTHRIE MUNICIPAL AIRPORT, OK US","2011-05-16","0.00","73","43"
"USW00053913","GUTHRIE MUNICIPAL AIRPORT, OK US","2011-05-17","0.00","76","52"
"USW00053913","GUTHRIE MUNICIPAL AIRPORT, OK US","2011-05-18","0.04","80","57"
"USW00053913","GUTHRIE MUNICIPAL AIRPORT, OK US","2011-05-19","0.04","84","66"
"USW00053913","GUTHRIE MUNICIPAL AIRPORT, OK US","2011-05-20","1.12","72","61"
"USW00053913","GUTHRIE MUNICIPAL AIRPORT, OK US","2011-05-21","0.00","89","62"
"USW00053913","GUTHRIE MUNICIPAL AIRPORT, OK US","2011-05-22","0.00","93","73"
"USW00053913","GUTHRIE MUNICIPAL AIRPORT, OK US","2011-05-23","0.48","90","64"
"USW00053913","GUTHRIE MUNICIPAL AIRPORT, OK US","2011-05-24","0.65","85","63"
"USW00053913","GUTHRIE MUNICIPAL AIRPORT, OK US","2011-05-25","0.00","78","58"
"USW00053913","GUTHRIE MUNICIPAL AIRPORT, OK US","2011-05-26","0.00","76","55"
"USW00053913","GUTHRIE MUNICIPAL AIRPORT, OK US","2011-05-27","0.00","88","61"
"USW00053913","GUTHRIE MUNICIPAL AIRPORT, OK US","2011-05-28","0.00","93","68"
"USW00053913","GUTHRIE MUNICIPAL AIRPORT, OK US","2011-05-29","0.00","91","78"
"USW00053913","GUTHRIE MUNICIPAL AIRPORT, OK US","2011-05-30","0.00","89","76"
"USW00053913","GUTHRIE MUNICIPAL AIRPORT, OK US","2011-05-31","0.00","91","74"
"USW00053913","GUTHRIE MUNICIPAL AIRPORT, OK US","2011-06-01","0.00","93","75"
"USW00053913","GUTHRIE MUNICIPAL AIRPORT, OK US","2011-06-02","0.00","93","73"
"USW00053913","GUTHRIE MUNICIPAL AIRPORT, OK US","2011-06-03","0.00","98","77"
"USW00053913","GUTHRIE MUNICIPAL AIRPORT, OK US","2011-06-04","0.00","97","73"
"USW00053913","GUTHRIE MUNICIPAL AIRPORT, OK US","2011-06-05","0.00","98","71"
"USW00053913","GUTHRIE MUNICIPAL AIRPORT, OK US","2011-06-06","0.00","100","71"
"USW00053913","GUTHRIE MUNICIPAL AIRPORT, OK US","2011-06-07","0.00","99","78"
"USW00053913","GUTHRIE MUNICIPAL AIRPORT, OK US","2011-06-08","0.00","98","81"
"USW00053913","GUTHRIE MUNICIPAL AIRPORT, OK US","2011-06-09","0.00","96","76"
"USW00053913","GUTHRIE MUNICIPAL AIRPORT, OK US","2011-06-10","0.09","97","73"
"USW00053913","GUTHRIE MUNICIPAL AIRPORT, OK US","2011-06-11","0.16","92","68"
"USW00053913","GUTHRIE MUNICIPAL AIRPORT, OK US","2011-06-12","0.68","94","66"
"USW00053913","GUTHRIE MUNICIPAL AIRPORT, OK US","2011-06-13","0.00","102","78"
"USW00053913","GUTHRIE MUNICIPAL AIRPORT, OK US","2011-06-14","0.00","99","74"
"USW00053913","GUTHRIE MUNICIPAL AIRPORT, OK US","2011-06-15","0.00","96","64"
"USW00053913","GUTHRIE MUNICIPAL AIRPORT, OK US","2011-06-16","0.36","98","67"
"USW00053913","GUTHRIE MUNICIPAL AIRPORT, OK US","2011-06-17","0.00","103","82"
"USW00053913","GUTHRIE MUNICIPAL AIRPORT, OK US","2011-06-18","0.00","106","82"
"USW00053913","GUTHRIE MUNICIPAL AIRPORT, OK US","2011-06-19","0.00","102","74"
"USW00053913","GUTHRIE MUNICIPAL AIRPORT, OK US","2011-06-20","0.57","98","70"
"USW00053913","GUTHRIE MUNICIPAL AIRPORT, OK US","2011-06-21","0.00","93","66"
"USW00053913","GUTHRIE MUNICIPAL AIRPORT, OK US","2011-06-22","0.00","97","61"
"USW00053913","GUTHRIE MUNICIPAL AIRPORT, OK US","2011-06-23","0.00","101","68"
"USW00053913","GUTHRIE MUNICIPAL AIRPORT, OK US","2011-06-24","0.00","102","75"
"USW00053913","GUTHRIE MUNICIPAL AIRPORT, OK US","2011-06-25","0.00","102","81"
"USW00053913","GUTHRIE MUNICIPAL AIRPORT, OK US","2011-06-26","0.00","103","82"
"USW00053913","GUTHRIE MUNICIPAL AIRPORT, OK US","2011-06-27","0.00","104","79"
"USW00053913","GUTHRIE MUNICIPAL AIRPORT, OK US","2011-06-28","0.06","96","70"
"USW00053913","GUTHRIE MUNICIPAL AIRPORT, OK US","2011-06-29","0.03","103","74"
"USW00053913","GUTHRIE MUNICIPAL AIRPORT, OK US","2011-06-30","0.00","104","80"
"USW00053913","GUTHRIE MUNICIPAL AIRPORT, OK US","2011-07-01","0.00","103","79"
"USW00053913","GUTHRIE MUNICIPAL AIRPORT, OK US","2011-07-02","0.00","104","75"
"USW00053913","GUTHRIE MUNICIPAL AIRPORT, OK US","2011-07-03","0.00","105","75"
"USW00053913","GUTHRIE MUNICIPAL AIRPORT, OK US","2011-07-04","0.00","105","77"
"USW00053913","GUTHRIE MUNICIPAL AIRPORT, OK US","2011-07-05","0.00","107","73"
"USW00053913","GUTHRIE MUNICIPAL AIRPORT, OK US","2011-07-06","0.00","106","78"
"USW00053913","GUTHRIE MUNICIPAL AIRPORT, OK US","2011-07-07","0.00","103","84"
"USW00053913","GUTHRIE MUNICIPAL AIRPORT, OK US","2011-07-08","0.01","101","76"
"USW00053913","GUTHRIE MUNICIPAL AIRPORT, OK US","2011-07-09","0.00","113","79"
"USW00053913","GUTHRIE MUNICIPAL AIRPORT, OK US","2011-07-10","0.00","108","86"
"USW00053913","GUTHRIE MUNICIPAL AIRPORT, OK US","2011-07-11","0.00","105","81"
"USW00053913","GUTHRIE MUNICIPAL AIRPORT, OK US","2011-07-12","0.04","102","77"
"USW00053913","GUTHRIE MUNICIPAL AIRPORT, OK US","2011-07-13","0.01","104","76"
"USW00053913","GUTHRIE MUNICIPAL AIRPORT, OK US","2011-07-14","0.00","103","78"
"USW00053913","GUTHRIE MUNICIPAL AIRPORT, OK US","2011-07-15","0.00","109","80"
"USW00053913","GUTHRIE MUNICIPAL AIRPORT, OK US","2011-07-16","0.00","106","82"
"USW00053913","GUTHRIE MUNICIPAL AIRPORT, OK US","2011-07-17","0.00","105","81"
"USW00053913","GUTHRIE MUNICIPAL AIRPORT, OK US","2011-07-18","0.00","105","82"
"USW00053913","GUTHRIE MUNICIPAL AIRPORT, OK US","2011-07-19","0.00","104","80"
"USW00053913","GUTHRIE MUNICIPAL AIRPORT, OK US","2011-07-20","0.00","104","82"
"USW00053913","GUTHRIE MUNICIPAL AIRPORT, OK US","2011-07-21","0.00","106","79"
"USW00053913","GUTHRIE MUNICIPAL AIRPORT, OK US","2011-07-22","0.00","107","84"
"USW00053913","GUTHRIE MUNICIPAL AIRPORT, OK US","2011-07-23","0.00","106","83"
"USW00053913","GUTHRIE MUNICIPAL AIRPORT, OK US","2011-07-24","0.00","111","84"
"USW00053913","GUTHRIE MUNICIPAL AIRPORT, OK US","2011-07-25","0.13","98","75"
"USW00053913","GUTHRIE MUNICIPAL AIRPORT, OK US","2011-07-26","0.00","107","81"
"USW00053913","GUTHRIE MUNICIPAL AIRPORT, OK US","2011-07-27","0.17","109","80"
"USW00053913","GUTHRIE MUNICIPAL AIRPORT, OK US","2011-07-28","0.00","107","81"
"USW00053913","GUTHRIE MUNICIPAL AIRPORT, OK US","2011-07-29","0.00","104","78"
"USW00053913","GUTHRIE MUNICIPAL AIRPORT, OK US","2011-07-30","0.06","105","82"
"USW00053913","GUTHRIE MUNICIPAL AIRPORT, OK US","2011-07-31","0.00","108","78"
"USW00053913","GUTHRIE MUNICIPAL AIRPORT, OK US","2011-08-01","0.00","110","83"
"USW00053913","GUTHRIE MUNICIPAL AIRPORT, OK US","2011-08-02","0.00","112","81"
"USW00053913","GUTHRIE MUNICIPAL AIRPORT, OK US","2011-08-03","0.00","111","83"
"USW00053913","GUTHRIE MUNICIPAL AIRPORT, OK US","2011-08-04","0.00","107","81"
"USW00053913","GUTHRIE MUNICIPAL AIRPORT, OK US","2011-08-05","0.00","112","86"
"USW00053913","GUTHRIE MUNICIPAL AIRPORT, OK US","2011-08-06","0.69","112","78"
"USW00053913","GUTHRIE MUNICIPAL AIRPORT, OK US","2011-08-07","0.00","101","79"
"USW00053913","GUTHRIE MUNICIPAL AIRPORT, OK US","2011-08-08","0.14","109","77"
"USW00053913","GUTHRIE MUNICIPAL AIRPORT, OK US","2011-08-09","0.05","101","73"
"USW00053913","GUTHRIE MUNICIPAL AIRPORT, OK US","2011-08-10","0.88","92","69"
"USW00053913","GUTHRIE MUNICIPAL AIRPORT, OK US","2011-08-11","0.28","87","68"
"USW00053913","GUTHRIE MUNICIPAL AIRPORT, OK US","2011-08-12","0.64","101","71"
"USW00053913","GUTHRIE MUNICIPAL AIRPORT, OK US","2011-08-13","0.00","93","70"
"USW00053913","GUTHRIE MUNICIPAL AIRPORT, OK US","2011-08-14","0.00","95","73"
"USW00053913","GUTHRIE MUNICIPAL AIRPORT, OK US","2011-08-15","0.00","101","75"
"USW00053913","GUTHRIE MUNICIPAL AIRPORT, OK US","2011-08-16","0.00","105","83"
"USW00053913","GUTHRIE MUNICIPAL AIRPORT, OK US","2011-08-17","0.01","99","79"
"USW00053913","GUTHRIE MUNICIPAL AIRPORT, OK US","2011-08-18","0.00","105","77"
"USW00053913","GUTHRIE MUNICIPAL AIRPORT, OK US","2011-08-19","0.00","106","75"
"USW00053913","GUTHRIE MUNICIPAL AIRPORT, OK US","2011-08-20","0.00","101","77"
"USW00053913","GUTHRIE MUNICIPAL AIRPORT, OK US","2011-08-21","0.01","98","76"
"USW00053913","GUTHRIE MUNICIPAL AIRPORT, OK US","2011-08-22","0.00","101","79"
"USW00053913","GUTHRIE MUNICIPAL AIRPORT, OK US","2011-08-23","0.00","106","85"
"USW00053913","GUTHRIE MUNICIPAL AIRPORT, OK US","2011-08-24","0.00","110","81"
"USW00053913","GUTHRIE MUNICIPAL AIRPORT, OK US","2011-08-25","0.00","99","72"
"USW00053913","GUTHRIE MUNICIPAL AIRPORT, OK US","2011-08-26","0.00","102","62"
"USW00053913","GUTHRIE MUNICIPAL AIRPORT, OK US","2011-08-27","0.00","105","74"
"USW00053913","GUTHRIE MUNICIPAL AIRPORT, OK US","2011-08-28","0.00","109","82"
"USW00053913","GUTHRIE MUNICIPAL AIRPORT, OK US","2011-08-29","0.00","101","76"
"USW00053913","GUTHRIE MUNICIPAL AIRPORT, OK US","2011-08-30","0.00","105","82"
"USW00053913","GUTHRIE MUNICIPAL AIRPORT, OK US","2011-08-31","0.00","107","86"
"USW00053913","GUTHRIE MUNICIPAL AIRPORT, OK US","2011-09-01","0.00","104","80"
"USW00053913","GUTHRIE MUNICIPAL AIRPORT, OK US","2011-09-02","0.00","103","79"
"USW00053913","GUTHRIE MUNICIPAL AIRPORT, OK US","2011-09-03","0.00","102","71"
"USW00053913","GUTHRIE MUNICIPAL AIRPORT, OK US","2011-09-04",,"84","66"
"USW00053913","GUTHRIE MUNICIPAL AIRPORT, OK US","2011-09-05","0.00","81","55"
"USW00053913","GUTHRIE MUNICIPAL AIRPORT, OK US","2011-09-06","0.00","85","54"
"USW00053913","GUTHRIE MUNICIPAL AIRPORT, OK US","2011-09-07","0.00","78","50"
"USW00053913","GUTHRIE MUNICIPAL AIRPORT, OK US","2011-09-08","0.00","85","49"
"USW00053913","GUTHRIE MUNICIPAL AIRPORT, OK US","2011-09-09","0.00","86","48"
"USW00053913","GUTHRIE MUNICIPAL AIRPORT, OK US","2011-09-10","0.00","87","57"
"USW00053913","GUTHRIE MUNICIPAL AIRPORT, OK US","2011-09-11","0.00","91","54"
"USW00053913","GUTHRIE MUNICIPAL AIRPORT, OK US","2011-09-12","0.00","101","63"
"USW00053913","GUTHRIE MUNICIPAL AIRPORT, OK US","2011-09-13","0.00","104","79"
"USW00053913","GUTHRIE MUNICIPAL AIRPORT, OK US","2011-09-14","0.00","84","64"
"USW00053913","GUTHRIE MUNICIPAL AIRPORT, OK US","2011-09-15","0.00","64","53"
"USW00053913","GUTHRIE MUNICIPAL AIRPORT, OK US","2011-09-16","0.31","62","53"
"USW00053913","GUTHRIE MUNICIPAL AIRPORT, OK US","2011-09-17","0.20","91","60"
"USW00053913","GUTHRIE MUNICIPAL AIRPORT, OK US","2011-09-18","0.01","84","60"
"USW00053913","GUTHRIE MUNICIPAL AIRPORT, OK US","2011-09-19","0.00","87","53"
"USW00053913","GUTHRIE MUNICIPAL AIRPORT, OK US","2011-09-20","0.00","89","58"
"USW00053913","GUTHRIE MUNICIPAL AIRPORT, OK US","2011-09-21","0.00","83","63"
"USW00053913","GUTHRIE MUNICIPAL AIRPORT, OK US","2011-09-22","0.59","73","53"
"USW00053913","GUTHRIE MUNICIPAL AIRPORT, OK US","2011-09-23","0.00","83","49"
"USW00053913","GUTHRIE MUNICIPAL AIRPORT, OK US","2011-09-24","0.00","88","57"
"USW00053913","GUTHRIE MUNICIPAL AIRPORT, OK US","2011-09-25","0.00","77","59"
"USW00053913","GUTHRIE MUNICIPAL AIRPORT, OK US","2011-09-26","0.00","82","50"
"USW00053913","GUTHRIE MUNICIPAL AIRPORT, OK US","2011-09-27","0.00","88","55"
"USW00053913","GUTHRIE MUNICIPAL AIRPORT, OK US","2011-09-28","0.00","93","55"
"USW00053913","GUTHRIE MUNICIPAL AIRPORT, OK US","2011-09-29","0.00","92","62"
"USW00053913","GUTHRIE MUNICIPAL AIRPORT, OK US","2011-09-30","0.00","78","51"
"USW00053913","GUTHRIE MUNICIPAL AIRPORT, OK US","2011-10-01","0.00","81","44"
"USW00053913","GUTHRIE MUNICIPAL AIRPORT, OK US","2011-10-02","0.00","84","55"
"USW00053913","GUTHRIE MUNICIPAL AIRPORT, OK US","2011-10-03","0.00","89","59"
"USW00053913","GUTHRIE MUNICIPAL AIRPORT, OK US","2011-10-04","0.00","89","62"
"USW00053913","GUTHRIE MUNICIPAL AIRPORT, OK US","2011-10-05","0.00","84","60"
"USW00053913","GUTHRIE MUNICIPAL AIRPORT, OK US","2011-10-06","0.00","88","67"
"USW00053913","GUTHRIE MUNICIPAL AIRPORT, OK US","2011-10-07","0.00","85","73"
"USW00053913","GUTHRIE MUNICIPAL AIRPORT, OK US","2011-10-08","1.25","85","63"
"USW00053913","GUTHRIE MUNICIPAL AIRPORT, OK US","2011-10-09","1.53","66","57"
"USW00053913","GUTHRIE MUNICIPAL AIRPORT, OK US","2011-10-10","0.00","71","56"
"USW00053913","GUTHRIE MUNICIPAL AIRPORT, OK US","2011-10-11","0.03","79","52"
"USW00053913","GUTHRIE MUNICIPAL AIRPORT, OK US","2011-10-12","0.00","83","59"
"USW00053913","GUTHRIE MUNICIPAL AIRPORT, OK US","2011-10-13","0.00","77","48"
"USW00053913","GUTHRIE MUNICIPAL AIRPORT, OK US","2011-10-14","0.00","85","54"
"USW00053913","GUTHRIE MUNICIPAL AIRPORT, OK US","2011-10-15","0.00","86","55"
"USW00053913","GUTHRIE MUNICIPAL AIRPORT, OK US","2011-10-16","0.00","90","63"
"USW00053913","GUTHRIE MUNICIPAL AIRPORT, OK US","2011-10-17","0.00","78","55"
"USW00053913","GUTHRIE MUNICIPAL AIRPORT, OK US","2011-10-18","0.00","65","46"
"USW00053913","GUTHRIE MUNICIPAL AIRPORT, OK US","2011-10-19","0.00","61","37"
"USW00053913","GUTHRIE MUNICIPAL AIRPORT, OK US","2011-10-20","0.00","69","33"
"USW00053913","GUTHRIE MUNICIPAL AIRPORT, OK US","2011-10-21","0.00","77","45"
"USW00053913","GUTHRIE MUNICIPAL AIRPORT, OK US","2011-10-22","0.00","80","51"
"USW00053913","GUTHRIE MUNICIPAL AIRPORT, OK US","2011-10-23","0.00","78","48"
"USW00053913","GUTHRIE MUNICIPAL AIRPORT, OK US","2011-10-24","0.00","84","55"
"USW00053913","GUTHRIE MUNICIPAL AIRPORT, OK US","2011-10-25","0.00","84","65"
"USW00053913","GUTHRIE MUNICIPAL AIRPORT, OK US","2011-10-26","0.00","68","52"
"USW00053913","GUTHRIE MUNICIPAL AIRPORT, OK US","2011-10-27","0.52","54","43"
"USW00053913","GUTHRIE MUNICIPAL AIRPORT, OK US","2011-10-28","0.00","61","36"
"USW00053913","GUTHRIE MUNICIPAL AIRPORT, OK US","2011-10-29","0.00","66","41"
"USW00053913","GUTHRIE MUNICIPAL AIRPORT, OK US","2011-10-30","0.00","67","40"
"USW00053913","GUTHRIE MUNICIPAL AIRPORT, OK US","2011-10-31","0.00","74","38"
"USW00053913","GUTHRIE MUNICIPAL AIRPORT, OK US","2011-11-01","0.00","76","58"
"USW00053913","GUTHRIE MUNICIPAL AIRPORT, OK US","2011-11-02","0.00","68","40"
"USW00053913","GUTHRIE MUNICIPAL AIRPORT, OK US","2011-11-03","0.00","55","31"
"USW00053913","GUTHRIE MUNICIPAL AIRPORT, OK US","2011-11-04","0.00","63","25"
"USW00053913","GUTHRIE MUNICIPAL AIRPORT, OK US","2011-11-05","0.00","65","45"
"USW00053913","GUTHRIE MUNICIPAL AIRPORT, OK US","2011-11-06","0.00","76","58"
"USW00053913","GUTHRIE MUNICIPAL AIRPORT, OK US","2011-11-07","2.45","77","58"
"USW00053913","GUTHRIE MUNICIPAL AIRPORT, OK US","2011-11-08","0.23","61","41"
"USW00053913","GUTHRIE MUNICIPAL AIRPORT, OK US","2011-11-09","0.00","58","36"
"USW00053913","GUTHRIE MUNICIPAL AIRPORT, OK US","2011-11-10","0.00","63","32"
"USW00053913","GUTHRIE MUNICIPAL AIRPORT, OK US","2011-11-11","0.00","64","47"
"USW00053913","GUTHRIE MUNICIPAL AIRPORT, OK US","2011-11-12","0.00","70","54"
"USW00053913","GUTHRIE MUNICIPAL AIRPORT, OK US","2011-11-13","0.00","76","61"
"USW00053913","GUTHRIE MUNICIPAL AIRPORT, OK US","2011-11-14","0.02","73","52"
"USW00053913","GUTHRIE MUNICIPAL AIRPORT, OK US","2011-11-15","0.00","70","47"
"USW00053913","GUTHRIE MUNICIPAL AIRPORT, OK US","2011-11-16","0.00","52","32"
"USW00053913","GUTHRIE MUNICIPAL AIRPORT, OK US","2011-11-17","0.00","54","24"
"USW00053913","GUTHRIE MUNICIPAL AIRPORT, OK US","2011-11-18","0.00","62","45"
"USW00053913","GUTHRIE MUNICIPAL AIRPORT, OK US","2011-11-19","0.00","76","42"
"USW00053913","GUTHRIE MUNICIPAL AIRPORT, OK US","2011-11-20","0.00","42","36"
"USW00053913","GUTHRIE MUNICIPAL AIRPORT, OK US","2011-11-21","0.70","42","37"
"USW00053913","GUTHRIE MUNICIPAL AIRPORT, OK US","2011-11-22","0.00","50","39"
"USW00053913","GUTHRIE MUNICIPAL AIRPORT, OK US","2011-11-23","0.00","69","36"
"USW00053913","GUTHRIE MUNICIPAL AIRPORT, OK US","2011-11-24","0.00","67","47"
"USW00053913","GUTHRIE MUNICIPAL AIRPORT, OK US","2011-11-25","0.14","61","51"
"USW00053913","GUTHRIE MUNICIPAL AIRPORT, OK US","2011-11-26","0.34","60","40"
"USW00053913","GUTHRIE MUNICIPAL AIRPORT, OK US","2011-11-27","0.00","46","26"
"USW00053913","GUTHRIE MUNICIPAL AIRPORT, OK US","2011-11-28","0.00","52","22"
"USW00053913","GUTHRIE MUNICIPAL AIRPORT, OK US","2011-11-29","0.00","55","29"
"USW00053913","GUTHRIE MUNICIPAL AIRPORT, OK US","2011-11-30","0.00","57","27"
"USW00053913","GUTHRIE MUNICIPAL AIRPORT, OK US","2011-12-01","0.00","62","39"
"USW00053913","GUTHRIE MUNICIPAL AIRPORT, OK US","2011-12-02","0.05","43","39"
"USW00053913","GUTHRIE MUNICIPAL AIRPORT, OK US","2011-12-03","0.49","59","38"
"USW00053913","GUTHRIE MUNICIPAL AIRPORT, OK US","2011-12-04","0.00","45","34"
"USW00053913","GUTHRIE MUNICIPAL AIRPORT, OK US","2011-12-05","0.00","33","28"
"USW00053913","GUTHRIE MUNICIPAL AIRPORT, OK US","2011-12-06","0.00","29","18"
"USW00053913","GUTHRIE MUNICIPAL AIRPORT, OK US","2011-12-07","0.00","46","17"
"USW00053913","GUTHRIE MUNICIPAL AIRPORT, OK US","2011-12-08","0.00","51","29"
"USW00053913","GUTHRIE MUNICIPAL AIRPORT, OK US","2011-12-09","0.00",,
"USW00053913","GUTHRIE MUNICIPAL AIRPORT, OK US","2011-12-10","0.00",,
"USW00053913","GUTHRIE MUNICIPAL AIRPORT, OK US","2011-12-11","0.00",,
"USW00053913","GUTHRIE MUNICIPAL AIRPORT, OK US","2011-12-12","0.00",,
"USW00053913","GUTHRIE MUNICIPAL AIRPORT, OK US","2011-12-13","0.08","59","41"
"USW00053913","GUTHRIE MUNICIPAL AIRPORT, OK US","2011-12-14","0.02","68","49"
"USW00053913","GUTHRIE MUNICIPAL AIRPORT, OK US","2011-12-15","0.00","52","32"
"USW00053913","GUTHRIE MUNICIPAL AIRPORT, OK US","2011-12-16","0.00","48","28"
"USW00053913","GUTHRIE MUNICIPAL AIRPORT, OK US","2011-12-17","0.00","55","27"
"USW00053913","GUTHRIE MUNICIPAL AIRPORT, OK US","2011-12-18","0.00","61","32"
"USW00053913","GUTHRIE MUNICIPAL AIRPORT, OK US","2011-12-19","0.67","54","48"
"USW00053913","GUTHRIE MUNICIPAL AIRPORT, OK US","2011-12-20","0.00","48","35"
"USW00053913","GUTHRIE MUNICIPAL AIRPORT, OK US","2011-12-21","0.00","53","29"
"USW00053913","GUTHRIE MUNICIPAL AIRPORT, OK US","2011-12-22","0.00","42","33"
"USW00053913","GUTHRIE MUNICIPAL AIRPORT, OK US","2011-12-23","0.00","40","24"
"USW00053913","GUTHRIE MUNICIPAL AIRPORT, OK US","2011-12-24","0.00","50","22"
"USW00053913","GUTHRIE MUNICIPAL AIRPORT, OK US","2011-12-25","0.00","51","22"
"USW00053913","GUTHRIE MUNICIPAL AIRPORT, OK US","2011-12-26","0.02","49","36"
"USW00053913","GUTHRIE MUNICIPAL AIRPORT, OK US","2011-12-27","0.00","53","27"
"USW00053913","GUTHRIE MUNICIPAL AIRPORT, OK US","2011-12-28","0.00","57","34"
"USW00053913","GUTHRIE MUNICIPAL AIRPORT, OK US","2011-12-29","0.00","67","34"
"USW00053913","GUTHRIE MUNICIPAL AIRPORT, OK US","2011-12-30","0.00","62","38"
"USW00053913","GUTHRIE MUNICIPAL AIRPORT, OK US","2011-12-31","0.00","72","40"
"USW00053913","GUTHRIE MUNICIPAL AIRPORT, OK US","2012-01-01","0.00","53","30"
"USW00053913","GUTHRIE MUNICIPAL AIRPORT, OK US","2012-01-02","0.00","45","22"
"USW00053913","GUTHRIE MUNICIPAL AIRPORT, OK US","2012-01-03","0.00","61","27"
"USW00053913","GUTHRIE MUNICIPAL AIRPORT, OK US","2012-01-04","0.00","60","33"
"USW00053913","GUTHRIE MUNICIPAL AIRPORT, OK US","2012-01-05","0.00","68","32"
"USW00053913","GUTHRIE MUNICIPAL AIRPORT, OK US","2012-01-06","0.00","70","44"
"USW00053913","GUTHRIE MUNICIPAL AIRPORT, OK US","2012-01-07","0.00","58","34"
"USW00053913","GUTHRIE MUNICIPAL AIRPORT, OK US","2012-01-08","0.00","51","38"
"USW00053913","GUTHRIE MUNICIPAL AIRPORT, OK US","2012-01-09","0.00","54","28"
"USW00053913","GUTHRIE MUNICIPAL AIRPORT, OK US","2012-01-10","0.00","57","30"
"USW00053913","GUTHRIE MUNICIPAL AIRPORT, OK US","2012-01-11","0.00","54","28"
"USW00053913","GUTHRIE MUNICIPAL AIRPORT, OK US","2012-01-12","0.00","37","19"
"USW00053913","GUTHRIE MUNICIPAL AIRPORT, OK US","2012-01-13","0.00","52","17"
"USW00053913","GUTHRIE MUNICIPAL AIRPORT, OK US","2012-01-14","0.00","57","30"
"USW00053913","GUTHRIE MUNICIPAL AIRPORT, OK US","2012-01-15","0.00","62","38"
"USW00053913","GUTHRIE MUNICIPAL AIRPORT, OK US","2012-01-16","0.00","70","55"
"USW00053913","GUTHRIE MUNICIPAL AIRPORT, OK US","2012-01-17","0.00","68","22"
"USW00053913","GUTHRIE MUNICIPAL AIRPORT, OK US","2012-01-18","0.00","48","18"
"USW00053913","GUTHRIE MUNICIPAL AIRPORT, OK US","2012-01-19","0.00","53","30"
"USW00053913","GUTHRIE MUNICIPAL AIRPORT, OK US","2012-01-20","0.00","48","26"
"USW00053913","GUTHRIE MUNICIPAL AIRPORT, OK US","2012-01-21","0.00","43","20"
"USW00053913","GUTHRIE MUNICIPAL AIRPORT, OK US","2012-01-22","0.00","69","39"
"USW00053913","GUTHRIE MUNICIPAL AIRPORT, OK US","2012-01-23","0.00","58","28"
"USW00053913","GUTHRIE MUNICIPAL AIRPORT, OK US","2012-01-24","0.62","65","41"
"USW00053913","GUTHRIE MUNICIPAL AIRPORT, OK US","2012-01-25","0.49","55","38"
"USW00053913","GUTHRIE MUNICIPAL AIRPORT, OK US","2012-01-26","0.00","57","29"
"USW00053913","GUTHRIE MUNICIPAL AIRPORT, OK US","2012-01-27","0.00","63","33"
"USW00053913","GUTHRIE MUNICIPAL AIRPORT, OK US","2012-01-28","0.00","48","25"
"USW00053913","GUTHRIE MUNICIPAL AIRPORT, OK US","2012-01-29","0.00","59","30"
"USW00053913","GUTHRIE MUNICIPAL AIRPORT, OK US","2012-01-30","0.00","66","42"
"USW00053913","GUTHRIE MUNICIPAL AIRPORT, OK US","2012-01-31","0.00","66","39"
"USW00053913","GUTHRIE MUNICIPAL AIRPORT, OK US","2012-02-01","0.00","66","31"
"USW00053913","GUTHRIE MUNICIPAL AIRPORT, OK US","2012-02-02","0.00","64","32"
"USW00053913","GUTHRIE MUNICIPAL AIRPORT, OK US","2012-02-03","2.12","61","47"
"USW00053913","GUTHRIE MUNICIPAL AIRPORT, OK US","2012-02-04","0.00","47","38"
"USW00053913","GUTHRIE MUNICIPAL AIRPORT, OK US","2012-02-05","0.00","51","31"
"USW00053913","GUTHRIE MUNICIPAL AIRPORT, OK US","2012-02-06","0.00","55","26"
"USW00053913","GUTHRIE MUNICIPAL AIRPORT, OK US","2012-02-07","0.00","54","36"
"USW00053913","GUTHRIE MUNICIPAL AIRPORT, OK US","2012-02-08","0.00","38","32"
"USW00053913","GUTHRIE MUNICIPAL AIRPORT, OK US","2012-02-09","0.20","43","30"
"USW00053913","GUTHRIE MUNICIPAL AIRPORT, OK US","2012-02-10","0.00","40","25"
"USW00053913","GUTHRIE MUNICIPAL AIRPORT, OK US","2012-02-11","0.00","30","19"
"USW00053913","GUTHRIE MUNICIPAL AIRPORT, OK US","2012-02-12","0.02","35","16"
"USW00053913","GUTHRIE MUNICIPAL AIRPORT, OK US","2012-02-13","0.01","39","31"
"USW00053913","GUTHRIE MUNICIPAL AIRPORT, OK US","2012-02-14","0.00","53","26"
"USW00053913","GUTHRIE MUNICIPAL AIRPORT, OK US","2012-02-15","0.03","67","41"
"USW00053913","GUTHRIE MUNICIPAL AIRPORT, OK US","2012-02-16","0.00","57","35"
"USW00053913","GUTHRIE MUNICIPAL AIRPORT, OK US","2012-02-17","0.01","59","33"
"USW00053913","GUTHRIE MUNICIPAL AIRPORT, OK US","2012-02-18","0.12","49","38"
"USW00053913","GUTHRIE MUNICIPAL AIRPORT, OK US","2012-02-19","0.00","57","30"
"USW00053913","GUTHRIE MUNICIPAL AIRPORT, OK US","2012-02-20","0.01","61","42"
"USW00053913","GUTHRIE MUNICIPAL AIRPORT, OK US","2012-02-21","0.00","66","30"
"USW00053913","GUTHRIE MUNICIPAL AIRPORT, OK US","2012-02-22","0.00","74","34"
"USW00053913","GUTHRIE MUNICIPAL AIRPORT, OK US","2012-02-23","0.00","64","45"
"USW00053913","GUTHRIE MUNICIPAL AIRPORT, OK US","2012-02-24","0.00","54","32"
"USW00053913","GUTHRIE MUNICIPAL AIRPORT, OK US","2012-02-25","0.00","65","27"
"USW00053913","GUTHRIE MUNICIPAL AIRPORT, OK US","2012-02-26","0.00","65","45"
"USW00053913","GUTHRIE MUNICIPAL AIRPORT, OK US","2012-02-27","0.00","66","45"
"USW00053913","GUTHRIE MUNICIPAL AIRPORT, OK US","2012-02-28","0.02","70","54"
"USW00053913","GUTHRIE MUNICIPAL AIRPORT, OK US","2012-02-29","0.00","66","43"
"USW00053913","GUTHRIE MUNICIPAL AIRPORT, OK US","2012-03-01","0.00","79","49"
"USW00053913","GUTHRIE MUNICIPAL AIRPORT, OK US","2012-03-02","0.00","66","38"
"USW00053913","GUTHRIE MUNICIPAL AIRPORT, OK US","2012-03-03","0.00","57","33"
"USW00053913","GUTHRIE MUNICIPAL AIRPORT, OK US","2012-03-04","0.00","72","31"
"USW00053913","GUTHRIE MUNICIPAL AIRPORT, OK US","2012-03-05","0.00","76","42"
"USW00053913","GUTHRIE MUNICIPAL AIRPORT, OK US","2012-03-06","0.00","72","58"
"USW00053913","GUTHRIE MUNICIPAL AIRPORT, OK US","2012-03-07","0.00","75","63"
"USW00053913","GUTHRIE MUNICIPAL AIRPORT, OK US","2012-03-08","0.74","67","36"
"USW00053913","GUTHRIE MUNICIPAL AIRPORT, OK US","2012-03-09","0.00","63","29"
"USW00053913","GUTHRIE MUNICIPAL AIRPORT, OK US","2012-03-10","0.01","65","33"
"USW00053913","GUTHRIE MUNICIPAL AIRPORT, OK US","2012-03-11","0.62","59","47"
"USW00053913","GUTHRIE MUNICIPAL AIRPORT, OK US","2012-03-12","0.00","77","54"
"USW00053913","GUTHRIE MUNICIPAL AIRPORT, OK US","2012-03-13","0.00","84","55"
"USW00053913","GUTHRIE MUNICIPAL AIRPORT, OK US","2012-03-14","0.00","79","67"
"USW00053913","GUTHRIE MUNICIPAL AIRPORT, OK US","2012-03-15","0.00","83","67"
"USW00053913","GUTHRIE MUNICIPAL AIRPORT, OK US","2012-03-16","0.00","79","64"
"USW00053913","GUTHRIE MUNICIPAL AIRPORT, OK US","2012-03-17","0.00","78","68"
"USW00053913","GUTHRIE MUNICIPAL AIRPORT, OK US","2012-03-18","0.00","75","66"
"USW00053913","GUTHRIE MUNICIPAL AIRPORT, OK US","2012-03-19","1.72","71","55"
"USW00053913","GUTHRIE MUNICIPAL AIRPORT, OK US","2012-03-20","0.01","63","52"
"USW00053913","GUTHRIE MUNICIPAL AIRPORT, OK US","2012-03-21","0.57","63","45"
"USW00053913","GUTHRIE MUNICIPAL AIRPORT, OK US","2012-03-22","0.03","54","45"
"USW00053913","GUTHRIE MUNICIPAL AIRPORT, OK US","2012-03-23","0.00","69","43"
"USW00053913","GUTHRIE MUNICIPAL AIRPORT, OK US","2012-03-24","0.00","78","45"
"USW00053913","GUTHRIE MUNICIPAL AIRPORT, OK US","2012-03-25","0.00","83","55"
"USW00053913","GUTHRIE MUNICIPAL AIRPORT, OK US","2012-03-26","0.00","83","58"
"USW00053913","GUTHRIE MUNICIPAL AIRPORT, OK US","2012-03-27","0.00","83","63"
"USW00053913","GUTHRIE MUNICIPAL AIRPORT, OK US","2012-03-28","0.00","83","59"
"USW00053913","GUTHRIE MUNICIPAL AIRPORT, OK US","2012-03-29","0.00","82","62"
"USW00053913","GUTHRIE MUNICIPAL AIRPORT, OK US","2012-03-30","0.00","83","63"
"USW00053913","GUTHRIE MUNICIPAL AIRPORT, OK US","2012-03-31","0.00","87","60"
"USW00053913","GUTHRIE MUNICIPAL AIRPORT, OK US","2012-04-01","0.00","93","67"
"USW00053913","GUTHRIE MUNICIPAL AIRPORT, OK US","2012-04-02","0.00","88","66"
"USW00053913","GUTHRIE MUNICIPAL AIRPORT, OK US","2012-04-03","0.46","68","57"
"USW00053913","GUTHRIE MUNICIPAL AIRPORT, OK US","2012-04-04","0.00","68","51"
"USW00053913","GUTHRIE MUNICIPAL AIRPORT, OK US","2012-04-05","0.00","66","51"
"USW00053913","GUTHRIE MUNICIPAL AIRPORT, OK US","2012-04-06","0.00","71","47"
"USW00053913","GUTHRIE MUNICIPAL AIRPORT, OK US","2012-04-07","0.02","68","55"
"USW00053913","GUTHRIE MUNICIPAL AIRPORT, OK US","2012-04-08","0.00","66","48"
"USW00053913","GUTHRIE MUNICIPAL AIRPORT, OK US","2012-04-09","0.01","77","53"
"USW00053913","GUTHRIE MUNICIPAL AIRPORT, OK US","2012-04-10","0.00","77","55"
"USW00053913","GUTHRIE MUNICIPAL AIRPORT, OK US","2012-04-11","1.07","63","52"
"USW00053913","GUTHRIE MUNICIPAL AIRPORT, OK US","2012-04-12","0.00","75","54"
"USW00053913","GUTHRIE MUNICIPAL AIRPORT, OK US","2012-04-13","0.29","79","64"
"USW00053913","GUTHRIE MUNICIPAL AIRPORT, OK US","2012-04-14","2.74","78","63"
"USW00053913","GUTHRIE MUNICIPAL AIRPORT, OK US","2012-04-15","0.35","74","54"
"USW00053913","GUTHRIE MUNICIPAL AIRPORT, OK US","2012-04-16","0.00","71","45"
"USW00053913","GUTHRIE MUNICIPAL AIRPORT, OK US","2012-04-17","0.00","76","51"
"USW00053913","GUTHRIE MUNICIPAL AIRPORT, OK US","2012-04-18","0.00","80","56"
"USW00053913","GUTHRIE MUNICIPAL AIRPORT, OK US","2012-04-19","0.00","79","63"
"USW00053913","GUTHRIE MUNICIPAL AIRPORT, OK US","2012-04-20","0.00","67","45"
"USW00053913","GUTHRIE MUNICIPAL AIRPORT, OK US","2012-04-21","0.00","74","40"
"USW00053913","GUTHRIE MUNICIPAL AIRPORT, OK US","2012-04-22","0.00","69","47"
"USW00053913","GUTHRIE MUNICIPAL AIRPORT, OK US","2012-04-23","0.00","73","41"
"USW00053913","GUTHRIE MUNICIPAL AIRPORT, OK US","2012-04-24","0.00","87","50"
"USW00053913","GUTHRIE MUNICIPAL AIRPORT, OK US","2012-04-25","0.00","92","71"
"USW00053913","GUTHRIE MUNICIPAL AIRPORT, OK US","2012-04-26","0.00","87","67"
"USW00053913","GUTHRIE MUNICIPAL AIRPORT, OK US","2012-04-27","0.00","90","70"
"USW00053913","GUTHRIE MUNICIPAL AIRPORT, OK US","2012-04-28","0.06","79","65"
"USW00053913","GUTHRIE MUNICIPAL AIRPORT, OK US","2012-04-29","0.86","79","63"
"USW00053913","GUTHRIE MUNICIPAL AIRPORT, OK US","2012-04-30","1.46","83","61"
"USW00053913","GUTHRIE MUNICIPAL AIRPORT, OK US","2012-05-01","0.00","85","65"
"USW00053913","GUTHRIE MUNICIPAL AIRPORT, OK US","2012-05-02","0.00","86","71"
"USW00053913","GUTHRIE MUNICIPAL AIRPORT, OK US","2012-05-03","0.00","92","73"
"USW00053913","GUTHRIE MUNICIPAL AIRPORT, OK US","2012-05-04","0.00","90","75"
"USW00053913","GUTHRIE MUNICIPAL AIRPORT, OK US","2012-05-05","0.00","90","68"
"USW00053913","GUTHRIE MUNICIPAL AIRPORT, OK US","2012-05-06","0.00","90","68"
"USW00053913","GUTHRIE MUNICIPAL AIRPORT, OK US","2012-05-07","0.00","70","60"
"USW00053913","GUTHRIE MUNICIPAL AIRPORT, OK US","2012-05-08","0.00","75","53"
"USW00053913","GUTHRIE MUNICIPAL AIRPORT, OK US","2012-05-09","0.00","82","47"
"USW00053913","GUTHRIE MUNICIPAL AIRPORT, OK US","2012-05-10","0.00","84","54"
"USW00053913","GUTHRIE MUNICIPAL AIRPORT, OK US","2012-05-11","0.14","64","61"
"USW00053913","GUTHRIE MUNICIPAL AIRPORT, OK US","2012-05-12","0.06","73","58"
"USW00053913","GUTHRIE MUNICIPAL AIRPORT, OK US","2012-05-13","0.00","80","56"
"USW00053913","GUTHRIE MUNICIPAL AIRPORT, OK US","2012-05-14","0.00","80","53"
"USW00053913","GUTHRIE MUNICIPAL AIRPORT, OK US","2012-05-15","0.00","88","59"
"USW00053913","GUTHRIE MUNICIPAL AIRPORT, OK US","2012-05-16","0.00","89","59"
"USW00053913","GUTHRIE MUNICIPAL AIRPORT, OK US","2012-05-17","0.00","90","59"
"USW00053913","GUTHRIE MUNICIPAL AIRPORT, OK US","2012-05-18","0.00","90","71"
"USW00053913","GUTHRIE MUNICIPAL AIRPORT, OK US","2012-05-19","0.00","90","72"
"USW00053913","GUTHRIE MUNICIPAL AIRPORT, OK US","2012-05-20","0.03","75","62"
"USW00053913","GUTHRIE MUNICIPAL AIRPORT, OK US","2012-05-21","0.10","85","61"
"USW00053913","GUTHRIE MUNICIPAL AIRPORT, OK US","2012-05-22","0.00","86","60"
"USW00053913","GUTHRIE MUNICIPAL AIRPORT, OK US","2012-05-23","0.00","92","70"
"USW00053913","GUTHRIE MUNICIPAL AIRPORT, OK US","2012-05-24","0.00","93","75"
"USW00053913","GUTHRIE MUNICIPAL AIRPORT, OK US","2012-05-25","0.00","91","75"
"USW00053913","GUTHRIE MUNICIPAL AIRPORT, OK US","2012-05-26","0.00","90","77"
"USW00053913","GUTHRIE MUNICIPAL AIRPORT, OK US","2012-05-27","0.00","90","74"
"USW00053913","GUTHRIE MUNICIPAL AIRPORT, OK US","2012-05-28","0.79","97","67"
"USW00053913","GUTHRIE MUNICIPAL AIRPORT, OK US","2012-05-29","0.13","91","65"
"USW00053913","GUTHRIE MUNICIPAL AIRPORT, OK US","2012-05-30","0.00","88","62"
"USW00053913","GUTHRIE MUNICIPAL AIRPORT, OK US","2012-05-31","0.00","78","60"
"USW00053913","GUTHRIE MUNICIPAL AIRPORT, OK US","2012-06-01","0.27","67","52"
"USW00053913","GUTHRIE MUNICIPAL AIRPORT, OK US","2012-06-02","0.00","88","53"
"USW00053913","GUTHRIE MUNICIPAL AIRPORT, OK US","2012-06-03","0.18","92","67"
"USW00053913","GUTHRIE MUNICIPAL AIRPORT, OK US","2012-06-04","0.00","93","70"
"USW00053913","GUTHRIE MUNICIPAL AIRPORT, OK US","2012-06-05","0.00","93","69"
"USW00053913","GUTHRIE MUNICIPAL AIRPORT, OK US","2012-06-06","0.59","77","68"
"USW00053913","GUTHRIE MUNICIPAL AIRPORT, OK US","2012-06-07","0.00","78","61"
"USW00053913","GUTHRIE MUNICIPAL AIRPORT, OK US","2012-06-08","0.00","86","59"
"USW00053913","GUTHRIE MUNICIPAL AIRPORT, OK US","2012-06-09","0.00","90","64"
"USW00053913","GUTHRIE MUNICIPAL AIRPORT, OK US","2012-06-10","0.00","93","75"
"USW00053913","GUTHRIE MUNICIPAL AIRPORT, OK US","2012-06-11","0.00","92","71"
"USW00053913","GUTHRIE MUNICIPAL AIRPORT, OK US","2012-06-12","0.00","87","69"
"USW00053913","GUTHRIE MUNICIPAL AIRPORT, OK US","2012-06-13","0.00","87","70"
"USW00053913","GUTHRIE MUNICIPAL AIRPORT, OK US","2012-06-14","0.00","94","70"
"USW00053913","GUTHRIE MUNICIPAL AIRPORT, OK US","2012-06-15","1.85","87","66"
"USW00053913","GUTHRIE MUNICIPAL AIRPORT, OK US","2012-06-16","0.00","90","73"
"USW00053913","GUTHRIE MUNICIPAL AIRPORT, OK US","2012-06-17","0.00","93","72"
"USW00053913","GUTHRIE MUNICIPAL AIRPORT, OK US","2012-06-18","0.00","92","75"
"USW00053913","GUTHRIE MUNICIPAL AIRPORT, OK US","2012-06-19","0.00","90","75"
"USW00053913","GUTHRIE MUNICIPAL AIRPORT, OK US","2012-06-20","0.00","91","75"
"USW00053913","GUTHRIE MUNICIPAL AIRPORT, OK US","2012-06-21","0.82","82","70"
"USW00053913","GUTHRIE MUNICIPAL AIRPORT, OK US","2012-06-22","0.00","89","71"
"USW00053913","GUTHRIE MUNICIPAL AIRPORT, OK US","2012-06-23","0.00","96","73"
"USW00053913","GUTHRIE MUNICIPAL AIRPORT, OK US","2012-06-24","0.00","99","74"
"USW00053913","GUTHRIE MUNICIPAL AIRPORT, OK US","2012-06-25","0.00","102","73"
"USW00053913","GUTHRIE MUNICIPAL AIRPORT, OK US","2012-06-26","0.00","102","75"
"USW00053913","GUTHRIE MUNICIPAL AIRPORT, OK US","2012-06-27","0.00","101","80"
"USW00053913","GUTHRIE MUNICIPAL AIRPORT, OK US","2012-06-28","0.00","103","71"
"USW00053913","GUTHRIE MUNICIPAL AIRPORT, OK US","2012-06-29","0.00","101","74"
"USW00053913","GUTHRIE MUNICIPAL AIRPORT, OK US","2012-06-30","0.00","99","76"
"USW00053913","GUTHRIE MUNICIPAL AIRPORT, OK US","2012-07-01","0.00","95","76"
"USW00053913","GUTHRIE MUNICIPAL AIRPORT, OK US","2012-07-02","0.00","96","75"
"USW00053913","GUTHRIE MUNICIPAL AIRPORT, OK US","2012-07-03","0.00","99","81"
"USW00053913","GUTHRIE MUNICIPAL AIRPORT, OK US","2012-07-04","0.00","100","79"
"USW00053913","GUTHRIE MUNICIPAL AIRPORT, OK US","2012-07-05","0.00","102","78"
"USW00053913","GUTHRIE MUNICIPAL AIRPORT, OK US","2012-07-06","0.00","102","77"
"USW00053913","GUTHRIE MUNICIPAL AIRPORT, OK US","2012-07-07","0.00","101","75"
"USW00053913","GUTHRIE MUNICIPAL AIRPORT, OK US","2012-07-08","0.00","98","72"
"USW00053913","GUTHRIE MUNICIPAL AIRPORT, OK US","2012-07-09","0.00","99","74"
"USW00053913","GUTHRIE MUNICIPAL AIRPORT, OK US","2012-07-10","0.00","95","75"
"USW00053913","GUTHRIE MUNICIPAL AIRPORT, OK US","2012-07-11","0.00","98","70"
"USW00053913","GUTHRIE MUNICIPAL AIRPORT, OK US","2012-07-12","0.00","98","71"
"USW00053913","GUTHRIE MUNICIPAL AIRPORT, OK US","2012-07-13","0.02","100","73"
"USW00053913","GUTHRIE MUNICIPAL AIRPORT, OK US","2012-07-14","0.00","101","74"
"USW00053913","GUTHRIE MUNICIPAL AIRPORT, OK US","2012-07-15","0.00","95","69"
"USW00053913","GUTHRIE MUNICIPAL AIRPORT, OK US","2012-07-16","0.00","97","72"
"USW00053913","GUTHRIE MUNICIPAL AIRPORT, OK US","2012-07-17","0.00","102","76"
"USW00053913","GUTHRIE MUNICIPAL AIRPORT, OK US","2012-07-18","0.00","103","80"
"USW00053913","GUTHRIE MUNICIPAL AIRPORT, OK US","2012-07-19","0.00","107","83"
"USW00053913","GUTHRIE MUNICIPAL AIRPORT, OK US","2012-07-20","0.00","110","76"
"USW00053913","GUTHRIE MUNICIPAL AIRPORT, OK US","2012-07-21","0.00","106","72"
"USW00053913","GUTHRIE MUNICIPAL AIRPORT, OK US","2012-07-22","0.00","104","79"
"USW00053913","GUTHRIE MUNICIPAL AIRPORT, OK US","2012-07-23","0.00","103","80"
"USW00053913","GUTHRIE MUNICIPAL AIRPORT, OK US","2012-07-24","0.00","102","81"
"USW00053913","GUTHRIE MUNICIPAL AIRPORT, OK US","2012-07-25","0.00","106","84"
"USW00053913","GUTHRIE MUNICIPAL AIRPORT, OK US","2012-07-26","0.00","100","81"
"USW00053913","GUTHRIE MUNICIPAL AIRPORT, OK US","2012-07-27","0.00","105","77"
"USW00053913","GUTHRIE MUNICIPAL AIRPORT, OK US","2012-07-28","0.00","108","75"
"USW00053913","GUTHRIE MUNICIPAL AIRPORT, OK US","2012-07-29","0.00","109","82"
"USW00053913","GUTHRIE MUNICIPAL AIRPORT, OK US","2012-07-30","0.00","109","85"
"USW00053913","GUTHRIE MUNICIPAL AIRPORT, OK US","2012-07-31","0.00","111","86"
"USW00053913","GUTHRIE MUNICIPAL AIRPORT, OK US","2012-08-01","0.00","114","87"
"USW00053913","GUTHRIE MUNICIPAL AIRPORT, OK US","2012-08-02","0.00","113","88"
"USW00053913","GUTHRIE MUNICIPAL AIRPORT, OK US","2012-08-03","0.00","114","83"
"USW00053913","GUTHRIE MUNICIPAL AIRPORT, OK US","2012-08-04","0.00","111","85"
"USW00053913","GUTHRIE MUNICIPAL AIRPORT, OK US","2012-08-05","0.02","97","73"
"USW00053913","GUTHRIE MUNICIPAL AIRPORT, OK US","2012-08-06","0.00","106","74"
"USW00053913","GUTHRIE MUNICIPAL AIRPORT, OK US","2012-08-07","0.00","107","78"
"USW00053913","GUTHRIE MUNICIPAL AIRPORT, OK US","2012-08-08","0.00","102","75"
"USW00053913","GUTHRIE MUNICIPAL AIRPORT, OK US","2012-08-09","0.00","103","74"
"USW00053913","GUTHRIE MUNICIPAL AIRPORT, OK US","2012-08-10","0.00","96","67"
"USW00053913","GUTHRIE MUNICIPAL AIRPORT, OK US","2012-08-11","0.00","95","63"
"USW00053913","GUTHRIE MUNICIPAL AIRPORT, OK US","2012-08-12","0.01","103","72"
"USW00053913","GUTHRIE MUNICIPAL AIRPORT, OK US","2012-08-13","0.00","94","64"
"USW00053913","GUTHRIE MUNICIPAL AIRPORT, OK US","2012-08-14","0.21","85","68"
"USW00053913","GUTHRIE MUNICIPAL AIRPORT, OK US","2012-08-15","0.00","100","67"
"USW00053913","GUTHRIE MUNICIPAL AIRPORT, OK US","2012-08-16","0.00","97","74"
"USW00053913","GUTHRIE MUNICIPAL AIRPORT, OK US","2012-08-17","0.00","92","66"
"USW00053913","GUTHRIE MUNICIPAL AIRPORT, OK US","2012-08-18","0.89","79","66"
"USW00053913","GUTHRIE MUNICIPAL AIRPORT, OK US","2012-08-19","0.00","88","63"
"USW00053913","GUTHRIE MUNICIPAL AIRPORT, OK US","2012-08-20","0.00","90","59"
"USW00053913","GUTHRIE MUNICIPAL AIRPORT, OK US","2012-08-21","0.00","91","64"
"USW00053913","GUTHRIE MUNICIPAL AIRPORT, OK US","2012-08-22","0.00","91","64"
"USW00053913","GUTHRIE MUNICIPAL AIRPORT, OK US","2012-08-23","0.03","88","73"
"USW00053913","GUTHRIE MUNICIPAL AIRPORT, OK US","2012-08-24","0.00","90","76"
"USW00053913","GUTHRIE MUNICIPAL AIRPORT, OK US","2012-08-25","0.64","94","69"
"USW00053913","GUTHRIE MUNICIPAL AIRPORT, OK US","2012-08-26","0.07","92","71"
"USW00053913","GUTHRIE MUNICIPAL AIRPORT, OK US","2012-08-27","0.00","94","69"
"USW00053913","GUTHRIE MUNICIPAL AIRPORT, OK US","2012-08-28","0.00","94","67"
"USW00053913","GUTHRIE MUNICIPAL AIRPORT, OK US","2012-08-29","0.00","95","63"
"USW00053913","GUTHRIE MUNICIPAL AIRPORT, OK US","2012-08-30","0.00","98","64"
"USW00053913","GUTHRIE MUNICIPAL AIRPORT, OK US","2012-08-31","0.00","96","71"
"USW00053913","GUTHRIE MUNICIPAL AIRPORT, OK US","2012-09-01","0.00","101","69"
"USW00053913","GUTHRIE MUNICIPAL AIRPORT, OK US","2012-09-02","0.00","106","74"
"USW00053913","GUTHRIE MUNICIPAL AIRPORT, OK US","2012-09-03","0.00","106","80"
"USW00053913","GUTHRIE MUNICIPAL AIRPORT, OK US","2012-09-04","0.00","105","76"
"USW00053913","GUTHRIE MUNICIPAL AIRPORT, OK US","2012-09-05","0.24","100","72"
"USW00053913","GUTHRIE MUNICIPAL AIRPORT, OK US","2012-09-06","0.00","98","75"
"USW00053913","GUTHRIE MUNICIPAL AIRPORT, OK US","2012-09-07","0.48","103","64"
"USW00053913","GUTHRIE MUNICIPAL AIRPORT, OK US","2012-09-08","0.00","84","57"
"USW00053913","GUTHRIE MUNICIPAL AIRPORT, OK US","2012-09-09","0.00","91","53"
"USW00053913","GUTHRIE MUNICIPAL AIRPORT, OK US","2012-09-10","0.00","93","60"
"USW00053913","GUTHRIE MUNICIPAL AIRPORT, OK US","2012-09-11","0.00","94","64"
"USW00053913","GUTHRIE MUNICIPAL AIRPORT, OK US","2012-09-12","0.00","94","70"
"USW00053913","GUTHRIE MUNICIPAL AIRPORT, OK US","2012-09-13","0.30","77","59"
"USW00053913","GUTHRIE MUNICIPAL AIRPORT, OK US","2012-09-14","0.13","61","57"
"USW00053913","GUTHRIE MUNICIPAL AIRPORT, OK US","2012-09-15","0.00","68","60"
"USW00053913","GUTHRIE MUNICIPAL AIRPORT, OK US","2012-09-16","0.00","76","62"
"USW00053913","GUTHRIE MUNICIPAL AIRPORT, OK US","2012-09-17","0.00","83","58"
"USW00053913","GUTHRIE MUNICIPAL AIRPORT, OK US","2012-09-18","0.00","78","53"
"USW00053913","GUTHRIE MUNICIPAL AIRPORT, OK US","2012-09-19","0.00","88","59"
"USW00053913","GUTHRIE MUNICIPAL AIRPORT, OK US","2012-09-20","0.00","91","60"
"USW00053913","GUTHRIE MUNICIPAL AIRPORT, OK US","2012-09-21","0.00","94","62"
"USW00053913","GUTHRIE MUNICIPAL AIRPORT, OK US","2012-09-22","0.00","91","62"
"USW00053913","GUTHRIE MUNICIPAL AIRPORT, OK US","2012-09-23","0.00","84","58"
"USW00053913","GUTHRIE MUNICIPAL AIRPORT, OK US","2012-09-24","0.00","94","65"
"USW00053913","GUTHRIE MUNICIPAL AIRPORT, OK US","2012-09-25","0.18","94","70"
"USW00053913","GUTHRIE MUNICIPAL AIRPORT, OK US","2012-09-26","0.63","89","68"
"USW00053913","GUTHRIE MUNICIPAL AIRPORT, OK US","2012-09-27","0.20","72","63"
"USW00053913","GUTHRIE MUNICIPAL AIRPORT, OK US","2012-09-28","0.00","81","63"
"USW00053913","GUTHRIE MUNICIPAL AIRPORT, OK US","2012-09-29","0.00","73","67"
"USW00053913","GUTHRIE MUNICIPAL AIRPORT, OK US","2012-09-30","0.02","77","57"
"USW00053913","GUTHRIE MUNICIPAL AIRPORT, OK US","2012-10-01","0.00","82","51"
"USW00053913","GUTHRIE MUNICIPAL AIRPORT, OK US","2012-10-02","0.00","77","54"
"USW00053913","GUTHRIE MUNICIPAL AIRPORT, OK US","2012-10-03","0.00","82","51"
"USW00053913","GUTHRIE MUNICIPAL AIRPORT, OK US","2012-10-04","0.00","70","56"
"USW00053913","GUTHRIE MUNICIPAL AIRPORT, OK US","2012-10-05","0.00","62","44"
"USW00053913","GUTHRIE MUNICIPAL AIRPORT, OK US","2012-10-06","0.00","51","36"
"USW00053913","GUTHRIE MUNICIPAL AIRPORT, OK US","2012-10-07","0.00","53","33"
"USW00053913","GUTHRIE MUNICIPAL AIRPORT, OK US","2012-10-08","0.00","66","33"
"USW00053913","GUTHRIE MUNICIPAL AIRPORT, OK US","2012-10-09","0.00","77","51"
"USW00053913","GUTHRIE MUNICIPAL AIRPORT, OK US","2012-10-10","0.00","72","43"
"USW00053913","GUTHRIE MUNICIPAL AIRPORT, OK US","2012-10-11","0.00","81","62"
"USW00053913","GUTHRIE MUNICIPAL AIRPORT, OK US","2012-10-12","0.38","77","68"
"USW00053913","GUTHRIE MUNICIPAL AIRPORT, OK US","2012-10-13","0.44","76","61"
"USW00053913","GUTHRIE MUNICIPAL AIRPORT, OK US","2012-10-14","0.00","80","53"
"USW00053913","GUTHRIE MUNICIPAL AIRPORT, OK US","2012-10-15","0.00","85","51"
"USW00053913","GUTHRIE MUNICIPAL AIRPORT, OK US","2012-10-16","0.00","82","62"
"USW00053913","GUTHRIE MUNICIPAL AIRPORT, OK US","2012-10-17","0.00","77","47"
"USW00053913","GUTHRIE MUNICIPAL AIRPORT, OK US","2012-10-18","0.00","72","42"
"USW00053913","GUTHRIE MUNICIPAL AIRPORT, OK US","2012-10-19","0.00","73","46"
"USW00053913","GUTHRIE MUNICIPAL AIRPORT, OK US","2012-10-20","0.00","85","52"
"USW00053913","GUTHRIE MUNICIPAL AIRPORT, OK US","2012-10-21","0.00","91","68"
"USW00053913","GUTHRIE MUNICIPAL AIRPORT, OK US","2012-10-22","0.00","83","70"
"USW00053913","GUTHRIE MUNICIPAL AIRPORT, OK US","2012-10-23","0.00","86","71"
"USW00053913","GUTHRIE MUNICIPAL AIRPORT, OK US","2012-10-24","0.00","78","69"
"USW00053913","GUTHRIE MUNICIPAL AIRPORT, OK US","2012-10-25","0.00","74","42"
"USW00053913","GUTHRIE MUNICIPAL AIRPORT, OK US","2012-10-26","0.00","53","35"
"USW00053913","GUTHRIE MUNICIPAL AIRPORT, OK US","2012-10-27","0.00","55","28"
"USW00053913","GUTHRIE MUNICIPAL AIRPORT, OK US","2012-10-28","0.00","61","29"
"USW00053913","GUTHRIE MUNICIPAL AIRPORT, OK US","2012-10-29","0.00","67","36"
"USW00053913","GUTHRIE MUNICIPAL AIRPORT, OK US","2012-10-30","0.00","80","44"
"USW00053913","GUTHRIE MUNICIPAL AIRPORT, OK US","2012-10-31","0.00","74","42"
"USW00053913","GUTHRIE MUNICIPAL AIRPORT, OK US","2012-11-01","0.00","81","54"
"USW00053913","GUTHRIE MUNICIPAL AIRPORT, OK US","2012-11-02","0.00","86","55"
"USW00053913","GUTHRIE MUNICIPAL AIRPORT, OK US","2012-11-03","0.00","68","44"
"USW00053913","GUTHRIE MUNICIPAL AIRPORT, OK US","2012-11-04","0.00","72","34"
"USW00053913","GUTHRIE MUNICIPAL AIRPORT, OK US","2012-11-05","0.00","64","39"
"USW00053913","GUTHRIE MUNICIPAL AIRPORT, OK US","2012-11-06","0.00","72","34"
"USW00053913","GUTHRIE MUNICIPAL AIRPORT, OK US","2012-11-07","0.00","71","35"
"USW00053913","GUTHRIE MUNICIPAL AIRPORT, OK US","2012-11-08","0.00","84","54"
"USW00053913","GUTHRIE MUNICIPAL AIRPORT, OK US","2012-11-09","0.00","81","65"
"USW00053913","GUTHRIE MUNICIPAL AIRPORT, OK US","2012-11-10","0.00","78","65"
"USW00053913","GUTHRIE MUNICIPAL AIRPORT, OK US","2012-11-11","0.58","72","32"
"USW00053913","GUTHRIE MUNICIPAL AIRPORT, OK US","2012-11-12","0.00","53","25"
"USW00053913","GUTHRIE MUNICIPAL AIRPORT, OK US","2012-11-13","0.00","58","31"
"USW00053913","GUTHRIE MUNICIPAL AIRPORT, OK US","2012-11-14","0.00","62","36"
"USW00053913","GUTHRIE MUNICIPAL AIRPORT, OK US","2012-11-15","0.00","66","39"
"USW00053913","GUTHRIE MUNICIPAL AIRPORT, OK US","2012-11-16","0.00","64","32"
"USW00053913","GUTHRIE MUNICIPAL AIRPORT, OK US","2012-11-17","0.00","64","40"
"USW00053913","GUTHRIE MUNICIPAL AIRPORT, OK US","2012-11-18","0.00","66","49"
"USW00053913","GUTHRIE MUNICIPAL AIRPORT, OK US","2012-11-19","0.01","75","53"
"USW00053913","GUTHRIE MUNICIPAL AIRPORT, OK US","2012-11-20","0.00","75","44"
"USW00053913","GUTHRIE MUNICIPAL AIRPORT, OK US","2012-11-21","0.00","77","47"
"USW00053913","GUTHRIE MUNICIPAL AIRPORT, OK US","2012-11-22","0.00","77","57"
"USW00053913","GUTHRIE MUNICIPAL AIRPORT, OK US","2012-11-23","0.00","57","30"
"USW00053913","GUTHRIE MUNICIPAL AIRPORT, OK US","2012-11-24","0.00","61","26"
"USW00053913","GUTHRIE MUNICIPAL AIRPORT, OK US","2012-11-25","0.00","67","41"
"USW00053913","GUTHRIE MUNICIPAL AIRPORT, OK US","2012-11-26","0.00","54","35"
"USW00053913","GUTHRIE MUNICIPAL AIRPORT, OK US","2012-11-27","0.00","51","24"
"USW00053913","GUTHRIE MUNICIPAL AIRPORT, OK US","2012-11-28","0.00","64","30"
"USW00053913","GUTHRIE MUNICIPAL AIRPORT, OK US","2012-11-29","0.00","71","48"
"USW00053913","GUTHRIE MUNICIPAL AIRPORT, OK US","2012-11-30","0.00","72","47"
"USW00053913","GUTHRIE MUNICIPAL AIRPORT, OK US","2012-12-01","0.00","79","48"
"USW00053913","GUTHRIE MUNICIPAL AIRPORT, OK US","2012-12-02","0.00","75","37"
"USW00053913","GUTHRIE MUNICIPAL AIRPORT, OK US","2012-12-03","0.00","79","56"
"USW00053913","GUTHRIE MUNICIPAL AIRPORT, OK US","2012-12-04","0.00","67","37"
"USW00053913","GUTHRIE MUNICIPAL AIRPORT, OK US","2012-12-05","0.00","65","30"
"USW00053913","GUTHRIE MUNICIPAL AIRPORT, OK US","2012-12-06","0.00","70","46"
"USW00053913","GUTHRIE MUNICIPAL AIRPORT, OK US","2012-12-07","0.00","51","44"
"USW00053913","GUTHRIE MUNICIPAL AIRPORT, OK US","2012-12-08","0.00","52","45"
"USW00053913","GUTHRIE MUNICIPAL AIRPORT, OK US","2012-12-09","0.01","48","29"
"USW00053913","GUTHRIE MUNICIPAL AIRPORT, OK US","2012-12-10","0.00","37","19"
"USW00053913","GUTHRIE MUNICIPAL AIRPORT, OK US","2012-12-11","0.00","51","21"
"USW00053913","GUTHRIE MUNICIPAL AIRPORT, OK US","2012-12-12","0.00","55","28"
"USW00053913","GUTHRIE MUNICIPAL AIRPORT, OK US","2012-12-13","0.00","64","42"
"USW00053913","GUTHRIE MUNICIPAL AIRPORT, OK US","2012-12-14","0.12","58","48"
"USW00053913","GUTHRIE MUNICIPAL AIRPORT, OK US","2012-12-15","0.00","63","46"
"USW00053913","GUTHRIE MUNICIPAL AIRPORT, OK US","2012-12-16","0.00","63","42"
"USW00053913","GUTHRIE MUNICIPAL AIRPORT, OK US","2012-12-17","0.00","59","30"
"USW00053913","GUTHRIE MUNICIPAL AIRPORT, OK US","2012-12-18","0.00","65","40"
"USW00053913","GUTHRIE MUNICIPAL AIRPORT, OK US","2012-12-19","0.00","67","40"
"USW00053913","GUTHRIE MUNICIPAL AIRPORT, OK US","2012-12-20","0.00","46","25"
"USW00053913","GUTHRIE MUNICIPAL AIRPORT, OK US","2012-12-21","0.00","65","22"
"USW00053913","GUTHRIE MUNICIPAL AIRPORT, OK US","2012-12-22","0.00","61","34"
"USW00053913","GUTHRIE MUNICIPAL AIRPORT, OK US","2012-12-23","0.00","49","26"
"USW00053913","GUTHRIE MUNICIPAL AIRPORT, OK US","2012-12-24","0.00","40","22"
"USW00053913","GUTHRIE MUNICIPAL AIRPORT, OK US","2012-12-25","0.04","31","20"
"USW00053913","GUTHRIE MUNICIPAL AIRPORT, OK US","2012-12-26","0.00","31","12"
"USW00053913","GUTHRIE MUNICIPAL AIRPORT, OK US","2012-12-27","0.00","37","21"
"USW00053913","GUTHRIE MUNICIPAL AIRPORT, OK US","2012-12-28","0.00","36","19"
"USW00053913","GUTHRIE MUNICIPAL AIRPORT, OK US","2012-12-29","0.00","47","11"
"USW00053913","GUTHRIE MUNICIPAL AIRPORT, OK US","2012-12-30","0.00","46","26"
"USW00053913","GUTHRIE MUNICIPAL AIRPORT, OK US","2012-12-31","0.44","41","36"
"USW00053913","GUTHRIE MUNICIPAL AIRPORT, OK US","2013-01-01","0.00","37","23"
"USW00053913","GUTHRIE MUNICIPAL AIRPORT, OK US","2013-01-02","0.00","45","22"
"USW00053913","GUTHRIE MUNICIPAL AIRPORT, OK US","2013-01-03","0.00","43","21"
"USW00053913","GUTHRIE MUNICIPAL AIRPORT, OK US","2013-01-04","0.00","49","19"
"USW00053913","GUTHRIE MUNICIPAL AIRPORT, OK US","2013-01-05","0.00","51","30"
"USW00053913","GUTHRIE MUNICIPAL AIRPORT, OK US","2013-01-06","0.00","52","21"
"USW00053913","GUTHRIE MUNICIPAL AIRPORT, OK US","2013-01-07","0.00","53","26"
"USW00053913","GUTHRIE MUNICIPAL AIRPORT, OK US","2013-01-08","0.02","57","34"
"USW00053913","GUTHRIE MUNICIPAL AIRPORT, OK US","2013-01-09","0.15","52","43"
"USW00053913","GUTHRIE MUNICIPAL AIRPORT, OK US","2013-01-10","0.24","59","47"
"USW00053913","GUTHRIE MUNICIPAL AIRPORT, OK US","2013-01-11","0.00","70","48"
"USW00053913","GUTHRIE MUNICIPAL AIRPORT, OK US","2013-01-12","0.05","57","26"
"USW00053913","GUTHRIE MUNICIPAL AIRPORT, OK US","2013-01-13","0.00","32","19"
"USW00053913","GUTHRIE MUNICIPAL AIRPORT, OK US","2013-01-14","0.00","37","16"
"USW00053913","GUTHRIE MUNICIPAL AIRPORT, OK US","2013-01-15","0.00","37","18"
"USW00053913","GUTHRIE MUNICIPAL AIRPORT, OK US","2013-01-16","0.00","49","15"
"USW00053913","GUTHRIE MUNICIPAL AIRPORT, OK US","2013-01-17","0.00","56","26"
"USW00053913","GUTHRIE MUNICIPAL AIRPORT, OK US","2013-01-18","0.00","61","30"
"USW00053913","GUTHRIE MUNICIPAL AIRPORT, OK US","2013-01-19","0.00","65","35"
"USW00053913","GUTHRIE MUNICIPAL AIRPORT, OK US","2013-01-20","0.00","64","26"
"USW00053913","GUTHRIE MUNICIPAL AIRPORT, OK US","2013-01-21","0.00","44","21"
"USW00053913","GUTHRIE MUNICIPAL AIRPORT, OK US","2013-01-22","0.00","59","25"
"USW00053913","GUTHRIE MUNICIPAL AIRPORT, OK US","2013-01-23","0.00","67","27"
"USW00053913","GUTHRIE MUNICIPAL AIRPORT, OK US","2013-01-24","0.00","50","30"
"USW00053913","GUTHRIE MUNICIPAL AIRPORT, OK US","2013-01-25","0.00","52","28"
"USW00053913","GUTHRIE MUNICIPAL AIRPORT, OK US","2013-01-26","0.00","51","28"
"USW00053913","GUTHRIE MUNICIPAL AIRPORT, OK US","2013-01-27","0.00","69","44"
"USW00053913","GUTHRIE MUNICIPAL AIRPORT, OK US","2013-01-28","0.00","77","62"
"USW00053913","GUTHRIE MUNICIPAL AIRPORT, OK US","2013-01-29","0.92","70","40"
"USW00053913","GUTHRIE MUNICIPAL AIRPORT, OK US","2013-01-30","0.00","45","28"
"USW00053913","GUTHRIE MUNICIPAL AIRPORT, OK US","2013-01-31","0.00","55","24"
"USW00053913","GUTHRIE MUNICIPAL AIRPORT, OK US","2013-02-01","0.00","51","18"
"USW00053913","GUTHRIE MUNICIPAL AIRPORT, OK US","2013-02-02","0.00","60","25"
"USW00053913","GUTHRIE MUNICIPAL AIRPORT, OK US","2013-02-03","0.00","62","28"
"USW00053913","GUTHRIE MUNICIPAL AIRPORT, OK US","2013-02-04","0.00","67","38"
"USW00053913","GUTHRIE MUNICIPAL AIRPORT, OK US","2013-02-05","0.00","68","28"
"USW00053913","GUTHRIE MUNICIPAL AIRPORT, OK US","2013-02-06","0.00","61","41"
"USW00053913","GUTHRIE MUNICIPAL AIRPORT, OK US","2013-02-07","0.01","60","42"
"USW00053913","GUTHRIE MUNICIPAL AIRPORT, OK US","2013-02-08","0.00","54","24"
"USW00053913","GUTHRIE MUNICIPAL AIRPORT, OK US","2013-02-09","0.01","49","39"
"USW00053913","GUTHRIE MUNICIPAL AIRPORT, OK US","2013-02-10","0.10","62","38"
"USW00053913","GUTHRIE MUNICIPAL AIRPORT, OK US","2013-02-11","0.00","53","27"
"USW00053913","GUTHRIE MUNICIPAL AIRPORT, OK US","2013-02-12","0.57","40","33"
"USW00053913","GUTHRIE MUNICIPAL AIRPORT, OK US","2013-02-13","0.00","52","32"
"USW00053913","GUTHRIE MUNICIPAL AIRPORT, OK US","2013-02-14","0.00","60","29"
"USW00053913","GUTHRIE MUNICIPAL AIRPORT, OK US","2013-02-15","0.00","44","29"
"USW00053913","GUTHRIE MUNICIPAL AIRPORT, OK US","2013-02-16","0.01","53","23"
"USW00053913","GUTHRIE MUNICIPAL AIRPORT, OK US","2013-02-17","0.00","72","34"
"USW00053913","GUTHRIE MUNICIPAL AIRPORT, OK US","2013-02-18","0.00","59","32"
"USW00053913","GUTHRIE MUNICIPAL AIRPORT, OK US","2013-02-19","0.00","55","24"
"USW00053913","GUTHRIE MUNICIPAL AIRPORT, OK US","2013-02-20","0.40","43","34"
"USW00053913","GUTHRIE MUNICIPAL AIRPORT, OK US","2013-02-21","0.72","36","24"
"USW00053913","GUTHRIE MUNICIPAL AIRPORT, OK US","2013-02-22","0.00","35","20"
"USW00053913","GUTHRIE MUNICIPAL AIRPORT, OK US","2013-02-23","0.00","48","19"
"USW00053913","GUTHRIE MUNICIPAL AIRPORT, OK US","2013-02-24","0.00","66","33"
"USW00053913","GUTHRIE MUNICIPAL AIRPORT, OK US","2013-02-25","1.38","53","33"
"USW00053913","GUTHRIE MUNICIPAL AIRPORT, OK US","2013-02-26","0.01","45","31"
"USW00053913","GUTHRIE MUNICIPAL AIRPORT, OK US","2013-02-27","0.00","44","27"
"USW00053913","GUTHRIE MUNICIPAL AIRPORT, OK US","2013-02-28","0.00","46","28"
"USW00053913","GUTHRIE MUNICIPAL AIRPORT, OK US","2013-03-01","0.00","40","23"
"USW00053913","GUTHRIE MUNICIPAL AIRPORT, OK US","2013-03-02","0.00","50","23"
"USW00053913","GUTHRIE MUNICIPAL AIRPORT, OK US","2013-03-03","0.00","72","37"
"USW00053913","GUTHRIE MUNICIPAL AIRPORT, OK US","2013-03-04","0.00","69","44"
"USW00053913","GUTHRIE MUNICIPAL AIRPORT, OK US","2013-03-05","0.02","49","33"
"USW00053913","GUTHRIE MUNICIPAL AIRPORT, OK US","2013-03-06","0.00","54","23"
"USW00053913","GUTHRIE MUNICIPAL AIRPORT, OK US","2013-03-07","0.00","72","39"
"USW00053913","GUTHRIE MUNICIPAL AIRPORT, OK US","2013-03-08","0.00","67","52"
"USW00053913","GUTHRIE MUNICIPAL AIRPORT, OK US","2013-03-09","0.08","64","51"
"USW00053913","GUTHRIE MUNICIPAL AIRPORT, OK US","2013-03-10","0.00","60","35"
"USW00053913","GUTHRIE MUNICIPAL AIRPORT, OK US","2013-03-11","0.00","55","27"
"USW00053913","GUTHRIE MUNICIPAL AIRPORT, OK US","2013-03-12","0.00","62","34"
"USW00053913","GUTHRIE MUNICIPAL AIRPORT, OK US","2013-03-13","0.00","64","28"
"USW00053913","GUTHRIE MUNICIPAL AIRPORT, OK US","2013-03-14","0.00","80","47"
"USW00053913","GUTHRIE MUNICIPAL AIRPORT, OK US","2013-03-15","0.00","83","53"
"USW00053913","GUTHRIE MUNICIPAL AIRPORT, OK US","2013-03-16","0.00","74","48"
"USW00053913","GUTHRIE MUNICIPAL AIRPORT, OK US","2013-03-17","0.00","48","40"
"USW00053913","GUTHRIE MUNICIPAL AIRPORT, OK US","2013-03-18","0.00","63","40"
"USW00053913","GUTHRIE MUNICIPAL AIRPORT, OK US","2013-03-19","0.00","63","36"
"USW00053913","GUTHRIE MUNICIPAL AIRPORT, OK US","2013-03-20","0.00","57","30"
"USW00053913","GUTHRIE MUNICIPAL AIRPORT, OK US","2013-03-21","0.00","61","40"
"USW00053913","GUTHRIE MUNICIPAL AIRPORT, OK US","2013-03-22","0.00","47","38"
"USW00053913","GUTHRIE MUNICIPAL AIRPORT, OK US","2013-03-23","0.02","44","35"
"USW00053913","GUTHRIE MUNICIPAL AIRPORT, OK US","2013-03-24","0.00","43","29"
"USW00053913","GUTHRIE MUNICIPAL AIRPORT, OK US","2013-03-25","0.00","45","23"
"USW00053913","GUTHRIE MUNICIPAL AIRPORT, OK US","2013-03-26","0.00","55","17"
"USW00053913","GUTHRIE MUNICIPAL AIRPORT, OK US","2013-03-27","0.00","71","43"
"USW00053913","GUTHRIE MUNICIPAL AIRPORT, OK US","2013-03-28","0.00","77","48"
"USW00053913","GUTHRIE MUNICIPAL AIRPORT, OK US","2013-03-29","0.63","76","58"
"USW00053913","GUTHRIE MUNICIPAL AIRPORT, OK US","2013-03-30","0.35","80","58"
"USW00053913","GUTHRIE MUNICIPAL AIRPORT, OK US","2013-03-31","0.03","71","48"
"USW00053913","GUTHRIE MUNICIPAL AIRPORT, OK US","2013-04-01","0.03","65","41"
"USW00053913","GUTHRIE MUNICIPAL AIRPORT, OK US","2013-04-02","0.72","42","37"
"USW00053913","GUTHRIE MUNICIPAL AIRPORT, OK US","2013-04-03","1.98","40","37"
"USW00053913","GUTHRIE MUNICIPAL AIRPORT, OK US","2013-04-04","0.15","55","34"
"USW00053913","GUTHRIE MUNICIPAL AIRPORT, OK US","2013-04-05","0.00","68","33"
"USW00053913","GUTHRIE MUNICIPAL AIRPORT, OK US","2013-04-06","0.00","75","54"
"USW00053913","GUTHRIE MUNICIPAL AIRPORT, OK US","2013-04-07","0.00","71","56"
"USW00053913","GUTHRIE MUNICIPAL AIRPORT, OK US","2013-04-08","0.00","83","65"
"USW00053913","GUTHRIE MUNICIPAL AIRPORT, OK US","2013-04-09","0.13","81","37"
"USW00053913","GUTHRIE MUNICIPAL AIRPORT, OK US","2013-04-10","1.53","38","33"
"USW00053913","GUTHRIE MUNICIPAL AIRPORT, OK US","2013-04-11","0.00","56","29"
"USW00053913","GUTHRIE MUNICIPAL AIRPORT, OK US","2013-04-12","0.00","60","36"
"USW00053913","GUTHRIE MUNICIPAL AIRPORT, OK US","2013-04-13","0.15","77","47"
"USW00053913","GUTHRIE MUNICIPAL AIRPORT, OK US","2013-04-14","0.00","81","60"
"USW00053913","GUTHRIE MUNICIPAL AIRPORT, OK US","2013-04-15","0.00","76","53"
"USW00053913","GUTHRIE MUNICIPAL AIRPORT, OK US","2013-04-16","0.00","53","49"
"USW00053913","GUTHRIE MUNICIPAL AIRPORT, OK US","2013-04-17","0.76","63","45"
"USW00053913","GUTHRIE MUNICIPAL AIRPORT, OK US","2013-04-18","0.04","46","38"
"USW00053913","GUTHRIE MUNICIPAL AIRPORT, OK US","2013-04-19","0.00","68","33"
"USW00053913","GUTHRIE MUNICIPAL AIRPORT, OK US","2013-04-20","0.00","73","45"
"USW00053913","GUTHRIE MUNICIPAL AIRPORT, OK US","2013-04-21","0.00","72","55"
"USW00053913","GUTHRIE MUNICIPAL AIRPORT, OK US","2013-04-22","0.05","79","52"
"USW00053913","GUTHRIE MUNICIPAL AIRPORT, OK US","2013-04-23","0.03","55","36"
"USW00053913","GUTHRIE MUNICIPAL AIRPORT, OK US","2013-04-24","0.00","59","30"
"USW00053913","GUTHRIE MUNICIPAL AIRPORT, OK US","2013-04-25","0.00","73","37"
"USW00053913","GUTHRIE MUNICIPAL AIRPORT, OK US","2013-04-26","0.25","64","54"
"USW00053913","GUTHRIE MUNICIPAL AIRPORT, OK US","2013-04-27","0.01","66","52"
"USW00053913","GUTHRIE MUNICIPAL AIRPORT, OK US","2013-04-28","0.00","84","48"
"USW00053913","GUTHRIE MUNICIPAL AIRPORT, OK US","2013-04-29","0.00","90","65"
"USW00053913","GUTHRIE MUNICIPAL AIRPORT, OK US","2013-04-30","0.00","87","67"
"USW00053913","GUTHRIE MUNICIPAL AIRPORT, OK US","2013-05-01","0.00","85","44"
"USW00053913","GUTHRIE MUNICIPAL AIRPORT, OK US","2013-05-02","0.18","48","36"
"USW00053913","GUTHRIE MUNICIPAL AIRPORT, OK US","2013-05-03","0.00","63","34"
"USW00053913","GUTHRIE MUNICIPAL AIRPORT, OK US","2013-05-04","0.00","53","35"
"USW00053913","GUTHRIE MUNICIPAL AIRPORT, OK US","2013-05-05","0.00","63","46"
"USW00053913","GUTHRIE MUNICIPAL AIRPORT, OK US","2013-05-06","0.00","73","42"
"USW00053913","GUTHRIE MUNICIPAL AIRPORT, OK US","2013-05-07","0.00","82","56"
"USW00053913","GUTHRIE MUNICIPAL AIRPORT, OK US","2013-05-08","0.44","87","62"
"USW00053913","GUTHRIE MUNICIPAL AIRPORT, OK US","2013-05-09","0.73","72","55"
"USW00053913","GUTHRIE MUNICIPAL AIRPORT, OK US","2013-05-10","0.00","73","55"
"USW00053913","GUTHRIE MUNICIPAL AIRPORT, OK US","2013-05-11","0.00","79","48"
"USW00053913","GUTHRIE MUNICIPAL AIRPORT, OK US","2013-05-12","0.00","77","44"
"USW00053913","GUTHRIE MUNICIPAL AIRPORT, OK US","2013-05-13","0.00","89","61"
"USW00053913","GUTHRIE MUNICIPAL AIRPORT, OK US","2013-05-14","0.00","89","68"
"USW00053913","GUTHRIE MUNICIPAL AIRPORT, OK US","2013-05-15","0.19","78","63"
"USW00053913","GUTHRIE MUNICIPAL AIRPORT, OK US","2013-05-16","0.02","75","62"
"USW00053913","GUTHRIE MUNICIPAL AIRPORT, OK US","2013-05-17","0.00","76","58"
"USW00053913","GUTHRIE MUNICIPAL AIRPORT, OK US","2013-05-18","0.36","92","66"
"USW00053913","GUTHRIE MUNICIPAL AIRPORT, OK US","2013-05-19","0.72","87","66"
"USW00053913","GUTHRIE MUNICIPAL AIRPORT, OK US","2013-05-20","0.00","85","67"
"USW00053913","GUTHRIE MUNICIPAL AIRPORT, OK US","2013-05-21","0.31","70","57"
"USW00053913","GUTHRIE MUNICIPAL AIRPORT, OK US","2013-05-22","0.00","79","54"
"USW00053913","GUTHRIE MUNICIPAL AIRPORT, OK US","2013-05-23","0.24","70","59"
"USW00053913","GUTHRIE MUNICIPAL AIRPORT, OK US","2013-05-24","0.00","82","60"
"USW00053913","GUTHRIE MUNICIPAL AIRPORT, OK US","2013-05-25","0.00","83","64"
"USW00053913","GUTHRIE MUNICIPAL AIRPORT, OK US","2013-05-26","0.00","85","71"
"USW00053913","GUTHRIE MUNICIPAL AIRPORT, OK US","2013-05-27","0.00","84","73"
"USW00053913","GUTHRIE MUNICIPAL AIRPORT, OK US","2013-05-28","0.00","81","73"
"USW00053913","GUTHRIE MUNICIPAL AIRPORT, OK US","2013-05-29","0.60","82","63"
"USW00053913","GUTHRIE MUNICIPAL AIRPORT, OK US","2013-05-30","0.07","87","63"
"USW00053913","GUTHRIE MUNICIPAL AIRPORT, OK US","2013-05-31","0.48","89","66"
"USW00053913","GUTHRIE MUNICIPAL AIRPORT, OK US","2013-06-01","0.91","80","61"
"USW00053913","GUTHRIE MUNICIPAL AIRPORT, OK US","2013-06-02","0.00","75","57"
"USW00053913","GUTHRIE MUNICIPAL AIRPORT, OK US","2013-06-03","0.00","84","57"
"USW00053913","GUTHRIE MUNICIPAL AIRPORT, OK US","2013-06-04","1.87","85","63"
"USW00053913","GUTHRIE MUNICIPAL AIRPORT, OK US","2013-06-05","0.97","83","65"
"USW00053913","GUTHRIE MUNICIPAL AIRPORT, OK US","2013-06-06","0.00","80","60"
"USW00053913","GUTHRIE MUNICIPAL AIRPORT, OK US","2013-06-07","0.00","83","56"
"USW00053913","GUTHRIE MUNICIPAL AIRPORT, OK US","2013-06-08","0.56","82","65"
"USW00053913","GUTHRIE MUNICIPAL AIRPORT, OK US","2013-06-09","0.00","89","64"
"USW00053913","GUTHRIE MUNICIPAL AIRPORT, OK US","2013-06-10","0.00","95","68"
"USW00053913","GUTHRIE MUNICIPAL AIRPORT, OK US","2013-06-11","0.00","95","76"
"USW00053913","GUTHRIE MUNICIPAL AIRPORT, OK US","2013-06-12","0.00","95","77"
"USW00053913","GUTHRIE MUNICIPAL AIRPORT, OK US","2013-06-13","0.00","96","74"
"USW00053913","GUTHRIE MUNICIPAL AIRPORT, OK US","2013-06-14","0.00","96","75"
"USW00053913","GUTHRIE MUNICIPAL AIRPORT, OK US","2013-06-15","0.40","84","74"
"USW00053913","GUTHRIE MUNICIPAL AIRPORT, OK US","2013-06-16","0.00","91","73"
"USW00053913","GUTHRIE MUNICIPAL AIRPORT, OK US","2013-06-17","0.96","83","66"
"USW00053913","GUTHRIE MUNICIPAL AIRPORT, OK US","2013-06-18","0.00","88","66"
"USW00053913","GUTHRIE MUNICIPAL AIRPORT, OK US","2013-06-19","0.00","84","68"
"USW00053913","GUTHRIE MUNICIPAL AIRPORT, OK US","2013-06-20","0.00","94","74"
"USW00053913","GUTHRIE MUNICIPAL AIRPORT, OK US","2013-06-21","0.00","93","77"
"USW00053913","GUTHRIE MUNICIPAL AIRPORT, OK US","2013-06-22","0.00","92","78"
"USW00053913","GUTHRIE MUNICIPAL AIRPORT, OK US","2013-06-23","0.00","94","78"
"USW00053913","GUTHRIE MUNICIPAL AIRPORT, OK US","2013-06-24","0.00","92","78"
"USW00053913","GUTHRIE MUNICIPAL AIRPORT, OK US","2013-06-25","0.00","92","80"
"USW00053913","GUTHRIE MUNICIPAL AIRPORT, OK US","2013-06-26","0.00","96","78"
"USW00053913","GUTHRIE MUNICIPAL AIRPORT, OK US","2013-06-27","0.00","101","75"
"USW00053913","GUTHRIE MUNICIPAL AIRPORT, OK US","2013-06-28","0.00","98","71"
"USW00053913","GUTHRIE MUNICIPAL AIRPORT, OK US","2013-06-29","0.00","94","68"
"USW00053913","GUTHRIE MUNICIPAL AIRPORT, OK US","2013-06-30","0.00","87","64"
"USW00053913","GUTHRIE MUNICIPAL AIRPORT, OK US","2013-07-01","0.00","85","61"
"USW00053913","GUTHRIE MUNICIPAL AIRPORT, OK US","2013-07-02","0.00","88","54"
"USW00053913","GUTHRIE MUNICIPAL AIRPORT, OK US","2013-07-03","0.00","88","59"
"USW00053913","GUTHRIE MUNICIPAL AIRPORT, OK US","2013-07-04","0.00","92","65"
"USW00053913","GUTHRIE MUNICIPAL AIRPORT, OK US","2013-07-05","0.08","92","70"
"USW00053913","GUTHRIE MUNICIPAL AIRPORT, OK US","2013-07-06","0.00","96","76"
"USW00053913","GUTHRIE MUNICIPAL AIRPORT, OK US","2013-07-07","0.00","97","78"
"USW00053913","GUTHRIE MUNICIPAL AIRPORT, OK US","2013-07-08","0.00","97","76"
"USW00053913","GUTHRIE MUNICIPAL AIRPORT, OK US","2013-07-09","0.00","102","80"
"USW00053913","GUTHRIE MUNICIPAL AIRPORT, OK US","2013-07-10","0.00","103","76"
"USW00053913","GUTHRIE MUNICIPAL AIRPORT, OK US","2013-07-11","0.00","99","78"
"USW00053913","GUTHRIE MUNICIPAL AIRPORT, OK US","2013-07-12","0.00","99","76"
"USW00053913","GUTHRIE MUNICIPAL AIRPORT, OK US","2013-07-13","0.00","98","76"
"USW00053913","GUTHRIE MUNICIPAL AIRPORT, OK US","2013-07-14","1.24","84","66"
"USW00053913","GUTHRIE MUNICIPAL AIRPORT, OK US","2013-07-15","0.46","77","63"
"USW00053913","GUTHRIE MUNICIPAL AIRPORT, OK US","2013-07-16","0.22","88","69"
"USW00053913","GUTHRIE MUNICIPAL AIRPORT, OK US","2013-07-17","0.01","91","72"
"USW00053913","GUTHRIE MUNICIPAL AIRPORT, OK US","2013-07-18","0.00","92","72"
"USW00053913","GUTHRIE MUNICIPAL AIRPORT, OK US","2013-07-19","0.00","94","72"
"USW00053913","GUTHRIE MUNICIPAL AIRPORT, OK US","2013-07-20","0.00","95","74"
"USW00053913","GUTHRIE MUNICIPAL AIRPORT, OK US","2013-07-21","0.00","96","74"
"USW00053913","GUTHRIE MUNICIPAL AIRPORT, OK US","2013-07-22","0.00","98","80"
"USW00053913","GUTHRIE MUNICIPAL AIRPORT, OK US","2013-07-23","0.00","99","81"
"USW00053913","GUTHRIE MUNICIPAL AIRPORT, OK US","2013-07-24","0.73","90","68"
"USW00053913","GUTHRIE MUNICIPAL AIRPORT, OK US","2013-07-25","0.00","86","72"
"USW00053913","GUTHRIE MUNICIPAL AIRPORT, OK US","2013-07-26","1.08","86","71"
"USW00053913","GUTHRIE MUNICIPAL AIRPORT, OK US","2013-07-27","0.00","86","66"
"USW00053913","GUTHRIE MUNICIPAL AIRPORT, OK US","2013-07-28","0.00","88","68"
"USW00053913","GUTHRIE MUNICIPAL AIRPORT, OK US","2013-07-29","0.52","90","71"
"USW00053913","GUTHRIE MUNICIPAL AIRPORT, OK US","2013-07-30","0.39","92","71"
"USW00053913","GUTHRIE MUNICIPAL AIRPORT, OK US","2013-07-31","0.00","91","75"
"USW00053913","GUTHRIE MUNICIPAL AIRPORT, OK US","2013-08-01","0.00","91","72"
"USW00053913","GUTHRIE MUNICIPAL AIRPORT, OK US","2013-08-02","0.00","99","77"
"USW00053913","GUTHRIE MUNICIPAL AIRPORT, OK US","2013-08-03","0.00","94","80"
"USW00053913","GUTHRIE MUNICIPAL AIRPORT, OK US","2013-08-04","0.00","94","78"
"USW00053913","GUTHRIE MUNICIPAL AIRPORT, OK US","2013-08-05","0.00","100","80"
"USW00053913","GUTHRIE MUNICIPAL AIRPORT, OK US","2013-08-06","0.00","100","76"
"USW00053913","GUTHRIE MUNICIPAL AIRPORT, OK US","2013-08-07","0.36","96","77"
"USW00053913","GUTHRIE MUNICIPAL AIRPORT, OK US","2013-08-08","1.47","89","71"
"USW00053913","GUTHRIE MUNICIPAL AIRPORT, OK US","2013-08-09","0.61","85","70"
"USW00053913","GUTHRIE MUNICIPAL AIRPORT, OK US","2013-08-10","0.00","86","67"
"USW00053913","GUTHRIE MUNICIPAL AIRPORT, OK US","2013-08-11","0.00","92","68"
"USW00053913","GUTHRIE MUNICIPAL AIRPORT, OK US","2013-08-12","0.14","88","74"
"USW00053913","GUTHRIE MUNICIPAL AIRPORT, OK US","2013-08-13","0.42","86","70"
"USW00053913","GUTHRIE MUNICIPAL AIRPORT, OK US","2013-08-14","0.00","85","67"
"USW00053913","GUTHRIE MUNICIPAL AIRPORT, OK US","2013-08-15","1.25","83","64"
"USW00053913","GUTHRIE MUNICIPAL AIRPORT, OK US","2013-08-16","0.01","81","63"
"USW00053913","GUTHRIE MUNICIPAL AIRPORT, OK US","2013-08-17","0.00","83","65"
"USW00053913","GUTHRIE MUNICIPAL AIRPORT, OK US","2013-08-18","0.00","85","64"
"USW00053913","GUTHRIE MUNICIPAL AIRPORT, OK US","2013-08-19","0.00","88","69"
"USW00053913","GUTHRIE MUNICIPAL AIRPORT, OK US","2013-08-20","0.00","92","69"
"USW00053913","GUTHRIE MUNICIPAL AIRPORT, OK US","2013-08-21","0.00","93","69"
"USW00053913","GUTHRIE MUNICIPAL AIRPORT, OK US","2013-08-22","0.00","93","69"
"USW00053913","GUTHRIE MUNICIPAL AIRPORT, OK US","2013-08-23","0.00","97","74"
"USW00053913","GUTHRIE MUNICIPAL AIRPORT, OK US","2013-08-24","0.00","94","75"
"USW00053913","GUTHRIE MUNICIPAL AIRPORT, OK US","2013-08-25","0.00","94","76"
"USW00053913","GUTHRIE MUNICIPAL AIRPORT, OK US","2013-08-26","0.00","93","73"
"USW00053913","GUTHRIE MUNICIPAL AIRPORT, OK US","2013-08-27","0.00","92","71"
"USW00053913","GUTHRIE MUNICIPAL AIRPORT, OK US","2013-08-28","0.00","95","72"
"USW00053913","GUTHRIE MUNICIPAL AIRPORT, OK US","2013-08-29","0.00","98","75"
"USW00053913","GUTHRIE MUNICIPAL AIRPORT, OK US","2013-08-30","0.00","101","75"
"USW00053913","GUTHRIE MUNICIPAL AIRPORT, OK US","2013-08-31","0.00","104","74"
"USW00053913","GUTHRIE MUNICIPAL AIRPORT, OK US","2013-09-01","0.00","94","74"
"USW00053913","GUTHRIE MUNICIPAL AIRPORT, OK US","2013-09-02","0.00","91","68"
"USW00053913","GUTHRIE MUNICIPAL AIRPORT, OK US","2013-09-03","0.00","92","61"
"USW00053913","GUTHRIE MUNICIPAL AIRPORT, OK US","2013-09-04","0.00","94","62"
"USW00053913","GUTHRIE MUNICIPAL AIRPORT, OK US","2013-09-05","0.00","95","71"
"USW00053913","GUTHRIE MUNICIPAL AIRPORT, OK US","2013-09-06","0.00","98","75"
"USW00053913","GUTHRIE MUNICIPAL AIRPORT, OK US","2013-09-07","0.00","100","76"
"USW00053913","GUTHRIE MUNICIPAL AIRPORT, OK US","2013-09-08","0.00","98","72"
"USW00053913","GUTHRIE MUNICIPAL AIRPORT, OK US","2013-09-09","0.00","95","71"
"USW00053913","GUTHRIE MUNICIPAL AIRPORT, OK US","2013-09-10","0.00","94","73"
"USW00053913","GUTHRIE MUNICIPAL AIRPORT, OK US","2013-09-11","0.00","95","69"
"USW00053913","GUTHRIE MUNICIPAL AIRPORT, OK US","2013-09-12","0.00","96","71"
"USW00053913","GUTHRIE MUNICIPAL AIRPORT, OK US","2013-09-13","0.03","85","69"
"USW00053913","GUTHRIE MUNICIPAL AIRPORT, OK US","2013-09-14","0.00","84","66"
"USW00053913","GUTHRIE MUNICIPAL AIRPORT, OK US","2013-09-15","0.00","93","70"
"USW00053913","GUTHRIE MUNICIPAL AIRPORT, OK US","2013-09-16","1.75","89","69"
"USW00053913","GUTHRIE MUNICIPAL AIRPORT, OK US","2013-09-17","0.08","88","71"
"USW00053913","GUTHRIE MUNICIPAL AIRPORT, OK US","2013-09-18","0.00","93","72"
"USW00053913","GUTHRIE MUNICIPAL AIRPORT, OK US","2013-09-19","0.00","89","71"
"USW00053913","GUTHRIE MUNICIPAL AIRPORT, OK US","2013-09-20","0.07","72","56"
"USW00053913","GUTHRIE MUNICIPAL AIRPORT, OK US","2013-09-21","0.00","83","51"
"USW00053913","GUTHRIE MUNICIPAL AIRPORT, OK US","2013-09-22","0.00","82","57"
"USW00053913","GUTHRIE MUNICIPAL AIRPORT, OK US","2013-09-23","0.00","83","57"
"USW00053913","GUTHRIE MUNICIPAL AIRPORT, OK US","2013-09-24","0.00","87","58"
"USW00053913","GUTHRIE MUNICIPAL AIRPORT, OK US","2013-09-25","0.00","88","52"
"USW00053913","GUTHRIE MUNICIPAL AIRPORT, OK US","2013-09-26","0.00","94","68"
"USW00053913","GUTHRIE MUNICIPAL AIRPORT, OK US","2013-09-27","0.00","90","66"
"USW00053913","GUTHRIE MUNICIPAL AIRPORT, OK US","2013-09-28","1.95","80","53"
"USW00053913","GUTHRIE MUNICIPAL AIRPORT, OK US","2013-09-29","0.00","78","48"
"USW00053913","GUTHRIE MUNICIPAL AIRPORT, OK US","2013-09-30","0.00","84","52"
"USW00053913","GUTHRIE MUNICIPAL AIRPORT, OK US","2013-10-01","0.00","88","60"
"USW00053913","GUTHRIE MUNICIPAL AIRPORT, OK US","2013-10-02","0.00","87","71"
"USW00053913","GUTHRIE MUNICIPAL AIRPORT, OK US","2013-10-03","0.00","90","73"
"USW00053913","GUTHRIE MUNICIPAL AIRPORT, OK US","2013-10-04","0.82","88","61"
"USW00053913","GUTHRIE MUNICIPAL AIRPORT, OK US","2013-10-05","0.12","66","47"
"USW00053913","GUTHRIE MUNICIPAL AIRPORT, OK US","2013-10-06","0.00","72","44"
"USW00053913","GUTHRIE MUNICIPAL AIRPORT, OK US","2013-10-07","0.00","77","42"
"USW00053913","GUTHRIE MUNICIPAL AIRPORT, OK US","2013-10-08","0.00","79","50"
"USW00053913","GUTHRIE MUNICIPAL AIRPORT, OK US","2013-10-09","0.00","82","58"
"USW00053913","GUTHRIE MUNICIPAL AIRPORT, OK US","2013-10-10","0.00","83","61"
"USW00053913","GUTHRIE MUNICIPAL AIRPORT, OK US","2013-10-11","0.00","86","65"
"USW00053913","GUTHRIE MUNICIPAL AIRPORT, OK US","2013-10-12","0.00","76","56"
"USW00053913","GUTHRIE MUNICIPAL AIRPORT, OK US","2013-10-13","0.00","71","56"
"USW00053913","GUTHRIE MUNICIPAL AIRPORT, OK US","2013-10-14","0.67","72","64"
"USW00053913","GUTHRIE MUNICIPAL AIRPORT, OK US","2013-10-15","0.06","68","51"
"USW00053913","GUTHRIE MUNICIPAL AIRPORT, OK US","2013-10-16","0.01","57","43"
"USW00053913","GUTHRIE MUNICIPAL AIRPORT, OK US","2013-10-17","0.00","69","39"
"USW00053913","GUTHRIE MUNICIPAL AIRPORT, OK US","2013-10-18","0.04","53","35"
"USW00053913","GUTHRIE MUNICIPAL AIRPORT, OK US","2013-10-19","0.00","67","32"
"USW00053913","GUTHRIE MUNICIPAL AIRPORT, OK US","2013-10-20","0.00","72","43"
"USW00053913","GUTHRIE MUNICIPAL AIRPORT, OK US","2013-10-21","0.00","64","42"
"USW00053913","GUTHRIE MUNICIPAL AIRPORT, OK US","2013-10-22","0.00","76","42"
"USW00053913","GUTHRIE MUNICIPAL AIRPORT, OK US","2013-10-23","0.00","74","44"
"USW00053913","GUTHRIE MUNICIPAL AIRPORT, OK US","2013-10-24","0.00","61","42"
"USW00053913","GUTHRIE MUNICIPAL AIRPORT, OK US","2013-10-25","0.00","62","39"
"USW00053913","GUTHRIE MUNICIPAL AIRPORT, OK US","2013-10-26","0.00","68","50"
"USW00053913","GUTHRIE MUNICIPAL AIRPORT, OK US","2013-10-27","0.00","69","35"
"USW00053913","GUTHRIE MUNICIPAL AIRPORT, OK US","2013-10-28","0.00","67","55"
"USW00053913","GUTHRIE MUNICIPAL AIRPORT, OK US","2013-10-29","0.00","78","67"
"USW00053913","GUTHRIE MUNICIPAL AIRPORT, OK US","2013-10-30","0.01","78","67"
"USW00053913","GUTHRIE MUNICIPAL AIRPORT, OK US","2013-10-31","0.20","69","49"
"USW00053913","GUTHRIE MUNICIPAL AIRPORT, OK US","2013-11-01","0.00","70","42"
"USW00053913","GUTHRIE MUNICIPAL AIRPORT, OK US","2013-11-02","0.00","64","37"
"USW00053913","GUTHRIE MUNICIPAL AIRPORT, OK US","2013-11-03","0.00","65","45"
"USW00053913","GUTHRIE MUNICIPAL AIRPORT, OK US","2013-11-04","0.00","65","53"
"USW00053913","GUTHRIE MUNICIPAL AIRPORT, OK US","2013-11-05","2.23","67","47"
"USW00053913","GUTHRIE MUNICIPAL AIRPORT, OK US","2013-11-06","0.02","56","36"
"USW00053913","GUTHRIE MUNICIPAL AIRPORT, OK US","2013-11-07","0.00","66","33"
"USW00053913","GUTHRIE MUNICIPAL AIRPORT, OK US","2013-11-08","0.00","68","41"
"USW00053913","GUTHRIE MUNICIPAL AIRPORT, OK US","2013-11-09","0.00","70","48"
"USW00053913","GUTHRIE MUNICIPAL AIRPORT, OK US","2013-11-10","0.00","65","48"
"USW00053913","GUTHRIE MUNICIPAL AIRPORT, OK US","2013-11-11","0.00","71","41"
"USW00053913","GUTHRIE MUNICIPAL AIRPORT, OK US","2013-11-12","0.00","43","24"
"USW00053913","GUTHRIE MUNICIPAL AIRPORT, OK US","2013-11-13","0.00","53","19"
"USW00053913","GUTHRIE MUNICIPAL AIRPORT, OK US","2013-11-14","0.01","60","36"
"USW00053913","GUTHRIE MUNICIPAL AIRPORT, OK US","2013-11-15","0.00","67","43"
"USW00053913","GUTHRIE MUNICIPAL AIRPORT, OK US","2013-11-16","0.00","79","61"
"USW00053913","GUTHRIE MUNICIPAL AIRPORT, OK US","2013-11-17","0.00","73","40"
"USW00053913","GUTHRIE MUNICIPAL AIRPORT, OK US","2013-11-18","0.00","65","33"
"USW00053913","GUTHRIE MUNICIPAL AIRPORT, OK US","2013-11-19","0.00","62","50"
"USW00053913","GUTHRIE MUNICIPAL AIRPORT, OK US","2013-11-20","0.00","64","54"
"USW00053913","GUTHRIE MUNICIPAL AIRPORT, OK US","2013-11-21","0.00","66","30"
"USW00053913","GUTHRIE MUNICIPAL AIRPORT, OK US","2013-11-22","0.00","32","28"
"USW00053913","GUTHRIE MUNICIPAL AIRPORT, OK US","2013-11-23","0.00","43","28"
"USW00053913","GUTHRIE MUNICIPAL AIRPORT, OK US","2013-11-24","0.00","29","25"
"USW00053913","GUTHRIE MUNICIPAL AIRPORT, OK US","2013-11-25","0.10","37","29"
"USW00053913","GUTHRIE MUNICIPAL AIRPORT, OK US","2013-11-26","0.00","48","28"
"USW00053913","GUTHRIE MUNICIPAL AIRPORT, OK US","2013-11-27","0.00","41","16"
"USW00053913","GUTHRIE MUNICIPAL AIRPORT, OK US","2013-11-28","0.00","59","32"
"USW00053913","GUTHRIE MUNICIPAL AIRPORT, OK US","2013-11-29","0.00","60","33"
"USW00053913","GUTHRIE MUNICIPAL AIRPORT, OK US","2013-11-30","0.00","62","40"
"USW00053913","GUTHRIE MUNICIPAL AIRPORT, OK US","2013-12-01","0.00","60","36"
"USW00053913","GUTHRIE MUNICIPAL AIRPORT, OK US","2013-12-02","0.00","66","39"
"USW00053913","GUTHRIE MUNICIPAL AIRPORT, OK US","2013-12-03","0.00","68","43"
"USW00053913","GUTHRIE MUNICIPAL AIRPORT, OK US","2013-12-04","0.00","52","30"
"USW00053913","GUTHRIE MUNICIPAL AIRPORT, OK US","2013-12-05","0.00","30","19"
"USW00053913","GUTHRIE MUNICIPAL AIRPORT, OK US","2013-12-06","0.00","27","11"
"USW00053913","GUTHRIE MUNICIPAL AIRPORT, OK US","2013-12-07","0.00","22","5"
"USW00053913","GUTHRIE MUNICIPAL AIRPORT, OK US","2013-12-08","0.00","28","19"
"USW00053913","GUTHRIE MUNICIPAL AIRPORT, OK US","2013-12-09","0.00","27","14"
"USW00053913","GUTHRIE MUNICIPAL AIRPORT, OK US","2013-12-10","0.00","41","8"
"USW00053913","GUTHRIE MUNICIPAL AIRPORT, OK US","2013-12-11","0.00","41","20"
"USW00053913","GUTHRIE MUNICIPAL AIRPORT, OK US","2013-12-12","0.00","42","15"
"USW00053913","GUTHRIE MUNICIPAL AIRPORT, OK US","2013-12-13","0.04","53","38"
"USW00053913","GUTHRIE MUNICIPAL AIRPORT, OK US","2013-12-14","0.00","42","25"
"USW00053913","GUTHRIE MUNICIPAL AIRPORT, OK US","2013-12-15","0.00","62","24"
"USW00053913","GUTHRIE MUNICIPAL AIRPORT, OK US","2013-12-16","0.00","71","35"
"USW00053913","GUTHRIE MUNICIPAL AIRPORT, OK US","2013-12-17","0.00","65","31"
"USW00053913","GUTHRIE MUNICIPAL AIRPORT, OK US","2013-12-18","0.00","71","35"
"USW00053913","GUTHRIE MUNICIPAL AIRPORT, OK US","2013-12-19","0.00","68","55"
"USW00053913","GUTHRIE MUNICIPAL AIRPORT, OK US","2013-12-20","0.00","62","26"
"USW00053913","GUTHRIE MUNICIPAL AIRPORT, OK US","2013-12-21","0.00","32","28"
"USW00053913","GUTHRIE MUNICIPAL AIRPORT, OK US","2013-12-22","0.00","29","17"
"USW00053913","GUTHRIE MUNICIPAL AIRPORT, OK US","2013-12-23","0.00","28","16"
"USW00053913","GUTHRIE MUNICIPAL AIRPORT, OK US","2013-12-24","0.00","38","21"
"USW00053913","GUTHRIE MUNICIPAL AIRPORT, OK US","2013-12-25","0.00","44","26"
"USW00053913","GUTHRIE MUNICIPAL AIRPORT, OK US","2013-12-26","0.00","55","22"
"USW00053913","GUTHRIE MUNICIPAL AIRPORT, OK US","2013-12-27","0.00","61","29"
"USW00053913","GUTHRIE MUNICIPAL AIRPORT, OK US","2013-12-28","0.00","61","32"
"USW00053913","GUTHRIE MUNICIPAL AIRPORT, OK US","2013-12-29","0.00","43","19"
"USW00053913","GUTHRIE MUNICIPAL AIRPORT, OK US","2013-12-30","0.00","39","11"
"USW00053913","GUTHRIE MUNICIPAL AIRPORT, OK US","2013-12-31","0.00","57","24"
"USW00053913","GUTHRIE MUNICIPAL AIRPORT, OK US","2014-01-01","0.00","51","19"
"USW00053913","GUTHRIE MUNICIPAL AIRPORT, OK US","2014-01-02","0.00","37","13"
"USW00053913","GUTHRIE MUNICIPAL AIRPORT, OK US","2014-01-03","0.00","50","24"
"USW00053913","GUTHRIE MUNICIPAL AIRPORT, OK US","2014-01-04","0.00","55","26"
"USW00053913","GUTHRIE MUNICIPAL AIRPORT, OK US","2014-01-05","0.00","26","9"
"USW00053913","GUTHRIE MUNICIPAL AIRPORT, OK US","2014-01-06","0.00","21","-1"
"USW00053913","GUTHRIE MUNICIPAL AIRPORT, OK US","2014-01-07","0.00","49","16"
"USW00053913","GUTHRIE MUNICIPAL AIRPORT, OK US","2014-01-08","0.00","41","33"
"USW00053913","GUTHRIE MUNICIPAL AIRPORT, OK US","2014-01-09","0.00","39","33"
"USW00053913","GUTHRIE MUNICIPAL AIRPORT, OK US","2014-01-10","0.00","59","32"
"USW00053913","GUTHRIE MUNICIPAL AIRPORT, OK US","2014-01-11","0.00","61","31"
"USW00053913","GUTHRIE MUNICIPAL AIRPORT, OK US","2014-01-12","0.00","74","46"
"USW00053913","GUTHRIE MUNICIPAL AIRPORT, OK US","2014-01-13","0.00","58","39"
"USW00053913","GUTHRIE MUNICIPAL AIRPORT, OK US","2014-01-14","0.00","53","26"
"USW00053913","GUTHRIE MUNICIPAL AIRPORT, OK US","2014-01-15","0.00","55","21"
"USW00053913","GUTHRIE MUNICIPAL AIRPORT, OK US","2014-01-16","0.00","59","31"
"USW00053913","GUTHRIE MUNICIPAL AIRPORT, OK US","2014-01-17","0.00","49","26"
"USW00053913","GUTHRIE MUNICIPAL AIRPORT, OK US","2014-01-18","0.00","63","34"
"USW00053913","GUTHRIE MUNICIPAL AIRPORT, OK US","2014-01-19","0.00","67","22"
"USW00053913","GUTHRIE MUNICIPAL AIRPORT, OK US","2014-01-20","0.00","65","34"
"USW00053913","GUTHRIE MUNICIPAL AIRPORT, OK US","2014-01-21","0.00","42","19"
"USW00053913","GUTHRIE MUNICIPAL AIRPORT, OK US","2014-01-22","0.00","50","21"
"USW00053913","GUTHRIE MUNICIPAL AIRPORT, OK US","2014-01-23","0.00","34","3"
"USW00053913","GUTHRIE MUNICIPAL AIRPORT, OK US","2014-01-24","0.00","45","1"
"USW00053913","GUTHRIE MUNICIPAL AIRPORT, OK US","2014-01-25","0.00","67","32"
"USW00053913","GUTHRIE MUNICIPAL AIRPORT, OK US","2014-01-26","0.00","68","37"
"USW00053913","GUTHRIE MUNICIPAL AIRPORT, OK US","2014-01-27","0.00","37","18"
"USW00053913","GUTHRIE MUNICIPAL AIRPORT, OK US","2014-01-28","0.00","31","12"
"USW00053913","GUTHRIE MUNICIPAL AIRPORT, OK US","2014-01-29","0.00","50","13"
"USW00053913","GUTHRIE MUNICIPAL AIRPORT, OK US","2014-01-30","0.00","54","34"
"USW00053913","GUTHRIE MUNICIPAL AIRPORT, OK US","2014-01-31","0.00","44","29"
"USW00053913","GUTHRIE MUNICIPAL AIRPORT, OK US","2014-02-01","0.00","36","27"
"USW00053913","GUTHRIE MUNICIPAL AIRPORT, OK US","2014-02-02","0.01","34","20"
"USW00053913","GUTHRIE MUNICIPAL AIRPORT, OK US","2014-02-03","0.00","36","12"
"USW00053913","GUTHRIE MUNICIPAL AIRPORT, OK US","2014-02-04","0.06","34","23"
"USW00053913","GUTHRIE MUNICIPAL AIRPORT, OK US","2014-02-05","0.00","23","9"
"USW00053913","GUTHRIE MUNICIPAL AIRPORT, OK US","2014-02-06","0.00","17","8"
"USW00053913","GUTHRIE MUNICIPAL AIRPORT, OK US","2014-02-07","0.00","28","15"
"USW00053913","GUTHRIE MUNICIPAL AIRPORT, OK US","2014-02-08","0.01","34","27"
"USW00053913","GUTHRIE MUNICIPAL AIRPORT, OK US","2014-02-09","0.02","33","25"
"USW00053913","GUTHRIE MUNICIPAL AIRPORT, OK US","2014-02-10","0.00","31","18"
"USW00053913","GUTHRIE MUNICIPAL AIRPORT, OK US","2014-02-11","0.03","37","16"
"USW00053913","GUTHRIE MUNICIPAL AIRPORT, OK US","2014-02-12","0.00","46","16"
"USW00053913","GUTHRIE MUNICIPAL AIRPORT, OK US","2014-02-13","0.00","63","20"
"USW00053913","GUTHRIE MUNICIPAL AIRPORT, OK US","2014-02-14","0.00","62","33"
"USW00053913","GUTHRIE MUNICIPAL AIRPORT, OK US","2014-02-15","0.00","68","30"
"USW00053913","GUTHRIE MUNICIPAL AIRPORT, OK US","2014-02-16","0.00","71","34"
"USW00053913","GUTHRIE MUNICIPAL AIRPORT, OK US","2014-02-17","0.00","67","40"
"USW00053913","GUTHRIE MUNICIPAL AIRPORT, OK US","2014-02-18","0.00","76","36"
"USW00053913","GUTHRIE MUNICIPAL AIRPORT, OK US","2014-02-19","0.00","65","47"
"USW00053913","GUTHRIE MUNICIPAL AIRPORT, OK US","2014-02-20","0.00","65","35"
"USW00053913","GUTHRIE MUNICIPAL AIRPORT, OK US","2014-02-21","0.00","65","26"
"USW00053913","GUTHRIE MUNICIPAL AIRPORT, OK US","2014-02-22","0.00","68","45"
"USW00053913","GUTHRIE MUNICIPAL AIRPORT, OK US","2014-02-23","0.00","54","34"
"USW00053913","GUTHRIE MUNICIPAL AIRPORT, OK US","2014-02-24","0.00","51","25"
"USW00053913","GUTHRIE MUNICIPAL AIRPORT, OK US","2014-02-25","0.00","44","27"
"USW00053913","GUTHRIE MUNICIPAL AIRPORT, OK US","2014-02-26","0.00","36","17"
"USW00053913","GUTHRIE MUNICIPAL AIRPORT, OK US","2014-02-27","0.00","57","16"
"USW00053913","GUTHRIE MUNICIPAL AIRPORT, OK US","2014-02-28","0.05","64","39"
"USW00053913","GUTHRIE MUNICIPAL AIRPORT, OK US","2014-03-01","0.01","42","20"
"USW00053913","GUTHRIE MUNICIPAL AIRPORT, OK US","2014-03-02",,"20","9"
"USW00053913","GUTHRIE MUNICIPAL AIRPORT, OK US","2014-03-03","0.00","23","4"
"USW00053913","GUTHRIE MUNICIPAL AIRPORT, OK US","2014-03-04","0.00","49","10"
"USW00053913","GUTHRIE MUNICIPAL AIRPORT, OK US","2014-03-05","0.30","53","31"
"USW00053913","GUTHRIE MUNICIPAL AIRPORT, OK US","2014-03-06","0.14","54","33"
"USW00053913","GUTHRIE MUNICIPAL AIRPORT, OK US","2014-03-07","0.00","67","40"
"USW00053913","GUTHRIE MUNICIPAL AIRPORT, OK US","2014-03-08","0.03","51","32"
"USW00053913","GUTHRIE MUNICIPAL AIRPORT, OK US","2014-03-09","0.00","62","23"
"USW00053913","GUTHRIE MUNICIPAL AIRPORT, OK US","2014-03-10","0.00","79","40"
"USW00053913","GUTHRIE MUNICIPAL AIRPORT, OK US","2014-03-11","0.00","81","45"
"USW00053913","GUTHRIE MUNICIPAL AIRPORT, OK US","2014-03-12","0.00","60","35"
"USW00053913","GUTHRIE MUNICIPAL AIRPORT, OK US","2014-03-13","0.00","70","35"
"USW00053913","GUTHRIE MUNICIPAL AIRPORT, OK US","2014-03-14","0.00","73","48"
"USW00053913","GUTHRIE MUNICIPAL AIRPORT, OK US","2014-03-15","0.29","67","41"
"USW00053913","GUTHRIE MUNICIPAL AIRPORT, OK US","2014-03-16","0.19","52","28"
"USW00053913","GUTHRIE MUNICIPAL AIRPORT, OK US","2014-03-17","0.00","61","22"
"USW00053913","GUTHRIE MUNICIPAL AIRPORT, OK US","2014-03-18","0.00","73","43"
"USW00053913","GUTHRIE MUNICIPAL AIRPORT, OK US","2014-03-19","0.00","61","36"
"USW00053913","GUTHRIE MUNICIPAL AIRPORT, OK US","2014-03-20","0.00","73","34"
"USW00053913","GUTHRIE MUNICIPAL AIRPORT, OK US","2014-03-21","0.00","74","54"
"USW00053913","GUTHRIE MUNICIPAL AIRPORT, OK US","2014-03-22","0.00","57","41"
"USW00053913","GUTHRIE MUNICIPAL AIRPORT, OK US","2014-03-23","0.00","49","31"
"USW00053913","GUTHRIE MUNICIPAL AIRPORT, OK US","2014-03-24","0.00","65","32"
"USW00053913","GUTHRIE MUNICIPAL AIRPORT, OK US","2014-03-25","0.00","56","24"
"USW00053913","GUTHRIE MUNICIPAL AIRPORT, OK US","2014-03-26","0.18","57","39"
"USW00053913","GUTHRIE MUNICIPAL AIRPORT, OK US","2014-03-27","0.00","82","53"
"USW00053913","GUTHRIE MUNICIPAL AIRPORT, OK US","2014-03-28","0.00","58","34"
"USW00053913","GUTHRIE MUNICIPAL AIRPORT, OK US","2014-03-29","0.00","71","29"
"USW00053913","GUTHRIE MUNICIPAL AIRPORT, OK US","2014-03-30","0.00","81","52"
"USW00053913","GUTHRIE MUNICIPAL AIRPORT, OK US","2014-03-31","0.00","85","57"
"USW00053913","GUTHRIE MUNICIPAL AIRPORT, OK US","2014-04-01","0.00","63","46"
"USW00053913","GUTHRIE MUNICIPAL AIRPORT, OK US","2014-04-02","0.00","86","51"
"USW00053913","GUTHRIE MUNICIPAL AIRPORT, OK US","2014-04-03","0.00","76","43"
"USW00053913","GUTHRIE MUNICIPAL AIRPORT, OK US","2014-04-04","0.00","62","37"
"USW00053913","GUTHRIE MUNICIPAL AIRPORT, OK US","2014-04-05","0.00","70","43"
"USW00053913","GUTHRIE MUNICIPAL AIRPORT, OK US","2014-04-06","0.00","55","40"
"USW00053913","GUTHRIE MUNICIPAL AIRPORT, OK US","2014-04-07","0.06","70","44"
"USW00053913","GUTHRIE MUNICIPAL AIRPORT, OK US","2014-04-08","0.00","70","42"
"USW00053913","GUTHRIE MUNICIPAL AIRPORT, OK US","2014-04-09","0.00","84","41"
"USW00053913","GUTHRIE MUNICIPAL AIRPORT, OK US","2014-04-10","0.00","87","63"
"USW00053913","GUTHRIE MUNICIPAL AIRPORT, OK US","2014-04-11","0.00","84","53"
"USW00053913","GUTHRIE MUNICIPAL AIRPORT, OK US","2014-04-12","0.00","87","62"
"USW00053913","GUTHRIE MUNICIPAL AIRPORT, OK US","2014-04-13","0.35","88","41"
"USW00053913","GUTHRIE MUNICIPAL AIRPORT, OK US","2014-04-14","0.01","51","30"
"USW00053913","GUTHRIE MUNICIPAL AIRPORT, OK US","2014-04-15","0.00","65","28"
"USW00053913","GUTHRIE MUNICIPAL AIRPORT, OK US","2014-04-16","0.00","71","49"
"USW00053913","GUTHRIE MUNICIPAL AIRPORT, OK US","2014-04-17","0.01","58","45"
"USW00053913","GUTHRIE MUNICIPAL AIRPORT, OK US","2014-04-18","0.00","76","36"
"USW00053913","GUTHRIE MUNICIPAL AIRPORT, OK US","2014-04-19","0.00","82","54"
"USW00053913","GUTHRIE MUNICIPAL AIRPORT, OK US","2014-04-20","0.00","77","60"
"USW00053913","GUTHRIE MUNICIPAL AIRPORT, OK US","2014-04-21","0.11","77","55"
"USW00053913","GUTHRIE MUNICIPAL AIRPORT, OK US","2014-04-22","0.00","81","51"
"USW00053913","GUTHRIE MUNICIPAL AIRPORT, OK US","2014-04-23","0.13","88","57"
"USW00053913","GUTHRIE MUNICIPAL AIRPORT, OK US","2014-04-24","0.00","74","50"
"USW00053913","GUTHRIE MUNICIPAL AIRPORT, OK US","2014-04-25","0.00","84","46"
"USW00053913","GUTHRIE MUNICIPAL AIRPORT, OK US","2014-04-26","0.00","92","66"
"USW00053913","GUTHRIE MUNICIPAL AIRPORT, OK US","2014-04-27","0.47","83","59"
"USW00053913","GUTHRIE MUNICIPAL AIRPORT, OK US","2014-04-28","0.00","76","50"
"USW00053913","GUTHRIE MUNICIPAL AIRPORT, OK US","2014-04-29","0.00","57","49"
"USW00053913","GUTHRIE MUNICIPAL AIRPORT, OK US","2014-04-30","0.00","64","39"
"USW00053913","GUTHRIE MUNICIPAL AIRPORT, OK US","2014-05-01","0.00","70","37"
"USW00053913","GUTHRIE MUNICIPAL AIRPORT, OK US","2014-05-02","0.00","75","36"
"USW00053913","GUTHRIE MUNICIPAL AIRPORT, OK US","2014-05-03","0.00","90","49"
"USW00053913","GUTHRIE MUNICIPAL AIRPORT, OK US","2014-05-04","0.00","99","64"
"USW00053913","GUTHRIE MUNICIPAL AIRPORT, OK US","2014-05-05","0.00","98","72"
"USW00053913","GUTHRIE MUNICIPAL AIRPORT, OK US","2014-05-06","0.00","96","70"
"USW00053913","GUTHRIE MUNICIPAL AIRPORT, OK US","2014-05-07","0.05","92","67"
"USW00053913","GUTHRIE MUNICIPAL AIRPORT, OK US","2014-05-08","0.07","84","64"
"USW00053913","GUTHRIE MUNICIPAL AIRPORT, OK US","2014-05-09","0.00","82","60"
"USW00053913","GUTHRIE MUNICIPAL AIRPORT, OK US","2014-05-10","0.00","92","62"
"USW00053913","GUTHRIE MUNICIPAL AIRPORT, OK US","2014-05-11","0.00","88","73"
"USW00053913","GUTHRIE MUNICIPAL AIRPORT, OK US","2014-05-12","0.10","79","53"
"USW00053913","GUTHRIE MUNICIPAL AIRPORT, OK US","2014-05-13","0.00","69","47"
"USW00053913","GUTHRIE MUNICIPAL AIRPORT, OK US","2014-05-14","0.00","71","44"
"USW00053913","GUTHRIE MUNICIPAL AIRPORT, OK US","2014-05-15","0.00","74","49"
"USW00053913","GUTHRIE MUNICIPAL AIRPORT, OK US","2014-05-16","0.01","80","44"
"USW00053913","GUTHRIE MUNICIPAL AIRPORT, OK US","2014-05-17","0.00","73","50"
"USW00053913","GUTHRIE MUNICIPAL AIRPORT, OK US","2014-05-18","0.00","81","53"
"USW00053913","GUTHRIE MUNICIPAL AIRPORT, OK US","2014-05-19","0.00","89","68"
"USW00053913","GUTHRIE MUNICIPAL AIRPORT, OK US","2014-05-20","0.00","94","71"
"USW00053913","GUTHRIE MUNICIPAL AIRPORT, OK US","2014-05-21","0.00","94","73"
"USW00053913","GUTHRIE MUNICIPAL AIRPORT, OK US","2014-05-22","0.00","93","70"
"USW00053913","GUTHRIE MUNICIPAL AIRPORT, OK US","2014-05-23","0.22","84","68"
"USW00053913","GUTHRIE MUNICIPAL AIRPORT, OK US","2014-05-24","0.14","87","66"
"USW00053913","GUTHRIE MUNICIPAL AIRPORT, OK US","2014-05-25","0.21","84","67"
"USW00053913","GUTHRIE MUNICIPAL AIRPORT, OK US","2014-05-26","0.21","81","65"
"USW00053913","GUTHRIE MUNICIPAL AIRPORT, OK US","2014-05-27","0.15","71","64"
"USW00053913","GUTHRIE MUNICIPAL AIRPORT, OK US","2014-05-28","0.00","87","61"
"USW00053913","GUTHRIE MUNICIPAL AIRPORT, OK US","2014-05-29","0.00","91","62"
"USW00053913","GUTHRIE MUNICIPAL AIRPORT, OK US","2014-05-30","0.00","88","67"
"USW00053913","GUTHRIE MUNICIPAL AIRPORT, OK US","2014-05-31","0.00","88","66"
"USW00053913","GUTHRIE MUNICIPAL AIRPORT, OK US","2014-06-01","0.00","89","69"
"USW00053913","GUTHRIE MUNICIPAL AIRPORT, OK US","2014-06-02","0.12","90","67"
"USW00053913","GUTHRIE MUNICIPAL AIRPORT, OK US","2014-06-03","0.00","92","73"
"USW00053913","GUTHRIE MUNICIPAL AIRPORT, OK US","2014-06-04","0.00","97","75"
"USW00053913","GUTHRIE MUNICIPAL AIRPORT, OK US","2014-06-05","0.02","93","75"
"USW00053913","GUTHRIE MUNICIPAL AIRPORT, OK US","2014-06-06","0.44","88","69"
"USW00053913","GUTHRIE MUNICIPAL AIRPORT, OK US","2014-06-07","0.33","85","65"
"USW00053913","GUTHRIE MUNICIPAL AIRPORT, OK US","2014-06-08","0.76","76","66"
"USW00053913","GUTHRIE MUNICIPAL AIRPORT, OK US","2014-06-09","0.05","78","63"
"USW00053913","GUTHRIE MUNICIPAL AIRPORT, OK US","2014-06-10","0.00","83","62"
"USW00053913","GUTHRIE MUNICIPAL AIRPORT, OK US","2014-06-11","0.00","90","60"
"USW00053913","GUTHRIE MUNICIPAL AIRPORT, OK US","2014-06-12","0.59","84","66"
"USW00053913","GUTHRIE MUNICIPAL AIRPORT, OK US","2014-06-13","0.00","84","59"
"USW00053913","GUTHRIE MUNICIPAL AIRPORT, OK US","2014-06-14","0.00","91","70"
"USW00053913","GUTHRIE MUNICIPAL AIRPORT, OK US","2014-06-15","0.10","90","75"
"USW00053913","GUTHRIE MUNICIPAL AIRPORT, OK US","2014-06-16","0.00","92","76"
"USW00053913","GUTHRIE MUNICIPAL AIRPORT, OK US","2014-06-17","0.00","93","77"
"USW00053913","GUTHRIE MUNICIPAL AIRPORT, OK US","2014-06-18","0.00","93","78"
"USW00053913","GUTHRIE MUNICIPAL AIRPORT, OK US","2014-06-19","0.12","87","70"
"USW00053913","GUTHRIE MUNICIPAL AIRPORT, OK US","2014-06-20","0.00","93","69"
"USW00053913","GUTHRIE MUNICIPAL AIRPORT, OK US","2014-06-21","0.00","93","73"
"USW00053913","GUTHRIE MUNICIPAL AIRPORT, OK US","2014-06-22","0.00","91","71"
"USW00053913","GUTHRIE MUNICIPAL AIRPORT, OK US","2014-06-23","0.60","85","66"
"USW00053913","GUTHRIE MUNICIPAL AIRPORT, OK US","2014-06-24","0.00","88","66"
"USW00053913","GUTHRIE MUNICIPAL AIRPORT, OK US","2014-06-25","0.00","90","68"
"USW00053913","GUTHRIE MUNICIPAL AIRPORT, OK US","2014-06-26","0.00","87","72"
"USW00053913","GUTHRIE MUNICIPAL AIRPORT, OK US","2014-06-27","0.00","89","74"
"USW00053913","GUTHRIE MUNICIPAL AIRPORT, OK US","2014-06-28","0.79","85","69"
"USW00053913","GUTHRIE MUNICIPAL AIRPORT, OK US","2014-06-29","0.00","93","77"
"USW00053913","GUTHRIE MUNICIPAL AIRPORT, OK US","2014-06-30","0.00","94","80"
"USW00053913","GUTHRIE MUNICIPAL AIRPORT, OK US","2014-07-01","0.00","85","72"
"USW00053913","GUTHRIE MUNICIPAL AIRPORT, OK US","2014-07-02","0.03","84","68"
"USW00053913","GUTHRIE MUNICIPAL AIRPORT, OK US","2014-07-03","0.00","87","62"
"USW00053913","GUTHRIE MUNICIPAL AIRPORT, OK US","2014-07-04","0.00","92","65"
"USW00053913","GUTHRIE MUNICIPAL AIRPORT, OK US","2014-07-05","0.00","95","74"
"USW00053913","GUTHRIE MUNICIPAL AIRPORT, OK US","2014-07-06","0.00","99","77"
"USW00053913","GUTHRIE MUNICIPAL AIRPORT, OK US","2014-07-07","0.00","102","78"
"USW00053913","GUTHRIE MUNICIPAL AIRPORT, OK US","2014-07-08","0.00","97","75"
"USW00053913","GUTHRIE MUNICIPAL AIRPORT, OK US","2014-07-09","0.00","91","68"
"USW00053913","GUTHRIE MUNICIPAL AIRPORT, OK US","2014-07-10","0.00","92","69"
"USW00053913","GUTHRIE MUNICIPAL AIRPORT, OK US","2014-07-11","0.00","97","75"
"USW00053913","GUTHRIE MUNICIPAL AIRPORT, OK US","2014-07-12","0.00","100","77"
"USW00053913","GUTHRIE MUNICIPAL AIRPORT, OK US","2014-07-13","0.00","104","75"
"USW00053913","GUTHRIE MUNICIPAL AIRPORT, OK US","2014-07-14","0.00","95","74"
"USW00053913","GUTHRIE MUNICIPAL AIRPORT, OK US","2014-07-15","0.00","82","65"
"USW00053913","GUTHRIE MUNICIPAL AIRPORT, OK US","2014-07-16","0.66","70","59"
"USW00053913","GUTHRIE MUNICIPAL AIRPORT, OK US","2014-07-17","1.83","67","60"
"USW00053913","GUTHRIE MUNICIPAL AIRPORT, OK US","2014-07-18","0.00","70","62"
"USW00053913","GUTHRIE MUNICIPAL AIRPORT, OK US","2014-07-19","0.00","81","62"
"USW00053913","GUTHRIE MUNICIPAL AIRPORT, OK US","2014-07-20","0.00","90","65"
"USW00053913","GUTHRIE MUNICIPAL AIRPORT, OK US","2014-07-21","0.00","94","73"
"USW00053913","GUTHRIE MUNICIPAL AIRPORT, OK US","2014-07-22","0.00","97",
"USW00053913","GUTHRIE MUNICIPAL AIRPORT, OK US","2014-07-23","0.00","99",
"USW00053913","GUTHRIE MUNICIPAL AIRPORT, OK US","2014-07-24","0.00","94","69"
"USW00053913","GUTHRIE MUNICIPAL AIRPORT, OK US","2014-07-25","0.00","101","74"
"USW00053913","GUTHRIE MUNICIPAL AIRPORT, OK US","2014-07-26","0.00","102","80"
"USW00053913","GUTHRIE MUNICIPAL AIRPORT, OK US","2014-07-27","0.00","96","73"
"USW00053913","GUTHRIE MUNICIPAL AIRPORT, OK US","2014-07-28","0.00","88","69"
"USW00053913","GUTHRIE MUNICIPAL AIRPORT, OK US","2014-07-29","0.00","92","68"
"USW00053913","GUTHRIE MUNICIPAL AIRPORT, OK US","2014-07-30","1.93","74","67"
"USW00053913","GUTHRIE MUNICIPAL AIRPORT, OK US","2014-07-31","0.01","78","65"
"USW00053913","GUTHRIE MUNICIPAL AIRPORT, OK US","2014-08-01","0.00","85","63"
"USW00053913","GUTHRIE MUNICIPAL AIRPORT, OK US","2014-08-02","0.00","88","67"
"USW00053913","GUTHRIE MUNICIPAL AIRPORT, OK US","2014-08-03","0.00","90","65"
"USW00053913","GUTHRIE MUNICIPAL AIRPORT, OK US","2014-08-04","0.00","91","67"
"USW00053913","GUTHRIE MUNICIPAL AIRPORT, OK US","2014-08-05","0.00","91","68"
"USW00053913","GUTHRIE MUNICIPAL AIRPORT, OK US","2014-08-06","0.00","92","75"
"USW00053913","GUTHRIE MUNICIPAL AIRPORT, OK US","2014-08-07","0.33","94","70"
"USW00053913","GUTHRIE MUNICIPAL AIRPORT, OK US","2014-08-08","0.00","89","70"
"USW00053913","GUTHRIE MUNICIPAL AIRPORT, OK US","2014-08-09","0.00","90","73"
"USW00053913","GUTHRIE MUNICIPAL AIRPORT, OK US","2014-08-10","0.00","91","71"
"USW00053913","GUTHRIE MUNICIPAL AIRPORT, OK US","2014-08-11","0.00","90","65"
"USW00053913","GUTHRIE MUNICIPAL AIRPORT, OK US","2014-08-12","0.00","87","60"
"USW00053913","GUTHRIE MUNICIPAL AIRPORT, OK US","2014-08-13","0.00","89","66"
"USW00053913","GUTHRIE MUNICIPAL AIRPORT, OK US","2014-08-14","0.00","92","67"
"USW00053913","GUTHRIE MUNICIPAL AIRPORT, OK US","2014-08-15","0.00","97","71"
"USW00053913","GUTHRIE MUNICIPAL AIRPORT, OK US","2014-08-16","0.00","93","75"
"USW00053913","GUTHRIE MUNICIPAL AIRPORT, OK US","2014-08-17","0.00","98","72"
"USW00053913","GUTHRIE MUNICIPAL AIRPORT, OK US","2014-08-18","0.52","99","68"
"USW00053913","GUTHRIE MUNICIPAL AIRPORT, OK US","2014-08-19","0.00","95","70"
"USW00053913","GUTHRIE MUNICIPAL AIRPORT, OK US","2014-08-20","0.00","95","75"
"USW00053913","GUTHRIE MUNICIPAL AIRPORT, OK US","2014-08-21","0.00","98","78"
"USW00053913","GUTHRIE MUNICIPAL AIRPORT, OK US","2014-08-22","0.00","101","80"
"USW00053913","GUTHRIE MUNICIPAL AIRPORT, OK US","2014-08-23","0.00","101","73"
"USW00053913","GUTHRIE MUNICIPAL AIRPORT, OK US","2014-08-24","0.00","101","76"
"USW00053913","GUTHRIE MUNICIPAL AIRPORT, OK US","2014-08-25","0.00","102","77"
"USW00053913","GUTHRIE MUNICIPAL AIRPORT, OK US","2014-08-26","0.00","99","74"
"USW00053913","GUTHRIE MUNICIPAL AIRPORT, OK US","2014-08-27","0.00","97","70"
"USW00053913","GUTHRIE MUNICIPAL AIRPORT, OK US","2014-08-28","0.00","94","72"
"USW00053913","GUTHRIE MUNICIPAL AIRPORT, OK US","2014-08-29","0.00","87","67"
"USW00053913","GUTHRIE MUNICIPAL AIRPORT, OK US","2014-08-30","0.00","98","68"
"USW00053913","GUTHRIE MUNICIPAL AIRPORT, OK US","2014-08-31","0.00","99","73"
"USW00053913","GUTHRIE MUNICIPAL AIRPORT, OK US","2014-09-01","0.00","98","79"
"USW00053913","GUTHRIE MUNICIPAL AIRPORT, OK US","2014-09-02","0.04","91","72"
"USW00053913","GUTHRIE MUNICIPAL AIRPORT, OK US","2014-09-03","0.00","98","74"
"USW00053913","GUTHRIE MUNICIPAL AIRPORT, OK US","2014-09-04","0.00","99","79"
"USW00053913","GUTHRIE MUNICIPAL AIRPORT, OK US","2014-09-05","0.09","98","63"
"USW00053913","GUTHRIE MUNICIPAL AIRPORT, OK US","2014-09-06","1.93","72","60"
"USW00053913","GUTHRIE MUNICIPAL AIRPORT, OK US","2014-09-07","0.00","82","58"
"USW00053913","GUTHRIE MUNICIPAL AIRPORT, OK US","2014-09-08","0.00","90","67"
"USW00053913","GUTHRIE MUNICIPAL AIRPORT, OK US","2014-09-09","0.00","96","76"
"USW00053913","GUTHRIE MUNICIPAL AIRPORT, OK US","2014-09-10","0.00","86","67"
"USW00053913","GUTHRIE MUNICIPAL AIRPORT, OK US","2014-09-11","0.00","74","62"
"USW00053913","GUTHRIE MUNICIPAL AIRPORT, OK US","2014-09-12","0.05","63","51"
"USW00053913","GUTHRIE MUNICIPAL AIRPORT, OK US","2014-09-13","0.00","66","50"
"USW00053913","GUTHRIE MUNICIPAL AIRPORT, OK US","2014-09-14","0.00","81","54"
"USW00053913","GUTHRIE MUNICIPAL AIRPORT, OK US","2014-09-15","0.00","88","68"
"USW00053913","GUTHRIE MUNICIPAL AIRPORT, OK US","2014-09-16","0.00","83","67"
"USW00053913","GUTHRIE MUNICIPAL AIRPORT, OK US","2014-09-17","0.00","92","69"
"USW00053913","GUTHRIE MUNICIPAL AIRPORT, OK US","2014-09-18","0.15","89","64"
"USW00053913","GUTHRIE MUNICIPAL AIRPORT, OK US","2014-09-19","0.00","87","66"
"USW00053913","GUTHRIE MUNICIPAL AIRPORT, OK US","2014-09-20","0.00","89","70"
"USW00053913","GUTHRIE MUNICIPAL AIRPORT, OK US","2014-09-21","0.00","82","59"
"USW00053913","GUTHRIE MUNICIPAL AIRPORT, OK US","2014-09-22","0.00","81","53"
"USW00053913","GUTHRIE MUNICIPAL AIRPORT, OK US","2014-09-23","0.00","82","60"
"USW00053913","GUTHRIE MUNICIPAL AIRPORT, OK US","2014-09-24","0.00","85","62"
"USW00053913","GUTHRIE MUNICIPAL AIRPORT, OK US","2014-09-25","0.00","86","59"
"USW00053913","GUTHRIE MUNICIPAL AIRPORT, OK US","2014-09-26","0.00","85","61"
"USW00053913","GUTHRIE MUNICIPAL AIRPORT, OK US","2014-09-27","0.00","86","63"
"USW00053913","GUTHRIE MUNICIPAL AIRPORT, OK US","2014-09-28","0.00","86","61"
"USW00053913","GUTHRIE MUNICIPAL AIRPORT, OK US","2014-09-29","0.00","88","61"
"USW00053913","GUTHRIE MUNICIPAL AIRPORT, OK US","2014-09-30","0.00","90","65"
"USW00053913","GUTHRIE MUNICIPAL AIRPORT, OK US","2014-10-01","0.00","94","73"
"USW00053913","GUTHRIE MUNICIPAL AIRPORT, OK US","2014-10-02","0.00","82","56"
"USW00053913","GUTHRIE MUNICIPAL AIRPORT, OK US","2014-10-03","0.00","65","39"
"USW00053913","GUTHRIE MUNICIPAL AIRPORT, OK US","2014-10-04","0.00","79","37"
"USW00053913","GUTHRIE MUNICIPAL AIRPORT, OK US","2014-10-05","0.19","88","54"
"USW00053913","GUTHRIE MUNICIPAL AIRPORT, OK US","2014-10-06","0.00","84","51"
"USW00053913","GUTHRIE MUNICIPAL AIRPORT, OK US","2014-10-07","0.00","95","62"
"USW00053913","GUTHRIE MUNICIPAL AIRPORT, OK US","2014-10-08","0.00","91","68"
"USW00053913","GUTHRIE MUNICIPAL AIRPORT, OK US","2014-10-09","0.00","89","71"
"USW00053913","GUTHRIE MUNICIPAL AIRPORT, OK US","2014-10-10","0.55","77","54"
"USW00053913","GUTHRIE MUNICIPAL AIRPORT, OK US","2014-10-11","0.05","59","49"
"USW00053913","GUTHRIE MUNICIPAL AIRPORT, OK US","2014-10-12","0.54","73","48"
"USW00053913","GUTHRIE MUNICIPAL AIRPORT, OK US","2014-10-13","0.49","62","53"
"USW00053913","GUTHRIE MUNICIPAL AIRPORT, OK US","2014-10-14","0.00","71","46"
"USW00053913","GUTHRIE MUNICIPAL AIRPORT, OK US","2014-10-15","0.00","77","41"
"USW00053913","GUTHRIE MUNICIPAL AIRPORT, OK US","2014-10-16","0.00","88","55"
"USW00053913","GUTHRIE MUNICIPAL AIRPORT, OK US","2014-10-17","0.00","78","51"
"USW00053913","GUTHRIE MUNICIPAL AIRPORT, OK US","2014-10-18","0.00","70","50"
"USW00053913","GUTHRIE MUNICIPAL AIRPORT, OK US","2014-10-19","0.00","75","47"
"USW00053913","GUTHRIE MUNICIPAL AIRPORT, OK US","2014-10-20","0.00","82","59"
"USW00053913","GUTHRIE MUNICIPAL AIRPORT, OK US","2014-10-21","0.00","84","60"
"USW00053913","GUTHRIE MUNICIPAL AIRPORT, OK US","2014-10-22","0.25","80","58"
"USW00053913","GUTHRIE MUNICIPAL AIRPORT, OK US","2014-10-23","0.14","78","60"
"USW00053913","GUTHRIE MUNICIPAL AIRPORT, OK US","2014-10-24","0.00","84","58"
"USW00053913","GUTHRIE MUNICIPAL AIRPORT, OK US","2014-10-25","0.00","90","60"
"USW00053913","GUTHRIE MUNICIPAL AIRPORT, OK US","2014-10-26","0.00","89","63"
"USW00053913","GUTHRIE MUNICIPAL AIRPORT, OK US","2014-10-27","0.00",,
"USW00053913","GUTHRIE MUNICIPAL AIRPORT, OK US","2014-10-28","0.00","69","42"
"USW00053913","GUTHRIE MUNICIPAL AIRPORT, OK US","2014-10-29","0.00","73","37"
"USW00053913","GUTHRIE MUNICIPAL AIRPORT, OK US","2014-10-30","0.00","76","50"
"USW00053913","GUTHRIE MUNICIPAL AIRPORT, OK US","2014-10-31","0.00","57","35"
"USW00053913","GUTHRIE MUNICIPAL AIRPORT, OK US","2014-11-01","0.00","61","32"
"USW00053913","GUTHRIE MUNICIPAL AIRPORT, OK US","2014-11-02","0.00","64","45"
"USW00053913","GUTHRIE MUNICIPAL AIRPORT, OK US","2014-11-03","0.82","67","53"
"USW00053913","GUTHRIE MUNICIPAL AIRPORT, OK US","2014-11-04","0.62","56","46"
"USW00053913","GUTHRIE MUNICIPAL AIRPORT, OK US","2014-11-05","0.00","61","43"
"USW00053913","GUTHRIE MUNICIPAL AIRPORT, OK US","2014-11-06","0.00","65","38"
"USW00053913","GUTHRIE MUNICIPAL AIRPORT, OK US","2014-11-07","0.00","70","37"
"USW00053913","GUTHRIE MUNICIPAL AIRPORT, OK US","2014-11-08","0.00","60","37"
"USW00053913","GUTHRIE MUNICIPAL AIRPORT, OK US","2014-11-09","0.00","74","37"
"USW00053913","GUTHRIE MUNICIPAL AIRPORT, OK US","2014-11-10","0.00","78","36"
"USW00053913","GUTHRIE MUNICIPAL AIRPORT, OK US","2014-11-11","0.00","39","27"
"USW00053913","GUTHRIE MUNICIPAL AIRPORT, OK US","2014-11-12","0.00","29","21"
"USW00053913","GUTHRIE MUNICIPAL AIRPORT, OK US","2014-11-13","0.00","33","19"
"USW00053913","GUTHRIE MUNICIPAL AIRPORT, OK US","2014-11-14","0.00","38","20"
"USW00053913","GUTHRIE MUNICIPAL AIRPORT, OK US","2014-11-15","0.00","50","28"
"USW00053913","GUTHRIE MUNICIPAL AIRPORT, OK US","2014-11-16","0.02","36","20"
"USW00053913","GUTHRIE MUNICIPAL AIRPORT, OK US","2014-11-17","0.00","34","18"
"USW00053913","GUTHRIE MUNICIPAL AIRPORT, OK US","2014-11-18","0.00","54","18"
"USW00053913","GUTHRIE MUNICIPAL AIRPORT, OK US","2014-11-19","0.00","60","33"
"USW00053913","GUTHRIE MUNICIPAL AIRPORT, OK US","2014-11-20","0.00","61","31"
"USW00053913","GUTHRIE MUNICIPAL AIRPORT, OK US","2014-11-21","0.00","59","40"
"USW00053913","GUTHRIE MUNICIPAL AIRPORT, OK US","2014-11-22","0.05","62","52"
"USW00053913","GUTHRIE MUNICIPAL AIRPORT, OK US","2014-11-23","0.00","62","41"
"USW00053913","GUTHRIE MUNICIPAL AIRPORT, OK US","2014-11-24","0.00","57","30"
"USW00053913","GUTHRIE MUNICIPAL AIRPORT, OK US","2014-11-25","0.00","53","24"
"USW00053913","GUTHRIE MUNICIPAL AIRPORT, OK US","2014-11-26","0.00","56","34"
"USW00053913","GUTHRIE MUNICIPAL AIRPORT, OK US","2014-11-27","0.00","53","25"
"USW00053913","GUTHRIE MUNICIPAL AIRPORT, OK US","2014-11-28","0.00","68","43"
"USW00053913","GUTHRIE MUNICIPAL AIRPORT, OK US","2014-11-29","0.00","75","55"
"USW00053913","GUTHRIE MUNICIPAL AIRPORT, OK US","2014-11-30","0.00","66","28"
"USW00053913","GUTHRIE MUNICIPAL AIRPORT, OK US","2014-12-01","0.00","29","22"
"USW00053913","GUTHRIE MUNICIPAL AIRPORT, OK US","2014-12-02","0.00","45","22"
"USW00053913","GUTHRIE MUNICIPAL AIRPORT, OK US","2014-12-03","0.00","49","36"
"USW00053913","GUTHRIE MUNICIPAL AIRPORT, OK US","2014-12-04","0.09","55","42"
"USW00053913","GUTHRIE MUNICIPAL AIRPORT, OK US","2014-12-05","0.04","59","40"
"USW00053913","GUTHRIE MUNICIPAL AIRPORT, OK US","2014-12-06","0.00","45","39"
"USW00053913","GUTHRIE MUNICIPAL AIRPORT, OK US","2014-12-07","0.00","48","39"
"USW00053913","GUTHRIE MUNICIPAL AIRPORT, OK US","2014-12-08","0.00","62","39"
"USW00053913","GUTHRIE MUNICIPAL AIRPORT, OK US","2014-12-09","0.00","54","32"
"USW00053913","GUTHRIE MUNICIPAL AIRPORT, OK US","2014-12-10","0.00","59","30"
"USW00053913","GUTHRIE MUNICIPAL AIRPORT, OK US","2014-12-11","0.00","60","45"
"USW00053913","GUTHRIE MUNICIPAL AIRPORT, OK US","2014-12-12","0.00","52","46"
"USW00053913","GUTHRIE MUNICIPAL AIRPORT, OK US","2014-12-13","0.00","65","49"
"USW00053913","GUTHRIE MUNICIPAL AIRPORT, OK US","2014-12-14","0.02","64","56"
"USW00053913","GUTHRIE MUNICIPAL AIRPORT, OK US","2014-12-15","0.00","57","37"
"USW00053913","GUTHRIE MUNICIPAL AIRPORT, OK US","2014-12-16","0.00","46","30"
"USW00053913","GUTHRIE MUNICIPAL AIRPORT, OK US","2014-12-17","0.21","39","34"
"USW00053913","GUTHRIE MUNICIPAL AIRPORT, OK US","2014-12-18","0.00","42","37"
"USW00053913","GUTHRIE MUNICIPAL AIRPORT, OK US","2014-12-19","0.00","41","36"
"USW00053913","GUTHRIE MUNICIPAL AIRPORT, OK US","2014-12-20","0.00","46","34"
"USW00053913","GUTHRIE MUNICIPAL AIRPORT, OK US","2014-12-21","0.00","49","40"
"USW00053913","GUTHRIE MUNICIPAL AIRPORT, OK US","2014-12-22","0.00","58","39"
"USW00053913","GUTHRIE MUNICIPAL AIRPORT, OK US","2014-12-23","0.01","46","36"
"USW00053913","GUTHRIE MUNICIPAL AIRPORT, OK US","2014-12-24","0.00","47","32"
"USW00053913","GUTHRIE MUNICIPAL AIRPORT, OK US","2014-12-25","0.00","59","35"
"USW00053913","GUTHRIE MUNICIPAL AIRPORT, OK US","2014-12-26","0.00","60","36"
"USW00053913","GUTHRIE MUNICIPAL AIRPORT, OK US","2014-12-27","0.01","38","21"
"USW00053913","GUTHRIE MUNICIPAL AIRPORT, OK US","2014-12-28","0.00","43","17"
"USW00053913","GUTHRIE MUNICIPAL AIRPORT, OK US","2014-12-29","0.00","45","26"
"USW00053913","GUTHRIE MUNICIPAL AIRPORT, OK US","2014-12-30","0.00","34","19"
"USW00053913","GUTHRIE MUNICIPAL AIRPORT, OK US","2014-12-31","0.00","23","15"
"USW00053913","GUTHRIE MUNICIPAL AIRPORT, OK US","2015-01-01","0.01","32","23"
"USW00053913","GUTHRIE MUNICIPAL AIRPORT, OK US","2015-01-02","0.19","36","31"
"USW00053913","GUTHRIE MUNICIPAL AIRPORT, OK US","2015-01-03","0.14","41","29"
"USW00053913","GUTHRIE MUNICIPAL AIRPORT, OK US","2015-01-04","0.00","29","16"
"USW00053913","GUTHRIE MUNICIPAL AIRPORT, OK US","2015-01-05","0.00","42","13"
"USW00053913","GUTHRIE MUNICIPAL AIRPORT, OK US","2015-01-06","0.00","43","25"
"USW00053913","GUTHRIE MUNICIPAL AIRPORT, OK US","2015-01-07","0.00","27","7"
"USW00053913","GUTHRIE MUNICIPAL AIRPORT, OK US","2015-01-08","0.00","37","7"
"USW00053913","GUTHRIE MUNICIPAL AIRPORT, OK US","2015-01-09","0.00","33","16"
"USW00053913","GUTHRIE MUNICIPAL AIRPORT, OK US","2015-01-10","0.00","38","20"
"USW00053913","GUTHRIE MUNICIPAL AIRPORT, OK US","2015-01-11","0.00","38","32"
"USW00053913","GUTHRIE MUNICIPAL AIRPORT, OK US","2015-01-12","0.00","35","24"
"USW00053913","GUTHRIE MUNICIPAL AIRPORT, OK US","2015-01-13","0.00","37","17"
"USW00053913","GUTHRIE MUNICIPAL AIRPORT, OK US","2015-01-14","0.00","36","21"
"USW00053913","GUTHRIE MUNICIPAL AIRPORT, OK US","2015-01-15","0.00","58","24"
"USW00053913","GUTHRIE MUNICIPAL AIRPORT, OK US","2015-01-16","0.00","65","26"
"USW00053913","GUTHRIE MUNICIPAL AIRPORT, OK US","2015-01-17","0.00","65","34"
"USW00053913","GUTHRIE MUNICIPAL AIRPORT, OK US","2015-01-18","0.00","74","26"
"USW00053913","GUTHRIE MUNICIPAL AIRPORT, OK US","2015-01-19","0.00","72","31"
"USW00053913","GUTHRIE MUNICIPAL AIRPORT, OK US","2015-01-20","0.00","59","30"
"USW00053913","GUTHRIE MUNICIPAL AIRPORT, OK US","2015-01-21","0.01","50","28"
"USW00053913","GUTHRIE MUNICIPAL AIRPORT, OK US","2015-01-22","0.08","50","30"
"USW00053913","GUTHRIE MUNICIPAL AIRPORT, OK US","2015-01-23","0.00","50","20"
"USW00053913","GUTHRIE MUNICIPAL AIRPORT, OK US","2015-01-24","0.00","62","27"
"USW00053913","GUTHRIE MUNICIPAL AIRPORT, OK US","2015-01-25","0.00","57","30"
"USW00053913","GUTHRIE MUNICIPAL AIRPORT, OK US","2015-01-26","0.00","75","26"
"USW00053913","GUTHRIE MUNICIPAL AIRPORT, OK US","2015-01-27","0.00","78","34"
"USW00053913","GUTHRIE MUNICIPAL AIRPORT, OK US","2015-01-28","0.00","80","49"
"USW00053913","GUTHRIE MUNICIPAL AIRPORT, OK US","2015-01-29","0.00","59","33"
"USW00053913","GUTHRIE MUNICIPAL AIRPORT, OK US","2015-01-30","0.00","46","29"
"USW00053913","GUTHRIE MUNICIPAL AIRPORT, OK US","2015-01-31","0.67","45","40"
"USW00053913","GUTHRIE MUNICIPAL AIRPORT, OK US","2015-02-01","0.03","46","20"
"USW00053913","GUTHRIE MUNICIPAL AIRPORT, OK US","2015-02-02","0.00","39","14"
"USW00053913","GUTHRIE MUNICIPAL AIRPORT, OK US","2015-02-03","0.00","59","24"
"USW00053913","GUTHRIE MUNICIPAL AIRPORT, OK US","2015-02-04","0.00","52","25"
"USW00053913","GUTHRIE MUNICIPAL AIRPORT, OK US","2015-02-05","0.00","42","16"
"USW00053913","GUTHRIE MUNICIPAL AIRPORT, OK US","2015-02-06","0.00","62","27"
"USW00053913","GUTHRIE MUNICIPAL AIRPORT, OK US","2015-02-07","0.00","71","43"
"USW00053913","GUTHRIE MUNICIPAL AIRPORT, OK US","2015-02-08","0.00","79","34"
"USW00053913","GUTHRIE MUNICIPAL AIRPORT, OK US","2015-02-09","0.00","68","33"
"USW00053913","GUTHRIE MUNICIPAL AIRPORT, OK US","2015-02-10","0.00","68","37"
"USW00053913","GUTHRIE MUNICIPAL AIRPORT, OK US","2015-02-11","0.00","52","32"
"USW00053913","GUTHRIE MUNICIPAL AIRPORT, OK US","2015-02-12","0.00","46","20"
"USW00053913","GUTHRIE MUNICIPAL AIRPORT, OK US","2015-02-13","0.00","65","33"
"USW00053913","GUTHRIE MUNICIPAL AIRPORT, OK US","2015-02-14","0.00","79","31"
"USW00053913","GUTHRIE MUNICIPAL AIRPORT, OK US","2015-02-15","0.40","39","25"
"USW00053913","GUTHRIE MUNICIPAL AIRPORT, OK US","2015-02-16","0.32","37","20"
"USW00053913","GUTHRIE MUNICIPAL AIRPORT, OK US","2015-02-17","0.00","49","21"
"USW00053913","GUTHRIE MUNICIPAL AIRPORT, OK US","2015-02-18","0.00","40","22"
"USW00053913","GUTHRIE MUNICIPAL AIRPORT, OK US","2015-02-19","0.00","53","21"
"USW00053913","GUTHRIE MUNICIPAL AIRPORT, OK US","2015-02-20","0.00","52","33"
"USW00053913","GUTHRIE MUNICIPAL AIRPORT, OK US","2015-02-21","0.00","58","36"
"USW00053913","GUTHRIE MUNICIPAL AIRPORT, OK US","2015-02-22","0.01","44","22"
"USW00053913","GUTHRIE MUNICIPAL AIRPORT, OK US","2015-02-23","0.07","24","18"
"USW00053913","GUTHRIE MUNICIPAL AIRPORT, OK US","2015-02-24","0.00","42","17"
"USW00053913","GUTHRIE MUNICIPAL AIRPORT, OK US","2015-02-25","0.00","55","24"
"USW00053913","GUTHRIE MUNICIPAL AIRPORT, OK US","2015-02-26","0.00","33","19"
"USW00053913","GUTHRIE MUNICIPAL AIRPORT, OK US","2015-02-27","0.00","20","16"
"USW00053913","GUTHRIE MUNICIPAL AIRPORT, OK US","2015-02-28","0.11","26","18"
"USW00053913","GUTHRIE MUNICIPAL AIRPORT, OK US","2015-03-01","0.00","36","26"
"USW00053913","GUTHRIE MUNICIPAL AIRPORT, OK US","2015-03-02","0.00","38","24"
"USW00053913","GUTHRIE MUNICIPAL AIRPORT, OK US","2015-03-03","0.00","57","38"
"USW00053913","GUTHRIE MUNICIPAL AIRPORT, OK US","2015-03-04","0.03","43","23"
"USW00053913","GUTHRIE MUNICIPAL AIRPORT, OK US","2015-03-05","0.00","44","7"
"USW00053913","GUTHRIE MUNICIPAL AIRPORT, OK US","2015-03-06","0.00","58","27"
"USW00053913","GUTHRIE MUNICIPAL AIRPORT, OK US","2015-03-07","0.00","69","34"
"USW00053913","GUTHRIE MUNICIPAL AIRPORT, OK US","2015-03-08","0.00","66","47"
"USW00053913","GUTHRIE MUNICIPAL AIRPORT, OK US","2015-03-09","0.44","50","45"
"USW00053913","GUTHRIE MUNICIPAL AIRPORT, OK US","2015-03-10","0.00","67","43"
"USW00053913","GUTHRIE MUNICIPAL AIRPORT, OK US","2015-03-11","0.00","76","38"
"USW00053913","GUTHRIE MUNICIPAL AIRPORT, OK US","2015-03-12","0.00","74","42"
"USW00053913","GUTHRIE MUNICIPAL AIRPORT, OK US","2015-03-13","0.19","63","43"
"USW00053913","GUTHRIE MUNICIPAL AIRPORT, OK US","2015-03-14","0.00","69","43"
"USW00053913","GUTHRIE MUNICIPAL AIRPORT, OK US","2015-03-15","0.00","74","33"
"USW00053913","GUTHRIE MUNICIPAL AIRPORT, OK US","2015-03-16","0.00","79","48"
"USW00053913","GUTHRIE MUNICIPAL AIRPORT, OK US","2015-03-17","0.00","67","52"
"USW00053913","GUTHRIE MUNICIPAL AIRPORT, OK US","2015-03-18","0.04","55","47"
"USW00053913","GUTHRIE MUNICIPAL AIRPORT, OK US","2015-03-19","0.02","51","46"
"USW00053913","GUTHRIE MUNICIPAL AIRPORT, OK US","2015-03-20","0.01","59","41"
"USW00053913","GUTHRIE MUNICIPAL AIRPORT, OK US","2015-03-21","0.00","66","41"
"USW00053913","GUTHRIE MUNICIPAL AIRPORT, OK US","2015-03-22","0.00","75","50"
"USW00053913","GUTHRIE MUNICIPAL AIRPORT, OK US","2015-03-23","0.00","80","47"
"USW00053913","GUTHRIE MUNICIPAL AIRPORT, OK US","2015-03-24","0.00","78","53"
"USW00053913","GUTHRIE MUNICIPAL AIRPORT, OK US","2015-03-25","0.15","86","46"
"USW00053913","GUTHRIE MUNICIPAL AIRPORT, OK US","2015-03-26","0.00","61","40"
"USW00053913","GUTHRIE MUNICIPAL AIRPORT, OK US","2015-03-27","0.00","58","41"
"USW00053913","GUTHRIE MUNICIPAL AIRPORT, OK US","2015-03-28","0.00","78","43"
"USW00053913","GUTHRIE MUNICIPAL AIRPORT, OK US","2015-03-29","0.00","75","46"
"USW00053913","GUTHRIE MUNICIPAL AIRPORT, OK US","2015-03-30","0.00","80","42"
"USW00053913","GUTHRIE MUNICIPAL AIRPORT, OK US","2015-03-31","0.00","88","56"
"USW00053913","GUTHRIE MUNICIPAL AIRPORT, OK US","2015-04-01","0.19","84","58"
"USW00053913","GUTHRIE MUNICIPAL AIRPORT, OK US","2015-04-02","0.00","87","66"
"USW00053913","GUTHRIE MUNICIPAL AIRPORT, OK US","2015-04-03","0.00","74","42"
"USW00053913","GUTHRIE MUNICIPAL AIRPORT, OK US","2015-04-04","0.00","67","30"
"USW00053913","GUTHRIE MUNICIPAL AIRPORT, OK US","2015-04-05","0.10","56","48"
"USW00053913","GUTHRIE MUNICIPAL AIRPORT, OK US","2015-04-06","0.00","85","55"
"USW00053913","GUTHRIE MUNICIPAL AIRPORT, OK US","2015-04-07","0.00","90","68"
"USW00053913","GUTHRIE MUNICIPAL AIRPORT, OK US","2015-04-08","0.00","81","70"
"USW00053913","GUTHRIE MUNICIPAL AIRPORT, OK US","2015-04-09","0.00","75","47"
"USW00053913","GUTHRIE MUNICIPAL AIRPORT, OK US","2015-04-10","0.00","72","35"
"USW00053913","GUTHRIE MUNICIPAL AIRPORT, OK US","2015-04-11","0.47","71","51"
"USW00053913","GUTHRIE MUNICIPAL AIRPORT, OK US","2015-04-12","0.00","82","61"
"USW00053913","GUTHRIE MUNICIPAL AIRPORT, OK US","2015-04-13","0.86","70","54"
"USW00053913","GUTHRIE MUNICIPAL AIRPORT, OK US","2015-04-14","0.01","57","51"
"USW00053913","GUTHRIE MUNICIPAL AIRPORT, OK US","2015-04-15","0.00","73","51"
"USW00053913","GUTHRIE MUNICIPAL AIRPORT, OK US","2015-04-16","0.00","81","54"
"USW00053913","GUTHRIE MUNICIPAL AIRPORT, OK US","2015-04-17","0.43","71","57"
"USW00053913","GUTHRIE MUNICIPAL AIRPORT, OK US","2015-04-18","0.01","78","58"
"USW00053913","GUTHRIE MUNICIPAL AIRPORT, OK US","2015-04-19","0.00","71","45"
"USW00053913","GUTHRIE MUNICIPAL AIRPORT, OK US","2015-04-20","0.00","66","40"
"USW00053913","GUTHRIE MUNICIPAL AIRPORT, OK US","2015-04-21","0.01","76","50"
"USW00053913","GUTHRIE MUNICIPAL AIRPORT, OK US","2015-04-22","0.45","66","50"
"USW00053913","GUTHRIE MUNICIPAL AIRPORT, OK US","2015-04-23","0.00","70","52"
"USW00053913","GUTHRIE MUNICIPAL AIRPORT, OK US","2015-04-24","0.01","73","60"
"USW00053913","GUTHRIE MUNICIPAL AIRPORT, OK US","2015-04-25","0.00","83","53"
"USW00053913","GUTHRIE MUNICIPAL AIRPORT, OK US","2015-04-26","0.22","72","52"
"USW00053913","GUTHRIE MUNICIPAL AIRPORT, OK US","2015-04-27","2.09","54","48"
"USW00053913","GUTHRIE MUNICIPAL AIRPORT, OK US","2015-04-28","0.06","65","47"
"USW00053913","GUTHRIE MUNICIPAL AIRPORT, OK US","2015-04-29","0.00","75","42"
"USW00053913","GUTHRIE MUNICIPAL AIRPORT, OK US","2015-04-30","0.00","79","47"
"USW00053913","GUTHRIE MUNICIPAL AIRPORT, OK US","2015-05-01","0.00","81","57"
"USW00053913","GUTHRIE MUNICIPAL AIRPORT, OK US","2015-05-02","0.00","83","57"
"USW00053913","GUTHRIE MUNICIPAL AIRPORT, OK US","2015-05-03","0.00","82","65"
"USW00053913","GUTHRIE MUNICIPAL AIRPORT, OK US","2015-05-04","0.00","84","63"
"USW00053913","GUTHRIE MUNICIPAL AIRPORT, OK US","2015-05-05","1.54","75","61"
"USW00053913","GUTHRIE MUNICIPAL AIRPORT, OK US","2015-05-06","0.48","78","60"
"USW00053913","GUTHRIE MUNICIPAL AIRPORT, OK US","2015-05-07","0.34","80","60"
"USW00053913","GUTHRIE MUNICIPAL AIRPORT, OK US","2015-05-08","0.50","73","59"
"USW00053913","GUTHRIE MUNICIPAL AIRPORT, OK US","2015-05-09","0.23","70","62"
"USW00053913","GUTHRIE MUNICIPAL AIRPORT, OK US","2015-05-10","0.12","79","56"
"USW00053913","GUTHRIE MUNICIPAL AIRPORT, OK US","2015-05-11","0.00","68","45"
"USW00053913","GUTHRIE MUNICIPAL AIRPORT, OK US","2015-05-12","0.00","72","46"
"USW00053913","GUTHRIE MUNICIPAL AIRPORT, OK US","2015-05-13","0.34","65","54"
"USW00053913","GUTHRIE MUNICIPAL AIRPORT, OK US","2015-05-14","0.22","83","63"
"USW00053913","GUTHRIE MUNICIPAL AIRPORT, OK US","2015-05-15","0.29","83","63"
"USW00053913","GUTHRIE MUNICIPAL AIRPORT, OK US","2015-05-16","0.83","79","64"
"USW00053913","GUTHRIE MUNICIPAL AIRPORT, OK US","2015-05-17","0.00","84","63"
"USW00053913","GUTHRIE MUNICIPAL AIRPORT, OK US","2015-05-18","0.00","85","61"
"USW00053913","GUTHRIE MUNICIPAL AIRPORT, OK US","2015-05-19","0.78","65","58"
"USW00053913","GUTHRIE MUNICIPAL AIRPORT, OK US","2015-05-20","0.02","62","53"
"USW00053913","GUTHRIE MUNICIPAL AIRPORT, OK US","2015-05-21","0.00","67","47"
"USW00053913","GUTHRIE MUNICIPAL AIRPORT, OK US","2015-05-22","0.31","59","52"
"USW00053913","GUTHRIE MUNICIPAL AIRPORT, OK US","2015-05-23","0.31","70","57"
"USW00053913","GUTHRIE MUNICIPAL AIRPORT, OK US","2015-05-24","0.34","69","61"
"USW00053913","GUTHRIE MUNICIPAL AIRPORT, OK US","2015-05-25","0.00","79","58"
"USW00053913","GUTHRIE MUNICIPAL AIRPORT, OK US","2015-05-26","0.03","80","54"
"USW00053913","GUTHRIE MUNICIPAL AIRPORT, OK US","2015-05-27","0.00","83","62"
"USW00053913","GUTHRIE MUNICIPAL AIRPORT, OK US","2015-05-28","0.27","81","64"
"USW00053913","GUTHRIE MUNICIPAL AIRPORT, OK US","2015-05-29","0.00","80","65"
"USW00053913","GUTHRIE MUNICIPAL AIRPORT, OK US","2015-05-30","0.00","72","58"
"USW00053913","GUTHRIE MUNICIPAL AIRPORT, OK US","2015-05-31","0.00","74","57"
"USW00053913","GUTHRIE MUNICIPAL AIRPORT, OK US","2015-06-01","0.00","82","56"
"USW00053913","GUTHRIE MUNICIPAL AIRPORT, OK US","2015-06-02","0.00","89","67"
"USW00053913","GUTHRIE MUNICIPAL AIRPORT, OK US","2015-06-03","0.00","90","70"
"USW00053913","GUTHRIE MUNICIPAL AIRPORT, OK US","2015-06-04","0.00","91","69"
"USW00053913","GUTHRIE MUNICIPAL AIRPORT, OK US","2015-06-05","0.00","91","69"
"USW00053913","GUTHRIE MUNICIPAL AIRPORT, OK US","2015-06-06","0.00","93","70"
"USW00053913","GUTHRIE MUNICIPAL AIRPORT, OK US","2015-06-07","0.00","95","69"
"USW00053913","GUTHRIE MUNICIPAL AIRPORT, OK US","2015-06-08","0.00","93","68"
"USW00053913","GUTHRIE MUNICIPAL AIRPORT, OK US","2015-06-09","0.00","94","68"
"USW00053913","GUTHRIE MUNICIPAL AIRPORT, OK US","2015-06-10","0.00","99","72"
"USW00053913","GUTHRIE MUNICIPAL AIRPORT, OK US","2015-06-11","0.00","95","78"
"USW00053913","GUTHRIE MUNICIPAL AIRPORT, OK US","2015-06-12","1.46","89","67"
"USW00053913","GUTHRIE MUNICIPAL AIRPORT, OK US","2015-06-13","0.75","83","67"
"USW00053913","GUTHRIE MUNICIPAL AIRPORT, OK US","2015-06-14","0.00","88","71"
"USW00053913","GUTHRIE MUNICIPAL AIRPORT, OK US","2015-06-15","0.00","86","67"
"USW00053913","GUTHRIE MUNICIPAL AIRPORT, OK US","2015-06-16","0.00","85","71"
"USW00053913","GUTHRIE MUNICIPAL AIRPORT, OK US","2015-06-17","0.00","79","71"
"USW00053913","GUTHRIE MUNICIPAL AIRPORT, OK US","2015-06-18","0.48","81","69"
"USW00053913","GUTHRIE MUNICIPAL AIRPORT, OK US","2015-06-19","0.00","91","67"
"USW00053913","GUTHRIE MUNICIPAL AIRPORT, OK US","2015-06-20","0.00","93","78"
"USW00053913","GUTHRIE MUNICIPAL AIRPORT, OK US","2015-06-21","0.00","90","74"
"USW00053913","GUTHRIE MUNICIPAL AIRPORT, OK US","2015-06-22","0.00","92","75"
"USW00053913","GUTHRIE MUNICIPAL AIRPORT, OK US","2015-06-23","0.00","94","75"
"USW00053913","GUTHRIE MUNICIPAL AIRPORT, OK US","2015-06-24","0.00","95","73"
"USW00053913","GUTHRIE MUNICIPAL AIRPORT, OK US","2015-06-25","0.00","96","76"
"USW00053913","GUTHRIE MUNICIPAL AIRPORT, OK US","2015-06-26","0.00","91","71"
"USW00053913","GUTHRIE MUNICIPAL AIRPORT, OK US","2015-06-27","0.00","87","66"
"USW00053913","GUTHRIE MUNICIPAL AIRPORT, OK US","2015-06-28","0.00","95","63"
"USW00053913","GUTHRIE MUNICIPAL AIRPORT, OK US","2015-06-29","0.00","96","69"
"USW00053913","GUTHRIE MUNICIPAL AIRPORT, OK US","2015-06-30","0.00","96","66"
"USW00053913","GUTHRIE MUNICIPAL AIRPORT, OK US","2015-07-01","0.00","98","78"
"USW00053913","GUTHRIE MUNICIPAL AIRPORT, OK US","2015-07-02","4.17","94","69"
"USW00053913","GUTHRIE MUNICIPAL AIRPORT, OK US","2015-07-03","0.00","91","68"
"USW00053913","GUTHRIE MUNICIPAL AIRPORT, OK US","2015-07-04","0.00","90","70"
"USW00053913","GUTHRIE MUNICIPAL AIRPORT, OK US","2015-07-05","0.00","93","74"
"USW00053913","GUTHRIE MUNICIPAL AIRPORT, OK US","2015-07-06","2.12","92","70"
"USW00053913","GUTHRIE MUNICIPAL AIRPORT, OK US","2015-07-07","0.94","77","65"
"USW00053913","GUTHRIE MUNICIPAL AIRPORT, OK US","2015-07-08","0.04","71","64"
"USW00053913","GUTHRIE MUNICIPAL AIRPORT, OK US","2015-07-09","0.09","84","68"
"USW00053913","GUTHRIE MUNICIPAL AIRPORT, OK US","2015-07-10","0.00","89","73"
"USW00053913","GUTHRIE MUNICIPAL AIRPORT, OK US","2015-07-11","0.00","92","76"
"USW00053913","GUTHRIE MUNICIPAL AIRPORT, OK US","2015-07-12","0.00","95","74"
"USW00053913","GUTHRIE MUNICIPAL AIRPORT, OK US","2015-07-13","0.00","98","75"
"USW00053913","GUTHRIE MUNICIPAL AIRPORT, OK US","2015-07-14","0.00","99","75"
"USW00053913","GUTHRIE MUNICIPAL AIRPORT, OK US","2015-07-15","0.00","97","74"
"USW00053913","GUTHRIE MUNICIPAL AIRPORT, OK US","2015-07-16","0.00","97","75"
"USW00053913","GUTHRIE MUNICIPAL AIRPORT, OK US","2015-07-17","0.00","97","79"
"USW00053913","GUTHRIE MUNICIPAL AIRPORT, OK US","2015-07-18","0.00","97","79"
"USW00053913","GUTHRIE MUNICIPAL AIRPORT, OK US","2015-07-19","0.00","99","77"
"USW00053913","GUTHRIE MUNICIPAL AIRPORT, OK US","2015-07-20","0.13","96","75"
"USW00053913","GUTHRIE MUNICIPAL AIRPORT, OK US","2015-07-21","0.57","79","72"
"USW00053913","GUTHRIE MUNICIPAL AIRPORT, OK US","2015-07-22","0.90","93","72"
"USW00053913","GUTHRIE MUNICIPAL AIRPORT, OK US","2015-07-23","0.00","94","75"
"USW00053913","GUTHRIE MUNICIPAL AIRPORT, OK US","2015-07-24","0.00","97","74"
"USW00053913","GUTHRIE MUNICIPAL AIRPORT, OK US","2015-07-25","0.00","96","73"
"USW00053913","GUTHRIE MUNICIPAL AIRPORT, OK US","2015-07-26","0.00","96","72"
"USW00053913","GUTHRIE MUNICIPAL AIRPORT, OK US","2015-07-27","0.00","96","73"
"USW00053913","GUTHRIE MUNICIPAL AIRPORT, OK US","2015-07-28","0.00","97","75"
"USW00053913","GUTHRIE MUNICIPAL AIRPORT, OK US","2015-07-29","0.00","96","73"
"USW00053913","GUTHRIE MUNICIPAL AIRPORT, OK US","2015-07-30","0.00","90","76"
"USW00053913","GUTHRIE MUNICIPAL AIRPORT, OK US","2015-07-31","0.01","91","73"
"USW00053913","GUTHRIE MUNICIPAL AIRPORT, OK US","2015-08-01","0.00","93","70"
"USW00053913","GUTHRIE MUNICIPAL AIRPORT, OK US","2015-08-02","0.09","88","72"
"USW00053913","GUTHRIE MUNICIPAL AIRPORT, OK US","2015-08-03","0.00","91","71"
"USW00053913","GUTHRIE MUNICIPAL AIRPORT, OK US","2015-08-04","0.03","91","72"
"USW00053913","GUTHRIE MUNICIPAL AIRPORT, OK US","2015-08-05","0.01","98","74"
"USW00053913","GUTHRIE MUNICIPAL AIRPORT, OK US","2015-08-06","0.00","100","75"
"USW00053913","GUTHRIE MUNICIPAL AIRPORT, OK US","2015-08-07","0.00","102","75"
"USW00053913","GUTHRIE MUNICIPAL AIRPORT, OK US","2015-08-08","0.00","102","73"
"USW00053913","GUTHRIE MUNICIPAL AIRPORT, OK US","2015-08-09","0.00","104","80"
"USW00053913","GUTHRIE MUNICIPAL AIRPORT, OK US","2015-08-10","0.02","92","73"
"USW00053913","GUTHRIE MUNICIPAL AIRPORT, OK US","2015-08-11","0.00","96","73"
"USW00053913","GUTHRIE MUNICIPAL AIRPORT, OK US","2015-08-12","0.00","90","66"
"USW00053913","GUTHRIE MUNICIPAL AIRPORT, OK US","2015-08-13","0.00","91","68"
"USW00053913","GUTHRIE MUNICIPAL AIRPORT, OK US","2015-08-14","0.24","87","69"
"USW00053913","GUTHRIE MUNICIPAL AIRPORT, OK US","2015-08-15","0.00","91","68"
"USW00053913","GUTHRIE MUNICIPAL AIRPORT, OK US","2015-08-16","0.00","93","66"
"USW00053913","GUTHRIE MUNICIPAL AIRPORT, OK US","2015-08-17","0.00","96","73"
"USW00053913","GUTHRIE MUNICIPAL AIRPORT, OK US","2015-08-18","0.02","96","75"
"USW00053913","GUTHRIE MUNICIPAL AIRPORT, OK US","2015-08-19","0.57","76","56"
"USW00053913","GUTHRIE MUNICIPAL AIRPORT, OK US","2015-08-20","0.00","82","52"
"USW00053913","GUTHRIE MUNICIPAL AIRPORT, OK US","2015-08-21","0.00","88","68"
"USW00053913","GUTHRIE MUNICIPAL AIRPORT, OK US","2015-08-22","0.00","90","65"
"USW00053913","GUTHRIE MUNICIPAL AIRPORT, OK US","2015-08-23","0.00","81","69"
"USW00053913","GUTHRIE MUNICIPAL AIRPORT, OK US","2015-08-24","0.00","82","62"
"USW00053913","GUTHRIE MUNICIPAL AIRPORT, OK US","2015-08-25","0.00","90","59"
"USW00053913","GUTHRIE MUNICIPAL AIRPORT, OK US","2015-08-26","0.00","95","70"
"USW00053913","GUTHRIE MUNICIPAL AIRPORT, OK US","2015-08-27","0.00","95","70"
"USW00053913","GUTHRIE MUNICIPAL AIRPORT, OK US","2015-08-28","0.00","85","72"
"USW00053913","GUTHRIE MUNICIPAL AIRPORT, OK US","2015-08-29","0.00","91","68"
"USW00053913","GUTHRIE MUNICIPAL AIRPORT, OK US","2015-08-30","0.00","90","64"
"USW00053913","GUTHRIE MUNICIPAL AIRPORT, OK US","2015-08-31","0.00","97","71"
"USW00053913","GUTHRIE MUNICIPAL AIRPORT, OK US","2015-09-01","0.00","96","69"
"USW00053913","GUTHRIE MUNICIPAL AIRPORT, OK US","2015-09-02","0.00","96","72"
"USW00053913","GUTHRIE MUNICIPAL AIRPORT, OK US","2015-09-03","0.00","95","72"
"USW00053913","GUTHRIE MUNICIPAL AIRPORT, OK US","2015-09-04","0.00","96","71"
"USW00053913","GUTHRIE MUNICIPAL AIRPORT, OK US","2015-09-05","0.00","97","76"
"USW00053913","GUTHRIE MUNICIPAL AIRPORT, OK US","2015-09-06","0.00","101","76"
"USW00053913","GUTHRIE MUNICIPAL AIRPORT, OK US","2015-09-07","0.00","102","77"
"USW00053913","GUTHRIE MUNICIPAL AIRPORT, OK US","2015-09-08","0.34","100","71"
"USW00053913","GUTHRIE MUNICIPAL AIRPORT, OK US","2015-09-09","0.00","89","70"
"USW00053913","GUTHRIE MUNICIPAL AIRPORT, OK US","2015-09-10","0.00","92","66"
"USW00053913","GUTHRIE MUNICIPAL AIRPORT, OK US","2015-09-11","0.09","83","62"
"USW00053913","GUTHRIE MUNICIPAL AIRPORT, OK US","2015-09-12","0.00","81","52"
"USW00053913","GUTHRIE MUNICIPAL AIRPORT, OK US","2015-09-13","0.00","90","60"
"USW00053913","GUTHRIE MUNICIPAL AIRPORT, OK US","2015-09-14","0.00","91","67"
"USW00053913","GUTHRIE MUNICIPAL AIRPORT, OK US","2015-09-15","0.00","90","68"
"USW00053913","GUTHRIE MUNICIPAL AIRPORT, OK US","2015-09-16","0.00","93","73"
"USW00053913","GUTHRIE MUNICIPAL AIRPORT, OK US","2015-09-17","0.00","96","76"
"USW00053913","GUTHRIE MUNICIPAL AIRPORT, OK US","2015-09-18","0.07","96","65"
"USW00053913","GUTHRIE MUNICIPAL AIRPORT, OK US","2015-09-19","0.38","78","63"
"USW00053913","GUTHRIE MUNICIPAL AIRPORT, OK US","2015-09-20","0.93","72","61"
"USW00053913","GUTHRIE MUNICIPAL AIRPORT, OK US","2015-09-21","0.00","88","64"
"USW00053913","GUTHRIE MUNICIPAL AIRPORT, OK US","2015-09-22","0.00","92","69"
"USW00053913","GUTHRIE MUNICIPAL AIRPORT, OK US","2015-09-23","0.00","88","70"
"USW00053913","GUTHRIE MUNICIPAL AIRPORT, OK US","2015-09-24","0.00","88","69"
"USW00053913","GUTHRIE MUNICIPAL AIRPORT, OK US","2015-09-25","0.00","89","61"
"USW00053913","GUTHRIE MUNICIPAL AIRPORT, OK US","2015-09-26","0.00","86","62"
"USW00053913","GUTHRIE MUNICIPAL AIRPORT, OK US","2015-09-27","0.00","86","57"
"USW00053913","GUTHRIE MUNICIPAL AIRPORT, OK US","2015-09-28","0.00","87","61"
"USW00053913","GUTHRIE MUNICIPAL AIRPORT, OK US","2015-09-29","0.00","89","58"
"USW00053913","GUTHRIE MUNICIPAL AIRPORT, OK US","2015-09-30","0.00","80","60"
"USW00053913","GUTHRIE MUNICIPAL AIRPORT, OK US","2015-10-01","0.48","70","57"
"USW00053913","GUTHRIE MUNICIPAL AIRPORT, OK US","2015-10-02","0.00","72","50"
"USW00053913","GUTHRIE MUNICIPAL AIRPORT, OK US","2015-10-03","0.00","71","47"
"USW00053913","GUTHRIE MUNICIPAL AIRPORT, OK US","2015-10-04","0.00","75","49"
"USW00053913","GUTHRIE MUNICIPAL AIRPORT, OK US","2015-10-05","0.00","63","53"
"USW00053913","GUTHRIE MUNICIPAL AIRPORT, OK US","2015-10-06","0.00","80","52"
"USW00053913","GUTHRIE MUNICIPAL AIRPORT, OK US","2015-10-07","0.00","83","58"
"USW00053913","GUTHRIE MUNICIPAL AIRPORT, OK US","2015-10-08","0.00","87","57"
"USW00053913","GUTHRIE MUNICIPAL AIRPORT, OK US","2015-10-09","0.03","74","52"
"USW00053913","GUTHRIE MUNICIPAL AIRPORT, OK US","2015-10-10","0.00","80","50"
"USW00053913","GUTHRIE MUNICIPAL AIRPORT, OK US","2015-10-11","0.00","91","64"
"USW00053913","GUTHRIE MUNICIPAL AIRPORT, OK US","2015-10-12","0.00","85","49"
"USW00053913","GUTHRIE MUNICIPAL AIRPORT, OK US","2015-10-13","0.00","89","42"
"USW00053913","GUTHRIE MUNICIPAL AIRPORT, OK US","2015-10-14","0.00","93","54"
"USW00053913","GUTHRIE MUNICIPAL AIRPORT, OK US","2015-10-15","0.00","94","67"
"USW00053913","GUTHRIE MUNICIPAL AIRPORT, OK US","2015-10-16","0.00","72","55"
"USW00053913","GUTHRIE MUNICIPAL AIRPORT, OK US","2015-10-17","0.00","73","53"
"USW00053913","GUTHRIE MUNICIPAL AIRPORT, OK US","2015-10-18","0.00","77","54"
"USW00053913","GUTHRIE MUNICIPAL AIRPORT, OK US","2015-10-19","0.00","81","56"
"USW00053913","GUTHRIE MUNICIPAL AIRPORT, OK US","2015-10-20","0.00","84","63"
"USW00053913","GUTHRIE MUNICIPAL AIRPORT, OK US","2015-10-21","0.00","85","60"
"USW00053913","GUTHRIE MUNICIPAL AIRPORT, OK US","2015-10-22","0.34","77","64"
"USW00053913","GUTHRIE MUNICIPAL AIRPORT, OK US","2015-10-23","0.00","77","62"
"USW00053913","GUTHRIE MUNICIPAL AIRPORT, OK US","2015-10-24","0.00","62","46"
"USW00053913","GUTHRIE MUNICIPAL AIRPORT, OK US","2015-10-25","0.00","71","38"
"USW00053913","GUTHRIE MUNICIPAL AIRPORT, OK US","2015-10-26","0.00","69","38"
"USW00053913","GUTHRIE MUNICIPAL AIRPORT, OK US","2015-10-27","0.00","74","46"
"USW00053913","GUTHRIE MUNICIPAL AIRPORT, OK US","2015-10-28","0.05","70","48"
"USW00053913","GUTHRIE MUNICIPAL AIRPORT, OK US","2015-10-29","0.00","65","46"
"USW00053913","GUTHRIE MUNICIPAL AIRPORT, OK US","2015-10-30","1.27","55","46"
"USW00053913","GUTHRIE MUNICIPAL AIRPORT, OK US","2015-10-31","0.04","59","43"
"USW00053913","GUTHRIE MUNICIPAL AIRPORT, OK US","2015-11-01","0.00","74","41"
"USW00053913","GUTHRIE MUNICIPAL AIRPORT, OK US","2015-11-02","0.00","72","44"
"USW00053913","GUTHRIE MUNICIPAL AIRPORT, OK US","2015-11-03","0.00","77","57"
"USW00053913","GUTHRIE MUNICIPAL AIRPORT, OK US","2015-11-04","0.00","72","61"
"USW00053913","GUTHRIE MUNICIPAL AIRPORT, OK US","2015-11-05","0.60","79","52"
"USW00053913","GUTHRIE MUNICIPAL AIRPORT, OK US","2015-11-06","0.00","66","40"
"USW00053913","GUTHRIE MUNICIPAL AIRPORT, OK US","2015-11-07","0.00","66","39"
"USW00053913","GUTHRIE MUNICIPAL AIRPORT, OK US","2015-11-08","0.00","65","38"
"USW00053913","GUTHRIE MUNICIPAL AIRPORT, OK US","2015-11-09","0.00","68","43"
"USW00053913","GUTHRIE MUNICIPAL AIRPORT, OK US","2015-11-10","0.00","75","52"
"USW00053913","GUTHRIE MUNICIPAL AIRPORT, OK US","2015-11-11","0.00","73","42"
"USW00053913","GUTHRIE MUNICIPAL AIRPORT, OK US","2015-11-12","0.00","64","34"
"USW00053913","GUTHRIE MUNICIPAL AIRPORT, OK US","2015-11-13","0.00","68","31"
"USW00053913","GUTHRIE MUNICIPAL AIRPORT, OK US","2015-11-14","0.00","67","39"
"USW00053913","GUTHRIE MUNICIPAL AIRPORT, OK US","2015-11-15","0.12","60","51"
"USW00053913","GUTHRIE MUNICIPAL AIRPORT, OK US","2015-11-16","0.03","69","52"
"USW00053913","GUTHRIE MUNICIPAL AIRPORT, OK US","2015-11-17","1.14","71","45"
"USW00053913","GUTHRIE MUNICIPAL AIRPORT, OK US","2015-11-18","0.00","68","41"
"USW00053913","GUTHRIE MUNICIPAL AIRPORT, OK US","2015-11-19","0.00","59","40"
"USW00053913","GUTHRIE MUNICIPAL AIRPORT, OK US","2015-11-20","0.00","70","39"
"USW00053913","GUTHRIE MUNICIPAL AIRPORT, OK US","2015-11-21","0.00","49","26"
"USW00053913","GUTHRIE MUNICIPAL AIRPORT, OK US","2015-11-22","0.00","57","25"
"USW00053913","GUTHRIE MUNICIPAL AIRPORT, OK US","2015-11-23","0.00","66","33"
"USW00053913","GUTHRIE MUNICIPAL AIRPORT, OK US","2015-11-24","0.00","64","45"
"USW00053913","GUTHRIE MUNICIPAL AIRPORT, OK US","2015-11-25","0.00","69","58"
"USW00053913","GUTHRIE MUNICIPAL AIRPORT, OK US","2015-11-26","0.84","68","36"
"USW00053913","GUTHRIE MUNICIPAL AIRPORT, OK US","2015-11-27","0.92","36","30"
"USW00053913","GUTHRIE MUNICIPAL AIRPORT, OK US","2015-11-28","0.82","33","31"
"USW00053913","GUTHRIE MUNICIPAL AIRPORT, OK US","2015-11-29","0.04","37","33"
"USW00053913","GUTHRIE MUNICIPAL AIRPORT, OK US","2015-11-30","0.00","42","30"
"USW00053913","GUTHRIE MUNICIPAL AIRPORT, OK US","2015-12-01","0.00","52","28"
"USW00053913","GUTHRIE MUNICIPAL AIRPORT, OK US","2015-12-02","0.00","53","28"
"USW00053913","GUTHRIE MUNICIPAL AIRPORT, OK US","2015-12-03","0.00","61","27"
"USW00053913","GUTHRIE MUNICIPAL AIRPORT, OK US","2015-12-04","0.00","61","36"
"USW00053913","GUTHRIE MUNICIPAL AIRPORT, OK US","2015-12-05","0.00","59","39"
"USW00053913","GUTHRIE MUNICIPAL AIRPORT, OK US","2015-12-06","0.00","59","32"
"USW00053913","GUTHRIE MUNICIPAL AIRPORT, OK US","2015-12-07","0.00","66","31"
"USW00053913","GUTHRIE MUNICIPAL AIRPORT, OK US","2015-12-08","0.00","61","39"
"USW00053913","GUTHRIE MUNICIPAL AIRPORT, OK US","2015-12-09","0.00","74","36"
"USW00053913","GUTHRIE MUNICIPAL AIRPORT, OK US","2015-12-10","0.00","72","41"
"USW00053913","GUTHRIE MUNICIPAL AIRPORT, OK US","2015-12-11","0.00","72","41"
"USW00053913","GUTHRIE MUNICIPAL AIRPORT, OK US","2015-12-12","0.00","71","62"
"USW00053913","GUTHRIE MUNICIPAL AIRPORT, OK US","2015-12-13","1.83","68","40"
"USW00053913","GUTHRIE MUNICIPAL AIRPORT, OK US","2015-12-14","0.00","57","38"
"USW00053913","GUTHRIE MUNICIPAL AIRPORT, OK US","2015-12-15","0.00","66","40"
"USW00053913","GUTHRIE MUNICIPAL AIRPORT, OK US","2015-12-16","0.00","48","27"
"USW00053913","GUTHRIE MUNICIPAL AIRPORT, OK US","2015-12-17","0.00","41","22"
"USW00053913","GUTHRIE MUNICIPAL AIRPORT, OK US","2015-12-18","0.00","47","20"
"USW00053913","GUTHRIE MUNICIPAL AIRPORT, OK US","2015-12-19","0.00","61","34"
"USW00053913","GUTHRIE MUNICIPAL AIRPORT, OK US","2015-12-20","0.00","60","51"
"USW00053913","GUTHRIE MUNICIPAL AIRPORT, OK US","2015-12-21","0.00","59","33"
"USW00053913","GUTHRIE MUNICIPAL AIRPORT, OK US","2015-12-22","0.00","69","34"
"USW00053913","GUTHRIE MUNICIPAL AIRPORT, OK US","2015-12-23","0.00","63","41"
"USW00053913","GUTHRIE MUNICIPAL AIRPORT, OK US","2015-12-24","0.00","56","33"
"USW00053913","GUTHRIE MUNICIPAL AIRPORT, OK US","2015-12-25","0.00","59","29"
"USW00053913","GUTHRIE MUNICIPAL AIRPORT, OK US","2015-12-26","1.63","61","37"
"USW00053913","GUTHRIE MUNICIPAL AIRPORT, OK US","2015-12-27","1.05","37","31"
"USW00053913","GUTHRIE MUNICIPAL AIRPORT, OK US","2015-12-28","0.12","32","23"
"USW00053913","GUTHRIE MUNICIPAL AIRPORT, OK US","2015-12-29","0.00","32","19"
"USW00053913","GUTHRIE MUNICIPAL AIRPORT, OK US","2015-12-30","0.00","34","30"
"USW00053913","GUTHRIE MUNICIPAL AIRPORT, OK US","2015-12-31","0.00","38","29"
"USW00053913","GUTHRIE MUNICIPAL AIRPORT, OK US","2016-01-01","0.00","41","21"
"USW00053913","GUTHRIE MUNICIPAL AIRPORT, OK US","2016-01-02","0.00","50","26"
"USW00053913","GUTHRIE MUNICIPAL AIRPORT, OK US","2016-01-03","0.00","47","21"
"USW00053913","GUTHRIE MUNICIPAL AIRPORT, OK US","2016-01-04","0.00","44","22"
"USW00053913","GUTHRIE MUNICIPAL AIRPORT, OK US","2016-01-05","0.00","46","23"
"USW00053913","GUTHRIE MUNICIPAL AIRPORT, OK US","2016-01-06","0.10","44","36"
"USW00053913","GUTHRIE MUNICIPAL AIRPORT, OK US","2016-01-07","0.00","51","39"
"USW00053913","GUTHRIE MUNICIPAL AIRPORT, OK US","2016-01-08","0.00","41","37"
"USW00053913","GUTHRIE MUNICIPAL AIRPORT, OK US","2016-01-09","0.01","37","22"
"USW00053913","GUTHRIE MUNICIPAL AIRPORT, OK US","2016-01-10","0.00","31","14"
"USW00053913","GUTHRIE MUNICIPAL AIRPORT, OK US","2016-01-11","0.00","49","22"
"USW00053913","GUTHRIE MUNICIPAL AIRPORT, OK US","2016-01-12","0.00","55","27"
"USW00053913","GUTHRIE MUNICIPAL AIRPORT, OK US","2016-01-13","0.00","54","29"
"USW00053913","GUTHRIE MUNICIPAL AIRPORT, OK US","2016-01-14","0.00","66","34"
"USW00053913","GUTHRIE MUNICIPAL AIRPORT, OK US","2016-01-15","0.00","51","36"
"USW00053913","GUTHRIE MUNICIPAL AIRPORT, OK US","2016-01-16","0.00","40","24"
"USW00053913","GUTHRIE MUNICIPAL AIRPORT, OK US","2016-01-17","0.00","33","20"
"USW00053913","GUTHRIE MUNICIPAL AIRPORT, OK US","2016-01-18","0.00","31","16"
"USW00053913","GUTHRIE MUNICIPAL AIRPORT, OK US","2016-01-19","0.00","43","26"
"USW00053913","GUTHRIE MUNICIPAL AIRPORT, OK US","2016-01-20","0.00","37","27"
"USW00053913","GUTHRIE MUNICIPAL AIRPORT, OK US","2016-01-21","0.00","36","30"
"USW00053913","GUTHRIE MUNICIPAL AIRPORT, OK US","2016-01-22","0.00","31","27"
"USW00053913","GUTHRIE MUNICIPAL AIRPORT, OK US","2016-01-23","0.00","49","25"
"USW00053913","GUTHRIE MUNICIPAL AIRPORT, OK US","2016-01-24","0.00","62","38"
"USW00053913","GUTHRIE MUNICIPAL AIRPORT, OK US","2016-01-25","0.00","54","28"
"USW00053913","GUTHRIE MUNICIPAL AIRPORT, OK US","2016-01-26","0.00","50","20"
"USW00053913","GUTHRIE MUNICIPAL AIRPORT, OK US","2016-01-27","0.00","59","19"
"USW00053913","GUTHRIE MUNICIPAL AIRPORT, OK US","2016-01-28","0.00","68","28"
"USW00053913","GUTHRIE MUNICIPAL AIRPORT, OK US","2016-01-29","0.00","76","42"
"USW00053913","GUTHRIE MUNICIPAL AIRPORT, OK US","2016-01-30","0.00","76","30"
"USW00053913","GUTHRIE MUNICIPAL AIRPORT, OK US","2016-01-31","0.00","65","39"
"USW00053913","GUTHRIE MUNICIPAL AIRPORT, OK US","2016-02-01","0.87","64","33"
"USW00053913","GUTHRIE MUNICIPAL AIRPORT, OK US","2016-02-02","0.07","51","35"
"USW00053913","GUTHRIE MUNICIPAL AIRPORT, OK US","2016-02-03","0.00","43","25"
"USW00053913","GUTHRIE MUNICIPAL AIRPORT, OK US","2016-02-04","0.00","50","19"
"USW00053913","GUTHRIE MUNICIPAL AIRPORT, OK US","2016-02-05","0.00","55","32"
"USW00053913","GUTHRIE MUNICIPAL AIRPORT, OK US","2016-02-06","0.00","52","32"
"USW00053913","GUTHRIE MUNICIPAL AIRPORT, OK US","2016-02-07","0.00","60","34"
"USW00053913","GUTHRIE MUNICIPAL AIRPORT, OK US","2016-02-08","0.00","50","31"
"USW00053913","GUTHRIE MUNICIPAL AIRPORT, OK US","2016-02-09","0.00","49","28"
"USW00053913","GUTHRIE MUNICIPAL AIRPORT, OK US","2016-02-10","0.00","75","24"
"USW00053913","GUTHRIE MUNICIPAL AIRPORT, OK US","2016-02-11","0.00","59","32"
"USW00053913","GUTHRIE MUNICIPAL AIRPORT, OK US","2016-02-12","0.00","56","28"
"USW00053913","GUTHRIE MUNICIPAL AIRPORT, OK US","2016-02-13","0.00","57","28"
"USW00053913","GUTHRIE MUNICIPAL AIRPORT, OK US","2016-02-14","0.00","59","37"
"USW00053913","GUTHRIE MUNICIPAL AIRPORT, OK US","2016-02-15","0.00","63","38"
"USW00053913","GUTHRIE MUNICIPAL AIRPORT, OK US","2016-02-16","0.00","59","34"
"USW00053913","GUTHRIE MUNICIPAL AIRPORT, OK US","2016-02-17","0.00","73","31"
"USW00053913","GUTHRIE MUNICIPAL AIRPORT, OK US","2016-02-18","0.00","78","56"
"USW00053913","GUTHRIE MUNICIPAL AIRPORT, OK US","2016-02-19","0.00","76","57"
"USW00053913","GUTHRIE MUNICIPAL AIRPORT, OK US","2016-02-20","0.00","80","47"
"USW00053913","GUTHRIE MUNICIPAL AIRPORT, OK US","2016-02-21","0.00","65","43"
"USW00053913","GUTHRIE MUNICIPAL AIRPORT, OK US","2016-02-22","0.00","61","33"
"USW00053913","GUTHRIE MUNICIPAL AIRPORT, OK US","2016-02-23","0.22","49","40"
"USW00053913","GUTHRIE MUNICIPAL AIRPORT, OK US","2016-02-24","0.00","59","32"
"USW00053913","GUTHRIE MUNICIPAL AIRPORT, OK US","2016-02-25","0.00","50","28"
"USW00053913","GUTHRIE MUNICIPAL AIRPORT, OK US","2016-02-26","0.00","62","21"
"USW00053913","GUTHRIE MUNICIPAL AIRPORT, OK US","2016-02-27","0.00","75","36"
"USW00053913","GUTHRIE MUNICIPAL AIRPORT, OK US","2016-02-28","0.00","74","47"
"USW00053913","GUTHRIE MUNICIPAL AIRPORT, OK US","2016-02-29","0.02","76","38"
"USW00053913","GUTHRIE MUNICIPAL AIRPORT, OK US","2016-03-01","0.00","59","37"
"USW00053913","GUTHRIE MUNICIPAL AIRPORT, OK US","2016-03-02","0.00","70","37"
"USW00053913","GUTHRIE MUNICIPAL AIRPORT, OK US","2016-03-03","0.00","64","39"
"USW00053913","GUTHRIE MUNICIPAL AIRPORT, OK US","2016-03-04","0.00","74","35"
"USW00053913","GUTHRIE MUNICIPAL AIRPORT, OK US","2016-03-05","0.00","75","39"
"USW00053913","GUTHRIE MUNICIPAL AIRPORT, OK US","2016-03-06","0.00","75","54"
"USW00053913","GUTHRIE MUNICIPAL AIRPORT, OK US","2016-03-07","0.00","68","62"
"USW00053913","GUTHRIE MUNICIPAL AIRPORT, OK US","2016-03-08","0.50","64","49"
"USW00053913","GUTHRIE MUNICIPAL AIRPORT, OK US","2016-03-09","0.00","63","46"
"USW00053913","GUTHRIE MUNICIPAL AIRPORT, OK US","2016-03-10","0.00","71","49"
"USW00053913","GUTHRIE MUNICIPAL AIRPORT, OK US","2016-03-11","0.07","70","43"
"USW00053913","GUTHRIE MUNICIPAL AIRPORT, OK US","2016-03-12","0.02","68","53"
"USW00053913","GUTHRIE MUNICIPAL AIRPORT, OK US","2016-03-13","0.36","65","50"
"USW00053913","GUTHRIE MUNICIPAL AIRPORT, OK US","2016-03-14","0.00","84","49"
"USW00053913","GUTHRIE MUNICIPAL AIRPORT, OK US","2016-03-15","0.00","72","46"
"USW00053913","GUTHRIE MUNICIPAL AIRPORT, OK US","2016-03-16","0.00","65","34"
"USW00053913","GUTHRIE MUNICIPAL AIRPORT, OK US","2016-03-17","0.00","70","44"
"USW00053913","GUTHRIE MUNICIPAL AIRPORT, OK US","2016-03-18","0.00","55","36"
"USW00053913","GUTHRIE MUNICIPAL AIRPORT, OK US","2016-03-19","0.00","56","28"
"USW00053913","GUTHRIE MUNICIPAL AIRPORT, OK US","2016-03-20","0.00","51","29"
"USW00053913","GUTHRIE MUNICIPAL AIRPORT, OK US","2016-03-21","0.00","69","30"
"USW00053913","GUTHRIE MUNICIPAL AIRPORT, OK US","2016-03-22","0.00","79","54"
"USW00053913","GUTHRIE MUNICIPAL AIRPORT, OK US","2016-03-23","0.00","81","44"
"USW00053913","GUTHRIE MUNICIPAL AIRPORT, OK US","2016-03-24","0.00","58","33"
"USW00053913","GUTHRIE MUNICIPAL AIRPORT, OK US","2016-03-25","0.00","70","29"
"USW00053913","GUTHRIE MUNICIPAL AIRPORT, OK US","2016-03-26","0.00","73","48"
"USW00053913","GUTHRIE MUNICIPAL AIRPORT, OK US","2016-03-27","0.19","56","33"
"USW00053913","GUTHRIE MUNICIPAL AIRPORT, OK US","2016-03-28","0.00","73","31"
"USW00053913","GUTHRIE MUNICIPAL AIRPORT, OK US","2016-03-29","0.00","76","50"
"USW00053913","GUTHRIE MUNICIPAL AIRPORT, OK US","2016-03-30","0.00","86","59"
"USW00053913","GUTHRIE MUNICIPAL AIRPORT, OK US","2016-03-31","0.00","66","48"
"USW00053913","GUTHRIE MUNICIPAL AIRPORT, OK US","2016-04-01","0.00","63","38"
"USW00053913","GUTHRIE MUNICIPAL AIRPORT, OK US","2016-04-02","0.00","72","28"
"USW00053913","GUTHRIE MUNICIPAL AIRPORT, OK US","2016-04-03","0.00","80","43"
"USW00053913","GUTHRIE MUNICIPAL AIRPORT, OK US","2016-04-04","0.00","83","50"
"USW00053913","GUTHRIE MUNICIPAL AIRPORT, OK US","2016-04-05","0.00","88","58"
"USW00053913","GUTHRIE MUNICIPAL AIRPORT, OK US","2016-04-06","0.00","73","48"
"USW00053913","GUTHRIE MUNICIPAL AIRPORT, OK US","2016-04-07","0.00","76","45"
"USW00053913","GUTHRIE MUNICIPAL AIRPORT, OK US","2016-04-08","0.00","73","37"
"USW00053913","GUTHRIE MUNICIPAL AIRPORT, OK US","2016-04-09","0.00","77","45"
"USW00053913","GUTHRIE MUNICIPAL AIRPORT, OK US","2016-04-10","1.53","88","58"
"USW00053913","GUTHRIE MUNICIPAL AIRPORT, OK US","2016-04-11","0.18","64","48"
"USW00053913","GUTHRIE MUNICIPAL AIRPORT, OK US","2016-04-12","0.00","70","41"
"USW00053913","GUTHRIE MUNICIPAL AIRPORT, OK US","2016-04-13","0.26","63","50"
"USW00053913","GUTHRIE MUNICIPAL AIRPORT, OK US","2016-04-14","0.00","70","45"
"USW00053913","GUTHRIE MUNICIPAL AIRPORT, OK US","2016-04-15","0.00","76","54"
"USW00053913","GUTHRIE MUNICIPAL AIRPORT, OK US","2016-04-16","0.00","75","62"
"USW00053913","GUTHRIE MUNICIPAL AIRPORT, OK US","2016-04-17","3.23","68","60"
"USW00053913","GUTHRIE MUNICIPAL AIRPORT, OK US","2016-04-18","0.14","64","50"
"USW00053913","GUTHRIE MUNICIPAL AIRPORT, OK US","2016-04-19","0.77","70","54"
"USW00053913","GUTHRIE MUNICIPAL AIRPORT, OK US","2016-04-20","0.03","68","53"
"USW00053913","GUTHRIE MUNICIPAL AIRPORT, OK US","2016-04-21","0.07","73","48"
"USW00053913","GUTHRIE MUNICIPAL AIRPORT, OK US","2016-04-22","0.00","79","48"
"USW00053913","GUTHRIE MUNICIPAL AIRPORT, OK US","2016-04-23","0.00","82","52"
"USW00053913","GUTHRIE MUNICIPAL AIRPORT, OK US","2016-04-24","0.00","81","63"
"USW00053913","GUTHRIE MUNICIPAL AIRPORT, OK US","2016-04-25","0.00","86","66"
"USW00053913","GUTHRIE MUNICIPAL AIRPORT, OK US","2016-04-26","1.22","81","58"
"USW00053913","GUTHRIE MUNICIPAL AIRPORT, OK US","2016-04-27","0.00","73","54"
"USW00053913","GUTHRIE MUNICIPAL AIRPORT, OK US","2016-04-28","0.00","73","46"
"USW00053913","GUTHRIE MUNICIPAL AIRPORT, OK US","2016-04-29","0.03","67","54"
"USW00053913","GUTHRIE MUNICIPAL AIRPORT, OK US","2016-04-30","0.00","70","48"
"USW00053913","GUTHRIE MUNICIPAL AIRPORT, OK US","2016-05-01","0.04","63","46"
"USW00053913","GUTHRIE MUNICIPAL AIRPORT, OK US","2016-05-02","0.00","64","45"
"USW00053913","GUTHRIE MUNICIPAL AIRPORT, OK US","2016-05-03","0.00","72","40"
"USW00053913","GUTHRIE MUNICIPAL AIRPORT, OK US","2016-05-04","0.00","79","46"
"USW00053913","GUTHRIE MUNICIPAL AIRPORT, OK US","2016-05-05","0.00","81","43"
"USW00053913","GUTHRIE MUNICIPAL AIRPORT, OK US","2016-05-06","0.00","84","48"
"USW00053913","GUTHRIE MUNICIPAL AIRPORT, OK US","2016-05-07","0.00","83","59"
"USW00053913","GUTHRIE MUNICIPAL AIRPORT, OK US","2016-05-08","0.02","75","65"
"USW00053913","GUTHRIE MUNICIPAL AIRPORT, OK US","2016-05-09","0.01","82","61"
"USW00053913","GUTHRIE MUNICIPAL AIRPORT, OK US","2016-05-10","0.00","91","51"
"USW00053913","GUTHRIE MUNICIPAL AIRPORT, OK US","2016-05-11","0.00","83","69"
"USW00053913","GUTHRIE MUNICIPAL AIRPORT, OK US","2016-05-12","0.00","78","54"
"USW00053913","GUTHRIE MUNICIPAL AIRPORT, OK US","2016-05-13","0.25","86","53"
"USW00053913","GUTHRIE MUNICIPAL AIRPORT, OK US","2016-05-14","0.00","65","49"
"USW00053913","GUTHRIE MUNICIPAL AIRPORT, OK US","2016-05-15","0.02","68","51"
"USW00053913","GUTHRIE MUNICIPAL AIRPORT, OK US","2016-05-16","0.25","72","56"
"USW00053913","GUTHRIE MUNICIPAL AIRPORT, OK US","2016-05-17","0.46","64","55"
"USW00053913","GUTHRIE MUNICIPAL AIRPORT, OK US","2016-05-18","0.00","68","51"
"USW00053913","GUTHRIE MUNICIPAL AIRPORT, OK US","2016-05-19","0.20","61","49"
"USW00053913","GUTHRIE MUNICIPAL AIRPORT, OK US","2016-05-20","0.00","73","54"
"USW00053913","GUTHRIE MUNICIPAL AIRPORT, OK US","2016-05-21","0.00","83","62"
"USW00053913","GUTHRIE MUNICIPAL AIRPORT, OK US","2016-05-22","0.00","83","66"
"USW00053913","GUTHRIE MUNICIPAL AIRPORT, OK US","2016-05-23","0.02","80","67"
"USW00053913","GUTHRIE MUNICIPAL AIRPORT, OK US","2016-05-24","0.09","90","70"
"USW00053913","GUTHRIE MUNICIPAL AIRPORT, OK US","2016-05-25","0.00","90","67"
"USW00053913","GUTHRIE MUNICIPAL AIRPORT, OK US","2016-05-26","0.00","89","73"
"USW00053913","GUTHRIE MUNICIPAL AIRPORT, OK US","2016-05-27","0.08","84","64"
"USW00053913","GUTHRIE MUNICIPAL AIRPORT, OK US","2016-05-28","0.00","85","61"
"USW00053913","GUTHRIE MUNICIPAL AIRPORT, OK US","2016-05-29","0.45","90","64"
"USW00053913","GUTHRIE MUNICIPAL AIRPORT, OK US","2016-05-30","0.01","81","64"
"USW00053913","GUTHRIE MUNICIPAL AIRPORT, OK US","2016-05-31","0.01","83","64"
"USW00053913","GUTHRIE MUNICIPAL AIRPORT, OK US","2016-06-01","0.04","78","67"
"USW00053913","GUTHRIE MUNICIPAL AIRPORT, OK US","2016-06-02","0.18","76","66"
"USW00053913","GUTHRIE MUNICIPAL AIRPORT, OK US","2016-06-03","0.00","80","65"
"USW00053913","GUTHRIE MUNICIPAL AIRPORT, OK US","2016-06-04","0.00","88","61"
"USW00053913","GUTHRIE MUNICIPAL AIRPORT, OK US","2016-06-05","0.00","85","54"
"USW00053913","GUTHRIE MUNICIPAL AIRPORT, OK US","2016-06-06","0.00","89","55"
"USW00053913","GUTHRIE MUNICIPAL AIRPORT, OK US","2016-06-07","0.00","91","60"
"USW00053913","GUTHRIE MUNICIPAL AIRPORT, OK US","2016-06-08","0.00","93","63"
"USW00053913","GUTHRIE MUNICIPAL AIRPORT, OK US","2016-06-09","0.00","91","70"
"USW00053913","GUTHRIE MUNICIPAL AIRPORT, OK US","2016-06-10","0.00","93","72"
"USW00053913","GUTHRIE MUNICIPAL AIRPORT, OK US","2016-06-11","0.00","93","72"
"USW00053913","GUTHRIE MUNICIPAL AIRPORT, OK US","2016-06-12","0.00","87","72"
"USW00053913","GUTHRIE MUNICIPAL AIRPORT, OK US","2016-06-13","0.00","85","70"
"USW00053913","GUTHRIE MUNICIPAL AIRPORT, OK US","2016-06-14","0.00","95","73"
"USW00053913","GUTHRIE MUNICIPAL AIRPORT, OK US","2016-06-15","0.00","99","75"
"USW00053913","GUTHRIE MUNICIPAL AIRPORT, OK US","2016-06-16","0.00","100","77"
"USW00053913","GUTHRIE MUNICIPAL AIRPORT, OK US","2016-06-17","0.00","100","76"
"USW00053913","GUTHRIE MUNICIPAL AIRPORT, OK US","2016-06-18","0.31","92","67"
"USW00053913","GUTHRIE MUNICIPAL AIRPORT, OK US","2016-06-19","0.00","92","72"
"USW00053913","GUTHRIE MUNICIPAL AIRPORT, OK US","2016-06-20","0.00","96","73"
"USW00053913","GUTHRIE MUNICIPAL AIRPORT, OK US","2016-06-21","0.00","99","72"
"USW00053913","GUTHRIE MUNICIPAL AIRPORT, OK US","2016-06-22","0.00","99","78"
"USW00053913","GUTHRIE MUNICIPAL AIRPORT, OK US","2016-06-23","0.00","100","79"
"USW00053913","GUTHRIE MUNICIPAL AIRPORT, OK US","2016-06-24","0.00","94","79"
"USW00053913","GUTHRIE MUNICIPAL AIRPORT, OK US","2016-06-25","0.00","97","76"
"USW00053913","GUTHRIE MUNICIPAL AIRPORT, OK US","2016-06-26","0.40","97","72"
"USW00053913","GUTHRIE MUNICIPAL AIRPORT, OK US","2016-06-27","0.09","95","71"
"USW00053913","GUTHRIE MUNICIPAL AIRPORT, OK US","2016-06-28","0.00","96","71"
"USW00053913","GUTHRIE MUNICIPAL AIRPORT, OK US","2016-06-29","0.00","94","65"
"USW00053913","GUTHRIE MUNICIPAL AIRPORT, OK US","2016-06-30","0.00","95","71"
"USW00053913","GUTHRIE MUNICIPAL AIRPORT, OK US","2016-07-01","0.02","82","72"
"USW00053913","GUTHRIE MUNICIPAL AIRPORT, OK US","2016-07-02","0.00","97","75"
"USW00053913","GUTHRIE MUNICIPAL AIRPORT, OK US","2016-07-03","0.09","90","70"
"USW00053913","GUTHRIE MUNICIPAL AIRPORT, OK US","2016-07-04","0.00","98","68"
"USW00053913","GUTHRIE MUNICIPAL AIRPORT, OK US","2016-07-05","0.00","100","76"
"USW00053913","GUTHRIE MUNICIPAL AIRPORT, OK US","2016-07-06","0.00","101","80"
"USW00053913","GUTHRIE MUNICIPAL AIRPORT, OK US","2016-07-07","0.00","100","82"
"USW00053913","GUTHRIE MUNICIPAL AIRPORT, OK US","2016-07-08","0.31","89","72"
"USW00053913","GUTHRIE MUNICIPAL AIRPORT, OK US","2016-07-09","0.00","94","71"
"USW00053913","GUTHRIE MUNICIPAL AIRPORT, OK US","2016-07-10","0.00","95","71"
"USW00053913","GUTHRIE MUNICIPAL AIRPORT, OK US","2016-07-11","0.00","94","78"
"USW00053913","GUTHRIE MUNICIPAL AIRPORT, OK US","2016-07-12","0.00","95","79"
"USW00053913","GUTHRIE MUNICIPAL AIRPORT, OK US","2016-07-13","0.00","99","76"
"USW00053913","GUTHRIE MUNICIPAL AIRPORT, OK US","2016-07-14","0.30","88","68"
"USW00053913","GUTHRIE MUNICIPAL AIRPORT, OK US","2016-07-15","0.04","90","69"
"USW00053913","GUTHRIE MUNICIPAL AIRPORT, OK US","2016-07-16","0.00","94","73"
"USW00053913","GUTHRIE MUNICIPAL AIRPORT, OK US","2016-07-17","0.00","98","79"
"USW00053913","GUTHRIE MUNICIPAL AIRPORT, OK US","2016-07-18","0.00","98","76"
"USW00053913","GUTHRIE MUNICIPAL AIRPORT, OK US","2016-07-19","0.00","97","74"
"USW00053913","GUTHRIE MUNICIPAL AIRPORT, OK US","2016-07-20","0.00","100","76"
"USW00053913","GUTHRIE MUNICIPAL AIRPORT, OK US","2016-07-21","0.00","102","76"
"USW00053913","GUTHRIE MUNICIPAL AIRPORT, OK US","2016-07-22","0.00","104","75"
"USW00053913","GUTHRIE MUNICIPAL AIRPORT, OK US","2016-07-23","0.00","104","76"
"USW00053913","GUTHRIE MUNICIPAL AIRPORT, OK US","2016-07-24","0.00","104","79"
"USW00053913","GUTHRIE MUNICIPAL AIRPORT, OK US","2016-07-25","2.01","99","72"
"USW00053913","GUTHRIE MUNICIPAL AIRPORT, OK US","2016-07-26","0.07","93","73"
"USW00053913","GUTHRIE MUNICIPAL AIRPORT, OK US","2016-07-27","0.00","94","73"
"USW00053913","GUTHRIE MUNICIPAL AIRPORT, OK US","2016-07-28","0.05","96","72"
"USW00053913","GUTHRIE MUNICIPAL AIRPORT, OK US","2016-07-29","0.83","87","66"
"USW00053913","GUTHRIE MUNICIPAL AIRPORT, OK US","2016-07-30","0.22","89","73"
"USW00053913","GUTHRIE MUNICIPAL AIRPORT, OK US","2016-07-31","0.00","98","76"
"USW00053913","GUTHRIE MUNICIPAL AIRPORT, OK US","2016-08-01","0.00","98","80"
"USW00053913","GUTHRIE MUNICIPAL AIRPORT, OK US","2016-08-02","0.00","101","80"
"USW00053913","GUTHRIE MUNICIPAL AIRPORT, OK US","2016-08-03","0.00","99","75"
"USW00053913","GUTHRIE MUNICIPAL AIRPORT, OK US","2016-08-04","0.00","96","79"
"USW00053913","GUTHRIE MUNICIPAL AIRPORT, OK US","2016-08-05","0.00","96","78"
"USW00053913","GUTHRIE MUNICIPAL AIRPORT, OK US","2016-08-06","0.00","92","75"
"USW00053913","GUTHRIE MUNICIPAL AIRPORT, OK US","2016-08-07","0.00","99","75"
"USW00053913","GUTHRIE MUNICIPAL AIRPORT, OK US","2016-08-08","0.00","91","74"
"USW00053913","GUTHRIE MUNICIPAL AIRPORT, OK US","2016-08-09","0.00","98","74"
"USW00053913","GUTHRIE MUNICIPAL AIRPORT, OK US","2016-08-10","0.00","99","77"
"USW00053913","GUTHRIE MUNICIPAL AIRPORT, OK US","2016-08-11","0.00","103","79"
"USW00053913","GUTHRIE MUNICIPAL AIRPORT, OK US","2016-08-12","0.00","91","76"
"USW00053913","GUTHRIE MUNICIPAL AIRPORT, OK US","2016-08-13","0.00","92","70"
"USW00053913","GUTHRIE MUNICIPAL AIRPORT, OK US","2016-08-14","0.00","87","64"
"USW00053913","GUTHRIE MUNICIPAL AIRPORT, OK US","2016-08-15","0.00","93","69"
"USW00053913","GUTHRIE MUNICIPAL AIRPORT, OK US","2016-08-16","0.00","93","64"
"USW00053913","GUTHRIE MUNICIPAL AIRPORT, OK US","2016-08-17","0.00","92","68"
"USW00053913","GUTHRIE MUNICIPAL AIRPORT, OK US","2016-08-18","0.00","92","70"
"USW00053913","GUTHRIE MUNICIPAL AIRPORT, OK US","2016-08-19","0.00","91","69"
"USW00053913","GUTHRIE MUNICIPAL AIRPORT, OK US","2016-08-20","0.02","86","65"
"USW00053913","GUTHRIE MUNICIPAL AIRPORT, OK US","2016-08-21","0.00","87","55"
"USW00053913","GUTHRIE MUNICIPAL AIRPORT, OK US","2016-08-22","0.00","90","59"
"USW00053913","GUTHRIE MUNICIPAL AIRPORT, OK US","2016-08-23","0.01","93","76"
"USW00053913","GUTHRIE MUNICIPAL AIRPORT, OK US","2016-08-24","0.00","98","80"
"USW00053913","GUTHRIE MUNICIPAL AIRPORT, OK US","2016-08-25","2.45","96","67"
"USW00053913","GUTHRIE MUNICIPAL AIRPORT, OK US","2016-08-26","0.00","92","67"
"USW00053913","GUTHRIE MUNICIPAL AIRPORT, OK US","2016-08-27","0.04","91","70"
"USW00053913","GUTHRIE MUNICIPAL AIRPORT, OK US","2016-08-28","0.00","92","71"
"USW00053913","GUTHRIE MUNICIPAL AIRPORT, OK US","2016-08-29","0.25","90","70"
"USW00053913","GUTHRIE MUNICIPAL AIRPORT, OK US","2016-08-30","0.00","92","69"
"USW00053913","GUTHRIE MUNICIPAL AIRPORT, OK US","2016-08-31","1.26","89","70"
"USW00053913","GUTHRIE MUNICIPAL AIRPORT, OK US","2016-09-01","0.00","83","72"
"USW00053913","GUTHRIE MUNICIPAL AIRPORT, OK US","2016-09-02","0.00","84","66"
"USW00053913","GUTHRIE MUNICIPAL AIRPORT, OK US","2016-09-03","0.00","86","63"
"USW00053913","GUTHRIE MUNICIPAL AIRPORT, OK US","2016-09-04","0.00","90","68"
"USW00053913","GUTHRIE MUNICIPAL AIRPORT, OK US","2016-09-05","0.00","94","73"
"USW00053913","GUTHRIE MUNICIPAL AIRPORT, OK US","2016-09-06","0.00","93","76"
"USW00053913","GUTHRIE MUNICIPAL AIRPORT, OK US","2016-09-07","0.00","94","78"
"USW00053913","GUTHRIE MUNICIPAL AIRPORT, OK US","2016-09-08","0.00","96","80"
"USW00053913","GUTHRIE MUNICIPAL AIRPORT, OK US","2016-09-09","0.43","93","67"
"USW00053913","GUTHRIE MUNICIPAL AIRPORT, OK US","2016-09-10","0.17","78","57"
"USW00053913","GUTHRIE MUNICIPAL AIRPORT, OK US","2016-09-11","0.00","84","55"
"USW00053913","GUTHRIE MUNICIPAL AIRPORT, OK US","2016-09-12","0.00","89","65"
"USW00053913","GUTHRIE MUNICIPAL AIRPORT, OK US","2016-09-13","0.00","91","69"
"USW00053913","GUTHRIE MUNICIPAL AIRPORT, OK US","2016-09-14","0.01","80","63"
"USW00053913","GUTHRIE MUNICIPAL AIRPORT, OK US","2016-09-15","0.01","87","66"
"USW00053913","GUTHRIE MUNICIPAL AIRPORT, OK US","2016-09-16","0.04","83","67"
"USW00053913","GUTHRIE MUNICIPAL AIRPORT, OK US","2016-09-17","0.13","86","63"
"USW00053913","GUTHRIE MUNICIPAL AIRPORT, OK US","2016-09-18","0.06","90","63"
"USW00053913","GUTHRIE MUNICIPAL AIRPORT, OK US","2016-09-19","0.00","98","73"
"USW00053913","GUTHRIE MUNICIPAL AIRPORT, OK US","2016-09-20","0.00","96","73"
"USW00053913","GUTHRIE MUNICIPAL AIRPORT, OK US","2016-09-21","0.00","92","73"
"USW00053913","GUTHRIE MUNICIPAL AIRPORT, OK US","2016-09-22","0.00","92","69"
"USW00053913","GUTHRIE MUNICIPAL AIRPORT, OK US","2016-09-23","0.00","92","69"
"USW00053913","GUTHRIE MUNICIPAL AIRPORT, OK US","2016-09-24","1.02","90","68"
"USW00053913","GUTHRIE MUNICIPAL AIRPORT, OK US","2016-09-25","0.23","73","62"
"USW00053913","GUTHRIE MUNICIPAL AIRPORT, OK US","2016-09-26","0.00","77","53"
"USW00053913","GUTHRIE MUNICIPAL AIRPORT, OK US","2016-09-27","0.00","83","48"
"USW00053913","GUTHRIE MUNICIPAL AIRPORT, OK US","2016-09-28","0.00","87","55"
"USW00053913","GUTHRIE MUNICIPAL AIRPORT, OK US","2016-09-29","0.00","73","49"
"USW00053913","GUTHRIE MUNICIPAL AIRPORT, OK US","2016-09-30","0.00","78","46"
"USW00053913","GUTHRIE MUNICIPAL AIRPORT, OK US","2016-10-01","0.00","82","57"
"USW00053913","GUTHRIE MUNICIPAL AIRPORT, OK US","2016-10-02","0.00","84","59"
"USW00053913","GUTHRIE MUNICIPAL AIRPORT, OK US","2016-10-03","0.00","84","60"
"USW00053913","GUTHRIE MUNICIPAL AIRPORT, OK US","2016-10-04","0.06","85","69"
"USW00053913","GUTHRIE MUNICIPAL AIRPORT, OK US","2016-10-05","0.13","91","65"
"USW00053913","GUTHRIE MUNICIPAL AIRPORT, OK US","2016-10-06","1.74","86","54"
"USW00053913","GUTHRIE MUNICIPAL AIRPORT, OK US","2016-10-07","0.00","69","49"
"USW00053913","GUTHRIE MUNICIPAL AIRPORT, OK US","2016-10-08","0.00","75","41"
"USW00053913","GUTHRIE MUNICIPAL AIRPORT, OK US","2016-10-09","0.00","78","52"
"USW00053913","GUTHRIE MUNICIPAL AIRPORT, OK US","2016-10-10","0.00","79","60"
"USW00053913","GUTHRIE MUNICIPAL AIRPORT, OK US","2016-10-11","0.00","87","61"
"USW00053913","GUTHRIE MUNICIPAL AIRPORT, OK US","2016-10-12","0.19","74","53"
"USW00053913","GUTHRIE MUNICIPAL AIRPORT, OK US","2016-10-13","0.00","54","47"
"USW00053913","GUTHRIE MUNICIPAL AIRPORT, OK US","2016-10-14","0.00","78","53"
"USW00053913","GUTHRIE MUNICIPAL AIRPORT, OK US","2016-10-15","0.00","86","67"
"USW00053913","GUTHRIE MUNICIPAL AIRPORT, OK US","2016-10-16","0.00","89","70"
"USW00053913","GUTHRIE MUNICIPAL AIRPORT, OK US","2016-10-17","0.00","91","74"
"USW00053913","GUTHRIE MUNICIPAL AIRPORT, OK US","2016-10-18","0.00","82","58"
"USW00053913","GUTHRIE MUNICIPAL AIRPORT, OK US","2016-10-19","0.00","84","57"
"USW00053913","GUTHRIE MUNICIPAL AIRPORT, OK US","2016-10-20","0.00","70","45"
"USW00053913","GUTHRIE MUNICIPAL AIRPORT, OK US","2016-10-21","0.00","72","38"
"USW00053913","GUTHRIE MUNICIPAL AIRPORT, OK US","2016-10-22","0.00","81","50"
"USW00053913","GUTHRIE MUNICIPAL AIRPORT, OK US","2016-10-23","0.00","81","57"
"USW00053913","GUTHRIE MUNICIPAL AIRPORT, OK US","2016-10-24","0.00","84","56"
"USW00053913","GUTHRIE MUNICIPAL AIRPORT, OK US","2016-10-25","0.00","81","64"
"USW00053913","GUTHRIE MUNICIPAL AIRPORT, OK US","2016-10-26","0.00","81","60"
"USW00053913","GUTHRIE MUNICIPAL AIRPORT, OK US","2016-10-27","0.00","82","55"
"USW00053913","GUTHRIE MUNICIPAL AIRPORT, OK US","2016-10-28","0.00","87","66"
"USW00053913","GUTHRIE MUNICIPAL AIRPORT, OK US","2016-10-29","0.00","85","68"
"USW00053913","GUTHRIE MUNICIPAL AIRPORT, OK US","2016-10-30","0.00","71","54"
"USW00053913","GUTHRIE MUNICIPAL AIRPORT, OK US","2016-10-31","0.00","86","52"
"USW00053913","GUTHRIE MUNICIPAL AIRPORT, OK US","2016-11-01","0.00","85","68"
"USW00053913","GUTHRIE MUNICIPAL AIRPORT, OK US","2016-11-02","1.05","84","64"
"USW00053913","GUTHRIE MUNICIPAL AIRPORT, OK US","2016-11-03","0.00","75","57"
"USW00053913","GUTHRIE MUNICIPAL AIRPORT, OK US","2016-11-04","0.00","72","53"
"USW00053913","GUTHRIE MUNICIPAL AIRPORT, OK US","2016-11-05","0.00","74","55"
"USW00053913","GUTHRIE MUNICIPAL AIRPORT, OK US","2016-11-06","0.03","72","53"
"USW00053913","GUTHRIE MUNICIPAL AIRPORT, OK US","2016-11-07","0.16","64","58"
"USW00053913","GUTHRIE MUNICIPAL AIRPORT, OK US","2016-11-08","0.04","63","54"
"USW00053913","GUTHRIE MUNICIPAL AIRPORT, OK US","2016-11-09","0.00","67","40"
"USW00053913","GUTHRIE MUNICIPAL AIRPORT, OK US","2016-11-10","0.00","71","36"
"USW00053913","GUTHRIE MUNICIPAL AIRPORT, OK US","2016-11-11","0.00","68","46"
"USW00053913","GUTHRIE MUNICIPAL AIRPORT, OK US","2016-11-12","0.00","63","37"
"USW00053913","GUTHRIE MUNICIPAL AIRPORT, OK US","2016-11-13","0.00","68","39"
"USW00053913","GUTHRIE MUNICIPAL AIRPORT, OK US","2016-11-14","0.00","67","45"
"USW00053913","GUTHRIE MUNICIPAL AIRPORT, OK US","2016-11-15","0.00","80","43"
"USW00053913","GUTHRIE MUNICIPAL AIRPORT, OK US","2016-11-16","0.00","86","46"
"USW00053913","GUTHRIE MUNICIPAL AIRPORT, OK US","2016-11-17","0.00","79","62"
"USW00053913","GUTHRIE MUNICIPAL AIRPORT, OK US","2016-11-18","0.00","71","36"
"USW00053913","GUTHRIE MUNICIPAL AIRPORT, OK US","2016-11-19","0.00","50","26"
"USW00053913","GUTHRIE MUNICIPAL AIRPORT, OK US","2016-11-20","0.00","64","35"
"USW00053913","GUTHRIE MUNICIPAL AIRPORT, OK US","2016-11-21","0.00","69","39"
"USW00053913","GUTHRIE MUNICIPAL AIRPORT, OK US","2016-11-22","0.01","76","47"
"USW00053913","GUTHRIE MUNICIPAL AIRPORT, OK US","2016-11-23","0.00","58","37"
"USW00053913","GUTHRIE MUNICIPAL AIRPORT, OK US","2016-11-24","0.00","69","38"
"USW00053913","GUTHRIE MUNICIPAL AIRPORT, OK US","2016-11-25","0.00","56","31"
"USW00053913","GUTHRIE MUNICIPAL AIRPORT, OK US","2016-11-26","0.00","64","28"
"USW00053913","GUTHRIE MUNICIPAL AIRPORT, OK US","2016-11-27","0.01","64","50"
"USW00053913","GUTHRIE MUNICIPAL AIRPORT, OK US","2016-11-28","0.00","65","47"
"USW00053913","GUTHRIE MUNICIPAL AIRPORT, OK US","2016-11-29","0.00","60","39"
"USW00053913","GUTHRIE MUNICIPAL AIRPORT, OK US","2016-11-30","0.00","54","32"
"USW00053913","GUTHRIE MUNICIPAL AIRPORT, OK US","2016-12-01","0.00","62","27"
"USW00053913","GUTHRIE MUNICIPAL AIRPORT, OK US","2016-12-02","0.14","56","29"
"USW00053913","GUTHRIE MUNICIPAL AIRPORT, OK US","2016-12-03","0.15","46","43"
"USW00053913","GUTHRIE MUNICIPAL AIRPORT, OK US","2016-12-04","0.12","54","33"
"USW00053913","GUTHRIE MUNICIPAL AIRPORT, OK US","2016-12-05","0.00","54","32"
"USW00053913","GUTHRIE MUNICIPAL AIRPORT, OK US","2016-12-06","0.00","46","32"
"USW00053913","GUTHRIE MUNICIPAL AIRPORT, OK US","2016-12-07","0.00","36","26"
"USW00053913","GUTHRIE MUNICIPAL AIRPORT, OK US","2016-12-08","0.00","33","19"
"USW00053913","GUTHRIE MUNICIPAL AIRPORT, OK US","2016-12-09","0.00","34","15"
"USW00053913","GUTHRIE MUNICIPAL AIRPORT, OK US","2016-12-10","0.00","49","34"
"USW00053913","GUTHRIE MUNICIPAL AIRPORT, OK US","2016-12-11","0.00","61","31"
"USW00053913","GUTHRIE MUNICIPAL AIRPORT, OK US","2016-12-12","0.00","39","23"
"USW00053913","GUTHRIE MUNICIPAL AIRPORT, OK US","2016-12-13","0.00","37","24"
"USW00053913","GUTHRIE MUNICIPAL AIRPORT, OK US","2016-12-14","0.00","41","19"
"USW00053913","GUTHRIE MUNICIPAL AIRPORT, OK US","2016-12-15","0.00","35","21"
"USW00053913","GUTHRIE MUNICIPAL AIRPORT, OK US","2016-12-16","0.00","67","35"
"USW00053913","GUTHRIE MUNICIPAL AIRPORT, OK US","2016-12-17","0.00","44","8"
"USW00053913","GUTHRIE MUNICIPAL AIRPORT, OK US","2016-12-18","0.00","20","2"
"USW00053913","GUTHRIE MUNICIPAL AIRPORT, OK US","2016-12-19","0.00","36","2"
"USW00053913","GUTHRIE MUNICIPAL AIRPORT, OK US","2016-12-20","0.00","52","26"
"USW00053913","GUTHRIE MUNICIPAL AIRPORT, OK US","2016-12-21","0.00","58","29"
"USW00053913","GUTHRIE MUNICIPAL AIRPORT, OK US","2016-12-22","0.00","44","26"
"USW00053913","GUTHRIE MUNICIPAL AIRPORT, OK US","2016-12-23","0.08","55","36"
"USW00053913","GUTHRIE MUNICIPAL AIRPORT, OK US","2016-12-24","0.00","55","29"
"USW00053913","GUTHRIE MUNICIPAL AIRPORT, OK US","2016-12-25","0.04","73","55"
"USW00053913","GUTHRIE MUNICIPAL AIRPORT, OK US","2016-12-26","0.00","60","30"
"USW00053913","GUTHRIE MUNICIPAL AIRPORT, OK US","2016-12-27","0.00","57","23"
"USW00053913","GUTHRIE MUNICIPAL AIRPORT, OK US","2016-12-28","0.00","63","42"
"USW00053913","GUTHRIE MUNICIPAL AIRPORT, OK US","2016-12-29","0.00","53","26"
"USW00053913","GUTHRIE MUNICIPAL AIRPORT, OK US","2016-12-30","0.00","59","26"
"USW00053913","GUTHRIE MUNICIPAL AIRPORT, OK US","2016-12-31","0.00","56","33"
"USW00053913","GUTHRIE MUNICIPAL AIRPORT, OK US","2017-01-01","0.00","59","28"
"USW00053913","GUTHRIE MUNICIPAL AIRPORT, OK US","2017-01-02","0.01","69","44"
"USW00053913","GUTHRIE MUNICIPAL AIRPORT, OK US","2017-01-03","0.00","46","25"
"USW00053913","GUTHRIE MUNICIPAL AIRPORT, OK US","2017-01-04","0.00","35","19"
"USW00053913","GUTHRIE MUNICIPAL AIRPORT, OK US","2017-01-05","0.00","26","18"
"USW00053913","GUTHRIE MUNICIPAL AIRPORT, OK US","2017-01-06","0.14","19","0"
"USW00053913","GUTHRIE MUNICIPAL AIRPORT, OK US","2017-01-07","0.00","35","-3"
"USW00053913","GUTHRIE MUNICIPAL AIRPORT, OK US","2017-01-08","0.00","44","20"
"USW00053913","GUTHRIE MUNICIPAL AIRPORT, OK US","2017-01-09","0.00","62","30"
"USW00053913","GUTHRIE MUNICIPAL AIRPORT, OK US","2017-01-10","0.00","67","43"
"USW00053913","GUTHRIE MUNICIPAL AIRPORT, OK US","2017-01-11","0.00","75","41"
"USW00053913","GUTHRIE MUNICIPAL AIRPORT, OK US","2017-01-12","0.00","41","21"
"USW00053913","GUTHRIE MUNICIPAL AIRPORT, OK US","2017-01-13","0.00","31","27"
"USW00053913","GUTHRIE MUNICIPAL AIRPORT, OK US","2017-01-14","0.70","32","29"
"USW00053913","GUTHRIE MUNICIPAL AIRPORT, OK US","2017-01-15","0.78","40","32"
"USW00053913","GUTHRIE MUNICIPAL AIRPORT, OK US","2017-01-16","0.18","46","38"
"USW00053913","GUTHRIE MUNICIPAL AIRPORT, OK US","2017-01-17","0.00","54","34"
"USW00053913","GUTHRIE MUNICIPAL AIRPORT, OK US","2017-01-18","0.00","55","40"
"USW00053913","GUTHRIE MUNICIPAL AIRPORT, OK US","2017-01-19","0.00","60","46"
"USW00053913","GUTHRIE MUNICIPAL AIRPORT, OK US","2017-01-20","0.00","68","42"
"USW00053913","GUTHRIE MUNICIPAL AIRPORT, OK US","2017-01-21","0.00","63","33"
"USW00053913","GUTHRIE MUNICIPAL AIRPORT, OK US","2017-01-22","0.06","57","33"
"USW00053913","GUTHRIE MUNICIPAL AIRPORT, OK US","2017-01-23","0.00","61","26"
"USW00053913","GUTHRIE MUNICIPAL AIRPORT, OK US","2017-01-24","0.00","75","40"
"USW00053913","GUTHRIE MUNICIPAL AIRPORT, OK US","2017-01-25","0.00","45","31"
"USW00053913","GUTHRIE MUNICIPAL AIRPORT, OK US","2017-01-26","0.00","44","21"
"USW00053913","GUTHRIE MUNICIPAL AIRPORT, OK US","2017-01-27","0.00","49","22"
"USW00053913","GUTHRIE MUNICIPAL AIRPORT, OK US","2017-01-28","0.00","53","26"
"USW00053913","GUTHRIE MUNICIPAL AIRPORT, OK US","2017-01-29","0.00","64","32"
"USW00053913","GUTHRIE MUNICIPAL AIRPORT, OK US","2017-01-30","0.00","76","28"
"USW00053913","GUTHRIE MUNICIPAL AIRPORT, OK US","2017-01-31","0.00","73","33"
"USW00053913","GUTHRIE MUNICIPAL AIRPORT, OK US","2017-02-01","0.00","57","36"
"USW00053913","GUTHRIE MUNICIPAL AIRPORT, OK US","2017-02-02","0.00","38","27"
"USW00053913","GUTHRIE MUNICIPAL AIRPORT, OK US","2017-02-03","0.00","43","23"
"USW00053913","GUTHRIE MUNICIPAL AIRPORT, OK US","2017-02-04","0.00","55","27"
"USW00053913","GUTHRIE MUNICIPAL AIRPORT, OK US","2017-02-05","0.00","55","37"
"USW00053913","GUTHRIE MUNICIPAL AIRPORT, OK US","2017-02-06","0.00","76","47"
"USW00053913","GUTHRIE MUNICIPAL AIRPORT, OK US","2017-02-07","0.00","74","38"
"USW00053913","GUTHRIE MUNICIPAL AIRPORT, OK US","2017-02-08","0.00","56","27"
"USW00053913","GUTHRIE MUNICIPAL AIRPORT, OK US","2017-02-09","0.00","56","22"
"USW00053913","GUTHRIE MUNICIPAL AIRPORT, OK US","2017-02-10","0.00","78","48"
"USW00053913","GUTHRIE MUNICIPAL AIRPORT, OK US","2017-02-11","0.00","88","59"
"USW00053913","GUTHRIE MUNICIPAL AIRPORT, OK US","2017-02-12","0.00","61","40"
"USW00053913","GUTHRIE MUNICIPAL AIRPORT, OK US","2017-02-13","0.77","51","39"
"USW00053913","GUTHRIE MUNICIPAL AIRPORT, OK US","2017-02-14","0.31","42","40"
"USW00053913","GUTHRIE MUNICIPAL AIRPORT, OK US","2017-02-15","0.00","48","31"
"USW00053913","GUTHRIE MUNICIPAL AIRPORT, OK US","2017-02-16","0.00","68","46"
"USW00053913","GUTHRIE MUNICIPAL AIRPORT, OK US","2017-02-17","0.00","71","45"
"USW00053913","GUTHRIE MUNICIPAL AIRPORT, OK US","2017-02-18","0.00","69","48"
"USW00053913","GUTHRIE MUNICIPAL AIRPORT, OK US","2017-02-19","1.63","75","50"
"USW00053913","GUTHRIE MUNICIPAL AIRPORT, OK US","2017-02-20","0.31","65","48"
"USW00053913","GUTHRIE MUNICIPAL AIRPORT, OK US","2017-02-21","0.00","72","44"
"USW00053913","GUTHRIE MUNICIPAL AIRPORT, OK US","2017-02-22","0.00","80","42"
"USW00053913","GUTHRIE MUNICIPAL AIRPORT, OK US","2017-02-23","0.00","88","45"
"USW00053913","GUTHRIE MUNICIPAL AIRPORT, OK US","2017-02-24","0.00","49","31"
"USW00053913","GUTHRIE MUNICIPAL AIRPORT, OK US","2017-02-25","0.00","49","20"
"USW00053913","GUTHRIE MUNICIPAL AIRPORT, OK US","2017-02-26","0.00","58","36"
"USW00053913","GUTHRIE MUNICIPAL AIRPORT, OK US","2017-02-27","0.00","75","41"
"USW00053913","GUTHRIE MUNICIPAL AIRPORT, OK US","2017-02-28","0.00","75","53"
"USW00053913","GUTHRIE MUNICIPAL AIRPORT, OK US","2017-03-01","0.00","59","31"
"USW00053913","GUTHRIE MUNICIPAL AIRPORT, OK US","2017-03-02","0.00","63","26"
"USW00053913","GUTHRIE MUNICIPAL AIRPORT, OK US","2017-03-03","0.00","69","34"
"USW00053913","GUTHRIE MUNICIPAL AIRPORT, OK US","2017-03-04","0.00","68","45"
"USW00053913","GUTHRIE MUNICIPAL AIRPORT, OK US","2017-03-05","0.00","62","53"
"USW00053913","GUTHRIE MUNICIPAL AIRPORT, OK US","2017-03-06","0.00","80","55"
"USW00053913","GUTHRIE MUNICIPAL AIRPORT, OK US","2017-03-07","0.00","63","33"
"USW00053913","GUTHRIE MUNICIPAL AIRPORT, OK US","2017-03-08","0.00","74","39"
"USW00053913","GUTHRIE MUNICIPAL AIRPORT, OK US","2017-03-09","0.00","85","57"
"USW00053913","GUTHRIE MUNICIPAL AIRPORT, OK US","2017-03-10","0.00","61","41"
"USW00053913","GUTHRIE MUNICIPAL AIRPORT, OK US","2017-03-11","0.53","51","38"
"USW00053913","GUTHRIE MUNICIPAL AIRPORT, OK US","2017-03-12","0.00","48","29"
"USW00053913","GUTHRIE MUNICIPAL AIRPORT, OK US","2017-03-13","0.00","46","32"
"USW00053913","GUTHRIE MUNICIPAL AIRPORT, OK US","2017-03-14","0.00","51","29"
"USW00053913","GUTHRIE MUNICIPAL AIRPORT, OK US","2017-03-15","0.00","59","29"
"USW00053913","GUTHRIE MUNICIPAL AIRPORT, OK US","2017-03-16","0.00","75","42"
"USW00053913","GUTHRIE MUNICIPAL AIRPORT, OK US","2017-03-17","0.00","81","61"
"USW00053913","GUTHRIE MUNICIPAL AIRPORT, OK US","2017-03-18","0.00","82","53"
"USW00053913","GUTHRIE MUNICIPAL AIRPORT, OK US","2017-03-19","0.00","89","63"
"USW00053913","GUTHRIE MUNICIPAL AIRPORT, OK US","2017-03-20","0.00","91","70"
"USW00053913","GUTHRIE MUNICIPAL AIRPORT, OK US","2017-03-21","0.00","82","55"
"USW00053913","GUTHRIE MUNICIPAL AIRPORT, OK US","2017-03-22","0.00","72","51"
"USW00053913","GUTHRIE MUNICIPAL AIRPORT, OK US","2017-03-23","0.00","85","57"
"USW00053913","GUTHRIE MUNICIPAL AIRPORT, OK US","2017-03-24","0.00","80","55"
"USW00053913","GUTHRIE MUNICIPAL AIRPORT, OK US","2017-03-25","0.09","59","44"
"USW00053913","GUTHRIE MUNICIPAL AIRPORT, OK US","2017-03-26","0.00","75","42"
"USW00053913","GUTHRIE MUNICIPAL AIRPORT, OK US","2017-03-27","0.00","69","50"
"USW00053913","GUTHRIE MUNICIPAL AIRPORT, OK US","2017-03-28","0.90","71","47"
"USW00053913","GUTHRIE MUNICIPAL AIRPORT, OK US","2017-03-29","0.57","60","46"
"USW00053913","GUTHRIE MUNICIPAL AIRPORT, OK US","2017-03-30","0.00","59","42"
"USW00053913","GUTHRIE MUNICIPAL AIRPORT, OK US","2017-03-31","0.00","62","39"
"USW00053913","GUTHRIE MUNICIPAL AIRPORT, OK US","2017-04-01","0.06","75","44"
"USW00053913","GUTHRIE MUNICIPAL AIRPORT, OK US","2017-04-02","0.76","59","54"
"USW00053913","GUTHRIE MUNICIPAL AIRPORT, OK US","2017-04-03","0.16","72","52"
"USW00053913","GUTHRIE MUNICIPAL AIRPORT, OK US","2017-04-04","0.40","62","47"
"USW00053913","GUTHRIE MUNICIPAL AIRPORT, OK US","2017-04-05","0.01","65","41"
"USW00053913","GUTHRIE MUNICIPAL AIRPORT, OK US","2017-04-06","0.00","69","36"
"USW00053913","GUTHRIE MUNICIPAL AIRPORT, OK US","2017-04-07","0.00","77","46"
"USW00053913","GUTHRIE MUNICIPAL AIRPORT, OK US","2017-04-08","0.00","83","61"
"USW00053913","GUTHRIE MUNICIPAL AIRPORT, OK US","2017-04-09","0.00","83","66"
"USW00053913","GUTHRIE MUNICIPAL AIRPORT, OK US","2017-04-10","0.00","73","50"
"USW00053913","GUTHRIE MUNICIPAL AIRPORT, OK US","2017-04-11","0.00","73","43"
"USW00053913","GUTHRIE MUNICIPAL AIRPORT, OK US","2017-04-12","0.00","77","54"
"USW00053913","GUTHRIE MUNICIPAL AIRPORT, OK US","2017-04-13","1.34","77","58"
"USW00053913","GUTHRIE MUNICIPAL AIRPORT, OK US","2017-04-14","0.00","81","61"
"USW00053913","GUTHRIE MUNICIPAL AIRPORT, OK US","2017-04-15","0.00","82","66"
"USW00053913","GUTHRIE MUNICIPAL AIRPORT, OK US","2017-04-16","0.21","76","61"
"USW00053913","GUTHRIE MUNICIPAL AIRPORT, OK US","2017-04-17","0.00","74","59"
"USW00053913","GUTHRIE MUNICIPAL AIRPORT, OK US","2017-04-18","0.00","82","53"
"USW00053913","GUTHRIE MUNICIPAL AIRPORT, OK US","2017-04-19","0.00","80","63"
"USW00053913","GUTHRIE MUNICIPAL AIRPORT, OK US","2017-04-20","0.04","71","61"
"USW00053913","GUTHRIE MUNICIPAL AIRPORT, OK US","2017-04-21","2.22","64","48"
"USW00053913","GUTHRIE MUNICIPAL AIRPORT, OK US","2017-04-22","0.00","60","46"
"USW00053913","GUTHRIE MUNICIPAL AIRPORT, OK US","2017-04-23","0.00","70","38"
"USW00053913","GUTHRIE MUNICIPAL AIRPORT, OK US","2017-04-24","0.00","77","46"
"USW00053913","GUTHRIE MUNICIPAL AIRPORT, OK US","2017-04-25","0.01","87","55"
"USW00053913","GUTHRIE MUNICIPAL AIRPORT, OK US","2017-04-26","0.01","57","42"
"USW00053913","GUTHRIE MUNICIPAL AIRPORT, OK US","2017-04-27","0.01","68","39"
"USW00053913","GUTHRIE MUNICIPAL AIRPORT, OK US","2017-04-28","0.00","77","52"
"USW00053913","GUTHRIE MUNICIPAL AIRPORT, OK US","2017-04-29","1.45","67","48"
"USW00053913","GUTHRIE MUNICIPAL AIRPORT, OK US","2017-04-30","0.40","51","42"
"USW00053913","GUTHRIE MUNICIPAL AIRPORT, OK US","2017-05-01","0.00","72","38"
"USW00053913","GUTHRIE MUNICIPAL AIRPORT, OK US","2017-05-02","0.00","80","47"
"USW00053913","GUTHRIE MUNICIPAL AIRPORT, OK US","2017-05-03","0.00","62","49"
"USW00053913","GUTHRIE MUNICIPAL AIRPORT, OK US","2017-05-04","0.00","71","42"
"USW00053913","GUTHRIE MUNICIPAL AIRPORT, OK US","2017-05-05","0.00","75","41"
"USW00053913","GUTHRIE MUNICIPAL AIRPORT, OK US","2017-05-06","0.00","84","48"
"USW00053913","GUTHRIE MUNICIPAL AIRPORT, OK US","2017-05-07","0.00","87","57"
"USW00053913","GUTHRIE MUNICIPAL AIRPORT, OK US","2017-05-08","0.00","83","60"
"USW00053913","GUTHRIE MUNICIPAL AIRPORT, OK US","2017-05-09","0.00","84","61"
"USW00053913","GUTHRIE MUNICIPAL AIRPORT, OK US","2017-05-10","0.00","79","60"
"USW00053913","GUTHRIE MUNICIPAL AIRPORT, OK US","2017-05-11","0.23","79","59"
"USW00053913","GUTHRIE MUNICIPAL AIRPORT, OK US","2017-05-12","0.01","75","53"
"USW00053913","GUTHRIE MUNICIPAL AIRPORT, OK US","2017-05-13","0.00","80","49"
"USW00053913","GUTHRIE MUNICIPAL AIRPORT, OK US","2017-05-14","0.00","87","61"
"USW00053913","GUTHRIE MUNICIPAL AIRPORT, OK US","2017-05-15","0.00","90","69"
"USW00053913","GUTHRIE MUNICIPAL AIRPORT, OK US","2017-05-16","0.00","79","70"
"USW00053913","GUTHRIE MUNICIPAL AIRPORT, OK US","2017-05-17","0.46","84","62"
"USW00053913","GUTHRIE MUNICIPAL AIRPORT, OK US","2017-05-18","0.25","87","65"
"USW00053913","GUTHRIE MUNICIPAL AIRPORT, OK US","2017-05-19","2.73","76","59"
"USW00053913","GUTHRIE MUNICIPAL AIRPORT, OK US","2017-05-20","0.00","71","51"
"USW00053913","GUTHRIE MUNICIPAL AIRPORT, OK US","2017-05-21","0.00","77","46"
"USW00053913","GUTHRIE MUNICIPAL AIRPORT, OK US","2017-05-22","0.16","70","53"
"USW00053913","GUTHRIE MUNICIPAL AIRPORT, OK US","2017-05-23","0.03","70","53"
"USW00053913","GUTHRIE MUNICIPAL AIRPORT, OK US","2017-05-24","0.00","73","49"
"USW00053913","GUTHRIE MUNICIPAL AIRPORT, OK US","2017-05-25","0.00","87","54"
"USW00053913","GUTHRIE MUNICIPAL AIRPORT, OK US","2017-05-26","0.00","89","69"
"USW00053913","GUTHRIE MUNICIPAL AIRPORT, OK US","2017-05-27","0.00","94","71"
"USW00053913","GUTHRIE MUNICIPAL AIRPORT, OK US","2017-05-28","0.00","83","58"
"USW00053913","GUTHRIE MUNICIPAL AIRPORT, OK US","2017-05-29","0.00","90","54"
"USW00053913","GUTHRIE MUNICIPAL AIRPORT, OK US","2017-05-30","0.00","85","61"
"USW00053913","GUTHRIE MUNICIPAL AIRPORT, OK US","2017-05-31","0.00","89","61"
"USW00053913","GUTHRIE MUNICIPAL AIRPORT, OK US","2017-06-01","0.00","88","65"
"USW00053913","GUTHRIE MUNICIPAL AIRPORT, OK US","2017-06-02","0.00","79","62"
"USW00053913","GUTHRIE MUNICIPAL AIRPORT, OK US","2017-06-03","0.00","82","67"
"USW00053913","GUTHRIE MUNICIPAL AIRPORT, OK US","2017-06-04","0.89","81","67"
"USW00053913","GUTHRIE MUNICIPAL AIRPORT, OK US","2017-06-05","0.00","87","66"
"USW00053913","GUTHRIE MUNICIPAL AIRPORT, OK US","2017-06-06","0.00","91","61"
"USW00053913","GUTHRIE MUNICIPAL AIRPORT, OK US","2017-06-07","0.00","83","65"
"USW00053913","GUTHRIE MUNICIPAL AIRPORT, OK US","2017-06-08","0.00","84","56"
"USW00053913","GUTHRIE MUNICIPAL AIRPORT, OK US","2017-06-09","0.00","84","67"
"USW00053913","GUTHRIE MUNICIPAL AIRPORT, OK US","2017-06-10","0.00","90","68"
"USW00053913","GUTHRIE MUNICIPAL AIRPORT, OK US","2017-06-11","0.00","90","73"
"USW00053913","GUTHRIE MUNICIPAL AIRPORT, OK US","2017-06-12","0.00","92","74"
"USW00053913","GUTHRIE MUNICIPAL AIRPORT, OK US","2017-06-13","0.00","92","75"
"USW00053913","GUTHRIE MUNICIPAL AIRPORT, OK US","2017-06-14","0.01","93","76"
"USW00053913","GUTHRIE MUNICIPAL AIRPORT, OK US","2017-06-15","0.00","97","71"
"USW00053913","GUTHRIE MUNICIPAL AIRPORT, OK US","2017-06-16","0.00","98","69"
"USW00053913","GUTHRIE MUNICIPAL AIRPORT, OK US","2017-06-17","0.00","94","77"
"USW00053913","GUTHRIE MUNICIPAL AIRPORT, OK US","2017-06-18","0.54","82","67"
"USW00053913","GUTHRIE MUNICIPAL AIRPORT, OK US","2017-06-19","0.00","89","60"
"USW00053913","GUTHRIE MUNICIPAL AIRPORT, OK US","2017-06-20","0.00","94","63"
"USW00053913","GUTHRIE MUNICIPAL AIRPORT, OK US","2017-06-21","0.00","94","67"
"USW00053913","GUTHRIE MUNICIPAL AIRPORT, OK US","2017-06-22","0.00","93","67"
"USW00053913","GUTHRIE MUNICIPAL AIRPORT, OK US","2017-06-23","0.00","92","71"
"USW00053913","GUTHRIE MUNICIPAL AIRPORT, OK US","2017-06-24","0.00","85","65"
"USW00053913","GUTHRIE MUNICIPAL AIRPORT, OK US","2017-06-25","0.00","89","65"
"USW00053913","GUTHRIE MUNICIPAL AIRPORT, OK US","2017-06-26","0.00","89","66"
"USW00053913","GUTHRIE MUNICIPAL AIRPORT, OK US","2017-06-27","0.00","94","69"
"USW00053913","GUTHRIE MUNICIPAL AIRPORT, OK US","2017-06-28","0.00","94","74"
"USW00053913","GUTHRIE MUNICIPAL AIRPORT, OK US","2017-06-29","0.00","95","76"
"USW00053913","GUTHRIE MUNICIPAL AIRPORT, OK US","2017-06-30","0.14","90","67"
"USW00053913","GUTHRIE MUNICIPAL AIRPORT, OK US","2017-07-01","0.00","91","71"
"USW00053913","GUTHRIE MUNICIPAL AIRPORT, OK US","2017-07-02","0.08","90","69"
"USW00053913","GUTHRIE MUNICIPAL AIRPORT, OK US","2017-07-03","3.17","94","67"
"USW00053913","GUTHRIE MUNICIPAL AIRPORT, OK US","2017-07-04","0.00","85","65"
"USW00053913","GUTHRIE MUNICIPAL AIRPORT, OK US","2017-07-05","0.00","90","68"
"USW00053913","GUTHRIE MUNICIPAL AIRPORT, OK US","2017-07-06","0.00","94","70"
"USW00053913","GUTHRIE MUNICIPAL AIRPORT, OK US","2017-07-07","0.00","98","72"
"USW00053913","GUTHRIE MUNICIPAL AIRPORT, OK US","2017-07-08","0.01","86","70"
"USW00053913","GUTHRIE MUNICIPAL AIRPORT, OK US","2017-07-09","0.00","94","69"
"USW00053913","GUTHRIE MUNICIPAL AIRPORT, OK US","2017-07-10","0.00","95","71"
"USW00053913","GUTHRIE MUNICIPAL AIRPORT, OK US","2017-07-11","0.00","99","76"
"USW00053913","GUTHRIE MUNICIPAL AIRPORT, OK US","2017-07-12","0.00","98","79"
"USW00053913","GUTHRIE MUNICIPAL AIRPORT, OK US","2017-07-13","0.00","98","76"
"USW00053913","GUTHRIE MUNICIPAL AIRPORT, OK US","2017-07-14","0.12","98","73"
"USW00053913","GUTHRIE MUNICIPAL AIRPORT, OK US","2017-07-15","0.00","95","76"
"USW00053913","GUTHRIE MUNICIPAL AIRPORT, OK US","2017-07-16","0.00","96","72"
"USW00053913","GUTHRIE MUNICIPAL AIRPORT, OK US","2017-07-17","0.00","96","72"
"USW00053913","GUTHRIE MUNICIPAL AIRPORT, OK US","2017-07-18","0.00","97","74"
"USW00053913","GUTHRIE MUNICIPAL AIRPORT, OK US","2017-07-19","0.00","101","77"
"USW00053913","GUTHRIE MUNICIPAL AIRPORT, OK US","2017-07-20","0.00","103","77"
"USW00053913","GUTHRIE MUNICIPAL AIRPORT, OK US","2017-07-21","0.00","104","79"
"USW00053913","GUTHRIE MUNICIPAL AIRPORT, OK US","2017-07-22","0.00","107","81"
"USW00053913","GUTHRIE MUNICIPAL AIRPORT, OK US","2017-07-23","0.06","96","73"
"USW00053913","GUTHRIE MUNICIPAL AIRPORT, OK US","2017-07-24","0.00","97","69"
"USW00053913","GUTHRIE MUNICIPAL AIRPORT, OK US","2017-07-25","0.00","100","73"
"USW00053913","GUTHRIE MUNICIPAL AIRPORT, OK US","2017-07-26","0.01","102","79"
"USW00053913","GUTHRIE MUNICIPAL AIRPORT, OK US","2017-07-27","0.11","95","75"
"USW00053913","GUTHRIE MUNICIPAL AIRPORT, OK US","2017-07-28","0.05","96","76"
"USW00053913","GUTHRIE MUNICIPAL AIRPORT, OK US","2017-07-29","0.00","93","70"
"USW00053913","GUTHRIE MUNICIPAL AIRPORT, OK US","2017-07-30","0.00","93","72"
"USW00053913","GUTHRIE MUNICIPAL AIRPORT, OK US","2017-07-31","0.00","85","72"
"USW00053913","GUTHRIE MUNICIPAL AIRPORT, OK US","2017-08-01","1.24","77","67"
"USW00053913","GUTHRIE MUNICIPAL AIRPORT, OK US","2017-08-02","0.00","89","66"
"USW00053913","GUTHRIE MUNICIPAL AIRPORT, OK US","2017-08-03","0.00","92","68"
"USW00053913","GUTHRIE MUNICIPAL AIRPORT, OK US","2017-08-04","0.00","85","68"
"USW00053913","GUTHRIE MUNICIPAL AIRPORT, OK US","2017-08-05","0.05","99","68"
"USW00053913","GUTHRIE MUNICIPAL AIRPORT, OK US","2017-08-06","0.04","88","70"
"USW00053913","GUTHRIE MUNICIPAL AIRPORT, OK US","2017-08-07","0.00","84","67"
"USW00053913","GUTHRIE MUNICIPAL AIRPORT, OK US","2017-08-08","0.00","88","65"
"USW00053913","GUTHRIE MUNICIPAL AIRPORT, OK US","2017-08-09","0.72","91","65"
"USW00053913","GUTHRIE MUNICIPAL AIRPORT, OK US","2017-08-10","0.12","89","70"
"USW00053913","GUTHRIE MUNICIPAL AIRPORT, OK US","2017-08-11","0.41","86","69"
"USW00053913","GUTHRIE MUNICIPAL AIRPORT, OK US","2017-08-12","0.44","74","69"
"USW00053913","GUTHRIE MUNICIPAL AIRPORT, OK US","2017-08-13","0.00","86","70"
"USW00053913","GUTHRIE MUNICIPAL AIRPORT, OK US","2017-08-14","0.18","88","72"
"USW00053913","GUTHRIE MUNICIPAL AIRPORT, OK US","2017-08-15","0.20","85","72"
"USW00053913","GUTHRIE MUNICIPAL AIRPORT, OK US","2017-08-16","0.11","93","71"
"USW00053913","GUTHRIE MUNICIPAL AIRPORT, OK US","2017-08-17","0.00","91","68"
"USW00053913","GUTHRIE MUNICIPAL AIRPORT, OK US","2017-08-18","0.00","93","70"
"USW00053913","GUTHRIE MUNICIPAL AIRPORT, OK US","2017-08-19","0.00","98","73"
"USW00053913","GUTHRIE MUNICIPAL AIRPORT, OK US","2017-08-20","0.00","95","72"
"USW00053913","GUTHRIE MUNICIPAL AIRPORT, OK US","2017-08-21","0.00","94","77"
"USW00053913","GUTHRIE MUNICIPAL AIRPORT, OK US","2017-08-22","0.01","91","73"
"USW00053913","GUTHRIE MUNICIPAL AIRPORT, OK US","2017-08-23","0.00","87","67"
"USW00053913","GUTHRIE MUNICIPAL AIRPORT, OK US","2017-08-24","0.00","88","60"
"USW00053913","GUTHRIE MUNICIPAL AIRPORT, OK US","2017-08-25","0.75","76","66"
"USW00053913","GUTHRIE MUNICIPAL AIRPORT, OK US","2017-08-26","0.00","86","69"
"USW00053913","GUTHRIE MUNICIPAL AIRPORT, OK US","2017-08-27","0.00","89","65"
"USW00053913","GUTHRIE MUNICIPAL AIRPORT, OK US","2017-08-28","0.00","87","65"
"USW00053913","GUTHRIE MUNICIPAL AIRPORT, OK US","2017-08-29","0.00","85","59"
"USW00053913","GUTHRIE MUNICIPAL AIRPORT, OK US","2017-08-30","0.00","85","59"
"USW00053913","GUTHRIE MUNICIPAL AIRPORT, OK US","2017-08-31","0.00","87","61"
"USW00053913","GUTHRIE MUNICIPAL AIRPORT, OK US","2017-09-01","0.00","85","57"
"USW00053913","GUTHRIE MUNICIPAL AIRPORT, OK US","2017-09-02","0.07","89","66"
"USW00053913","GUTHRIE MUNICIPAL AIRPORT, OK US","2017-09-03","0.00","92","66"
"USW00053913","GUTHRIE MUNICIPAL AIRPORT, OK US","2017-09-04","0.00","96","68"
"USW00053913","GUTHRIE MUNICIPAL AIRPORT, OK US","2017-09-05","0.00","81","55"
"USW00053913","GUTHRIE MUNICIPAL AIRPORT, OK US","2017-09-06","0.00","81","48"
"USW00053913","GUTHRIE MUNICIPAL AIRPORT, OK US","2017-09-07","0.00","86","53"
"USW00053913","GUTHRIE MUNICIPAL AIRPORT, OK US","2017-09-08","0.00","85","60"
"USW00053913","GUTHRIE MUNICIPAL AIRPORT, OK US","2017-09-09","0.00","86","59"
"USW00053913","GUTHRIE MUNICIPAL AIRPORT, OK US","2017-09-10","0.00","84","60"
"USW00053913","GUTHRIE MUNICIPAL AIRPORT, OK US","2017-09-11","0.00","87","56"
"USW00053913","GUTHRIE MUNICIPAL AIRPORT, OK US","2017-09-12","0.00","81","53"
"USW00053913","GUTHRIE MUNICIPAL AIRPORT, OK US","2017-09-13","0.00","91","50"
"USW00053913","GUTHRIE MUNICIPAL AIRPORT, OK US","2017-09-14","0.00","95","63"
"USW00053913","GUTHRIE MUNICIPAL AIRPORT, OK US","2017-09-15","0.02","93","72"
"USW00053913","GUTHRIE MUNICIPAL AIRPORT, OK US","2017-09-16","0.00","92","74"
"USW00053913","GUTHRIE MUNICIPAL AIRPORT, OK US","2017-09-17","0.07","80","69"
"USW00053913","GUTHRIE MUNICIPAL AIRPORT, OK US","2017-09-18","0.05","89","67"
"USW00053913","GUTHRIE MUNICIPAL AIRPORT, OK US","2017-09-19","0.00","97","72"
"USW00053913","GUTHRIE MUNICIPAL AIRPORT, OK US","2017-09-20","0.00","94","76"
"USW00053913","GUTHRIE MUNICIPAL AIRPORT, OK US","2017-09-21","0.00","95","79"
"USW00053913","GUTHRIE MUNICIPAL AIRPORT, OK US","2017-09-22","0.00","91","73"
"USW00053913","GUTHRIE MUNICIPAL AIRPORT, OK US","2017-09-23","0.00","92","71"
"USW00053913","GUTHRIE MUNICIPAL AIRPORT, OK US","2017-09-24","0.00","90","70"
"USW00053913","GUTHRIE MUNICIPAL AIRPORT, OK US","2017-09-25","0.23","86","68"
"USW00053913","GUTHRIE MUNICIPAL AIRPORT, OK US","2017-09-26","2.31","69","60"
"USW00053913","GUTHRIE MUNICIPAL AIRPORT, OK US","2017-09-27","0.60","66","60"
"USW00053913","GUTHRIE MUNICIPAL AIRPORT, OK US","2017-09-28","0.00","73","58"
"USW00053913","GUTHRIE MUNICIPAL AIRPORT, OK US","2017-09-29","0.00","80","56"
"USW00053913","GUTHRIE MUNICIPAL AIRPORT, OK US","2017-09-30","0.00","80","56"
"USW00053913","GUTHRIE MUNICIPAL AIRPORT, OK US","2017-10-01","0.00","83","64"
"USW00053913","GUTHRIE MUNICIPAL AIRPORT, OK US","2017-10-02","0.00","88","68"
"USW00053913","GUTHRIE MUNICIPAL AIRPORT, OK US","2017-10-03","0.00","85","71"
"USW00053913","GUTHRIE MUNICIPAL AIRPORT, OK US","2017-10-04","3.21","75","70"
"USW00053913","GUTHRIE MUNICIPAL AIRPORT, OK US","2017-10-05","0.03","79","70"
"USW00053913","GUTHRIE MUNICIPAL AIRPORT, OK US","2017-10-06","0.00","86","70"
"USW00053913","GUTHRIE MUNICIPAL AIRPORT, OK US","2017-10-07","0.50","79","57"
"USW00053913","GUTHRIE MUNICIPAL AIRPORT, OK US","2017-10-08","0.00","83","55"
"USW00053913","GUTHRIE MUNICIPAL AIRPORT, OK US","2017-10-09","0.00","84","53"
"USW00053913","GUTHRIE MUNICIPAL AIRPORT, OK US","2017-10-10","0.00","61","43"
"USW00053913","GUTHRIE MUNICIPAL AIRPORT, OK US","2017-10-11","0.00","68","39"
"USW00053913","GUTHRIE MUNICIPAL AIRPORT, OK US","2017-10-12","0.00","84","53"
"USW00053913","GUTHRIE MUNICIPAL AIRPORT, OK US","2017-10-13","0.00","88","67"
"USW00053913","GUTHRIE MUNICIPAL AIRPORT, OK US","2017-10-14","0.46","91","61"
"USW00053913","GUTHRIE MUNICIPAL AIRPORT, OK US","2017-10-15","0.00","66","45"
"USW00053913","GUTHRIE MUNICIPAL AIRPORT, OK US","2017-10-16","0.00","70","40"
"USW00053913","GUTHRIE MUNICIPAL AIRPORT, OK US","2017-10-17","0.00","74","47"
"USW00053913","GUTHRIE MUNICIPAL AIRPORT, OK US","2017-10-18","0.00","82","55"
"USW00053913","GUTHRIE MUNICIPAL AIRPORT, OK US","2017-10-19","0.00","79","56"
"USW00053913","GUTHRIE MUNICIPAL AIRPORT, OK US","2017-10-20","0.00","80","59"
"USW00053913","GUTHRIE MUNICIPAL AIRPORT, OK US","2017-10-21","1.60","81","55"
"USW00053913","GUTHRIE MUNICIPAL AIRPORT, OK US","2017-10-22","0.00","69","48"
"USW00053913","GUTHRIE MUNICIPAL AIRPORT, OK US","2017-10-23","0.00","73","46"
"USW00053913","GUTHRIE MUNICIPAL AIRPORT, OK US","2017-10-24","0.00","64","39"
"USW00053913","GUTHRIE MUNICIPAL AIRPORT, OK US","2017-10-25","0.00","75","37"
"USW00053913","GUTHRIE MUNICIPAL AIRPORT, OK US","2017-10-26","0.00","76","48"
"USW00053913","GUTHRIE MUNICIPAL AIRPORT, OK US","2017-10-27","0.00","48","30"
"USW00053913","GUTHRIE MUNICIPAL AIRPORT, OK US","2017-10-28","0.00","53","27"
"USW00053913","GUTHRIE MUNICIPAL AIRPORT, OK US","2017-10-29","0.00","76","38"
"USW00053913","GUTHRIE MUNICIPAL AIRPORT, OK US","2017-10-30","0.00","61","40"
"USW00053913","GUTHRIE MUNICIPAL AIRPORT, OK US","2017-10-31","0.00","48","34"
"USW00053913","GUTHRIE MUNICIPAL AIRPORT, OK US","2017-11-01","0.00","73","38"
"USW00053913","GUTHRIE MUNICIPAL AIRPORT, OK US","2017-11-02","0.00","75","53"
"USW00053913","GUTHRIE MUNICIPAL AIRPORT, OK US","2017-11-03","0.00","54","48"
"USW00053913","GUTHRIE MUNICIPAL AIRPORT, OK US","2017-11-04","0.00","71","47"
"USW00053913","GUTHRIE MUNICIPAL AIRPORT, OK US","2017-11-05","0.00","70","46"
"USW00053913","GUTHRIE MUNICIPAL AIRPORT, OK US","2017-11-06","0.00","50","43"
"USW00053913","GUTHRIE MUNICIPAL AIRPORT, OK US","2017-11-07","0.00","47","42"
"USW00053913","GUTHRIE MUNICIPAL AIRPORT, OK US","2017-11-08","0.01","51","33"
"USW00053913","GUTHRIE MUNICIPAL AIRPORT, OK US","2017-11-09","0.00","60","30"
"USW00053913","GUTHRIE MUNICIPAL AIRPORT, OK US","2017-11-10","0.00","63","37"
"USW00053913","GUTHRIE MUNICIPAL AIRPORT, OK US","2017-11-11","0.00","58","52"
"USW00053913","GUTHRIE MUNICIPAL AIRPORT, OK US","2017-11-12","0.00","57","48"
"USW00053913","GUTHRIE MUNICIPAL AIRPORT, OK US","2017-11-13","0.00","58","45"
"USW00053913","GUTHRIE MUNICIPAL AIRPORT, OK US","2017-11-14","0.02","67","56"
"USW00053913","GUTHRIE MUNICIPAL AIRPORT, OK US","2017-11-15","0.00","66","38"
"USW00053913","GUTHRIE MUNICIPAL AIRPORT, OK US","2017-11-16","0.00","64","35"
"USW00053913","GUTHRIE MUNICIPAL AIRPORT, OK US","2017-11-17","0.00","81","58"
"USW00053913","GUTHRIE MUNICIPAL AIRPORT, OK US","2017-11-18","0.00","75","33"
"USW00053913","GUTHRIE MUNICIPAL AIRPORT, OK US","2017-11-19","0.00","60","28"
"USW00053913","GUTHRIE MUNICIPAL AIRPORT, OK US","2017-11-20","0.00","65","39"
"USW00053913","GUTHRIE MUNICIPAL AIRPORT, OK US","2017-11-21","0.00","62","35"
"USW00053913","GUTHRIE MUNICIPAL AIRPORT, OK US","2017-11-22","0.00","48","27"
"USW00053913","GUTHRIE MUNICIPAL AIRPORT, OK US","2017-11-23","0.00","70","34"
"USW00053913","GUTHRIE MUNICIPAL AIRPORT, OK US","2017-11-24","0.00","81","50"
"USW00053913","GUTHRIE MUNICIPAL AIRPORT, OK US","2017-11-25","0.00","65","37"
"USW00053913","GUTHRIE MUNICIPAL AIRPORT, OK US","2017-11-26","0.00","69","31"
"USW00053913","GUTHRIE MUNICIPAL AIRPORT, OK US","2017-11-27","0.00","76","51"
"USW00053913","GUTHRIE MUNICIPAL AIRPORT, OK US","2017-11-28","0.10","69","50"
"USW00053913","GUTHRIE MUNICIPAL AIRPORT, OK US","2017-11-29","0.03","55","41"
"USW00053913","GUTHRIE MUNICIPAL AIRPORT, OK US","2017-11-30","0.00","60","35"
"USW00053913","GUTHRIE MUNICIPAL AIRPORT, OK US","2017-12-01","0.00","65","37"
"USW00053913","GUTHRIE MUNICIPAL AIRPORT, OK US","2017-12-02","0.00","68","41"
"USW00053913","GUTHRIE MUNICIPAL AIRPORT, OK US","2017-12-03","0.00","73","42"
"USW00053913","GUTHRIE MUNICIPAL AIRPORT, OK US","2017-12-04","0.00","75","43"
"USW00053913","GUTHRIE MUNICIPAL AIRPORT, OK US","2017-12-05","0.00","43","30"
"USW00053913","GUTHRIE MUNICIPAL AIRPORT, OK US","2017-12-06","0.00","54","26"
"USW00053913","GUTHRIE MUNICIPAL AIRPORT, OK US","2017-12-07","0.00","35","15"
"USW00053913","GUTHRIE MUNICIPAL AIRPORT, OK US","2017-12-08","0.00","49","15"
"USW00053913","GUTHRIE MUNICIPAL AIRPORT, OK US","2017-12-09","0.00","55","24"
"USW00053913","GUTHRIE MUNICIPAL AIRPORT, OK US","2017-12-10","0.00","66","29"
"USW00053913","GUTHRIE MUNICIPAL AIRPORT, OK US","2017-12-11","0.00","65","30"
"USW00053913","GUTHRIE MUNICIPAL AIRPORT, OK US","2017-12-12","0.00","49","30"
"USW00053913","GUTHRIE MUNICIPAL AIRPORT, OK US","2017-12-13","0.00","67","33"
"USW00053913","GUTHRIE MUNICIPAL AIRPORT, OK US","2017-12-14","0.00","49","36"
"USW00053913","GUTHRIE MUNICIPAL AIRPORT, OK US","2017-12-15","0.00","51","24"
"USW00053913","GUTHRIE MUNICIPAL AIRPORT, OK US","2017-12-16","0.00","62","38"
"USW00053913","GUTHRIE MUNICIPAL AIRPORT, OK US","2017-12-17","0.00","47","40"
"USW00053913","GUTHRIE MUNICIPAL AIRPORT, OK US","2017-12-18","0.00","56","39"
"USW00053913","GUTHRIE MUNICIPAL AIRPORT, OK US","2017-12-19","0.41","59","50"
"USW00053913","GUTHRIE MUNICIPAL AIRPORT, OK US","2017-12-20","0.00","55","49"
"USW00053913","GUTHRIE MUNICIPAL AIRPORT, OK US","2017-12-21","0.00","63","34"
"USW00053913","GUTHRIE MUNICIPAL AIRPORT, OK US","2017-12-22","0.00","34","29"
"USW00053913","GUTHRIE MUNICIPAL AIRPORT, OK US","2017-12-23","0.00","42","25"
"USW00053913","GUTHRIE MUNICIPAL AIRPORT, OK US","2017-12-24","0.00","36","22"
"USW00053913","GUTHRIE MUNICIPAL AIRPORT, OK US","2017-12-25","0.00","38","24"
"USW00053913","GUTHRIE MUNICIPAL AIRPORT, OK US","2017-12-26","0.00","32","19"
"USW00053913","GUTHRIE MUNICIPAL AIRPORT, OK US","2017-12-27","0.00","28","17"
"USW00053913","GUTHRIE MUNICIPAL AIRPORT, OK US","2017-12-28","0.00","40","28"
"USW00053913","GUTHRIE MUNICIPAL AIRPORT, OK US","2017-12-29","0.00","42","29"
"USW00053913","GUTHRIE MUNICIPAL AIRPORT, OK US","2017-12-30","0.00","32","18"
"USW00053913","GUTHRIE MUNICIPAL AIRPORT, OK US","2017-12-31","0.00","22","10"
"USW00053913","GUTHRIE MUNICIPAL AIRPORT, OK US","2018-01-01","0.00","20","3"
"USW00053913","GUTHRIE MUNICIPAL AIRPORT, OK US","2018-01-02","0.00","20","12"
"USW00053913","GUTHRIE MUNICIPAL AIRPORT, OK US","2018-01-03","0.00","40","14"
"USW00053913","GUTHRIE MUNICIPAL AIRPORT, OK US","2018-01-04","0.00","44","19"
"USW00053913","GUTHRIE MUNICIPAL AIRPORT, OK US","2018-01-05","0.00","53","23"
"USW00053913","GUTHRIE MUNICIPAL AIRPORT, OK US","2018-01-06","0.00","51","23"
"USW00053913","GUTHRIE MUNICIPAL AIRPORT, OK US","2018-01-07","0.15","51","37"
"USW00053913","GUTHRIE MUNICIPAL AIRPORT, OK US","2018-01-08","0.00","55","30"
"USW00053913","GUTHRIE MUNICIPAL AIRPORT, OK US","2018-01-09","0.00","60","33"
"USW00053913","GUTHRIE MUNICIPAL AIRPORT, OK US","2018-01-10","0.00","60","42"
"USW00053913","GUTHRIE MUNICIPAL AIRPORT, OK US","2018-01-11","0.00","53","19"
"USW00053913","GUTHRIE MUNICIPAL AIRPORT, OK US","2018-01-12","0.00","32","13"
"USW00053913","GUTHRIE MUNICIPAL AIRPORT, OK US","2018-01-13","0.00","34","18"
"USW00053913","GUTHRIE MUNICIPAL AIRPORT, OK US","2018-01-14","0.00","51","25"
"USW00053913","GUTHRIE MUNICIPAL AIRPORT, OK US","2018-01-15","0.00","38","14"
"USW00053913","GUTHRIE MUNICIPAL AIRPORT, OK US","2018-01-16","0.00","20","5"
"USW00053913","GUTHRIE MUNICIPAL AIRPORT, OK US","2018-01-17","0.00","35","3"
"USW00053913","GUTHRIE MUNICIPAL AIRPORT, OK US","2018-01-18","0.00","50","23"
"USW00053913","GUTHRIE MUNICIPAL AIRPORT, OK US","2018-01-19","0.00","60","30"
"USW00053913","GUTHRIE MUNICIPAL AIRPORT, OK US","2018-01-20","0.00","68","49"
"USW00053913","GUTHRIE MUNICIPAL AIRPORT, OK US","2018-01-21","0.00","70","44"
"USW00053913","GUTHRIE MUNICIPAL AIRPORT, OK US","2018-01-22","0.00","48","37"
"USW00053913","GUTHRIE MUNICIPAL AIRPORT, OK US","2018-01-23","0.00","52","21"
"USW00053913","GUTHRIE MUNICIPAL AIRPORT, OK US","2018-01-24","0.00","59","20"
"USW00053913","GUTHRIE MUNICIPAL AIRPORT, OK US","2018-01-25","0.00","66","42"
"USW00053913","GUTHRIE MUNICIPAL AIRPORT, OK US","2018-01-26","0.00","62","51"
"USW00053913","GUTHRIE MUNICIPAL AIRPORT, OK US","2018-01-27","0.00","60","27"
"USW00053913","GUTHRIE MUNICIPAL AIRPORT, OK US","2018-01-28","0.00","63","21"
"USW00053913","GUTHRIE MUNICIPAL AIRPORT, OK US","2018-01-29","0.00","42","21"
"USW00053913","GUTHRIE MUNICIPAL AIRPORT, OK US","2018-01-30","0.00","58","28"
"USW00053913","GUTHRIE MUNICIPAL AIRPORT, OK US","2018-01-31","0.00","66","45"
"USW00053913","GUTHRIE MUNICIPAL AIRPORT, OK US","2018-02-01","0.00","49","29"
"USW00053913","GUTHRIE MUNICIPAL AIRPORT, OK US","2018-02-02","0.00","47","21"
"USW00053913","GUTHRIE MUNICIPAL AIRPORT, OK US","2018-02-03","0.00","54","35"
"USW00053913","GUTHRIE MUNICIPAL AIRPORT, OK US","2018-02-04","0.00","37","16"
"USW00053913","GUTHRIE MUNICIPAL AIRPORT, OK US","2018-02-05","0.00","39","10"
"USW00053913","GUTHRIE MUNICIPAL AIRPORT, OK US","2018-02-06","0.00","31","17"
"USW00053913","GUTHRIE MUNICIPAL AIRPORT, OK US","2018-02-07","0.00","42","17"
"USW00053913","GUTHRIE MUNICIPAL AIRPORT, OK US","2018-02-08","0.00","60","22"
"USW00053913","GUTHRIE MUNICIPAL AIRPORT, OK US","2018-02-09","0.00","62","30"
"USW00053913","GUTHRIE MUNICIPAL AIRPORT, OK US","2018-02-10","0.00","30","19"
"USW00053913","GUTHRIE MUNICIPAL AIRPORT, OK US","2018-02-11","0.00","35","18"
"USW00053913","GUTHRIE MUNICIPAL AIRPORT, OK US","2018-02-12","0.00","46","10"
"USW00053913","GUTHRIE MUNICIPAL AIRPORT, OK US","2018-02-13","0.00","52","29"
"USW00053913","GUTHRIE MUNICIPAL AIRPORT, OK US","2018-02-14","0.00","73","45"
"USW00053913","GUTHRIE MUNICIPAL AIRPORT, OK US","2018-02-15","0.00","78","55"
"USW00053913","GUTHRIE MUNICIPAL AIRPORT, OK US","2018-02-16","0.08","56","33"
"USW00053913","GUTHRIE MUNICIPAL AIRPORT, OK US","2018-02-17","0.50","60","36"
"USW00053913","GUTHRIE MUNICIPAL AIRPORT, OK US","2018-02-18","0.00","62","39"
"USW00053913","GUTHRIE MUNICIPAL AIRPORT, OK US","2018-02-19","0.00","71","40"
"USW00053913","GUTHRIE MUNICIPAL AIRPORT, OK US","2018-02-20","0.21","44","24"
"USW00053913","GUTHRIE MUNICIPAL AIRPORT, OK US","2018-02-21","0.00","27","21"
"USW00053913","GUTHRIE MUNICIPAL AIRPORT, OK US","2018-02-22",,"33","27"
"USW00053913","GUTHRIE MUNICIPAL AIRPORT, OK US","2018-02-23","0.62","39","33"
"USW00053913","GUTHRIE MUNICIPAL AIRPORT, OK US","2018-02-24","0.22","51","32"
"USW00053913","GUTHRIE MUNICIPAL AIRPORT, OK US","2018-02-25","0.00","62","25"
"USW00053913","GUTHRIE MUNICIPAL AIRPORT, OK US","2018-02-26","0.00","67","26"
"USW00053913","GUTHRIE MUNICIPAL AIRPORT, OK US","2018-02-27","0.07","58","50"
"USW00053913","GUTHRIE MUNICIPAL AIRPORT, OK US","2018-02-28","0.00","72","49"
"USW00053913","GUTHRIE MUNICIPAL AIRPORT, OK US","2018-03-01","0.00","60","37"
"USW00053913","GUTHRIE MUNICIPAL AIRPORT, OK US","2018-03-02","0.00","68","33"
"USW00053913","GUTHRIE MUNICIPAL AIRPORT, OK US","2018-03-03","0.00","72","46"
"USW00053913","GUTHRIE MUNICIPAL AIRPORT, OK US","2018-03-04","0.00","65","58"
"USW00053913","GUTHRIE MUNICIPAL AIRPORT, OK US","2018-03-05","0.00","64","36"
"USW00053913","GUTHRIE MUNICIPAL AIRPORT, OK US","2018-03-06","0.00","59","28"
"USW00053913","GUTHRIE MUNICIPAL AIRPORT, OK US","2018-03-07","0.00","53","28"
"USW00053913","GUTHRIE MUNICIPAL AIRPORT, OK US","2018-03-08","0.00","67","27"
"USW00053913","GUTHRIE MUNICIPAL AIRPORT, OK US","2018-03-09","0.00","71","50"
"USW00053913","GUTHRIE MUNICIPAL AIRPORT, OK US","2018-03-10","0.00","71","43"
"USW00053913","GUTHRIE MUNICIPAL AIRPORT, OK US","2018-03-11","0.00","55","36"
"USW00053913","GUTHRIE MUNICIPAL AIRPORT, OK US","2018-03-12","0.00","54","28"
"USW00053913","GUTHRIE MUNICIPAL AIRPORT, OK US","2018-03-13","0.00","59","26"
"USW00053913","GUTHRIE MUNICIPAL AIRPORT, OK US","2018-03-14","0.00","67","25"
"USW00053913","GUTHRIE MUNICIPAL AIRPORT, OK US","2018-03-15","0.00","77","49"
"USW00053913","GUTHRIE MUNICIPAL AIRPORT, OK US","2018-03-16","0.00","78","52"
"USW00053913","GUTHRIE MUNICIPAL AIRPORT, OK US","2018-03-17","0.00","59","38"
"USW00053913","GUTHRIE MUNICIPAL AIRPORT, OK US","2018-03-18","0.13","63","43"
"USW00053913","GUTHRIE MUNICIPAL AIRPORT, OK US","2018-03-19","0.00","62","42"
"USW00053913","GUTHRIE MUNICIPAL AIRPORT, OK US","2018-03-20","0.00","57","39"
"USW00053913","GUTHRIE MUNICIPAL AIRPORT, OK US","2018-03-21","0.00","67","30"
"USW00053913","GUTHRIE MUNICIPAL AIRPORT, OK US","2018-03-22","0.00","79","47"
"USW00053913","GUTHRIE MUNICIPAL AIRPORT, OK US","2018-03-23","0.00","77","60"
"USW00053913","GUTHRIE MUNICIPAL AIRPORT, OK US","2018-03-24","0.00","71","50"
"USW00053913","GUTHRIE MUNICIPAL AIRPORT, OK US","2018-03-25","0.04","62","43"
"USW00053913","GUTHRIE MUNICIPAL AIRPORT, OK US","2018-03-26","0.00","82","53"
"USW00053913","GUTHRIE MUNICIPAL AIRPORT, OK US","2018-03-27","0.30","54","44"
"USW00053913","GUTHRIE MUNICIPAL AIRPORT, OK US","2018-03-28","0.00","64","44"
"USW00053913","GUTHRIE MUNICIPAL AIRPORT, OK US","2018-03-29","0.32","55","42"
"USW00053913","GUTHRIE MUNICIPAL AIRPORT, OK US","2018-03-30","0.00","65","33"
"USW00053913","GUTHRIE MUNICIPAL AIRPORT, OK US","2018-03-31","0.00","75","44"
"USW00053913","GUTHRIE MUNICIPAL AIRPORT, OK US","2018-04-01","0.00","44","32"
"USW00053913","GUTHRIE MUNICIPAL AIRPORT, OK US","2018-04-02","0.00","60","32"
"USW00053913","GUTHRIE MUNICIPAL AIRPORT, OK US","2018-04-03","0.00","67","32"
"USW00053913","GUTHRIE MUNICIPAL AIRPORT, OK US","2018-04-04","0.00","60","25"
"USW00053913","GUTHRIE MUNICIPAL AIRPORT, OK US","2018-04-05","0.00","70","43"
"USW00053913","GUTHRIE MUNICIPAL AIRPORT, OK US","2018-04-06","0.15","57","31"
"USW00053913","GUTHRIE MUNICIPAL AIRPORT, OK US","2018-04-07","0.00","46","24"
"USW00053913","GUTHRIE MUNICIPAL AIRPORT, OK US","2018-04-08","0.00","51","31"
"USW00053913","GUTHRIE MUNICIPAL AIRPORT, OK US","2018-04-09","0.00","64","34"
"USW00053913","GUTHRIE MUNICIPAL AIRPORT, OK US","2018-04-10","0.00","71","28"
"USW00053913","GUTHRIE MUNICIPAL AIRPORT, OK US","2018-04-11","0.00","83","57"
"USW00053913","GUTHRIE MUNICIPAL AIRPORT, OK US","2018-04-12","0.00","88","65"
"USW00053913","GUTHRIE MUNICIPAL AIRPORT, OK US","2018-04-13","0.00","88","43"
"USW00053913","GUTHRIE MUNICIPAL AIRPORT, OK US","2018-04-14","0.00","45","32"
"USW00053913","GUTHRIE MUNICIPAL AIRPORT, OK US","2018-04-15","0.00","57","28"
"USW00053913","GUTHRIE MUNICIPAL AIRPORT, OK US","2018-04-16","0.00","74","28"
"USW00053913","GUTHRIE MUNICIPAL AIRPORT, OK US","2018-04-17","0.00","89","56"
"USW00053913","GUTHRIE MUNICIPAL AIRPORT, OK US","2018-04-18","0.00","73","43"
"USW00053913","GUTHRIE MUNICIPAL AIRPORT, OK US","2018-04-19","0.00","65","32"
"USW00053913","GUTHRIE MUNICIPAL AIRPORT, OK US","2018-04-20","0.00","69","40"
"USW00053913","GUTHRIE MUNICIPAL AIRPORT, OK US","2018-04-21","2.29","58","46"
"USW00053913","GUTHRIE MUNICIPAL AIRPORT, OK US","2018-04-22","0.00","62","45"
"USW00053913","GUTHRIE MUNICIPAL AIRPORT, OK US","2018-04-23","0.00","73","47"
"USW00053913","GUTHRIE MUNICIPAL AIRPORT, OK US","2018-04-24","0.00","79","46"
"USW00053913","GUTHRIE MUNICIPAL AIRPORT, OK US","2018-04-25","0.45","55","41"
"USW00053913","GUTHRIE MUNICIPAL AIRPORT, OK US","2018-04-26","0.00","69","36"
"USW00053913","GUTHRIE MUNICIPAL AIRPORT, OK US","2018-04-27","0.00","72","43"
"USW00053913","GUTHRIE MUNICIPAL AIRPORT, OK US","2018-04-28","0.00","82","47"
"USW00053913","GUTHRIE MUNICIPAL AIRPORT, OK US","2018-04-29","0.00","84","56"
"USW00053913","GUTHRIE MUNICIPAL AIRPORT, OK US","2018-04-30","0.00","81","63"
"USW00053913","GUTHRIE MUNICIPAL AIRPORT, OK US","2018-05-01","0.00","79","68"
"USW00053913","GUTHRIE MUNICIPAL AIRPORT, OK US","2018-05-02","0.26","85","63"
"USW00053913","GUTHRIE MUNICIPAL AIRPORT, OK US","2018-05-03","0.18","84","63"
"USW00053913","GUTHRIE MUNICIPAL AIRPORT, OK US","2018-05-04","0.00","76","53"
"USW00053913","GUTHRIE MUNICIPAL AIRPORT, OK US","2018-05-05","0.00","81","48"
"USW00053913","GUTHRIE MUNICIPAL AIRPORT, OK US","2018-05-06","0.00","90","53"
"USW00053913","GUTHRIE MUNICIPAL AIRPORT, OK US","2018-05-07","0.00","93","59"
"USW00053913","GUTHRIE MUNICIPAL AIRPORT, OK US","2018-05-08","0.00","89","71"
"USW00053913","GUTHRIE MUNICIPAL AIRPORT, OK US","2018-05-09","0.00","92","67"
"USW00053913","GUTHRIE MUNICIPAL AIRPORT, OK US","2018-05-10","0.00","88","66"
"USW00053913","GUTHRIE MUNICIPAL AIRPORT, OK US","2018-05-11","0.00","87","71"
"USW00053913","GUTHRIE MUNICIPAL AIRPORT, OK US","2018-05-12","0.00","89","72"
"USW00053913","GUTHRIE MUNICIPAL AIRPORT, OK US","2018-05-13","0.00","89","72"
"USW00053913","GUTHRIE MUNICIPAL AIRPORT, OK US","2018-05-14","0.00","93","74"
"USW00053913","GUTHRIE MUNICIPAL AIRPORT, OK US","2018-05-15","0.41","78","66"
"USW00053913","GUTHRIE MUNICIPAL AIRPORT, OK US","2018-05-16","0.44","83","62"
"USW00053913","GUTHRIE MUNICIPAL AIRPORT, OK US","2018-05-17","0.00","86","61"
"USW00053913","GUTHRIE MUNICIPAL AIRPORT, OK US","2018-05-18","0.00","88","66"
"USW00053913","GUTHRIE MUNICIPAL AIRPORT, OK US","2018-05-19","0.02","91","69"
"USW00053913","GUTHRIE MUNICIPAL AIRPORT, OK US","2018-05-20","0.40","74","61"
"USW00053913","GUTHRIE MUNICIPAL AIRPORT, OK US","2018-05-21","0.00","81","57"
"USW00053913","GUTHRIE MUNICIPAL AIRPORT, OK US","2018-05-22","0.00","88","62"
"USW00053913","GUTHRIE MUNICIPAL AIRPORT, OK US","2018-05-23","0.00","89","67"
"USW00053913","GUTHRIE MUNICIPAL AIRPORT, OK US","2018-05-24","0.07","91","66"
"USW00053913","GUTHRIE MUNICIPAL AIRPORT, OK US","2018-05-25","0.53","82","63"
"USW00053913","GUTHRIE MUNICIPAL AIRPORT, OK US","2018-05-26","0.00","90","64"
"USW00053913","GUTHRIE MUNICIPAL AIRPORT, OK US","2018-05-27","0.00","92","67"
"USW00053913","GUTHRIE MUNICIPAL AIRPORT, OK US","2018-05-28","0.00","90","69"
"USW00053913","GUTHRIE MUNICIPAL AIRPORT, OK US","2018-05-29","0.00","91","70"
"USW00053913","GUTHRIE MUNICIPAL AIRPORT, OK US","2018-05-30","0.00","94","66"
"USW00053913","GUTHRIE MUNICIPAL AIRPORT, OK US","2018-05-31","1.75","89","66"
"USW00053913","GUTHRIE MUNICIPAL AIRPORT, OK US","2018-06-01","0.00","94","75"
"USW00053913","GUTHRIE MUNICIPAL AIRPORT, OK US","2018-06-02","0.00","89","68"
"USW00053913","GUTHRIE MUNICIPAL AIRPORT, OK US","2018-06-03","0.00","85","59"
"USW00053913","GUTHRIE MUNICIPAL AIRPORT, OK US","2018-06-04","0.00","84","59"
"USW00053913","GUTHRIE MUNICIPAL AIRPORT, OK US","2018-06-05","0.00","90","65"
"USW00053913","GUTHRIE MUNICIPAL AIRPORT, OK US","2018-06-06","0.00","93","72"
"USW00053913","GUTHRIE MUNICIPAL AIRPORT, OK US","2018-06-07","0.93","79","66"
"USW00053913","GUTHRIE MUNICIPAL AIRPORT, OK US","2018-06-08","0.00","86","67"
"USW00053913","GUTHRIE MUNICIPAL AIRPORT, OK US","2018-06-09","0.00","93","72"
"USW00053913","GUTHRIE MUNICIPAL AIRPORT, OK US","2018-06-10","0.00","93","74"
"USW00053913","GUTHRIE MUNICIPAL AIRPORT, OK US","2018-06-11","0.00","92","75"
"USW00053913","GUTHRIE MUNICIPAL AIRPORT, OK US","2018-06-12",,"87","68"
"USW00053913","GUTHRIE MUNICIPAL AIRPORT, OK US","2018-06-13","0.00","94","72"
"USW00053913","GUTHRIE MUNICIPAL AIRPORT, OK US","2018-06-14","0.00","95","75"
"USW00053913","GUTHRIE MUNICIPAL AIRPORT, OK US","2018-06-15","0.00","93","77"
"USW00053913","GUTHRIE MUNICIPAL AIRPORT, OK US","2018-06-16","0.00","93","77"
"USW00053913","GUTHRIE MUNICIPAL AIRPORT, OK US","2018-06-17","0.00","92","76"
"USW00053913","GUTHRIE MUNICIPAL AIRPORT, OK US","2018-06-18","0.00","90","75"
"USW00053913","GUTHRIE MUNICIPAL AIRPORT, OK US","2018-06-19","0.00","87","72"
"USW00053913","GUTHRIE MUNICIPAL AIRPORT, OK US","2018-06-20","0.02","88","69"
"USW00053913","GUTHRIE MUNICIPAL AIRPORT, OK US","2018-06-21","0.00","92","68"
"USW00053913","GUTHRIE MUNICIPAL AIRPORT, OK US","2018-06-22","0.48","85","64"
"USW00053913","GUTHRIE MUNICIPAL AIRPORT, OK US","2018-06-23","0.06","89","67"
"USW00053913","GUTHRIE MUNICIPAL AIRPORT, OK US","2018-06-24","0.98","77","66"
"USW00053913","GUTHRIE MUNICIPAL AIRPORT, OK US","2018-06-25","1.16","85","65"
"USW00053913","GUTHRIE MUNICIPAL AIRPORT, OK US","2018-06-26","0.00","94","73"
"USW00053913","GUTHRIE MUNICIPAL AIRPORT, OK US","2018-06-27","0.00","98","80"
"USW00053913","GUTHRIE MUNICIPAL AIRPORT, OK US","2018-06-28","0.00","97","80"
"USW00053913","GUTHRIE MUNICIPAL AIRPORT, OK US","2018-06-29","0.00","94","78"
"USW00053913","GUTHRIE MUNICIPAL AIRPORT, OK US","2018-06-30","0.37","93","70"
"USW00053913","GUTHRIE MUNICIPAL AIRPORT, OK US","2018-07-01","1.30","87","71"
"USW00053913","GUTHRIE MUNICIPAL AIRPORT, OK US","2018-07-02","0.00","92","75"
"USW00053913","GUTHRIE MUNICIPAL AIRPORT, OK US","2018-07-03","0.00","95","76"
"USW00053913","GUTHRIE MUNICIPAL AIRPORT, OK US","2018-07-04","0.00","91","73"
"USW00053913","GUTHRIE MUNICIPAL AIRPORT, OK US","2018-07-05","0.00","93","74"
"USW00053913","GUTHRIE MUNICIPAL AIRPORT, OK US","2018-07-06","0.01","95","75"
"USW00053913","GUTHRIE MUNICIPAL AIRPORT, OK US","2018-07-07","0.00","93","70"
"USW00053913","GUTHRIE MUNICIPAL AIRPORT, OK US","2018-07-08","0.00","91","69"
"USW00053913","GUTHRIE MUNICIPAL AIRPORT, OK US","2018-07-09","0.00","93","69"
"USW00053913","GUTHRIE MUNICIPAL AIRPORT, OK US","2018-07-10","0.00","93","72"
"USW00053913","GUTHRIE MUNICIPAL AIRPORT, OK US","2018-07-11","0.00","95","72"
"USW00053913","GUTHRIE MUNICIPAL AIRPORT, OK US","2018-07-12","0.00","97","75"
"USW00053913","GUTHRIE MUNICIPAL AIRPORT, OK US","2018-07-13","0.00","95","71"
"USW00053913","GUTHRIE MUNICIPAL AIRPORT, OK US","2018-07-14","0.03","89","75"
"USW00053913","GUTHRIE MUNICIPAL AIRPORT, OK US","2018-07-15","0.00","94","76"
"USW00053913","GUTHRIE MUNICIPAL AIRPORT, OK US","2018-07-16","0.00","97","73"
"USW00053913","GUTHRIE MUNICIPAL AIRPORT, OK US","2018-07-17","0.11","95","76"
"USW00053913","GUTHRIE MUNICIPAL AIRPORT, OK US","2018-07-18","0.00","90","74"
"USW00053913","GUTHRIE MUNICIPAL AIRPORT, OK US","2018-07-19","0.00","105","75"
"USW00053913","GUTHRIE MUNICIPAL AIRPORT, OK US","2018-07-20","0.00","111","77"
"USW00053913","GUTHRIE MUNICIPAL AIRPORT, OK US","2018-07-21","0.00","100","80"
"USW00053913","GUTHRIE MUNICIPAL AIRPORT, OK US","2018-07-22","0.00","95","74"
"USW00053913","GUTHRIE MUNICIPAL AIRPORT, OK US","2018-07-23","0.00","95","71"
"USW00053913","GUTHRIE MUNICIPAL AIRPORT, OK US","2018-07-24","0.00","95","69"
"USW00053913","GUTHRIE MUNICIPAL AIRPORT, OK US","2018-07-25","0.00","98","65"
"USW00053913","GUTHRIE MUNICIPAL AIRPORT, OK US","2018-07-26","0.00","89","73"
"USW00053913","GUTHRIE MUNICIPAL AIRPORT, OK US","2018-07-27","0.00","93","68"
"USW00053913","GUTHRIE MUNICIPAL AIRPORT, OK US","2018-07-28","0.00","96","71"
"USW00053913","GUTHRIE MUNICIPAL AIRPORT, OK US","2018-07-29","0.33","92","70"
"USW00053913","GUTHRIE MUNICIPAL AIRPORT, OK US","2018-07-30","0.78","88","65"
"USW00053913","GUTHRIE MUNICIPAL AIRPORT, OK US","2018-07-31","0.00","85","62"
"USW00053913","GUTHRIE MUNICIPAL AIRPORT, OK US","2018-08-01","0.00","89","61"
"USW00053913","GUTHRIE MUNICIPAL AIRPORT, OK US","2018-08-02","0.00","91","64"
"USW00053913","GUTHRIE MUNICIPAL AIRPORT, OK US","2018-08-03","0.00","94","68"
"USW00053913","GUTHRIE MUNICIPAL AIRPORT, OK US","2018-08-04","0.00","95","73"
"USW00053913","GUTHRIE MUNICIPAL AIRPORT, OK US","2018-08-05","0.00","97","74"
"USW00053913","GUTHRIE MUNICIPAL AIRPORT, OK US","2018-08-06","0.00","97","78"
"USW00053913","GUTHRIE MUNICIPAL AIRPORT, OK US","2018-08-07","0.13","96","74"
"USW00053913","GUTHRIE MUNICIPAL AIRPORT, OK US","2018-08-08","0.34","85","68"
"USW00053913","GUTHRIE MUNICIPAL AIRPORT, OK US","2018-08-09","0.00","92","65"
"USW00053913","GUTHRIE MUNICIPAL AIRPORT, OK US","2018-08-10","1.08","94","69"
"USW00053913","GUTHRIE MUNICIPAL AIRPORT, OK US","2018-08-11","0.00","90","68"
"USW00053913","GUTHRIE MUNICIPAL AIRPORT, OK US","2018-08-12","0.07","83","68"
"USW00053913","GUTHRIE MUNICIPAL AIRPORT, OK US","2018-08-13","0.02","78","71"
"USW00053913","GUTHRIE MUNICIPAL AIRPORT, OK US","2018-08-14","0.41","84","69"
"USW00053913","GUTHRIE MUNICIPAL AIRPORT, OK US","2018-08-15","0.18","87","68"
"USW00053913","GUTHRIE MUNICIPAL AIRPORT, OK US","2018-08-16","0.06","91","73"
"USW00053913","GUTHRIE MUNICIPAL AIRPORT, OK US","2018-08-17","0.00","92","72"
"USW00053913","GUTHRIE MUNICIPAL AIRPORT, OK US","2018-08-18","0.00","89","69"
"USW00053913","GUTHRIE MUNICIPAL AIRPORT, OK US","2018-08-19","1.10","85","70"
"USW00053913","GUTHRIE MUNICIPAL AIRPORT, OK US","2018-08-20","0.00","81","65"
"USW00053913","GUTHRIE MUNICIPAL AIRPORT, OK US","2018-08-21","0.00","86","61"
"USW00053913","GUTHRIE MUNICIPAL AIRPORT, OK US","2018-08-22","0.00","83","69"
"USW00053913","GUTHRIE MUNICIPAL AIRPORT, OK US","2018-08-23","0.00","94","70"
"USW00053913","GUTHRIE MUNICIPAL AIRPORT, OK US","2018-08-24","0.00","98","76"
"USW00053913","GUTHRIE MUNICIPAL AIRPORT, OK US","2018-08-25","0.00","97","79"
"USW00053913","GUTHRIE MUNICIPAL AIRPORT, OK US","2018-08-26","0.00","96","79"
"USW00053913","GUTHRIE MUNICIPAL AIRPORT, OK US","2018-08-27","0.00","97","78"
"USW00053913","GUTHRIE MUNICIPAL AIRPORT, OK US","2018-08-28","0.00","98","79"
"USW00053913","GUTHRIE MUNICIPAL AIRPORT, OK US","2018-08-29","0.02","91","68"
"USW00053913","GUTHRIE MUNICIPAL AIRPORT, OK US","2018-08-30","0.00","98","72"
"USW00053913","GUTHRIE MUNICIPAL AIRPORT, OK US","2018-08-31","0.00","98","75"
"USW00053913","GUTHRIE MUNICIPAL AIRPORT, OK US","2018-09-01","0.00","98","73"
"USW00053913","GUTHRIE MUNICIPAL AIRPORT, OK US","2018-09-02","0.00","94","73"
"USW00053913","GUTHRIE MUNICIPAL AIRPORT, OK US","2018-09-03","0.19","86","73"
"USW00053913","GUTHRIE MUNICIPAL AIRPORT, OK US","2018-09-04","0.72","81","73"
"USW00053913","GUTHRIE MUNICIPAL AIRPORT, OK US","2018-09-05","0.24","86","72"
"USW00053913","GUTHRIE MUNICIPAL AIRPORT, OK US","2018-09-06","0.05","85","71"
"USW00053913","GUTHRIE MUNICIPAL AIRPORT, OK US","2018-09-07","0.43","78","71"
"USW00053913","GUTHRIE MUNICIPAL AIRPORT, OK US","2018-09-08","0.02","76","65"
"USW00053913","GUTHRIE MUNICIPAL AIRPORT, OK US","2018-09-09","0.03","78","59"
"USW00053913","GUTHRIE MUNICIPAL AIRPORT, OK US","2018-09-10","0.00","76","55"
"USW00053913","GUTHRIE MUNICIPAL AIRPORT, OK US","2018-09-11","0.00","83","63"
"USW00053913","GUTHRIE MUNICIPAL AIRPORT, OK US","2018-09-12","0.00","82","65"
"USW00053913","GUTHRIE MUNICIPAL AIRPORT, OK US","2018-09-13","0.00","83","70"
"USW00053913","GUTHRIE MUNICIPAL AIRPORT, OK US","2018-09-14","0.00","90","69"
"USW00053913","GUTHRIE MUNICIPAL AIRPORT, OK US","2018-09-15","0.12","81","70"
"USW00053913","GUTHRIE MUNICIPAL AIRPORT, OK US","2018-09-16","0.00","91","69"
"USW00053913","GUTHRIE MUNICIPAL AIRPORT, OK US","2018-09-17","0.00","92","69"
"USW00053913","GUTHRIE MUNICIPAL AIRPORT, OK US","2018-09-18","0.00","93","71"
"USW00053913","GUTHRIE MUNICIPAL AIRPORT, OK US","2018-09-19","0.00","93","71"
"USW00053913","GUTHRIE MUNICIPAL AIRPORT, OK US","2018-09-20","0.00","92","72"
"USW00053913","GUTHRIE MUNICIPAL AIRPORT, OK US","2018-09-21","1.87","74","58"
"USW00053913","GUTHRIE MUNICIPAL AIRPORT, OK US","2018-09-22","0.00","78","57"
"USW00053913","GUTHRIE MUNICIPAL AIRPORT, OK US","2018-09-23","0.00","70","63"
"USW00053913","GUTHRIE MUNICIPAL AIRPORT, OK US","2018-09-24","0.00","80","65"
"USW00053913","GUTHRIE MUNICIPAL AIRPORT, OK US","2018-09-25","0.00","88","65"
"USW00053913","GUTHRIE MUNICIPAL AIRPORT, OK US","2018-09-26","0.01","68","47"
"USW00053913","GUTHRIE MUNICIPAL AIRPORT, OK US","2018-09-27","0.00","75","43"
"USW00053913","GUTHRIE MUNICIPAL AIRPORT, OK US","2018-09-28","0.00","81","57"
"USW00053913","GUTHRIE MUNICIPAL AIRPORT, OK US","2018-09-29","0.00","79","62"
"USW00053913","GUTHRIE MUNICIPAL AIRPORT, OK US","2018-09-30","0.00","83","69"
"USW00053913","GUTHRIE MUNICIPAL AIRPORT, OK US","2018-10-01","0.00","86","69"
"USW00053913","GUTHRIE MUNICIPAL AIRPORT, OK US","2018-10-02","0.00","88","69"
"USW00053913","GUTHRIE MUNICIPAL AIRPORT, OK US","2018-10-03","0.00","90","73"
"USW00053913","GUTHRIE MUNICIPAL AIRPORT, OK US","2018-10-04","0.00","83","60"
"USW00053913","GUTHRIE MUNICIPAL AIRPORT, OK US","2018-10-05","0.00","90","59"
"USW00053913","GUTHRIE MUNICIPAL AIRPORT, OK US","2018-10-06","0.06","78","56"
"USW00053913","GUTHRIE MUNICIPAL AIRPORT, OK US","2018-10-07","0.96","77","56"
"USW00053913","GUTHRIE MUNICIPAL AIRPORT, OK US","2018-10-08","1.18","81","65"
"USW00053913","GUTHRIE MUNICIPAL AIRPORT, OK US","2018-10-09","0.75","70","56"
"USW00053913","GUTHRIE MUNICIPAL AIRPORT, OK US","2018-10-10","0.00","61","47"
"USW00053913","GUTHRIE MUNICIPAL AIRPORT, OK US","2018-10-11","0.00","63","44"
"USW00053913","GUTHRIE MUNICIPAL AIRPORT, OK US","2018-10-12","0.22","65","49"
"USW00053913","GUTHRIE MUNICIPAL AIRPORT, OK US","2018-10-13","0.21","54","49"
"USW00053913","GUTHRIE MUNICIPAL AIRPORT, OK US","2018-10-14","0.02","58","35"
"USW00053913","GUTHRIE MUNICIPAL AIRPORT, OK US","2018-10-15","0.00","51","34"
"USW00053913","GUTHRIE MUNICIPAL AIRPORT, OK US","2018-10-16","0.01","58","37"
"USW00053913","GUTHRIE MUNICIPAL AIRPORT, OK US","2018-10-17","0.00","71","38"
"USW00053913","GUTHRIE MUNICIPAL AIRPORT, OK US","2018-10-18","0.31","64","52"
"USW00053913","GUTHRIE MUNICIPAL AIRPORT, OK US","2018-10-19","0.50","61","51"
"USW00053913","GUTHRIE MUNICIPAL AIRPORT, OK US","2018-10-20","0.00","72","46"
"USW00053913","GUTHRIE MUNICIPAL AIRPORT, OK US","2018-10-21","0.00","71","39"
"USW00053913","GUTHRIE MUNICIPAL AIRPORT, OK US","2018-10-22","0.00","71","47"
"USW00053913","GUTHRIE MUNICIPAL AIRPORT, OK US","2018-10-23","0.00","70","47"
"USW00053913","GUTHRIE MUNICIPAL AIRPORT, OK US","2018-10-24","0.15","57","48"
"USW00053913","GUTHRIE MUNICIPAL AIRPORT, OK US","2018-10-25","0.08","55","48"
"USW00053913","GUTHRIE MUNICIPAL AIRPORT, OK US","2018-10-26","0.00","69","43"
"USW00053913","GUTHRIE MUNICIPAL AIRPORT, OK US","2018-10-27","0.00","79","43"
"USW00053913","GUTHRIE MUNICIPAL AIRPORT, OK US","2018-10-28","0.00","74","48"
"USW00053913","GUTHRIE MUNICIPAL AIRPORT, OK US","2018-10-29","0.00","83","45"
"USW00053913","GUTHRIE MUNICIPAL AIRPORT, OK US","2018-10-30","0.00","71","52"
"USW00053913","GUTHRIE MUNICIPAL AIRPORT, OK US","2018-10-31","0.02","55","49"
"USW00053913","GUTHRIE MUNICIPAL AIRPORT, OK US","2018-11-01","0.07","61","45"
"USW00053913","GUTHRIE MUNICIPAL AIRPORT, OK US","2018-11-02","0.00","61","43"
"USW00053913","GUTHRIE MUNICIPAL AIRPORT, OK US","2018-11-03","0.00","67","47"
"USW00053913","GUTHRIE MUNICIPAL AIRPORT, OK US","2018-11-04","0.00","58","41"
"USW00053913","GUTHRIE MUNICIPAL AIRPORT, OK US","2018-11-05","0.00","70","44"
"USW00053913","GUTHRIE MUNICIPAL AIRPORT, OK US","2018-11-06","0.00","70","39"
"USW00053913","GUTHRIE MUNICIPAL AIRPORT, OK US","2018-11-07","0.00","59","45"
"USW00053913","GUTHRIE MUNICIPAL AIRPORT, OK US","2018-11-08","0.08","48","37"
"USW00053913","GUTHRIE MUNICIPAL AIRPORT, OK US","2018-11-09","0.00","51","25"
"USW00053913","GUTHRIE MUNICIPAL AIRPORT, OK US","2018-11-10","0.00","51","19"
"USW00053913","GUTHRIE MUNICIPAL AIRPORT, OK US","2018-11-11","0.00","49","42"
"USW00053913","GUTHRIE MUNICIPAL AIRPORT, OK US","2018-11-12","0.10","43","25"
"USW00053913","GUTHRIE MUNICIPAL AIRPORT, OK US","2018-11-13","0.00","33","17"
"USW00053913","GUTHRIE MUNICIPAL AIRPORT, OK US","2018-11-14","0.00","44","16"
"USW00053913","GUTHRIE MUNICIPAL AIRPORT, OK US","2018-11-15","0.00","67","25"
"USW00053913","GUTHRIE MUNICIPAL AIRPORT, OK US","2018-11-16","0.00","68","30"
"USW00053913","GUTHRIE MUNICIPAL AIRPORT, OK US","2018-11-17","0.00","61","34"
"USW00053913","GUTHRIE MUNICIPAL AIRPORT, OK US","2018-11-18","0.00","34","28"
"USW00053913","GUTHRIE MUNICIPAL AIRPORT, OK US","2018-11-19","0.00","53","26"
"USW00053913","GUTHRIE MUNICIPAL AIRPORT, OK US","2018-11-20","0.00","56","24"
"USW00053913","GUTHRIE MUNICIPAL AIRPORT, OK US","2018-11-21","0.00","61","34"
"USW00053913","GUTHRIE MUNICIPAL AIRPORT, OK US","2018-11-22","0.00","64","39"
"USW00053913","GUTHRIE MUNICIPAL AIRPORT, OK US","2018-11-23","0.00","69","38"
"USW00053913","GUTHRIE MUNICIPAL AIRPORT, OK US","2018-11-24","0.00","72","31"
"USW00053913","GUTHRIE MUNICIPAL AIRPORT, OK US","2018-11-25","0.00","63","27"
"USW00053913","GUTHRIE MUNICIPAL AIRPORT, OK US","2018-11-26","0.00","47","21"
"USW00053913","GUTHRIE MUNICIPAL AIRPORT, OK US","2018-11-27","0.00","50","25"
"USW00053913","GUTHRIE MUNICIPAL AIRPORT, OK US","2018-11-28","0.00","62","31"
"USW00053913","GUTHRIE MUNICIPAL AIRPORT, OK US","2018-11-29","0.00","59","34"
"USW00053913","GUTHRIE MUNICIPAL AIRPORT, OK US","2018-11-30","0.24","61","41"
"USW00053913","GUTHRIE MUNICIPAL AIRPORT, OK US","2018-12-01","0.00","63","41"
"USW00053913","GUTHRIE MUNICIPAL AIRPORT, OK US","2018-12-02","0.00","52","34"
"USW00053913","GUTHRIE MUNICIPAL AIRPORT, OK US","2018-12-03","0.00","35","28"
"USW00053913","GUTHRIE MUNICIPAL AIRPORT, OK US","2018-12-04","0.00","35","25"
"USW00053913","GUTHRIE MUNICIPAL AIRPORT, OK US","2018-12-05","0.00","54","22"
"USW00053913","GUTHRIE MUNICIPAL AIRPORT, OK US","2018-12-06","0.00","49","36"
"USW00053913","GUTHRIE MUNICIPAL AIRPORT, OK US","2018-12-07","0.00","36","30"
"USW00053913","GUTHRIE MUNICIPAL AIRPORT, OK US","2018-12-08","0.00","36","30"
"USW00053913","GUTHRIE MUNICIPAL AIRPORT, OK US","2018-12-09","0.00","46","21"
"USW00053913","GUTHRIE MUNICIPAL AIRPORT, OK US","2018-12-10","0.00","51","21"
"USW00053913","GUTHRIE MUNICIPAL AIRPORT, OK US","2018-12-11","0.00","62","30"
"USW00053913","GUTHRIE MUNICIPAL AIRPORT, OK US","2018-12-12","0.00","61","27"
"USW00053913","GUTHRIE MUNICIPAL AIRPORT, OK US","2018-12-13","0.58","52","39"
"USW00053913","GUTHRIE MUNICIPAL AIRPORT, OK US","2018-12-14","0.00","53","34"
"USW00053913","GUTHRIE MUNICIPAL AIRPORT, OK US","2018-12-15","0.00","57","22"
"USW00053913","GUTHRIE MUNICIPAL AIRPORT, OK US","2018-12-16","0.00","58","29"
"USW00053913","GUTHRIE MUNICIPAL AIRPORT, OK US","2018-12-17","0.00","54","24"
"USW00053913","GUTHRIE MUNICIPAL AIRPORT, OK US","2018-12-18","0.00","58","36"
"USW00053913","GUTHRIE MUNICIPAL AIRPORT, OK US","2018-12-19","0.04","54","41"
"USW00053913","GUTHRIE MUNICIPAL AIRPORT, OK US","2018-12-20","0.00","55","37"
"USW00053913","GUTHRIE MUNICIPAL AIRPORT, OK US","2018-12-21","0.00","56","24"
"USW00053913","GUTHRIE MUNICIPAL AIRPORT, OK US","2018-12-22","0.00","57","32"
"USW00053913","GUTHRIE MUNICIPAL AIRPORT, OK US","2018-12-23","0.00","50","33"
"USW00053913","GUTHRIE MUNICIPAL AIRPORT, OK US","2018-12-24","0.00","55","34"
"USW00053913","GUTHRIE MUNICIPAL AIRPORT, OK US","2018-12-25","0.00","58","27"
"USW00053913","GUTHRIE MUNICIPAL AIRPORT, OK US","2018-12-26","2.13","66","53"
"USW00053913","GUTHRIE MUNICIPAL AIRPORT, OK US","2018-12-27","0.00","53","31"
"USW00053913","GUTHRIE MUNICIPAL AIRPORT, OK US","2018-12-28","0.00","49","35"
"USW00053913","GUTHRIE MUNICIPAL AIRPORT, OK US","2018-12-29","0.00",,
"USW00053913","GUTHRIE MUNICIPAL AIRPORT, OK US","2018-12-30","0.00",,
"USW00053913","GUTHRIE MUNICIPAL AIRPORT, OK US","2018-12-31","0.33",,
"USW00053913","GUTHRIE MUNICIPAL AIRPORT, OK US","2019-01-01","0.00","28","21"
"USW00053913","GUTHRIE MUNICIPAL AIRPORT, OK US","2019-01-02","0.00","30","23"
"USW00053913","GUTHRIE MUNICIPAL AIRPORT, OK US","2019-01-03","0.51","32","29"
"USW00053913","GUTHRIE MUNICIPAL AIRPORT, OK US","2019-01-04","0.03","44","29"
"USW00053913","GUTHRIE MUNICIPAL AIRPORT, OK US","2019-01-05","0.00","65","28"
"USW00053913","GUTHRIE MUNICIPAL AIRPORT, OK US","2019-01-06","0.00","64","48"
"USW00053913","GUTHRIE MUNICIPAL AIRPORT, OK US","2019-01-07","0.00","66","41"
"USW00053913","GUTHRIE MUNICIPAL AIRPORT, OK US","2019-01-08","0.00","56","35"
"USW00053913","GUTHRIE MUNICIPAL AIRPORT, OK US","2019-01-09","0.00","53","23"
"USW00053913","GUTHRIE MUNICIPAL AIRPORT, OK US","2019-01-10","0.00","50","36"
"USW00053913","GUTHRIE MUNICIPAL AIRPORT, OK US","2019-01-11","0.85","45","41"
"USW00053913","GUTHRIE MUNICIPAL AIRPORT, OK US","2019-01-12","0.10","41","32"
"USW00053913","GUTHRIE MUNICIPAL AIRPORT, OK US","2019-01-13","0.00","35","31"
"USW00053913","GUTHRIE MUNICIPAL AIRPORT, OK US","2019-01-14","0.00","46","31"
"USW00053913","GUTHRIE MUNICIPAL AIRPORT, OK US","2019-01-15","0.00","54","31"
"USW00053913","GUTHRIE MUNICIPAL AIRPORT, OK US","2019-01-16","0.00","47","39"
"USW00053913","GUTHRIE MUNICIPAL AIRPORT, OK US","2019-01-17","0.00","50","36"
"USW00053913","GUTHRIE MUNICIPAL AIRPORT, OK US","2019-01-18","0.18","62","34"
"USW00053913","GUTHRIE MUNICIPAL AIRPORT, OK US","2019-01-19","0.00","35","21"
"USW00053913","GUTHRIE MUNICIPAL AIRPORT, OK US","2019-01-20","0.00","46","17"
"USW00053913","GUTHRIE MUNICIPAL AIRPORT, OK US","2019-01-21","0.00","56","31"
"USW00053913","GUTHRIE MUNICIPAL AIRPORT, OK US","2019-01-22","0.01","57","26"
"USW00053913","GUTHRIE MUNICIPAL AIRPORT, OK US","2019-01-23","0.00","41","22"
"USW00053913","GUTHRIE MUNICIPAL AIRPORT, OK US","2019-01-24","0.00","44","23"
"USW00053913","GUTHRIE MUNICIPAL AIRPORT, OK US","2019-01-25","0.00","40","16"
"USW00053913","GUTHRIE MUNICIPAL AIRPORT, OK US","2019-01-26","0.00","55","26"
"USW00053913","GUTHRIE MUNICIPAL AIRPORT, OK US","2019-01-27","0.00","61","26"
"USW00053913","GUTHRIE MUNICIPAL AIRPORT, OK US","2019-01-28","0.00","50","21"
"USW00053913","GUTHRIE MUNICIPAL AIRPORT, OK US","2019-01-29","0.00","46","15"
"USW00053913","GUTHRIE MUNICIPAL AIRPORT, OK US","2019-01-30","0.00","38","18"
"USW00053913","GUTHRIE MUNICIPAL AIRPORT, OK US","2019-01-31","0.00","53","18"
"USW00053913","GUTHRIE MUNICIPAL AIRPORT, OK US","2019-02-01","0.00","54","43"
"USW00053913","GUTHRIE MUNICIPAL AIRPORT, OK US","2019-02-02","0.00","66","52"
"USW00053913","GUTHRIE MUNICIPAL AIRPORT, OK US","2019-02-03","0.00","71","57"
"USW00053913","GUTHRIE MUNICIPAL AIRPORT, OK US","2019-02-04","0.00","65","39"
"USW00053913","GUTHRIE MUNICIPAL AIRPORT, OK US","2019-02-05","0.00","39","32"
"USW00053913","GUTHRIE MUNICIPAL AIRPORT, OK US","2019-02-06","0.34","35","31"
"USW00053913","GUTHRIE MUNICIPAL AIRPORT, OK US","2019-02-07","0.01","31","17"
"USW00053913","GUTHRIE MUNICIPAL AIRPORT, OK US","2019-02-08","0.00","32","11"
"USW00053913","GUTHRIE MUNICIPAL AIRPORT, OK US","2019-02-09","0.00","37","20"
"USW00053913","GUTHRIE MUNICIPAL AIRPORT, OK US","2019-02-10","0.00","44","33"
"USW00053913","GUTHRIE MUNICIPAL AIRPORT, OK US","2019-02-11","0.37","51","40"
"USW00053913","GUTHRIE MUNICIPAL AIRPORT, OK US","2019-02-12","0.00","53","30"
"USW00053913","GUTHRIE MUNICIPAL AIRPORT, OK US","2019-02-13","0.00","61","36"
"USW00053913","GUTHRIE MUNICIPAL AIRPORT, OK US","2019-02-14","0.00","69","39"
"USW00053913","GUTHRIE MUNICIPAL AIRPORT, OK US","2019-02-15","0.00","39","22"
"USW00053913","GUTHRIE MUNICIPAL AIRPORT, OK US","2019-02-16","0.00","32","22"
"USW00053913","GUTHRIE MUNICIPAL AIRPORT, OK US","2019-02-17","0.00","45","25"
"USW00053913","GUTHRIE MUNICIPAL AIRPORT, OK US","2019-02-18","0.00","36","20"
"USW00053913","GUTHRIE MUNICIPAL AIRPORT, OK US","2019-02-19","0.05","32","29"
"USW00053913","GUTHRIE MUNICIPAL AIRPORT, OK US","2019-02-20","0.00","50","28"
"USW00053913","GUTHRIE MUNICIPAL AIRPORT, OK US","2019-02-21","0.00","58","33"
"USW00053913","GUTHRIE MUNICIPAL AIRPORT, OK US","2019-02-22","0.08","47","39"
"USW00053913","GUTHRIE MUNICIPAL AIRPORT, OK US","2019-02-23","0.01","62","36"
"USW00053913","GUTHRIE MUNICIPAL AIRPORT, OK US","2019-02-24","0.00","54","26"
"USW00053913","GUTHRIE MUNICIPAL AIRPORT, OK US","2019-02-25","0.00","64","33"
"USW00053913","GUTHRIE MUNICIPAL AIRPORT, OK US","2019-02-26","0.00","48","26"
"USW00053913","GUTHRIE MUNICIPAL AIRPORT, OK US","2019-02-27","0.00","30","21"
"USW00053913","GUTHRIE MUNICIPAL AIRPORT, OK US","2019-02-28","0.00","27","20"
"USW00053913","GUTHRIE MUNICIPAL AIRPORT, OK US","2019-03-01","0.00","39","26"
"USW00053913","GUTHRIE MUNICIPAL AIRPORT, OK US","2019-03-02","0.00","37","26"
"USW00053913","GUTHRIE MUNICIPAL AIRPORT, OK US","2019-03-03","0.00","32","12"
"USW00053913","GUTHRIE MUNICIPAL AIRPORT, OK US","2019-03-04","0.00","23","10"
"USW00053913","GUTHRIE MUNICIPAL AIRPORT, OK US","2019-03-05","0.00","42","9"
"USW00053913","GUTHRIE MUNICIPAL AIRPORT, OK US","2019-03-06","0.00","55","18"
"USW00053913","GUTHRIE MUNICIPAL AIRPORT, OK US","2019-03-07","0.00","62","37"
"USW00053913","GUTHRIE MUNICIPAL AIRPORT, OK US","2019-03-08","0.00","53","43"
"USW00053913","GUTHRIE MUNICIPAL AIRPORT, OK US","2019-03-09","0.12","69","42"
"USW00053913","GUTHRIE MUNICIPAL AIRPORT, OK US","2019-03-10","0.00","46","35"
"USW00053913","GUTHRIE MUNICIPAL AIRPORT, OK US","2019-03-11","0.00","62","39"
"USW00053913","GUTHRIE MUNICIPAL AIRPORT, OK US","2019-03-12","0.03","59","52"
"USW00053913","GUTHRIE MUNICIPAL AIRPORT, OK US","2019-03-13","1.20","70","48"
"USW00053913","GUTHRIE MUNICIPAL AIRPORT, OK US","2019-03-14","0.00","51","40"
"USW00053913","GUTHRIE MUNICIPAL AIRPORT, OK US","2019-03-15","0.00","54","32"
"USW00053913","GUTHRIE MUNICIPAL AIRPORT, OK US","2019-03-16","0.00","62","26"
"USW00053913","GUTHRIE MUNICIPAL AIRPORT, OK US","2019-03-17","0.00","68","32"
"USW00053913","GUTHRIE MUNICIPAL AIRPORT, OK US","2019-03-18","0.00","69","35"
"USW00053913","GUTHRIE MUNICIPAL AIRPORT, OK US","2019-03-19","0.00","71","42"
"USW00053913","GUTHRIE MUNICIPAL AIRPORT, OK US","2019-03-20","0.07","62","43"
"USW00053913","GUTHRIE MUNICIPAL AIRPORT, OK US","2019-03-21","0.00","66","33"
"USW00053913","GUTHRIE MUNICIPAL AIRPORT, OK US","2019-03-22","0.00","73","36"
"USW00053913","GUTHRIE MUNICIPAL AIRPORT, OK US","2019-03-23","0.04","69","49"
"USW00053913","GUTHRIE MUNICIPAL AIRPORT, OK US","2019-03-24","0.00","67","47"
"USW00053913","GUTHRIE MUNICIPAL AIRPORT, OK US","2019-03-25","0.00","56","40"
"USW00053913","GUTHRIE MUNICIPAL AIRPORT, OK US","2019-03-26","0.00","68","34"
"USW00053913","GUTHRIE MUNICIPAL AIRPORT, OK US","2019-03-27","0.00","75","50"
"USW00053913","GUTHRIE MUNICIPAL AIRPORT, OK US","2019-03-28","0.00","79","59"
"USW00053913","GUTHRIE MUNICIPAL AIRPORT, OK US","2019-03-29","0.11","70","46"
"USW00053913","GUTHRIE MUNICIPAL AIRPORT, OK US","2019-03-30","0.31","48","34"
"USW00053913","GUTHRIE MUNICIPAL AIRPORT, OK US","2019-03-31","0.00","51","29"
"USW00053913","GUTHRIE MUNICIPAL AIRPORT, OK US","2019-04-01","0.00","57","36"
"USW00053913","GUTHRIE MUNICIPAL AIRPORT, OK US","2019-04-02","0.00","73","41"
"USW00053913","GUTHRIE MUNICIPAL AIRPORT, OK US","2019-04-03","0.14","72","53"
"USW00053913","GUTHRIE MUNICIPAL AIRPORT, OK US","2019-04-04","1.12","72","50"
"USW00053913","GUTHRIE MUNICIPAL AIRPORT, OK US","2019-04-05","0.00","77","50"
"USW00053913","GUTHRIE MUNICIPAL AIRPORT, OK US","2019-04-06","0.08","74","58"
"USW00053913","GUTHRIE MUNICIPAL AIRPORT, OK US","2019-04-07","0.00","79","55"
"USW00053913","GUTHRIE MUNICIPAL AIRPORT, OK US","2019-04-08","0.00","81","49"
"USW00053913","GUTHRIE MUNICIPAL AIRPORT, OK US","2019-04-09","0.00","89","51"
"USW00053913","GUTHRIE MUNICIPAL AIRPORT, OK US","2019-04-10","0.00","88","64"
"USW00053913","GUTHRIE MUNICIPAL AIRPORT, OK US","2019-04-11","0.00","64","36"
"USW00053913","GUTHRIE MUNICIPAL AIRPORT, OK US","2019-04-12","0.00","57","31"
"USW00053913","GUTHRIE MUNICIPAL AIRPORT, OK US","2019-04-13","0.94","50","42"
"USW00053913","GUTHRIE MUNICIPAL AIRPORT, OK US","2019-04-14","0.00","64","39"
"USW00053913","GUTHRIE MUNICIPAL AIRPORT, OK US","2019-04-15","0.00","80","52"
"USW00053913","GUTHRIE MUNICIPAL AIRPORT, OK US","2019-04-16","0.00","73","61"
"USW00053913","GUTHRIE MUNICIPAL AIRPORT, OK US","2019-04-17","0.32","81","57"
"USW00053913","GUTHRIE MUNICIPAL AIRPORT, OK US","2019-04-18","0.01","69","50"
"USW00053913","GUTHRIE MUNICIPAL AIRPORT, OK US","2019-04-19","0.00","66","44"
"USW00053913","GUTHRIE MUNICIPAL AIRPORT, OK US","2019-04-20","0.00","81","41"
"USW00053913","GUTHRIE MUNICIPAL AIRPORT, OK US","2019-04-21","0.00","84","62"
"USW00053913","GUTHRIE MUNICIPAL AIRPORT, OK US","2019-04-22","0.00","73","64"
"USW00053913","GUTHRIE MUNICIPAL AIRPORT, OK US","2019-04-23","0.42","64","54"
"USW00053913","GUTHRIE MUNICIPAL AIRPORT, OK US","2019-04-24","0.00","65","53"
"USW00053913","GUTHRIE MUNICIPAL AIRPORT, OK US","2019-04-25","0.00","79","51"
"USW00053913","GUTHRIE MUNICIPAL AIRPORT, OK US","2019-04-26","0.00","77","45"
"USW00053913","GUTHRIE MUNICIPAL AIRPORT, OK US","2019-04-27","0.00","81","55"
"USW00053913","GUTHRIE MUNICIPAL AIRPORT, OK US","2019-04-28","0.00","82","47"
"USW00053913","GUTHRIE MUNICIPAL AIRPORT, OK US","2019-04-29","0.03","76","60"
"USW00053913","GUTHRIE MUNICIPAL AIRPORT, OK US","2019-04-30","1.12","63","54"
"USW00053913","GUTHRIE MUNICIPAL AIRPORT, OK US","2019-05-01","0.02","75","55"
"USW00053913","GUTHRIE MUNICIPAL AIRPORT, OK US","2019-05-02","0.00","64","55"
"USW00053913","GUTHRIE MUNICIPAL AIRPORT, OK US","2019-05-03","0.67","65","55"
"USW00053913","GUTHRIE MUNICIPAL AIRPORT, OK US","2019-05-04","0.00","71","55"
"USW00053913","GUTHRIE MUNICIPAL AIRPORT, OK US","2019-05-05","0.34","80","53"
"USW00053913","GUTHRIE MUNICIPAL AIRPORT, OK US","2019-05-06","0.05","84","59"
"USW00053913","GUTHRIE MUNICIPAL AIRPORT, OK US","2019-05-07","0.42","82","59"
"USW00053913","GUTHRIE MUNICIPAL AIRPORT, OK US","2019-05-08","1.96","71","59"
"USW00053913","GUTHRIE MUNICIPAL AIRPORT, OK US","2019-05-09","0.00","60","43"
"USW00053913","GUTHRIE MUNICIPAL AIRPORT, OK US","2019-05-10","0.41","63","42"
"USW00053913","GUTHRIE MUNICIPAL AIRPORT, OK US","2019-05-11","0.10","62","48"
"USW00053913","GUTHRIE MUNICIPAL AIRPORT, OK US","2019-05-12","0.00","74","45"
"USW00053913","GUTHRIE MUNICIPAL AIRPORT, OK US","2019-05-13","0.00","83","50"
"USW00053913","GUTHRIE MUNICIPAL AIRPORT, OK US","2019-05-14","0.00","85","59"
"USW00053913","GUTHRIE MUNICIPAL AIRPORT, OK US","2019-05-15","0.00","88","65"
"USW00053913","GUTHRIE MUNICIPAL AIRPORT, OK US","2019-05-16","0.00","88","67"
"USW00053913","GUTHRIE MUNICIPAL AIRPORT, OK US","2019-05-17","0.00","84","69"
"USW00053913","GUTHRIE MUNICIPAL AIRPORT, OK US","2019-05-18","0.96","76","59"
"USW00053913","GUTHRIE MUNICIPAL AIRPORT, OK US","2019-05-19","0.00","76","52"
"USW00053913","GUTHRIE MUNICIPAL AIRPORT, OK US","2019-05-20","0.06","76","57"
"USW00053913","GUTHRIE MUNICIPAL AIRPORT, OK US","2019-05-21","0.01","76","61"
"USW00053913","GUTHRIE MUNICIPAL AIRPORT, OK US","2019-05-22","0.00","85","51"
"USW00053913","GUTHRIE MUNICIPAL AIRPORT, OK US","2019-05-23","0.00","85","69"
"USW00053913","GUTHRIE MUNICIPAL AIRPORT, OK US","2019-05-24","1.02","86","65"
"USW00053913","GUTHRIE MUNICIPAL AIRPORT, OK US","2019-05-25","1.92","85","63"
"USW00053913","GUTHRIE MUNICIPAL AIRPORT, OK US","2019-05-26","0.01","83","65"
"USW00053913","GUTHRIE MUNICIPAL AIRPORT, OK US","2019-05-27","0.00","84","71"
"USW00053913","GUTHRIE MUNICIPAL AIRPORT, OK US","2019-05-28","0.34","85","65"
"USW00053913","GUTHRIE MUNICIPAL AIRPORT, OK US","2019-05-29","0.17","71","61"
"USW00053913","GUTHRIE MUNICIPAL AIRPORT, OK US","2019-05-30","0.00","81","56"
"USW00053913","GUTHRIE MUNICIPAL AIRPORT, OK US","2019-05-31","0.00","86","58"
"USW00053913","GUTHRIE MUNICIPAL AIRPORT, OK US","2019-06-01","0.04","84","64"
"USW00053913","GUTHRIE MUNICIPAL AIRPORT, OK US","2019-06-02","0.00","88","66"
"USW00053913","GUTHRIE MUNICIPAL AIRPORT, OK US","2019-06-03","0.00","87","66"
"USW00053913","GUTHRIE MUNICIPAL AIRPORT, OK US","2019-06-04","0.15","86","66"
"USW00053913","GUTHRIE MUNICIPAL AIRPORT, OK US","2019-06-05","0.00","90","69"
"USW00053913","GUTHRIE MUNICIPAL AIRPORT, OK US","2019-06-06","1.20","73","65"
"USW00053913","GUTHRIE MUNICIPAL AIRPORT, OK US","2019-06-07","0.00","87","65"
"USW00053913","GUTHRIE MUNICIPAL AIRPORT, OK US","2019-06-08","0.00","88","64"
"USW00053913","GUTHRIE MUNICIPAL AIRPORT, OK US","2019-06-09","0.57","83","63"
"USW00053913","GUTHRIE MUNICIPAL AIRPORT, OK US","2019-06-10","0.00","79","58"
"USW00053913","GUTHRIE MUNICIPAL AIRPORT, OK US","2019-06-11","0.03","81","57"
"USW00053913","GUTHRIE MUNICIPAL AIRPORT, OK US","2019-06-12","0.31","82","59"
"USW00053913","GUTHRIE MUNICIPAL AIRPORT, OK US","2019-06-13","0.00","80","53"
"USW00053913","GUTHRIE MUNICIPAL AIRPORT, OK US","2019-06-14","0.52","86","61"
"USW00053913","GUTHRIE MUNICIPAL AIRPORT, OK US","2019-06-15","1.29","89","65"
"USW00053913","GUTHRIE MUNICIPAL AIRPORT, OK US","2019-06-16","0.42","80","65"
"USW00053913","GUTHRIE MUNICIPAL AIRPORT, OK US","2019-06-17","0.00","86","63"
"USW00053913","GUTHRIE MUNICIPAL AIRPORT, OK US","2019-06-18","0.23","88","64"
"USW00053913","GUTHRIE MUNICIPAL AIRPORT, OK US","2019-06-19","0.17","87","64"
"USW00053913","GUTHRIE MUNICIPAL AIRPORT, OK US","2019-06-20","0.00","93","67"
"USW00053913","GUTHRIE MUNICIPAL AIRPORT, OK US","2019-06-21","0.00","95","80"
"USW00053913","GUTHRIE MUNICIPAL AIRPORT, OK US","2019-06-22","0.00","92","77"
"USW00053913","GUTHRIE MUNICIPAL AIRPORT, OK US","2019-06-23","0.80","81","67"
"USW00053913","GUTHRIE MUNICIPAL AIRPORT, OK US","2019-06-24","0.00","84","62"
"USW00053913","GUTHRIE MUNICIPAL AIRPORT, OK US","2019-06-25","0.00","90","67"
"USW00053913","GUTHRIE MUNICIPAL AIRPORT, OK US","2019-06-26","0.00","90","71"
"USW00053913","GUTHRIE MUNICIPAL AIRPORT, OK US","2019-06-27","0.00","92","73"
"USW00053913","GUTHRIE MUNICIPAL AIRPORT, OK US","2019-06-28","0.00","95","74"
"USW00053913","GUTHRIE MUNICIPAL AIRPORT, OK US","2019-06-29","0.00","95","72"
"USW00053913","GUTHRIE MUNICIPAL AIRPORT, OK US","2019-06-30","0.00","88","70"
"USW00053913","GUTHRIE MUNICIPAL AIRPORT, OK US","2019-07-01","0.00","90","69"
"USW00053913","GUTHRIE MUNICIPAL AIRPORT, OK US","2019-07-02","0.00","92","72"
"USW00053913","GUTHRIE MUNICIPAL AIRPORT, OK US","2019-07-03","1.22","91","69"
"USW00053913","GUTHRIE MUNICIPAL AIRPORT, OK US","2019-07-04","0.00","90","73"
"USW00053913","GUTHRIE MUNICIPAL AIRPORT, OK US","2019-07-05","0.00","91","75"
"USW00053913","GUTHRIE MUNICIPAL AIRPORT, OK US","2019-07-06","0.00","89","69"
"USW00053913","GUTHRIE MUNICIPAL AIRPORT, OK US","2019-07-07","0.00","93","71"
"USW00053913","GUTHRIE MUNICIPAL AIRPORT, OK US","2019-07-08","0.00","92","72"
"USW00053913","GUTHRIE MUNICIPAL AIRPORT, OK US","2019-07-09","0.00","95","73"
"USW00053913","GUTHRIE MUNICIPAL AIRPORT, OK US","2019-07-10","0.00","96","76"
"USW00053913","GUTHRIE MUNICIPAL AIRPORT, OK US","2019-07-11","0.00","91","73"
"USW00053913","GUTHRIE MUNICIPAL AIRPORT, OK US","2019-07-12","0.00","91","64"
"USW00053913","GUTHRIE MUNICIPAL AIRPORT, OK US","2019-07-13","0.00","92","66"
"USW00053913","GUTHRIE MUNICIPAL AIRPORT, OK US","2019-07-14","0.00","92","72"
"USW00053913","GUTHRIE MUNICIPAL AIRPORT, OK US","2019-07-15","0.00","92","69"
"USW00053913","GUTHRIE MUNICIPAL AIRPORT, OK US","2019-07-16","0.00","100","73"
"USW00053913","GUTHRIE MUNICIPAL AIRPORT, OK US","2019-07-17","0.00","98","79"
"USW00053913","GUTHRIE MUNICIPAL AIRPORT, OK US","2019-07-18","0.00","99","79"
"USW00053913","GUTHRIE MUNICIPAL AIRPORT, OK US","2019-07-19","0.00","98","81"
"USW00053913","GUTHRIE MUNICIPAL AIRPORT, OK US","2019-07-20","0.00","99","79"
"USW00053913","GUTHRIE MUNICIPAL AIRPORT, OK US","2019-07-21","0.06","101","73"
"USW00053913","GUTHRIE MUNICIPAL AIRPORT, OK US","2019-07-22","0.01","88","69"
"USW00053913","GUTHRIE MUNICIPAL AIRPORT, OK US","2019-07-23","0.00","87","61"
"USW00053913","GUTHRIE MUNICIPAL AIRPORT, OK US","2019-07-24","0.00","87","58"
"USW00053913","GUTHRIE MUNICIPAL AIRPORT, OK US","2019-07-25","0.00","87","63"
"USW00053913","GUTHRIE MUNICIPAL AIRPORT, OK US","2019-07-26","0.00","89","64"
"USW00053913","GUTHRIE MUNICIPAL AIRPORT, OK US","2019-07-27","0.00","92","63"
"USW00053913","GUTHRIE MUNICIPAL AIRPORT, OK US","2019-07-28","0.00","98","73"
"USW00053913","GUTHRIE MUNICIPAL AIRPORT, OK US","2019-07-29","0.00","99","74"
"USW00053913","GUTHRIE MUNICIPAL AIRPORT, OK US","2019-07-30","0.00","97","70"
"USW00053913","GUTHRIE MUNICIPAL AIRPORT, OK US","2019-07-31","0.00","98","73"
"USW00053913","GUTHRIE MUNICIPAL AIRPORT, OK US","2019-08-01","0.00","93","76"
"USW00053913","GUTHRIE MUNICIPAL AIRPORT, OK US","2019-08-02","0.08","90","74"
"USW00053913","GUTHRIE MUNICIPAL AIRPORT, OK US","2019-08-03","0.15","84","71"
"USW00053913","GUTHRIE MUNICIPAL AIRPORT, OK US","2019-08-04","0.00","91","68"
"USW00053913","GUTHRIE MUNICIPAL AIRPORT, OK US","2019-08-05","0.00","95","70"
"USW00053913","GUTHRIE MUNICIPAL AIRPORT, OK US","2019-08-06","0.00","99","75"
"USW00053913","GUTHRIE MUNICIPAL AIRPORT, OK US","2019-08-07","0.00","103","76"
"USW00053913","GUTHRIE MUNICIPAL AIRPORT, OK US","2019-08-08","0.45","85","71"
"USW00053913","GUTHRIE MUNICIPAL AIRPORT, OK US","2019-08-09","0.52","87","73"
"USW00053913","GUTHRIE MUNICIPAL AIRPORT, OK US","2019-08-10","0.00","98","76"
"USW00053913","GUTHRIE MUNICIPAL AIRPORT, OK US","2019-08-11","0.00","101","77"
"USW00053913","GUTHRIE MUNICIPAL AIRPORT, OK US","2019-08-12","0.00","104","78"
"USW00053913","GUTHRIE MUNICIPAL AIRPORT, OK US","2019-08-13","0.01","90","73"
"USW00053913","GUTHRIE MUNICIPAL AIRPORT, OK US","2019-08-14","0.00","94","67"
"USW00053913","GUTHRIE MUNICIPAL AIRPORT, OK US","2019-08-15","0.00","95","70"
"USW00053913","GUTHRIE MUNICIPAL AIRPORT, OK US","2019-08-16","0.00","98","79"
"USW00053913","GUTHRIE MUNICIPAL AIRPORT, OK US","2019-08-17","0.00","99","79"
"USW00053913","GUTHRIE MUNICIPAL AIRPORT, OK US","2019-08-18","0.00","96","74"
"USW00053913","GUTHRIE MUNICIPAL AIRPORT, OK US","2019-08-19","0.00","101","78"
"USW00053913","GUTHRIE MUNICIPAL AIRPORT, OK US","2019-08-20","0.00","102","75"
"USW00053913","GUTHRIE MUNICIPAL AIRPORT, OK US","2019-08-21","0.00","100","74"
"USW00053913","GUTHRIE MUNICIPAL AIRPORT, OK US","2019-08-22","0.01","83","69"
"USW00053913","GUTHRIE MUNICIPAL AIRPORT, OK US","2019-08-23","0.02","86","70"
"USW00053913","GUTHRIE MUNICIPAL AIRPORT, OK US","2019-08-24","0.00","90","70"
"USW00053913","GUTHRIE MUNICIPAL AIRPORT, OK US","2019-08-25","0.23","89","67"
"USW00053913","GUTHRIE MUNICIPAL AIRPORT, OK US","2019-08-26","0.00","97","74"
"USW00053913","GUTHRIE MUNICIPAL AIRPORT, OK US","2019-08-27","0.00","82","82"
"USW00053913","GUTHRIE MUNICIPAL AIRPORT, OK US","2019-08-29","0.00","92","65"
"USW00053913","GUTHRIE MUNICIPAL AIRPORT, OK US","2019-08-30","0.36","83","66"
"USW00053913","GUTHRIE MUNICIPAL AIRPORT, OK US","2019-08-31","0.00","80","65"
"USW00053913","GUTHRIE MUNICIPAL AIRPORT, OK US","2019-09-01","0.00","89","68"
"USW00053913","GUTHRIE MUNICIPAL AIRPORT, OK US","2019-09-02","0.00","92","71"
"USW00053913","GUTHRIE MUNICIPAL AIRPORT, OK US","2019-09-03","0.00","94","69"
"USW00053913","GUTHRIE MUNICIPAL AIRPORT, OK US","2019-09-04","0.00","93","68"
"USW00053913","GUTHRIE MUNICIPAL AIRPORT, OK US","2019-09-05","0.00","95","69"
"USW00053913","GUTHRIE MUNICIPAL AIRPORT, OK US","2019-09-06","0.00","97","68"
"USW00053913","GUTHRIE MUNICIPAL AIRPORT, OK US","2019-09-07","0.00","97","70"
"USW00053913","GUTHRIE MUNICIPAL AIRPORT, OK US","2019-09-08","0.00","95","73"
"USW00053913","GUTHRIE MUNICIPAL AIRPORT, OK US","2019-09-09","0.00","94","75"
"USW00053913","GUTHRIE MUNICIPAL AIRPORT, OK US","2019-09-10","0.00","92","75"
"USW00053913","GUTHRIE MUNICIPAL AIRPORT, OK US","2019-09-11","0.00","92","74"
"USW00053913","GUTHRIE MUNICIPAL AIRPORT, OK US","2019-09-12","1.25","94","69"
"USW00053913","GUTHRIE MUNICIPAL AIRPORT, OK US","2019-09-13","0.17","81","68"
"USW00053913","GUTHRIE MUNICIPAL AIRPORT, OK US","2019-09-14","0.00","91","68"
"USW00053913","GUTHRIE MUNICIPAL AIRPORT, OK US","2019-09-15","0.00","93","72"
"USW00053913","GUTHRIE MUNICIPAL AIRPORT, OK US","2019-09-16","0.00","92","73"
"USW00053913","GUTHRIE MUNICIPAL AIRPORT, OK US","2019-09-17","0.00","92","71"
"USW00053913","GUTHRIE MUNICIPAL AIRPORT, OK US","2019-09-18","0.00","91","69"
"USW00053913","GUTHRIE MUNICIPAL AIRPORT, OK US","2019-09-19","0.00","90","72"
"USW00053913","GUTHRIE MUNICIPAL AIRPORT, OK US","2019-09-20","0.00","83","70"
"USW00053913","GUTHRIE MUNICIPAL AIRPORT, OK US","2019-09-21","0.00","87","71"
"USW00053913","GUTHRIE MUNICIPAL AIRPORT, OK US","2019-09-22","0.52","86","72"
"USW00053913","GUTHRIE MUNICIPAL AIRPORT, OK US","2019-09-23","0.00","86","67"
"USW00053913","GUTHRIE MUNICIPAL AIRPORT, OK US","2019-09-24","0.49","86","71"
"USW00053913","GUTHRIE MUNICIPAL AIRPORT, OK US","2019-09-25","0.00","92","68"
"USW00053913","GUTHRIE MUNICIPAL AIRPORT, OK US","2019-09-26","0.05","86","68"
"USW00053913","GUTHRIE MUNICIPAL AIRPORT, OK US","2019-09-27","0.00","93","76"
"USW00053913","GUTHRIE MUNICIPAL AIRPORT, OK US","2019-09-28","0.00","87","75"
"USW00053913","GUTHRIE MUNICIPAL AIRPORT, OK US","2019-09-29","0.00","88","74"
"USW00053913","GUTHRIE MUNICIPAL AIRPORT, OK US","2019-09-30","0.00","89","75"
"USW00053913","GUTHRIE MUNICIPAL AIRPORT, OK US","2019-10-01","0.00","90","76"
"USW00053913","GUTHRIE MUNICIPAL AIRPORT, OK US","2019-10-02","0.00","91","71"
"USW00053913","GUTHRIE MUNICIPAL AIRPORT, OK US","2019-10-03","0.00","71","55"
"USW00053913","GUTHRIE MUNICIPAL AIRPORT, OK US","2019-10-04","0.00","81","55"
"USW00053913","GUTHRIE MUNICIPAL AIRPORT, OK US","2019-10-05","0.02","88","66"
"USW00053913","GUTHRIE MUNICIPAL AIRPORT, OK US","2019-10-06","0.00","66","49"
"USW00053913","GUTHRIE MUNICIPAL AIRPORT, OK US","2019-10-07","0.00","72","40"
"USW00053913","GUTHRIE MUNICIPAL AIRPORT, OK US","2019-10-08","0.00","76","46"
"USW00053913","GUTHRIE MUNICIPAL AIRPORT, OK US","2019-10-09","0.03","82","58"
"USW00053913","GUTHRIE MUNICIPAL AIRPORT, OK US","2019-10-10","0.09","77","43"
"USW00053913","GUTHRIE MUNICIPAL AIRPORT, OK US","2019-10-11","0.00","55","32"
"USW00053913","GUTHRIE MUNICIPAL AIRPORT, OK US","2019-10-12","0.00","67","31"
"USW00053913","GUTHRIE MUNICIPAL AIRPORT, OK US","2019-10-13","0.00","77","44"
"USW00053913","GUTHRIE MUNICIPAL AIRPORT, OK US","2019-10-14","0.00","81","52"
"USW00053913","GUTHRIE MUNICIPAL AIRPORT, OK US","2019-10-15","0.00","79","49"
"USW00053913","GUTHRIE MUNICIPAL AIRPORT, OK US","2019-10-16","0.00","66","40"
"USW00053913","GUTHRIE MUNICIPAL AIRPORT, OK US","2019-10-17","0.00","78","44"
"USW00053913","GUTHRIE MUNICIPAL AIRPORT, OK US","2019-10-18","0.08","77","51"
"USW00053913","GUTHRIE MUNICIPAL AIRPORT, OK US","2019-10-19","0.03","74","47"
"USW00053913","GUTHRIE MUNICIPAL AIRPORT, OK US","2019-10-20","0.46","82","45"
"USW00053913","GUTHRIE MUNICIPAL AIRPORT, OK US","2019-10-21","0.00","69","42"
"USW00053913","GUTHRIE MUNICIPAL AIRPORT, OK US","2019-10-22","0.00","70","34"
"USW00053913","GUTHRIE MUNICIPAL AIRPORT, OK US","2019-10-23","0.54","76","52"
"USW00053913","GUTHRIE MUNICIPAL AIRPORT, OK US","2019-10-24","0.88","53","41"
"USW00053913","GUTHRIE MUNICIPAL AIRPORT, OK US","2019-10-25","1.11","46","41"
"USW00053913","GUTHRIE MUNICIPAL AIRPORT, OK US","2019-10-26","0.01","63","42"
"USW00053913","GUTHRIE MUNICIPAL AIRPORT, OK US","2019-10-27","0.00","67","42"
"USW00053913","GUTHRIE MUNICIPAL AIRPORT, OK US","2019-10-28","0.00","45","35"
"USW00053913","GUTHRIE MUNICIPAL AIRPORT, OK US","2019-10-29","0.57","38","28"
"USW00053913","GUTHRIE MUNICIPAL AIRPORT, OK US","2019-10-30","0.01","37","28"
"USW00053913","GUTHRIE MUNICIPAL AIRPORT, OK US","2019-10-31","0.00","46","22"
"USW00053913","GUTHRIE MUNICIPAL AIRPORT, OK US","2019-11-01","0.00","61","32"
"USW00053913","GUTHRIE MUNICIPAL AIRPORT, OK US","2019-11-02","0.00","57","28"
"USW00053913","GUTHRIE MUNICIPAL AIRPORT, OK US","2019-11-03","0.00","68","37"
"USW00053913","GUTHRIE MUNICIPAL AIRPORT, OK US","2019-11-04","0.00","65","38"
"USW00053913","GUTHRIE MUNICIPAL AIRPORT, OK US","2019-11-05","0.00","67","40"
"USW00053913","GUTHRIE MUNICIPAL AIRPORT, OK US","2019-11-06","0.78","70","47"
"USW00053913","GUTHRIE MUNICIPAL AIRPORT, OK US","2019-11-07","0.19","47","30"
"USW00053913","GUTHRIE MUNICIPAL AIRPORT, OK US","2019-11-08","0.00","50","28"
"USW00053913","GUTHRIE MUNICIPAL AIRPORT, OK US","2019-11-09","0.00","71","35"
"USW00053913","GUTHRIE MUNICIPAL AIRPORT, OK US","2019-11-10","0.00","75","49"
"USW00053913","GUTHRIE MUNICIPAL AIRPORT, OK US","2019-11-11","0.00","59","20"
"USW00053913","GUTHRIE MUNICIPAL AIRPORT, OK US","2019-11-12","0.00","36","14"
"USW00053913","GUTHRIE MUNICIPAL AIRPORT, OK US","2019-11-13","0.00","52","23"
"USW00053913","GUTHRIE MUNICIPAL AIRPORT, OK US","2019-11-14","0.00","55","27"
"USW00053913","GUTHRIE MUNICIPAL AIRPORT, OK US","2019-11-15","0.00","59","24"
"USW00053913","GUTHRIE MUNICIPAL AIRPORT, OK US","2019-11-16","0.00","64","39"
"USW00053913","GUTHRIE MUNICIPAL AIRPORT, OK US","2019-11-17","0.00","62","35"
"USW00053913","GUTHRIE MUNICIPAL AIRPORT, OK US","2019-11-18","0.00","73","35"
"USW00053913","GUTHRIE MUNICIPAL AIRPORT, OK US","2019-11-19","0.00","75","36"
"USW00053913","GUTHRIE MUNICIPAL AIRPORT, OK US","2019-11-20","0.20","69","60"
"USW00053913","GUTHRIE MUNICIPAL AIRPORT, OK US","2019-11-21","0.00","65","41"
"USW00053913","GUTHRIE MUNICIPAL AIRPORT, OK US","2019-11-22","0.22","41","36"
"USW00053913","GUTHRIE MUNICIPAL AIRPORT, OK US","2019-11-23","0.00","53","31"
"USW00053913","GUTHRIE MUNICIPAL AIRPORT, OK US","2019-11-24","0.00","69","31"
"USW00053913","GUTHRIE MUNICIPAL AIRPORT, OK US","2019-11-25","0.00","65","33"
"USW00053913","GUTHRIE MUNICIPAL AIRPORT, OK US","2019-11-26","0.00","69","38"
"USW00053913","GUTHRIE MUNICIPAL AIRPORT, OK US","2019-11-27","0.00","47","28"
"USW00053913","GUTHRIE MUNICIPAL AIRPORT, OK US","2019-11-28","0.12","41","37"
"USW00053913","GUTHRIE MUNICIPAL AIRPORT, OK US","2019-11-29","0.07","51","41"
"USW00053913","GUTHRIE MUNICIPAL AIRPORT, OK US","2019-11-30","0.01","62","39"
"USW00053913","GUTHRIE MUNICIPAL AIRPORT, OK US","2019-12-01","0.00","49","34"
"USW00053913","GUTHRIE MUNICIPAL AIRPORT, OK US","2019-12-02","0.00","50","26"
"USW00053913","GUTHRIE MUNICIPAL AIRPORT, OK US","2019-12-03","0.00","58","34"
"USW00053913","GUTHRIE MUNICIPAL AIRPORT, OK US","2019-12-04","0.00","62","28"
"USW00053913","GUTHRIE MUNICIPAL AIRPORT, OK US","2019-12-05","0.00","68","51"
"USW00053913","GUTHRIE MUNICIPAL AIRPORT, OK US","2019-12-06","0.00","54","29"
"USW00053913","GUTHRIE MUNICIPAL AIRPORT, OK US","2019-12-07","0.00","58","24"
"USW00053913","GUTHRIE MUNICIPAL AIRPORT, OK US","2019-12-08","0.00","64","39"
"USW00053913","GUTHRIE MUNICIPAL AIRPORT, OK US","2019-12-09","0.00","43","32"
"USW00053913","GUTHRIE MUNICIPAL AIRPORT, OK US","2019-12-10","0.00","47","26"
"USW00053913","GUTHRIE MUNICIPAL AIRPORT, OK US","2019-12-11","0.00","53","25"
"USW00053913","GUTHRIE MUNICIPAL AIRPORT, OK US","2019-12-12","0.00","56","41"
"USW00053913","GUTHRIE MUNICIPAL AIRPORT, OK US","2019-12-13","0.00","60","36"
"USW00053913","GUTHRIE MUNICIPAL AIRPORT, OK US","2019-12-14","0.00","45","31"
"USW00053913","GUTHRIE MUNICIPAL AIRPORT, OK US","2019-12-15","0.00","35","31"
"USW00053913","GUTHRIE MUNICIPAL AIRPORT, OK US","2019-12-16","0.00","32","25"
"USW00053913","GUTHRIE MUNICIPAL AIRPORT, OK US","2019-12-17","0.00","45","16"
"USW00053913","GUTHRIE MUNICIPAL AIRPORT, OK US","2019-12-18","0.00","55","20"
"USW00053913","GUTHRIE MUNICIPAL AIRPORT, OK US","2019-12-19","0.00","57","32"
"USW00053913","GUTHRIE MUNICIPAL AIRPORT, OK US","2019-12-20","0.00","55","42"
"USW00053913","GUTHRIE MUNICIPAL AIRPORT, OK US","2019-12-21","0.00","46","38"
"USW00053913","GUTHRIE MUNICIPAL AIRPORT, OK US","2019-12-22","0.00","53","29"
"USW00053913","GUTHRIE MUNICIPAL AIRPORT, OK US","2019-12-23","0.00","65","29"
"USW00053913","GUTHRIE MUNICIPAL AIRPORT, OK US","2019-12-24","0.00","71","44"
"USW00053913","GUTHRIE MUNICIPAL AIRPORT, OK US","2019-12-25","0.00","71","52"
"USW00053913","GUTHRIE MUNICIPAL AIRPORT, OK US","2019-12-26","0.00","60","37"
"USW00053913","GUTHRIE MUNICIPAL AIRPORT, OK US","2019-12-27","0.00","50","35"
"USW00053913","GUTHRIE MUNICIPAL AIRPORT, OK US","2019-12-28","0.47","61","44"
"USW00053913","GUTHRIE MUNICIPAL AIRPORT, OK US","2019-12-29","0.00","46","34"
"USW00053913","GUTHRIE MUNICIPAL AIRPORT, OK US","2019-12-30","0.00","47","27"
"USW00053913","GUTHRIE MUNICIPAL AIRPORT, OK US","2019-12-31","0.00","51","23"
"USW00053913","GUTHRIE MUNICIPAL AIRPORT, OK US","2020-01-01","0.00","59","32"
"USW00053913","GUTHRIE MUNICIPAL AIRPORT, OK US","2020-01-02","0.00","59","41"
"USW00053913","GUTHRIE MUNICIPAL AIRPORT, OK US","2020-01-03","0.00","53","31"
"USW00053913","GUTHRIE MUNICIPAL AIRPORT, OK US","2020-01-04","0.00","52","23"
"USW00053913","GUTHRIE MUNICIPAL AIRPORT, OK US","2020-01-05","0.00","61","28"
"USW00053913","GUTHRIE MUNICIPAL AIRPORT, OK US","2020-01-06","0.00","54","26"
"USW00053913","GUTHRIE MUNICIPAL AIRPORT, OK US","2020-01-07","0.00","61","24"
"USW00053913","GUTHRIE MUNICIPAL AIRPORT, OK US","2020-01-08","0.00","64","35"
"USW00053913","GUTHRIE MUNICIPAL AIRPORT, OK US","2020-01-09","0.00","70","54"
"USW00053913","GUTHRIE MUNICIPAL AIRPORT, OK US","2020-01-10","0.03","72","28"
"USW00053913","GUTHRIE MUNICIPAL AIRPORT, OK US","2020-01-11","0.00","36","21"
"USW00053913","GUTHRIE MUNICIPAL AIRPORT, OK US","2020-01-12","0.00","56","26"
"USW00053913","GUTHRIE MUNICIPAL AIRPORT, OK US","2020-01-13","0.00","55","36"
"USW00053913","GUTHRIE MUNICIPAL AIRPORT, OK US","2020-01-14","0.00","66","50"
"USW00053913","GUTHRIE MUNICIPAL AIRPORT, OK US","2020-01-15","0.00","57","37"
"USW00053913","GUTHRIE MUNICIPAL AIRPORT, OK US","2020-01-16","0.48","36","27"
"USW00053913","GUTHRIE MUNICIPAL AIRPORT, OK US","2020-01-17","0.89","51","34"
"USW00053913","GUTHRIE MUNICIPAL AIRPORT, OK US","2020-01-18","0.00","49","26"
"USW00053913","GUTHRIE MUNICIPAL AIRPORT, OK US","2020-01-19","0.00","50","24"
"USW00053913","GUTHRIE MUNICIPAL AIRPORT, OK US","2020-01-20","0.00","51","20"
"USW00053913","GUTHRIE MUNICIPAL AIRPORT, OK US","2020-01-21","0.04","44","22"
"USW00053913","GUTHRIE MUNICIPAL AIRPORT, OK US","2020-01-22","0.23","39","33"
"USW00053913","GUTHRIE MUNICIPAL AIRPORT, OK US","2020-01-23","0.00","56","38"
"USW00053913","GUTHRIE MUNICIPAL AIRPORT, OK US","2020-01-24","0.00","50","32"
"USW00053913","GUTHRIE MUNICIPAL AIRPORT, OK US","2020-01-25","0.00","60","32"
"USW00053913","GUTHRIE MUNICIPAL AIRPORT, OK US","2020-01-26","0.00","60","31"
"USW00053913","GUTHRIE MUNICIPAL AIRPORT, OK US","2020-01-27","0.00","68","31"
"USW00053913","GUTHRIE MUNICIPAL AIRPORT, OK US","2020-01-28","1.42","49","33"
"USW00053913","GUTHRIE MUNICIPAL AIRPORT, OK US","2020-01-29","0.00","39","32"
"USW00053913","GUTHRIE MUNICIPAL AIRPORT, OK US","2020-01-30","0.00","40","26"
"USW00053913","GUTHRIE MUNICIPAL AIRPORT, OK US","2020-01-31","0.00","52","28"
"USW00053913","GUTHRIE MUNICIPAL AIRPORT, OK US","2020-02-01","0.00","62","24"
"USW00053913","GUTHRIE MUNICIPAL AIRPORT, OK US","2020-02-02","0.00","79","44"
"USW00053913","GUTHRIE MUNICIPAL AIRPORT, OK US","2020-02-03","0.00","69","38"
"USW00053913","GUTHRIE MUNICIPAL AIRPORT, OK US","2020-02-04","0.00","38","30"
"USW00053913","GUTHRIE MUNICIPAL AIRPORT, OK US","2020-02-05",,"32","24"
"USW00053913","GUTHRIE MUNICIPAL AIRPORT, OK US","2020-02-06","0.00","40","15"
"USW00053913","GUTHRIE MUNICIPAL AIRPORT, OK US","2020-02-07","0.00","50","27"
"USW00053913","GUTHRIE MUNICIPAL AIRPORT, OK US","2020-02-08","0.00","59","30"
"USW00053913","GUTHRIE MUNICIPAL AIRPORT, OK US","2020-02-09","0.00","67","36"
"USW00053913","GUTHRIE MUNICIPAL AIRPORT, OK US","2020-02-10","0.08","40","31"
"USW00053913","GUTHRIE MUNICIPAL AIRPORT, OK US","2020-02-11","0.00","45","33"
"USW00053913","GUTHRIE MUNICIPAL AIRPORT, OK US","2020-02-12","0.29","41","35"
"USW00053913","GUTHRIE MUNICIPAL AIRPORT, OK US","2020-02-13","0.00","36","18"
"USW00053913","GUTHRIE MUNICIPAL AIRPORT, OK US","2020-02-14","0.00","46","18"
"USW00053913","GUTHRIE MUNICIPAL AIRPORT, OK US","2020-02-15","0.00","57","40"
"USW00053913","GUTHRIE MUNICIPAL AIRPORT, OK US","2020-02-16","0.00","60","33"
"USW00053913","GUTHRIE MUNICIPAL AIRPORT, OK US","2020-02-17","0.00","63","46"
"USW00053913","GUTHRIE MUNICIPAL AIRPORT, OK US","2020-02-18","0.00","51","33"
"USW00053913","GUTHRIE MUNICIPAL AIRPORT, OK US","2020-02-19","0.00","57","31"
"USW00053913","GUTHRIE MUNICIPAL AIRPORT, OK US","2020-02-20","0.00","43","22"
"USW00053913","GUTHRIE MUNICIPAL AIRPORT, OK US","2020-02-21","0.00","49","13"
"USW00053913","GUTHRIE MUNICIPAL AIRPORT, OK US","2020-02-22","0.00","61","35"
"USW00053913","GUTHRIE MUNICIPAL AIRPORT, OK US","2020-02-23","0.17","53","47"
"USW00053913","GUTHRIE MUNICIPAL AIRPORT, OK US","2020-02-24","0.00","55","37"
"USW00053913","GUTHRIE MUNICIPAL AIRPORT, OK US","2020-02-25","0.08","49","34"
"USW00053913","GUTHRIE MUNICIPAL AIRPORT, OK US","2020-02-26","0.01","42","22"
"USW00053913","GUTHRIE MUNICIPAL AIRPORT, OK US","2020-02-27","0.00","60","20"
"USW00053913","GUTHRIE MUNICIPAL AIRPORT, OK US","2020-02-28","0.00","65","26"
"USW00053913","GUTHRIE MUNICIPAL AIRPORT, OK US","2020-02-29","0.00","74","30"
"USW00053913","GUTHRIE MUNICIPAL AIRPORT, OK US","2020-03-01","0.00","76","41"
"USW00053913","GUTHRIE MUNICIPAL AIRPORT, OK US","2020-03-02","0.00","57","38"
"USW00053913","GUTHRIE MUNICIPAL AIRPORT, OK US","2020-03-03","0.00","67","39"
"USW00053913","GUTHRIE MUNICIPAL AIRPORT, OK US","2020-03-04","0.00","58","38"
"USW00053913","GUTHRIE MUNICIPAL AIRPORT, OK US","2020-03-05","0.00","66","28"
"USW00053913","GUTHRIE MUNICIPAL AIRPORT, OK US","2020-03-06","0.00","64","25"
"USW00053913","GUTHRIE MUNICIPAL AIRPORT, OK US","2020-03-07","0.00","70","37"
"USW00053913","GUTHRIE MUNICIPAL AIRPORT, OK US","2020-03-08","0.23","59","48"
"USW00053913","GUTHRIE MUNICIPAL AIRPORT, OK US","2020-03-09","0.05","69","40"
"USW00053913","GUTHRIE MUNICIPAL AIRPORT, OK US","2020-03-10","0.00","71","33"
"USW00053913","GUTHRIE MUNICIPAL AIRPORT, OK US","2020-03-11","0.00","76","57"
"USW00053913","GUTHRIE MUNICIPAL AIRPORT, OK US","2020-03-12","0.00","80","55"
"USW00053913","GUTHRIE MUNICIPAL AIRPORT, OK US","2020-03-13","0.13","55","42"
"USW00053913","GUTHRIE MUNICIPAL AIRPORT, OK US","2020-03-14","0.55","50","41"
"USW00053913","GUTHRIE MUNICIPAL AIRPORT, OK US","2020-03-15","0.01","47","39"
"USW00053913","GUTHRIE MUNICIPAL AIRPORT, OK US","2020-03-16","0.06","51","44"
"USW00053913","GUTHRIE MUNICIPAL AIRPORT, OK US","2020-03-17","0.72","56","47"
"USW00053913","GUTHRIE MUNICIPAL AIRPORT, OK US","2020-03-18","0.70","77","54"
"USW00053913","GUTHRIE MUNICIPAL AIRPORT, OK US","2020-03-19","0.60","78","60"
"USW00053913","GUTHRIE MUNICIPAL AIRPORT, OK US","2020-03-20","0.00","60","34"
"USW00053913","GUTHRIE MUNICIPAL AIRPORT, OK US","2020-03-21","0.25","54","29"
"USW00053913","GUTHRIE MUNICIPAL AIRPORT, OK US","2020-03-22","0.25","55","42"
"USW00053913","GUTHRIE MUNICIPAL AIRPORT, OK US","2020-03-23","0.00","63","51"
"USW00053913","GUTHRIE MUNICIPAL AIRPORT, OK US","2020-03-24","0.13","70","49"
"USW00053913","GUTHRIE MUNICIPAL AIRPORT, OK US","2020-03-25","0.00","85","49"
"USW00053913","GUTHRIE MUNICIPAL AIRPORT, OK US","2020-03-26","0.00","94","63"
"USW00053913","GUTHRIE MUNICIPAL AIRPORT, OK US","2020-03-27","0.01","83","68"
"USW00053913","GUTHRIE MUNICIPAL AIRPORT, OK US","2020-03-28","0.04","71","49"
"USW00053913","GUTHRIE MUNICIPAL AIRPORT, OK US","2020-03-29","0.00","71","37"
"USW00053913","GUTHRIE MUNICIPAL AIRPORT, OK US","2020-03-30","0.39","63","50"
"USW00053913","GUTHRIE MUNICIPAL AIRPORT, OK US","2020-03-31","0.01","66","49"
"USW00053913","GUTHRIE MUNICIPAL AIRPORT, OK US","2020-04-01","0.00","73","49"
"USW00053913","GUTHRIE MUNICIPAL AIRPORT, OK US","2020-04-02","0.00","69","40"
"USW00053913","GUTHRIE MUNICIPAL AIRPORT, OK US","2020-04-03","0.01","40","30"
"USW00053913","GUTHRIE MUNICIPAL AIRPORT, OK US","2020-04-04","0.00","42","34"
"USW00053913","GUTHRIE MUNICIPAL AIRPORT, OK US","2020-04-05","0.00","69","40"
"USW00053913","GUTHRIE MUNICIPAL AIRPORT, OK US","2020-04-06","0.00","74","60"
"USW00053913","GUTHRIE MUNICIPAL AIRPORT, OK US","2020-04-07","0.00","89","63"
"USW00053913","GUTHRIE MUNICIPAL AIRPORT, OK US","2020-04-08","0.00","86","53"
"USW00053913","GUTHRIE MUNICIPAL AIRPORT, OK US","2020-04-09","0.00","69","48"
"USW00053913","GUTHRIE MUNICIPAL AIRPORT, OK US","2020-04-10","0.00","69","39"
"USW00053913","GUTHRIE MUNICIPAL AIRPORT, OK US","2020-04-11","0.06","76","55"
"USW00053913","GUTHRIE MUNICIPAL AIRPORT, OK US","2020-04-12","0.27","75","36"
"USW00053913","GUTHRIE MUNICIPAL AIRPORT, OK US","2020-04-13","0.02","46","32"
"USW00053913","GUTHRIE MUNICIPAL AIRPORT, OK US","2020-04-14","0.00","49","32"
"USW00053913","GUTHRIE MUNICIPAL AIRPORT, OK US","2020-04-15","0.00","63","30"
"USW00053913","GUTHRIE MUNICIPAL AIRPORT, OK US","2020-04-16","0.00","73","45"
"USW00053913","GUTHRIE MUNICIPAL AIRPORT, OK US","2020-04-17","0.01","57","33"
"USW00053913","GUTHRIE MUNICIPAL AIRPORT, OK US","2020-04-18","0.00","70","32"
"USW00053913","GUTHRIE MUNICIPAL AIRPORT, OK US","2020-04-19","0.00","72","50"
"USW00053913","GUTHRIE MUNICIPAL AIRPORT, OK US","2020-04-20","0.32","77","47"
"USW00053913","GUTHRIE MUNICIPAL AIRPORT, OK US","2020-04-21","0.06","81","47"
"USW00053913","GUTHRIE MUNICIPAL AIRPORT, OK US","2020-04-22","0.82","65","57"
"USW00053913","GUTHRIE MUNICIPAL AIRPORT, OK US","2020-04-23","0.09","81","51"
"USW00053913","GUTHRIE MUNICIPAL AIRPORT, OK US","2020-04-24","0.20","76","53"
"USW00053913","GUTHRIE MUNICIPAL AIRPORT, OK US","2020-04-25","0.00","73","48"
"USW00053913","GUTHRIE MUNICIPAL AIRPORT, OK US","2020-04-26","0.00","79","43"
"USW00053913","GUTHRIE MUNICIPAL AIRPORT, OK US","2020-04-27","0.02","81","62"
"USW00053913","GUTHRIE MUNICIPAL AIRPORT, OK US","2020-04-28","0.02","87","62"
"USW00053913","GUTHRIE MUNICIPAL AIRPORT, OK US","2020-04-29","0.00","71","48"
"USW00053913","GUTHRIE MUNICIPAL AIRPORT, OK US","2020-04-30","0.00","81","43"
"USW00053913","GUTHRIE MUNICIPAL AIRPORT, OK US","2020-05-01","0.00","90","62"
"USW00053913","GUTHRIE MUNICIPAL AIRPORT, OK US","2020-05-02","0.00","88","67"
"USW00053913","GUTHRIE MUNICIPAL AIRPORT, OK US","2020-05-03","0.00","78","63"
"USW00053913","GUTHRIE MUNICIPAL AIRPORT, OK US","2020-05-04","0.00","93","65"
"USW00053913","GUTHRIE MUNICIPAL AIRPORT, OK US","2020-05-05","0.00","76","49"
"USW00053913","GUTHRIE MUNICIPAL AIRPORT, OK US","2020-05-06","0.00","75","47"
"USW00053913","GUTHRIE MUNICIPAL AIRPORT, OK US","2020-05-07","0.48","76","55"
"USW00053913","GUTHRIE MUNICIPAL AIRPORT, OK US","2020-05-08","0.25","66","46"
"USW00053913","GUTHRIE MUNICIPAL AIRPORT, OK US","2020-05-09","0.00","70","39"
"USW00053913","GUTHRIE MUNICIPAL AIRPORT, OK US","2020-05-10","0.00","63","50"
"USW00053913","GUTHRIE MUNICIPAL AIRPORT, OK US","2020-05-11","0.01","60","47"
"USW00053913","GUTHRIE MUNICIPAL AIRPORT, OK US","2020-05-12","0.00","53","46"
"USW00053913","GUTHRIE MUNICIPAL AIRPORT, OK US","2020-05-13","0.03","76","50"
"USW00053913","GUTHRIE MUNICIPAL AIRPORT, OK US","2020-05-14","0.00","86","65"
"USW00053913","GUTHRIE MUNICIPAL AIRPORT, OK US","2020-05-15","0.00","76","60"
"USW00053913","GUTHRIE MUNICIPAL AIRPORT, OK US","2020-05-16","0.01","71","58"
"USW00053913","GUTHRIE MUNICIPAL AIRPORT, OK US","2020-05-17","0.00","79","57"
"USW00053913","GUTHRIE MUNICIPAL AIRPORT, OK US","2020-05-18","0.00","81","51"
"USW00053913","GUTHRIE MUNICIPAL AIRPORT, OK US","2020-05-19","0.00","79","57"
"USW00053913","GUTHRIE MUNICIPAL AIRPORT, OK US","2020-05-20","0.00","80","52"
"USW00053913","GUTHRIE MUNICIPAL AIRPORT, OK US","2020-05-21","0.00","78","66"
"USW00053913","GUTHRIE MUNICIPAL AIRPORT, OK US","2020-05-22","0.77","85","58"
"USW00053913","GUTHRIE MUNICIPAL AIRPORT, OK US","2020-05-23","0.00","88","67"
"USW00053913","GUTHRIE MUNICIPAL AIRPORT, OK US","2020-05-24","0.26","85","63"
"USW00053913","GUTHRIE MUNICIPAL AIRPORT, OK US","2020-05-25","0.79","73","61"
"USW00053913","GUTHRIE MUNICIPAL AIRPORT, OK US","2020-05-26","0.04","74","59"
"USW00053913","GUTHRIE MUNICIPAL AIRPORT, OK US","2020-05-27","0.00","80","55"
"USW00053913","GUTHRIE MUNICIPAL AIRPORT, OK US","2020-05-28","0.35","77","63"
"USW00053913","GUTHRIE MUNICIPAL AIRPORT, OK US","2020-05-29","0.00","83","57"
"USW00053913","GUTHRIE MUNICIPAL AIRPORT, OK US","2020-05-30","0.00","83","62"
"USW00053913","GUTHRIE MUNICIPAL AIRPORT, OK US","2020-05-31","0.00","85","62"
"USW00053913","GUTHRIE MUNICIPAL AIRPORT, OK US","2020-06-01","0.00","84","63"
"USW00053913","GUTHRIE MUNICIPAL AIRPORT, OK US","2020-06-02","0.00","89","66"
"USW00053913","GUTHRIE MUNICIPAL AIRPORT, OK US","2020-06-03","0.00","93","70"
"USW00053913","GUTHRIE MUNICIPAL AIRPORT, OK US","2020-06-04","0.00","97","68"
"USW00053913","GUTHRIE MUNICIPAL AIRPORT, OK US","2020-06-05","0.00","95","65"
"USW00053913","GUTHRIE MUNICIPAL AIRPORT, OK US","2020-06-06","0.00","95","74"
"USW00053913","GUTHRIE MUNICIPAL AIRPORT, OK US","2020-06-07","0.00","92","71"
"USW00053913","GUTHRIE MUNICIPAL AIRPORT, OK US","2020-06-08","0.00","93","70"
"USW00053913","GUTHRIE MUNICIPAL AIRPORT, OK US","2020-06-09","0.00","88","61"
"USW00053913","GUTHRIE MUNICIPAL AIRPORT, OK US","2020-06-10","0.00","84","58"
"USW00053913","GUTHRIE MUNICIPAL AIRPORT, OK US","2020-06-11","0.00","93","53"
"USW00053913","GUTHRIE MUNICIPAL AIRPORT, OK US","2020-06-12","0.00","92","63"
"USW00053913","GUTHRIE MUNICIPAL AIRPORT, OK US","2020-06-13","0.00","94","64"
"USW00053913","GUTHRIE MUNICIPAL AIRPORT, OK US","2020-06-14","0.00","92","69"
"USW00053913","GUTHRIE MUNICIPAL AIRPORT, OK US","2020-06-15","0.00","92","67"
"USW00053913","GUTHRIE MUNICIPAL AIRPORT, OK US","2020-06-16","0.00","94","72"
"USW00053913","GUTHRIE MUNICIPAL AIRPORT, OK US","2020-06-17","0.00","93","71"
"USW00053913","GUTHRIE MUNICIPAL AIRPORT, OK US","2020-06-18","0.00","93","73"
"USW00053913","GUTHRIE MUNICIPAL AIRPORT, OK US","2020-06-19","1.22","77","64"
"USW00053913","GUTHRIE MUNICIPAL AIRPORT, OK US","2020-06-20","0.00","89","65"
"USW00053913","GUTHRIE MUNICIPAL AIRPORT, OK US","2020-06-21","0.75","86","65"
"USW00053913","GUTHRIE MUNICIPAL AIRPORT, OK US","2020-06-22","0.03","89","64"
"USW00053913","GUTHRIE MUNICIPAL AIRPORT, OK US","2020-06-23","0.00","86","64"
"USW00053913","GUTHRIE MUNICIPAL AIRPORT, OK US","2020-06-24","0.00","88","59"
"USW00053913","GUTHRIE MUNICIPAL AIRPORT, OK US","2020-06-25","0.00","91","68"
"USW00053913","GUTHRIE MUNICIPAL AIRPORT, OK US","2020-06-26","0.00","93","70"
"USW00053913","GUTHRIE MUNICIPAL AIRPORT, OK US","2020-06-27","0.00","91","75"
"USW00053913","GUTHRIE MUNICIPAL AIRPORT, OK US","2020-06-28","0.00","90","76"
"USW00053913","GUTHRIE MUNICIPAL AIRPORT, OK US","2020-06-29","0.00","92","77"
"USW00053913","GUTHRIE MUNICIPAL AIRPORT, OK US","2020-06-30","0.00","96","77"
"USW00053913","GUTHRIE MUNICIPAL AIRPORT, OK US","2020-07-01","0.00","97","78"
"USW00053913","GUTHRIE MUNICIPAL AIRPORT, OK US","2020-07-02","0.00","95","75"
"USW00053913","GUTHRIE MUNICIPAL AIRPORT, OK US","2020-07-03","0.08","96","70"
"USW00053913","GUTHRIE MUNICIPAL AIRPORT, OK US","2020-07-04","0.23","92","71"
"USW00053913","GUTHRIE MUNICIPAL AIRPORT, OK US","2020-07-05","0.00","91","70"
"USW00053913","GUTHRIE MUNICIPAL AIRPORT, OK US","2020-07-06","0.00","91","72"
"USW00053913","GUTHRIE MUNICIPAL AIRPORT, OK US","2020-07-07","0.00","91","68"
"USW00053913","GUTHRIE MUNICIPAL AIRPORT, OK US","2020-07-08","0.00","94","73"
"USW00053913","GUTHRIE MUNICIPAL AIRPORT, OK US","2020-07-09","0.00","89","74"
"USW00053913","GUTHRIE MUNICIPAL AIRPORT, OK US","2020-07-10","0.59","87","67"
"USW00053913","GUTHRIE MUNICIPAL AIRPORT, OK US","2020-07-11","0.26","99","72"
"USW00053913","GUTHRIE MUNICIPAL AIRPORT, OK US","2020-07-12","0.00","95","71"
"USW00053913","GUTHRIE MUNICIPAL AIRPORT, OK US","2020-07-13","2.55","90","68"
"USW00053913","GUTHRIE MUNICIPAL AIRPORT, OK US","2020-07-14","0.00","96","79"
"USW00053913","GUTHRIE MUNICIPAL AIRPORT, OK US","2020-07-15","0.01","94","75"
"USW00053913","GUTHRIE MUNICIPAL AIRPORT, OK US","2020-07-16","0.00","90","71"
"USW00053913","GUTHRIE MUNICIPAL AIRPORT, OK US","2020-07-17","0.01","96","75"
"USW00053913","GUTHRIE MUNICIPAL AIRPORT, OK US","2020-07-18","0.00","94","76"
"USW00053913","GUTHRIE MUNICIPAL AIRPORT, OK US","2020-07-19","0.00","93","74"
"USW00053913","GUTHRIE MUNICIPAL AIRPORT, OK US","2020-07-20","0.00","96","73"
"USW00053913","GUTHRIE MUNICIPAL AIRPORT, OK US","2020-07-21","0.00","90","74"
"USW00053913","GUTHRIE MUNICIPAL AIRPORT, OK US","2020-07-22","0.00","93","69"
"USW00053913","GUTHRIE MUNICIPAL AIRPORT, OK US","2020-07-23","0.00","92","73"
"USW00053913","GUTHRIE MUNICIPAL AIRPORT, OK US","2020-07-24","0.00","94","75"
"USW00053913","GUTHRIE MUNICIPAL AIRPORT, OK US","2020-07-25","0.00","91","74"
"USW00053913","GUTHRIE MUNICIPAL AIRPORT, OK US","2020-07-26","0.00","94","73"
"USW00053913","GUTHRIE MUNICIPAL AIRPORT, OK US","2020-07-27","1.59","89","71"
"USW00053913","GUTHRIE MUNICIPAL AIRPORT, OK US","2020-07-28","0.21","83","72"
"USW00053913","GUTHRIE MUNICIPAL AIRPORT, OK US","2020-07-29","0.03","90","75"
"USW00053913","GUTHRIE MUNICIPAL AIRPORT, OK US","2020-07-30","0.12","89","68"
"USW00053913","GUTHRIE MUNICIPAL AIRPORT, OK US","2020-07-31","0.00","85","68"
"USW00053913","GUTHRIE MUNICIPAL AIRPORT, OK US","2020-08-01","0.00","86","63"
"USW00053913","GUTHRIE MUNICIPAL AIRPORT, OK US","2020-08-02","0.00","88","63"
"USW00053913","GUTHRIE MUNICIPAL AIRPORT, OK US","2020-08-03","0.00","84","59"
"USW00053913","GUTHRIE MUNICIPAL AIRPORT, OK US","2020-08-04","0.00","82","63"
"USW00053913","GUTHRIE MUNICIPAL AIRPORT, OK US","2020-08-05","0.51","82","60"
"USW00053913","GUTHRIE MUNICIPAL AIRPORT, OK US","2020-08-06","0.00","86","68"
"USW00053913","GUTHRIE MUNICIPAL AIRPORT, OK US","2020-08-07","0.09","91","74"
"USW00053913","GUTHRIE MUNICIPAL AIRPORT, OK US","2020-08-08","0.00","96","78"
"USW00053913","GUTHRIE MUNICIPAL AIRPORT, OK US","2020-08-09","0.00","97","78"
"USW00053913","GUTHRIE MUNICIPAL AIRPORT, OK US","2020-08-10","0.29","97","68"
"USW00053913","GUTHRIE MUNICIPAL AIRPORT, OK US","2020-08-11","0.38","90","67"
"USW00053913","GUTHRIE MUNICIPAL AIRPORT, OK US","2020-08-12","0.00","91","70"
"USW00053913","GUTHRIE MUNICIPAL AIRPORT, OK US","2020-08-13","0.00","93","74"
"USW00053913","GUTHRIE MUNICIPAL AIRPORT, OK US","2020-08-14","0.00","92","72"
"USW00053913","GUTHRIE MUNICIPAL AIRPORT, OK US","2020-08-15","0.00","93","72"
"USW00053913","GUTHRIE MUNICIPAL AIRPORT, OK US","2020-08-16","0.00","86","71"
"USW00053913","GUTHRIE MUNICIPAL AIRPORT, OK US","2020-08-17","0.00","92","67"
"USW00053913","GUTHRIE MUNICIPAL AIRPORT, OK US","2020-08-18","0.00","89","61"
"USW00053913","GUTHRIE MUNICIPAL AIRPORT, OK US","2020-08-19","0.00","87","61"
"USW00053913","GUTHRIE MUNICIPAL AIRPORT, OK US","2020-08-20","0.00","90","60"
"USW00053913","GUTHRIE MUNICIPAL AIRPORT, OK US","2020-08-21","0.00","92","66"
"USW00053913","GUTHRIE MUNICIPAL AIRPORT, OK US","2020-08-22","0.00","93","63"
"USW00053913","GUTHRIE MUNICIPAL AIRPORT, OK US","2020-08-23","0.00","95","68"
"USW00053913","GUTHRIE MUNICIPAL AIRPORT, OK US","2020-08-24","0.00","95","68"
"USW00053913","GUTHRIE MUNICIPAL AIRPORT, OK US","2020-08-25","0.00","94","66"
"USW00053913","GUTHRIE MUNICIPAL AIRPORT, OK US","2020-08-26","0.00","94","70"
"USW00053913","GUTHRIE MUNICIPAL AIRPORT, OK US","2020-08-27","0.00","93","65"
"USW00053913","GUTHRIE MUNICIPAL AIRPORT, OK US","2020-08-28","0.00","103","68"
"USW00053913","GUTHRIE MUNICIPAL AIRPORT, OK US","2020-08-29","0.00","87","72"
"USW00053913","GUTHRIE MUNICIPAL AIRPORT, OK US","2020-08-30","0.14","95","69"
"USW00053913","GUTHRIE MUNICIPAL AIRPORT, OK US","2020-08-31","0.64","97","71"
"USW00053913","GUTHRIE MUNICIPAL AIRPORT, OK US","2020-09-01","0.09","80","69"
"USW00053913","GUTHRIE MUNICIPAL AIRPORT, OK US","2020-09-02","0.01","85","68"
"USW00053913","GUTHRIE MUNICIPAL AIRPORT, OK US","2020-09-03","0.00","92","65"
"USW00053913","GUTHRIE MUNICIPAL AIRPORT, OK US","2020-09-04","0.00","91","69"
"USW00053913","GUTHRIE MUNICIPAL AIRPORT, OK US","2020-09-05","0.00","92","69"
"USW00053913","GUTHRIE MUNICIPAL AIRPORT, OK US","2020-09-06","0.00","93","71"
"USW00053913","GUTHRIE MUNICIPAL AIRPORT, OK US","2020-09-07","0.00","93","74"
"USW00053913","GUTHRIE MUNICIPAL AIRPORT, OK US","2020-09-08","0.08","92","56"
"USW00053913","GUTHRIE MUNICIPAL AIRPORT, OK US","2020-09-09","0.64","56","50"
"USW00053913","GUTHRIE MUNICIPAL AIRPORT, OK US","2020-09-10","0.21","65","50"
"USW00053913","GUTHRIE MUNICIPAL AIRPORT, OK US","2020-09-11","0.46","66","54"
"USW00053913","GUTHRIE MUNICIPAL AIRPORT, OK US","2020-09-12","0.00","80","59"
"USW00053913","GUTHRIE MUNICIPAL AIRPORT, OK US","2020-09-13","0.00","82","59"
"USW00053913","GUTHRIE MUNICIPAL AIRPORT, OK US","2020-09-14","0.00","80","57"
"USW00053913","GUTHRIE MUNICIPAL AIRPORT, OK US","2020-09-15","0.00","83","62"
"USW00053913","GUTHRIE MUNICIPAL AIRPORT, OK US","2020-09-16","0.00","86","58"
"USW00053913","GUTHRIE MUNICIPAL AIRPORT, OK US","2020-09-17","0.00","84","61"
"USW00053913","GUTHRIE MUNICIPAL AIRPORT, OK US","2020-09-18","0.00","79","55"
"USW00053913","GUTHRIE MUNICIPAL AIRPORT, OK US","2020-09-19","0.00","80","55"
"USW00053913","GUTHRIE MUNICIPAL AIRPORT, OK US","2020-09-20","0.00","80","53"
"USW00053913","GUTHRIE MUNICIPAL AIRPORT, OK US","2020-09-21","0.00","82","59"
"USW00053913","GUTHRIE MUNICIPAL AIRPORT, OK US","2020-09-22","0.04","71","63"
"USW00053913","GUTHRIE MUNICIPAL AIRPORT, OK US","2020-09-23","0.00","71","58"
"USW00053913","GUTHRIE MUNICIPAL AIRPORT, OK US","2020-09-24","0.00","84","51"
"USW00053913","GUTHRIE MUNICIPAL AIRPORT, OK US","2020-09-25","0.00","87","62"
"USW00053913","GUTHRIE MUNICIPAL AIRPORT, OK US","2020-09-26","0.00","89","64"
"USW00053913","GUTHRIE MUNICIPAL AIRPORT, OK US","2020-09-27","0.06","79","57"
"USW00053913","GUTHRIE MUNICIPAL AIRPORT, OK US","2020-09-28","0.00","73","45"
"USW00053913","GUTHRIE MUNICIPAL AIRPORT, OK US","2020-09-29","0.00","80","39"
"USW00053913","GUTHRIE MUNICIPAL AIRPORT, OK US","2020-09-30","0.00","92","51"
"USW00053913","GUTHRIE MUNICIPAL AIRPORT, OK US","2020-10-01","0.00","74","45"
"USW00053913","GUTHRIE MUNICIPAL AIRPORT, OK US","2020-10-02","0.00","73","40"
"USW00053913","GUTHRIE MUNICIPAL AIRPORT, OK US","2020-10-03","0.00","73","50"
"USW00053913","GUTHRIE MUNICIPAL AIRPORT, OK US","2020-10-04","0.00","73","42"
"USW00053913","GUTHRIE MUNICIPAL AIRPORT, OK US","2020-10-05","0.00","78","50"
"USW00053913","GUTHRIE MUNICIPAL AIRPORT, OK US","2020-10-06","0.00","82","51"
"USW00053913","GUTHRIE MUNICIPAL AIRPORT, OK US","2020-10-07","0.00","89","59"
"USW00053913","GUTHRIE MUNICIPAL AIRPORT, OK US","2020-10-08","0.00","87","63"
"USW00053913","GUTHRIE MUNICIPAL AIRPORT, OK US","2020-10-09","0.00","85","65"
"USW00053913","GUTHRIE MUNICIPAL AIRPORT, OK US","2020-10-10","0.00","85","59"
"USW00053913","GUTHRIE MUNICIPAL AIRPORT, OK US","2020-10-11","0.00","92","64"
"USW00053913","GUTHRIE MUNICIPAL AIRPORT, OK US","2020-10-12","0.00","77","50"
"USW00053913","GUTHRIE MUNICIPAL AIRPORT, OK US","2020-10-13","0.00","82","50"
"USW00053913","GUTHRIE MUNICIPAL AIRPORT, OK US","2020-10-14","0.00","91","61"
"USW00053913","GUTHRIE MUNICIPAL AIRPORT, OK US","2020-10-15","0.00","71","48"
"USW00053913","GUTHRIE MUNICIPAL AIRPORT, OK US","2020-10-16","0.00","68","38"
"USW00053913","GUTHRIE MUNICIPAL AIRPORT, OK US","2020-10-17","0.00","76","53"
"USW00053913","GUTHRIE MUNICIPAL AIRPORT, OK US","2020-10-18","0.00","68","45"
"USW00053913","GUTHRIE MUNICIPAL AIRPORT, OK US","2020-10-19","0.00","58","41"
"USW00053913","GUTHRIE MUNICIPAL AIRPORT, OK US","2020-10-20","0.00","72","47"
"USW00053913","GUTHRIE MUNICIPAL AIRPORT, OK US","2020-10-21","0.00","86","54"
"USW00053913","GUTHRIE MUNICIPAL AIRPORT, OK US","2020-10-22","0.00","87","69"
"USW00053913","GUTHRIE MUNICIPAL AIRPORT, OK US","2020-10-23","0.00","68","40"
"USW00053913","GUTHRIE MUNICIPAL AIRPORT, OK US","2020-10-24","0.00","56","39"
"USW00053913","GUTHRIE MUNICIPAL AIRPORT, OK US","2020-10-25","0.01","49","37"
"USW00053913","GUTHRIE MUNICIPAL AIRPORT, OK US","2020-10-26","0.90","37","28"
"USW00053913","GUTHRIE MUNICIPAL AIRPORT, OK US","2020-10-27",,"32","28"
"USW00053913","GUTHRIE MUNICIPAL AIRPORT, OK US","2020-10-28","0.34","36","34"
"USW00053913","GUTHRIE MUNICIPAL AIRPORT, OK US","2020-10-31",,"63","44"
"USW00053913","GUTHRIE MUNICIPAL AIRPORT, OK US","2020-11-01","0.00","63","36"
"USW00053913","GUTHRIE MUNICIPAL AIRPORT, OK US","2020-11-02","0.00","68","40"
"USW00053913","GUTHRIE MUNICIPAL AIRPORT, OK US","2020-11-03","0.00","75","43"
"USW00053913","GUTHRIE MUNICIPAL AIRPORT, OK US","2020-11-04","0.00","76","52"
"USW00053913","GUTHRIE MUNICIPAL AIRPORT, OK US","2020-11-05","0.00","77","47"
"USW00053913","GUTHRIE MUNICIPAL AIRPORT, OK US","2020-11-06","0.00","78","53"
"USW00053913","GUTHRIE MUNICIPAL AIRPORT, OK US","2020-11-07","0.00","75","56"
"USW00053913","GUTHRIE MUNICIPAL AIRPORT, OK US","2020-11-08","0.00","76","58"
"USW00053913","GUTHRIE MUNICIPAL AIRPORT, OK US","2020-11-09","0.00","73","62"
"USW00053913","GUTHRIE MUNICIPAL AIRPORT, OK US","2020-11-10","0.00","69","36"
"USW00053913","GUTHRIE MUNICIPAL AIRPORT, OK US","2020-11-11","0.00","62","32"
"USW00053913","GUTHRIE MUNICIPAL AIRPORT, OK US","2020-11-12","0.00","70","40"
"USW00053913","GUTHRIE MUNICIPAL AIRPORT, OK US","2020-11-13","0.00","56","30"
"USW00053913","GUTHRIE MUNICIPAL AIRPORT, OK US","2020-11-14","0.00","79","52"
"USW00053913","GUTHRIE MUNICIPAL AIRPORT, OK US","2020-11-15","0.00","59","37"
"USW00053913","GUTHRIE MUNICIPAL AIRPORT, OK US","2020-11-16","0.00","70","39"
"USW00053913","GUTHRIE MUNICIPAL AIRPORT, OK US","2020-11-17","0.00","72","38"
"USW00053913","GUTHRIE MUNICIPAL AIRPORT, OK US","2020-11-18","0.00","73","51"
"USW00053913","GUTHRIE MUNICIPAL AIRPORT, OK US","2020-11-19","0.00","75","59"
"USW00053913","GUTHRIE MUNICIPAL AIRPORT, OK US","2020-11-20","0.00","73","60"
"USW00053913","GUTHRIE MUNICIPAL AIRPORT, OK US","2020-11-21","0.11","61","47"
"USW00053913","GUTHRIE MUNICIPAL AIRPORT, OK US","2020-11-22","0.03","52","32"
"USW00053913","GUTHRIE MUNICIPAL AIRPORT, OK US","2020-11-23","0.00","54","30"
"USW00053913","GUTHRIE MUNICIPAL AIRPORT, OK US","2020-11-24","0.65","60","43"
"USW00053913","GUTHRIE MUNICIPAL AIRPORT, OK US","2020-11-25","0.00","55","36"
"USW00053913","GUTHRIE MUNICIPAL AIRPORT, OK US","2020-11-26","0.00","66","39"
"USW00053913","GUTHRIE MUNICIPAL AIRPORT, OK US","2020-11-27","0.00","57","36"
"USW00053913","GUTHRIE MUNICIPAL AIRPORT, OK US","2020-11-28","0.02","47","28"
"USW00053913","GUTHRIE MUNICIPAL AIRPORT, OK US","2020-11-29","0.04","50","31"
"USW00053913","GUTHRIE MUNICIPAL AIRPORT, OK US","2020-11-30","0.00","45","23"
"USW00053913","GUTHRIE MUNICIPAL AIRPORT, OK US","2020-12-01","0.00","58","33"
"USW00053913","GUTHRIE MUNICIPAL AIRPORT, OK US","2020-12-02","0.12","44","38"
"USW00053913","GUTHRIE MUNICIPAL AIRPORT, OK US","2020-12-03","0.05","40","27"
"USW00053913","GUTHRIE MUNICIPAL AIRPORT, OK US","2020-12-04","0.00","52","24"
"USW00053913","GUTHRIE MUNICIPAL AIRPORT, OK US","2020-12-05","0.00","57","26"
"USW00053913","GUTHRIE MUNICIPAL AIRPORT, OK US","2020-12-06","0.00","56","25"
"USW00053913","GUTHRIE MUNICIPAL AIRPORT, OK US","2020-12-07","0.00","61","25"
"USW00053913","GUTHRIE MUNICIPAL AIRPORT, OK US","2020-12-08","0.00","62","28"
"USW00053913","GUTHRIE MUNICIPAL AIRPORT, OK US","2020-12-09","0.00","69","32"
"USW00053913","GUTHRIE MUNICIPAL AIRPORT, OK US","2020-12-10","0.00","73","40"
"USW00053913","GUTHRIE MUNICIPAL AIRPORT, OK US","2020-12-11","0.03","53","35"
"USW00053913","GUTHRIE MUNICIPAL AIRPORT, OK US","2020-12-12","0.00","42","29"
"USW00053913","GUTHRIE MUNICIPAL AIRPORT, OK US","2020-12-13","0.34","36","22"
"USW00053913","GUTHRIE MUNICIPAL AIRPORT, OK US","2020-12-14","0.00","35","15"
"USW00053913","GUTHRIE MUNICIPAL AIRPORT, OK US","2020-12-15",,"31","27"
"USW00053913","GUTHRIE MUNICIPAL AIRPORT, OK US","2020-12-16","0.00","33","23"
"USW00053913","GUTHRIE MUNICIPAL AIRPORT, OK US","2020-12-17","0.00","49","21"
"USW00053913","GUTHRIE MUNICIPAL AIRPORT, OK US","2020-12-18","0.00","57","42"
"USW00053913","GUTHRIE MUNICIPAL AIRPORT, OK US","2020-12-19","0.00","49","27"
"USW00053913","GUTHRIE MUNICIPAL AIRPORT, OK US","2020-12-20","0.00","56","27"
"USW00053913","GUTHRIE MUNICIPAL AIRPORT, OK US","2020-12-21","0.00","66","35"
"USW00053913","GUTHRIE MUNICIPAL AIRPORT, OK US","2020-12-22","0.00","67","42"
"USW00053913","GUTHRIE MUNICIPAL AIRPORT, OK US","2020-12-23","0.00","61","27"
"USW00053913","GUTHRIE MUNICIPAL AIRPORT, OK US","2020-12-24","0.00","46","20"
"USW00053913","GUTHRIE MUNICIPAL AIRPORT, OK US","2020-12-25","0.00","57","20"
"USW00053913","GUTHRIE MUNICIPAL AIRPORT, OK US","2020-12-26","0.00","65","35"
"USW00053913","GUTHRIE MUNICIPAL AIRPORT, OK US","2020-12-27","0.00","63","42"
"USW00053913","GUTHRIE MUNICIPAL AIRPORT, OK US","2020-12-28","0.00","47","34"
"USW00053913","GUTHRIE MUNICIPAL AIRPORT, OK US","2020-12-29","0.65","57","37"
"USW00053913","GUTHRIE MUNICIPAL AIRPORT, OK US","2020-12-30","0.69","42","29"
"USW00053913","GUTHRIE MUNICIPAL AIRPORT, OK US","2020-12-31","0.59","36","24"
"USW00053913","GUTHRIE MUNICIPAL AIRPORT, OK US","2021-01-01","0.42","34","31"
"USW00053913","GUTHRIE MUNICIPAL AIRPORT, OK US","2021-01-02","0.04","43","31"
"USW00053913","GUTHRIE MUNICIPAL AIRPORT, OK US","2021-01-03","0.00","43","27"
"USW00053913","GUTHRIE MUNICIPAL AIRPORT, OK US","2021-01-04","0.00","58","29"
"USW00053913","GUTHRIE MUNICIPAL AIRPORT, OK US","2021-01-05","0.00","61","28"
"USW00053913","GUTHRIE MUNICIPAL AIRPORT, OK US","2021-01-06","0.00","49","41"
"USW00053913","GUTHRIE MUNICIPAL AIRPORT, OK US","2021-01-07","0.00","42","37"
"USW00053913","GUTHRIE MUNICIPAL AIRPORT, OK US","2021-01-08","0.00","39","23"
"USW00053913","GUTHRIE MUNICIPAL AIRPORT, OK US","2021-01-09","0.00","43","20"
"USW00053913","GUTHRIE MUNICIPAL AIRPORT, OK US","2021-01-10","0.00","39","28"
"USW00053913","GUTHRIE MUNICIPAL AIRPORT, OK US","2021-01-11","0.00","47","21"
"USW00053913","GUTHRIE MUNICIPAL AIRPORT, OK US","2021-01-12","0.00","53","28"
"USW00053913","GUTHRIE MUNICIPAL AIRPORT, OK US","2021-01-13","0.00","59","28"
"USW00053913","GUTHRIE MUNICIPAL AIRPORT, OK US","2021-01-14","0.00","53","37"
"USW00053913","GUTHRIE MUNICIPAL AIRPORT, OK US","2021-01-15","0.00","44","32"
"USW00053913","GUTHRIE MUNICIPAL AIRPORT, OK US","2021-01-16","0.00","50","24"
"USW00053913","GUTHRIE MUNICIPAL AIRPORT, OK US","2021-01-17","0.00","53","30"
"USW00053913","GUTHRIE MUNICIPAL AIRPORT, OK US","2021-01-18","0.00","58","29"
"USW00053913","GUTHRIE MUNICIPAL AIRPORT, OK US","2021-01-19","0.00","48","27"
"USW00053913","GUTHRIE MUNICIPAL AIRPORT, OK US","2021-01-20","0.00","46","25"
"USW00053913","GUTHRIE MUNICIPAL AIRPORT, OK US","2021-01-21","0.00","52","34"
"USW00053913","GUTHRIE MUNICIPAL AIRPORT, OK US","2021-01-22","0.00","53","33"
"USW00053913","GUTHRIE MUNICIPAL AIRPORT, OK US","2021-01-23","0.00","49","34"
"USW00053913","GUTHRIE MUNICIPAL AIRPORT, OK US","2021-01-24","0.23","52","42"
"USW00053913","GUTHRIE MUNICIPAL AIRPORT, OK US","2021-01-25","0.31","52","32"
"USW00053913","GUTHRIE MUNICIPAL AIRPORT, OK US","2021-01-26","0.00","34","27"
"USW00053913","GUTHRIE MUNICIPAL AIRPORT, OK US","2021-01-27","0.00","35","23"
"USW00053913","GUTHRIE MUNICIPAL AIRPORT, OK US","2021-01-28","0.00","46","18"
"USW00053913","GUTHRIE MUNICIPAL AIRPORT, OK US","2021-01-29","0.00","57","34"
"USW00053913","GUTHRIE MUNICIPAL AIRPORT, OK US","2021-01-30","0.33","64","39"
"USW00053913","GUTHRIE MUNICIPAL AIRPORT, OK US","2021-01-31","0.00","47","29"
"USW00053913","GUTHRIE MUNICIPAL AIRPORT, OK US","2021-02-01","0.00","55","22"
"USW00053913","GUTHRIE MUNICIPAL AIRPORT, OK US","2021-02-02","0.00","62","38"
"USW00053913","GUTHRIE MUNICIPAL AIRPORT, OK US","2021-02-03","0.00","64","57"
"USW00053913","GUTHRIE MUNICIPAL AIRPORT, OK US","2021-02-04","0.00","63","29"
"USW00053913","GUTHRIE MUNICIPAL AIRPORT, OK US","2021-02-05","0.00","55","26"
"USW00053913","GUTHRIE MUNICIPAL AIRPORT, OK US","2021-02-06","0.02","45","26"
"USW00053913","GUTHRIE MUNICIPAL AIRPORT, OK US","2021-02-07","0.00","34","25"
"USW00053913","GUTHRIE MUNICIPAL AIRPORT, OK US","2021-02-08","0.00","33","18"
"USW00053913","GUTHRIE MUNICIPAL AIRPORT, OK US","2021-02-09","0.00","20","15"
"USW00053913","GUTHRIE MUNICIPAL AIRPORT, OK US","2021-02-10","0.00","19","17"
"USW00053913","GUTHRIE MUNICIPAL AIRPORT, OK US","2021-02-11","0.00","19","15"
"USW00053913","GUTHRIE MUNICIPAL AIRPORT, OK US","2021-02-12","0.00","17","12"
"USW00053913","GUTHRIE MUNICIPAL AIRPORT, OK US","2021-02-13","0.00","18","7"
"USW00053913","GUTHRIE MUNICIPAL AIRPORT, OK US","2021-02-14",,"11","4"
"USW00053913","GUTHRIE MUNICIPAL AIRPORT, OK US","2021-02-15","0.00",,
"USW00053913","GUTHRIE MUNICIPAL AIRPORT, OK US","2021-02-16",,,
"USW00053913","GUTHRIE MUNICIPAL AIRPORT, OK US","2021-02-17",,,
"USW00053913","GUTHRIE MUNICIPAL AIRPORT, OK US","2021-02-18","0.00",,
"USW00053913","GUTHRIE MUNICIPAL AIRPORT, OK US","2021-02-19","0.00",,
"USW00053913","GUTHRIE MUNICIPAL AIRPORT, OK US","2021-02-20","0.00",,
"USW00053913","GUTHRIE MUNICIPAL AIRPORT, OK US","2021-02-21",,,
"USW00053913","GUTHRIE MUNICIPAL AIRPORT, OK US","2021-02-22","0.00",,
"USW00053913","GUTHRIE MUNICIPAL AIRPORT, OK US","2021-02-23","0.00","72","57"
"USW00053913","GUTHRIE MUNICIPAL AIRPORT, OK US","2021-02-24","0.00","62","38"
"USW00053913","GUTHRIE MUNICIPAL AIRPORT, OK US","2021-02-25","0.00","54","27"
"USW00053913","GUTHRIE MUNICIPAL AIRPORT, OK US","2021-02-26","0.00","57","36"
"USW00053913","GUTHRIE MUNICIPAL AIRPORT, OK US","2021-02-27","0.00","61","39"
"USW00053913","GUTHRIE MUNICIPAL AIRPORT, OK US","2021-02-28","0.01","62","39"
"USW00053913","GUTHRIE MUNICIPAL AIRPORT, OK US","2021-03-01","0.00","56","27"
"USW00053913","GUTHRIE MUNICIPAL AIRPORT, OK US","2021-03-02","0.00","63","28"
"USW00053913","GUTHRIE MUNICIPAL AIRPORT, OK US","2021-03-03","0.00","70","39"
"USW00053913","GUTHRIE MUNICIPAL AIRPORT, OK US","2021-03-04","0.12","75","46"
"USW00053913","GUTHRIE MUNICIPAL AIRPORT, OK US","2021-03-05","0.18","58","39"
"USW00053913","GUTHRIE MUNICIPAL AIRPORT, OK US","2021-03-06","0.00","64","31"
"USW00053913","GUTHRIE MUNICIPAL AIRPORT, OK US","2021-03-07","0.00","67","41"
"USW00053913","GUTHRIE MUNICIPAL AIRPORT, OK US","2021-03-08","0.00","70","47"
"USW00053913","GUTHRIE MUNICIPAL AIRPORT, OK US","2021-03-09","0.00","74","54"
"USW00053913","GUTHRIE MUNICIPAL AIRPORT, OK US","2021-03-10","0.00","81","62"
"USW00053913","GUTHRIE MUNICIPAL AIRPORT, OK US","2021-03-11","0.01","67","46"
"USW00053913","GUTHRIE MUNICIPAL AIRPORT, OK US","2021-03-12","0.10","71","49"
"USW00053913","GUTHRIE MUNICIPAL AIRPORT, OK US","2021-03-13","0.02","67","50"
"USW00053913","GUTHRIE MUNICIPAL AIRPORT, OK US","2021-03-14","0.02","67","54"
"USW00053913","GUTHRIE MUNICIPAL AIRPORT, OK US","2021-03-15","0.00","66","45"
"USW00053913","GUTHRIE MUNICIPAL AIRPORT, OK US","2021-03-16","0.00","81","48"
"USW00053913","GUTHRIE MUNICIPAL AIRPORT, OK US","2021-03-17","0.51","65","36"
"USW00053913","GUTHRIE MUNICIPAL AIRPORT, OK US","2021-03-18","0.00","48","38"
"USW00053913","GUTHRIE MUNICIPAL AIRPORT, OK US","2021-03-19","0.00","61","32"
"USW00053913","GUTHRIE MUNICIPAL AIRPORT, OK US","2021-03-20","0.00","67","34"
"USW00053913","GUTHRIE MUNICIPAL AIRPORT, OK US","2021-03-21","0.00","69","46"
"USW00053913","GUTHRIE MUNICIPAL AIRPORT, OK US","2021-03-22","0.71","59","50"
"USW00053913","GUTHRIE MUNICIPAL AIRPORT, OK US","2021-03-23","0.05","60","45"
"USW00053913","GUTHRIE MUNICIPAL AIRPORT, OK US","2021-03-24","0.00","58","37"
"USW00053913","GUTHRIE MUNICIPAL AIRPORT, OK US","2021-03-25","0.00","60","43"
"USW00053913","GUTHRIE MUNICIPAL AIRPORT, OK US","2021-03-26","0.00","77","44"
"USW00053913","GUTHRIE MUNICIPAL AIRPORT, OK US","2021-03-27","0.00","72","47"
"USW00053913","GUTHRIE MUNICIPAL AIRPORT, OK US","2021-03-28","0.00","68","34"
"USW00053913","GUTHRIE MUNICIPAL AIRPORT, OK US","2021-03-29","0.00","79","51"
"USW00053913","GUTHRIE MUNICIPAL AIRPORT, OK US","2021-03-30","0.00","64","48"
"USW00053913","GUTHRIE MUNICIPAL AIRPORT, OK US","2021-03-31","0.00","62","42"
"USW00053913","GUTHRIE MUNICIPAL AIRPORT, OK US","2021-04-01","0.00","65","33"
"USW00053913","GUTHRIE MUNICIPAL AIRPORT, OK US","2021-04-02","0.00","70","45"
"USW00053913","GUTHRIE MUNICIPAL AIRPORT, OK US","2021-04-03","0.00","76","48"
"USW00053913","GUTHRIE MUNICIPAL AIRPORT, OK US","2021-04-04","0.00","77","50"
"USW00053913","GUTHRIE MUNICIPAL AIRPORT, OK US","2021-04-05","0.00","80","58"
"USW00053913","GUTHRIE MUNICIPAL AIRPORT, OK US","2021-04-06","0.00","80","62"
"USW00053913","GUTHRIE MUNICIPAL AIRPORT, OK US","2021-04-07","0.00","72","46"
"USW00053913","GUTHRIE MUNICIPAL AIRPORT, OK US","2021-04-08","0.00","79","44"
"USW00053913","GUTHRIE MUNICIPAL AIRPORT, OK US","2021-04-09","0.34","75","47"
"USW00053913","GUTHRIE MUNICIPAL AIRPORT, OK US","2021-04-10","0.00","67","41"
"USW00053913","GUTHRIE MUNICIPAL AIRPORT, OK US","2021-04-11","0.00","84","43"
"USW00053913","GUTHRIE MUNICIPAL AIRPORT, OK US","2021-04-12","0.00","65","49"
"USW00053913","GUTHRIE MUNICIPAL AIRPORT, OK US","2021-04-13","0.40","68","40"
"USW00053913","GUTHRIE MUNICIPAL AIRPORT, OK US","2021-04-14","0.55","59","46"
"USW00053913","GUTHRIE MUNICIPAL AIRPORT, OK US","2021-04-15","0.03","54","48"
"USW00053913","GUTHRIE MUNICIPAL AIRPORT, OK US","2021-04-16","0.29","52","43"
"USW00053913","GUTHRIE MUNICIPAL AIRPORT, OK US","2021-04-17","0.00","55","36"
"USW00053913","GUTHRIE MUNICIPAL AIRPORT, OK US","2021-04-18","0.00","63","38"
"USW00053913","GUTHRIE MUNICIPAL AIRPORT, OK US","2021-04-19","0.00","75","40"
"USW00053913","GUTHRIE MUNICIPAL AIRPORT, OK US","2021-04-20","0.00","50","30"
"USW00053913","GUTHRIE MUNICIPAL AIRPORT, OK US","2021-04-21","0.00","59","29"
"USW00053913","GUTHRIE MUNICIPAL AIRPORT, OK US","2021-04-22","0.00","61","40"
"USW00053913","GUTHRIE MUNICIPAL AIRPORT, OK US","2021-04-23","0.78","66","49"
"USW00053913","GUTHRIE MUNICIPAL AIRPORT, OK US","2021-04-24","0.11","69","49"
"USW00053913","GUTHRIE MUNICIPAL AIRPORT, OK US","2021-04-25","0.00","78","49"
"USW00053913","GUTHRIE MUNICIPAL AIRPORT, OK US","2021-04-26","0.00","81","64"
"USW00053913","GUTHRIE MUNICIPAL AIRPORT, OK US","2021-04-27","0.12","75","66"
"USW00053913","GUTHRIE MUNICIPAL AIRPORT, OK US","2021-04-28","0.11","76","60"
"USW00053913","GUTHRIE MUNICIPAL AIRPORT, OK US","2021-04-29","0.00","76","54"
"USW00053913","GUTHRIE MUNICIPAL AIRPORT, OK US","2021-04-30","0.00","80","48"
"USW00053913","GUTHRIE MUNICIPAL AIRPORT, OK US","2021-05-01","0.00","75","51"
"USW00053913","GUTHRIE MUNICIPAL AIRPORT, OK US","2021-05-02","0.00","79","61"
"USW00053913","GUTHRIE MUNICIPAL AIRPORT, OK US","2021-05-03","0.00","76","62"
"USW00053913","GUTHRIE MUNICIPAL AIRPORT, OK US","2021-05-04","0.69","67","50"
"USW00053913","GUTHRIE MUNICIPAL AIRPORT, OK US","2021-05-05","0.00","74",
"USW00053913","GUTHRIE MUNICIPAL AIRPORT, OK US","2021-05-06","0.00","76","48"
"USW00053913","GUTHRIE MUNICIPAL AIRPORT, OK US","2021-05-07","0.00","80","53"
"USW00053913","GUTHRIE MUNICIPAL AIRPORT, OK US","2021-05-08","0.05","85","67"
"USW00053913","GUTHRIE MUNICIPAL AIRPORT, OK US","2021-05-09","0.00","77","52"
"USW00053913","GUTHRIE MUNICIPAL AIRPORT, OK US","2021-05-10","0.00","63","50"
"USW00053913","GUTHRIE MUNICIPAL AIRPORT, OK US","2021-05-11","0.75","55","48"
"USW00053913","GUTHRIE MUNICIPAL AIRPORT, OK US","2021-05-12","0.00","67","48"
"USW00053913","GUTHRIE MUNICIPAL AIRPORT, OK US","2021-05-13","0.00","72","43"
"USW00053913","GUTHRIE MUNICIPAL AIRPORT, OK US","2021-05-14","0.00","76","53"
"USW00053913","GUTHRIE MUNICIPAL AIRPORT, OK US","2021-05-15","0.00","81","59"
"USW00053913","GUTHRIE MUNICIPAL AIRPORT, OK US","2021-05-16","0.39","72","60"
"USW00053913","GUTHRIE MUNICIPAL AIRPORT, OK US","2021-05-17","0.00","76","60"
"USW00053913","GUTHRIE MUNICIPAL AIRPORT, OK US","2021-05-18","0.00","76","60"
"USW00053913","GUTHRIE MUNICIPAL AIRPORT, OK US","2021-05-19","0.19","76","61"
"USW00053913","GUTHRIE MUNICIPAL AIRPORT, OK US","2021-05-20","0.00","72","64"
"USW00053913","GUTHRIE MUNICIPAL AIRPORT, OK US","2021-05-21","0.00","81","66"
"USW00053913","GUTHRIE MUNICIPAL AIRPORT, OK US","2021-05-22","0.01","78","68"
"USW00053913","GUTHRIE MUNICIPAL AIRPORT, OK US","2021-05-23","0.07","73","65"
"USW00053913","GUTHRIE MUNICIPAL AIRPORT, OK US","2021-05-24","0.01","72","63"
"USW00053913","GUTHRIE MUNICIPAL AIRPORT, OK US","2021-05-25","0.00","79","66"
"USW00053913","GUTHRIE MUNICIPAL AIRPORT, OK US","2021-05-26","0.00","85","64"
"USW00053913","GUTHRIE MUNICIPAL AIRPORT, OK US","2021-05-27","2.07","87","65"
"USW00053913","GUTHRIE MUNICIPAL AIRPORT, OK US","2021-05-28","0.00","73","54"
"USW00053913","GUTHRIE MUNICIPAL AIRPORT, OK US","2021-05-29","0.00","72","51"
"USW00053913","GUTHRIE MUNICIPAL AIRPORT, OK US","2021-05-30","0.00","74","52"
"USW00053913","GUTHRIE MUNICIPAL AIRPORT, OK US","2021-05-31","0.38","63","58"
"USW00053913","GUTHRIE MUNICIPAL AIRPORT, OK US","2021-06-01","0.00","70","57"
"USW00053913","GUTHRIE MUNICIPAL AIRPORT, OK US","2021-06-02","0.00","78","54"
"USW00053913","GUTHRIE MUNICIPAL AIRPORT, OK US","2021-06-03","0.00","83","55"
"USW00053913","GUTHRIE MUNICIPAL AIRPORT, OK US","2021-06-04","0.00","86","66"
"USW00053913","GUTHRIE MUNICIPAL AIRPORT, OK US","2021-06-05","0.00","80","61"
"USW00053913","GUTHRIE MUNICIPAL AIRPORT, OK US","2021-06-06","0.74","83","64"
"USW00053913","GUTHRIE MUNICIPAL AIRPORT, OK US","2021-06-07","0.00","85","66"
"USW00053913","GUTHRIE MUNICIPAL AIRPORT, OK US","2021-06-08","0.00","81","68"
"USW00053913","GUTHRIE MUNICIPAL AIRPORT, OK US","2021-06-09","0.00","92","71"
"USW00053913","GUTHRIE MUNICIPAL AIRPORT, OK US","2021-06-10","0.00","93","73"
"USW00053913","GUTHRIE MUNICIPAL AIRPORT, OK US","2021-06-11","0.04","92","67"
"USW00053913","GUTHRIE MUNICIPAL AIRPORT, OK US","2021-06-12","0.11","92","66"
"USW00053913","GUTHRIE MUNICIPAL AIRPORT, OK US","2021-06-13","0.00","93","73"
"USW00053913","GUTHRIE MUNICIPAL AIRPORT, OK US","2021-06-14","0.00","93","70"
"USW00053913","GUTHRIE MUNICIPAL AIRPORT, OK US","2021-06-15","0.00","94","64"
"USW00053913","GUTHRIE MUNICIPAL AIRPORT, OK US","2021-06-16","0.00","96","66"
"USW00053913","GUTHRIE MUNICIPAL AIRPORT, OK US","2021-06-17","0.00","97","67"
"USW00053913","GUTHRIE MUNICIPAL AIRPORT, OK US","2021-06-18","0.00","96","70"
"USW00053913","GUTHRIE MUNICIPAL AIRPORT, OK US","2021-06-19","0.00","94","71"
"USW00053913","GUTHRIE MUNICIPAL AIRPORT, OK US","2021-06-20","0.00","97","71"
"USW00053913","GUTHRIE MUNICIPAL AIRPORT, OK US","2021-06-21","0.23","81","60"
"USW00053913","GUTHRIE MUNICIPAL AIRPORT, OK US","2021-06-22","0.00","85","56"
"USW00053913","GUTHRIE MUNICIPAL AIRPORT, OK US","2021-06-23","0.00","92","68"
"USW00053913","GUTHRIE MUNICIPAL AIRPORT, OK US","2021-06-24","0.00","97","78"
"USW00053913","GUTHRIE MUNICIPAL AIRPORT, OK US","2021-06-25","0.00","95","73"
"USW00053913","GUTHRIE MUNICIPAL AIRPORT, OK US","2021-06-26","2.09","84","67"
"USW00053913","GUTHRIE MUNICIPAL AIRPORT, OK US","2021-06-27","2.41","78","67"
"USW00053913","GUTHRIE MUNICIPAL AIRPORT, OK US","2021-06-28","0.50","81","69"
"USW00053913","GUTHRIE MUNICIPAL AIRPORT, OK US","2021-06-29","1.09","79","70"
"USW00053913","GUTHRIE MUNICIPAL AIRPORT, OK US","2021-06-30","0.01","87","72"
"USW00053913","GUTHRIE MUNICIPAL AIRPORT, OK US","2021-07-01","3.79","85","70"
"USW00053913","GUTHRIE MUNICIPAL AIRPORT, OK US","2021-07-02","0.00","86","70"
"USW00053913","GUTHRIE MUNICIPAL AIRPORT, OK US","2021-07-03","0.00","85","67"
"USW00053913","GUTHRIE MUNICIPAL AIRPORT, OK US","2021-07-04","0.00","86","65"
"USW00053913","GUTHRIE MUNICIPAL AIRPORT, OK US","2021-07-05","0.00","87","70"
"USW00053913","GUTHRIE MUNICIPAL AIRPORT, OK US","2021-07-06","0.00","88","67"
"USW00053913","GUTHRIE MUNICIPAL AIRPORT, OK US","2021-07-07","0.01","91","69"
"USW00053913","GUTHRIE MUNICIPAL AIRPORT, OK US","2021-07-08","0.00","92","67"
"USW00053913","GUTHRIE MUNICIPAL AIRPORT, OK US","2021-07-09","0.00","92","74"
"USW00053913","GUTHRIE MUNICIPAL AIRPORT, OK US","2021-07-10","0.60","92","72"
"USW00053913","GUTHRIE MUNICIPAL AIRPORT, OK US","2021-07-11","0.00","81","65"
"USW00053913","GUTHRIE MUNICIPAL AIRPORT, OK US","2021-07-12","0.00","86","62"
"USW00053913","GUTHRIE MUNICIPAL AIRPORT, OK US","2021-07-13","0.00","93","68"
"USW00053913","GUTHRIE MUNICIPAL AIRPORT, OK US","2021-07-14","0.00","91","72"
"USW00053913","GUTHRIE MUNICIPAL AIRPORT, OK US","2021-07-15","0.00","90","74"
"USW00053913","GUTHRIE MUNICIPAL AIRPORT, OK US","2021-07-16","0.03","92","71"
"USW00053913","GUTHRIE MUNICIPAL AIRPORT, OK US","2021-07-17","0.13","93","71"
"USW00053913","GUTHRIE MUNICIPAL AIRPORT, OK US","2021-07-18","0.47","90","69"
"USW00053913","GUTHRIE MUNICIPAL AIRPORT, OK US","2021-07-19","0.00","87","70"
"USW00053913","GUTHRIE MUNICIPAL AIRPORT, OK US","2021-07-20","0.00","88","65"
"USW00053913","GUTHRIE MUNICIPAL AIRPORT, OK US","2021-07-21","0.00","86","62"
"USW00053913","GUTHRIE MUNICIPAL AIRPORT, OK US","2021-07-22","0.00","90","67"
"USW00053913","GUTHRIE MUNICIPAL AIRPORT, OK US","2021-07-23","0.00","92","72"
"USW00053913","GUTHRIE MUNICIPAL AIRPORT, OK US","2021-07-24","0.00","97","74"
"USW00053913","GUTHRIE MUNICIPAL AIRPORT, OK US","2021-07-25","0.00","97","73"
"USW00053913","GUTHRIE MUNICIPAL AIRPORT, OK US","2021-07-26","0.92","96","71"
"USW00053913","GUTHRIE MUNICIPAL AIRPORT, OK US","2021-07-27","0.00","96","70"
"USW00053913","GUTHRIE MUNICIPAL AIRPORT, OK US","2021-07-28","0.00","94","74"
"USW00053913","GUTHRIE MUNICIPAL AIRPORT, OK US","2021-07-29","0.00","95","74"
"USW00053913","GUTHRIE MUNICIPAL AIRPORT, OK US","2021-07-30","0.00","96","73"
"USW00053913","GUTHRIE MUNICIPAL AIRPORT, OK US","2021-07-31","0.00","98","74"
"USW00053913","GUTHRIE MUNICIPAL AIRPORT, OK US","2021-08-01","0.37","85","70"
"USW00053913","GUTHRIE MUNICIPAL AIRPORT, OK US","2021-08-02","0.00","85","63"
"USW00053913","GUTHRIE MUNICIPAL AIRPORT, OK US","2021-08-03","0.00","86","61"
"USW00053913","GUTHRIE MUNICIPAL AIRPORT, OK US","2021-08-04","0.00","88","64"
"USW00053913","GUTHRIE MUNICIPAL AIRPORT, OK US","2021-08-05","0.00","86","64"
"USW00053913","GUTHRIE MUNICIPAL AIRPORT, OK US","2021-08-06","0.00","94","67"
"USW00053913","GUTHRIE MUNICIPAL AIRPORT, OK US","2021-08-07","0.00","95","75"
"USW00053913","GUTHRIE MUNICIPAL AIRPORT, OK US","2021-08-08","0.51","93","67"
"USW00053913","GUTHRIE MUNICIPAL AIRPORT, OK US","2021-08-09","0.12","95","76"
"USW00053913","GUTHRIE MUNICIPAL AIRPORT, OK US","2021-08-10","0.00","96","79"
"USW00053913","GUTHRIE MUNICIPAL AIRPORT, OK US","2021-08-11","0.00","95","79"
"USW00053913","GUTHRIE MUNICIPAL AIRPORT, OK US","2021-08-12","0.00","97","79"
"USW00053913","GUTHRIE MUNICIPAL AIRPORT, OK US","2021-08-13","0.55","92","71"
"USW00053913","GUTHRIE MUNICIPAL AIRPORT, OK US","2021-08-14","0.00","89","70"
"USW00053913","GUTHRIE MUNICIPAL AIRPORT, OK US","2021-08-15","0.00","90","69"
"USW00053913","GUTHRIE MUNICIPAL AIRPORT, OK US","2021-08-16","0.00","88","68"
"USW00053913","GUTHRIE MUNICIPAL AIRPORT, OK US","2021-08-17","0.00","86","69"
"USW00053913","GUTHRIE MUNICIPAL AIRPORT, OK US","2021-08-18","0.03","86","67"
"USW00053913","GUTHRIE MUNICIPAL AIRPORT, OK US","2021-08-19","0.00","85","73"
"USW00053913","GUTHRIE MUNICIPAL AIRPORT, OK US","2021-08-20","0.00","97","76"
"USW00053913","GUTHRIE MUNICIPAL AIRPORT, OK US","2021-08-21","0.41","96","71"
"USW00053913","GUTHRIE MUNICIPAL AIRPORT, OK US","2021-08-22","0.00","96","70"
"USW00053913","GUTHRIE MUNICIPAL AIRPORT, OK US","2021-08-23","0.00","97","75"
"USW00053913","GUTHRIE MUNICIPAL AIRPORT, OK US","2021-08-24","0.00","99","75"
"USW00053913","GUTHRIE MUNICIPAL AIRPORT, OK US","2021-08-25","0.00","99","74"
"USW00053913","GUTHRIE MUNICIPAL AIRPORT, OK US","2021-08-26","0.00","97","72"
"USW00053913","GUTHRIE MUNICIPAL AIRPORT, OK US","2021-08-27","0.00","96","73"
"USW00053913","GUTHRIE MUNICIPAL AIRPORT, OK US","2021-08-28","0.00","93","72"
"USW00053913","GUTHRIE MUNICIPAL AIRPORT, OK US","2021-08-29","0.00","94","70"
"USW00053913","GUTHRIE MUNICIPAL AIRPORT, OK US","2021-08-30","0.07","93","71"
"USW00053913","GUTHRIE MUNICIPAL AIRPORT, OK US","2021-08-31","0.05","96","70"
"USW00053913","GUTHRIE MUNICIPAL AIRPORT, OK US","2021-09-01","0.00","98","72"
"USW00053913","GUTHRIE MUNICIPAL AIRPORT, OK US","2021-09-02","0.00","97","74"
"USW00053913","GUTHRIE MUNICIPAL AIRPORT, OK US","2021-09-03","0.00","98","77"
"USW00053913","GUTHRIE MUNICIPAL AIRPORT, OK US","2021-09-04","0.00","93","75"
"USW00053913","GUTHRIE MUNICIPAL AIRPORT, OK US","2021-09-05","0.00","90","65"
"USW00053913","GUTHRIE MUNICIPAL AIRPORT, OK US","2021-09-06","0.00","92","61"
"USW00053913","GUTHRIE MUNICIPAL AIRPORT, OK US","2021-09-07","0.00","96","67"
"USW00053913","GUTHRIE MUNICIPAL AIRPORT, OK US","2021-09-08","0.00","90","66"
"USW00053913","GUTHRIE MUNICIPAL AIRPORT, OK US","2021-09-09","0.00","93","57"
"USW00053913","GUTHRIE MUNICIPAL AIRPORT, OK US","2021-09-10","0.00","93","67"
"USW00053913","GUTHRIE MUNICIPAL AIRPORT, OK US","2021-09-11","0.00","95","73"
"USW00053913","GUTHRIE MUNICIPAL AIRPORT, OK US","2021-09-12","0.00","92","65"
"USW00053913","GUTHRIE MUNICIPAL AIRPORT, OK US","2021-09-13","0.00","92","66"
"USW00053913","GUTHRIE MUNICIPAL AIRPORT, OK US","2021-09-14","0.00","91","71"
"USW00053913","GUTHRIE MUNICIPAL AIRPORT, OK US","2021-09-15","0.00","88","67"
"USW00053913","GUTHRIE MUNICIPAL AIRPORT, OK US","2021-09-16","0.00","91","65"
"USW00053913","GUTHRIE MUNICIPAL AIRPORT, OK US","2021-09-17","0.00","90","67"
"USW00053913","GUTHRIE MUNICIPAL AIRPORT, OK US","2021-09-18","0.00","93","66"
"USW00053913","GUTHRIE MUNICIPAL AIRPORT, OK US","2021-09-19","0.00","93","62"
"USW00053913","GUTHRIE MUNICIPAL AIRPORT, OK US","2021-09-20","0.00","98","72"
"USW00053913","GUTHRIE MUNICIPAL AIRPORT, OK US","2021-09-21","0.00","79","51"
"USW00053913","GUTHRIE MUNICIPAL AIRPORT, OK US","2021-09-22","0.00","79","44"
"USW00053913","GUTHRIE MUNICIPAL AIRPORT, OK US","2021-09-23","0.00","85","51"
"USW00053913","GUTHRIE MUNICIPAL AIRPORT, OK US","2021-09-24","0.00","89","57"
"USW00053913","GUTHRIE MUNICIPAL AIRPORT, OK US","2021-09-25","0.00","87","59"
"USW00053913","GUTHRIE MUNICIPAL AIRPORT, OK US","2021-09-26","0.00","92","65"
"USW00053913","GUTHRIE MUNICIPAL AIRPORT, OK US","2021-09-27","0.00","93","68"
"USW00053913","GUTHRIE MUNICIPAL AIRPORT, OK US","2021-09-28","0.00","93","67"
"USW00053913","GUTHRIE MUNICIPAL AIRPORT, OK US","2021-09-29","0.00","87","67"
"USW00053913","GUTHRIE MUNICIPAL AIRPORT, OK US","2021-09-30","1.68","72","63"
"USW00053913","GUTHRIE MUNICIPAL AIRPORT, OK US","2021-10-01","0.00","75","60"
"USW00053913","GUTHRIE MUNICIPAL AIRPORT, OK US","2021-10-02","0.61","78","61"
"USW00053913","GUTHRIE MUNICIPAL AIRPORT, OK US","2021-10-03","0.00","80","54"
"USW00053913","GUTHRIE MUNICIPAL AIRPORT, OK US","2021-10-04","0.00","85","51"
"USW00053913","GUTHRIE MUNICIPAL AIRPORT, OK US","2021-10-05","0.00","82","52"
"USW00053913","GUTHRIE MUNICIPAL AIRPORT, OK US","2021-10-06","0.00","81","54"
"USW00053913","GUTHRIE MUNICIPAL AIRPORT, OK US","2021-10-07","0.00","87","56"
"USW00053913","GUTHRIE MUNICIPAL AIRPORT, OK US","2021-10-08","0.00","93","68"
"USW00053913","GUTHRIE MUNICIPAL AIRPORT, OK US","2021-10-09","0.00","92","72"
"USW00053913","GUTHRIE MUNICIPAL AIRPORT, OK US","2021-10-10","1.46","81","57"
"USW00053913","GUTHRIE MUNICIPAL AIRPORT, OK US","2021-10-11","0.01","76","55"
"USW00053913","GUTHRIE MUNICIPAL AIRPORT, OK US","2021-10-12","0.00","76","57"
"USW00053913","GUTHRIE MUNICIPAL AIRPORT, OK US","2021-10-13","0.67","77","59"
"USW00053913","GUTHRIE MUNICIPAL AIRPORT, OK US","2021-10-14","0.28","73","53"
"USW00053913","GUTHRIE MUNICIPAL AIRPORT, OK US","2021-10-15","0.02","66","43"
"USW00053913","GUTHRIE MUNICIPAL AIRPORT, OK US","2021-10-16","0.00","69","38"
"USW00053913","GUTHRIE MUNICIPAL AIRPORT, OK US","2021-10-17","0.00","76","46"
"USW00053913","GUTHRIE MUNICIPAL AIRPORT, OK US","2021-10-18","0.00","73","47"
"USW00053913","GUTHRIE MUNICIPAL AIRPORT, OK US","2021-10-19","0.00","80","59"
"USW00053913","GUTHRIE MUNICIPAL AIRPORT, OK US","2021-10-20","0.00","72","50"
"USW00053913","GUTHRIE MUNICIPAL AIRPORT, OK US","2021-10-21","0.00","71","51"
"USW00053913","GUTHRIE MUNICIPAL AIRPORT, OK US","2021-10-22","0.00","74","55"
"USW00053913","GUTHRIE MUNICIPAL AIRPORT, OK US","2021-10-23","0.00","85","64"
"USW00053913","GUTHRIE MUNICIPAL AIRPORT, OK US","2021-10-24","0.00","77","52"
"USW00053913","GUTHRIE MUNICIPAL AIRPORT, OK US","2021-10-25","0.00","72","47"
"USW00053913","GUTHRIE MUNICIPAL AIRPORT, OK US","2021-10-26","0.07","77","53"
"USW00053913","GUTHRIE MUNICIPAL AIRPORT, OK US","2021-10-27","0.32","64","52"
"USW00053913","GUTHRIE MUNICIPAL AIRPORT, OK US","2021-10-28","0.00","65","52"
"USW00053913","GUTHRIE MUNICIPAL AIRPORT, OK US","2021-10-29","0.00","65","36"
"USW00053913","GUTHRIE MUNICIPAL AIRPORT, OK US","2021-10-30","0.00","72","33"
"USW00053913","GUTHRIE MUNICIPAL AIRPORT, OK US","2021-10-31","0.00","64","43"
"USW00053913","GUTHRIE MUNICIPAL AIRPORT, OK US","2021-11-01","0.00","52","43"
"USW00053913","GUTHRIE MUNICIPAL AIRPORT, OK US","2021-11-02","0.49","48","38"
"USW00053913","GUTHRIE MUNICIPAL AIRPORT, OK US","2021-11-03","0.03","48","41"
"USW00053913","GUTHRIE MUNICIPAL AIRPORT, OK US","2021-11-04","0.00","56","40"
"USW00053913","GUTHRIE MUNICIPAL AIRPORT, OK US","2021-11-05","0.00","60","39"
"USW00053913","GUTHRIE MUNICIPAL AIRPORT, OK US","2021-11-06","0.00","67","40"
"USW00053913","GUTHRIE MUNICIPAL AIRPORT, OK US","2021-11-07","0.00","76","48"
"USW00053913","GUTHRIE MUNICIPAL AIRPORT, OK US","2021-11-08","0.00","77","53"
"USW00053913","GUTHRIE MUNICIPAL AIRPORT, OK US","2021-11-09","0.00","68","53"
"USW00053913","GUTHRIE MUNICIPAL AIRPORT, OK US","2021-11-10","1.38","68","50"
"USW00053913","GUTHRIE MUNICIPAL AIRPORT, OK US","2021-11-11","0.00","61","37"
"USW00053913","GUTHRIE MUNICIPAL AIRPORT, OK US","2021-11-12","0.00","54","31"
"USW00053913","GUTHRIE MUNICIPAL AIRPORT, OK US","2021-11-13","0.00","61","28"
"USW00053913","GUTHRIE MUNICIPAL AIRPORT, OK US","2021-11-14","0.00","61","39"
"USW00053913","GUTHRIE MUNICIPAL AIRPORT, OK US","2021-11-15","0.00","73","43"
"USW00053913","GUTHRIE MUNICIPAL AIRPORT, OK US","2021-11-16","0.00","79","53"
"USW00053913","GUTHRIE MUNICIPAL AIRPORT, OK US","2021-11-17","0.00","69","41"
"USW00053913","GUTHRIE MUNICIPAL AIRPORT, OK US","2021-11-18","0.00","54","29"
"USW00053913","GUTHRIE MUNICIPAL AIRPORT, OK US","2021-11-19","0.00","57","33"
"USW00053913","GUTHRIE MUNICIPAL AIRPORT, OK US","2021-11-20","0.00","65","47"
"USW00053913","GUTHRIE MUNICIPAL AIRPORT, OK US","2021-11-21","0.00","60","33"
"USW00053913","GUTHRIE MUNICIPAL AIRPORT, OK US","2021-11-22","0.00","63","27"
"USW00053913","GUTHRIE MUNICIPAL AIRPORT, OK US","2021-11-23","0.00","71","41"
"USW00053913","GUTHRIE MUNICIPAL AIRPORT, OK US","2021-11-24","0.00","67","46"
"USW00053913","GUTHRIE MUNICIPAL AIRPORT, OK US","2021-11-25","0.00","50","25"
"USW00053913","GUTHRIE MUNICIPAL AIRPORT, OK US","2021-11-26","0.00","63","25"
"USW00053913","GUTHRIE MUNICIPAL AIRPORT, OK US","2021-11-27","0.00","66","40"
"USW00053913","GUTHRIE MUNICIPAL AIRPORT, OK US","2021-11-28","0.00","58","33"
"USW00053913","GUTHRIE MUNICIPAL AIRPORT, OK US","2021-11-29","0.00","73","41"
"USW00053913","GUTHRIE MUNICIPAL AIRPORT, OK US","2021-11-30","0.00","72","42"
"USW00053913","GUTHRIE MUNICIPAL AIRPORT, OK US","2021-12-01","0.00","70","34"
"USW00053913","GUTHRIE MUNICIPAL AIRPORT, OK US","2021-12-02","0.00","78","40"
"USW00053913","GUTHRIE MUNICIPAL AIRPORT, OK US","2021-12-03","0.00","72","49"
"USW00053913","GUTHRIE MUNICIPAL AIRPORT, OK US","2021-12-04","0.00","56","46"
"USW00053913","GUTHRIE MUNICIPAL AIRPORT, OK US","2021-12-05","0.00","76","45"
"USW00053913","GUTHRIE MUNICIPAL AIRPORT, OK US","2021-12-06","0.00","48","27"
"USW00053913","GUTHRIE MUNICIPAL AIRPORT, OK US","2021-12-07","0.00","48","24"
"USW00053913","GUTHRIE MUNICIPAL AIRPORT, OK US","2021-12-08","0.00","59","27"
"USW00053913","GUTHRIE MUNICIPAL AIRPORT, OK US","2021-12-09","0.00","70","50"
"USW00053913","GUTHRIE MUNICIPAL AIRPORT, OK US","2021-12-10","0.00","78","38"
"USW00053913","GUTHRIE MUNICIPAL AIRPORT, OK US","2021-12-11","0.00","49","31"
"USW00053913","GUTHRIE MUNICIPAL AIRPORT, OK US","2021-12-12","0.00","57","33"
"USW00053913","GUTHRIE MUNICIPAL AIRPORT, OK US","2021-12-13","0.00","68","43"
"USW00053913","GUTHRIE MUNICIPAL AIRPORT, OK US","2021-12-14","0.00","75","53"
"USW00053913","GUTHRIE MUNICIPAL AIRPORT, OK US","2021-12-15","0.01","77","57"
"USW00053913","GUTHRIE MUNICIPAL AIRPORT, OK US","2021-12-16","0.00","59","37"
"USW00053913","GUTHRIE MUNICIPAL AIRPORT, OK US","2021-12-17","0.00","59","39"
"USW00053913","GUTHRIE MUNICIPAL AIRPORT, OK US","2021-12-18","0.00","43","22"
"USW00053913","GUTHRIE MUNICIPAL AIRPORT, OK US","2021-12-19","0.00","45","10"
"USW00053913","GUTHRIE MUNICIPAL AIRPORT, OK US","2021-12-20","0.00","54","31"
"USW00053913","GUTHRIE MUNICIPAL AIRPORT, OK US","2021-12-21","0.00","62","25"
"USW00053913","GUTHRIE MUNICIPAL AIRPORT, OK US","2021-12-22","0.00","62","26"
"USW00053913","GUTHRIE MUNICIPAL AIRPORT, OK US","2021-12-23","0.00","64","39"
"USW00053913","GUTHRIE MUNICIPAL AIRPORT, OK US","2021-12-24","0.00","78","59"
"USW00053913","GUTHRIE MUNICIPAL AIRPORT, OK US","2021-12-25","0.00","73","50"
"USW00053913","GUTHRIE MUNICIPAL AIRPORT, OK US","2021-12-26","0.00","76","48"
"USW00053913","GUTHRIE MUNICIPAL AIRPORT, OK US","2021-12-27","0.00","66","43"
"USW00053913","GUTHRIE MUNICIPAL AIRPORT, OK US","2021-12-28","0.08","69","39"
"USW00053913","GUTHRIE MUNICIPAL AIRPORT, OK US","2021-12-29","0.00","52","29"
"USW00053913","GUTHRIE MUNICIPAL AIRPORT, OK US","2021-12-30","0.00","66","22"
"USW00053913","GUTHRIE MUNICIPAL AIRPORT, OK US","2021-12-31","0.08","66","53"
"USW00053913","GUTHRIE MUNICIPAL AIRPORT, OK US","2022-01-01","0.20","59","11"
"USW00053913","GUTHRIE MUNICIPAL AIRPORT, OK US","2022-01-02","0.00","27","10"
"USW00053913","GUTHRIE MUNICIPAL AIRPORT, OK US","2022-01-03","0.00","53","20"
"USW00053913","GUTHRIE MUNICIPAL AIRPORT, OK US","2022-01-04","0.00","56","34"
"USW00053913","GUTHRIE MUNICIPAL AIRPORT, OK US","2022-01-05","0.00","41","24"
"USW00053913","GUTHRIE MUNICIPAL AIRPORT, OK US","2022-01-06","0.00","24","12"
"USW00053913","GUTHRIE MUNICIPAL AIRPORT, OK US","2022-01-07","0.00","37","10"
"USW00053913","GUTHRIE MUNICIPAL AIRPORT, OK US","2022-01-08","0.00","54","34"
"USW00053913","GUTHRIE MUNICIPAL AIRPORT, OK US","2022-01-09","0.00","48","20"
"USW00053913","GUTHRIE MUNICIPAL AIRPORT, OK US","2022-01-10","0.00","54","14"
"USW00053913","GUTHRIE MUNICIPAL AIRPORT, OK US","2022-01-11","0.00","61","30"
"USW00053913","GUTHRIE MUNICIPAL AIRPORT, OK US","2022-01-12","0.00","58","33"
"USW00053913","GUTHRIE MUNICIPAL AIRPORT, OK US","2022-01-13","0.00","66","29"
"USW00053913","GUTHRIE MUNICIPAL AIRPORT, OK US","2022-01-14","0.00","65","37"
"USW00053913","GUTHRIE MUNICIPAL AIRPORT, OK US","2022-01-15","0.00","37","21"
"USW00053913","GUTHRIE MUNICIPAL AIRPORT, OK US","2022-01-16","0.00","52","21"
"USW00053913","GUTHRIE MUNICIPAL AIRPORT, OK US","2022-01-17","0.00","59","22"
"USW00053913","GUTHRIE MUNICIPAL AIRPORT, OK US","2022-01-18","0.00","64","42"
"USW00053913","GUTHRIE MUNICIPAL AIRPORT, OK US","2022-01-19","0.00","44","19"
"USW00053913","GUTHRIE MUNICIPAL AIRPORT, OK US","2022-01-20","0.00","23","9"
"USW00053913","GUTHRIE MUNICIPAL AIRPORT, OK US","2022-01-21","0.00","38","6"
"USW00053913","GUTHRIE MUNICIPAL AIRPORT, OK US","2022-01-22","0.00","50","16"
"USW00053913","GUTHRIE MUNICIPAL AIRPORT, OK US","2022-01-23","0.00","58","27"
"USW00053913","GUTHRIE MUNICIPAL AIRPORT, OK US","2022-01-24","0.00","65","34"
"USW00053913","GUTHRIE MUNICIPAL AIRPORT, OK US","2022-01-25","0.00","42","26"
"USW00053913","GUTHRIE MUNICIPAL AIRPORT, OK US","2022-01-26","0.00","33","21"
"USW00053913","GUTHRIE MUNICIPAL AIRPORT, OK US","2022-01-27","0.00","41","22"
"USW00053913","GUTHRIE MUNICIPAL AIRPORT, OK US","2022-01-28","0.00","49","18"
"USW00053913","GUTHRIE MUNICIPAL AIRPORT, OK US","2022-01-29","0.00","69","22"
"USW00053913","GUTHRIE MUNICIPAL AIRPORT, OK US","2022-01-30","0.00","64","21"
"USW00053913","GUTHRIE MUNICIPAL AIRPORT, OK US","2022-01-31","0.00","71","28"
"USW00053913","GUTHRIE MUNICIPAL AIRPORT, OK US","2022-02-01","0.01","63","36"
"USW00053913","GUTHRIE MUNICIPAL AIRPORT, OK US","2022-02-02","0.11","36","16"
"USW00053913","GUTHRIE MUNICIPAL AIRPORT, OK US","2022-02-03",,"17","13"
"USW00053913","GUTHRIE MUNICIPAL AIRPORT, OK US","2022-02-04","0.00","30","9"
"USW00053913","GUTHRIE MUNICIPAL AIRPORT, OK US","2022-02-05","0.00","45","15"
"USW00053913","GUTHRIE MUNICIPAL AIRPORT, OK US","2022-02-06","0.00","50","25"
"USW00053913","GUTHRIE MUNICIPAL AIRPORT, OK US","2022-02-07","0.00","57","19"
"USW00053913","GUTHRIE MUNICIPAL AIRPORT, OK US","2022-02-08","0.00","66","30"
"USW00053913","GUTHRIE MUNICIPAL AIRPORT, OK US","2022-02-09","0.00","67","26"
"USW00053913","GUTHRIE MUNICIPAL AIRPORT, OK US","2022-02-10","0.00","59","37"
"USW00053913","GUTHRIE MUNICIPAL AIRPORT, OK US","2022-02-11","0.00","61","42"
"USW00053913","GUTHRIE MUNICIPAL AIRPORT, OK US","2022-02-12","0.00","42","24"
"USW00053913","GUTHRIE MUNICIPAL AIRPORT, OK US","2022-02-13","0.00","54","27"
"USW00053913","GUTHRIE MUNICIPAL AIRPORT, OK US","2022-02-14","0.00","69","37"
"USW00053913","GUTHRIE MUNICIPAL AIRPORT, OK US","2022-02-15","0.00","69","47"
"USW00053913","GUTHRIE MUNICIPAL AIRPORT, OK US","2022-02-16","0.00","73","52"
"USW00053913","GUTHRIE MUNICIPAL AIRPORT, OK US","2022-02-17","0.67","52","16"
"USW00053913","GUTHRIE MUNICIPAL AIRPORT, OK US","2022-02-18","0.00","49","14"
"USW00053913","GUTHRIE MUNICIPAL AIRPORT, OK US","2022-02-19","0.00","60","29"
"USW00053913","GUTHRIE MUNICIPAL AIRPORT, OK US","2022-02-20","0.00","69","47"
"USW00053913","GUTHRIE MUNICIPAL AIRPORT, OK US","2022-02-21","0.00","72","53"
"USW00053913","GUTHRIE MUNICIPAL AIRPORT, OK US","2022-02-22","0.00","64","16"
"USW00053913","GUTHRIE MUNICIPAL AIRPORT, OK US","2022-02-23","0.05","18","10"
"USW00053913","GUTHRIE MUNICIPAL AIRPORT, OK US","2022-02-24","0.01","21","15"
"USW00053913","GUTHRIE MUNICIPAL AIRPORT, OK US","2022-02-25","0.00","30","10"
"USW00053913","GUTHRIE MUNICIPAL AIRPORT, OK US","2022-02-26","0.00","43","17"
"USW00053913","GUTHRIE MUNICIPAL AIRPORT, OK US","2022-02-27","0.00","56","16"
"USW00053913","GUTHRIE MUNICIPAL AIRPORT, OK US","2022-02-28","0.00","68","29"
"USW00053913","GUTHRIE MUNICIPAL AIRPORT, OK US","2022-03-01","0.00","75","33"
"USW00053913","GUTHRIE MUNICIPAL AIRPORT, OK US","2022-03-02","0.00","77","41"
"USW00053913","GUTHRIE MUNICIPAL AIRPORT, OK US","2022-03-03","0.00","79","44"
"USW00053913","GUTHRIE MUNICIPAL AIRPORT, OK US","2022-03-04","0.00","77","54"
"USW00053913","GUTHRIE MUNICIPAL AIRPORT, OK US","2022-03-05","0.00","80","42"
"USW00053913","GUTHRIE MUNICIPAL AIRPORT, OK US","2022-03-06","0.13","42","31"
"USW00053913","GUTHRIE MUNICIPAL AIRPORT, OK US","2022-03-07","0.00","39","26"
"USW00053913","GUTHRIE MUNICIPAL AIRPORT, OK US","2022-03-08","0.00","42","25"
"USW00053913","GUTHRIE MUNICIPAL AIRPORT, OK US","2022-03-09","0.00","55","20"
"USW00053913","GUTHRIE MUNICIPAL AIRPORT, OK US","2022-03-10","0.00","44","26"
"USW00053913","GUTHRIE MUNICIPAL AIRPORT, OK US","2022-03-11",,"37","21"
"USW00053913","GUTHRIE MUNICIPAL AIRPORT, OK US","2022-03-12","0.00","55","15"
"USW00053913","GUTHRIE MUNICIPAL AIRPORT, OK US","2022-03-13","0.00","68","40"
"USW00053913","GUTHRIE MUNICIPAL AIRPORT, OK US","2022-03-14","0.00","67","48"
"USW00053913","GUTHRIE MUNICIPAL AIRPORT, OK US","2022-03-15","0.00","66","40"
"USW00053913","GUTHRIE MUNICIPAL AIRPORT, OK US","2022-03-16","0.00","79","40"
"USW00053913","GUTHRIE MUNICIPAL AIRPORT, OK US","2022-03-17","0.92","74","48"
"USW00053913","GUTHRIE MUNICIPAL AIRPORT, OK US","2022-03-18","0.02","57","35"
"USW00053913","GUTHRIE MUNICIPAL AIRPORT, OK US","2022-03-19","0.00","70","33"
"USW00053913","GUTHRIE MUNICIPAL AIRPORT, OK US","2022-03-20","0.00","79","51"
"USW00053913","GUTHRIE MUNICIPAL AIRPORT, OK US","2022-03-21","1.43","62","49"
"USW00053913","GUTHRIE MUNICIPAL AIRPORT, OK US","2022-03-22","0.03","51","39"
"USW00053913","GUTHRIE MUNICIPAL AIRPORT, OK US","2022-03-23","0.00","47","38"
"USW00053913","GUTHRIE MUNICIPAL AIRPORT, OK US","2022-03-24","0.00","60","31"
"USW00053913","GUTHRIE MUNICIPAL AIRPORT, OK US","2022-03-25","0.00","65","33"
"USW00053913","GUTHRIE MUNICIPAL AIRPORT, OK US","2022-03-26","0.00","71","39"
"USW00053913","GUTHRIE MUNICIPAL AIRPORT, OK US","2022-03-27","0.00","70","47"
"USW00053913","GUTHRIE MUNICIPAL AIRPORT, OK US","2022-03-28","0.00","83","43"
"USW00053913","GUTHRIE MUNICIPAL AIRPORT, OK US","2022-03-29","0.00","80","64"
"USW00053913","GUTHRIE MUNICIPAL AIRPORT, OK US","2022-03-30","0.01","64","38"
"USW00053913","GUTHRIE MUNICIPAL AIRPORT, OK US","2022-03-31","0.00","54","31"
"USW00053913","GUTHRIE MUNICIPAL AIRPORT, OK US","2022-04-01","0.05","72","37"
"USW00053913","GUTHRIE MUNICIPAL AIRPORT, OK US","2022-04-02","0.03","72","41"
"USW00053913","GUTHRIE MUNICIPAL AIRPORT, OK US","2022-04-03","0.01","82","50"
"USW00053913","GUTHRIE MUNICIPAL AIRPORT, OK US","2022-04-04","0.40","61","53"
"USW00053913","GUTHRIE MUNICIPAL AIRPORT, OK US","2022-04-05","0.00","80","51"
"USW00053913","GUTHRIE MUNICIPAL AIRPORT, OK US","2022-04-06","0.00","65","45"
"USW00053913","GUTHRIE MUNICIPAL AIRPORT, OK US","2022-04-07","0.00","61","40"
"USW00053913","GUTHRIE MUNICIPAL AIRPORT, OK US","2022-04-08","0.00","60","35"
"USW00053913","GUTHRIE MUNICIPAL AIRPORT, OK US","2022-04-09","0.00","83","30"
"USW00053913","GUTHRIE MUNICIPAL AIRPORT, OK US","2022-04-10","0.00","81","65"
"USW00053913","GUTHRIE MUNICIPAL AIRPORT, OK US","2022-04-11","0.00","70","57"
"USW00053913","GUTHRIE MUNICIPAL AIRPORT, OK US","2022-04-12","0.00","86","58"
"USW00053913","GUTHRIE MUNICIPAL AIRPORT, OK US","2022-04-13","0.00","72","36"
"USW00053913","GUTHRIE MUNICIPAL AIRPORT, OK US","2022-04-14","0.00","69","33"
"USW00053913","GUTHRIE MUNICIPAL AIRPORT, OK US","2022-04-15","0.00","86","58"
"USW00053913","GUTHRIE MUNICIPAL AIRPORT, OK US","2022-04-16","0.00","60","48"
"USW00053913","GUTHRIE MUNICIPAL AIRPORT, OK US","2022-04-17","0.00","64","44"
"USW00053913","GUTHRIE MUNICIPAL AIRPORT, OK US","2022-04-18","0.00","64","36"
"USW00053913","GUTHRIE MUNICIPAL AIRPORT, OK US","2022-04-19","0.00","73","43"
"USW00053913","GUTHRIE MUNICIPAL AIRPORT, OK US","2022-04-20","0.00","91","60"
"USW00053913","GUTHRIE MUNICIPAL AIRPORT, OK US","2022-04-21","0.00","85","62"
"USW00053913","GUTHRIE MUNICIPAL AIRPORT, OK US","2022-04-22","0.00","81","69"
"USW00053913","GUTHRIE MUNICIPAL AIRPORT, OK US","2022-04-23","0.00","80","66"
"USW00053913","GUTHRIE MUNICIPAL AIRPORT, OK US","2022-04-24","0.01","68","46"
"USW00053913","GUTHRIE MUNICIPAL AIRPORT, OK US","2022-04-25","0.00","66","44"
"USW00053913","GUTHRIE MUNICIPAL AIRPORT, OK US","2022-04-26","0.00","72","37"
"USW00053913","GUTHRIE MUNICIPAL AIRPORT, OK US","2022-04-27","0.00","78","49"
"USW00053913","GUTHRIE MUNICIPAL AIRPORT, OK US","2022-04-28","0.97","80","59"
"USW00053913","GUTHRIE MUNICIPAL AIRPORT, OK US","2022-04-29","0.05","84","61"
"USW00053913","GUTHRIE MUNICIPAL AIRPORT, OK US","2022-04-30","0.00","75","50"
"USW00053913","GUTHRIE MUNICIPAL AIRPORT, OK US","2022-05-01","0.00","77","45"
"USW00053913","GUTHRIE MUNICIPAL AIRPORT, OK US","2022-05-02","1.06","78","47"
"USW00053913","GUTHRIE MUNICIPAL AIRPORT, OK US","2022-05-03","0.00","62","45"
"USW00053913","GUTHRIE MUNICIPAL AIRPORT, OK US","2022-05-04","1.02","63","50"
"USW00053913","GUTHRIE MUNICIPAL AIRPORT, OK US","2022-05-05","1.39","62","49"
"USW00053913","GUTHRIE MUNICIPAL AIRPORT, OK US","2022-05-06","0.00","75","47"
"USW00053913","GUTHRIE MUNICIPAL AIRPORT, OK US","2022-05-07","0.00","83","55"
"USW00053913","GUTHRIE MUNICIPAL AIRPORT, OK US","2022-05-08","0.00","95","74"
"USW00053913","GUTHRIE MUNICIPAL AIRPORT, OK US","2022-05-09","0.00","92","76"
"USW00053913","GUTHRIE MUNICIPAL AIRPORT, OK US","2022-05-10","0.00","91","76"
"USW00053913","GUTHRIE MUNICIPAL AIRPORT, OK US","2022-05-11","0.07","90","66"
"USW00053913","GUTHRIE MUNICIPAL AIRPORT, OK US","2022-05-12","0.00","92","71"
"USW00053913","GUTHRIE MUNICIPAL AIRPORT, OK US","2022-05-13","0.01","85","70"
"USW00053913","GUTHRIE MUNICIPAL AIRPORT, OK US","2022-05-14","0.02","90","66"
"USW00053913","GUTHRIE MUNICIPAL AIRPORT, OK US","2022-05-15","0.00","92","65"
"USW00053913","GUTHRIE MUNICIPAL AIRPORT, OK US","2022-05-16","0.00","83","57"
"USW00053913","GUTHRIE MUNICIPAL AIRPORT, OK US","2022-05-17","0.00","88","67"
"USW00053913","GUTHRIE MUNICIPAL AIRPORT, OK US","2022-05-18","0.00","92","71"
"USW00053913","GUTHRIE MUNICIPAL AIRPORT, OK US","2022-05-19","0.02","92","65"
"USW00053913","GUTHRIE MUNICIPAL AIRPORT, OK US","2022-05-20","0.00","82","67"
"USW00053913","GUTHRIE MUNICIPAL AIRPORT, OK US","2022-05-21","0.85","67","51"
"USW00053913","GUTHRIE MUNICIPAL AIRPORT, OK US","2022-05-22","0.00","68","46"
"USW00053913","GUTHRIE MUNICIPAL AIRPORT, OK US","2022-05-23",,"60","52"
"USW00053913","GUTHRIE MUNICIPAL AIRPORT, OK US","2022-05-24",,"65","58"
"USW00053913","GUTHRIE MUNICIPAL AIRPORT, OK US","2022-05-25",,"58","52"
"USW00053913","GUTHRIE MUNICIPAL AIRPORT, OK US","2022-05-26","0.01","73","52"
"USW00053913","GUTHRIE MUNICIPAL AIRPORT, OK US","2022-05-27","0.00","85","53"
"USW00053913","GUTHRIE MUNICIPAL AIRPORT, OK US","2022-05-28","0.00","87","67"
"USW00053913","GUTHRIE MUNICIPAL AIRPORT, OK US","2022-05-29","0.00","89","75"
"USW00053913","GUTHRIE MUNICIPAL AIRPORT, OK US","2022-05-30","0.00","88","72"
"USW00053913","GUTHRIE MUNICIPAL AIRPORT, OK US","2022-06-01","0.59","78","60"
"USW00053913","GUTHRIE MUNICIPAL AIRPORT, OK US","2022-06-02","0.00","77","59"
"USW00053913","GUTHRIE MUNICIPAL AIRPORT, OK US","2022-06-03","0.00","78","61"
"USW00053913","GUTHRIE MUNICIPAL AIRPORT, OK US","2022-06-04","0.00","83","61"
"USW00053913","GUTHRIE MUNICIPAL AIRPORT, OK US","2022-06-05","0.14","81","64"
"USW00053913","GUTHRIE MUNICIPAL AIRPORT, OK US","2022-06-06","1.11","88","64"
"USW00053913","GUTHRIE MUNICIPAL AIRPORT, OK US","2022-06-07","0.02","85","68"
"USW00053913","GUTHRIE MUNICIPAL AIRPORT, OK US","2022-06-08","0.15","77","65"
"USW00053913","GUTHRIE MUNICIPAL AIRPORT, OK US","2022-06-09","0.00","84","63"
"USW00053913","GUTHRIE MUNICIPAL AIRPORT, OK US","2022-06-10","0.05","89","63"
"USW00053913","GUTHRIE MUNICIPAL AIRPORT, OK US","2022-06-11","0.00","93","73"
"USW00053913","GUTHRIE MUNICIPAL AIRPORT, OK US","2022-06-12","0.00","99","77"
"USW00053913","GUTHRIE MUNICIPAL AIRPORT, OK US","2022-06-13","0.00","97","81"
"USW00053913","GUTHRIE MUNICIPAL AIRPORT, OK US","2022-06-14","0.00","93","78"
"USW00053913","GUTHRIE MUNICIPAL AIRPORT, OK US","2022-06-15","0.00","93","77"
"USW00053913","GUTHRIE MUNICIPAL AIRPORT, OK US","2022-06-16","0.00","96","76"
"USW00053913","GUTHRIE MUNICIPAL AIRPORT, OK US","2022-06-17","0.00","95","71"
"USW00053913","GUTHRIE MUNICIPAL AIRPORT, OK US","2022-06-18","0.00","94","74"
"USW00053913","GUTHRIE MUNICIPAL AIRPORT, OK US","2022-06-19","0.00","93","71"
"USW00053913","GUTHRIE MUNICIPAL AIRPORT, OK US","2022-06-20","0.00","95","73"
"USW00053913","GUTHRIE MUNICIPAL AIRPORT, OK US","2022-06-21","0.00","98","75"
"USW00053913","GUTHRIE MUNICIPAL AIRPORT, OK US","2022-06-22","0.00","97","71"
"USW00053913","GUTHRIE MUNICIPAL AIRPORT, OK US","2022-06-23","0.00","97","72"
"USW00053913","GUTHRIE MUNICIPAL AIRPORT, OK US","2022-06-24","0.00","101","80"
"USW00053913","GUTHRIE MUNICIPAL AIRPORT, OK US","2022-06-25","0.00","102","78"
"USW00053913","GUTHRIE MUNICIPAL AIRPORT, OK US","2022-06-26","0.00","83","67"
"USW00053913","GUTHRIE MUNICIPAL AIRPORT, OK US","2022-06-27","0.00","85","62"
"USW00053913","GUTHRIE MUNICIPAL AIRPORT, OK US","2022-06-28","0.00","88","66"
"USW00053913","GUTHRIE MUNICIPAL AIRPORT, OK US","2022-06-29","0.00","90","62"
"USW00053913","GUTHRIE MUNICIPAL AIRPORT, OK US","2022-06-30","0.00","96","64"
"USW00053913","GUTHRIE MUNICIPAL AIRPORT, OK US","2022-07-01","0.00","97","72"
"USW00053913","GUTHRIE MUNICIPAL AIRPORT, OK US","2022-07-02","0.00","96","72"
"USW00053913","GUTHRIE MUNICIPAL AIRPORT, OK US","2022-07-03","0.09","97","74"
"USW00053913","GUTHRIE MUNICIPAL AIRPORT, OK US","2022-07-04","0.00","98","75"
"USW00053913","GUTHRIE MUNICIPAL AIRPORT, OK US","2022-07-05","0.00","101","82"
"USW00053913","GUTHRIE MUNICIPAL AIRPORT, OK US","2022-07-06","0.00","104","79"
"USW00053913","GUTHRIE MUNICIPAL AIRPORT, OK US","2022-07-07","0.00","106","82"
"USW00053913","GUTHRIE MUNICIPAL AIRPORT, OK US","2022-07-08","0.00","103","80"
"USW00053913","GUTHRIE MUNICIPAL AIRPORT, OK US","2022-07-09","0.00","98","72"
"USW00053913","GUTHRIE MUNICIPAL AIRPORT, OK US","2022-07-10","0.00","98","66"
"USW00053913","GUTHRIE MUNICIPAL AIRPORT, OK US","2022-07-11","0.00","102","65"
"USW00053913","GUTHRIE MUNICIPAL AIRPORT, OK US","2022-07-12","0.00","95","74"
"USW00053913","GUTHRIE MUNICIPAL AIRPORT, OK US","2022-07-13","0.00","97","65"
"USW00053913","GUTHRIE MUNICIPAL AIRPORT, OK US","2022-07-14","0.00","103","73"
"USW00053913","GUTHRIE MUNICIPAL AIRPORT, OK US","2022-07-15","0.00","101","72"
"USW00053913","GUTHRIE MUNICIPAL AIRPORT, OK US","2022-07-16","0.00","101","74"
"USW00053913","GUTHRIE MUNICIPAL AIRPORT, OK US","2022-07-17","0.00","106","76"
"USW00053913","GUTHRIE MUNICIPAL AIRPORT, OK US","2022-07-18","0.00","101","76"
"USW00053913","GUTHRIE MUNICIPAL AIRPORT, OK US","2022-07-19","0.00","110","72"
"USW00053913","GUTHRIE MUNICIPAL AIRPORT, OK US","2022-07-20","0.00","101","83"
"USW00053913","GUTHRIE MUNICIPAL AIRPORT, OK US","2022-07-21","0.00","101","79"
"USW00053913","GUTHRIE MUNICIPAL AIRPORT, OK US","2022-07-22","0.00","101","74"
"USW00053913","GUTHRIE MUNICIPAL AIRPORT, OK US","2022-07-23","0.00","102","74"
"USW00053913","GUTHRIE MUNICIPAL AIRPORT, OK US","2022-07-24","0.00","104","78"
"USW00053913","GUTHRIE MUNICIPAL AIRPORT, OK US","2022-07-25","0.00","104","77"
"USW00053913","GUTHRIE MUNICIPAL AIRPORT, OK US","2022-07-26","0.00","105","84"
"USW00053913","GUTHRIE MUNICIPAL AIRPORT, OK US","2022-07-27","0.24","105","78"
"USW00053913","GUTHRIE MUNICIPAL AIRPORT, OK US","2022-07-28","0.18","95","73"
"USW00053913","GUTHRIE MUNICIPAL AIRPORT, OK US","2022-07-29","0.28","84","73"
"USW00053913","GUTHRIE MUNICIPAL AIRPORT, OK US","2022-07-30","0.01","88","66"
"USW00053913","GUTHRIE MUNICIPAL AIRPORT, OK US","2022-07-31","0.48","88","73"
"USW00053913","GUTHRIE MUNICIPAL AIRPORT, OK US","2022-08-01","0.00","94","77"
"USW00053913","GUTHRIE MUNICIPAL AIRPORT, OK US","2022-08-02","0.00","102","77"
"USW00053913","GUTHRIE MUNICIPAL AIRPORT, OK US","2022-08-03","0.00","104","80"
"USW00053913","GUTHRIE MUNICIPAL AIRPORT, OK US","2022-08-04","0.01","95","78"
"USW00053913","GUTHRIE MUNICIPAL AIRPORT, OK US","2022-08-05","0.00","102","77"
"USW00053913","GUTHRIE MUNICIPAL AIRPORT, OK US","2022-08-06","0.00","102","80"
"USW00053913","GUTHRIE MUNICIPAL AIRPORT, OK US","2022-08-07","0.00","99","77"
"USW00053913","GUTHRIE MUNICIPAL AIRPORT, OK US","2022-08-08","0.00","100","78"
"USW00053913","GUTHRIE MUNICIPAL AIRPORT, OK US","2022-08-09","0.18","98","73"
"USW00053913","GUTHRIE MUNICIPAL AIRPORT, OK US","2022-08-10","0.00","97","70"
"USW00053913","GUTHRIE MUNICIPAL AIRPORT, OK US","2022-08-11","0.00","95","67"
"USW00053913","GUTHRIE MUNICIPAL AIRPORT, OK US","2022-08-12","0.00","96","68"
"USW00053913","GUTHRIE MUNICIPAL AIRPORT, OK US","2022-08-13","0.00","98","73"
"USW00053913","GUTHRIE MUNICIPAL AIRPORT, OK US","2022-08-14","0.00","100","71"
"USW00053913","GUTHRIE MUNICIPAL AIRPORT, OK US","2022-08-15","0.00","100","72"
"USW00053913","GUTHRIE MUNICIPAL AIRPORT, OK US","2022-08-16","0.03","104","75"
"USW00053913","GUTHRIE MUNICIPAL AIRPORT, OK US","2022-08-17","0.11","76","68"
"USW00053913","GUTHRIE MUNICIPAL AIRPORT, OK US","2022-08-18","0.00","86","63"
"USW00053913","GUTHRIE MUNICIPAL AIRPORT, OK US","2022-08-19","0.00","93","63"
"USW00053913","GUTHRIE MUNICIPAL AIRPORT, OK US","2022-08-20","0.05","97","70"
"USW00053913","GUTHRIE MUNICIPAL AIRPORT, OK US","2022-08-21","0.11","79","70"
"USW00053913","GUTHRIE MUNICIPAL AIRPORT, OK US","2022-08-22","0.00","91","68"
"USW00053913","GUTHRIE MUNICIPAL AIRPORT, OK US","2022-08-23","0.00","91","67"
"USW00053913","GUTHRIE MUNICIPAL AIRPORT, OK US","2022-08-24","0.00","93","65"
"USW00053913","GUTHRIE MUNICIPAL AIRPORT, OK US","2022-08-25","0.00","94","64"
"USW00053913","GUTHRIE MUNICIPAL AIRPORT, OK US","2022-08-26","0.00","96","65"
"USW00053913","GUTHRIE MUNICIPAL AIRPORT, OK US","2022-08-27","0.00","96","71"
"USW00053913","GUTHRIE MUNICIPAL AIRPORT, OK US","2022-08-28","1.64","99","69"
"USW00053913","GUTHRIE MUNICIPAL AIRPORT, OK US","2022-08-29","0.00","87","68"
"USW00053913","GUTHRIE MUNICIPAL AIRPORT, OK US","2022-08-30","0.00","93","65"
"USW00053913","GUTHRIE MUNICIPAL AIRPORT, OK US","2022-08-31","0.00","94","68"
"USW00053913","GUTHRIE MUNICIPAL AIRPORT, OK US","2022-09-01","0.02","79","69"
"USW00053913","GUTHRIE MUNICIPAL AIRPORT, OK US","2022-09-02","0.00","93","71"
"USW00053913","GUTHRIE MUNICIPAL AIRPORT, OK US","2022-09-03","0.00","96","65"
"USW00053913","GUTHRIE MUNICIPAL AIRPORT, OK US","2022-09-04","0.00","88","65"
"USW00053913","GUTHRIE MUNICIPAL AIRPORT, OK US","2022-09-05","0.00","90","59"
"USW00053913","GUTHRIE MUNICIPAL AIRPORT, OK US","2022-09-06","0.00","93","62"
"USW00053913","GUTHRIE MUNICIPAL AIRPORT, OK US","2022-09-07","0.00","73","65"
"USW00053913","GUTHRIE MUNICIPAL AIRPORT, OK US","2022-09-08","0.00","90","61"
"USW00053913","GUTHRIE MUNICIPAL AIRPORT, OK US","2022-09-09","0.00","91","68"
"USW00053913","GUTHRIE MUNICIPAL AIRPORT, OK US","2022-09-10","0.17","88","59"
"USW00053913","GUTHRIE MUNICIPAL AIRPORT, OK US","2022-09-11","0.08","80","53"
"USW00053913","GUTHRIE MUNICIPAL AIRPORT, OK US","2022-09-12","0.00","84","47"
"USW00053913","GUTHRIE MUNICIPAL AIRPORT, OK US","2022-09-13","0.00","90","60"
"USW00053913","GUTHRIE MUNICIPAL AIRPORT, OK US","2022-09-14","0.00","90","68"
"USW00053913","GUTHRIE MUNICIPAL AIRPORT, OK US","2022-09-15","0.00","89","65"
"USW00053913","GUTHRIE MUNICIPAL AIRPORT, OK US","2022-09-16","0.00","91","66"
"USW00053913","GUTHRIE MUNICIPAL AIRPORT, OK US","2022-09-17","0.00","95","72"
"USW00053913","GUTHRIE MUNICIPAL AIRPORT, OK US","2022-09-18","0.00","96","75"
"USW00053913","GUTHRIE MUNICIPAL AIRPORT, OK US","2022-09-19","0.00","97","71"
"USW00053913","GUTHRIE MUNICIPAL AIRPORT, OK US","2022-09-20","0.00","97","73"
"USW00053913","GUTHRIE MUNICIPAL AIRPORT, OK US","2022-09-21","0.00","98","73"
"USW00053913","GUTHRIE MUNICIPAL AIRPORT, OK US","2022-09-22","0.00","78","57"
"USW00053913","GUTHRIE MUNICIPAL AIRPORT, OK US","2022-09-23","0.00","93","52"
"USW00053913","GUTHRIE MUNICIPAL AIRPORT, OK US","2022-09-24","0.00","88","66"
"USW00053913","GUTHRIE MUNICIPAL AIRPORT, OK US","2022-09-25","0.00","87","54"
"USW00053913","GUTHRIE MUNICIPAL AIRPORT, OK US","2022-09-26","0.00","85","47"
"USW00053913","GUTHRIE MUNICIPAL AIRPORT, OK US","2022-09-27","0.00","92","57"
"USW00053913","GUTHRIE MUNICIPAL AIRPORT, OK US","2022-09-28","0.00","89","59"
"USW00053913","GUTHRIE MUNICIPAL AIRPORT, OK US","2022-09-29","0.00","81","60"
"USW00053913","GUTHRIE MUNICIPAL AIRPORT, OK US","2022-09-30","0.00","83","56"
"USW00053913","GUTHRIE MUNICIPAL AIRPORT, OK US","2022-10-01","0.00","86","52"
"USW00053913","GUTHRIE MUNICIPAL AIRPORT, OK US","2022-10-02","0.00","87","50"
"USW00053913","GUTHRIE MUNICIPAL AIRPORT, OK US","2022-10-03","0.00","85","49"
"USW00053913","GUTHRIE MUNICIPAL AIRPORT, OK US","2022-10-04","0.00","85","52"
"USW00053913","GUTHRIE MUNICIPAL AIRPORT, OK US","2022-10-05","0.00","85","55"
"USW00053913","GUTHRIE MUNICIPAL AIRPORT, OK US","2022-10-06","0.00","86","51"
"USW00053913","GUTHRIE MUNICIPAL AIRPORT, OK US","2022-10-07","0.00","74","50"
"USW00053913","GUTHRIE MUNICIPAL AIRPORT, OK US","2022-10-08","0.00","70","43"
"USW00053913","GUTHRIE MUNICIPAL AIRPORT, OK US","2022-10-09","0.00","78","50"
"USW00053913","GUTHRIE MUNICIPAL AIRPORT, OK US","2022-10-10","0.30","77","53"
"USW00053913","GUTHRIE MUNICIPAL AIRPORT, OK US","2022-10-11","0.01","81","60"
"USW00053913","GUTHRIE MUNICIPAL AIRPORT, OK US","2022-10-12","0.00","80","53"
"USW00053913","GUTHRIE MUNICIPAL AIRPORT, OK US","2022-10-13","0.00","75","39"
"USW00053913","GUTHRIE MUNICIPAL AIRPORT, OK US","2022-10-14","0.00","85","43"
"USW00053913","GUTHRIE MUNICIPAL AIRPORT, OK US","2022-10-15","0.00","89","55"
"USW00053913","GUTHRIE MUNICIPAL AIRPORT, OK US","2022-10-16","0.00","69","52"
"USW00053913","GUTHRIE MUNICIPAL AIRPORT, OK US","2022-10-17","0.00","61","39"
"USW00053913","GUTHRIE MUNICIPAL AIRPORT, OK US","2022-10-18","0.00","55","30"
"USW00053913","GUTHRIE MUNICIPAL AIRPORT, OK US","2022-10-19","0.00","66","25"
"USW00053913","GUTHRIE MUNICIPAL AIRPORT, OK US","2022-10-20","0.00","78","37"
"USW00053913","GUTHRIE MUNICIPAL AIRPORT, OK US","2022-10-21","0.00","91","49"
"USW00053913","GUTHRIE MUNICIPAL AIRPORT, OK US","2022-10-22","0.00","90","67"
"USW00053913","GUTHRIE MUNICIPAL AIRPORT, OK US","2022-10-23","0.00","82","68"
"USW00053913","GUTHRIE MUNICIPAL AIRPORT, OK US","2022-10-24","1.35","74","48"
"USW00053913","GUTHRIE MUNICIPAL AIRPORT, OK US","2022-10-25","0.46","65","43"
"USW00053913","GUTHRIE MUNICIPAL AIRPORT, OK US","2022-10-26","0.00","68","39"
"USW00053913","GUTHRIE MUNICIPAL AIRPORT, OK US","2022-10-27","0.00","67","49"
"USW00053913","GUTHRIE MUNICIPAL AIRPORT, OK US","2022-10-28","0.32","64","50"
"USW00053913","GUTHRIE MUNICIPAL AIRPORT, OK US","2022-10-29","0.00","68","50"
"USW00053913","GUTHRIE MUNICIPAL AIRPORT, OK US","2022-10-30","0.00","67","45"
"USW00053913","GUTHRIE MUNICIPAL AIRPORT, OK US","2022-10-31","0.00","73","39"
"USW00053913","GUTHRIE MUNICIPAL AIRPORT, OK US","2022-11-01","0.00","77","49"
"USW00053913","GUTHRIE MUNICIPAL AIRPORT, OK US","2022-11-02","0.00","69","54"
"USW00053913","GUTHRIE MUNICIPAL AIRPORT, OK US","2022-11-03","0.00","73","61"
"USW00053913","GUTHRIE MUNICIPAL AIRPORT, OK US","2022-11-04","0.13","72","40"
"USW00053913","GUTHRIE MUNICIPAL AIRPORT, OK US","2022-11-05","0.00","61","36"
"USW00053913","GUTHRIE MUNICIPAL AIRPORT, OK US","2022-11-06","0.00","70","50"
"USW00053913","GUTHRIE MUNICIPAL AIRPORT, OK US","2022-11-07","0.00","66","48"
"USW00053913","GUTHRIE MUNICIPAL AIRPORT, OK US","2022-11-08","0.00","76","63"
"USW00053913","GUTHRIE MUNICIPAL AIRPORT, OK US","2022-11-09","0.00","79","67"
"USW00053913","GUTHRIE MUNICIPAL AIRPORT, OK US","2022-11-10","0.50","72","44"
"USW00053913","GUTHRIE MUNICIPAL AIRPORT, OK US","2022-11-11","0.17","44","30"
"USW00053913","GUTHRIE MUNICIPAL AIRPORT, OK US","2022-11-12","0.00","45","25"
"USW00053913","GUTHRIE MUNICIPAL AIRPORT, OK US","2022-11-13","0.00","54","27"
"USW00053913","GUTHRIE MUNICIPAL AIRPORT, OK US","2022-11-14","0.12","42","32"
"USW00053913","GUTHRIE MUNICIPAL AIRPORT, OK US","2022-11-15","0.00","45","26"
"USW00053913","GUTHRIE MUNICIPAL AIRPORT, OK US","2022-11-16","0.00","43","24"
"USW00053913","GUTHRIE MUNICIPAL AIRPORT, OK US","2022-11-17","0.00","56","23"
"USW00053913","GUTHRIE MUNICIPAL AIRPORT, OK US","2022-11-18","0.00","34","25"
"USW00053913","GUTHRIE MUNICIPAL AIRPORT, OK US","2022-11-19","0.00","45","21"
"USW00053913","GUTHRIE MUNICIPAL AIRPORT, OK US","2022-11-20","0.00","50","18"
"USW00053913","GUTHRIE MUNICIPAL AIRPORT, OK US","2022-11-21","0.00","58","28"
"USW00053913","GUTHRIE MUNICIPAL AIRPORT, OK US","2022-11-22","0.00","59","36"
"USW00053913","GUTHRIE MUNICIPAL AIRPORT, OK US","2022-11-23","0.00","53","42"
"USW00053913","GUTHRIE MUNICIPAL AIRPORT, OK US","2022-11-24","0.00","53","43"
"USW00053913","GUTHRIE MUNICIPAL AIRPORT, OK US","2022-11-25","0.00","52","34"
"USW00053913","GUTHRIE MUNICIPAL AIRPORT, OK US","2022-11-26","0.72","48","42"
"USW00053913","GUTHRIE MUNICIPAL AIRPORT, OK US","2022-11-27","0.01","49","33"
"USW00053913","GUTHRIE MUNICIPAL AIRPORT, OK US","2022-11-28","0.00","64","30"
"USW00053913","GUTHRIE MUNICIPAL AIRPORT, OK US","2022-11-29","0.00","61","30"
"USW00053913","GUTHRIE MUNICIPAL AIRPORT, OK US","2022-11-30","0.00","43","19"
"USW00053913","GUTHRIE MUNICIPAL AIRPORT, OK US","2022-12-01","0.00","53","31"
"USW00053913","GUTHRIE MUNICIPAL AIRPORT, OK US","2022-12-02","0.00","64","41"
"USW00053913","GUTHRIE MUNICIPAL AIRPORT, OK US","2022-12-03","0.00","44","28"
"USW00053913","GUTHRIE MUNICIPAL AIRPORT, OK US","2022-12-04","0.03","54","32"
"USW00053913","GUTHRIE MUNICIPAL AIRPORT, OK US","2022-12-05","0.00","70","42"
"USW00053913","GUTHRIE MUNICIPAL AIRPORT, OK US","2022-12-06","0.00","49","39"
"USW00053913","GUTHRIE MUNICIPAL AIRPORT, OK US","2022-12-07","0.27","49","41"
"USW00053913","GUTHRIE MUNICIPAL AIRPORT, OK US","2022-12-08","0.13","59","46"
"USW00053913","GUTHRIE MUNICIPAL AIRPORT, OK US","2022-12-09","0.35","57","33"
"USW00053913","GUTHRIE MUNICIPAL AIRPORT, OK US","2022-12-10","0.50","48","37"
"USW00053913","GUTHRIE MUNICIPAL AIRPORT, OK US","2022-12-11","0.00","46","36"
"USW00053913","GUTHRIE MUNICIPAL AIRPORT, OK US","2022-12-12","0.01","53","44"
"USW00053913","GUTHRIE MUNICIPAL AIRPORT, OK US","2022-12-13","0.71","61","37"
"USW00053913","GUTHRIE MUNICIPAL AIRPORT, OK US","2022-12-14","0.00","44","29"
"USW00053913","GUTHRIE MUNICIPAL AIRPORT, OK US","2022-12-15","0.00","44","28"
"USW00053913","GUTHRIE MUNICIPAL AIRPORT, OK US","2022-12-16","0.00","43","28"
"USW00053913","GUTHRIE MUNICIPAL AIRPORT, OK US","2022-12-17","0.00","44","25"
"USW00053913","GUTHRIE MUNICIPAL AIRPORT, OK US","2022-12-18","0.00","52","21"
"USW00053913","GUTHRIE MUNICIPAL AIRPORT, OK US","2022-12-19","0.00","53","40"
"USW00053913","GUTHRIE MUNICIPAL AIRPORT, OK US","2022-12-20","0.00","40","23"
"USW00053913","GUTHRIE MUNICIPAL AIRPORT, OK US","2022-12-21","0.00","42","21"
"USW00053913","GUTHRIE MUNICIPAL AIRPORT, OK US","2022-12-22","0.00","37","1"
"USW00053913","GUTHRIE MUNICIPAL AIRPORT, OK US","2022-12-23","0.00","18","3"
"USW00053913","GUTHRIE MUNICIPAL AIRPORT, OK US","2022-12-24","0.00","30","6"
"USW00053913","GUTHRIE MUNICIPAL AIRPORT, OK US","2022-12-25","0.00","44","15"
"USW00053913","GUTHRIE MUNICIPAL AIRPORT, OK US","2022-12-26","0.00","44","14"
"USW00053913","GUTHRIE MUNICIPAL AIRPORT, OK US","2022-12-27","0.00","60","15"
"USW00053913","GUTHRIE MUNICIPAL AIRPORT, OK US","2022-12-28","0.00","76","43"
"USW00053913","GUTHRIE MUNICIPAL AIRPORT, OK US","2022-12-29","0.00","65","48"
"USW00053913","GUTHRIE MUNICIPAL AIRPORT, OK US","2022-12-30","0.00","56","30"
"USW00053913","GUTHRIE MUNICIPAL AIRPORT, OK US","2022-12-31","0.00","61","37"
"USW00053913","GUTHRIE MUNICIPAL AIRPORT, OK US","2023-01-01","0.00","68","40"
"USW00053913","GUTHRIE MUNICIPAL AIRPORT, OK US","2023-01-02","0.01","69","38"
"USW00053913","GUTHRIE MUNICIPAL AIRPORT, OK US","2023-01-03","0.00","52","33"
"USW00053913","GUTHRIE MUNICIPAL AIRPORT, OK US","2023-01-04","0.00","52","26"
"USW00053913","GUTHRIE MUNICIPAL AIRPORT, OK US","2023-01-05","0.00","53","29"
"USW00053913","GUTHRIE MUNICIPAL AIRPORT, OK US","2023-01-06","0.00","62","36"
"USW00053913","GUTHRIE MUNICIPAL AIRPORT, OK US","2023-01-07","0.00","51","30"
"USW00053913","GUTHRIE MUNICIPAL AIRPORT, OK US","2023-01-08","0.00","57","21"
"USW00053913","GUTHRIE MUNICIPAL AIRPORT, OK US","2023-01-09","0.00","64","31"
"USW00053913","GUTHRIE MUNICIPAL AIRPORT, OK US","2023-01-10","0.00","68","30"
"USW00053913","GUTHRIE MUNICIPAL AIRPORT, OK US","2023-01-11","0.00","67","30"
"USW00053913","GUTHRIE MUNICIPAL AIRPORT, OK US","2023-01-12","0.00","48","25"
"USW00053913","GUTHRIE MUNICIPAL AIRPORT, OK US","2023-01-13","0.00","50","18"
"USW00053913","GUTHRIE MUNICIPAL AIRPORT, OK US","2023-01-14","0.00","58","31"
"USW00053913","GUTHRIE MUNICIPAL AIRPORT, OK US","2023-01-15","0.00","64","46"
"USW00053913","GUTHRIE MUNICIPAL AIRPORT, OK US","2023-01-16","0.00","63","40"
"USW00053913","GUTHRIE MUNICIPAL AIRPORT, OK US","2023-01-17","0.04","61","33"
"USW00053913","GUTHRIE MUNICIPAL AIRPORT, OK US","2023-01-18","0.27","62","38"
"USW00053913","GUTHRIE MUNICIPAL AIRPORT, OK US","2023-01-19","0.00","49","30"
"USW00053913","GUTHRIE MUNICIPAL AIRPORT, OK US","2023-01-20","0.00","56","22"
"USW00053913","GUTHRIE MUNICIPAL AIRPORT, OK US","2023-01-21","0.01","52","37"
"USW00053913","GUTHRIE MUNICIPAL AIRPORT, OK US","2023-01-22","0.00","43","25"
"USW00053913","GUTHRIE MUNICIPAL AIRPORT, OK US","2023-01-23","0.00","48","18"
"USW00053913","GUTHRIE MUNICIPAL AIRPORT, OK US","2023-01-24","0.38","39","31"
"USW00053913","GUTHRIE MUNICIPAL AIRPORT, OK US","2023-01-25","0.01","43","29"
"USW00053913","GUTHRIE MUNICIPAL AIRPORT, OK US","2023-01-26","0.00","48","23"
"USW00053913","GUTHRIE MUNICIPAL AIRPORT, OK US","2023-01-27","0.00","57","35"
"USW00053913","GUTHRIE MUNICIPAL AIRPORT, OK US","2023-01-28","0.00","62","32"
"USW00053913","GUTHRIE MUNICIPAL AIRPORT, OK US","2023-01-29","0.00","32","19"
"USW00053913","GUTHRIE MUNICIPAL AIRPORT, OK US","2023-01-30","0.00","22","16"
"USW00053913","GUTHRIE MUNICIPAL AIRPORT, OK US","2023-01-31","0.00","26","14"
"USW00053913","GUTHRIE MUNICIPAL AIRPORT, OK US","2023-02-01","0.00","30","13"
"USW00053913","GUTHRIE MUNICIPAL AIRPORT, OK US","2023-02-02","0.04","48","27"
"USW00053913","GUTHRIE MUNICIPAL AIRPORT, OK US","2023-02-03","0.00","51","21"
"USW00053913","GUTHRIE MUNICIPAL AIRPORT, OK US","2023-02-04","0.00","62","40"
"USW00053913","GUTHRIE MUNICIPAL AIRPORT, OK US","2023-02-05","0.00","66","26"
"USW00053913","GUTHRIE MUNICIPAL AIRPORT, OK US","2023-02-06","0.14","71","44"
"USW00053913","GUTHRIE MUNICIPAL AIRPORT, OK US","2023-02-07","0.25","45","38"
"USW00053913","GUTHRIE MUNICIPAL AIRPORT, OK US","2023-02-08","0.29","40","32"
"USW00053913","GUTHRIE MUNICIPAL AIRPORT, OK US","2023-02-09","0.00","52","31"
"USW00053913","GUTHRIE MUNICIPAL AIRPORT, OK US","2023-02-10","0.00","44","25"
"USW00053913","GUTHRIE MUNICIPAL AIRPORT, OK US","2023-02-11","0.00","51","17"
"USW00053913","GUTHRIE MUNICIPAL AIRPORT, OK US","2023-02-12","0.00","66","30"
"USW00053913","GUTHRIE MUNICIPAL AIRPORT, OK US","2023-02-13","0.00","64","28"
"USW00053913","GUTHRIE MUNICIPAL AIRPORT, OK US","2023-02-14","0.19","65","41"
"USW00053913","GUTHRIE MUNICIPAL AIRPORT, OK US","2023-02-15","0.00","60","35"
"USW00053913","GUTHRIE MUNICIPAL AIRPORT, OK US","2023-02-16","0.00","36","24"
"USW00053913","GUTHRIE MUNICIPAL AIRPORT, OK US","2023-02-17","0.00","48","16"
"USW00053913","GUTHRIE MUNICIPAL AIRPORT, OK US","2023-02-18","0.00","47","31"
"USW00053913","GUTHRIE MUNICIPAL AIRPORT, OK US","2023-02-19","0.00","70","42"
"USW00053913","GUTHRIE MUNICIPAL AIRPORT, OK US","2023-02-20","0.00","61","45"
"USW00053913","GUTHRIE MUNICIPAL AIRPORT, OK US","2023-02-21","0.00","72","38"
"USW00053913","GUTHRIE MUNICIPAL AIRPORT, OK US","2023-02-22","0.14","72","29"
"USW00053913","GUTHRIE MUNICIPAL AIRPORT, OK US","2023-02-23","0.00","36","20"
"USW00053913","GUTHRIE MUNICIPAL AIRPORT, OK US","2023-02-24","0.00","30","22"
"USW00053913","GUTHRIE MUNICIPAL AIRPORT, OK US","2023-02-25","0.00","44","27"
"USW00053913","GUTHRIE MUNICIPAL AIRPORT, OK US","2023-02-26","0.06","66","43"
"USW00053913","GUTHRIE MUNICIPAL AIRPORT, OK US","2023-02-27","0.00","71","48"
"USW00053913","GUTHRIE MUNICIPAL AIRPORT, OK US","2023-02-28","0.00","76","39"
"USW00053913","GUTHRIE MUNICIPAL AIRPORT, OK US","2023-03-01","0.00","63","43"
"USW00053913","GUTHRIE MUNICIPAL AIRPORT, OK US","2023-03-02","0.05","55","34"
"USW00053913","GUTHRIE MUNICIPAL AIRPORT, OK US","2023-03-03","0.01","61","37"
"USW00053913","GUTHRIE MUNICIPAL AIRPORT, OK US","2023-03-04","0.00","67","37"
"USW00053913","GUTHRIE MUNICIPAL AIRPORT, OK US","2023-03-05","0.00","79","48"
"USW00053913","GUTHRIE MUNICIPAL AIRPORT, OK US","2023-03-06","0.00","68","51"
"USW00053913","GUTHRIE MUNICIPAL AIRPORT, OK US","2023-03-07","0.00","54","42"
"USW00053913","GUTHRIE MUNICIPAL AIRPORT, OK US","2023-03-08","0.00","51","43"
"USW00053913","GUTHRIE MUNICIPAL AIRPORT, OK US","2023-03-09","0.04","55","38"
"USW00053913","GUTHRIE MUNICIPAL AIRPORT, OK US","2023-03-10","0.00","57","30"
"USW00053913","GUTHRIE MUNICIPAL AIRPORT, OK US","2023-03-11","0.00","79","44"
"USW00053913","GUTHRIE MUNICIPAL AIRPORT, OK US","2023-03-12","0.00","50","33"
"USW00053913","GUTHRIE MUNICIPAL AIRPORT, OK US","2023-03-13","0.00","45","27"
"USW00053913","GUTHRIE MUNICIPAL AIRPORT, OK US","2023-03-14","0.00","55","30"
"USW00053913","GUTHRIE MUNICIPAL AIRPORT, OK US","2023-03-15","0.00","68","41"
"USW00053913","GUTHRIE MUNICIPAL AIRPORT, OK US","2023-03-16","0.09","66","37"
"USW00053913","GUTHRIE MUNICIPAL AIRPORT, OK US","2023-03-17","0.00","51","27"
"USW00053913","GUTHRIE MUNICIPAL AIRPORT, OK US","2023-03-18","0.00","45","24"
"USW00053913","GUTHRIE MUNICIPAL AIRPORT, OK US","2023-03-19","0.00","49","12"
"USW00053913","GUTHRIE MUNICIPAL AIRPORT, OK US","2023-03-20","0.00","57","37"
"USW00053913","GUTHRIE MUNICIPAL AIRPORT, OK US","2023-03-21","0.14","71","43"
"USW00053913","GUTHRIE MUNICIPAL AIRPORT, OK US","2023-03-22","0.00","79","62"
"USW00053913","GUTHRIE MUNICIPAL AIRPORT, OK US","2023-03-23","0.12","70","47"
"USW00053913","GUTHRIE MUNICIPAL AIRPORT, OK US","2023-03-24","0.04","51","36"
"USW00053913","GUTHRIE MUNICIPAL AIRPORT, OK US","2023-03-25","0.00","67","30"
"USW00053913","GUTHRIE MUNICIPAL AIRPORT, OK US","2023-03-26","0.00","58","33"
"USW00053913","GUTHRIE MUNICIPAL AIRPORT, OK US","2023-03-27","0.00","60","30"
"USW00053913","GUTHRIE MUNICIPAL AIRPORT, OK US","2023-03-28","0.00","55","33"
"USW00053913","GUTHRIE MUNICIPAL AIRPORT, OK US","2023-03-29","0.00","69","30"
"USW00053913","GUTHRIE MUNICIPAL AIRPORT, OK US","2023-03-30","0.00","67","50"
"USW00053913","GUTHRIE MUNICIPAL AIRPORT, OK US","2023-03-31","0.00","77","53"
"USW00053913","GUTHRIE MUNICIPAL AIRPORT, OK US","2023-04-01","0.00","67","40"
"USW00053913","GUTHRIE MUNICIPAL AIRPORT, OK US","2023-04-02","0.00","82","48"
"USW00053913","GUTHRIE MUNICIPAL AIRPORT, OK US","2023-04-03","0.00","88","56"
"USW00053913","GUTHRIE MUNICIPAL AIRPORT, OK US","2023-04-04","0.00","86","69"
"USW00053913","GUTHRIE MUNICIPAL AIRPORT, OK US","2023-04-05","0.00","71","34"
"USW00053913","GUTHRIE MUNICIPAL AIRPORT, OK US","2023-04-06","0.00","62","35"
"USW00053913","GUTHRIE MUNICIPAL AIRPORT, OK US","2023-04-07","0.00","70","35"
"USW00053913","GUTHRIE MUNICIPAL AIRPORT, OK US","2023-04-08","0.00","74","39"
"USW00053913","GUTHRIE MUNICIPAL AIRPORT, OK US","2023-04-09","0.00","76","47"
"USW00053913","GUTHRIE MUNICIPAL AIRPORT, OK US","2023-04-10","0.00","78","52"
"USW00053913","GUTHRIE MUNICIPAL AIRPORT, OK US","2023-04-11","0.00","78","51"
"USW00053913","GUTHRIE MUNICIPAL AIRPORT, OK US","2023-04-12","0.00","80","50"
"USW00053913","GUTHRIE MUNICIPAL AIRPORT, OK US","2023-04-13","0.00","81","52"
"USW00053913","GUTHRIE MUNICIPAL AIRPORT, OK US","2023-04-14","0.00","85","60"
"USW00053913","GUTHRIE MUNICIPAL AIRPORT, OK US","2023-04-15","0.00","68","39"
"USW00053913","GUTHRIE MUNICIPAL AIRPORT, OK US","2023-04-16","0.00","69","33"
"USW00053913","GUTHRIE MUNICIPAL AIRPORT, OK US","2023-04-17","0.00","82","36"
"USW00053913","GUTHRIE MUNICIPAL AIRPORT, OK US","2023-04-18","0.00","83","58"
"USW00053913","GUTHRIE MUNICIPAL AIRPORT, OK US","2023-04-19","0.19","88","63"
"USW00053913","GUTHRIE MUNICIPAL AIRPORT, OK US","2023-04-20","0.00","74","48"
"USW00053913","GUTHRIE MUNICIPAL AIRPORT, OK US","2023-04-21","0.00","70","41"
"USW00053913","GUTHRIE MUNICIPAL AIRPORT, OK US","2023-04-22","0.00","54","43"
"USW00053913","GUTHRIE MUNICIPAL AIRPORT, OK US","2023-04-23","0.00","64","32"
"USW00053913","GUTHRIE MUNICIPAL AIRPORT, OK US","2023-04-24","0.01","64","37"
"USW00053913","GUTHRIE MUNICIPAL AIRPORT, OK US","2023-04-25","0.79","53","47"
"USW00053913","GUTHRIE MUNICIPAL AIRPORT, OK US","2023-04-26","0.85","55","49"
"USW00053913","GUTHRIE MUNICIPAL AIRPORT, OK US","2023-04-27","0.32","57","46"
"USW00053913","GUTHRIE MUNICIPAL AIRPORT, OK US","2023-04-28","0.21","55","42"
"USW00053913","GUTHRIE MUNICIPAL AIRPORT, OK US","2023-04-29","0.00","70","44"
"USW00053913","GUTHRIE MUNICIPAL AIRPORT, OK US","2023-04-30","0.00","69","43"
"USW00053913","GUTHRIE MUNICIPAL AIRPORT, OK US","2023-05-01","0.00","69","36"
"USW00053913","GUTHRIE MUNICIPAL AIRPORT, OK US","2023-05-02","0.00","75","43"
"USW00053913","GUTHRIE MUNICIPAL AIRPORT, OK US","2023-05-03","0.00","72","47"
"USW00053913","GUTHRIE MUNICIPAL AIRPORT, OK US","2023-05-04","0.23","64","56"
"USW00053913","GUTHRIE MUNICIPAL AIRPORT, OK US","2023-05-05","0.00","89","56"
"USW00053913","GUTHRIE MUNICIPAL AIRPORT, OK US","2023-05-06","0.00","93","70"
"USW00053913","GUTHRIE MUNICIPAL AIRPORT, OK US","2023-05-07","0.00","86","65"
"USW00053913","GUTHRIE MUNICIPAL AIRPORT, OK US","2023-05-08","0.00","88","62"
"USW00053913","GUTHRIE MUNICIPAL AIRPORT, OK US","2023-05-09","0.00","88","69"
"USW00053913","GUTHRIE MUNICIPAL AIRPORT, OK US","2023-05-10","0.00","83","63"
"USW00053913","GUTHRIE MUNICIPAL AIRPORT, OK US","2023-05-11","0.00","75","63"
"USW00053913","GUTHRIE MUNICIPAL AIRPORT, OK US","2023-05-12","0.01","89","60"
"USW00053913","GUTHRIE MUNICIPAL AIRPORT, OK US","2023-05-13","0.06","80","60"
"USW00053913","GUTHRIE MUNICIPAL AIRPORT, OK US","2023-05-14","0.05","75","63"
"USW00053913","GUTHRIE MUNICIPAL AIRPORT, OK US","2023-05-15","0.10","69","61"
"USW00053913","GUTHRIE MUNICIPAL AIRPORT, OK US","2023-05-16","0.00","69","55"
"USW00053913","GUTHRIE MUNICIPAL AIRPORT, OK US","2023-05-17","0.00","75","52"
"USW00053913","GUTHRIE MUNICIPAL AIRPORT, OK US","2023-05-18","0.00","77","58"
"USW00053913","GUTHRIE MUNICIPAL AIRPORT, OK US","2023-05-19","1.19","74","53"
"USW00053913","GUTHRIE MUNICIPAL AIRPORT, OK US","2023-05-20","0.00","72","50"
"USW00053913","GUTHRIE MUNICIPAL AIRPORT, OK US","2023-05-21","0.00","75","51"
"USW00053913","GUTHRIE MUNICIPAL AIRPORT, OK US","2023-05-22","0.00","76","56"
"USW00053913","GUTHRIE MUNICIPAL AIRPORT, OK US","2023-05-23","0.00","73","60"
"USW00053913","GUTHRIE MUNICIPAL AIRPORT, OK US","2023-05-24","0.00","81","63"
"USW00053913","GUTHRIE MUNICIPAL AIRPORT, OK US","2023-05-25","0.00","77","64"
"USW00053913","GUTHRIE MUNICIPAL AIRPORT, OK US","2023-05-26","0.00","82","65"
"USW00053913","GUTHRIE MUNICIPAL AIRPORT, OK US","2023-05-27","0.00","82","63"
"USW00053913","GUTHRIE MUNICIPAL AIRPORT, OK US","2023-05-28","0.00","80","63"
"USW00053913","GUTHRIE MUNICIPAL AIRPORT, OK US","2023-05-29","0.01","80","65"
"USW00053913","GUTHRIE MUNICIPAL AIRPORT, OK US","2023-05-30","0.00","88","63"
"USW00053913","GUTHRIE MUNICIPAL AIRPORT, OK US","2023-05-31","0.00","87","65"
"USW00053913","GUTHRIE MUNICIPAL AIRPORT, OK US","2023-06-01","0.02","85","68"
"USW00053913","GUTHRIE MUNICIPAL AIRPORT, OK US","2023-06-02","0.00","88","65"
"USW00053913","GUTHRIE MUNICIPAL AIRPORT, OK US","2023-06-03","0.10","81","63"
"USW00053913","GUTHRIE MUNICIPAL AIRPORT, OK US","2023-06-04","0.01","82","60"
"USW00053913","GUTHRIE MUNICIPAL AIRPORT, OK US","2023-06-05","0.00","89","60"
"USW00053913","GUTHRIE MUNICIPAL AIRPORT, OK US","2023-06-06","0.03","87","61"
"USW00053913","GUTHRIE MUNICIPAL AIRPORT, OK US","2023-06-07","0.25","89","62"
"USW00053913","GUTHRIE MUNICIPAL AIRPORT, OK US","2023-06-08","0.00","89","63"
"USW00053913","GUTHRIE MUNICIPAL AIRPORT, OK US","2023-06-09","0.00","92","63"
"USW00053913","GUTHRIE MUNICIPAL AIRPORT, OK US","2023-06-10","0.68","83","64"
"USW00053913","GUTHRIE MUNICIPAL AIRPORT, OK US","2023-06-11","0.00","84","64"
"USW00053913","GUTHRIE MUNICIPAL AIRPORT, OK US","2023-06-12","0.18","69","61"
"USW00053913","GUTHRIE MUNICIPAL AIRPORT, OK US","2023-06-13","0.01","82","61"
"USW00053913","GUTHRIE MUNICIPAL AIRPORT, OK US","2023-06-14","0.00","85","65"
"USW00053913","GUTHRIE MUNICIPAL AIRPORT, OK US","2023-06-15","0.30","89","62"
"USW00053913","GUTHRIE MUNICIPAL AIRPORT, OK US","2023-06-16","0.00","87","61"
"USW00053913","GUTHRIE MUNICIPAL AIRPORT, OK US","2023-06-17","1.22","87","61"
"USW00053913","GUTHRIE MUNICIPAL AIRPORT, OK US","2023-06-18","0.01","84","60"
"USW00053913","GUTHRIE MUNICIPAL AIRPORT, OK US","2023-06-19","0.00","90","65"
"USW00053913","GUTHRIE MUNICIPAL AIRPORT, OK US","2023-06-20","0.00","93","75"
"USW00053913","GUTHRIE MUNICIPAL AIRPORT, OK US","2023-06-21","0.21","85","66"
"USW00053913","GUTHRIE MUNICIPAL AIRPORT, OK US","2023-06-22","0.00","88","68"
"USW00053913","GUTHRIE MUNICIPAL AIRPORT, OK US","2023-06-23","0.07","84","67"
"USW00053913","GUTHRIE MUNICIPAL AIRPORT, OK US","2023-06-24","0.00","93","69"
"USW00053913","GUTHRIE MUNICIPAL AIRPORT, OK US","2023-06-25","0.00","91","70"
"USW00053913","GUTHRIE MUNICIPAL AIRPORT, OK US","2023-06-26","0.00","90","65"
"USW00053913","GUTHRIE MUNICIPAL AIRPORT, OK US","2023-06-27","0.34","84","65"
"USW00053913","GUTHRIE MUNICIPAL AIRPORT, OK US","2023-06-28","0.00","98","73"
"USW00053913","GUTHRIE MUNICIPAL AIRPORT, OK US","2023-06-29","0.00","99","79"
"USW00053913","GUTHRIE MUNICIPAL AIRPORT, OK US","2023-06-30","0.00","97","75"
"USW00053913","GUTHRIE MUNICIPAL AIRPORT, OK US","2023-07-01","0.00","91","72"
"USW00053913","GUTHRIE MUNICIPAL AIRPORT, OK US","2023-07-02","0.00","91","65"
"USW00053913","GUTHRIE MUNICIPAL AIRPORT, OK US","2023-07-03","0.10","94","68"
"USW00053913","GUTHRIE MUNICIPAL AIRPORT, OK US","2023-07-04","0.00","95","66"
"USW00053913","GUTHRIE MUNICIPAL AIRPORT, OK US","2023-07-05","0.11","86","67"
"USW00053913","GUTHRIE MUNICIPAL AIRPORT, OK US","2023-07-06","0.35","83","70"
"USW00053913","GUTHRIE MUNICIPAL AIRPORT, OK US","2023-07-07","2.03","79","66"
"USW00053913","GUTHRIE MUNICIPAL AIRPORT, OK US","2023-07-08","0.02","87","67"
"USW00053913","GUTHRIE MUNICIPAL AIRPORT, OK US","2023-07-09","1.01","82","65"
"USW00053913","GUTHRIE MUNICIPAL AIRPORT, OK US","2023-07-10","0.20","88","63"
"USW00053913","GUTHRIE MUNICIPAL AIRPORT, OK US","2023-07-11","1.43","88","69"
"USW00053913","GUTHRIE MUNICIPAL AIRPORT, OK US","2023-07-12","0.00","97","74"
"USW00053913","GUTHRIE MUNICIPAL AIRPORT, OK US","2023-07-13","0.01","94","76"
"USW00053913","GUTHRIE MUNICIPAL AIRPORT, OK US","2023-07-14","0.09","94","72"
"USW00053913","GUTHRIE MUNICIPAL AIRPORT, OK US","2023-07-15","0.00","88","71"
"USW00053913","GUTHRIE MUNICIPAL AIRPORT, OK US","2023-07-16","0.00","92","69"
"USW00053913","GUTHRIE MUNICIPAL AIRPORT, OK US","2023-07-17","0.00","94","72"
"USW00053913","GUTHRIE MUNICIPAL AIRPORT, OK US","2023-07-18","0.00","100","76"
"USW00053913","GUTHRIE MUNICIPAL AIRPORT, OK US","2023-07-19","0.00","96","83"
"USW00053913","GUTHRIE MUNICIPAL AIRPORT, OK US","2023-07-20","0.00","93","77"
"USW00053913","GUTHRIE MUNICIPAL AIRPORT, OK US","2023-07-21","0.59","84","68"
"USW00053913","GUTHRIE MUNICIPAL AIRPORT, OK US","2023-07-22","0.00","88","65"
"USW00053913","GUTHRIE MUNICIPAL AIRPORT, OK US","2023-07-23","0.00","93","66"
"USW00053913","GUTHRIE MUNICIPAL AIRPORT, OK US","2023-07-24","0.00","97","72"
"USW00053913","GUTHRIE MUNICIPAL AIRPORT, OK US","2023-07-25","0.00","101","78"
"USW00053913","GUTHRIE MUNICIPAL AIRPORT, OK US","2023-07-26","0.00","99","80"
"USW00053913","GUTHRIE MUNICIPAL AIRPORT, OK US","2023-07-27","0.00","97","78"
"USW00053913","GUTHRIE MUNICIPAL AIRPORT, OK US","2023-07-28","0.00","100","79"
"USW00053913","GUTHRIE MUNICIPAL AIRPORT, OK US","2023-07-29","0.00","100","74"
"USW00053913","GUTHRIE MUNICIPAL AIRPORT, OK US","2023-07-30","0.00","100","72"
"USW00053913","GUTHRIE MUNICIPAL AIRPORT, OK US","2023-07-31","0.00","101","75"
"USW00053913","GUTHRIE MUNICIPAL AIRPORT, OK US","2023-08-01","0.00","103","79"
"USW00053913","GUTHRIE MUNICIPAL AIRPORT, OK US","2023-08-02","0.00","105","81"
"USW00053913","GUTHRIE MUNICIPAL AIRPORT, OK US","2023-08-03","0.00","105","83"
"USW00053913","GUTHRIE MUNICIPAL AIRPORT, OK US","2023-08-04","0.00","102","82"
"USW00053913","GUTHRIE MUNICIPAL AIRPORT, OK US","2023-08-05","0.04","87","73"
"USW00053913","GUTHRIE MUNICIPAL AIRPORT, OK US","2023-08-06","0.08","90","67"
"USW00053913","GUTHRIE MUNICIPAL AIRPORT, OK US","2023-08-07","0.36","86","63"
"USW00053913","GUTHRIE MUNICIPAL AIRPORT, OK US","2023-08-08","0.87","89","67"
"USW00053913","GUTHRIE MUNICIPAL AIRPORT, OK US","2023-08-09","0.04","92","72"
"USW00053913","GUTHRIE MUNICIPAL AIRPORT, OK US","2023-08-10","0.00","92","70"
"USW00053913","GUTHRIE MUNICIPAL AIRPORT, OK US","2023-08-11","0.00","99","75"
"USW00053913","GUTHRIE MUNICIPAL AIRPORT, OK US","2023-08-12","0.01","90","77"
"USW00053913","GUTHRIE MUNICIPAL AIRPORT, OK US","2023-08-13","0.76","96","69"
"USW00053913","GUTHRIE MUNICIPAL AIRPORT, OK US","2023-08-14","0.01","83","64"
"USW00053913","GUTHRIE MUNICIPAL AIRPORT, OK US","2023-08-15","0.00","85","60"
"USW00053913","GUTHRIE MUNICIPAL AIRPORT, OK US","2023-08-16","0.00","88","62"
"USW00053913","GUTHRIE MUNICIPAL AIRPORT, OK US","2023-08-17","0.00","94","70"
"USW00053913","GUTHRIE MUNICIPAL AIRPORT, OK US","2023-08-18","0.00","94","68"
"USW00053913","GUTHRIE MUNICIPAL AIRPORT, OK US","2023-08-19","0.00","105","74"
"USW00053913","GUTHRIE MUNICIPAL AIRPORT, OK US","2023-08-20","0.00","104","72"
"USW00053913","GUTHRIE MUNICIPAL AIRPORT, OK US","2023-08-21","0.00","102","74"
"USW00053913","GUTHRIE MUNICIPAL AIRPORT, OK US","2023-08-22","0.00","99","76"
"USW00053913","GUTHRIE MUNICIPAL AIRPORT, OK US","2023-08-23","0.00","99","78"
"USW00053913","GUTHRIE MUNICIPAL AIRPORT, OK US","2023-08-24","0.00","101","76"
"USW00053913","GUTHRIE MUNICIPAL AIRPORT, OK US","2023-08-25","0.00","104","78"
"USW00053913","GUTHRIE MUNICIPAL AIRPORT, OK US","2023-08-26","0.00","96","77"
"USW00053913","GUTHRIE MUNICIPAL AIRPORT, OK US","2023-08-27","0.00","90","73"
"USW00053913","GUTHRIE MUNICIPAL AIRPORT, OK US","2023-08-28","0.00","88","64"
"USW00053913","GUTHRIE MUNICIPAL AIRPORT, OK US","2023-08-29","0.00","92","59"
"USW00053913","GUTHRIE MUNICIPAL AIRPORT, OK US","2023-08-30","0.00","90","65"
"USW00053913","GUTHRIE MUNICIPAL AIRPORT, OK US","2023-08-31","0.00","92","61"
"USW00053913","GUTHRIE MUNICIPAL AIRPORT, OK US","2023-09-01","0.00","94","67"
"USW00053913","GUTHRIE MUNICIPAL AIRPORT, OK US","2023-09-02","0.00","95","65"
"USW00053913","GUTHRIE MUNICIPAL AIRPORT, OK US","2023-09-03","0.00","98","68"
"USW00053913","GUTHRIE MUNICIPAL AIRPORT, OK US","2023-09-04","0.00","101","73"
"USW00053913","GUTHRIE MUNICIPAL AIRPORT, OK US","2023-09-05","0.00","103","73"
"USW00053913","GUTHRIE MUNICIPAL AIRPORT, OK US","2023-09-06","0.00","91","66"
"USW00053913","GUTHRIE MUNICIPAL AIRPORT, OK US","2023-09-07","0.00","98","64"
"USW00053913","GUTHRIE MUNICIPAL AIRPORT, OK US","2023-09-08","0.00","94","70"
"USW00053913","GUTHRIE MUNICIPAL AIRPORT, OK US","2023-09-09","0.00","92","66"
"USW00053913","GUTHRIE MUNICIPAL AIRPORT, OK US","2023-09-10","0.00","89","57"
"USW00053913","GUTHRIE MUNICIPAL AIRPORT, OK US","2023-09-11","1.05","76","63"
"USW00053913","GUTHRIE MUNICIPAL AIRPORT, OK US","2023-09-12","0.00","74","60"
"USW00053913","GUTHRIE MUNICIPAL AIRPORT, OK US","2023-09-13","0.03","85","59"
"USW00053913","GUTHRIE MUNICIPAL AIRPORT, OK US","2023-09-14","0.01","82","66"
"USW00053913","GUTHRIE MUNICIPAL AIRPORT, OK US","2023-09-15","0.00","78","65"
"USW00053913","GUTHRIE MUNICIPAL AIRPORT, OK US","2023-09-16","0.00","79","60"
"USW00053913","GUTHRIE MUNICIPAL AIRPORT, OK US","2023-09-17","0.00","87","54"
"USW00053913","GUTHRIE MUNICIPAL AIRPORT, OK US","2023-09-18","0.00","92","57"
"USW00053913","GUTHRIE MUNICIPAL AIRPORT, OK US","2023-09-19","0.25","82","68"
"USW00053913","GUTHRIE MUNICIPAL AIRPORT, OK US","2023-09-20","0.00","86","63"
"USW00053913","GUTHRIE MUNICIPAL AIRPORT, OK US","2023-09-21","0.00","87","67"
"USW00053913","GUTHRIE MUNICIPAL AIRPORT, OK US","2023-09-22","0.00","84","68"
"USW00053913","GUTHRIE MUNICIPAL AIRPORT, OK US","2023-09-23","0.00","95","70"
"USW00053913","GUTHRIE MUNICIPAL AIRPORT, OK US","2023-09-24","0.00","85","65"
"USW00053913","GUTHRIE MUNICIPAL AIRPORT, OK US","2023-09-25","0.00","91","57"
"USW00053913","GUTHRIE MUNICIPAL AIRPORT, OK US","2023-09-26","0.00","92","58"
"USW00053913","GUTHRIE MUNICIPAL AIRPORT, OK US","2023-09-27","0.00","92","64"
"USW00053913","GUTHRIE MUNICIPAL AIRPORT, OK US","2023-09-28","0.00","93","67"
"USW00053913","GUTHRIE MUNICIPAL AIRPORT, OK US","2023-09-29","0.00","94","71"
"USW00053913","GUTHRIE MUNICIPAL AIRPORT, OK US","2023-09-30","0.00","93","70"
"USW00053913","GUTHRIE MUNICIPAL AIRPORT, OK US","2023-10-01","0.00","90","67"
"USW00053913","GUTHRIE MUNICIPAL AIRPORT, OK US","2023-10-02","0.00","89","66"
"USW00053913","GUTHRIE MUNICIPAL AIRPORT, OK US","2023-10-03","0.00","86","70"
"USW00053913","GUTHRIE MUNICIPAL AIRPORT, OK US","2023-10-04","0.33","83","63"
"USW00053913","GUTHRIE MUNICIPAL AIRPORT, OK US","2023-10-05","0.00","82","61"
"USW00053913","GUTHRIE MUNICIPAL AIRPORT, OK US","2023-10-06","0.00","71","43"
"USW00053913","GUTHRIE MUNICIPAL AIRPORT, OK US","2023-10-07","0.00","66","36"
"USW00053913","GUTHRIE MUNICIPAL AIRPORT, OK US","2023-10-08","0.00","76","43"
"USW00053913","GUTHRIE MUNICIPAL AIRPORT, OK US","2023-10-09","0.00",,
"USW00053913","GUTHRIE MUNICIPAL AIRPORT, OK US","2023-10-10","0.00","87","62"
"USW00053913","GUTHRIE MUNICIPAL AIRPORT, OK US","2023-10-11","0.00","82","63"
"USW00053913","GUTHRIE MUNICIPAL AIRPORT, OK US","2023-10-12","0.00","76","65"
"USW00053913","GUTHRIE MUNICIPAL AIRPORT, OK US","2023-10-13","0.00","69","50"
"USW00053913","GUTHRIE MUNICIPAL AIRPORT, OK US","2023-10-14","0.00","62","43"
"USW00053913","GUTHRIE MUNICIPAL AIRPORT, OK US","2023-10-15","0.00","62","40"
"USW00053913","GUTHRIE MUNICIPAL AIRPORT, OK US","2023-10-16","0.00","63","30"
"USW00053913","GUTHRIE MUNICIPAL AIRPORT, OK US","2023-10-17","0.00","74","34"
"USW00053913","GUTHRIE MUNICIPAL AIRPORT, OK US","2023-10-18","0.00","80","47"
"USW00053913","GUTHRIE MUNICIPAL AIRPORT, OK US","2023-10-19","0.00","81","42"
"USW00053913","GUTHRIE MUNICIPAL AIRPORT, OK US","2023-10-20","0.00","87","46"
"USW00053913","GUTHRIE MUNICIPAL AIRPORT, OK US","2023-10-21","0.00","87","57"
"USW00053913","GUTHRIE MUNICIPAL AIRPORT, OK US","2023-10-22","0.00","88","59"
"USW00053913","GUTHRIE MUNICIPAL AIRPORT, OK US","2023-10-23","0.00","82","64"
"USW00053913","GUTHRIE MUNICIPAL AIRPORT, OK US","2023-10-24","1.21","71","62"
"USW00053913","GUTHRIE MUNICIPAL AIRPORT, OK US","2023-10-25","0.10","73","64"
"USW00053913","GUTHRIE MUNICIPAL AIRPORT, OK US","2023-10-26","0.00","82","64"
"USW00053913","GUTHRIE MUNICIPAL AIRPORT, OK US","2023-10-27","0.14","73","47"
"USW00053913","GUTHRIE MUNICIPAL AIRPORT, OK US","2023-10-28","0.11","48","36"
"USW00053913","GUTHRIE MUNICIPAL AIRPORT, OK US","2023-10-29","1.11","37","33"
"USW00053913","GUTHRIE MUNICIPAL AIRPORT, OK US","2023-10-30","0.00","45","27"
"USW00053913","GUTHRIE MUNICIPAL AIRPORT, OK US","2023-10-31","0.00","45","26"
"USW00053913","GUTHRIE MUNICIPAL AIRPORT, OK US","2023-11-01","0.00","55","24"
"USW00053913","GUTHRIE MUNICIPAL AIRPORT, OK US","2023-11-02","0.00","65","38"
"USW00053913","GUTHRIE MUNICIPAL AIRPORT, OK US","2023-11-03","0.00","72","46"
"USW00053913","GUTHRIE MUNICIPAL AIRPORT, OK US","2023-11-04","0.00","73","49"
"USW00053913","GUTHRIE MUNICIPAL AIRPORT, OK US","2023-11-05","0.00","77","52"
"USW00053913","GUTHRIE MUNICIPAL AIRPORT, OK US","2023-11-06","0.00","79","56"
"USW00053913","GUTHRIE MUNICIPAL AIRPORT, OK US","2023-11-07","0.00","85","55"
"USW00053913","GUTHRIE MUNICIPAL AIRPORT, OK US","2023-11-08","0.00","76","53"
"USW00053913","GUTHRIE MUNICIPAL AIRPORT, OK US","2023-11-09","0.00","55","44"
"USW00053913","GUTHRIE MUNICIPAL AIRPORT, OK US","2023-11-10","0.00","63","31"
"USW00053913","GUTHRIE MUNICIPAL AIRPORT, OK US","2023-11-11","0.00","63","42"
"USW00053913","GUTHRIE MUNICIPAL AIRPORT, OK US","2023-11-12","0.00","68","39"
"USW00053913","GUTHRIE MUNICIPAL AIRPORT, OK US","2023-11-13","0.00","71","39"
"USW00053913","GUTHRIE MUNICIPAL AIRPORT, OK US","2023-11-14","0.00","69","40"
"USW00053913","GUTHRIE MUNICIPAL AIRPORT, OK US","2023-11-15","0.00","72","44"
"USW00053913","GUTHRIE MUNICIPAL AIRPORT, OK US","2023-11-16","0.00","67","48"
"USW00053913","GUTHRIE MUNICIPAL AIRPORT, OK US","2023-11-17","0.00","62","43"
"USW00053913","GUTHRIE MUNICIPAL AIRPORT, OK US","2023-11-18","0.00","69","36"
"USW00053913","GUTHRIE MUNICIPAL AIRPORT, OK US","2023-11-19","0.33","57","53"
"USW00053913","GUTHRIE MUNICIPAL AIRPORT, OK US","2023-11-20","0.01","58","44"
"USW00053913","GUTHRIE MUNICIPAL AIRPORT, OK US","2023-11-21","0.00","53","29"
"USW00053913","GUTHRIE MUNICIPAL AIRPORT, OK US","2023-11-22","0.00","57","25"
"USW00053913","GUTHRIE MUNICIPAL AIRPORT, OK US","2023-11-23","0.00","67","35"
"USW00053913","GUTHRIE MUNICIPAL AIRPORT, OK US","2023-11-24","0.00","48","31"
"USW00053913","GUTHRIE MUNICIPAL AIRPORT, OK US","2023-11-25","0.32","39","28"
"USW00053913","GUTHRIE MUNICIPAL AIRPORT, OK US","2023-11-26","0.00","40","22"
"USW00053913","GUTHRIE MUNICIPAL AIRPORT, OK US","2023-11-27","0.00","52","22"
"USW00053913","GUTHRIE MUNICIPAL AIRPORT, OK US","2023-11-28","0.00","60","25"
"USW00053913","GUTHRIE MUNICIPAL AIRPORT, OK US","2023-11-29","0.00","64","33"
"USW00053913","GUTHRIE MUNICIPAL AIRPORT, OK US","2023-11-30","0.32","55","43"
"USW00053913","GUTHRIE MUNICIPAL AIRPORT, OK US","2023-12-01","0.00","45","37"
"USW00053913","GUTHRIE MUNICIPAL AIRPORT, OK US","2023-12-02","0.00",,
"USW00053913","GUTHRIE MUNICIPAL AIRPORT, OK US","2023-12-03","0.00",,
"USW00053913","GUTHRIE MUNICIPAL AIRPORT, OK US","2023-12-04","0.00","57",
"USW00053913","GUTHRIE MUNICIPAL AIRPORT, OK US","2023-12-05","0.00","57","29"
"USW00053913","GUTHRIE MUNICIPAL AIRPORT, OK US","2023-12-06","0.00","63","32"
"USW00053913","GUTHRIE MUNICIPAL AIRPORT, OK US","2023-12-07","0.00","69","47"
"USW00053913","GUTHRIE MUNICIPAL AIRPORT, OK US","2023-12-08","0.00","66","41"
"USW00053913","GUTHRIE MUNICIPAL AIRPORT, OK US","2023-12-09","0.00","50","32"
"USW00053913","GUTHRIE MUNICIPAL AIRPORT, OK US","2023-12-10","0.00","49","19"
"USW00053913","GUTHRIE MUNICIPAL AIRPORT, OK US","2023-12-11","0.00","59","26"
"USW00053913","GUTHRIE MUNICIPAL AIRPORT, OK US","2023-12-12","0.00","61","29"
"USW00053913","GUTHRIE MUNICIPAL AIRPORT, OK US","2023-12-13","0.01","57","42"
"USW00053913","GUTHRIE MUNICIPAL AIRPORT, OK US","2023-12-14","0.07","59","40"
"USW00053913","GUTHRIE MUNICIPAL AIRPORT, OK US","2023-12-15","1.00","51","35"
"USW00053913","GUTHRIE MUNICIPAL AIRPORT, OK US","2023-12-16","0.00","52","32"
"USW00053913","GUTHRIE MUNICIPAL AIRPORT, OK US","2023-12-17","0.00","63","31"
"USW00053913","GUTHRIE MUNICIPAL AIRPORT, OK US","2023-12-18","0.00","50","28"
"USW00053913","GUTHRIE MUNICIPAL AIRPORT, OK US","2023-12-19","0.00","57","34"
"USW00053913","GUTHRIE MUNICIPAL AIRPORT, OK US","2023-12-20","0.00","56","43"
"USW00053913","GUTHRIE MUNICIPAL AIRPORT, OK US","2023-12-21","0.01","61","52"
"USW00053913","GUTHRIE MUNICIPAL AIRPORT, OK US","2023-12-22","0.00","66","49"
"USW00053913","GUTHRIE MUNICIPAL AIRPORT, OK US","2023-12-23","0.01","65","51"
"USW00053913","GUTHRIE MUNICIPAL AIRPORT, OK US","2023-12-24","2.13","61","37"
"USW00053913","GUTHRIE MUNICIPAL AIRPORT, OK US","2023-12-25","0.00","42","28"
"USW00053913","GUTHRIE MUNICIPAL AIRPORT, OK US","2023-12-26","0.00","47","27"
"USW00053913","GUTHRIE MUNICIPAL AIRPORT, OK US","2023-12-27","0.00","40","30"
"USW00053913","GUTHRIE MUNICIPAL AIRPORT, OK US","2023-12-28","0.00","42","27"
"USW00053913","GUTHRIE MUNICIPAL AIRPORT, OK US","2023-12-29","0.00","50","26"
"USW00053913","GUTHRIE MUNICIPAL AIRPORT, OK US","2023-12-30","0.00","59","24"
"USW00053913","GUTHRIE MUNICIPAL AIRPORT, OK US","2023-12-31","0.00","44","31"
"USW00053913","GUTHRIE MUNICIPAL AIRPORT, OK US","2024-01-01","0.00","40","24"
"USW00053913","GUTHRIE MUNICIPAL AIRPORT, OK US","2024-01-02","0.00","45","24"
"USW00053913","GUTHRIE MUNICIPAL AIRPORT, OK US","2024-01-03","0.00","50","22"
"USW00053913","GUTHRIE MUNICIPAL AIRPORT, OK US","2024-01-04","0.01","52","28"
"USW00053913","GUTHRIE MUNICIPAL AIRPORT, OK US","2024-01-05","0.19","41","34"
"USW00053913","GUTHRIE MUNICIPAL AIRPORT, OK US","2024-01-06","0.00","47","31"
"USW00053913","GUTHRIE MUNICIPAL AIRPORT, OK US","2024-01-07","0.00","54","25"
"USW00053913","GUTHRIE MUNICIPAL AIRPORT, OK US","2024-01-08","0.54","48","35"
"USW00053913","GUTHRIE MUNICIPAL AIRPORT, OK US","2024-01-09","0.01","36","23"
"USW00053913","GUTHRIE MUNICIPAL AIRPORT, OK US","2024-01-10","0.00","53","24"
"USW00053913","GUTHRIE MUNICIPAL AIRPORT, OK US","2024-01-11","0.00","62","22"
"USW00053913","GUTHRIE MUNICIPAL AIRPORT, OK US","2024-01-12","0.00","35","14"
"USW00053913","GUTHRIE MUNICIPAL AIRPORT, OK US","2024-01-13","0.00","20","2"
"USW00053913","GUTHRIE MUNICIPAL AIRPORT, OK US","2024-01-14","0.02","7","-3"
"USW00053913","GUTHRIE MUNICIPAL AIRPORT, OK US","2024-01-15","0.00","15","-3"
"USW00053913","GUTHRIE MUNICIPAL AIRPORT, OK US","2024-01-16","0.00","21","-1"
"USW00053913","GUTHRIE MUNICIPAL AIRPORT, OK US","2024-01-17","0.00","44","11"
"USW00053913","GUTHRIE MUNICIPAL AIRPORT, OK US","2024-01-18","0.00","47","22"
"USW00053913","GUTHRIE MUNICIPAL AIRPORT, OK US","2024-01-19","0.00","23","9"
"USW00053913","GUTHRIE MUNICIPAL AIRPORT, OK US","2024-01-20","0.00","28","8"
"USW00053913","GUTHRIE MUNICIPAL AIRPORT, OK US","2024-01-21","0.05","32","19"
"USW00053913","GUTHRIE MUNICIPAL AIRPORT, OK US","2024-01-22","0.14","34","29"
"USW00053913","GUTHRIE MUNICIPAL AIRPORT, OK US","2024-01-23","0.00","40","32"
"USW00053913","GUTHRIE MUNICIPAL AIRPORT, OK US","2024-01-24","0.02","41","35"
"USW00053913","GUTHRIE MUNICIPAL AIRPORT, OK US","2024-01-25","0.00","44","37"
"USW00053913","GUTHRIE MUNICIPAL AIRPORT, OK US","2024-01-26","0.45","43","39"
"USW00053913","GUTHRIE MUNICIPAL AIRPORT, OK US","2024-01-27","0.25","39","26"
"USW00053913","GUTHRIE MUNICIPAL AIRPORT, OK US","2024-01-28","0.00","59","24"
"USW00053913","GUTHRIE MUNICIPAL AIRPORT, OK US","2024-01-29","0.00","68","33"
"USW00053913","GUTHRIE MUNICIPAL AIRPORT, OK US","2024-01-30","0.00","66","33"
"USW00053913","GUTHRIE MUNICIPAL AIRPORT, OK US","2024-01-31","0.00","72","35"
"USW00053913","GUTHRIE MUNICIPAL AIRPORT, OK US","2024-02-01","0.00","74","51"
"USW00053913","GUTHRIE MUNICIPAL AIRPORT, OK US","2024-02-02","0.01","68","52"
"USW00053913","GUTHRIE MUNICIPAL AIRPORT, OK US","2024-02-03","0.06","61","49"
"USW00053913","GUTHRIE MUNICIPAL AIRPORT, OK US","2024-02-04","0.32","51","43"
"USW00053913","GUTHRIE MUNICIPAL AIRPORT, OK US","2024-02-05","0.00","52","33"
"USW00053913","GUTHRIE MUNICIPAL AIRPORT, OK US","2024-02-06","0.00","62","27"
"USW00053913","GUTHRIE MUNICIPAL AIRPORT, OK US","2024-02-07","0.00","65","46"
"USW00053913","GUTHRIE MUNICIPAL AIRPORT, OK US","2024-02-08","0.00","68","52"
"USW00053913","GUTHRIE MUNICIPAL AIRPORT, OK US","2024-02-09","0.00","61","46"
"USW00053913","GUTHRIE MUNICIPAL AIRPORT, OK US","2024-02-10","0.00","49","37"
"USW00053913","GUTHRIE MUNICIPAL AIRPORT, OK US","2024-02-11","0.34","39","33"
"USW00053913","GUTHRIE MUNICIPAL AIRPORT, OK US","2024-02-12","0.20","52","29"
"USW00053913","GUTHRIE MUNICIPAL AIRPORT, OK US","2024-02-13","0.00","60","30"
"USW00053913","GUTHRIE MUNICIPAL AIRPORT, OK US","2024-02-14","0.00","68","43"
"USW00053913","GUTHRIE MUNICIPAL AIRPORT, OK US","2024-02-15","0.00","57","36"
"USW00053913","GUTHRIE MUNICIPAL AIRPORT, OK US","2024-02-16","0.00","45","30"
"USW00053913","GUTHRIE MUNICIPAL AIRPORT, OK US","2024-02-17","0.00","33","20"
"USW00053913","GUTHRIE MUNICIPAL AIRPORT, OK US","2024-02-18","0.00","53","18"
"USW00053913","GUTHRIE MUNICIPAL AIRPORT, OK US","2024-02-19","0.00","61","35"
"USW00053913","GUTHRIE MUNICIPAL AIRPORT, OK US","2024-02-20","0.00","44","1"
"USW00053913","GUTHRIE MUNICIPAL AIRPORT, OK US","2024-02-21","0.00",,
"USW00053913","GUTHRIE MUNICIPAL AIRPORT, OK US","2024-02-22","0.00","71","51"
"USW00053913","GUTHRIE MUNICIPAL AIRPORT, OK US","2024-02-23","0.00","70","34"
"USW00053913","GUTHRIE MUNICIPAL AIRPORT, OK US","2024-02-24","0.00","75","33"
"USW00053913","GUTHRIE MUNICIPAL AIRPORT, OK US","2024-02-25","0.00","80","51"
"USW00053913","GUTHRIE MUNICIPAL AIRPORT, OK US","2024-02-26","0.00","89","49"
"USW00053913","GUTHRIE MUNICIPAL AIRPORT, OK US","2024-02-27","0.00","84","35"
"USW00053913","GUTHRIE MUNICIPAL AIRPORT, OK US","2024-02-28","0.00","47","24"
"USW00053913","GUTHRIE MUNICIPAL AIRPORT, OK US","2024-02-29","0.19","53","27"
"USW00053913","GUTHRIE MUNICIPAL AIRPORT, OK US","2024-03-01","0.00","59","35"
"USW00053913","GUTHRIE MUNICIPAL AIRPORT, OK US","2024-03-02","0.00","83","46"
"USW00053913","GUTHRIE MUNICIPAL AIRPORT, OK US","2024-03-03","0.00","85","59"
"USW00053913","GUTHRIE MUNICIPAL AIRPORT, OK US","2024-03-04","0.00","79","50"
"USW00053913","GUTHRIE MUNICIPAL AIRPORT, OK US","2024-03-05","0.00","65","40"
"USW00053913","GUTHRIE MUNICIPAL AIRPORT, OK US","2024-03-06","0.00","71","43"
"USW00053913","GUTHRIE MUNICIPAL AIRPORT, OK US","2024-03-07","0.71","80","55"
"USW00053913","GUTHRIE MUNICIPAL AIRPORT, OK US","2024-03-08","0.24","57","37"
"USW00053913","GUTHRIE MUNICIPAL AIRPORT, OK US","2024-03-09","0.00","57","36"
"USW00053913","GUTHRIE MUNICIPAL AIRPORT, OK US","2024-03-10","0.00","67","34"
"USW00053913","GUTHRIE MUNICIPAL AIRPORT, OK US","2024-03-11","0.00","73","42"
"USW00053913","GUTHRIE MUNICIPAL AIRPORT, OK US","2024-03-12","0.00","78","55"
"USW00053913","GUTHRIE MUNICIPAL AIRPORT, OK US","2024-03-13","0.00","85","57"
"USW00053913","GUTHRIE MUNICIPAL AIRPORT, OK US","2024-03-14","0.00","78","53"
"USW00053913","GUTHRIE MUNICIPAL AIRPORT, OK US","2024-03-15","0.00","68","46"
"USW00053913","GUTHRIE MUNICIPAL AIRPORT, OK US","2024-03-16","0.00","64","38"
"USW00053913","GUTHRIE MUNICIPAL AIRPORT, OK US","2024-03-17","0.00","64","41"
"USW00053913","GUTHRIE MUNICIPAL AIRPORT, OK US","2024-03-18","0.00","54","33"
"USW00053913","GUTHRIE MUNICIPAL AIRPORT, OK US","2024-03-19","0.00","75","34"
"USW00053913","GUTHRIE MUNICIPAL AIRPORT, OK US","2024-03-20","0.27","80","51"
"USW00053913","GUTHRIE MUNICIPAL AIRPORT, OK US","2024-03-21","0.22","64","53"
"USW00053913","GUTHRIE MUNICIPAL AIRPORT, OK US","2024-03-22","0.00","66","43"
"USW00053913","GUTHRIE MUNICIPAL AIRPORT, OK US","2024-03-23","0.00","62","36"
"USW00053913","GUTHRIE MUNICIPAL AIRPORT, OK US","2024-03-24","0.00","63","55"
"USW00053913","GUTHRIE MUNICIPAL AIRPORT, OK US","2024-03-25","0.00","61","34"
"USW00053913","GUTHRIE MUNICIPAL AIRPORT, OK US","2024-03-26","0.00","52","31"
"USW00053913","GUTHRIE MUNICIPAL AIRPORT, OK US","2024-03-27","0.00","47","30"
"USW00053913","GUTHRIE MUNICIPAL AIRPORT, OK US","2024-03-28","0.00","71","30"
"USW00053913","GUTHRIE MUNICIPAL AIRPORT, OK US","2024-03-29","0.00","75","59"
"USW00053913","GUTHRIE MUNICIPAL AIRPORT, OK US","2024-03-30","0.00","75","52"
"USW00053913","GUTHRIE MUNICIPAL AIRPORT, OK US","2024-03-31","0.00","77","65"
"USW00053913","GUTHRIE MUNICIPAL AIRPORT, OK US","2024-04-01","0.69","79","51"
"USW00053913","GUTHRIE MUNICIPAL AIRPORT, OK US","2024-04-02","0.00","61","42"
"USW00053913","GUTHRIE MUNICIPAL AIRPORT, OK US","2024-04-03","0.00","65","41"
"USW00053913","GUTHRIE MUNICIPAL AIRPORT, OK US","2024-04-04","0.00","72","37"
"USW00053913","GUTHRIE MUNICIPAL AIRPORT, OK US","2024-04-05","0.00","84","52"
"USW00053913","GUTHRIE MUNICIPAL AIRPORT, OK US","2024-04-06","0.14","78","59"
"USW00053913","GUTHRIE MUNICIPAL AIRPORT, OK US","2024-04-07","0.00","75","52"
"USW00053913","GUTHRIE MUNICIPAL AIRPORT, OK US","2024-04-08","0.00","73","44"
"USW00053913","GUTHRIE MUNICIPAL AIRPORT, OK US","2024-04-09","0.10","73","54"
"USW00053913","GUTHRIE MUNICIPAL AIRPORT, OK US","2024-04-10","0.68","70","47"
"USW00053913","GUTHRIE MUNICIPAL AIRPORT, OK US","2024-04-11","0.00","70","45"
"USW00053913","GUTHRIE MUNICIPAL AIRPORT, OK US","2024-04-12","0.00","82","41"
"USW00053913","GUTHRIE MUNICIPAL AIRPORT, OK US","2024-04-13","0.00","85","64"
"USW00053913","GUTHRIE MUNICIPAL AIRPORT, OK US","2024-04-14","0.00","93","66"
"USW00053913","GUTHRIE MUNICIPAL AIRPORT, OK US","2024-04-15","0.00","76","67"
"USW00053913","GUTHRIE MUNICIPAL AIRPORT, OK US","2024-04-16","0.00","85","59"
"USW00053913","GUTHRIE MUNICIPAL AIRPORT, OK US","2024-04-17","0.00","91","56"
"USW00053913","GUTHRIE MUNICIPAL AIRPORT, OK US","2024-04-18","0.00","78","50"
"USW00053913","GUTHRIE MUNICIPAL AIRPORT, OK US","2024-04-19","0.00","66","45"
"USW00053913","GUTHRIE MUNICIPAL AIRPORT, OK US","2024-04-20","0.00","63","49"
"USW00053913","GUTHRIE MUNICIPAL AIRPORT, OK US","2024-04-21","0.00","66","42"
"USW00053913","GUTHRIE MUNICIPAL AIRPORT, OK US","2024-04-22","0.00","74","41"
"USW00053913","GUTHRIE MUNICIPAL AIRPORT, OK US","2024-04-23","0.00","83","59"
"USW00053913","GUTHRIE MUNICIPAL AIRPORT, OK US","2024-04-24","0.00","75","56"
"USW00053913","GUTHRIE MUNICIPAL AIRPORT, OK US","2024-04-25","0.00","84","65"
"USW00053913","GUTHRIE MUNICIPAL AIRPORT, OK US","2024-04-26","0.02","89","63"
"USW00053913","GUTHRIE MUNICIPAL AIRPORT, OK US","2024-04-27","0.79","83","63"
"USW00053913","GUTHRIE MUNICIPAL AIRPORT, OK US","2024-04-28","0.10","77","58"
"USW00053913","GUTHRIE MUNICIPAL AIRPORT, OK US","2024-04-29","0.00","82","49"
"USW00053913","GUTHRIE MUNICIPAL AIRPORT, OK US","2024-04-30","0.00","89","64"
"USW00053913","GUTHRIE MUNICIPAL AIRPORT, OK US","2024-05-01","0.21","83","63"
"USW00053913","GUTHRIE MUNICIPAL AIRPORT, OK US","2024-05-02","0.18","77","64"
"USW00053913","GUTHRIE MUNICIPAL AIRPORT, OK US","2024-05-03","0.00","79","60"
"USW00053913","GUTHRIE MUNICIPAL AIRPORT, OK US","2024-05-04","0.00","71","62"
"USW00053913","GUTHRIE MUNICIPAL AIRPORT, OK US","2024-05-05","0.00","70","57"
"USW00053913","GUTHRIE MUNICIPAL AIRPORT, OK US","2024-05-06","0.04","83","62"
"USW00053913","GUTHRIE MUNICIPAL AIRPORT, OK US","2024-05-07","0.00","84","40"
"USW00053913","GUTHRIE MUNICIPAL AIRPORT, OK US","2024-05-08","0.00","82","58"
"USW00053913","GUTHRIE MUNICIPAL AIRPORT, OK US","2024-05-09","0.00","81","51"
"USW00053913","GUTHRIE MUNICIPAL AIRPORT, OK US","2024-05-10","0.00","79","52"
"USW00053913","GUTHRIE MUNICIPAL AIRPORT, OK US","2024-05-11","0.00","82","53"
"USW00053913","GUTHRIE MUNICIPAL AIRPORT, OK US","2024-05-12","0.03","74","58"
"USW00053913","GUTHRIE MUNICIPAL AIRPORT, OK US","2024-05-13","0.10","76","58"
"USW00053913","GUTHRIE MUNICIPAL AIRPORT, OK US","2024-05-14","0.00","81","56"
"USW00053913","GUTHRIE MUNICIPAL AIRPORT, OK US","2024-05-15","0.00","89","62"
"USW00053913","GUTHRIE MUNICIPAL AIRPORT, OK US","2024-05-16",,"80","64"
"USW00053913","GUTHRIE MUNICIPAL AIRPORT, OK US","2024-05-17","0.00","82","62"
"USW00053913","GUTHRIE MUNICIPAL AIRPORT, OK US","2024-05-18","0.00","90","65"
"USW00053913","GUTHRIE MUNICIPAL AIRPORT, OK US","2024-05-19","0.00","90","67"
"USW00053913","GUTHRIE MUNICIPAL AIRPORT, OK US","2024-05-20","0.11","90","63"
"USW00053913","GUTHRIE MUNICIPAL AIRPORT, OK US","2024-05-21","0.00","93","67"
"USW00053913","GUTHRIE MUNICIPAL AIRPORT, OK US","2024-05-22","0.12","79","61"
"USW00053913","GUTHRIE MUNICIPAL AIRPORT, OK US","2024-05-23","0.00","84","61"
"USW00053913","GUTHRIE MUNICIPAL AIRPORT, OK US","2024-05-24","0.00","85","59"
"USW00053913","GUTHRIE MUNICIPAL AIRPORT, OK US","2024-05-25","0.00","89","57"
"USW00053913","GUTHRIE MUNICIPAL AIRPORT, OK US","2024-05-26","0.00","89","63"
"USW00053913","GUTHRIE MUNICIPAL AIRPORT, OK US","2024-05-27","0.00","92","59"
"USW00053913","GUTHRIE MUNICIPAL AIRPORT, OK US","2024-05-28","0.18","81","67"
"USW00053913","GUTHRIE MUNICIPAL AIRPORT, OK US","2024-05-29","0.01","84","65"
"USW00053913","GUTHRIE MUNICIPAL AIRPORT, OK US","2024-05-30","0.07","79","66"
"USW00053913","GUTHRIE MUNICIPAL AIRPORT, OK US","2024-05-31","0.00","80","65"
"USW00053913","GUTHRIE MUNICIPAL AIRPORT, OK US","2024-06-01","0.00","89","63"
"USW00053913","GUTHRIE MUNICIPAL AIRPORT, OK US","2024-06-02","0.52","79","67"
"USW00053913","GUTHRIE MUNICIPAL AIRPORT, OK US","2024-06-03","0.56","82","65"
"USW00053913","GUTHRIE MUNICIPAL AIRPORT, OK US","2024-06-04","0.10","85","68"
"USW00053913","GUTHRIE MUNICIPAL AIRPORT, OK US","2024-06-05","0.00","90","67"
"USW00053913","GUTHRIE MUNICIPAL AIRPORT, OK US","2024-06-06","0.00","95","66"
"USW00053913","GUTHRIE MUNICIPAL AIRPORT, OK US","2024-06-07","0.00","93","71"
"USW00053913","GUTHRIE MUNICIPAL AIRPORT, OK US","2024-06-08","0.00","98","78"
"USW00053913","GUTHRIE MUNICIPAL AIRPORT, OK US","2024-06-09","0.00","85","68"
"USW00053913","GUTHRIE MUNICIPAL AIRPORT, OK US","2024-06-10","0.00","84","60"
"USW00053913","GUTHRIE MUNICIPAL AIRPORT, OK US","2024-06-11","0.00","86","61"
"USW00053913","GUTHRIE MUNICIPAL AIRPORT, OK US","2024-06-12","0.00","92","61"
"USW00053913","GUTHRIE MUNICIPAL AIRPORT, OK US","2024-06-13","0.00","95","70"
"USW00053913","GUTHRIE MUNICIPAL AIRPORT, OK US","2024-06-14","0.00","97","72"
"USW00053913","GUTHRIE MUNICIPAL AIRPORT, OK US","2024-06-15","0.00","93","72"
"USW00053913","GUTHRIE MUNICIPAL AIRPORT, OK US","2024-06-16","0.00","94","73"
"USW00053913","GUTHRIE MUNICIPAL AIRPORT, OK US","2024-06-17","0.00","93","73"
"USW00053913","GUTHRIE MUNICIPAL AIRPORT, OK US","2024-06-18","0.00","90","78"
"USW00053913","GUTHRIE MUNICIPAL AIRPORT, OK US","2024-06-19","0.02","91","69"
"USW00053913","GUTHRIE MUNICIPAL AIRPORT, OK US","2024-06-20","0.00","91","71"
"USW00053913","GUTHRIE MUNICIPAL AIRPORT, OK US","2024-06-21","0.00","94","75"
"USW00053913","GUTHRIE MUNICIPAL AIRPORT, OK US","2024-06-22","0.00","100","75"
"USW00053913","GUTHRIE MUNICIPAL AIRPORT, OK US","2024-06-23","0.00","101","77"
"USW00053913","GUTHRIE MUNICIPAL AIRPORT, OK US","2024-06-24","0.00","99","82"
"USW00053913","GUTHRIE MUNICIPAL AIRPORT, OK US","2024-06-25","0.87","102","70"
"USW00053913","GUTHRIE MUNICIPAL AIRPORT, OK US","2024-06-26","0.00","95","74"
"USW00053913","GUTHRIE MUNICIPAL AIRPORT, OK US","2024-06-27","0.00","93","69"
"USW00053913","GUTHRIE MUNICIPAL AIRPORT, OK US","2024-06-28","0.00","102","77"
"USW00053913","GUTHRIE MUNICIPAL AIRPORT, OK US","2024-06-29","0.00","101","74"
"USW00053913","GUTHRIE MUNICIPAL AIRPORT, OK US","2024-06-30","0.00","91","72"
"USW00053913","GUTHRIE MUNICIPAL AIRPORT, OK US","2024-07-01","0.00","101","77"
"USW00053913","GUTHRIE MUNICIPAL AIRPORT, OK US","2024-07-02","0.00","103","83"
"USW00053913","GUTHRIE MUNICIPAL AIRPORT, OK US","2024-07-03","0.00","99","77"
"USW00053913","GUTHRIE MUNICIPAL AIRPORT, OK US","2024-07-04","0.00","101","78"
"USW00053913","GUTHRIE MUNICIPAL AIRPORT, OK US","2024-07-05","0.01","86","65"
"USW00053913","GUTHRIE MUNICIPAL AIRPORT, OK US","2024-07-06","0.00","95","61"
"USW00053913","GUTHRIE MUNICIPAL AIRPORT, OK US","2024-07-07","1.74","83","67"
"USW00053913","GUTHRIE MUNICIPAL AIRPORT, OK US","2024-07-08","0.00","92","71"
"USW00053913","GUTHRIE MUNICIPAL AIRPORT, OK US","2024-07-09","0.00","91","67"
"USW00053913","GUTHRIE MUNICIPAL AIRPORT, OK US","2024-07-10","0.00","94","67"
"USW00053913","GUTHRIE MUNICIPAL AIRPORT, OK US","2024-07-11","0.00","99","74"
"USW00053913","GUTHRIE MUNICIPAL AIRPORT, OK US","2024-07-12","0.00","97","78"
"USW00053913","GUTHRIE MUNICIPAL AIRPORT, OK US","2024-07-13","0.00","95","76"
"USW00053913","GUTHRIE MUNICIPAL AIRPORT, OK US","2024-07-14","0.00","99","77"
"USW00053913","GUTHRIE MUNICIPAL AIRPORT, OK US","2024-07-15","0.00","102","78"
"USW00053913","GUTHRIE MUNICIPAL AIRPORT, OK US","2024-07-16","0.28","94","76"
"USW00053913","GUTHRIE MUNICIPAL AIRPORT, OK US","2024-07-17","0.22","89","71"
"USW00053913","GUTHRIE MUNICIPAL AIRPORT, OK US","2024-07-18","0.00","89","68"
"USW00053913","GUTHRIE MUNICIPAL AIRPORT, OK US","2024-07-19","0.00","90","65"
"USW00053913","GUTHRIE MUNICIPAL AIRPORT, OK US","2024-07-20","0.11","90","68"
"USW00053913","GUTHRIE MUNICIPAL AIRPORT, OK US","2024-07-21","0.00","85","69"
"USW00053913","GUTHRIE MUNICIPAL AIRPORT, OK US","2024-07-22","0.00","88","64"
"USW00053913","GUTHRIE MUNICIPAL AIRPORT, OK US","2024-07-23","0.00","92","62"
"USW00053913","GUTHRIE MUNICIPAL AIRPORT, OK US","2024-07-24","0.00","94","68"
"USW00053913","GUTHRIE MUNICIPAL AIRPORT, OK US","2024-07-25","0.00","95","68"
"USW00053913","GUTHRIE MUNICIPAL AIRPORT, OK US","2024-07-26","0.00","91","69"
"USW00053913","GUTHRIE MUNICIPAL AIRPORT, OK US","2024-07-27","0.00","91","70"
"USW00053913","GUTHRIE MUNICIPAL AIRPORT, OK US","2024-07-28","0.00","96","75"
"USW00053913","GUTHRIE MUNICIPAL AIRPORT, OK US","2024-07-29","0.00","100","77"
"USW00053913","GUTHRIE MUNICIPAL AIRPORT, OK US","2024-07-30","0.00","101","80"
"USW00053913","GUTHRIE MUNICIPAL AIRPORT, OK US","2024-07-31","0.00","102","80"
"USW00053913","GUTHRIE MUNICIPAL AIRPORT, OK US","2024-08-01","0.00","105","79"
"USW00053913","GUTHRIE MUNICIPAL AIRPORT, OK US","2024-08-02","0.11","99","74"
"USW00053913","GUTHRIE MUNICIPAL AIRPORT, OK US","2024-08-03","0.00","98","65"
"USW00053913","GUTHRIE MUNICIPAL AIRPORT, OK US","2024-08-04","0.00","101","68"
"USW00053913","GUTHRIE MUNICIPAL AIRPORT, OK US","2024-08-05","0.00","100","72"
"USW00053913","GUTHRIE MUNICIPAL AIRPORT, OK US","2024-08-06","0.00","106","71"
"USW00053913","GUTHRIE MUNICIPAL AIRPORT, OK US","2024-08-07","0.00","104","72"
"USW00053913","GUTHRIE MUNICIPAL AIRPORT, OK US","2024-08-08","0.00","97","76"
"USW00053913","GUTHRIE MUNICIPAL AIRPORT, OK US","2024-08-09","0.09","86","66"
"USW00053913","GUTHRIE MUNICIPAL AIRPORT, OK US","2024-08-10","0.04","77","64"
"USW00053913","GUTHRIE MUNICIPAL AIRPORT, OK US","2024-08-11","1.87","84","64"
"USW00053913","GUTHRIE MUNICIPAL AIRPORT, OK US","2024-08-12","0.00","91","73"
"USW00053913","GUTHRIE MUNICIPAL AIRPORT, OK US","2024-08-13","0.00","99","78"
"USW00053913","GUTHRIE MUNICIPAL AIRPORT, OK US","2024-08-14","0.00","101","81"
"USW00053913","GUTHRIE MUNICIPAL AIRPORT, OK US","2024-08-15","2.19","101","73"
"USW00053913","GUTHRIE MUNICIPAL AIRPORT, OK US","2024-08-16","0.00","99","74"
"USW00053913","GUTHRIE MUNICIPAL AIRPORT, OK US","2024-08-17","0.00","97","76"
"USW00053913","GUTHRIE MUNICIPAL AIRPORT, OK US","2024-08-18","0.00","105","76"
"USW00053913","GUTHRIE MUNICIPAL AIRPORT, OK US","2024-08-19","0.00","94","74"
"USW00053913","GUTHRIE MUNICIPAL AIRPORT, OK US","2024-08-20","0.00","91","73"
"USW00053913","GUTHRIE MUNICIPAL AIRPORT, OK US","2024-08-21","0.00","91","71"
"USW00053913","GUTHRIE MUNICIPAL AIRPORT, OK US","2024-08-22","0.00","91","71"
"USW00053913","GUTHRIE MUNICIPAL AIRPORT, OK US","2024-08-23","0.00","97","71"
"USW00053913","GUTHRIE MUNICIPAL AIRPORT, OK US","2024-08-24","0.00","99","80"
"USW00053913","GUTHRIE MUNICIPAL AIRPORT, OK US","2024-08-25","0.00","98","80"
"USW00053913","GUTHRIE MUNICIPAL AIRPORT, OK US","2024-08-26","0.00","98","75"
"USW00053913","GUTHRIE MUNICIPAL AIRPORT, OK US","2024-08-27","0.00","96","71"
"USW00053913","GUTHRIE MUNICIPAL AIRPORT, OK US","2024-08-28","0.00","96","72"
"USW00053913","GUTHRIE MUNICIPAL AIRPORT, OK US","2024-08-29","0.00","97","76"
"USW00053913","GUTHRIE MUNICIPAL AIRPORT, OK US","2024-08-30","0.00","89","73"
"USW00053913","GUTHRIE MUNICIPAL AIRPORT, OK US","2024-08-31","0.00","89","71"
"USW00053913","GUTHRIE MUNICIPAL AIRPORT, OK US","2024-09-01","0.00","93","70"
"USW00053913","GUTHRIE MUNICIPAL AIRPORT, OK US","2024-09-02","0.00","88","65"
"USW00053913","GUTHRIE MUNICIPAL AIRPORT, OK US","2024-09-03","0.00","83","67"
"USW00053913","GUTHRIE MUNICIPAL AIRPORT, OK US","2024-09-04","0.00","90","67"
"USW00053913","GUTHRIE MUNICIPAL AIRPORT, OK US","2024-09-05","0.00","94","66"
"USW00053913","GUTHRIE MUNICIPAL AIRPORT, OK US","2024-09-06","0.00","91","68"
"USW00053913","GUTHRIE MUNICIPAL AIRPORT, OK US","2024-09-07","0.00","82","62"
"USW00053913","GUTHRIE MUNICIPAL AIRPORT, OK US","2024-09-08","0.00","87","57"
"USW00053913","GUTHRIE MUNICIPAL AIRPORT, OK US","2024-09-09","0.00","88","55"
"USW00053913","GUTHRIE MUNICIPAL AIRPORT, OK US","2024-09-10","0.00","88","54"
"USW00053913","GUTHRIE MUNICIPAL AIRPORT, OK US","2024-09-11","0.00","91","65"
"USW00053913","GUTHRIE MUNICIPAL AIRPORT, OK US","2024-09-12","0.00","90","61"
"USW00053913","GUTHRIE MUNICIPAL AIRPORT, OK US","2024-09-13","0.00","93","59"
"USW00053913","GUTHRIE MUNICIPAL AIRPORT, OK US","2024-09-14","0.38","92","67"
"USW00053913","GUTHRIE MUNICIPAL AIRPORT, OK US","2024-09-15","0.00","93","70"
"USW00053913","GUTHRIE MUNICIPAL AIRPORT, OK US","2024-09-16","0.00","92","67"
"USW00053913","GUTHRIE MUNICIPAL AIRPORT, OK US","2024-09-17","0.00","91","67"
"USW00053913","GUTHRIE MUNICIPAL AIRPORT, OK US","2024-09-18","0.00","94","69"
"USW00053913","GUTHRIE MUNICIPAL AIRPORT, OK US","2024-09-19","0.00","100","75"
"USW00053913","GUTHRIE MUNICIPAL AIRPORT, OK US","2024-09-20","0.00","99","77"
"USW00053913","GUTHRIE MUNICIPAL AIRPORT, OK US","2024-09-21","0.00","99","73"
"USW00053913","GUTHRIE MUNICIPAL AIRPORT, OK US","2024-09-22","0.28","75","60"
"USW00053913","GUTHRIE MUNICIPAL AIRPORT, OK US","2024-09-23","0.10","75","58"
"USW00053913","GUTHRIE MUNICIPAL AIRPORT, OK US","2024-09-24","0.00","82","57"
"USW00053913","GUTHRIE MUNICIPAL AIRPORT, OK US","2024-09-25","0.00","86","56"
"USW00053913","GUTHRIE MUNICIPAL AIRPORT, OK US","2024-09-26","0.00","86","53"
"USW00053913","GUTHRIE MUNICIPAL AIRPORT, OK US","2024-09-27","0.00","86","52"
"USW00053913","GUTHRIE MUNICIPAL AIRPORT, OK US","2024-09-28","0.00","88","52"
"USW00053913","GUTHRIE MUNICIPAL AIRPORT, OK US","2024-09-29","0.00","90","51"
"USW00053913","GUTHRIE MUNICIPAL AIRPORT, OK US","2024-09-30","0.00","91","52"
"USW00053913","GUTHRIE MUNICIPAL AIRPORT, OK US","2024-10-01","0.00","80","56"
"USW00053913","GUTHRIE MUNICIPAL AIRPORT, OK US","2024-10-02","0.00","87","47"
"USW00053913","GUTHRIE MUNICIPAL AIRPORT, OK US","2024-10-03","0.00","93","63"
"USW00053913","GUTHRIE MUNICIPAL AIRPORT, OK US","2024-10-04","0.00","91","63"
"USW00053913","GUTHRIE MUNICIPAL AIRPORT, OK US","2024-10-05","0.00","89","61"
"USW00053913","GUTHRIE MUNICIPAL AIRPORT, OK US","2024-10-06","0.00","91","59"
"USW00053913","GUTHRIE MUNICIPAL AIRPORT, OK US","2024-10-07","0.00","84","54"
"USW00053913","GUTHRIE MUNICIPAL AIRPORT, OK US","2024-10-08","0.00","85","57"
"USW00053913","GUTHRIE MUNICIPAL AIRPORT, OK US","2024-10-09","0.00","88","59"
"USW00053913","GUTHRIE MUNICIPAL AIRPORT, OK US","2024-10-10","0.00","88","64"
"USW00053913","GUTHRIE MUNICIPAL AIRPORT, OK US","2024-10-11","0.00","90","68"
"USW00053913","GUTHRIE MUNICIPAL AIRPORT, OK US","2024-10-12","0.00","93","62"
"USW00053913","GUTHRIE MUNICIPAL AIRPORT, OK US","2024-10-13","0.00","85","59"
"USW00053913","GUTHRIE MUNICIPAL AIRPORT, OK US","2024-10-14","0.00","74","47"
"USW00053913","GUTHRIE MUNICIPAL AIRPORT, OK US","2024-10-15","0.00","75","46"
"USW00053913","GUTHRIE MUNICIPAL AIRPORT, OK US","2024-10-16","0.00","65","30"
"USW00053913","GUTHRIE MUNICIPAL AIRPORT, OK US","2024-10-17","0.00","70","41"
"USW00053913","GUTHRIE MUNICIPAL AIRPORT, OK US","2024-10-18","0.00","76","52"
"USW00053913","GUTHRIE MUNICIPAL AIRPORT, OK US","2024-10-19","0.00","78","56"
"USW00053913","GUTHRIE MUNICIPAL AIRPORT, OK US","2024-10-20","0.00","79","50"
"USW00053913","GUTHRIE MUNICIPAL AIRPORT, OK US","2024-10-21","0.00","82","56"
"USW00053913","GUTHRIE MUNICIPAL AIRPORT, OK US","2024-10-22","0.00","88","58"
"USW00053913","GUTHRIE MUNICIPAL AIRPORT, OK US","2024-10-23","0.00","90","59"
"USW00053913","GUTHRIE MUNICIPAL AIRPORT, OK US","2024-10-24","0.00","90","66"
"USW00053913","GUTHRIE MUNICIPAL AIRPORT, OK US","2024-10-25","0.00","78","56"
"USW00053913","GUTHRIE MUNICIPAL AIRPORT, OK US","2024-10-26","0.00","74","46"
"USW00053913","GUTHRIE MUNICIPAL AIRPORT, OK US","2024-10-27","0.00","79","42"
"USW00053913","GUTHRIE MUNICIPAL AIRPORT, OK US","2024-10-28","0.00","90","65"
"USW00053913","GUTHRIE MUNICIPAL AIRPORT, OK US","2024-10-29","0.00","85","69"
"USW00053913","GUTHRIE MUNICIPAL AIRPORT, OK US","2024-10-30","0.94","82","52"
"USW00053913","GUTHRIE MUNICIPAL AIRPORT, OK US","2024-10-31","0.00","64","43"
"USW00053913","GUTHRIE MUNICIPAL AIRPORT, OK US","2024-11-01","0.00","73","41"
"USW00053913","GUTHRIE MUNICIPAL AIRPORT, OK US","2024-11-02","1.15","71","58"
"USW00053913","GUTHRIE MUNICIPAL AIRPORT, OK US","2024-11-03","2.95","66","60"
"USW00053913","GUTHRIE MUNICIPAL AIRPORT, OK US","2024-11-04","1.63","66","53"
"USW00053913","GUTHRIE MUNICIPAL AIRPORT, OK US","2024-11-05","0.00","60","48"
"USW00053913","GUTHRIE MUNICIPAL AIRPORT, OK US","2024-11-06","0.00","69","45"
"USW00053913","GUTHRIE MUNICIPAL AIRPORT, OK US","2024-11-07","0.17","69","47"
"USW00053913","GUTHRIE MUNICIPAL AIRPORT, OK US","2024-11-08","1.01","63","50"
"USW00053913","GUTHRIE MUNICIPAL AIRPORT, OK US","2024-11-09","0.00","66","42"
"USW00053913","GUTHRIE MUNICIPAL AIRPORT, OK US","2024-11-10","0.00","70","43"
"USW00053913","GUTHRIE MUNICIPAL AIRPORT, OK US","2024-11-11","0.00","75","45"
"USW00053913","GUTHRIE MUNICIPAL AIRPORT, OK US","2024-11-12","0.00","74","51"
"USW00053913","GUTHRIE MUNICIPAL AIRPORT, OK US","2024-11-13","0.00","65","47"
"USW00053913","GUTHRIE MUNICIPAL AIRPORT, OK US","2024-11-14","0.00","69","36"
"USW00053913","GUTHRIE MUNICIPAL AIRPORT, OK US","2024-11-15","0.00","72","48"
"USW00053913","GUTHRIE MUNICIPAL AIRPORT, OK US","2024-11-16","0.00","73","51"
"USW00053913","GUTHRIE MUNICIPAL AIRPORT, OK US","2024-11-17","0.08","70","58"
"USW00053913","GUTHRIE MUNICIPAL AIRPORT, OK US","2024-11-18","1.03","68","50"
"USW00053913","GUTHRIE MUNICIPAL AIRPORT, OK US","2024-11-19","0.00","64","42"
"USW00053913","GUTHRIE MUNICIPAL AIRPORT, OK US","2024-11-20","0.00","57","36"
"USW00053913","GUTHRIE MUNICIPAL AIRPORT, OK US","2024-11-21","0.00","57","33"
"USW00053913","GUTHRIE MUNICIPAL AIRPORT, OK US","2024-11-22","0.00","62","31"
"USW00053913","GUTHRIE MUNICIPAL AIRPORT, OK US","2024-11-23","0.00","73","44"
"USW00053913","GUTHRIE MUNICIPAL AIRPORT, OK US","2024-11-24","0.00","77","52"
"USW00053913","GUTHRIE MUNICIPAL AIRPORT, OK US","2024-11-25","0.00","52","32"
"USW00053913","GUTHRIE MUNICIPAL AIRPORT, OK US","2024-11-26","0.00","59","27"
"USW00053913","GUTHRIE MUNICIPAL AIRPORT, OK US","2024-11-27","0.00","60","38"
"USW00053913","GUTHRIE MUNICIPAL AIRPORT, OK US","2024-11-28","0.00","49","28"
"USW00053913","GUTHRIE MUNICIPAL AIRPORT, OK US","2024-11-29","0.00","55","25"
"USW00053913","GUTHRIE MUNICIPAL AIRPORT, OK US","2024-11-30","0.00","56","34"
"USW00053913","GUTHRIE MUNICIPAL AIRPORT, OK US","2024-12-01","0.00","49","28"
"USW00053913","GUTHRIE MUNICIPAL AIRPORT, OK US","2024-12-02","0.00","51","29"
"USW00053913","GUTHRIE MUNICIPAL AIRPORT, OK US","2024-12-03","0.00","55","24"
"USW00053913","GUTHRIE MUNICIPAL AIRPORT, OK US","2024-12-04","0.00","65","35"
"USW00053913","GUTHRIE MUNICIPAL AIRPORT, OK US","2024-12-05","0.00","42","27"
"USW00053913","GUTHRIE MUNICIPAL AIRPORT, OK US","2024-12-06","0.00","53","24"
"USW00053913","GUTHRIE MUNICIPAL AIRPORT, OK US","2024-12-07","0.00","61","41"
"USW00053913","GUTHRIE MUNICIPAL AIRPORT, OK US","2024-12-08","0.00","52","45"
"USW00053913","GUTHRIE MUNICIPAL AIRPORT, OK US","2024-12-09","0.00","52","42"
"USW00053913","GUTHRIE MUNICIPAL AIRPORT, OK US","2024-12-10","0.00","47","32"
"USW00053913","GUTHRIE MUNICIPAL AIRPORT, OK US","2024-12-11","0.00",,
"USW00053913","GUTHRIE MUNICIPAL AIRPORT, OK US","2024-12-12","0.00",,
"USW00053913","GUTHRIE MUNICIPAL AIRPORT, OK US","2024-12-13","0.00",,
"USW00053913","GUTHRIE MUNICIPAL AIRPORT, OK US","2024-12-14","0.00",,
"USW00053913","GUTHRIE MUNICIPAL AIRPORT, OK US","2024-12-15","0.00","72","-99"
"USW00053913","GUTHRIE MUNICIPAL AIRPORT, OK US","2024-12-16","0.00","63","35"
"USW00053913","GUTHRIE MUNICIPAL AIRPORT, OK US","2024-12-17","0.00","69","33"
"USW00053913","GUTHRIE MUNICIPAL AIRPORT, OK US","2024-12-18","0.00","50","33"
"USW00053913","GUTHRIE MUNICIPAL AIRPORT, OK US","2024-12-19",,"54","34"
"USW00053913","GUTHRIE MUNICIPAL AIRPORT, OK US","2024-12-20",,,"29"
"USW00053913","GUTHRIE MUNICIPAL AIRPORT, OK US","2024-12-21","0.00","52","26"
"USW00053913","GUTHRIE MUNICIPAL AIRPORT, OK US","2024-12-22","0.00","61","36"
"USW00053913","GUTHRIE MUNICIPAL AIRPORT, OK US","2024-12-23","0.19","61","50"
"USW00053913","GUTHRIE MUNICIPAL AIRPORT, OK US","2024-12-24","0.59","53","48"
"USW00053913","GUTHRIE MUNICIPAL AIRPORT, OK US","2024-12-25","0.00","48","44"
"USW00053913","GUTHRIE MUNICIPAL AIRPORT, OK US","2024-12-26","0.00","55","46"
"USW00053913","GUTHRIE MUNICIPAL AIRPORT, OK US","2024-12-27","0.00",,
"USW00053913","GUTHRIE MUNICIPAL AIRPORT, OK US","2024-12-28","0.00",,
"USW00053913","GUTHRIE MUNICIPAL AIRPORT, OK US","2024-12-29","0.00",,
"USW00053913","GUTHRIE MUNICIPAL AIRPORT, OK US","2024-12-30","0.00",,
"USW00053913","GUTHRIE MUNICIPAL AIRPORT, OK US","2024-12-31","0.00","49","34"
"USW00053913","GUTHRIE MUNICIPAL AIRPORT, OK US","2025-01-01","0.00","47","24"
"USW00053913","GUTHRIE MUNICIPAL AIRPORT, OK US","2025-01-02","0.00","56","30"
"USW00053913","GUTHRIE MUNICIPAL AIRPORT, OK US","2025-01-03","0.00","46","29"
"USW00053913","GUTHRIE MUNICIPAL AIRPORT, OK US","2025-01-04","0.00","54","40"
"USW00053913","GUTHRIE MUNICIPAL AIRPORT, OK US","2025-01-05","0.01","51","17"
"USW00053913","GUTHRIE MUNICIPAL AIRPORT, OK US","2025-01-06","0.00","28","12"
"USW00053913","GUTHRIE MUNICIPAL AIRPORT, OK US","2025-01-07","0.00","34","12"
"USW00053913","GUTHRIE MUNICIPAL AIRPORT, OK US","2025-01-08","0.00","39","14"
"USW00053913","GUTHRIE MUNICIPAL AIRPORT, OK US","2025-01-09","0.16","34","28"
"USW00053913","GUTHRIE MUNICIPAL AIRPORT, OK US","2025-01-10","0.02","35","24"
"USW00053913","GUTHRIE MUNICIPAL AIRPORT, OK US","2025-01-11","0.00","50","25"
"USW00053913","GUTHRIE MUNICIPAL AIRPORT, OK US","2025-01-12","0.00","51","24"
"USW00053913","GUTHRIE MUNICIPAL AIRPORT, OK US","2025-01-13","0.00","48","18"
"USW00053913","GUTHRIE MUNICIPAL AIRPORT, OK US","2025-01-14","0.00","56","31"
"USW00053913","GUTHRIE MUNICIPAL AIRPORT, OK US","2025-01-15","0.00","53","21"
"USW00053913","GUTHRIE MUNICIPAL AIRPORT, OK US","2025-01-16","0.00","62","31"
"USW00053913","GUTHRIE MUNICIPAL AIRPORT, OK US","2025-01-17","0.00","61","40"
"USW00053913","GUTHRIE MUNICIPAL AIRPORT, OK US","2025-01-18","0.00","40","21"
"USW00053913","GUTHRIE MUNICIPAL AIRPORT, OK US","2025-01-19","0.00","28","13"
"USW00053913","GUTHRIE MUNICIPAL AIRPORT, OK US","2025-01-20","0.00","26","12"
"USW00053913","GUTHRIE MUNICIPAL AIRPORT, OK US","2025-01-21","0.00","30","2"
"USW00053913","GUTHRIE MUNICIPAL AIRPORT, OK US","2025-01-22","0.00","45","24"
"USW00053913","GUTHRIE MUNICIPAL AIRPORT, OK US","2025-01-23","0.00","42","19"
"USW00053913","GUTHRIE MUNICIPAL AIRPORT, OK US","2025-01-24","0.00","55","20"
"USW00053913","GUTHRIE MUNICIPAL AIRPORT, OK US","2025-01-25","0.00","51","34"
"USW00053913","GUTHRIE MUNICIPAL AIRPORT, OK US","2025-01-26","0.00","41","24"
"USW00053913","GUTHRIE MUNICIPAL AIRPORT, OK US","2025-01-27","0.00","50","15"
"USW00053913","GUTHRIE MUNICIPAL AIRPORT, OK US","2025-01-28","0.00","62","29"
"USW00053913","GUTHRIE MUNICIPAL AIRPORT, OK US","2025-01-29","0.18","50","41"
"USW00053913","GUTHRIE MUNICIPAL AIRPORT, OK US","2025-01-30","0.00","57","41"
"USW00053913","GUTHRIE MUNICIPAL AIRPORT, OK US","2025-01-31","0.00","59","35"
"USW00053913","GUTHRIE MUNICIPAL AIRPORT, OK US","2025-02-01","0.00","69","27"
"USW00053913","GUTHRIE MUNICIPAL AIRPORT, OK US","2025-02-02","0.00","74","40"
"USW00053913","GUTHRIE MUNICIPAL AIRPORT, OK US","2025-02-03","0.00","85","44"
"USW00053913","GUTHRIE MUNICIPAL AIRPORT, OK US","2025-02-04","0.00","43","33"
"USW00053913","GUTHRIE MUNICIPAL AIRPORT, OK US","2025-02-05","0.00","52","34"
"USW00053913","GUTHRIE MUNICIPAL AIRPORT, OK US","2025-02-06","0.00","51","33"
"USW00053913","GUTHRIE MUNICIPAL AIRPORT, OK US","2025-02-07","0.00","47","34"
"USW00053913","GUTHRIE MUNICIPAL AIRPORT, OK US","2025-02-08","0.00","52","34"
"USW00053913","GUTHRIE MUNICIPAL AIRPORT, OK US","2025-02-09","0.00","49","28"
"USW00053913","GUTHRIE MUNICIPAL AIRPORT, OK US","2025-02-10","0.00","39","28"
"USW00053913","GUTHRIE MUNICIPAL AIRPORT, OK US","2025-02-11","0.00","38","32"
"USW00053913","GUTHRIE MUNICIPAL AIRPORT, OK US","2025-02-12","0.17","32","16"
"USW00053913","GUTHRIE MUNICIPAL AIRPORT, OK US","2025-02-13","0.00","34","11"
"USW00053913","GUTHRIE MUNICIPAL AIRPORT, OK US","2025-02-14","0.00","53","22"
"USW00053913","GUTHRIE MUNICIPAL AIRPORT, OK US","2025-02-15","0.03","51","27"
"USW00053913","GUTHRIE MUNICIPAL AIRPORT, OK US","2025-02-16","0.00","35","20"
"USW00053913","GUTHRIE MUNICIPAL AIRPORT, OK US","2025-02-17","0.00","49","22"
"USW00053913","GUTHRIE MUNICIPAL AIRPORT, OK US","2025-02-18","0.00","27","5"
"USW00053913","GUTHRIE MUNICIPAL AIRPORT, OK US","2025-02-19","0.00","16","2"
"USW00053913","GUTHRIE MUNICIPAL AIRPORT, OK US","2025-02-20","0.00","22","4"
"USW00053913","GUTHRIE MUNICIPAL AIRPORT, OK US","2025-02-21","0.00","28","6"
