EVENT_ID,CZ_NAME_STR,BEGIN_LOCATION,BEGIN_DATE,BEGIN_TIME,EVENT_TYPE,MAGNITUDE,TOR_F_SCALE,DEATHS_DIRECT,INJURIES_DIRECT,DAMAGE_PROPERTY_NUM,DAMAGE_CROPS_NUM,STATE_ABBR,CZ_TIMEZONE,MAGNITUDE_TYPE,EPISODE_ID,CZ_TYPE,CZ_FIPS,WFO,INJURIES_INDIRECT,DEATHS_INDIRECT,SOURCE,FLOOD_CAUSE,TOR_LENGTH,TOR_WIDTH,BEGIN_RANGE,BEGIN_AZIMUTH,END_RANGE,END_AZIMUTH,END_LOCATION,END_DATE,END_TIME,BEGIN_LAT,BEGIN_LON,END_LAT,END_LON,EVENT_NARRATIVE,EPISODE_NARRATIVE,ABSOLUTE_ROWNUMBER
5148137,LAFAYETTE CO.,LEXINGTON,05/21/2000,1705,Tornado, ,F1,0,0,75000,0,MO,CST, ,1096330,C,107,EAX,0,0,GENERAL PUBLIC, ,1,75,7,SE,7,SE,LEXINGTON,05/21/2000,1707,39.11667,-93.78333,39.1,-93.78333,"A tornado, witnessed by two citizens, destroyed several outbuildings and damaged the roof of an earth-contact home 7 miles southeast of Lexington, MO.","Widely scattered thunderstorms developed across northern and western Missouri on the afternoon of May 21.  Numerous reports of large hail were received.  One supercell storm developed near Kingston in Caldwell County, and then tracked south-southeast through eastern Ray County into Lafayette County, before weakening south of Higginsville.  During its lifetime this storm produced hail up to golfball size, 70 mph wind gusts, and a brief tornado that touched down southeast of Lexington.",1
5143037,DUPLIN CO.,KENANSVILLE,05/21/2000,1720,Tornado,58,F0,0,0,0,0,NC,EST,E,1094477,C,61,MHX,0,0,LAW ENFORCEMENT, ,.5,50,5,N,5,N,KENANSVILLE,05/21/2000,1720,35.02,-77.95,35.02,-77.95,"Numerous trees and power lines blown down.","",2
5143387,ONSLOW CO.,CATHERINE LAKE,05/21/2000,1733,Tornado, ,F0,0,0,0,0,NC,EST, ,1094479,C,133,MHX,0,0,TRAINED SPOTTER, ,1,100, , , , ,CATHERINE LAKE,05/21/2000,1733,34.81667,-77.55,34.81667,-77.55,"A tornado touched down in western Onslow county near Ellis Airport and tracked northeast through the woods for 1 mile. The tornado was tracked by a trained spotter until it dissipated.","",3
5142883,HARDIN CO.,OWASA,05/22/2000,1935,Tornado, ,F0,0,0,0,0,IA,CST, ,1094329,C,83,DMX,0,0,FIRE DEPT/RESCUE SQUAD, ,.1,15,5,SW,5,SW,OWASA,05/22/2000,1935,42.38333,-93.26667,42.38333,-93.26667,"Brief touchdown in a field","A strong west to northwest flow was in place over the central U.S.  Embedded in the flow was a series of weak troughs of low pressure.  One of them moved through Iowa on the evening of the 22nd.  During the late afternoon and early evening hours, thunderstorms erupted along the surface trough during the period of maximum instability.  The storms were moving at over 50 MPH through an environment with an inverted V sounding.  The main product was wind.  A semi-tractortrailer truck was overturned in Interstate 35 north of Story City in Story County by winds estimated at 75 MPH.  Wind damage was also reported around the area.  A short time later, a storm produced high winds, causing damage, in Hardin County at Radcliffe.  The same parent storm dropped a tornado briefly southwest of Owasa.  The tornado was very small and did not produce any damage since it was in open country.  As the storms headed east they continued to produce high winds.  Wind caused damage in Poweshiek County at Brooklyn.  Shortly after this event the storms weakened.",4
5151471,GRAYSON CO.,LEITCHFIELD,05/23/2000,1400,Tornado, ,F3,0,16,50000000,0,KY,EST, ,1096586,C,85,LMK,0,0,LAW ENFORCEMENT, ,6,100,4,N,4,N,LEITCHFIELD,05/23/2000,1410,37.53333,-86.3,37.48333,-86.23333,"A storm survey was done by NWS personnel on Wednesday May 24. The survey found severe damage to residential and industrial structures. Three vortices combined into a single tornado north of Leitchfield, then moved east to southeast at 40 to 45 mph. The path moved through the northeast and east sections of Leitchfield and beyond. (Path length and width are estimated). The structural damaged evidenced the presence of an F3 tornado, with maximum winds around 175 mph. Houses that were virtually destroyed, but still had parts of their structure remaining above the main floor, were the basis of the F3 evaluation. Severe damage to nearby factories also supported the F3 evaluation.","",5
5151472,HART CO.,PRICEVILLE,05/23/2000,1425,Tornado, ,F0,0,0,0,0,KY,EST, ,1096586,C,99,LMK,0,0,GENERAL PUBLIC, ,.1,25,0,NW,0,NW,PRICEVILLE,05/23/2000,1425,37.36667,-85.98333,37.36667,-85.98333,"The path length and width, along with the intensity are estimates, since no damage was reported with the touchdown.","",6
5142688,HARRISON CO.,SCIO,05/23/2000,1540,Tornado, ,F2,0,0,100000,0,OH,EST, ,1094643,C,67,PBZ,0,0,NWS STORM SURVEY, ,3,200,4,S,3,SW,JEWETT,05/23/2000,1550,40.35,-81.08333,40.33,-81.06667,"An F2 tornado with maximum winds estimated at 120 MPH passed through a 3-mile section of rural Harrison County.  The tornado passed over only one residence as it moved to the east but destroyed several items on the property, including a cinder-block garage, a wooden barn, and several outbuildings.  A parked truck was lifted and turned about 90 degrees but was otherwise undamaged.  There were several large sections of heavily wooded area along the tornado's path which were completely cleared of trees.  No injuries or fatalities were reported.","",7
5147149,KNOX CO.,POWELL,05/23/2000,1605,Tornado, ,F1,0,1,0,0,TN,EST, ,1095473,C,93,MRX,0,0,LAW ENFORCEMENT, ,.5,40, , , , ,POWELL,05/23/2000,1605,36.03333,-84.03333,36.03333,-84.03333,"","Mr. Dewey Rose, a resident of Impala Mobile Home Park, was injured after the storm ripped his home off its foundation.  Winds estimated at 75-80 mph.",8
5142689,JEFFERSON CO.,BLOOMINGDALE,05/23/2000,1606,Tornado, ,F0,0,0,10000,0,OH,EST, ,1094643,C,81,PBZ,0,0,NWS STORM SURVEY, ,2,50,2,W,2,W,BLOOMINGDALE,05/23/2000,1615,40.33333,-80.85,40.33333,-80.81667,"A weak F0 tornado with maximum winds estimated at around 70 MPH touched down in a rural area 2 miles west of Bloomingdale.  As the tornado moved east it passed over US 22, downing or shearing several trees along the shoulder of the road.  As the tornado moved towards Bloomingdale it downed several more trees, but weakened as it moved into the town.  Damage in the town was limited to several shingles blown from roofs and a few downed trees.  No injuries or fatalities were reported.","",9
5151556,TAYLOR CO.,BURDICK,05/23/2000,1620,Tornado,50,F0,0,0,5000,0,KY,EST,E,1096586,C,217,LMK,0,0,NWS STORM SURVEY, ,.1,25, , , , ,BURDICK,05/23/2000,1620,37.26667,-85.38333,37.26667,-85.38333,"The NWS survey team concluded that there was a sign of a circulation and that an F0 tornado had touched down briefly. A shed was destroyed. The siding on a house was damaged. A portion of a roof was blown off a commercial building.","",10
5143457,FAIRFIELD CO.,BREMEN,05/23/2000,1700,Tornado, ,F0,0,0,50000,0,OH,EST, ,1094381,C,45,ILN,0,0,NWS STORM SURVEY, ,.5,130,2,NE,2,NE,BREMEN,05/23/2000,1705,39.71667,-82.4,39.71667,-82.4,"A weak tornado touched down briefly knocking down trees, destroying a shed,and damaging farm machinery.","",11
5143247,PERRY CO.,JUNCTION CITY,05/23/2000,1710,Tornado, ,F1,0,0,185000,0,OH,EST, ,1094679,C,127,RLX,0,0,NWS STORM SURVEY, ,2,150,3,W,3,W,JUNCTION CITY,05/23/2000,1713,39.71667,-82.35,39.71667,-82.31667,"
A tornado touched down on Jackson Township Road 371 and moved east, along County Route 9, known as Pen Road.  A slate roof of a house was ripped off and a modular home was shifted several inches off its concrete block foundation.    Further east, the roof to a trailer was ripped off.  On Palomino Road, the tornado destroyed a barn and garage.","",12
5144777,CALLOWAY CO.,MURRAY,05/23/2000,1715,Tornado, ,F0,0,0,0,0,KY,CST, ,1094616,C,35,PAH,0,0,EMERGENCY MANAGER, ,.1,20,1,W,1,W,MURRAY,05/23/2000,1715,36.61667,-88.33333,36.61667,-88.33333,"Two reliable witnesses reported a very brief tornado touchdown on the west side of Murray, just north of Highway 121. The funnel briefly touched a house roof, but no real damage occurred.","",13
5143170,CALLOWAY CO.,ALMO,05/23/2000,1730,Tornado, ,F1,0,0,50000,0,KY,CST, ,1094563,C,35,PAH,0,0,NWS STORM SURVEY, ,1.5,100,3,N,3,N,ALMO,05/23/2000,1736,36.75,-88.26667,36.71667,-88.26667,"A relatively weak F-1 tornado with maximum wind speeds near 80 MPH moved southeast across the "Almo Heights" area. Three houses sustained roof damage, mainly due to trees falling on them. The storm that spawned the tornado displayed excellent supercellular characteristics on radar throughout its path across Calloway County. Videotape of the storm's funnel cloud was shown on local media outlets. The funnel again briefly touched down in eastern Calloway County.","",14
5148147,MARION CO.,MARTEL,05/23/2000,1730,Tornado, ,F2,0,0,200000,0,OH,EST, ,1095965,C,101,CLE,0,0,NWS STORM SURVEY, ,3,200, , , , ,MARTEL,05/23/2000,1745,40.66667,-82.9,40.66667,-82.9,"A tornado touched down near Lyons Road approximately four miles west of the Town of Martel.  The observed damage path was approximately three miles in length and was oriented west to east.  The width of the path varied between 100 and 200 yards.  Five homes were damaged and two mobile homes destroyed.  One of the mobile homes was found wrapped around a large tree.","",15
5143171,CALLOWAY CO.,MURRAY,05/23/2000,1804,Tornado, ,F0,0,0,4000,0,KY,CST, ,1094564,C,35,PAH,0,0,TRAINED SPOTTER, ,.2,20,5,E,5,E,MURRAY,05/23/2000,1805,36.61667,-88.23333,36.61667,-88.23333,"The supercell thunderstorm that produced the F-1 tornado near Almo Heights in Calloway County generated another weaker, short-lived tornado between Murray and Hamlin. Spotters and sheriff deputies chasing the funnel cloud clearly observed multiple brief touchdowns in open fields and woodlands. Tree limbs were torn off. There was no structural damage. The path width was estimated to be no more than 50 feet wide.","",16
5147327,STEWART CO.,DOVER,05/23/2000,1825,Tornado, ,F1,0,0,0,0,TN,CST, ,1095674,C,161,OHX,0,0,EMERGENCY MANAGER, ,.2,25,10,WNW,10,WNW,DOVER,05/23/2000,1826,36.53333,-88,36.53333,-88,"Campers reported 2 trees blown down. The tornado dissipated over the lake as a waterspout.","",17
5143618,TYLER CO.,KIDWELL,05/23/2000,1843,Tornado, ,F1,0,0,85000,0,WV,EST, ,1094680,C,95,RLX,0,0,NWS STORM SURVEY, ,1,75, , , , ,KIDWELL,05/23/2000,1845,39.53333,-80.88333,39.53333,-80.86667,"
Several trees and an outbuilding were knocked over.  The storm moved toward the Elk Fork stream basin and ripped a roof off a house and destroyed a barn.","",18
5142592,BOLLINGER CO.,MARBLE HILL,05/23/2000,1848,Tornado, ,F0,0,0,0,0,MO,CST, ,1094595,C,17,PAH,0,0,TRAINED SPOTTER, ,.3,20,6,E,6,E,MARBLE HILL,05/23/2000,1849,37.3,-89.85,37.3,-89.85,"A spotter reported the funnel cloud "went down and back up." The path length was very short in a rural area.","",19
5143531,WASHINGTON CO.,WATERFORD,05/23/2000,1915,Tornado, ,F1,0,0,150000,0,OH,EST, ,1094679,C,167,RLX,0,0,NWS STORM SURVEY, ,1,100, , , , ,WATERFORD,05/23/2000,1917,39.53333,-81.63333,39.53333,-81.63333,"
The tornado occurred on County Route 32 near the old power plant in Waterford.   On its one mile trek, the tornado destroyed a barn, threw a piece of wood from the barn through the wall of a house and into its kitchen, and shifted several trailers, cottages, and outbuildings off their foundations.  The storm deposited roofing debris on the other side of the Muskingum River, in the town of Beverly.","",20
5142257,SCOTT CO.,BLODGETT,05/23/2000,2004,Tornado, ,F0,0,0,0,0,MO,CST, ,1094583,C,201,PAH,0,0,TRAINED SPOTTER, ,.2,30,2,N,2,N,BLODGETT,05/23/2000,2004,37.03333,-89.53333,37.03333,-89.53333,"A trained spotter reported a funnel cloud briefly touched down in open rural farm country. There was no apparent damage. Large hail with the associated thunderstorm caused most of the damage.","",21
5144958,BURKE CO.,BRIDGEWATER,05/24/2000,1646,Tornado, ,F0,0,0,50000,0,NC,EST, ,1095080,C,23,GSP,0,0,LAW ENFORCEMENT, ,.3,20, , , , ,BRIDGEWATER,05/24/2000,1647,35.71667,-81.86667,35.71667,-81.86667,"","A few thunderstorms crossed the mountains, then exploded and quickly became large supercells as they moved into the foothills late in the afternoon. The most damaging of the supercells developed in northern McDowell county and became severe along the Burke/McDowell county line near Lake James, dropping baseball size hail. This severe storm tracked southeast along the county border, producing golf ball to softball size hail all the way to the Rutherford county line. In addition to the very large hail, this supercell was able to generate a few weak (F0) tornadoes. The first tornado briefly touched down near Bridgewater and blew windows out of a house. It may also have been responsible for wind damage at a nearby mobile home park where 15 to 25 mobile homes sustained damage from both wind and hail. The second tornado developed in extreme eastern McDowell county and blew down trees across Interstate 40 before crossing into Burke county. Several motorists on Interstate 40 sighted the tornado and had their vehicles damaged by softball size hail. A resident in extreme southwest Burke county, near the Rutherford county line measured a 94 mph gust of wind as the parent supercell moved overhead. A damage survey team did not find any tornadic damage in the vicinity but suspected this may have been the actual mesocyclone on the ground.  There was extensive hail damage to homes, vehicles and plants from softball size hail that was seen "bounding" down the hillside. The third tornado developed near South Mountain State Park in northeast Rutherford county and blew down numerous trees in the vicinity of the park.  This storm went on to produce nickel to baseball size hail in Cleveland county.

Other supercell thunderstorms developed downstream in the western piedmont, producing damaging wind which blew down power lines in Newton and dime size hail north of Huntersville.  One more supercell thunderstorm developed in the wake of the previous tornadic thunderstorm and followed a similar track. However, no tornadoes were sighted. This storm did produce wind damage in Shelby where a few trees were downed, briefly blocking roads.

A slow-moving thunderstorm in Mitchell county produced excessive rainfall which resulted in 3 roads being washed out and 3 trees being washed down a hillside.",22
5144959,MCDOWELL CO.,MARION,05/24/2000,1650,Tornado, ,F0,0,0,0,0,NC,EST, ,1095080,C,111,GSP,0,0,LAW ENFORCEMENT, ,3,30,8,E,8,E,MARION,05/24/2000,1657,35.68333,-81.86667,35.68333,-81.86667,"","A few thunderstorms crossed the mountains, then exploded and quickly became large supercells as they moved into the foothills late in the afternoon. The most damaging of the supercells developed in northern McDowell county and became severe along the Burke/McDowell county line near Lake James, dropping baseball size hail. This severe storm tracked southeast along the county border, producing golf ball to softball size hail all the way to the Rutherford county line. In addition to the very large hail, this supercell was able to generate a few weak (F0) tornadoes. The first tornado briefly touched down near Bridgewater and blew windows out of a house. It may also have been responsible for wind damage at a nearby mobile home park where 15 to 25 mobile homes sustained damage from both wind and hail. The second tornado developed in extreme eastern McDowell county and blew down trees across Interstate 40 before crossing into Burke county. Several motorists on Interstate 40 sighted the tornado and had their vehicles damaged by softball size hail. A resident in extreme southwest Burke county, near the Rutherford county line measured a 94 mph gust of wind as the parent supercell moved overhead. A damage survey team did not find any tornadic damage in the vicinity but suspected this may have been the actual mesocyclone on the ground.  There was extensive hail damage to homes, vehicles and plants from softball size hail that was seen "bounding" down the hillside. The third tornado developed near South Mountain State Park in northeast Rutherford county and blew down numerous trees in the vicinity of the park.  This storm went on to produce nickel to baseball size hail in Cleveland county.

Other supercell thunderstorms developed downstream in the western piedmont, producing damaging wind which blew down power lines in Newton and dime size hail north of Huntersville.  One more supercell thunderstorm developed in the wake of the previous tornadic thunderstorm and followed a similar track. However, no tornadoes were sighted. This storm did produce wind damage in Shelby where a few trees were downed, briefly blocking roads.

A slow-moving thunderstorm in Mitchell county produced excessive rainfall which resulted in 3 roads being washed out and 3 trees being washed down a hillside.",23
5144961,BURKE CO.,MORGANTON,05/24/2000,1657,Tornado, ,F0,0,0,0,0,NC,EST, ,1095080,C,23,GSP,0,0,LAW ENFORCEMENT, ,1,30,11,WSW,11,WSW,MORGANTON,05/24/2000,1700,35.68333,-81.88333,35.68333,-81.88333,"","A few thunderstorms crossed the mountains, then exploded and quickly became large supercells as they moved into the foothills late in the afternoon. The most damaging of the supercells developed in northern McDowell county and became severe along the Burke/McDowell county line near Lake James, dropping baseball size hail. This severe storm tracked southeast along the county border, producing golf ball to softball size hail all the way to the Rutherford county line. In addition to the very large hail, this supercell was able to generate a few weak (F0) tornadoes. The first tornado briefly touched down near Bridgewater and blew windows out of a house. It may also have been responsible for wind damage at a nearby mobile home park where 15 to 25 mobile homes sustained damage from both wind and hail. The second tornado developed in extreme eastern McDowell county and blew down trees across Interstate 40 before crossing into Burke county. Several motorists on Interstate 40 sighted the tornado and had their vehicles damaged by softball size hail. A resident in extreme southwest Burke county, near the Rutherford county line measured a 94 mph gust of wind as the parent supercell moved overhead. A damage survey team did not find any tornadic damage in the vicinity but suspected this may have been the actual mesocyclone on the ground.  There was extensive hail damage to homes, vehicles and plants from softball size hail that was seen "bounding" down the hillside. The third tornado developed near South Mountain State Park in northeast Rutherford county and blew down numerous trees in the vicinity of the park.  This storm went on to produce nickel to baseball size hail in Cleveland county.

Other supercell thunderstorms developed downstream in the western piedmont, producing damaging wind which blew down power lines in Newton and dime size hail north of Huntersville.  One more supercell thunderstorm developed in the wake of the previous tornadic thunderstorm and followed a similar track. However, no tornadoes were sighted. This storm did produce wind damage in Shelby where a few trees were downed, briefly blocking roads.

A slow-moving thunderstorm in Mitchell county produced excessive rainfall which resulted in 3 roads being washed out and 3 trees being washed down a hillside.",24
5145053,RUTHERFORD CO.,RUTHERFORDTON,05/24/2000,1720,Tornado, ,F0,0,0,0,0,NC,EST, ,1095080,C,161,GSP,0,0,LAW ENFORCEMENT, ,2,30,20,NE,20,NE,RUTHERFORDTON,05/24/2000,1725,35.57,-81.71667,35.57,-81.71667,"","A few thunderstorms crossed the mountains, then exploded and quickly became large supercells as they moved into the foothills late in the afternoon. The most damaging of the supercells developed in northern McDowell county and became severe along the Burke/McDowell county line near Lake James, dropping baseball size hail. This severe storm tracked southeast along the county border, producing golf ball to softball size hail all the way to the Rutherford county line. In addition to the very large hail, this supercell was able to generate a few weak (F0) tornadoes. The first tornado briefly touched down near Bridgewater and blew windows out of a house. It may also have been responsible for wind damage at a nearby mobile home park where 15 to 25 mobile homes sustained damage from both wind and hail. The second tornado developed in extreme eastern McDowell county and blew down trees across Interstate 40 before crossing into Burke county. Several motorists on Interstate 40 sighted the tornado and had their vehicles damaged by softball size hail. A resident in extreme southwest Burke county, near the Rutherford county line measured a 94 mph gust of wind as the parent supercell moved overhead. A damage survey team did not find any tornadic damage in the vicinity but suspected this may have been the actual mesocyclone on the ground.  There was extensive hail damage to homes, vehicles and plants from softball size hail that was seen "bounding" down the hillside. The third tornado developed near South Mountain State Park in northeast Rutherford county and blew down numerous trees in the vicinity of the park.  This storm went on to produce nickel to baseball size hail in Cleveland county.

Other supercell thunderstorms developed downstream in the western piedmont, producing damaging wind which blew down power lines in Newton and dime size hail north of Huntersville.  One more supercell thunderstorm developed in the wake of the previous tornadic thunderstorm and followed a similar track. However, no tornadoes were sighted. This storm did produce wind damage in Shelby where a few trees were downed, briefly blocking roads.

A slow-moving thunderstorm in Mitchell county produced excessive rainfall which resulted in 3 roads being washed out and 3 trees being washed down a hillside.",25
5150393,LOGAN CO.,AUBURN,05/24/2000,1724,Tornado, ,F0,0,0,0,0,KY,EST, ,1096587,C,141,LMK,0,0,LAW ENFORCEMENT, ,.1,25, , , , ,AUBURN,05/24/2000,1724,36.86667,-86.7,36.86667,-86.7,"A tornado touched down briefly along Liberty Church Road in Auburn. The path length and width are estimated. No damage was done, so the intensity is also an estimate.","",26
5178476,SANPETE CO.,GUNNISON,05/24/2000,1745,Tornado, ,F0,0,0,0,0,UT,MST, ,1105843,C,39,SLC,0,0,GENERAL PUBLIC, ,.2,25, , , , ,GUNNISON,05/24/2000,1750,39.15,-111.81667,39.15,-111.81667,"","A severe thunderstorm spawned a small tornado as it made its way through Sanpete County. An eyewitness spotted the F0 tornado as it touched down just south of Highway 89, about 5 miles east of Gunnison. It crossed the highway, pelting the eyewitnesses car with mud and debris and causing some power lines to arc. The tornado was on the ground for only a few minutes. As the thunderstorm continued to track northward, Manti clocked 60mph (52kts) winds, with tree damage noted at the LDS Temple in town. Trees were also blown over in Spring City and Mt. Pleasant. There was also some damage to one home and a city building in Mt. Pleasant from the thunderstorm winds. Several turkey barns were also damaged in Fairview.",27
5146062,TROUSDALE CO.,WILLARD,05/24/2000,1810,Tornado, ,F1,0,0,0,0,TN,CST, ,1095676,C,169,OHX,0,0,TRAINED SPOTTER, ,4,25, , , , ,WILLARD,05/24/2000,1819,36.45,-86.18333,36.4,-86.15,"Trained spotter tracked this tornado from around Willard to Hartsville. Trees were blown down.","",28
5146794,DELAWARE CO.,GROVE,05/24/2000,1924,Tornado, ,F0,0,0,0,0,OK,CST, ,1095531,C,41,TSA,0,0,FIRE DEPT/RESCUE SQUAD, ,.2,50,1,E,1,E,GROVE,05/24/2000,1924,36.58333,-94.75,36.58333,-94.75,"A tornado touched down briefly just east of Grove.  No damage was reported.","",29
5146798,MAYES CO.,PRYOR,05/24/2000,1942,Tornado, ,F0,0,0,0,0,OK,CST, ,1095531,C,97,TSA,0,0,EMERGENCY MANAGER, ,.2,50,5,N,5,N,PRYOR,05/24/2000,1942,36.36667,-95.31667,36.36667,-95.31667,"A tornado touched down briefly north of Pryor.  No damage was reported.","",30
5150401,WARREN CO.,BOWLING GREEN,05/24/2000,1945,Tornado, ,F0,0,0,0,0,KY,EST, ,1096587,C,227,LMK,0,0,EMERGENCY MANAGER, ,.1,25, , , , ,BOWLING GREEN,05/24/2000,1945,36.98333,-86.43333,36.98333,-86.43333,"No damage was reported, so path length and width, and tornado intensity are estimated.","",31
5146800,MAYES CO.,LOCUST GROVE,05/24/2000,1957,Tornado, ,F0,0,0,0,0,OK,CST, ,1095531,C,97,TSA,0,0,EMERGENCY MANAGER, ,.2,50,5,NE,5,NE,LOCUST GROVE,05/24/2000,1957,36.25,-95.1,36.25,-95.1,"A tornado touched down briefly.  No damage was reported.","",32
5148441,BAXTER CO.,GASSVILLE,05/24/2000,2116,Tornado, ,F1,0,0,0,0,AR,CST, ,1096532,C,5,LZK,0,0,NWS STORM SURVEY, ,1,30,2,SE,2,SE,GASSVILLE,05/24/2000,2120,36.26667,-92.46667,36.25,-92.46667,"A weak tornado affected the Rim Shoals Recreational Area along the White River...which is located about 2 miles southeast of Gassville in Baxter County. The tornado demolished a pavilion at a campground and damaged a couple of rental cabins. Several dozen trees were blown down, with one tree falling on a spot where a tent had been located.  The tent was being used by three campers, with the campers evacuated to a permanent building by one of the owners of the campground. The owner evacuated the campers not long after a tornado warning had been issued for the area. The tent has never been found.","",33
5148443,MARION CO.,REA VLY,05/24/2000,2120,Tornado, ,F1,0,0,0,0,AR,CST, ,1096534,C,89,LZK,0,0,NWS STORM SURVEY, ,.4,20,0,N,0,N,REA VLY,05/24/2000,2121,36.21667,-92.53333,36.21667,-92.53333,"A weak tornado affected areas near Rea Valley in Marion County...which is about 3 miles south of 
Cotter.  The tornado was on the ground briefly, and knocked down a few large trees.","",34
5148442,BAXTER CO.,MOUNTAIN HOME,05/24/2000,2135,Tornado, ,F0,0,0,0,0,AR,CST, ,1096533,C,5,LZK,0,0,NWS STORM SURVEY, ,.2,15,5,S,5,S,MOUNTAIN HOME,05/24/2000,2135,36.26667,-92.38333,36.26667,-92.38333,"A weak tornado affected the community of Shady Grove...which is about 5 miles south of Mountain Home in Baxter County. The tornado was on the ground briefly, and caused only minor tree damage.","",35
5149905,STONE CO.,OPTIMUS,05/24/2000,2150,Tornado, ,F1,0,0,0,0,AR,CST, ,1096555,C,137,LZK,0,0,NWS STORM SURVEY, ,1.3,25,4,E,4,E,OPTIMUS,05/24/2000,2152,36.05,-92.06667,36.03333,-92.06667,"A weak tornado affected areas about 3 to 4 miles east of Optimus in Stone County...mainly in the Boswell Access Area of the White River. The tornado mostly caused tree damage before moving into Izard County.","",36
5149906,IZARD CO.,BOSWELL,05/24/2000,2152,Tornado, ,F1,0,0,0,0,AR,CST, ,1096556,C,65,LZK,0,0,NWS STORM SURVEY, ,.6,25,0,S,0,S,BOSWELL,05/24/2000,2153,36.03333,-92.05,36.01667,-92.05,"A weak tornado moved from eastern Stone County into western Izard County...mainly affecting areas near Boswell. The tornado mainly caused tree damage before dissipating.","",37
5146813,OKFUSKEE CO.,OKFUSKEE,05/24/2000,2234,Tornado, ,F0,0,0,0,0,OK,CST, ,1095531,C,107,TSA,0,0,TRAINED SPOTTER, ,.2,50,10,N,10,N,OKFUSKEE,05/24/2000,2234,35.75,-96.23333,35.75,-96.23333,"A tornado touched down briefly.  No damage was reported.","",38
5146065,DAVIDSON CO.,(BNA)NASHVILLE METRO,05/24/2000,2258,Tornado, ,F1,0,0,20000,0,TN,CST, ,1095676,C,37,OHX,0,0,EMERGENCY MANAGER, ,.8,100,7,W,7,W,(BNA)NASHVILLE METRO,05/24/2000,2300,36.13333,-86.8,36.13333,-86.8,"Trees  blown down on Belmont and Caldwell Ave.","",39
5146066,DAVIDSON CO.,(BNA)NASHVILLE METRO,05/24/2000,2300,Tornado, ,F1,0,0,20000,0,TN,CST, ,1095676,C,37,OHX,0,0,EMERGENCY MANAGER, ,.3,100,7,W,7,W,(BNA)NASHVILLE METRO,05/24/2000,2303,36.13333,-86.8,36.13333,-86.8,"Trees blown down on Woodmont Blvd. and Granny White Pike and onto I-440.","",40
5146067,RUTHERFORD CO.,SMYRNA,05/24/2000,2350,Tornado, ,F0,0,0,0,0,TN,CST, ,1095676,C,149,OHX,0,0,LAW ENFORCEMENT, ,.4,10, , , , ,SMYRNA,05/24/2000,2351,35.98333,-86.53333,35.98333,-86.53333,"Smyrna police reported  a tornado with numerous trees down and power out.","",41
5147433,BENTON CO.,CAMDEN,05/25/2000,130,Tornado, ,F1,0,0,0,0,TN,CST, ,1095675,C,5,OHX,0,0,EMERGENCY MANAGER, ,5.4,50,11,SSW,11,SSW,CAMDEN,05/25/2000,140,35.91667,-88.16667,35.83333,-88.1,"Trees and power lines down.","",42
5146454,HICKMAN CO.,CENTERVILLE,05/25/2000,200,Tornado, ,F2,0,3,50000,0,TN,CST, ,1095676,C,81,OHX,0,0,NWS STORM SURVEY, ,7.8,440,4,SE,4,SE,CENTERVILLE,05/25/2000,214,35.73333,-87.41667,35.73333,-87.41667,"The tornado demolished a home on Mobley Ridge Road, injuring 3 people. Many  trees were blown down ...especially on the Natchez Trace Parkway. 33 homes were damaged and 3 barns were destroyed.","",43
5146455,MAURY CO.,WILLIAMSPORT,05/25/2000,220,Tornado, ,F1,0,0,0,0,TN,CST, ,1095676,C,119,OHX,0,0,NWS STORM SURVEY, ,1,220,3,W,3,W,WILLIAMSPORT,05/25/2000,222,35.68333,-87.26667,35.68333,-87.25,"Trees were down. The hardest hit area was the southern part of Greenfield Bend Rd.","",44
5146456,MAURY CO.,COLUMBIA,05/25/2000,226,Tornado, ,F1,0,0,0,0,TN,CST, ,1095676,C,119,OHX,0,0,NWS STORM SURVEY, ,.5,100,7,W,7,W,COLUMBIA,05/25/2000,227,35.61667,-87.16667,35.61667,-87.16667,"Trees were down.  The hardest hit area was at the intersection of Morel Road and Cross Bridges Road.","",45
5146457,MAURY CO.,FOUNTAIN HGTS,05/25/2000,235,Tornado, ,F2,0,0,0,0,TN,CST, ,1095676,C,119,OHX,0,0,NWS STORM SURVEY, ,2.5,220, , , , ,FOUNTAIN HGTS,05/25/2000,240,35.55,-86.96667,35.53333,-86.93333,"The tornado started near Goose Creek Road and Old Highway 50. Many large trees...including well established oak trees...were uprooted. A garage was demolished near Fountain Heights.","",46
5145305,EL PASO CO.,RUSH,05/25/2000,1540,Tornado, ,F0,0,0,5000,0,CO,MST, ,1094981,C,41,PUB,0,0,TRAINED SPOTTER, ,.5,30, , , , ,RUSH,05/25/2000,1542,38.83333,-104.08333,38.83333,-104.08333,"A severe thunderstorm spawned a small, weak tornado in and near Rush in extreme east central El Paso county.  Damage occurred along a narrow 1/2 mile long path from northwest to southeast through Rush.  Roofing material was partially ripped off a store, a window was blown out of a van, and several large limbs were ripped off a tree.","",47
5178479,SALT LAKE CO.,HOLLADAY,05/25/2000,1720,Tornado, ,F0,0,0,100000,0,UT,MST, ,1105845,C,35,SLC,0,0,GENERAL PUBLIC, ,.3,30, , , , ,HOLLADAY,05/25/2000,1725,40.66667,-111.81667,40.66667,-111.81667,"A small tornado touched down in the Salt Lake City suburb of Holladay in the early evening hours. The F0 tornado ripped apart a sheet metal roof on the receiving dock of an Albertson's Supermarket, and a Goodyear Tire Store reported minor damage to the roof and a sign. Several cars at the tire store had their windows blown out as well. Luckily, there were no injuries reported.","",48
5142698,LUBBOCK CO.,SHALLOWATER,05/25/2000,1727,Tornado, ,F0,0,0,0,0,TX,CST, ,1094526,C,303,LUB,0,0,TRAINED SPOTTER, ,.5,50,3,S,3,S,SHALLOWATER,05/25/2000,1735,33.63333,-101.98333,33.65,-101.96667,"A storm spotter reported a tornado touchdown in an open field east of Farm-to-Market Road 179 and south of Farm-to-Market Road 2641.  The tornado remained over open country during its lifetime resulting in no damage.  No NWS storm survey was conducted.","",49
5145401,UNION CO.,ADAMSBURG,05/25/2000,1900,Tornado, ,F1,0,0,0,0,SC,EST, ,1095083,C,87,GSP,0,0,LAW ENFORCEMENT, ,1,20, , , , ,ADAMSBURG,05/25/2000,1900,34.8,-81.53333,34.8,-81.53333,"","Training multi-cell thunderstorms, some of which became supercells, tracked east across the Upstate during the afternoon and evening. A couple of the storms were particularly intense, producing long swaths of golf ball size hail and widespread wind damage. Trees were downed in Calhoun Falls. Golf ball size hail covered the ground for some time in northern Union county. Trees and power lines were blown down in the Travelers Rest area - some falling on houses and a sport utility vehicle. On the eastern shore of Lake Hartwell in Anderson county, 44 trees were uprooted or snapped off and several docks were blown onto the shore. Scattered trees were downed from Taylors to near the GSP Airport. Two people were slightly injured and equipment was damaged when a tent blew down at an outdoor church function in Taylors. Trees and power lines were downed from Reidville to Pacolet, across northern Union county and much of Chester county. Extensive damage to homes and businesses occurred due to falling trees and power poles near Roebuck, Whitestone, and Pacolet. More than 12,000 people were left without power in these areas. Northwest of Union a roof was blown off a trailer, 25 trees were downed - some on cars, and a billboard was blown down.  A tornado was embedded in a large downburst in Adamsburg which damaged a camper, blew a large pontoon boat 75 yards, and produced extensive damage to trees and power lines. The downburst covered several square miles. Cars were damaged by falling trees in Baton Rouge and a roof was blown off a barn in Chester.",50
5142391,DEAF SMITH CO.,DAWN,05/25/2000,1951,Tornado, ,F0,0,0,0,0,TX,CST, ,1094843,C,117,AMA,0,0,AMATEUR RADIO, ,.5,25,1,W,1,W,DAWN,05/25/2000,1954,34.91667,-102.21667,34.91667,-102.21667,"Amateur radio trained storm spotters reported a brief tornado touchdown.  The tornado track and path width were estimated.","Severe thunderstorms blasted through the southern half of the Texas panhandle during the evening hours with large and damaging hail and a brief tornado.  There was some sporadic flooding of roads and highways in the eastern Texas panhandle.  An estimated ten million dollars in damage noted across Randall and Potter counties.",51
5147230,WOODS CO.,DACOMA,05/25/2000,2225,Tornado, ,F2,0,0,50000,0,OK,CST, ,1096307,C,151,OUN,0,0,NWS STORM SURVEY, ,8,250,7,SSW,7,SSW,DACOMA,05/25/2000,2242,36.56667,-98.61667,36.66667,-98.55,"This tornado was confirmed by a damage survey from the National Weather Service and is believed to have formed about 1/4 mile southwest of the intersection of State Highway 45 and NS246 Road in Woods County, or about 7 miles south-southwest of Dacoma, where significant tree damage was evident. Dozens of large, mature trees were stripped of most limbs, and many others were pushed over mostly in a northwestward direction, but not lofted. Then at the intersection of State Highway 45 and NS246 Road the property of the Green Valley Church sustained massive damage, most significant of which occurred to the community center, a 40 foot by 20 foot wooden structure that was completely destroyed. All exterior walls, 4 total, and the 2 interior walls were made of wood and entirely displaced from the foundation with debris located near the west edge of the foundation extending northwestward about 100 feet. On the same lot, just west and north of the community center, 3 to 4 large mature trees were either pushed over to the west and northwest or largely stripped of their limbs. The roof of the parsonage located approximately 50 feet north of the community center and just north of 2 pushed-over trees, also was heavily damaged. A 15 foot section of the gable-style roof was blown off the back side of the house and lofted eastward about 50 feet. Two large mature trees located northeast of the house were pushed over in a north-northwestward direction. Lesser damage on the property occurred to the garage, located immediately northeast of the community center, where several windows were broken and numerous roof shingles were missing. Several large bales of hay also rolled westward approximately 125 feet and were embedded in structure and tree debris. 

Damage to the Green Valley Community Center 6 miles SSW of Dacoma is the basis for the F2 rating. As the accompanying photo (below listing of tornado at 2225 CST) shows, this building was completely destroyed with most of the debris found to the northwest of the foundation. 

As the tornado tracked northeastward, a 1 mile long path of tree damage was evident on both sides of EW29 Road. Most trees had numerous limbs blown off or were damaged, while fewer trees were blown over, with the majority of trees north of the road blown over to the north and trees south of the road blown over to the east. Minor structural damage was also observed about 1/4 mile south of EW29 Road. Along NS249 Road an uninhabited house sustained significant damage to the east portion thought to be a garage, which was pushed over to the north. Numerous shingles were missing from the remainder of the house roof. A flag pole on the west side of the lot was bent to the northwest, while dozens of large mature trees north and northeast of the house were heavily damaged, with most of the them missing numerous limbs, while others were pushed over. This tree damage continued northward to EW27 Road. On the southeast side of Dacoma, an old barn was blown over, while another barn of tin construction had part of its roof blown off, with debris scattered northward a short distance. The tornado dissipated 1 mile east-northeast of Dacoma where 3-4 inch diameter tree limbs were downed.","Severe thunderstorms first developed across portions of western and northern Oklahoma during the evening of the 25th, resulting in 4 confirmed tornadoes, one rated F2, and other areas of straight-line wind damage and large hail. Then during the early morning hours of the 26th, a line of severe thunderstorms formed across southwest Oklahoma and raced eastward into southeast Oklahoma, resulting in widespread damage from winds estimated between 80 and 100 mph at times.",52
5147231,ALFALFA CO.,CARMEN,05/25/2000,2253,Tornado, ,F1,0,0,15000,0,OK,CST, ,1096307,C,3,OUN,0,0,NWS STORM SURVEY, ,7,50,5,E,5,E,CARMEN,05/26/2000,2307,36.58333,-98.36667,36.65,-98.3,"This tornado, rated F1, touched down about 5 miles east of Carmen about ½ mile south of the intersection of EW29 Road and NS260 Road in Alfalfa County where scattered damage to trees was observed. At the intersection of EW29 Road and NS260 Road, very large limbs, some a foot or more in diameter, were blown off dozens of trees, while numerous other trees were pushed over. There was also damage to an oil storage tank made of metal. A telephone pole at the intersection was recently replaced and is assumed to have been downed during the tornado. A west to east chain link fence approximately 100 to 200 feet long was also downed southward. Major tree damage was then observed at a property about ½ mile northeast of this location with many trees laying in a westward direction. A well-designed brick home near the trees, lost dozens perhaps hundreds of shingles, especially on the west side of the house. About 1 mile northeast of this location another house sustained a broken window on the north side of the house and minor roof damage, consisting mostly of missing roof shingles. Metal siding was partially peeled back from a nearby storage barn, and a medium-aged pine tree on the west side of the house was snapped halfway to the top. Near the intersection of EW27 Road and NS262 Road damage was observed to 2 metal barns. One barn had sheet metal peeled back on the roof and west and east sides. The roof of a storage building was also blown off in an eastward direction and left nearly intact on the ground. About ½ to 1 mile north and east of this location a poorly constructed barn sustained minor roof and west-side wall damage, while another barn constructed of metal had its 2 west-facing doors blown inward and partially detached from its hinges. Continuing northward trees sustained major damage, and a grain storage silo was tossed a short distance eastward from its original location. The last area of damage was observed about ½ mile north of US Highway 64 on NS264 Road where 4 pieces of sheet metal were blown off a storage barn.","Severe thunderstorms first developed across portions of western and northern Oklahoma during the evening of the 25th, resulting in 4 confirmed tornadoes, one rated F2, and other areas of straight-line wind damage and large hail. Then during the early morning hours of the 26th, a line of severe thunderstorms formed across southwest Oklahoma and raced eastward into southeast Oklahoma, resulting in widespread damage from winds estimated between 80 and 100 mph at times.",53
5148385,MAJOR CO.,FAIRVIEW,05/25/2000,2300,Tornado, ,F1,0,0,25000,0,OK,CST, ,1096307,C,93,OUN,0,0,STORM CHASER, ,10.5,220,10,WSW,10,WSW,FAIRVIEW,05/25/2000,2314,36.21667,-98.65,36.23333,-98.46667,"This tornado formed about 10 miles west-southwest of Fairview in Major County and tracked northeastward mainly over farmland before dissipating. Although most of the damage was sustained to trees, which alone warranted an F1 rating, a house was partially unroofed 2 miles southwest of Cedar Springs, while a travel trailer and barn were destroyed.","Severe thunderstorms first developed across portions of western and northern Oklahoma during the evening of the 25th, resulting in 4 confirmed tornadoes, one rated F2, and other areas of straight-line wind damage and large hail. Then during the early morning hours of the 26th, a line of severe thunderstorms formed across southwest Oklahoma and raced eastward into southeast Oklahoma, resulting in widespread damage from winds estimated between 80 and 100 mph at times.",54
5147234,GARFIELD CO.,WAUKOMIS,05/25/2000,2355,Tornado, ,F0,0,0,0,500,OK,CST, ,1096307,C,47,OUN,0,0,EMERGENCY MANAGER, ,.5,25,1,NNW,1,NNW,WAUKOMIS,05/25/2000,2356,36.3,-97.9,36.3,-97.9,"This tornado, rated F0, formed about 1 mile north-northwest of Waukomis in Garfield County and was embedded in a large line of strong to severe thunderstorms which moved through much of Garfield County. The tornado produced 2 narrow areas of damage to wheat crop near the railroad track about 1/2 mile west of Highway 81 before dissipating.","Severe thunderstorms first developed across portions of western and northern Oklahoma during the evening of the 25th, resulting in 4 confirmed tornadoes, one rated F2, and other areas of straight-line wind damage and large hail. Then during the early morning hours of the 26th, a line of severe thunderstorms formed across southwest Oklahoma and raced eastward into southeast Oklahoma, resulting in widespread damage from winds estimated between 80 and 100 mph at times.",55
5146465,DAVIDSON CO.,(BNA)NASHVILLE METRO,05/26/2000,1145,Tornado, ,F1,0,0,20000,0,TN,CST, ,1095678,C,37,OHX,0,0,EMERGENCY MANAGER, ,1.3,500,6,SW,6,SW,(BNA)NASHVILLE METRO,05/26/2000,1150,36.06667,-86.76667,36.08333,-86.75,"Numerous trees and power lines down. The tornado started around Overton and Hill Road. It ended at Marchant Drive, near the Ellington Agricultural Center.","",56
5142256,BOLLINGER CO.,STURDIVANT,05/26/2000,1404,Tornado, ,F1,0,0,75000,0,MO,CST, ,1094582,C,17,PAH,0,0,EMERGENCY MANAGER, ,1.5,150,2,N,2,N,STURDIVANT,05/26/2000,1407,37.08333,-90.01667,37.08333,-90,"The tornado caused moderate to heavy damage to one residence, and minor damage to a second residence. Tree limbs were speared into walls of the heavily damaged home. Three storage buildings and a horse barn were destroyed. A number of trees were uprooted.","",57
5144774,NEW MADRID CO.,PORTAGEVILLE,05/26/2000,1420,Tornado, ,F0,0,0,20000,0,MO,CST, ,1094613,C,143,PAH,0,0,LAW ENFORCEMENT, ,.5,40,5,W,5,W,PORTAGEVILLE,05/26/2000,1422,36.43333,-89.78333,36.43333,-89.78333,"State highway patrol officers reported a brief tornado along Highway 162 between Gideon and Portageville. Telephone poles were down, and a large barn was destroyed.","",58
5149555,NODAWAY CO.,MARYVILLE,05/26/2000,1656,Tornado, ,F1,0,0,50000,0,MO,CST, ,1096334,C,147,EAX,0,0,GENERAL PUBLIC, ,1,50,2,S,2,S,MARYVILLE,05/26/2000,1659,40.33333,-94.86667,40.35,-94.86667,"A tornado touched down 1.5 smiles south of Maryville and traveled north for approximately one mile, damaging or destroying three farm outbuildings 1 mile south of Maryville.  The homeowner witnessed the brief tornadic spin-up, and observed rotation in the debris as the tornado moved through the area.","Thunderstorms developed rapidly in northeast Kansas and northwest Missouri ahead of an approaching cold front.  The storms moved eastward across northern Missouri, producing widespread hail and wind damage, as well as three brief tornadoes.   From the late evening hours of the 26th into early morning on the 27th, storms began to train in parts of central Missouri, dropping excessive rain on ground that was already saturated from an earlier rain event, resulting in flash flooding.",59
5146097,HASKELL CO.,HASKELL,05/26/2000,1658,Tornado, ,F0,0,0,0,0,TX,CST, ,1095566,C,207,SJT,0,0,TRAINED SPOTTER, ,.1,15, , , , ,HASKELL,05/26/2000,1658,33.16667,-99.75,33.16667,-99.75,"A brief tornado touchdown was reported just south of Haskell. No damage was reported.","A supercell moved across the northern Big Country during the evening of the 26th. Brief tornado touchdowns were reported just south of Haskell and east of Throckmorton, while baseball size hail pounded northern Throckmorton County and the community of Elbert.",60
5146466,BENTON CO.,BIG SANDY,05/26/2000,1710,Tornado, ,F1,0,0,0,0,TN,CST, ,1095678,C,5,OHX,0,0,NWS STORM SURVEY, ,5.8,500,2,N,2,N,BIG SANDY,05/26/2000,1717,36.26667,-88.08333,36.3,-88,"Several homes had damage by trees falling on them. Other homes had shingles peeled off. The hardest hit areas were New Hope Road, Fanning road and Morris Wheatley Road.","",61
5144772,CALLOWAY CO.,MIDWAY,05/26/2000,1730,Tornado, ,F2,0,4,250000,0,KY,CST, ,1094611,C,35,PAH,0,0,NWS STORM SURVEY, ,1.5,300,1,SSE,1,SSE,MIDWAY,05/26/2000,1734,36.55,-88.31667,36.56667,-88.31667,"The peak intensity of the tornado was rated F-2, with estimated maximum winds near 125 MPH. Although the tornado was only on the ground for a mile or two, it struck the small community of Midway directly, causing extensive damage. Two mobile homes housing migrant workers were destroyed. One of the persons in a mobile home was seriously injured. Three others sustained relatively minor injuries. A used car dealership and a grocery store sustained major damage to roofs and walls. Several additional homes, mobile homes, and barns received moderate to major damage. Numerous trees in the area were downed or uprooted. U.S. Highway 641 was closed for about 18 hours south of Murray due to debris and power lines across the road. The owner of the grocery and an attached home estimated his losses at just under 100,000 dollars.","",62
5146467,STEWART CO.,DOVER,05/26/2000,1733,Tornado, ,F1,0,0,0,0,TN,CST, ,1095678,C,161,OHX,0,0,NWS STORM SURVEY, ,.3,100,9,SW,9,SW,DOVER,05/26/2000,1734,36.4,-87.95,36.4,-87.93333,"Homes damaged at East Fork Leatherwood Road.","",63
5146543,STEWART CO.,DOVER,05/26/2000,1741,Tornado, ,F1,0,0,0,0,TN,CST, ,1095678,C,161,OHX,0,0,NWS STORM SURVEY, ,.2,100,5,SW,5,SW,DOVER,05/26/2000,1741,36.43333,-87.9,36.43333,-87.9,"Homes were damaged on One tree was uprooted and fell on a house on Standing Rock Road.","",64
5147616,WASHITA CO.,COLONY,05/26/2000,1812,Tornado, ,F0,0,0,500,0,OK,CST, ,1096308,C,149,OUN,0,0,STORM CHASER, ,2.5,25,2,SSE,2,SSE,COLONY,05/26/2000,1828,35.31667,-98.66667,35.33333,-98.63333,"This tornado formed 2 miles south-southeast of Colony in Washita County and was seen by several storm chasers moving slowly eastward, but at times appeared to move back westward, before reaching the Washita/Caddo County line at 1828 CST and dissipating. Tree branches and pieces of metal were observed swirling around the tornado and have been used to rate this tornado F0.","Severe thunderstorms formed over portions of western and central Oklahoma during the early evening of the 26th and moved eastward through the evening. In addition to areas of severe wind and hail, 3 tornadoes were confirmed.",65
5147617,CADDO CO.,EAKLY,05/26/2000,1828,Tornado, ,F0,0,0,0,0,OK,CST, ,1096308,C,15,OUN,0,0,STORM CHASER, ,.1,25,3,W,3,W,EAKLY,05/26/2000,1828,35.3,-98.6,35.3,-98.6,"This tornado formed in Washita County and dissipated on the Washita/Caddo Couny line.","Severe thunderstorms formed over portions of western and central Oklahoma during the early evening of the 26th and moved eastward through the evening. In addition to areas of severe wind and hail, 3 tornadoes were confirmed.",66
5146099,THROCKMORTON CO.,THROCKMORTON,05/26/2000,1830,Tornado, ,F0,0,0,0,0,TX,CST, ,1095566,C,447,SJT,0,0,STORM CHASER, ,.2,25,7,E,7,E,THROCKMORTON,05/26/2000,1831,33.18333,-99.06667,33.18333,-99.06667,"A tornado was reported in eastern Throckmorton County. The tornado was on the ground for 90 seconds, but no significant damage was reported.","A supercell moved across the northern Big Country during the evening of the 26th. Brief tornado touchdowns were reported just south of Haskell and east of Throckmorton, while baseball size hail pounded northern Throckmorton County and the community of Elbert.",67
5147702,PHILLIPS CO.,GLADE,05/26/2000,1830,Tornado, ,F0,0,0,0,0,KS,CST, ,1096354,C,147,GID,0,0,LAW ENFORCEMENT, ,.6,25,7,SE,7,SE,GLADE,05/26/2000,1833,39.61667,-99.21667,39.6,-99.21667,"","A tornado set down briefly in extreme southern Phillips county.  The tornado, witnessed by a deputy sheriff, was on the ground for about one half mile and did no damage.",68
5147618,CADDO CO.,EAKLY,05/26/2000,1847,Tornado, ,F0,0,0,0,0,OK,CST, ,1096308,C,15,OUN,0,0,STORM CHASER, ,.1,25,2,ESE,2,ESE,EAKLY,05/26/2000,1847,35.3,-98.53333,35.3,-98.53333,"This tornado formed 1.5 miles east southeast of Eakly in Caddo County, lasting for just a few seconds before dissipating. No damage occurred, and thus the tornado was rated F0.","Severe thunderstorms formed over portions of western and central Oklahoma during the early evening of the 26th and moved eastward through the evening. In addition to areas of severe wind and hail, 3 tornadoes were confirmed.",69
5147615,CADDO CO.,BINGER,05/26/2000,1857,Tornado, ,F0,0,0,0,0,OK,CST, ,1096308,C,15,OUN,0,0,STORM CHASER, ,2.5,100,7,W,7,W,BINGER,05/26/2000,1903,35.31667,-98.45,35.28333,-98.41667,"This tornado was observed by several storm chasers 6.5 miles west of Binger in Caddo County just north of State Route 152. During the early stages of its development, the tornado was embedded in rapidly rotating rain curtains believed to have been upwards of 1/2 to 3/4 of a mile wide, however the tornado which eventually emerged was estimated to be only 100 yards wide. As the tornado dissipated, while crossing State Route 152, several vortices formed, which rapidly evolved into one, small, rope-like funnel. No damage was observed or reported, and thus the tornado was rated F0.","Severe thunderstorms formed over portions of western and central Oklahoma during the early evening of the 26th and moved eastward through the evening. In addition to areas of severe wind and hail, 3 tornadoes were confirmed.",70
5145701,YOUNG CO.,NEWCASTLE,05/26/2000,1915,Tornado, ,F0,0,0,0,0,TX,CST, ,1094943,C,503,FWD,0,0,NEWSPAPER, ,.1,20,8,NW,8,NW,NEWCASTLE,05/26/2000,1915,33.28333,-98.85,33.28333,-98.85,"A brief tornado was reported. No damage or injury reports were received.","

				May 26-27, 2000 - Event Narrative

Thunderstorms developed again along numerous boundaries in North Texas.  The first area stretched from  north of the Dallas/Fort Worth metroplex to the Red River.  These storms occurred mainly on the 26th. Several tornadoes were reported in Young and Jack counties, while several other counties experienced hail and strong winds.  On the 27th, the thunderstorms developed further south, in an area from Corsicana to Goldthwaite.",71
5149556,CARROLL CO.,NORBORNE,05/26/2000,1930,Tornado, ,F1,0,0,5000,0,MO,CST, ,1096334,C,33,EAX,0,0,EMERGENCY MANAGER, ,2.5,40,4,S,4,S,NORBORNE,05/26/2000,1935,39.25,-93.68333,39.26667,-93.63333,"Carroll County Emergency Management reported a tornado in open fields 4 miles south of Norborne.  The tornado moved northeast for 2.5 miles, and trees and power lines were downed along its path.","Thunderstorms developed rapidly in northeast Kansas and northwest Missouri ahead of an approaching cold front.  The storms moved eastward across northern Missouri, producing widespread hail and wind damage, as well as three brief tornadoes.   From the late evening hours of the 26th into early morning on the 27th, storms began to train in parts of central Missouri, dropping excessive rain on ground that was already saturated from an earlier rain event, resulting in flash flooding.",72
5145703,YOUNG CO.,JEAN,05/26/2000,1947,Tornado, ,F0,0,0,0,0,TX,CST, ,1094943,C,503,FWD,0,0,FIRE DEPT/RESCUE SQUAD, ,.1,20,3,S,3,S,JEAN,05/26/2000,1947,33.26667,-98.58333,33.26667,-98.58333,"A brief tornado was reported. No damage or injuries.","

				May 26-27, 2000 - Event Narrative

Thunderstorms developed again along numerous boundaries in North Texas.  The first area stretched from  north of the Dallas/Fort Worth metroplex to the Red River.  These storms occurred mainly on the 26th. Several tornadoes were reported in Young and Jack counties, while several other counties experienced hail and strong winds.  On the 27th, the thunderstorms developed further south, in an area from Corsicana to Goldthwaite.",73
5147866,JOHNSON CO.,HOLDEN,05/26/2000,2032,Tornado, ,F1,0,0,5000,0,MO,CST, ,1096334,C,101,EAX,0,0,TRAINED SPOTTER, ,2,25,7,S,7,S,HOLDEN,05/26/2000,2034,38.61667,-94,38.61667,-93.95,"A storm spotter with the Holden Fire Department observed a tornado 7 miles south of Holden that remained on the ground for two minutes, moving northeast.  Several trees and power lines were downed by the storm.","Thunderstorms developed rapidly in northeast Kansas and northwest Missouri ahead of an approaching cold front.  The storms moved eastward across northern Missouri, producing widespread hail and wind damage, as well as three brief tornadoes.   From the late evening hours of the 26th into early morning on the 27th, storms began to train in parts of central Missouri, dropping excessive rain on ground that was already saturated from an earlier rain event, resulting in flash flooding.",74
5144487,PIKE CO.,DETROIT,05/26/2000,2213,Tornado, ,F0,0,0,0,0,IL,CST, ,1095049,C,149,LSX,0,0,NWS STORM SURVEY, ,1,50,4,ESE,4,ESE,DETROIT,05/26/2000,2215,39.6,-90.61667,39.6,-90.61667,"A small tornado downed trees northeast of Milton before crossing the Illinois River into Scott County.","",75
5144488,PIKE CO.,MILTON,05/26/2000,2214,Tornado, ,F0,0,0,0,0,IL,CST, ,1095050,C,149,LSX,0,0,NWS STORM SURVEY, ,.8,50,4,SE,4,SE,MILTON,05/26/2000,2216,39.53333,-90.6,39.51667,-90.58333,"A small tornado downed trees southeast of Milton before crossing the Illinois River into Scott County.","",76
5149229,SCOTT CO.,WINCHESTER,05/26/2000,2215,Tornado, ,F0,0,0,0,0,IL,CST, ,1096603,C,171,ILX,0,0,NWS STORM SURVEY, ,5.3,70,8,WSW,8,WSW,WINCHESTER,05/26/2000,2219,39.58333,-90.6,39.63333,-90.51667,"A tornado which formed along the leading edge of a bow echo touched down in Pike County (WFO St. Louis CWA) 2.5 miles southeast of Detroit, then traveled to the east northeast, crossing the Illinois River south of Florence.  It moved into Scott County (WFO Central Illinois CWA) 8 miles west southwest of Winchester, but little damage was found in the river bottoms area until the tornado moved up into the bluffs.  About four miles west of Winchester, it flattened corn, uprooted several trees, snapped a couple of utility poles, damaged an outbuilding, and caused minor damage to two homes before lifting and dissipating.  No injuries were reported.","",77
5149590,SCOTT CO.,GLASGOW,05/26/2000,2216,Tornado, ,F0,0,0,0,0,IL,CST, ,1096603,C,171,ILX,0,0,NWS STORM SURVEY, ,3.5,70,6,WSW,6,WSW,GLASGOW,05/26/2000,2219,39.51667,-90.58333,39.53333,-90.51667,"This tornado formed on the leading edge of a bow echo over extreme eastern portions of Pike County (WFO St. Louis CWA) just north of Bedford, then crossed the Illinois River into Scott County (WFO Central Illinois CWA).  It moved east northeast but little damage was found in the river bottoms area.  Once the tornado crossed the bluffs 2.3 miles west southwest of Glasgow, scattered damage was found (numerous trees blown over) before it lifted and dissipated 2 miles west southwest of Glasgow.","",78
5149593,MORGAN CO.,MURRAYVILLE,05/26/2000,2236,Tornado, ,F1,0,0,44000,0,IL,CST, ,1096603,C,137,ILX,0,0,NWS STORM SURVEY, ,1.5,100,1,SW,1,SW,MURRAYVILLE,05/26/2000,2238,39.58333,-90.25,39.6,-90.23333,"A tornado touched down just southwest of Murrayville then moved northeast through town.  It lifted and dissipated one mile northeast of town.  In town, a large tree was blown over onto a home causing major damage to it and a car parked nearby.  None of the home's occupants were injured.  A garage was destroyed and the two vehicles parked in it were damaged.  Also, a lumber yard was destroyed.  On the northeast side of town a grain bin was destroyed and a church lost seven stained glass windows.  Also, it sustained minor roof damage.  Throughout town numerous trees, tree limbs, and power lines were blown down.","",79
5144891,LYON CO.,EMPORIA,05/26/2000,2350,Tornado, ,F1,0,0,0,0,KS,CST, ,1094823,C,111,TOP,0,0,LAW ENFORCEMENT, ,8,50,7,SW,7,SW,EMPORIA,05/27/2000,10,38.33333,-96.26667,38.36667,-96.15,"A tornado touched down  on the Kansas Turnpike 7 miles southwest of Emporia and moved northeast over open country before lifting about 3 miles southeast of Emporia.","",80
5149267,INDEPENDENCE CO.,SOUTH SIDE,05/27/2000,226,Tornado, ,F1,0,0,0,0,AR,CST, ,1096574,C,63,LZK,0,0,NWS STORM SURVEY, ,3.1,35,1,WNW,1,WNW,SOUTH SIDE,05/27/2000,231,35.68333,-94.4,35.7,-91.56667,"A weak tornado affected areas between South Side and Salado in Independence County. The tornado downed many large trees, with several homes and mobile homes sustaining roof damage from falling trees.  Sheds and small shop buildings were overturned...and a carport collapsed onto a car. Power lines were also knocked down, and a scoreboard at a local high school was twisted.","",81
5144257,MISSISSIPPI CO.,CARMI,05/27/2000,1147,Tornado, ,F1,0,1,20000,0,AR,CST, ,1095311,C,93,MEG,0,0,LAW ENFORCEMENT, ,3.5,25, , , , ,CARMI,05/27/2000,1155,35.88333,-90.28333,35.93333,-90.26667,"The tornado began near Carmi and moved northeast toward Leachville. A few mobile homes were damaged. Several trees and power lines were knocked down.","",82
5147247,ARCHER CO.,ARCHER CITY,05/27/2000,1224,Tornado, ,F0,0,0,0,0,TX,CST, ,1096309,C,9,OUN,0,0,STORM CHASER, ,.2,25,3,SW,3,SW,ARCHER CITY,05/27/2000,1224,33.56667,-98.66667,33.56667,-98.66667,"This tornado developed 3 miles southwest of Archer City and dissipated quickly, resulting in no damage (F0).","Severe thunderstorms formed across portions of western north Texas during the afternoon of the 27th and moved southeastward. These storms resulted in areas of significant hail damage and 2 weak tornadoes. Hundreds of insurance claims were filed across Wichita, Archer, and Clay Counties (300 near and on the southwest side of Wichita Falls in Wichita County) due to hail damage, a total of approximately 1.8 million dollars.",83
5147248,ARCHER CO.,ARCHER CITY,05/27/2000,1228,Tornado, ,F0,0,0,2500,0,TX,CST, ,1096309,C,9,OUN,0,0,STORM CHASER, ,1,25,1,S,1,S,ARCHER CITY,05/27/2000,1231,33.58333,-98.63333,33.56667,-98.63333,"This tornado formed 1 mile south of Archer City. Minor damage was sustained to the roof of a tin barn, and some fences were damage, which is consistent with an F0 rating.","Severe thunderstorms formed across portions of western north Texas during the afternoon of the 27th and moved southeastward. These storms resulted in areas of significant hail damage and 2 weak tornadoes. Hundreds of insurance claims were filed across Wichita, Archer, and Clay Counties (300 near and on the southwest side of Wichita Falls in Wichita County) due to hail damage, a total of approximately 1.8 million dollars.",84
5146911,BENTON CO.,BIG SANDY,05/27/2000,1340,Tornado, ,F1,0,0,0,0,TN,CST, ,1095679,C,5,OHX,0,0,NWS STORM SURVEY, ,4.9,100,5,NNE,5,NNE,BIG SANDY,05/27/2000,1345,36.3,-88.05,36.3,-88.05,"The tornado hit the New Hope Road and Valentine road area the hardest with many downed trees.  The tornado continued onto the Lick Creek Acces Road region and then crossed the Tennessee River.","",85
5144382,JACK CO.,JACKSBORO,05/27/2000,1340,Tornado, ,F0,0,0,0,0,TX,CST, ,1094943,C,237,FWD,0,0,AMATEUR RADIO, ,.2,20,15,NW,15,NW,JACKSBORO,05/27/2000,1340,33.36667,-98.35,33.36667,-98.35,"A brief tornado was reported northwest of Jacksboro. No damage reports were received.","

				May 26-27, 2000 - Event Narrative

Thunderstorms developed again along numerous boundaries in North Texas.  The first area stretched from  north of the Dallas/Fort Worth metroplex to the Red River.  These storms occurred mainly on the 26th. Several tornadoes were reported in Young and Jack counties, while several other counties experienced hail and strong winds.  On the 27th, the thunderstorms developed further south, in an area from Corsicana to Goldthwaite.",86
5146912,HOUSTON CO.,ERIN,05/27/2000,1346,Tornado, ,F3,0,0,1300000,0,TN,CST, ,1095679,C,83,OHX,0,0,GOVT OFFICIAL, ,17.2,500,15,W,15,W,ERIN,05/27/2000,1405,36.31667,-87.96667,36.31667,-87.66667,"The storm complex that produced a tornado in Benton county moved into Houston county and generated a tornado that hit Tennessee Ridge and Erin. The Houston county executive estimated 1.3 million dollars worth of damage. Roofs and walls of some well constructed homes were torn off. Many trees were snapped and blown down along with power lines. The Betty Ligon Pavillion in Erin was flattened. 50 people required shelter at Erin. A storage trailer was moved 50 feet  at Tennessee Ridge.","",87
5146913,MONTGOMERY CO.,CLARKSVILLE,05/27/2000,1410,Tornado, ,F0,0,0,0,0,TN,CST, ,1095679,C,125,OHX,0,0,GENERAL PUBLIC, ,.3,50,5,SW,5,SW,CLARKSVILLE,05/27/2000,1411,36.48333,-87.41667,36.48333,-87.41667,"General public reported a tornado and trees down around Mimi Road.","",88
5144478,FANNIN CO.,LEONARD,05/27/2000,1642,Tornado, ,F0,0,0,0,0,TX,CST, ,1094943,C,147,FWD,0,0,AMATEUR RADIO, ,.2,20,4,NE,4,NE,LEONARD,05/27/2000,1642,33.41667,-96.2,33.41667,-96.2,"A brief tornado was reported. No damage or injuries.","

				May 26-27, 2000 - Event Narrative

Thunderstorms developed again along numerous boundaries in North Texas.  The first area stretched from  north of the Dallas/Fort Worth metroplex to the Red River.  These storms occurred mainly on the 26th. Several tornadoes were reported in Young and Jack counties, while several other counties experienced hail and strong winds.  On the 27th, the thunderstorms developed further south, in an area from Corsicana to Goldthwaite.",89
5144803,HUNT CO.,WOLFE CITY,05/27/2000,1700,Tornado, ,F0,0,0,2000,0,TX,CST, ,1094943,C,231,FWD,0,0,LAW ENFORCEMENT, ,.2,20, , , , ,WOLFE CITY,05/27/2000,1700,33.36667,-96.08333,33.36667,-96.08333,"Trees and power lines were blown down by a brief tornado.","

				May 26-27, 2000 - Event Narrative

Thunderstorms developed again along numerous boundaries in North Texas.  The first area stretched from  north of the Dallas/Fort Worth metroplex to the Red River.  These storms occurred mainly on the 26th. Several tornadoes were reported in Young and Jack counties, while several other counties experienced hail and strong winds.  On the 27th, the thunderstorms developed further south, in an area from Corsicana to Goldthwaite.",90
5144805,HUNT CO.,LAKE TAWAKONI,05/27/2000,1720,Tornado, ,F0,0,0,2000,0,TX,CST, ,1094943,C,231,FWD,0,0,NEWSPAPER, ,.3,20, , , , ,LAKE TAWAKONI,05/27/2000,1720,32.88333,-96.05,32.88333,-96.05,"Trees and power lines were blown down by a brief tornado that occurred near the lake.","

				May 26-27, 2000 - Event Narrative

Thunderstorms developed again along numerous boundaries in North Texas.  The first area stretched from  north of the Dallas/Fort Worth metroplex to the Red River.  These storms occurred mainly on the 26th. Several tornadoes were reported in Young and Jack counties, while several other counties experienced hail and strong winds.  On the 27th, the thunderstorms developed further south, in an area from Corsicana to Goldthwaite.",91
5148126,CUMBERLAND CO.,HOPE MILLS,05/28/2000,1206,Tornado, ,F0,0,0,0,0,NC,EST, ,1096362,C,51,RAH,0,0,EMERGENCY MANAGER, ,.1,20, , , , ,HOPE MILLS,05/28/2000,1206,34.96667,-78.95,34.96667,-78.95,"Tornado reported to have briefly touched down on Chicken Foot Road.","",92
5150497,ASCENSION PAR.,GONZALES,05/28/2000,1620,Tornado, ,F0,0,0,250,0,LA,CST, ,1096591,C,5,LIX,0,0,NEWSPAPER, ,.1,20, , , , ,GONZALES,05/28/2000,1620,30.23333,-90.91667,30.23333,-90.91667,"A small tornado briefly touched down and uprooted a tree.","",93
5146104,PLATTE CO.,HUMPHREY,05/29/2000,2200,Tornado, ,F0,0,0,0,0,NE,CST, ,1095764,C,141,OAX,0,0,NEWSPAPER, ,.1,50, , , , ,HUMPHREY,05/29/2000,2200,41.68333,-97.5,41.68333,-97.5,"The Humphrey police reported a brief touchdown of a small tornado in Humphrey.  This tornado possibly could have been spun up on the leading edge of the bow echo which did the most damage over northwest Platte county in the Lindsay area.","",94
5139082,MIAMI-DADE CO.,HOMESTEAD,05/30/2000,1740,Tornado, ,F0,0,0,0,0,FL,EST, ,1093215,C,86,MFL,0,0,PARK/FOREST SERVICE, ,.1,5,10,W,10,W,HOMESTEAD,05/30/2000,1740,25.46667,-80.63333,25.46667,-80.63333,"A park ranger sighted a brief tornado touchdown in Everglades National Park.  Several other funnel clouds were observed in deep south Miami-Dade.","",95
5142887,BOONE CO.,BERKLEY,05/30/2000,1828,Tornado, ,F0,0,0,0,0,IA,CST, ,1094331,C,15,DMX,0,0,BROADCAST MEDIA, ,.1,20,5,S,5,S,BERKLEY,05/30/2000,1828,41.88333,-94.11667,41.88333,-94.11667,"Brief touchdown","An explosive situation became established over Iowa and the central U.S. during the day on the 30th.  A nearly stationary front extended from Wisconsin, southwest through the northwest corner of Iowa, and into northern Kansas.  A round of convection moved across the state during the morning, leaving behind several outflow boundaries.  The mid levels of the atmosphere were quite warm, thus convection was capped during the afternoon hours.  A strong southerly flow of moist air spread into Iowa during the afternoon.  Temperatures approached 100 degrees F. over southwest Iowa.  Dew point temperatures reached the upper 60s to mid 70s across much of the south two thirds of the state.  Thunderstorms developed at the intersection of two outflow boundaries northwest of Des Moines, and also just ahead of the stationary front.  Surface based CAPE values were well over 5000 J/kg, thus the convection developed explosively.  Severe weather quickly followed.  There were numerous reports of hail.  Most of the hail was between one inch in diameter and golf ball size.  One of the cells, which happened to be the initial cell that formed at the boundary intersection, turned into a supercell.  Several tornadoes were spawned by this regenerating cell.  Most of the tornadoes were very weak and short lived.  The exception was one fairly small tornado that touched down on the northeast side of Des Moines.  This tornado tracked through mostly open area and caused little damage on its nearly 10 mile intermittent trek into Altoona.  Gusty winds were reported with many of the cells, however wind speeds were not all that great in most cases.  There was one report of 60 MPH winds as the storms passed through the Saylorville area in Polk County.  Heavy rain fell in a couple parts of the state.  One was with the supercell in Polk County, the other area of heavy rain was in Black Hawk County.  Rainfall amounts in parts of these two counties were in the two to four inch range, however little more than urban and small street flooding occurred due to dry soil conditions.",96
5142889,DALLAS CO.,WOODWARD,05/30/2000,1846,Tornado, ,F0,0,0,0,0,IA,CST, ,1094331,C,49,DMX,0,0,EMERGENCY MANAGER, ,.1,20,1,S,1,S,WOODWARD,05/30/2000,1846,41.83333,-93.93333,41.83333,-93.93333,"Brief touchdown","An explosive situation became established over Iowa and the central U.S. during the day on the 30th.  A nearly stationary front extended from Wisconsin, southwest through the northwest corner of Iowa, and into northern Kansas.  A round of convection moved across the state during the morning, leaving behind several outflow boundaries.  The mid levels of the atmosphere were quite warm, thus convection was capped during the afternoon hours.  A strong southerly flow of moist air spread into Iowa during the afternoon.  Temperatures approached 100 degrees F. over southwest Iowa.  Dew point temperatures reached the upper 60s to mid 70s across much of the south two thirds of the state.  Thunderstorms developed at the intersection of two outflow boundaries northwest of Des Moines, and also just ahead of the stationary front.  Surface based CAPE values were well over 5000 J/kg, thus the convection developed explosively.  Severe weather quickly followed.  There were numerous reports of hail.  Most of the hail was between one inch in diameter and golf ball size.  One of the cells, which happened to be the initial cell that formed at the boundary intersection, turned into a supercell.  Several tornadoes were spawned by this regenerating cell.  Most of the tornadoes were very weak and short lived.  The exception was one fairly small tornado that touched down on the northeast side of Des Moines.  This tornado tracked through mostly open area and caused little damage on its nearly 10 mile intermittent trek into Altoona.  Gusty winds were reported with many of the cells, however wind speeds were not all that great in most cases.  There was one report of 60 MPH winds as the storms passed through the Saylorville area in Polk County.  Heavy rain fell in a couple parts of the state.  One was with the supercell in Polk County, the other area of heavy rain was in Black Hawk County.  Rainfall amounts in parts of these two counties were in the two to four inch range, however little more than urban and small street flooding occurred due to dry soil conditions.",97
5142890,DALLAS CO.,GRANGER,05/30/2000,1859,Tornado, ,F0,0,0,0,0,IA,CST, ,1094331,C,49,DMX,0,0,EMERGENCY MANAGER, ,.1,20,3,W,3,W,GRANGER,05/30/2000,1859,41.76667,-93.88333,41.76667,-93.88333,"Brief touchdown","An explosive situation became established over Iowa and the central U.S. during the day on the 30th.  A nearly stationary front extended from Wisconsin, southwest through the northwest corner of Iowa, and into northern Kansas.  A round of convection moved across the state during the morning, leaving behind several outflow boundaries.  The mid levels of the atmosphere were quite warm, thus convection was capped during the afternoon hours.  A strong southerly flow of moist air spread into Iowa during the afternoon.  Temperatures approached 100 degrees F. over southwest Iowa.  Dew point temperatures reached the upper 60s to mid 70s across much of the south two thirds of the state.  Thunderstorms developed at the intersection of two outflow boundaries northwest of Des Moines, and also just ahead of the stationary front.  Surface based CAPE values were well over 5000 J/kg, thus the convection developed explosively.  Severe weather quickly followed.  There were numerous reports of hail.  Most of the hail was between one inch in diameter and golf ball size.  One of the cells, which happened to be the initial cell that formed at the boundary intersection, turned into a supercell.  Several tornadoes were spawned by this regenerating cell.  Most of the tornadoes were very weak and short lived.  The exception was one fairly small tornado that touched down on the northeast side of Des Moines.  This tornado tracked through mostly open area and caused little damage on its nearly 10 mile intermittent trek into Altoona.  Gusty winds were reported with many of the cells, however wind speeds were not all that great in most cases.  There was one report of 60 MPH winds as the storms passed through the Saylorville area in Polk County.  Heavy rain fell in a couple parts of the state.  One was with the supercell in Polk County, the other area of heavy rain was in Black Hawk County.  Rainfall amounts in parts of these two counties were in the two to four inch range, however little more than urban and small street flooding occurred due to dry soil conditions.",98
5142909,POLK CO.,DES MOINES,05/30/2000,2035,Tornado, ,F1,0,0,100000,5000,IA,CST, ,1094331,C,153,DMX,0,0,LAW ENFORCEMENT, ,8,40,6,NE,6,NE,DES MOINES,05/30/2000,2047,41.66667,-93.53333,41.65,-93.46667,"Intermittent path","An explosive situation became established over Iowa and the central U.S. during the day on the 30th.  A nearly stationary front extended from Wisconsin, southwest through the northwest corner of Iowa, and into northern Kansas.  A round of convection moved across the state during the morning, leaving behind several outflow boundaries.  The mid levels of the atmosphere were quite warm, thus convection was capped during the afternoon hours.  A strong southerly flow of moist air spread into Iowa during the afternoon.  Temperatures approached 100 degrees F. over southwest Iowa.  Dew point temperatures reached the upper 60s to mid 70s across much of the south two thirds of the state.  Thunderstorms developed at the intersection of two outflow boundaries northwest of Des Moines, and also just ahead of the stationary front.  Surface based CAPE values were well over 5000 J/kg, thus the convection developed explosively.  Severe weather quickly followed.  There were numerous reports of hail.  Most of the hail was between one inch in diameter and golf ball size.  One of the cells, which happened to be the initial cell that formed at the boundary intersection, turned into a supercell.  Several tornadoes were spawned by this regenerating cell.  Most of the tornadoes were very weak and short lived.  The exception was one fairly small tornado that touched down on the northeast side of Des Moines.  This tornado tracked through mostly open area and caused little damage on its nearly 10 mile intermittent trek into Altoona.  Gusty winds were reported with many of the cells, however wind speeds were not all that great in most cases.  There was one report of 60 MPH winds as the storms passed through the Saylorville area in Polk County.  Heavy rain fell in a couple parts of the state.  One was with the supercell in Polk County, the other area of heavy rain was in Black Hawk County.  Rainfall amounts in parts of these two counties were in the two to four inch range, however little more than urban and small street flooding occurred due to dry soil conditions.",99
5143306,POLK CO.,DES MOINES,05/30/2000,2100,Tornado, ,F0,0,0,0,0,IA,CST, ,1094331,C,153,DMX,0,0,TRAINED SPOTTER, ,.1,20,8,NE,8,NE,DES MOINES,05/30/2000,2100,41.68333,-93.5,41.68333,-93.5,"Brief touchdown","An explosive situation became established over Iowa and the central U.S. during the day on the 30th.  A nearly stationary front extended from Wisconsin, southwest through the northwest corner of Iowa, and into northern Kansas.  A round of convection moved across the state during the morning, leaving behind several outflow boundaries.  The mid levels of the atmosphere were quite warm, thus convection was capped during the afternoon hours.  A strong southerly flow of moist air spread into Iowa during the afternoon.  Temperatures approached 100 degrees F. over southwest Iowa.  Dew point temperatures reached the upper 60s to mid 70s across much of the south two thirds of the state.  Thunderstorms developed at the intersection of two outflow boundaries northwest of Des Moines, and also just ahead of the stationary front.  Surface based CAPE values were well over 5000 J/kg, thus the convection developed explosively.  Severe weather quickly followed.  There were numerous reports of hail.  Most of the hail was between one inch in diameter and golf ball size.  One of the cells, which happened to be the initial cell that formed at the boundary intersection, turned into a supercell.  Several tornadoes were spawned by this regenerating cell.  Most of the tornadoes were very weak and short lived.  The exception was one fairly small tornado that touched down on the northeast side of Des Moines.  This tornado tracked through mostly open area and caused little damage on its nearly 10 mile intermittent trek into Altoona.  Gusty winds were reported with many of the cells, however wind speeds were not all that great in most cases.  There was one report of 60 MPH winds as the storms passed through the Saylorville area in Polk County.  Heavy rain fell in a couple parts of the state.  One was with the supercell in Polk County, the other area of heavy rain was in Black Hawk County.  Rainfall amounts in parts of these two counties were in the two to four inch range, however little more than urban and small street flooding occurred due to dry soil conditions.",100
5147020,LINN CO.,ALBURNETT,05/31/2000,1012,Tornado, ,F1,0,1,50000,0,IA,CST, ,1095842,C,113,DVN,0,0,EMERGENCY MANAGER, ,.1,10, , , , ,ALBURNETT,05/31/2000,1012,42.15,-91.61667,42.15,-91.61667,"A tornado touched down at Alburnett causing damage.  The center section of the horse barn roof at Strand Arabian Stables was torn off.  Sheet metal from the horse barn roof littered surrounding yards, and one woman was cut by the sheet metal.  She was taken to St. Luke's Hospital where she was treated and released.  There were about 45 horses on the grounds of the stables when the tornado hit, but incredibly none were hurt.  A barn also collapsed along Lafayette Road. Ten cows were inside the barn, and one was killed. Damage was also found along East Otter Road.  A house had it's roof damaged and siding taken off, and a small shed was destroyed.  A minivan was pushed off of a driveway and had it's windows broken out.  A garage door was also pushed in on a garage.","Mesoanalysis during the early morning depicted an outflow boundary extending from Central Illinois into Central Iowa with a cold front extending from Northeast Iowa into Eastern Nebraska, intersecting the outflow interface near Des Moines.  An elevated bow MCS (Mesoscale Convective System) developed between Mason City and Marshalltown, and raced eastward into Eastern Iowa during the late morning and early afternoon.  This system packed high winds and heavy rain as it swept across Eastern Iowa, mainly along and north of Interstate 80.  Winds were measured at 60 to 70 mph over portions of the area, knocking down trees and limbs.  Recent rains had already saturated the ground throughout Northeast and East Central Iowa. Additional heavy rain with this system forced creeks and streams out of their banks in Buchanan County, washing out several roads.  The Little Wapsipinicon River at Fairbank was also sent out of it's banks. Doppler radar estimated rainfall rates of 2 to 3 inches per hour.  The heavy rain also caused Duck Creek in Davenport to rise to bankfull in areas, and flooded portions of the bike path and surrounding areas near Brady Street. The bow MCS also spawned two weak tornadoes, one which touched down briefly at Alburnett in Linn County, and the other at Center Junction in Jones County.",101
5147021,JONES CO.,CENTER JCT,05/31/2000,1100,Tornado, ,F0,0,0,10000,0,IA,CST, ,1095842,C,105,DVN,0,0,EMERGENCY MANAGER, ,.1,10, , , , ,CENTER JCT,05/31/2000,1100,42.11667,-91.1,42.11667,-91.1,"A tornado touched down briefly at Center Junction.  The tornado knocked down several large trees and numerous limbs, blocking a few roads.  No injuries were reported.","Mesoanalysis during the early morning depicted an outflow boundary extending from Central Illinois into Central Iowa with a cold front extending from Northeast Iowa into Eastern Nebraska, intersecting the outflow interface near Des Moines.  An elevated bow MCS (Mesoscale Convective System) developed between Mason City and Marshalltown, and raced eastward into Eastern Iowa during the late morning and early afternoon.  This system packed high winds and heavy rain as it swept across Eastern Iowa, mainly along and north of Interstate 80.  Winds were measured at 60 to 70 mph over portions of the area, knocking down trees and limbs.  Recent rains had already saturated the ground throughout Northeast and East Central Iowa. Additional heavy rain with this system forced creeks and streams out of their banks in Buchanan County, washing out several roads.  The Little Wapsipinicon River at Fairbank was also sent out of it's banks. Doppler radar estimated rainfall rates of 2 to 3 inches per hour.  The heavy rain also caused Duck Creek in Davenport to rise to bankfull in areas, and flooded portions of the bike path and surrounding areas near Brady Street. The bow MCS also spawned two weak tornadoes, one which touched down briefly at Alburnett in Linn County, and the other at Center Junction in Jones County.",102
5145067,LIVINGSTON CO.,CULLOM,05/31/2000,1405,Tornado, ,F0,0,0,0,0,IL,CST, ,1095234,C,105,LOT,0,0,FIRE DEPT/RESCUE SQUAD, ,.5,30,3,SSE,3,SSE,CULLOM,05/31/2000,1405,40.85,-88.25,40.85,-88.25,"A tornado was reported on the ground near Cullom by the fire department. There was no damage.","",103
5151844,MONROE CO.,CATARACT,06/01/2000,1402,Tornado, ,F1,0,0,100000,15000,WI,CST, ,1097230,C,81,ARX,0,0,NWS STORM SURVEY, ,4.5,125,3,SW,3,SW,CATARACT,06/01/2000,1411,44.05,-90.88333,44.05,-90.78333,"","A tornado touched down near Cataract (Monroe County), shearing off trees, demolishing barns and sheds, causing light structural damage to a house and tossing farm equipment and debris about 600 to 700 yards. There were no reports of injuries or deaths.  This same thunderstorm produced hail as large as softballs through the Oakdale area (Monroe County) and communities southeast along the Highway 12 - Interstate 90/94 corridor.  There was extensive roof, siding and window damage in and around Oakdale.  Nearly every building in town had damage on the north and west facing walls.  Hundreds of cars, including those traveling along Interstate 90/94, had broken windshields and sustained large dents.  There were numerous trees and large branches broke or blown to the southeast.  Another tornado touched down just north of New Lisbon (Juneau County), then tracked southeast before lifting just north of Mauston (Juneau County).  Damage consisted of sheared or blown down trees, barns and sheds demolished, garages heavily damaged, and some light structural damage to homes.  Hardest hit were homes and farms along 8th Avenue north of New Lisbon, along Meredith Road north of Mauston, and along Highway 58 north of Mauston.  There were no reports of injuries or deaths.  There was also downburst (microburst) wind damage south and west of New Lisbon along Highway 80 and County Roads B and A.  Downburst wind damage was also seen along Interstate 90/94 between Camp Douglas and New Lisbon with hundreds of trees blown down or sheared off.  Juneau and Monroe County were declared federal disaster areas due to the extensive storm damage.",104
5151845,JUNEAU CO.,NEW LISBON,06/01/2000,1500,Tornado, ,F1,0,0,500000,50000,WI,CST, ,1097230,C,57,ARX,0,0,NWS STORM SURVEY, ,6.5,100,2,N,2,N,NEW LISBON,06/01/2000,1520,43.91667,-90.16667,43.85,-90.08333,"","A tornado touched down near Cataract (Monroe County), shearing off trees, demolishing barns and sheds, causing light structural damage to a house and tossing farm equipment and debris about 600 to 700 yards. There were no reports of injuries or deaths.  This same thunderstorm produced hail as large as softballs through the Oakdale area (Monroe County) and communities southeast along the Highway 12 - Interstate 90/94 corridor.  There was extensive roof, siding and window damage in and around Oakdale.  Nearly every building in town had damage on the north and west facing walls.  Hundreds of cars, including those traveling along Interstate 90/94, had broken windshields and sustained large dents.  There were numerous trees and large branches broke or blown to the southeast.  Another tornado touched down just north of New Lisbon (Juneau County), then tracked southeast before lifting just north of Mauston (Juneau County).  Damage consisted of sheared or blown down trees, barns and sheds demolished, garages heavily damaged, and some light structural damage to homes.  Hardest hit were homes and farms along 8th Avenue north of New Lisbon, along Meredith Road north of Mauston, and along Highway 58 north of Mauston.  There were no reports of injuries or deaths.  There was also downburst (microburst) wind damage south and west of New Lisbon along Highway 80 and County Roads B and A.  Downburst wind damage was also seen along Interstate 90/94 between Camp Douglas and New Lisbon with hundreds of trees blown down or sheared off.  Juneau and Monroe County were declared federal disaster areas due to the extensive storm damage.",105
5151945,LAFAYETTE CO.,CALAMINE,06/01/2000,1702,Tornado, ,F1,0,0,100000,0,WI,CST, ,1097705,C,65,MKX,0,0,NEWSPAPER, ,.5,75,2,NNW,2,NNW,CALAMINE,06/01/2000,1703,42.76667,-90.18333,42.76667,-90.16667,"","One would be hard pressed to find another day like June 1, 2000 in terms of depth and range of severe, convective weather events across south-central and southeast Wisconsin.  Tornadoes, widespread and localized flash flooding, funnel clouds, damaging hurricane-force, straight-line winds associated with a wicked squall-line, large hail stones, urban/small flooding, lightning strikes, and significant mainstem river flooding were reported.  As in the preceding weeks, a quasi-stationary front over northern Illinois served as a boundary for warm, moist, unstable air to be pulled north over the cooler air over Wisconsin.  Leftover flooding (from the evening of May 31, 2000) and isolated severe thunderstorms were noted during the pre-dawn to mid morning hours.  However a powerful squall-line formed along the Mississippi River in the La Crosse area by mid-afternoon, and pushed into south-central Wisconsin by late afternoon with "all hell breaking loose."   After the squall line moved into the southeast part of the state, it was followed by widespread showers and thunderstorms that triggered additional flooding problems. The east/southeast moving storms would not end until around 2300CST.  As a result of the wild weather events, a State of Emergency was declared in Columbia, Dane, Dodge, Green, Iowa, Lafayette, Rock, and Sauk counties.  Numerous power lines were knocked down by felled trees or wind gusts outright, resulting in the lose of power to 20,000 customers.  Significant storm and flooding events will be summarized below county by county.

Marquette Co:  6 homes were damaged and trees uprooted by powerful winds estimated at 70 knots (80 mph) in Briggsville. Urban flooding in Briggsville was also noted with water 6 inches deep.

Green Lake Co:  powerful winds knocked down trees in both Kingston and Markesan, and large hail was noted.

Fond du Lac Co: a brief, F0 tornado spun up in the rural area southeast of Oak Center. Only some hay crop was damaged. Elsewhere, urban flooding and large hail was noted. Between 1700 and 1900CST, 1.71 inches of rain fell in the city of Fond du Lac.

Sheboygan Co: powerful thunderstorm winds pushed over trees in the southern portions. 

Sauk Co: powerful winds blew over large trees in the Reedsburg to Baraboo area as well as around Prairie du Sac.  Then the heavens oped up as 3.75 inches of rain fell between 1600 and 1645CST in North Freedom. There were other reports of up to 6 inches of rain falling in 2 hours.  Flash flooding developed along Narrows Creek which left mud marks 8 feet high on some buildings. So much water came down Narrows Creek that it temporarily backed up the water of the Baraboo River!  The Baraboo River flooded homes, and other creeks tore pieces of Highways 12 and 113 away.  Road beds and parking lots were ripped away on the south side of Baraboo.  Some railroad beds and many drainage culverts across the county were washed away.  Severe erosion was noted on the cliffs overlooking the north shore of Devils Lake, whose water level rose about 3 feet due to runoff.  All together, 153 residential homes were damaged, 17 businesses reported water damage, and 220,000 acres of farm land sustained water or erosion damage.  The flooding was more widespread and worse than the 1993 flood, based on newspaper accounts.  The Baraboo River near Baraboo crested at 22.04 feet on June 2nd, or 6.04 feet above flood stage (moderate flooding), after rising above flood stage at 0400CST on the 1st.  Upriver at Rock Springs, the flood stage of 18.5 feet was exceeded at 1630CST on the 1st, and the crest was 21.71 feet at 0750CST on the 2nd (major flooding).  

Columbia Co: powerful winds uprooted large trees in and around Portage.  In addition, a garage was damaged, several vehicles were blown into roadside ditches quickly reached a depth of 1 to 3 feet over portions of Highway 12 around Portage, and on Highway 73 in the southeast corner where residents were evacuated.  Gravel road shoulder and culvert washouts were reported on some roads. Agricultural crop damage and soil erosion were also noted.

Dodge Co: the main event was a long-lived tornado that spun up just south of Highway S about 4 miles south of Horicon, just southwest of the intersection of Highways S and E.  Eyewitness accounts suggested that this tornado was a rain-wrapped and multi-vortex as it hopped-skipped east/southeast through the heart of the village of Iron Ridge (F2 at this time, 140-50 mph wind), before exiting the county on Highway S.  All together, this F2 tornado destroyed 6 homes, and damaged 26 other homes, 6 businesses, 2 barns, 1 silo, semi-tractor trailer, a green house, and many cars.  It destroyed 5 agricultural buildings. No one was injured or killed by this early-warned tornado.  Five other barns were damaged in the county by the powerful straight-line winds associated with the squall-line.  In addition, large hail up to walnut size was noted.  Flash flooding was reported in the southeast part of the county when 1.5 inches of rain fell in a short period of time.  Soil erosion and shoulder washouts were reported near the intersection of Highways 60 and P, south of Rubicon.

Washington Co: the Dodge County tornado continued into Washington County for about 1.5 miles near and along Highway S.  It damaged a barn and silo and uprooted more trees before dissipating.  The tornado in this county had winds estimated at 80 mph, or F1 strength.  No one was injured or killed.  Flash flooding was reported south of Hartford where soil erosion and gravel shoulder washouts occurred due to swirling flood waters.  Otherwise, large hail and tree-uprooting winds were noted in Germantown.

Iowa Co: Pre-dawn flash flooding occurred across the northern portion of Iowa County due to leftover thunderstorms that hit the county on May 31st.  Morrey Creek overflowed it banks in the village of Avoca, damaging 35 homes and eroding surrounding landscaping.  In Dodge State Park near Dodgeville, 50 miles of trails were closed after several bridges were washed out by flooding waters.  In addition, gravel road shoulder and culvert washouts were noted on several roads.   Another round of flash flooding occurred across the northern portion of the county thanks to torrential rains of 2 to 4 inches in 1 to 2 hours in the late afternoon and early evening hours. An estimated 10,250 acres sustained major soil erosion and many roads had water depths of 1 to 3 feet as water currents washed away gravel shoulders. Crop damage was extensive.  

Dane Co: pre-dawn severe storms dumped large hail and knocked down many tree limbs in the Madison area.  During the same storm, lightning struck a west-side Madison hotel, resulting in damage to its electrical system.  Urban/small stream flooding was noted in the pre-dawn hours across the northern part of the county with water covering low spots on Highways 12, 73, and 113.  A couple streets were flooded and closed in the village of Mazomanie due to high water levels on the Black Earth Creek. Sandbagging was needed to protect about a dozen homes in Mazomanie.  Powerful thunderstorm winds uprooted trees which then damaged many vehicles in the Madison to Cottage Grove area during the evening.  At least 60 trees blocked various roads in the Madison area, and 18 power lines were reported down.  Roof tiles were also removed from some homes as the winds gusted to an estimated 70 knots (80 mph).  An expensive gazebo was destroyed by uprooted trees in the city of Monona.  Shortly thereafter, flash-flood producing rains hit much of the county.  Madison streets were rivers as 27 cars were stranded or pushed around.  It was the worst flooding the city during the past 15 years.  Sandbagging commenced in Monona to protect homes.  Many roads across the county were damaged by flood waters, with most damage in the northwest part of the county.   In the village of Oregon, 1.90 inches of rain was measured in just 45 minutes ending at 1830CST.   Additional soil erosion and ponding of water resulted in extensive, severe crop damage across the county.  Collectively, wind and/or flood damage occurred to at least 646 residential homes in the county, and to 3 businesses.  Probably 30,000 acres of farm land had significant crop damage.  A new daily rainfall record of 3.46 inches was set at Madison's Traux Field, breaking the old record of 1.33 inches set back in 1892.  Runoff from this rainfall eventually pushed Lake Mendota to 31.5 inches above its normal summer level on June 5th, which was the highest reading since the beginning of records in 1916.  In response to the high lake levels in Dane county, many nearby homes were sandbagged, and public beach and boat docks were closed.

Jefferson Co: an early morning, severe thunderstorm dumped large hail on Lake Mills.  Another storm's lightning struck a Ft. Atkinson church steeple, resulting in structural and water damage. The evening storms generated damaging winds that uprooted large trees.  Lightning started a minor fire on a Lake Mills home's roof.  Heavy rains of 2 to 3 inches during the evening generated scattered flash flooding across the county, mostly in the form of gravel shoulder washouts of several roads.  Roads near the Rock River in Ft. Atkinson were closed due to the swirling waters.  Soil erosion and crop washouts were noted across the county.  Rainfall totals of 2.39 inches and 2.72 inches were noted in Ft. Atkinson and Jefferson, respectively.  The heavy rains forced the Crawfish River at Milford to exceed the flood stage of 7 feet on June 2nd , and crest at 8.38 feet on June 7th (moderate flooding). 

Waukesha Co: powerful thunderstorm winds uprooted trees in the Genesee area.

Milwaukee Co: large hail was reported in the city of Milwaukee.  Torrential rains of around 2 inches in 1 to 2 hours in the city of Fox Point resulted in flash flooding in that city. Landscaping damage and some road damage was noted due to swift water currents.

Lafayette Co: a brief tornado occurred north of Calamine. It damaged 2 large pole sheds and uprooted many trees along its short path. Several calves were injured as they were pushed across the road. Eyewitness accounts suggest this F1 tornado (winds about 100 mph) was rain-wrapped.  Otherwise, the squall line's powerful winds uprooted trees and over-turned a car-trailer combo east of Belmont.  Similar to other counties, flash-flood producing rains followed the winds.  Across the county, all mainstem river, stream, creeks, and other low spots experienced flash flooding.  Bridge under-cutting was noted on Highway K outside of Gratiot, on Highway H in Jenkynsville, and Highway G in the northwest corner.  Moderate to severe damage to road shoulders and washed out driveways was noted countywide.  Twenty-one roads were closed at one time or another.  At least 75 residential homes and 5 businesses reported flood damage, while 2 private utility buildings suffered damage.  Two farm buildings were destroyed by the flood waters, and 15 others damaged.  About 7000 acres of farm land were severely damaged.  The Pecatonica River in Darlington closed down Highway 23 from the south. The river at this location exceeded the flood stage of 11 feet late on May 31st, and crested at 15.77 feet at 0730CST on June 1st (moderate flooding).  Near South Wayne, lightning started a minor house fire.

Green Co: pre-dawn and morning urban/small stream flooding occurred countywide due to rainfall that started on May 31st.  The rains ended by sunrise.  Up to 5 inches of rain fell overnight in the southwest part of the county.  Many streams were 5 to 10 feet wide, resulting in water covering low-lying roads to a depth of 1 foot.  Several cars were swept into roadside ditches.  Urban basements had minor flood damage.  Additional heavy rains followed the evening squall line which resulted in a new round of flash flooding across much of the county.  Eight miles of the 24 mile long Sugar River State Trail were closed from near Monticello to near Albany due to washed out bridges and undercut paths.  Five homes sustained significant damage.  Numerous roads were closed due to high water levels and dozens of vehicles were stranded or pushed into roadside ditches.  Gravel road shoulder and culvert washouts were noted countywide.  Water levels in the city of Brodhead were the highest in many years.  Legion Park in Albany was closed after the adjacent Sugar River exceeded flood stage.  Moderate to severe soil erosion was noted to 5000 acres of farm fields.  The Pecatonica River at Martintown exceeded the flood stage of 13.5 feet at 0000CST on June 1st, and crested at 18.51 feet on June 4th (moderate flooding).

Rock Co: powerful thunderstorm winds downed large trees in scattered parts of the county.  However, flash-flood producing rains hit during the evening hours. Most mainstem and nearly all streams and creeks jumped their banks. Nine roads along Lake Koshkonong sustained washout damage due to swift water currents. At least 100 homes outside of the major cities sustained damage.  Many Beloit and Janesville homes in low spots reported landscape flood damage as well as basement flooding. Flash flood waters also tore through farm fields, leaving moderate to severe soil erosion and crop damage to at least 20,000 acres.  Flood waters from the Sugar River in the southwest corner of the county closed roads west of the village of Avon.

Walworth Co: no damage reports.

Kenosha Co: several rounds of heavy rains during the evening on top of previously saturated soils and high river levels resulted in flash flooding scattered across the county.  Several roads had fast-flowing waters 1 to 3 feet deep which resulted in shoulder washouts and cars being swept into roadside ditches.  At least 75 homes sustained significant flood damage in the Wheatland, Salem, and Silver Lake areas.  About 47,000 acres of farm land had serious soil erosion, and washed or flooded crops.  Due to rainfall totals during the evening of 2 to 3 inches, the Fox River at New Munster continued to rise and would eventually crest at 12.76 feet early on June 3rd, or 2.76 feet above flood stage. Three homes Silver Lake homes were evacuated.",106
5151941,DODGE CO.,HORICON,06/01/2000,1706,Tornado, ,F2,0,0,1110000,400000,WI,CST, ,1097705,C,27,MKX,0,0,LAW ENFORCEMENT, ,14.9,125,4,S,4,S,HORICON,06/01/2000,1725,43.4,-88.63333,43.36667,-88.4,"","One would be hard pressed to find another day like June 1, 2000 in terms of depth and range of severe, convective weather events across south-central and southeast Wisconsin.  Tornadoes, widespread and localized flash flooding, funnel clouds, damaging hurricane-force, straight-line winds associated with a wicked squall-line, large hail stones, urban/small flooding, lightning strikes, and significant mainstem river flooding were reported.  As in the preceding weeks, a quasi-stationary front over northern Illinois served as a boundary for warm, moist, unstable air to be pulled north over the cooler air over Wisconsin.  Leftover flooding (from the evening of May 31, 2000) and isolated severe thunderstorms were noted during the pre-dawn to mid morning hours.  However a powerful squall-line formed along the Mississippi River in the La Crosse area by mid-afternoon, and pushed into south-central Wisconsin by late afternoon with "all hell breaking loose."   After the squall line moved into the southeast part of the state, it was followed by widespread showers and thunderstorms that triggered additional flooding problems. The east/southeast moving storms would not end until around 2300CST.  As a result of the wild weather events, a State of Emergency was declared in Columbia, Dane, Dodge, Green, Iowa, Lafayette, Rock, and Sauk counties.  Numerous power lines were knocked down by felled trees or wind gusts outright, resulting in the lose of power to 20,000 customers.  Significant storm and flooding events will be summarized below county by county.

Marquette Co:  6 homes were damaged and trees uprooted by powerful winds estimated at 70 knots (80 mph) in Briggsville. Urban flooding in Briggsville was also noted with water 6 inches deep.

Green Lake Co:  powerful winds knocked down trees in both Kingston and Markesan, and large hail was noted.

Fond du Lac Co: a brief, F0 tornado spun up in the rural area southeast of Oak Center. Only some hay crop was damaged. Elsewhere, urban flooding and large hail was noted. Between 1700 and 1900CST, 1.71 inches of rain fell in the city of Fond du Lac.

Sheboygan Co: powerful thunderstorm winds pushed over trees in the southern portions. 

Sauk Co: powerful winds blew over large trees in the Reedsburg to Baraboo area as well as around Prairie du Sac.  Then the heavens oped up as 3.75 inches of rain fell between 1600 and 1645CST in North Freedom. There were other reports of up to 6 inches of rain falling in 2 hours.  Flash flooding developed along Narrows Creek which left mud marks 8 feet high on some buildings. So much water came down Narrows Creek that it temporarily backed up the water of the Baraboo River!  The Baraboo River flooded homes, and other creeks tore pieces of Highways 12 and 113 away.  Road beds and parking lots were ripped away on the south side of Baraboo.  Some railroad beds and many drainage culverts across the county were washed away.  Severe erosion was noted on the cliffs overlooking the north shore of Devils Lake, whose water level rose about 3 feet due to runoff.  All together, 153 residential homes were damaged, 17 businesses reported water damage, and 220,000 acres of farm land sustained water or erosion damage.  The flooding was more widespread and worse than the 1993 flood, based on newspaper accounts.  The Baraboo River near Baraboo crested at 22.04 feet on June 2nd, or 6.04 feet above flood stage (moderate flooding), after rising above flood stage at 0400CST on the 1st.  Upriver at Rock Springs, the flood stage of 18.5 feet was exceeded at 1630CST on the 1st, and the crest was 21.71 feet at 0750CST on the 2nd (major flooding).  

Columbia Co: powerful winds uprooted large trees in and around Portage.  In addition, a garage was damaged, several vehicles were blown into roadside ditches quickly reached a depth of 1 to 3 feet over portions of Highway 12 around Portage, and on Highway 73 in the southeast corner where residents were evacuated.  Gravel road shoulder and culvert washouts were reported on some roads. Agricultural crop damage and soil erosion were also noted.

Dodge Co: the main event was a long-lived tornado that spun up just south of Highway S about 4 miles south of Horicon, just southwest of the intersection of Highways S and E.  Eyewitness accounts suggested that this tornado was a rain-wrapped and multi-vortex as it hopped-skipped east/southeast through the heart of the village of Iron Ridge (F2 at this time, 140-50 mph wind), before exiting the county on Highway S.  All together, this F2 tornado destroyed 6 homes, and damaged 26 other homes, 6 businesses, 2 barns, 1 silo, semi-tractor trailer, a green house, and many cars.  It destroyed 5 agricultural buildings. No one was injured or killed by this early-warned tornado.  Five other barns were damaged in the county by the powerful straight-line winds associated with the squall-line.  In addition, large hail up to walnut size was noted.  Flash flooding was reported in the southeast part of the county when 1.5 inches of rain fell in a short period of time.  Soil erosion and shoulder washouts were reported near the intersection of Highways 60 and P, south of Rubicon.

Washington Co: the Dodge County tornado continued into Washington County for about 1.5 miles near and along Highway S.  It damaged a barn and silo and uprooted more trees before dissipating.  The tornado in this county had winds estimated at 80 mph, or F1 strength.  No one was injured or killed.  Flash flooding was reported south of Hartford where soil erosion and gravel shoulder washouts occurred due to swirling flood waters.  Otherwise, large hail and tree-uprooting winds were noted in Germantown.

Iowa Co: Pre-dawn flash flooding occurred across the northern portion of Iowa County due to leftover thunderstorms that hit the county on May 31st.  Morrey Creek overflowed it banks in the village of Avoca, damaging 35 homes and eroding surrounding landscaping.  In Dodge State Park near Dodgeville, 50 miles of trails were closed after several bridges were washed out by flooding waters.  In addition, gravel road shoulder and culvert washouts were noted on several roads.   Another round of flash flooding occurred across the northern portion of the county thanks to torrential rains of 2 to 4 inches in 1 to 2 hours in the late afternoon and early evening hours. An estimated 10,250 acres sustained major soil erosion and many roads had water depths of 1 to 3 feet as water currents washed away gravel shoulders. Crop damage was extensive.  

Dane Co: pre-dawn severe storms dumped large hail and knocked down many tree limbs in the Madison area.  During the same storm, lightning struck a west-side Madison hotel, resulting in damage to its electrical system.  Urban/small stream flooding was noted in the pre-dawn hours across the northern part of the county with water covering low spots on Highways 12, 73, and 113.  A couple streets were flooded and closed in the village of Mazomanie due to high water levels on the Black Earth Creek. Sandbagging was needed to protect about a dozen homes in Mazomanie.  Powerful thunderstorm winds uprooted trees which then damaged many vehicles in the Madison to Cottage Grove area during the evening.  At least 60 trees blocked various roads in the Madison area, and 18 power lines were reported down.  Roof tiles were also removed from some homes as the winds gusted to an estimated 70 knots (80 mph).  An expensive gazebo was destroyed by uprooted trees in the city of Monona.  Shortly thereafter, flash-flood producing rains hit much of the county.  Madison streets were rivers as 27 cars were stranded or pushed around.  It was the worst flooding the city during the past 15 years.  Sandbagging commenced in Monona to protect homes.  Many roads across the county were damaged by flood waters, with most damage in the northwest part of the county.   In the village of Oregon, 1.90 inches of rain was measured in just 45 minutes ending at 1830CST.   Additional soil erosion and ponding of water resulted in extensive, severe crop damage across the county.  Collectively, wind and/or flood damage occurred to at least 646 residential homes in the county, and to 3 businesses.  Probably 30,000 acres of farm land had significant crop damage.  A new daily rainfall record of 3.46 inches was set at Madison's Traux Field, breaking the old record of 1.33 inches set back in 1892.  Runoff from this rainfall eventually pushed Lake Mendota to 31.5 inches above its normal summer level on June 5th, which was the highest reading since the beginning of records in 1916.  In response to the high lake levels in Dane county, many nearby homes were sandbagged, and public beach and boat docks were closed.

Jefferson Co: an early morning, severe thunderstorm dumped large hail on Lake Mills.  Another storm's lightning struck a Ft. Atkinson church steeple, resulting in structural and water damage. The evening storms generated damaging winds that uprooted large trees.  Lightning started a minor fire on a Lake Mills home's roof.  Heavy rains of 2 to 3 inches during the evening generated scattered flash flooding across the county, mostly in the form of gravel shoulder washouts of several roads.  Roads near the Rock River in Ft. Atkinson were closed due to the swirling waters.  Soil erosion and crop washouts were noted across the county.  Rainfall totals of 2.39 inches and 2.72 inches were noted in Ft. Atkinson and Jefferson, respectively.  The heavy rains forced the Crawfish River at Milford to exceed the flood stage of 7 feet on June 2nd , and crest at 8.38 feet on June 7th (moderate flooding). 

Waukesha Co: powerful thunderstorm winds uprooted trees in the Genesee area.

Milwaukee Co: large hail was reported in the city of Milwaukee.  Torrential rains of around 2 inches in 1 to 2 hours in the city of Fox Point resulted in flash flooding in that city. Landscaping damage and some road damage was noted due to swift water currents.

Lafayette Co: a brief tornado occurred north of Calamine. It damaged 2 large pole sheds and uprooted many trees along its short path. Several calves were injured as they were pushed across the road. Eyewitness accounts suggest this F1 tornado (winds about 100 mph) was rain-wrapped.  Otherwise, the squall line's powerful winds uprooted trees and over-turned a car-trailer combo east of Belmont.  Similar to other counties, flash-flood producing rains followed the winds.  Across the county, all mainstem river, stream, creeks, and other low spots experienced flash flooding.  Bridge under-cutting was noted on Highway K outside of Gratiot, on Highway H in Jenkynsville, and Highway G in the northwest corner.  Moderate to severe damage to road shoulders and washed out driveways was noted countywide.  Twenty-one roads were closed at one time or another.  At least 75 residential homes and 5 businesses reported flood damage, while 2 private utility buildings suffered damage.  Two farm buildings were destroyed by the flood waters, and 15 others damaged.  About 7000 acres of farm land were severely damaged.  The Pecatonica River in Darlington closed down Highway 23 from the south. The river at this location exceeded the flood stage of 11 feet late on May 31st, and crested at 15.77 feet at 0730CST on June 1st (moderate flooding).  Near South Wayne, lightning started a minor house fire.

Green Co: pre-dawn and morning urban/small stream flooding occurred countywide due to rainfall that started on May 31st.  The rains ended by sunrise.  Up to 5 inches of rain fell overnight in the southwest part of the county.  Many streams were 5 to 10 feet wide, resulting in water covering low-lying roads to a depth of 1 foot.  Several cars were swept into roadside ditches.  Urban basements had minor flood damage.  Additional heavy rains followed the evening squall line which resulted in a new round of flash flooding across much of the county.  Eight miles of the 24 mile long Sugar River State Trail were closed from near Monticello to near Albany due to washed out bridges and undercut paths.  Five homes sustained significant damage.  Numerous roads were closed due to high water levels and dozens of vehicles were stranded or pushed into roadside ditches.  Gravel road shoulder and culvert washouts were noted countywide.  Water levels in the city of Brodhead were the highest in many years.  Legion Park in Albany was closed after the adjacent Sugar River exceeded flood stage.  Moderate to severe soil erosion was noted to 5000 acres of farm fields.  The Pecatonica River at Martintown exceeded the flood stage of 13.5 feet at 0000CST on June 1st, and crested at 18.51 feet on June 4th (moderate flooding).

Rock Co: powerful thunderstorm winds downed large trees in scattered parts of the county.  However, flash-flood producing rains hit during the evening hours. Most mainstem and nearly all streams and creeks jumped their banks. Nine roads along Lake Koshkonong sustained washout damage due to swift water currents. At least 100 homes outside of the major cities sustained damage.  Many Beloit and Janesville homes in low spots reported landscape flood damage as well as basement flooding. Flash flood waters also tore through farm fields, leaving moderate to severe soil erosion and crop damage to at least 20,000 acres.  Flood waters from the Sugar River in the southwest corner of the county closed roads west of the village of Avon.

Walworth Co: no damage reports.

Kenosha Co: several rounds of heavy rains during the evening on top of previously saturated soils and high river levels resulted in flash flooding scattered across the county.  Several roads had fast-flowing waters 1 to 3 feet deep which resulted in shoulder washouts and cars being swept into roadside ditches.  At least 75 homes sustained significant flood damage in the Wheatland, Salem, and Silver Lake areas.  About 47,000 acres of farm land had serious soil erosion, and washed or flooded crops.  Due to rainfall totals during the evening of 2 to 3 inches, the Fox River at New Munster continued to rise and would eventually crest at 12.76 feet early on June 3rd, or 2.76 feet above flood stage. Three homes Silver Lake homes were evacuated.",107
5147903,WAPELLO CO.,CHILLICOTHE,06/01/2000,1708,Tornado, ,F1,0,0,10000,5000,IA,CST, ,1096281,C,179,DMX,0,0,LAW ENFORCEMENT, ,10.7,50,1,N,1,N,CHILLICOTHE,06/01/2000,1722,41.1,-92.51667,41.08333,-92.31667,"Moved through open country","At long last, the stationary front that had been over northwest Iowa for several days previous finally began to move southeast as a cold front.  A surface low pressure moved northeast along the front during the previous night and was located to the north of Iowa on the afternoon of the first.  A mid level cap of warm air was in place over most of Iowa, preventing convection from firing until the late afternoon hours.  Surface based CAPE was in excess of 5000 J/kg by the mid afternoon hours.  A line of thunderstorms erupted along the cold front by the late afternoon hours.  The sheer profile was somewhat weak and thus most of the storms remained below severe limits.  Storms did become severe along one area of the line in Wapello and a small part of Mahaska Counties.  The main outcome of the severe storms was high winds and hail.  Winds as high as 75 MPH were reported by law enforcement officials in Wapello County.  There were numerous trees toppled by the winds and power line damage was reported as well.  Hail up to the size of golf balls was reported in Chillicothe.  The north edge of the storm produced nickle size hail and 60 MPH winds over southeast Mahaska County as well.  One tornado was observed as it passed north of the Ottumwa area.  The tornado caused little damage as it tracked across open country.",108
5150954,FOND DU LAC CO.,OAK CENTER,06/01/2000,1715,Tornado, ,F0,0,0,0,5000,WI,CST, ,1097705,C,39,MKX,0,0,EMERGENCY MANAGER, ,.1,25,1,SE,1,SE,OAK CENTER,06/01/2000,1715,43.65,-88.58333,43.65,-88.58333,"","One would be hard pressed to find another day like June 1, 2000 in terms of depth and range of severe, convective weather events across south-central and southeast Wisconsin.  Tornadoes, widespread and localized flash flooding, funnel clouds, damaging hurricane-force, straight-line winds associated with a wicked squall-line, large hail stones, urban/small flooding, lightning strikes, and significant mainstem river flooding were reported.  As in the preceding weeks, a quasi-stationary front over northern Illinois served as a boundary for warm, moist, unstable air to be pulled north over the cooler air over Wisconsin.  Leftover flooding (from the evening of May 31, 2000) and isolated severe thunderstorms were noted during the pre-dawn to mid morning hours.  However a powerful squall-line formed along the Mississippi River in the La Crosse area by mid-afternoon, and pushed into south-central Wisconsin by late afternoon with "all hell breaking loose."   After the squall line moved into the southeast part of the state, it was followed by widespread showers and thunderstorms that triggered additional flooding problems. The east/southeast moving storms would not end until around 2300CST.  As a result of the wild weather events, a State of Emergency was declared in Columbia, Dane, Dodge, Green, Iowa, Lafayette, Rock, and Sauk counties.  Numerous power lines were knocked down by felled trees or wind gusts outright, resulting in the lose of power to 20,000 customers.  Significant storm and flooding events will be summarized below county by county.

Marquette Co:  6 homes were damaged and trees uprooted by powerful winds estimated at 70 knots (80 mph) in Briggsville. Urban flooding in Briggsville was also noted with water 6 inches deep.

Green Lake Co:  powerful winds knocked down trees in both Kingston and Markesan, and large hail was noted.

Fond du Lac Co: a brief, F0 tornado spun up in the rural area southeast of Oak Center. Only some hay crop was damaged. Elsewhere, urban flooding and large hail was noted. Between 1700 and 1900CST, 1.71 inches of rain fell in the city of Fond du Lac.

Sheboygan Co: powerful thunderstorm winds pushed over trees in the southern portions. 

Sauk Co: powerful winds blew over large trees in the Reedsburg to Baraboo area as well as around Prairie du Sac.  Then the heavens oped up as 3.75 inches of rain fell between 1600 and 1645CST in North Freedom. There were other reports of up to 6 inches of rain falling in 2 hours.  Flash flooding developed along Narrows Creek which left mud marks 8 feet high on some buildings. So much water came down Narrows Creek that it temporarily backed up the water of the Baraboo River!  The Baraboo River flooded homes, and other creeks tore pieces of Highways 12 and 113 away.  Road beds and parking lots were ripped away on the south side of Baraboo.  Some railroad beds and many drainage culverts across the county were washed away.  Severe erosion was noted on the cliffs overlooking the north shore of Devils Lake, whose water level rose about 3 feet due to runoff.  All together, 153 residential homes were damaged, 17 businesses reported water damage, and 220,000 acres of farm land sustained water or erosion damage.  The flooding was more widespread and worse than the 1993 flood, based on newspaper accounts.  The Baraboo River near Baraboo crested at 22.04 feet on June 2nd, or 6.04 feet above flood stage (moderate flooding), after rising above flood stage at 0400CST on the 1st.  Upriver at Rock Springs, the flood stage of 18.5 feet was exceeded at 1630CST on the 1st, and the crest was 21.71 feet at 0750CST on the 2nd (major flooding).  

Columbia Co: powerful winds uprooted large trees in and around Portage.  In addition, a garage was damaged, several vehicles were blown into roadside ditches quickly reached a depth of 1 to 3 feet over portions of Highway 12 around Portage, and on Highway 73 in the southeast corner where residents were evacuated.  Gravel road shoulder and culvert washouts were reported on some roads. Agricultural crop damage and soil erosion were also noted.

Dodge Co: the main event was a long-lived tornado that spun up just south of Highway S about 4 miles south of Horicon, just southwest of the intersection of Highways S and E.  Eyewitness accounts suggested that this tornado was a rain-wrapped and multi-vortex as it hopped-skipped east/southeast through the heart of the village of Iron Ridge (F2 at this time, 140-50 mph wind), before exiting the county on Highway S.  All together, this F2 tornado destroyed 6 homes, and damaged 26 other homes, 6 businesses, 2 barns, 1 silo, semi-tractor trailer, a green house, and many cars.  It destroyed 5 agricultural buildings. No one was injured or killed by this early-warned tornado.  Five other barns were damaged in the county by the powerful straight-line winds associated with the squall-line.  In addition, large hail up to walnut size was noted.  Flash flooding was reported in the southeast part of the county when 1.5 inches of rain fell in a short period of time.  Soil erosion and shoulder washouts were reported near the intersection of Highways 60 and P, south of Rubicon.

Washington Co: the Dodge County tornado continued into Washington County for about 1.5 miles near and along Highway S.  It damaged a barn and silo and uprooted more trees before dissipating.  The tornado in this county had winds estimated at 80 mph, or F1 strength.  No one was injured or killed.  Flash flooding was reported south of Hartford where soil erosion and gravel shoulder washouts occurred due to swirling flood waters.  Otherwise, large hail and tree-uprooting winds were noted in Germantown.

Iowa Co: Pre-dawn flash flooding occurred across the northern portion of Iowa County due to leftover thunderstorms that hit the county on May 31st.  Morrey Creek overflowed it banks in the village of Avoca, damaging 35 homes and eroding surrounding landscaping.  In Dodge State Park near Dodgeville, 50 miles of trails were closed after several bridges were washed out by flooding waters.  In addition, gravel road shoulder and culvert washouts were noted on several roads.   Another round of flash flooding occurred across the northern portion of the county thanks to torrential rains of 2 to 4 inches in 1 to 2 hours in the late afternoon and early evening hours. An estimated 10,250 acres sustained major soil erosion and many roads had water depths of 1 to 3 feet as water currents washed away gravel shoulders. Crop damage was extensive.  

Dane Co: pre-dawn severe storms dumped large hail and knocked down many tree limbs in the Madison area.  During the same storm, lightning struck a west-side Madison hotel, resulting in damage to its electrical system.  Urban/small stream flooding was noted in the pre-dawn hours across the northern part of the county with water covering low spots on Highways 12, 73, and 113.  A couple streets were flooded and closed in the village of Mazomanie due to high water levels on the Black Earth Creek. Sandbagging was needed to protect about a dozen homes in Mazomanie.  Powerful thunderstorm winds uprooted trees which then damaged many vehicles in the Madison to Cottage Grove area during the evening.  At least 60 trees blocked various roads in the Madison area, and 18 power lines were reported down.  Roof tiles were also removed from some homes as the winds gusted to an estimated 70 knots (80 mph).  An expensive gazebo was destroyed by uprooted trees in the city of Monona.  Shortly thereafter, flash-flood producing rains hit much of the county.  Madison streets were rivers as 27 cars were stranded or pushed around.  It was the worst flooding the city during the past 15 years.  Sandbagging commenced in Monona to protect homes.  Many roads across the county were damaged by flood waters, with most damage in the northwest part of the county.   In the village of Oregon, 1.90 inches of rain was measured in just 45 minutes ending at 1830CST.   Additional soil erosion and ponding of water resulted in extensive, severe crop damage across the county.  Collectively, wind and/or flood damage occurred to at least 646 residential homes in the county, and to 3 businesses.  Probably 30,000 acres of farm land had significant crop damage.  A new daily rainfall record of 3.46 inches was set at Madison's Traux Field, breaking the old record of 1.33 inches set back in 1892.  Runoff from this rainfall eventually pushed Lake Mendota to 31.5 inches above its normal summer level on June 5th, which was the highest reading since the beginning of records in 1916.  In response to the high lake levels in Dane county, many nearby homes were sandbagged, and public beach and boat docks were closed.

Jefferson Co: an early morning, severe thunderstorm dumped large hail on Lake Mills.  Another storm's lightning struck a Ft. Atkinson church steeple, resulting in structural and water damage. The evening storms generated damaging winds that uprooted large trees.  Lightning started a minor fire on a Lake Mills home's roof.  Heavy rains of 2 to 3 inches during the evening generated scattered flash flooding across the county, mostly in the form of gravel shoulder washouts of several roads.  Roads near the Rock River in Ft. Atkinson were closed due to the swirling waters.  Soil erosion and crop washouts were noted across the county.  Rainfall totals of 2.39 inches and 2.72 inches were noted in Ft. Atkinson and Jefferson, respectively.  The heavy rains forced the Crawfish River at Milford to exceed the flood stage of 7 feet on June 2nd , and crest at 8.38 feet on June 7th (moderate flooding). 

Waukesha Co: powerful thunderstorm winds uprooted trees in the Genesee area.

Milwaukee Co: large hail was reported in the city of Milwaukee.  Torrential rains of around 2 inches in 1 to 2 hours in the city of Fox Point resulted in flash flooding in that city. Landscaping damage and some road damage was noted due to swift water currents.

Lafayette Co: a brief tornado occurred north of Calamine. It damaged 2 large pole sheds and uprooted many trees along its short path. Several calves were injured as they were pushed across the road. Eyewitness accounts suggest this F1 tornado (winds about 100 mph) was rain-wrapped.  Otherwise, the squall line's powerful winds uprooted trees and over-turned a car-trailer combo east of Belmont.  Similar to other counties, flash-flood producing rains followed the winds.  Across the county, all mainstem river, stream, creeks, and other low spots experienced flash flooding.  Bridge under-cutting was noted on Highway K outside of Gratiot, on Highway H in Jenkynsville, and Highway G in the northwest corner.  Moderate to severe damage to road shoulders and washed out driveways was noted countywide.  Twenty-one roads were closed at one time or another.  At least 75 residential homes and 5 businesses reported flood damage, while 2 private utility buildings suffered damage.  Two farm buildings were destroyed by the flood waters, and 15 others damaged.  About 7000 acres of farm land were severely damaged.  The Pecatonica River in Darlington closed down Highway 23 from the south. The river at this location exceeded the flood stage of 11 feet late on May 31st, and crested at 15.77 feet at 0730CST on June 1st (moderate flooding).  Near South Wayne, lightning started a minor house fire.

Green Co: pre-dawn and morning urban/small stream flooding occurred countywide due to rainfall that started on May 31st.  The rains ended by sunrise.  Up to 5 inches of rain fell overnight in the southwest part of the county.  Many streams were 5 to 10 feet wide, resulting in water covering low-lying roads to a depth of 1 foot.  Several cars were swept into roadside ditches.  Urban basements had minor flood damage.  Additional heavy rains followed the evening squall line which resulted in a new round of flash flooding across much of the county.  Eight miles of the 24 mile long Sugar River State Trail were closed from near Monticello to near Albany due to washed out bridges and undercut paths.  Five homes sustained significant damage.  Numerous roads were closed due to high water levels and dozens of vehicles were stranded or pushed into roadside ditches.  Gravel road shoulder and culvert washouts were noted countywide.  Water levels in the city of Brodhead were the highest in many years.  Legion Park in Albany was closed after the adjacent Sugar River exceeded flood stage.  Moderate to severe soil erosion was noted to 5000 acres of farm fields.  The Pecatonica River at Martintown exceeded the flood stage of 13.5 feet at 0000CST on June 1st, and crested at 18.51 feet on June 4th (moderate flooding).

Rock Co: powerful thunderstorm winds downed large trees in scattered parts of the county.  However, flash-flood producing rains hit during the evening hours. Most mainstem and nearly all streams and creeks jumped their banks. Nine roads along Lake Koshkonong sustained washout damage due to swift water currents. At least 100 homes outside of the major cities sustained damage.  Many Beloit and Janesville homes in low spots reported landscape flood damage as well as basement flooding. Flash flood waters also tore through farm fields, leaving moderate to severe soil erosion and crop damage to at least 20,000 acres.  Flood waters from the Sugar River in the southwest corner of the county closed roads west of the village of Avon.

Walworth Co: no damage reports.

Kenosha Co: several rounds of heavy rains during the evening on top of previously saturated soils and high river levels resulted in flash flooding scattered across the county.  Several roads had fast-flowing waters 1 to 3 feet deep which resulted in shoulder washouts and cars being swept into roadside ditches.  At least 75 homes sustained significant flood damage in the Wheatland, Salem, and Silver Lake areas.  About 47,000 acres of farm land had serious soil erosion, and washed or flooded crops.  Due to rainfall totals during the evening of 2 to 3 inches, the Fox River at New Munster continued to rise and would eventually crest at 12.76 feet early on June 3rd, or 2.76 feet above flood stage. Three homes Silver Lake homes were evacuated.",109
5151942,WASHINGTON CO.,ALLENTON,06/01/2000,1725,Tornado, ,F0,0,0,0,100000,WI,CST, ,1097705,C,131,MKX,0,0,LAW ENFORCEMENT, ,1.5,50,4,SW,4,SW,ALLENTON,06/01/2000,1728,43.38333,-88.38333,43.38333,-88.36667,"","One would be hard pressed to find another day like June 1, 2000 in terms of depth and range of severe, convective weather events across south-central and southeast Wisconsin.  Tornadoes, widespread and localized flash flooding, funnel clouds, damaging hurricane-force, straight-line winds associated with a wicked squall-line, large hail stones, urban/small flooding, lightning strikes, and significant mainstem river flooding were reported.  As in the preceding weeks, a quasi-stationary front over northern Illinois served as a boundary for warm, moist, unstable air to be pulled north over the cooler air over Wisconsin.  Leftover flooding (from the evening of May 31, 2000) and isolated severe thunderstorms were noted during the pre-dawn to mid morning hours.  However a powerful squall-line formed along the Mississippi River in the La Crosse area by mid-afternoon, and pushed into south-central Wisconsin by late afternoon with "all hell breaking loose."   After the squall line moved into the southeast part of the state, it was followed by widespread showers and thunderstorms that triggered additional flooding problems. The east/southeast moving storms would not end until around 2300CST.  As a result of the wild weather events, a State of Emergency was declared in Columbia, Dane, Dodge, Green, Iowa, Lafayette, Rock, and Sauk counties.  Numerous power lines were knocked down by felled trees or wind gusts outright, resulting in the lose of power to 20,000 customers.  Significant storm and flooding events will be summarized below county by county.

Marquette Co:  6 homes were damaged and trees uprooted by powerful winds estimated at 70 knots (80 mph) in Briggsville. Urban flooding in Briggsville was also noted with water 6 inches deep.

Green Lake Co:  powerful winds knocked down trees in both Kingston and Markesan, and large hail was noted.

Fond du Lac Co: a brief, F0 tornado spun up in the rural area southeast of Oak Center. Only some hay crop was damaged. Elsewhere, urban flooding and large hail was noted. Between 1700 and 1900CST, 1.71 inches of rain fell in the city of Fond du Lac.

Sheboygan Co: powerful thunderstorm winds pushed over trees in the southern portions. 

Sauk Co: powerful winds blew over large trees in the Reedsburg to Baraboo area as well as around Prairie du Sac.  Then the heavens oped up as 3.75 inches of rain fell between 1600 and 1645CST in North Freedom. There were other reports of up to 6 inches of rain falling in 2 hours.  Flash flooding developed along Narrows Creek which left mud marks 8 feet high on some buildings. So much water came down Narrows Creek that it temporarily backed up the water of the Baraboo River!  The Baraboo River flooded homes, and other creeks tore pieces of Highways 12 and 113 away.  Road beds and parking lots were ripped away on the south side of Baraboo.  Some railroad beds and many drainage culverts across the county were washed away.  Severe erosion was noted on the cliffs overlooking the north shore of Devils Lake, whose water level rose about 3 feet due to runoff.  All together, 153 residential homes were damaged, 17 businesses reported water damage, and 220,000 acres of farm land sustained water or erosion damage.  The flooding was more widespread and worse than the 1993 flood, based on newspaper accounts.  The Baraboo River near Baraboo crested at 22.04 feet on June 2nd, or 6.04 feet above flood stage (moderate flooding), after rising above flood stage at 0400CST on the 1st.  Upriver at Rock Springs, the flood stage of 18.5 feet was exceeded at 1630CST on the 1st, and the crest was 21.71 feet at 0750CST on the 2nd (major flooding).  

Columbia Co: powerful winds uprooted large trees in and around Portage.  In addition, a garage was damaged, several vehicles were blown into roadside ditches quickly reached a depth of 1 to 3 feet over portions of Highway 12 around Portage, and on Highway 73 in the southeast corner where residents were evacuated.  Gravel road shoulder and culvert washouts were reported on some roads. Agricultural crop damage and soil erosion were also noted.

Dodge Co: the main event was a long-lived tornado that spun up just south of Highway S about 4 miles south of Horicon, just southwest of the intersection of Highways S and E.  Eyewitness accounts suggested that this tornado was a rain-wrapped and multi-vortex as it hopped-skipped east/southeast through the heart of the village of Iron Ridge (F2 at this time, 140-50 mph wind), before exiting the county on Highway S.  All together, this F2 tornado destroyed 6 homes, and damaged 26 other homes, 6 businesses, 2 barns, 1 silo, semi-tractor trailer, a green house, and many cars.  It destroyed 5 agricultural buildings. No one was injured or killed by this early-warned tornado.  Five other barns were damaged in the county by the powerful straight-line winds associated with the squall-line.  In addition, large hail up to walnut size was noted.  Flash flooding was reported in the southeast part of the county when 1.5 inches of rain fell in a short period of time.  Soil erosion and shoulder washouts were reported near the intersection of Highways 60 and P, south of Rubicon.

Washington Co: the Dodge County tornado continued into Washington County for about 1.5 miles near and along Highway S.  It damaged a barn and silo and uprooted more trees before dissipating.  The tornado in this county had winds estimated at 80 mph, or F1 strength.  No one was injured or killed.  Flash flooding was reported south of Hartford where soil erosion and gravel shoulder washouts occurred due to swirling flood waters.  Otherwise, large hail and tree-uprooting winds were noted in Germantown.

Iowa Co: Pre-dawn flash flooding occurred across the northern portion of Iowa County due to leftover thunderstorms that hit the county on May 31st.  Morrey Creek overflowed it banks in the village of Avoca, damaging 35 homes and eroding surrounding landscaping.  In Dodge State Park near Dodgeville, 50 miles of trails were closed after several bridges were washed out by flooding waters.  In addition, gravel road shoulder and culvert washouts were noted on several roads.   Another round of flash flooding occurred across the northern portion of the county thanks to torrential rains of 2 to 4 inches in 1 to 2 hours in the late afternoon and early evening hours. An estimated 10,250 acres sustained major soil erosion and many roads had water depths of 1 to 3 feet as water currents washed away gravel shoulders. Crop damage was extensive.  

Dane Co: pre-dawn severe storms dumped large hail and knocked down many tree limbs in the Madison area.  During the same storm, lightning struck a west-side Madison hotel, resulting in damage to its electrical system.  Urban/small stream flooding was noted in the pre-dawn hours across the northern part of the county with water covering low spots on Highways 12, 73, and 113.  A couple streets were flooded and closed in the village of Mazomanie due to high water levels on the Black Earth Creek. Sandbagging was needed to protect about a dozen homes in Mazomanie.  Powerful thunderstorm winds uprooted trees which then damaged many vehicles in the Madison to Cottage Grove area during the evening.  At least 60 trees blocked various roads in the Madison area, and 18 power lines were reported down.  Roof tiles were also removed from some homes as the winds gusted to an estimated 70 knots (80 mph).  An expensive gazebo was destroyed by uprooted trees in the city of Monona.  Shortly thereafter, flash-flood producing rains hit much of the county.  Madison streets were rivers as 27 cars were stranded or pushed around.  It was the worst flooding the city during the past 15 years.  Sandbagging commenced in Monona to protect homes.  Many roads across the county were damaged by flood waters, with most damage in the northwest part of the county.   In the village of Oregon, 1.90 inches of rain was measured in just 45 minutes ending at 1830CST.   Additional soil erosion and ponding of water resulted in extensive, severe crop damage across the county.  Collectively, wind and/or flood damage occurred to at least 646 residential homes in the county, and to 3 businesses.  Probably 30,000 acres of farm land had significant crop damage.  A new daily rainfall record of 3.46 inches was set at Madison's Traux Field, breaking the old record of 1.33 inches set back in 1892.  Runoff from this rainfall eventually pushed Lake Mendota to 31.5 inches above its normal summer level on June 5th, which was the highest reading since the beginning of records in 1916.  In response to the high lake levels in Dane county, many nearby homes were sandbagged, and public beach and boat docks were closed.

Jefferson Co: an early morning, severe thunderstorm dumped large hail on Lake Mills.  Another storm's lightning struck a Ft. Atkinson church steeple, resulting in structural and water damage. The evening storms generated damaging winds that uprooted large trees.  Lightning started a minor fire on a Lake Mills home's roof.  Heavy rains of 2 to 3 inches during the evening generated scattered flash flooding across the county, mostly in the form of gravel shoulder washouts of several roads.  Roads near the Rock River in Ft. Atkinson were closed due to the swirling waters.  Soil erosion and crop washouts were noted across the county.  Rainfall totals of 2.39 inches and 2.72 inches were noted in Ft. Atkinson and Jefferson, respectively.  The heavy rains forced the Crawfish River at Milford to exceed the flood stage of 7 feet on June 2nd , and crest at 8.38 feet on June 7th (moderate flooding). 

Waukesha Co: powerful thunderstorm winds uprooted trees in the Genesee area.

Milwaukee Co: large hail was reported in the city of Milwaukee.  Torrential rains of around 2 inches in 1 to 2 hours in the city of Fox Point resulted in flash flooding in that city. Landscaping damage and some road damage was noted due to swift water currents.

Lafayette Co: a brief tornado occurred north of Calamine. It damaged 2 large pole sheds and uprooted many trees along its short path. Several calves were injured as they were pushed across the road. Eyewitness accounts suggest this F1 tornado (winds about 100 mph) was rain-wrapped.  Otherwise, the squall line's powerful winds uprooted trees and over-turned a car-trailer combo east of Belmont.  Similar to other counties, flash-flood producing rains followed the winds.  Across the county, all mainstem river, stream, creeks, and other low spots experienced flash flooding.  Bridge under-cutting was noted on Highway K outside of Gratiot, on Highway H in Jenkynsville, and Highway G in the northwest corner.  Moderate to severe damage to road shoulders and washed out driveways was noted countywide.  Twenty-one roads were closed at one time or another.  At least 75 residential homes and 5 businesses reported flood damage, while 2 private utility buildings suffered damage.  Two farm buildings were destroyed by the flood waters, and 15 others damaged.  About 7000 acres of farm land were severely damaged.  The Pecatonica River in Darlington closed down Highway 23 from the south. The river at this location exceeded the flood stage of 11 feet late on May 31st, and crested at 15.77 feet at 0730CST on June 1st (moderate flooding).  Near South Wayne, lightning started a minor house fire.

Green Co: pre-dawn and morning urban/small stream flooding occurred countywide due to rainfall that started on May 31st.  The rains ended by sunrise.  Up to 5 inches of rain fell overnight in the southwest part of the county.  Many streams were 5 to 10 feet wide, resulting in water covering low-lying roads to a depth of 1 foot.  Several cars were swept into roadside ditches.  Urban basements had minor flood damage.  Additional heavy rains followed the evening squall line which resulted in a new round of flash flooding across much of the county.  Eight miles of the 24 mile long Sugar River State Trail were closed from near Monticello to near Albany due to washed out bridges and undercut paths.  Five homes sustained significant damage.  Numerous roads were closed due to high water levels and dozens of vehicles were stranded or pushed into roadside ditches.  Gravel road shoulder and culvert washouts were noted countywide.  Water levels in the city of Brodhead were the highest in many years.  Legion Park in Albany was closed after the adjacent Sugar River exceeded flood stage.  Moderate to severe soil erosion was noted to 5000 acres of farm fields.  The Pecatonica River at Martintown exceeded the flood stage of 13.5 feet at 0000CST on June 1st, and crested at 18.51 feet on June 4th (moderate flooding).

Rock Co: powerful thunderstorm winds downed large trees in scattered parts of the county.  However, flash-flood producing rains hit during the evening hours. Most mainstem and nearly all streams and creeks jumped their banks. Nine roads along Lake Koshkonong sustained washout damage due to swift water currents. At least 100 homes outside of the major cities sustained damage.  Many Beloit and Janesville homes in low spots reported landscape flood damage as well as basement flooding. Flash flood waters also tore through farm fields, leaving moderate to severe soil erosion and crop damage to at least 20,000 acres.  Flood waters from the Sugar River in the southwest corner of the county closed roads west of the village of Avon.

Walworth Co: no damage reports.

Kenosha Co: several rounds of heavy rains during the evening on top of previously saturated soils and high river levels resulted in flash flooding scattered across the county.  Several roads had fast-flowing waters 1 to 3 feet deep which resulted in shoulder washouts and cars being swept into roadside ditches.  At least 75 homes sustained significant flood damage in the Wheatland, Salem, and Silver Lake areas.  About 47,000 acres of farm land had serious soil erosion, and washed or flooded crops.  Due to rainfall totals during the evening of 2 to 3 inches, the Fox River at New Munster continued to rise and would eventually crest at 12.76 feet early on June 3rd, or 2.76 feet above flood stage. Three homes Silver Lake homes were evacuated.",110
5149183,LUBBOCK CO.,WOLFFORTH,06/02/2000,1407,Tornado, ,F0,0,0,0,0,TX,CST, ,1096969,C,303,LUB,0,0,EMERGENCY MANAGER, ,.1,20,2,S,2,S,WOLFFORTH,06/02/2000,1407,33.46667,-102.01667,33.46667,-102.01667,"A weak, non-supercell tornado briefly touched down in an open field.  No NWS storm survey was conducted.","",111
5152626,HAMPSHIRE CO.,LEEDS,06/02/2000,1600,Tornado, ,F1,0,0,0,0,MA,EST, ,1097210,C,15,BOX,0,0,TRAINED SPOTTER, ,.5,15, , , , ,LEEDS,06/02/2000,1601,42.35,-72.7,42.35,-72.7,"Brief touchdown in Leeds and Pine Brook Farm sections of Northampton","Severe thunderstorms moved through much of the Bay State in advance of a strong cold front, causing widespread damage.  The storms began in western Massachusetts during the late afternoon, with numerous reports of downed trees, wires, and large hail in Hampshire and Hampden Counties.  Hail as large as golf balls was reported in Granby.

Northampton received the brunt of the storm damage, where a brief tornado and microburst caused extensive damage and one injury.  The tornado, rated F1 on the Fujita Scale with winds of 73 to 112 mph, touched down very briefly at 5 pm EDT in the higher elevations in Leeds, in the northwest section of Northampton.  A few minutes later, the same tornado briefly touched down again near Bridge Road in the Pine Brook Farm portion of Northampton.  The initial touchdown was only 15 yards wide at its maximum, about one half mile long, and lasted only one minute.  It began near Kennedy Road, just to the west of the southern portion of Roberts Meadow Reservoir.  It ended on the east side of the reservoir at Reservoir Road.  Convergent tree damage was noted in these areas.  The majority of the damage from this severe thunderstorm occurred from a very powerful microburst, with estimated winds between 90 and 105 mph, which affected the section of Northampton around Pine Brook Curve, Emily Lane, and Hatfield Street.  Straight line wind damage was observed in this area, with large trees snapped in the middle, and in some cases at their bases.  Four homes were declared uninhabitable due to large trees which had fell upon them.  Hundreds of trees were downed as well as power lines.  Hail, ranging in size from quarter to golf ball, accompanied this storm.  Amazingly, only one minor injury occurred.  A man was struck by a tree which fell into his kitchen, but was spared by his refrigerator, which acted as a shield according to several accounts.

In central and eastern Massachusetts, thunderstorm winds downed trees, branches, and power lines throughout many communities in Worcester, Middlesex, Norfolk, Suffolk, and Plymouth Counties.  Dime to nickel size hail also accompanied the storms.  At Logan International Airport in Boston, a wind gust to 62 mph was reported.

About 15,000 electric customers lost power during the storms as they moved through Massachusetts.",112
5152178,SULLIVAN CO.,ROCK HILL,06/02/2000,1730,Tornado, ,F0,0,0,250000,0,NY,EST, ,1097938,C,105,BGM,0,0,NWS STORM SURVEY, ,1,200, , , , ,ROCK HILL,06/02/2000,1730,41.63333,-74.6,41.63333,-74.6,"A National Weather Service Binghamton survey team studied wind damage in the Emerald Green community, approximately 10 miles southeast of Monticello, NY on Saturday June 3rd 2000. The conclusions were that the damage, which occurred around 630 pm June 2nd, was tornadic and rated as 0 on the Fujita scale (F-0). This rating estimates the wind speed between 40 and 72 mph.

The survey began near Essex Street where damage appeared to be straight line, with several trees laying in the same direction. One tree fell through a parked car. Although the damage did not show a tornadic pattern, it was curious how isolated the damage was. Witnesses at the scene claimed there was a lull in the storm, then a sudden whistling and then the sound of a "freight train." One man claimed to see rapid rotation within the rain as the trees were lifted and pushed over. 

Further damage was witnessed a few tenths of a mile to the east on Scarborough Circle. Several trees were knocked down toward the east-southeast. One tree downed caused considerable damage to a porch/deck. Again the consensus was the wind was straight line, albeit curiously isolated.

Minor damage also occurred along East Lake Shore Drive. Shingles were torn off one house and a few shallow rooted trees were toppled in convergent directions. A fence to a tennis court across the street was bent over. A witness from this scene claimed to have seen "a cloud touch down and begin to move across the lake", right in line with the main damage path.

Further to the east-southeast, more damage was discovered. Four or five trees were twisted mid to low trunk and sheared off. The trunks were estimated at 8-10 inches. Witnesses in a nearby house claimed the storm seemed to have stopped, and then  the rain and strong, damaging wind wrapped back in. 

Behind this damage to the west-northwest was an ascending field leading up to a ridge top. This area comprises an unfinished golf course. Further investigation led to far more tree and vegetative damage. It was noted along the hill that damage increased in coverage further up, lending credence to the theory of a funnel aloft with the ridge rising up to meet the rotation. Numerous large trees were uprooted and fell in convergent patterns, and there were also trees twisted and sheared off from their lower to middle trunks.   

At the top of the ridge, a home was discovered with 18 large diameter trees (8-10") uprooted, sheared off, or twisted along the mid-high trunks. Some of the uprooted trees appeared to be in a convergent pattern. A gentleman interviewed was not home at the time of the storm. A couple trees narrowly missed a direct hit on his home, but crushed a corner of the residence's back deck.

Based upon the previously described eyewitness accounts, and the twisting / convergent damage pattern of many trees, the storm was determined to be a weak tornado. Track information from a global geo-positioning unit clearly exhibited a west-northwest to east-southeast oriented path of about 1 mile in length. The tornado was up to 200 yards wide near the ridge top with smaller damage swaths in downhill locations. The tornado was likely aloft for much of the storm, with ground interaction most numerous where the ridge rose up to meet it.","",113
5164981,WESTCHESTER CO.,PEEKSKILL,06/02/2000,1805,Tornado, ,F1,0,2,0,0,NY,EST, ,1098927,C,119,OKX,0,0,NWS STORM SURVEY, ,.3,33, , , , ,PEEKSKILL,06/02/2000,1805,41.28333,-73.93333,41.28333,-73.93333,"","
Lines of severe thunderstorms swept southeast across the region.  They produced one F1 tornado, one funnel cloud, and high winds that downed many trees and power lines and caused at least 11 injuries, 8 of which were in New York City.

Based on a storm survey performed by NWS staff, an F1 tornado occurred around 7:05 pm EDT in the continental village region of the town of Cortlandt, about 3 miles north of Peekskill on the Westchester and Putnam Counties border.  The tornado was classified as an F1 based on tree damage and their associated patterns.  Touch down was on the southwest corner of the intersection of Highland Drive and Heath Terrace.  The tornado moved northeast along the southeast shore of Cortlandt Lake in a counter-clockwise arched pattern lifting just south of the intersection of Schuyler Lane and Putnam Road.  The Path Length was about 0.3 miles and Path Width averaged 33 yards.  In the vicinity of Tyron Circle and Putnam Road, the tornado was at its' widest and strongest.  Damage occurred to about 20 houses, with 7 houses incurring moderate damage.  The tornado apparently reformed in 2 other locations as the severe thunderstorm moved east:  Sprout Brook Road (Path Length about 0.15 miles) and Lakeview Road (Path Length just less than 0.1 miles).  Numerous trees of 1 1/2 to 2 feet in diameter were snapped, mainly about 20 to 25 feet above the ground.  Three telephone poles were snapped in the middle.  Meteorologically, this tornado formed on the roll of a gust front that moved nearly 50 mph across the region and was likely on the ground for less than 1 minute.

Here's a brief summary of damage reports received:

In Orange County, a 60 mph wind gust was reported at the Plattekill Service Area along the NYS Thruway, just north of Leptondale.  There were numerous reports of wires down, trees down on houses and cars and trees blocking roads in the vicinity of Wawayanda, Middletown, Cornwall, Goshen, Chester, and Newburgh.

In Rockland County, a tree fell on and damaged a house on Mountain Avenue in Hillburn.  Trees were also downed in New City.  A large tree fell on a car in Haverstraw.

In Putnam County, several trees and power lines were downed in Carmel and Brewster.

In Westchester County, numerous trees were downed at Croton On Hudson, numerous trees and power lines were downed at Ossining, a tree fell on a house at Yonkers, and trees were downed in Valhalla.

In Bronx County, numerous trees were downed countywide.

In Kings County, one person was injured when a large store sign fell on top of people.  A large inflatable structure was blown over.  Lightning struck a tent at Old Fulton and Everett Streets around 8:40 pm EDT, which caused 5 injuries.

In New York County, a scaffold collapsed on 7 cars at 94th Street and Second Avenue at 7:55 pm EDT.  Debris blew off a scaffold and fell on and injured one person at 84th Street and Broadway around 8:00 pm.  A tree fell on and injured one child at 214th Street and Indian Road around 8:00 pm.  At Central Park, a peak wind gust of 38 mph occurred from the north at 7:38 pm.

In Queens County, a spotter estimated a wind gust to 80 mph that caused a building collapse in Rockaway Beach.  Numerous trees were downed in Queens Village.  At JFK Airport, a peak wind gust of 45 mph occurred from the northwest at 7:59 pm EDT.  At LaGuardia Airport, a peak wind gust of 44 mph occurred from the northwest at 7:42 pm.

In Nassau County, a 60 mph wind gust caused wind damage in Levittown.

In Suffolk County, high winds downed trees in Stony Brook and Setauket.  One tree fell onto a car that injured a passenger on Lower Sheep Pasture Road around 8:03 pm EDT.  An airplane pilot saw a funnel cloud and reported 0.75-inch diameter hail in Smithtown around 8:12 pm.  A large tree was downed in Wading River around 8:17 pm.",114
5154537,CLAY CO.,HUB CITY,06/03/2000,1848,Tornado, ,F0,0,0,0,0,SD,CST, ,1098399,C,27,FSD,0,0,TRAINED SPOTTER, ,.1,50,3,W,3,W,HUB CITY,06/03/2000,1850,42.95,-96.95,42.95,-96.95,"A brief tornado caused no reported damage.","",115
5148667,PARKER CO.,WEATHERFORD,06/03/2000,1945,Tornado, ,F0,0,0,0,0,TX,CST, ,1096865,C,367,FWD,0,0,LAW ENFORCEMENT, ,.1,10, , , , ,WEATHERFORD,06/03/2000,1945,32.76667,-97.8,32.76667,-97.8,"A brief tornado was reported at Lake Weatherford.","
				June 3rd & 4th - Event Narrative

Numerous boundaries were across the state and they acted as triggers for showers and thunderstorms.  Upper level winds were very light and any storms that formed moved very slowly.  Flash flooding was observed across almost all of the area at some point during the month.  One particularly strong cell dropped a tornado near Weatherford.  There was a lot of flood damage in western Tarrant county, where numerous homes were flooded.  This was a fairly widespread rainfall event with many counties experiencing flooding. The counties along the red river received less rainfall than the rest of the region. Some of the heavier amounts included (in inches) 6.43 in Cleburne, 8.50 in Burleson, and 12.33 in Cresson (Johnson county); 6.70 in Weatherford (Parker county); 7.05 in Midlothian and 7.65 in Waxahachie (Ellis county); 8.70 in Hillsboro ( Hill county); 7.51 in Meridian and 6.24 in Morgan (Bosque county); 7.65 in West (Mclennan county); 2.19 in Breckenridge (Stephens county).",116
5150869,ANTELOPE CO.,ROYAL,06/03/2000,1958,Tornado, ,F0,0,0,0,0,NE,CST, ,1097384,C,3,OAX,0,0,LAW ENFORCEMENT, ,.1,15,2,NW,2,NW,ROYAL,06/03/2000,1958,42.35,-98.16667,42.35,-98.16667,"Brief touchdown in open country.  The tornado picked up dust but  caused no damage.","",117
5148666,PARKER CO.,WEATHERFORD,06/03/2000,2015,Tornado, ,F0,0,0,0,0,TX,CST, ,1096865,C,367,FWD,0,0,LAW ENFORCEMENT, ,.1,10, , , , ,WEATHERFORD,06/03/2000,2015,32.76667,-97.8,32.76667,-97.8,"A brief tornado was reported seven miles south of the downtown area on main street.","
				June 3rd & 4th - Event Narrative

Numerous boundaries were across the state and they acted as triggers for showers and thunderstorms.  Upper level winds were very light and any storms that formed moved very slowly.  Flash flooding was observed across almost all of the area at some point during the month.  One particularly strong cell dropped a tornado near Weatherford.  There was a lot of flood damage in western Tarrant county, where numerous homes were flooded.  This was a fairly widespread rainfall event with many counties experiencing flooding. The counties along the red river received less rainfall than the rest of the region. Some of the heavier amounts included (in inches) 6.43 in Cleburne, 8.50 in Burleson, and 12.33 in Cresson (Johnson county); 6.70 in Weatherford (Parker county); 7.05 in Midlothian and 7.65 in Waxahachie (Ellis county); 8.70 in Hillsboro ( Hill county); 7.51 in Meridian and 6.24 in Morgan (Bosque county); 7.65 in West (Mclennan county); 2.19 in Breckenridge (Stephens county).",118
5150870,PIERCE CO.,PLAINVIEW,06/03/2000,2015,Tornado, ,F0,0,0,0,0,NE,CST, ,1097385,C,139,OAX,0,0,GENERAL PUBLIC, ,.1,15,12,S,12,S,PLAINVIEW,06/03/2000,2015,42.18333,-97.78333,42.18333,-97.78333,"Another brief tornado touchdown in  open country with no damage reported.","",119
5151170,ANTELOPE CO.,ROYAL,06/03/2000,2050,Tornado, ,F0,0,0,0,0,NE,CST, ,1097390,C,3,OAX,0,0,GENERAL PUBLIC, ,.1,15,3,N,3,N,ROYAL,06/03/2000,2050,42.38333,-98.13333,42.38333,-98.13333,"The second Heavy Precipitation (HP) supercell to pass just north of Royal this night produced another short-lived small tornado that touched down in open country causing little or no damage.","",120
5151238,PIERCE CO.,PIERCE,06/03/2000,2125,Tornado, ,F0,0,0,0,0,NE,CST, ,1097395,C,139,OAX,0,0,LAW ENFORCEMENT, ,3,40,16,W,16,W,PIERCE,06/03/2000,2134,42.2,-97.85,42.03333,-97.75,"This tornado apparently tracked from southwest Pierce county into northwest Madison county.  The tornado did little if any damage as it tracked mainly in open country...and it also might not have been on the ground for the whole track of the storm.","",121
5151239,MADISON CO.,MEADOW GROVE,06/03/2000,2134,Tornado, ,F0,0,0,0,0,NE,CST, ,1097396,C,119,OAX,0,0,LAW ENFORCEMENT, ,2,45,5,NNW,5,NNW,MEADOW GROVE,06/03/2000,2140,42.1,-97.76667,42.08333,-97.73333,"This was probably the same tornado that was reported west of Pierce.  It apparently tracked from west of Pierce into extreme northwest Madison county before lifting.  No damage was reported.","",122
5151657,PIERCE CO.,BLACKSHEAR,06/04/2000,1621,Tornado, ,F0,0,0,0,0,GA,EST, ,1097542,C,229,JAX,0,0,EMERGENCY MANAGER, ,.1,5,5,SW,5,SW,BLACKSHEAR,06/04/2000,1625,31.25,-82.31667,31.25,-82.31667,"No damage.","",123
5148981,MONTGOMERY CO.,ELK CITY LAKE,06/04/2000,1715,Tornado, ,F0,0,0,10000,0,KS,CST, ,1096914,C,125,ICT,0,0,EMERGENCY MANAGER, ,1,110,2,N,2,N,ELK CITY LAKE,06/04/2000,1715,37.3,-95.8,37.3,-95.8,"A short-lived tornado caused minor damage to a travel-trailer and a barn.","",124
5150996,NEOSHO CO.,SOUTH MOUND,06/04/2000,1750,Tornado, ,F0,0,0,0,0,KS,CST, ,1096914,C,133,ICT,0,0,EMERGENCY MANAGER, ,1,110,1,S,1,S,SOUTH MOUND,06/04/2000,1750,37.41667,-95.23333,37.41667,-95.23333,"A brief touchdown in an open field.","",125
5150997,LABETTE CO.,PARSONS,06/04/2000,1759,Tornado, ,F0,0,0,0,0,KS,CST, ,1096914,C,99,ICT,0,0,LAW ENFORCEMENT, ,1,110,2,S,2,S,PARSONS,06/04/2000,1759,37.31667,-95.26667,37.31667,-95.26667,"A brief touchdown in an open field.","",126
5150998,LABETTE CO.,PARSONS,06/04/2000,1759,Tornado, ,F0,0,0,0,0,KS,CST, ,1096914,C,99,ICT,0,0,LAW ENFORCEMENT, ,1,110,2,S,2,S,PARSONS,06/04/2000,1759,37.31667,-95.26667,37.31667,-95.26667,"A second tornado occurred simultaneously in an open field.","",127
5150999,LABETTE CO.,OSWEGO,06/04/2000,1810,Tornado, ,F0,0,0,0,0,KS,CST, ,1096914,C,99,ICT,0,0,EMERGENCY MANAGER, ,1,110, , , , ,OSWEGO,06/04/2000,1810,37.16667,-95.1,37.16667,-95.1,"A brief touchdown in open country.","",128
5151000,LABETTE CO.,ALTAMONT,06/04/2000,1812,Tornado, ,F0,0,0,0,0,KS,CST, ,1096914,C,99,ICT,0,0,EMERGENCY MANAGER, ,1,110, , , , ,ALTAMONT,06/04/2000,1812,37.2,-95.3,37.2,-95.3,"A brief touchdown over open country.","",129
5151995,WASHINGTON CO.,RAMONA,06/04/2000,1925,Tornado, ,F0,0,0,0,0,OK,CST, ,1098127,C,147,TSA,0,0,TRAINED SPOTTER, ,.2,50,2,S,2,S,RAMONA,06/04/2000,1925,36.5,-95.91667,36.5,-95.91667,"Television storm chasers reported a brief tornado touchdown near Ramona.  No damage was reported.","",130
5151994,OSAGE CO.,SKIATOOK,06/04/2000,1943,Tornado, ,F0,0,0,0,0,OK,CST, ,1098127,C,113,TSA,0,0,TRAINED SPOTTER, ,.2,50,4,NW,4,NW,SKIATOOK,06/04/2000,1943,36.4,-96.05,36.4,-96.05,"A storm chaser reported a tornado northwest of Skiatook.  The tornado touched down briefly and no damage was reported.","",131
5173120,SAGUACHE CO.,CENTER,06/05/2000,1150,Tornado, ,F0,0,0,0,0,CO,MST, ,1101509,C,109,PUB,0,0,LAW ENFORCEMENT, ,.2,50,12,NE,12,NE,CENTER,06/05/2000,1152,37.86667,-105.95,37.86667,-105.95,"A brief, weak landspout tornado occurred over open country with no known damage.","",132
5148781,BROWARD CO.,FT LAUDERDALE,06/06/2000,1415,Tornado, ,F0,0,0,10000,0,FL,EST, ,1096947,C,11,MFL,0,0,LAW ENFORCEMENT, ,.1,8, , , , ,FT LAUDERDALE,06/06/2000,1415,26.13333,-80.13333,26.13333,-80.13333,"Law Enforcement persons inside the Public Safety Building saw a tornado briefly touch down at the intersection of Broward Boulevard and 27th Avenue knocking down utility wires and a tree and blowing the roof off of a shed.","",133
5144017,PHILLIPS CO.,SUN PRAIRIE,06/07/2000,1943,Tornado, ,F0,0,0,0,0,MT,MST, ,1094962,C,71,GGW,0,0,TRAINED SPOTTER, ,.5,50, , , , ,SUN PRAIRIE,06/07/2000,1943,47.88333,-107.66667,47.88333,-107.66667,"Boaters near Fourchette Bay boat ramp reported  a tornado briefly touching down.","",134
5144018,VALLEY CO.,GLASGOW,06/07/2000,2025,Tornado, ,F0,0,0,0,0,MT,MST, ,1094962,C,105,GGW,0,0,TRAINED SPOTTER, ,1,100,45,SW,45,SW,GLASGOW,06/07/2000,2025,47.73333,-107.31667,47.73333,-107.31667,"Skywarn spotters reported a tornado near the Burke Ranch in southwest Valley County.  The tornado remained in rural grazing land and did not cause any damage.","",135
5153908,LEE CO.,BOCA GRANDE,06/09/2000,1733,Tornado, ,F0,0,1,0,0,FL,EST, ,1098314,C,71,TBW,0,0,TRAINED SPOTTER, ,.1,10,2,S,2,S,BOCA GRANDE,06/09/2000,1735,26.71667,-82.26667,26.71667,-82.26667,"A Skywarn Spotter reported that a waterspout came onshore as a tornado at the south end of Gasparilla Island.  One man was injured by flying debris from the tornado before it lifted and dissipated.","",136
5152235,DICKINSON CO.,RALPH,06/10/2000,1520,Tornado, ,F1,0,0,0,120000,MI,EST, ,1097707,C,43,MQT,0,0,NWS STORM SURVEY, ,6.5,500,7,N,7,N,RALPH,06/10/2000,1535,46.16667,-87.73333,46.2,-87.65,"","A sharp temperature contrast between a warm, very moist airmass behind an east-west warm front  across central Upper Michigan and cool air near Lake Superior helped fuel thunderstorms the afternoon of June 10th.  Modest instability combined with the high moisture content of the atmosphere and surface dew points above 70 degrees F produced severe weather.  A low topped supercell formed along the warm front and was responsible for spawning an F1 tornado.  The tornado touched down in the Escanaba State Forest in northeast Dickinson County and tracked from west to east on a nearly continuous 7 1/2 mile path through the woods into southern Marquette County.  Michigan Department of Natural Resources (DNR) aerial photography showed the path varying from about 200 feet to 1200 feet wide, becoming very narrow and evidencing skipping during its last 1 1/2 miles of travel. The tornado track began in Dickinson County T44 R28W S13  and ended in Marquette County T44 R26W S18. Michigan DNR GPS-derived end points of the tornado track are (deg.min.sec) 46.12.31N/87.45.4W and 46.12.63N/87.31.16W.  The Michigan DNR estimates 400 acres of downed timber at a value of 250K. The DNR expects to be able to harvest and recover about half  the timber.",137
5152236,MARQUETTE CO.,GWINN,06/10/2000,1535,Tornado, ,F1,0,0,0,5000,MI,EST, ,1097707,C,103,MQT,0,0,NWS STORM SURVEY, ,1,100,9,SW,9,SW,GWINN,06/10/2000,1540,46.18333,-87.56667,46.18333,-87.56667,"","A sharp temperature contrast between a warm, very moist airmass behind an east-west warm front  across central Upper Michigan and cool air near Lake Superior helped fuel thunderstorms the afternoon of June 10th.  Modest instability combined with the high moisture content of the atmosphere and surface dew points above 70 degrees F produced severe weather.  A low topped supercell formed along the warm front and was responsible for spawning an F1 tornado.  The tornado touched down in the Escanaba State Forest in northeast Dickinson County and tracked from west to east on a nearly continuous 7 1/2 mile path through the woods into southern Marquette County.  Michigan Department of Natural Resources (DNR) aerial photography showed the path varying from about 200 feet to 1200 feet wide, becoming very narrow and evidencing skipping during its last 1 1/2 miles of travel. The tornado track began in Dickinson County T44 R28W S13  and ended in Marquette County T44 R26W S18. Michigan DNR GPS-derived end points of the tornado track are (deg.min.sec) 46.12.31N/87.45.4W and 46.12.63N/87.31.16W.  The Michigan DNR estimates 400 acres of downed timber at a value of 250K. The DNR expects to be able to harvest and recover about half  the timber.",138
5149671,WARD CO.,(MIB)MINOT AFB,06/11/2000,1614,Tornado, ,F0,0,0,0,0,ND,CST, ,1096719,C,101,BIS,0,0,AMATEUR RADIO, ,4,40,3,W,3,W,(MIB)MINOT AFB,06/11/2000,1629,48.43333,-101.43333,48.46667,-101.36667,"Moved across open field with little or no damage.","",139
5149672,BOTTINEAU CO.,MAXBASS,06/11/2000,1651,Tornado, ,F0,0,0,0,0,ND,CST, ,1096720,C,9,BIS,0,0,LAW ENFORCEMENT, ,0,40,7,WNW,7,WNW,MAXBASS,06/11/2000,1651,48.75,-101.28333,48.75,-101.28333,"Brief touchdown in open field.","",140
5149374,WARD CO.,SURREY,06/11/2000,1708,Tornado, ,F0,0,0,0,0,ND,CST, ,1096705,C,101,BIS,0,0,AMATEUR RADIO, ,1,30,2,E,2,E,SURREY,06/11/2000,1711,48.23333,-101.08333,48.26667,-101.08333,"Tornado crossed into McHenry county and remained in open field.","",141
5149673,MCHENRY CO.,NORWICH,06/11/2000,1711,Tornado, ,F0,0,0,0,0,ND,CST, ,1096721,C,49,BIS,0,0,AMATEUR RADIO, ,2,30,2,W,2,W,NORWICH,06/11/2000,1714,48.25,-101.03333,48.26667,-100.98333,"Tornado originated in Ward county. No damage reported as tornado remained in open field.","",142
5176642,YORK CO.,MC COOL JCT,06/11/2000,1745,Tornado, ,F0,0,0,0,0,NE,CST, ,1099490,C,185,GID,0,0,GENERAL PUBLIC, ,.5,5,3,NW,3,NW,MC COOL JCT,06/11/2000,1747,40.78333,-97.61667,40.78333,-97.63333,"","A nearly stationary frontal boundary was the focus for severe thunderstorms across a small part of south-central Nebraska.  Shortly before 7 pm, thunderstorms in York county produced two brief tornadoes.  Both tornadoes set down in unpopulated areas and were seen from many miles away.  Later, as the storms built north and northwest, a sheriff's deputy reported a brief tornado northeast of Benedict.  Just before midnight, an isolated severe thunderstorm produced a tornado.  This time, the tornado was 4 miles north of Shickley, and was seen by the public and trained spotters.  No significant damage was reported with any of the short-lived touchdowns.",143
5149678,OLIVER CO.,HENSLER,06/11/2000,1756,Tornado, ,F0,0,0,0,0,ND,CST, ,1096726,C,65,BIS,0,0,STORM CHASER, ,3,40,1,S,1,S,HENSLER,06/11/2000,1802,47.23333,-101.08333,47.25,-101,"Tornado remained in open field and moved into McLean county.","",144
5176643,YORK CO.,YORK,06/11/2000,1800,Tornado, ,F0,0,0,0,0,NE,CST, ,1099490,C,185,GID,0,0,TRAINED SPOTTER, ,.5,10,4,SW,4,SW,YORK,06/11/2000,1802,40.83333,-97.63333,40.83333,-97.63333,"","A nearly stationary frontal boundary was the focus for severe thunderstorms across a small part of south-central Nebraska.  Shortly before 7 pm, thunderstorms in York county produced two brief tornadoes.  Both tornadoes set down in unpopulated areas and were seen from many miles away.  Later, as the storms built north and northwest, a sheriff's deputy reported a brief tornado northeast of Benedict.  Just before midnight, an isolated severe thunderstorm produced a tornado.  This time, the tornado was 4 miles north of Shickley, and was seen by the public and trained spotters.  No significant damage was reported with any of the short-lived touchdowns.",145
5149674,MCLEAN CO.,WASHBURN,06/11/2000,1802,Tornado, ,F0,0,0,0,0,ND,CST, ,1096722,C,55,BIS,0,0,AMATEUR RADIO, ,5,40,5,SSE,5,SSE,WASHBURN,06/11/2000,1812,47.21667,-100.98333,47.21667,-100.8,"Tornado originated in Oliver county. Tornado stayed in open fields.","",146
5176644,YORK CO.,YORK,06/11/2000,1820,Tornado, ,F0,0,0,0,0,NE,CST, ,1099490,C,185,GID,0,0,LAW ENFORCEMENT, ,.5,10,10,N,10,N,YORK,06/11/2000,1822,41.01667,-97.58333,41.01667,-97.58333,"","A nearly stationary frontal boundary was the focus for severe thunderstorms across a small part of south-central Nebraska.  Shortly before 7 pm, thunderstorms in York county produced two brief tornadoes.  Both tornadoes set down in unpopulated areas and were seen from many miles away.  Later, as the storms built north and northwest, a sheriff's deputy reported a brief tornado northeast of Benedict.  Just before midnight, an isolated severe thunderstorm produced a tornado.  This time, the tornado was 4 miles north of Shickley, and was seen by the public and trained spotters.  No significant damage was reported with any of the short-lived touchdowns.",147
5148577,BENSON CO.,LEEDS,06/11/2000,1845,Tornado, ,F0,0,0,0,0,ND,CST, ,1096071,C,5,FGF,0,0,TRAINED SPOTTER, ,.5,25,5,W,5,W,LEEDS,06/11/2000,1845,48.28333,-99.55,48.28333,-99.55,"A brief tornado touchdown over open country was reported.","",148
5148574,BENSON CO.,LEEDS,06/11/2000,1905,Tornado, ,F0,0,0,0,0,ND,CST, ,1096071,C,5,FGF,0,0,GENERAL PUBLIC, ,2,200,6,NW,6,NW,LEEDS,06/11/2000,1910,48.35,-99.53333,48.36667,-99.55,"The tornado passed through rural farmland.","",149
5176646,FILLMORE CO.,SHICKLEY,06/11/2000,2159,Tornado, ,F0,0,0,0,50000,NE,CST, ,1099490,C,59,GID,0,0,LAW ENFORCEMENT, ,1,20,4,N,4,N,SHICKLEY,06/11/2000,2205,40.46667,-97.71667,40.48333,-97.71667,"","A nearly stationary frontal boundary was the focus for severe thunderstorms across a small part of south-central Nebraska.  Shortly before 7 pm, thunderstorms in York county produced two brief tornadoes.  Both tornadoes set down in unpopulated areas and were seen from many miles away.  Later, as the storms built north and northwest, a sheriff's deputy reported a brief tornado northeast of Benedict.  Just before midnight, an isolated severe thunderstorm produced a tornado.  This time, the tornado was 4 miles north of Shickley, and was seen by the public and trained spotters.  No significant damage was reported with any of the short-lived touchdowns.",150
5149432,YUMA CO.,JOES,06/12/2000,1429,Tornado, ,F0,0,0,0,0,CO,MST, ,1096891,C,125,GLD,0,0,METEOROLOGIST(NON NWS), ,.2,50,6,E,6,E,JOES,06/12/2000,1429,39.65,-102.56667,39.65,-102.56667,"Brief touchdown resulting in no damage.","",151
5147917,DALLAS CO.,PERRY,06/12/2000,1603,Tornado, ,F0,0,0,0,0,IA,CST, ,1096284,C,49,DMX,0,0,BROADCAST MEDIA, ,.1,20,10,SW,10,SW,PERRY,06/12/2000,1603,41.73333,-94.25,41.73333,-94.25,"Brief rope tornado","A very moist and unstable airmass was in place over the central U.S.  Surface dew point temperatures were in the mid 60s to low 70s across the area.  A quasi-stationary front was stretched east to west across west central into southeast Iowa.  Thunderstorms erupted along and to the north of the boundary.  Many of the storms produced hail of pea to marble size, along with very heavy rainfall.   One of the cells became severe and dropped large hail in a swath from Crawford County into Dallas County.  Hail of golf ball size was reported with this cell in several locations.  One report of nearly tennis ball size hail was received from east of Adel.  The storm produced a couple of brief tornado touchdowns.  The touchdowns were very brief and in open country.  As a result, no damage was reported.  The tornadoes were wrapped in the rain and were no more than rope tornadoes at best.  The storm weakened very rapidly as it encountered the outflow boundary from further convection to its southeast.",152
5147918,DALLAS CO.,MINBURN,06/12/2000,1630,Tornado, ,F0,0,0,0,0,IA,CST, ,1096284,C,49,DMX,0,0,BROADCAST MEDIA, ,.1,20,5,SW,5,SW,MINBURN,06/12/2000,1630,41.71667,-94.1,41.71667,-94.1,"Brief rope tornado","A very moist and unstable airmass was in place over the central U.S.  Surface dew point temperatures were in the mid 60s to low 70s across the area.  A quasi-stationary front was stretched east to west across west central into southeast Iowa.  Thunderstorms erupted along and to the north of the boundary.  Many of the storms produced hail of pea to marble size, along with very heavy rainfall.   One of the cells became severe and dropped large hail in a swath from Crawford County into Dallas County.  Hail of golf ball size was reported with this cell in several locations.  One report of nearly tennis ball size hail was received from east of Adel.  The storm produced a couple of brief tornado touchdowns.  The touchdowns were very brief and in open country.  As a result, no damage was reported.  The tornadoes were wrapped in the rain and were no more than rope tornadoes at best.  The storm weakened very rapidly as it encountered the outflow boundary from further convection to its southeast.",153
5145349,PUTNAM CO.,PANDORA,06/12/2000,1712,Tornado, ,F1,0,0,40000,0,OH,EST, ,1094951,C,137,IWX,0,0,EMERGENCY MANAGER, ,.8,50,1,NW,1,NW,PANDORA,06/12/2000,1712,40.96667,-83.98333,40.96667,-83.98333,"Significant damage to a barn.  Minor crop damage and six fruit trees blown down in same location.","",154
5149675,BILLINGS CO.,FAIRFIELD,06/12/2000,1725,Tornado, ,F0,0,0,0,0,ND,CST, ,1096723,C,7,BIS,0,0,LAW ENFORCEMENT, ,6,50,8,SW,8,SW,FAIRFIELD,06/12/2000,1735,47.1,-103.33333,47.16667,-103.25,"Tornado traveled in open country.","",155
5147462,GRAND FORKS CO.,LARIMORE,06/12/2000,1735,Tornado, ,F0,0,0,0,0,ND,CST, ,1096072,C,35,FGF,0,0,TRAINED SPOTTER, ,.5,30,8,W,8,W,LARIMORE,06/12/2000,1740,47.9,-97.8,47.9,-97.8,"A tornado touched down in an open field.","",156
5147464,GRAND FORKS CO.,GRAND FORKS AFB,06/12/2000,1803,Tornado, ,F0,0,0,0,0,ND,CST, ,1096072,C,35,FGF,0,0,TRAINED SPOTTER, ,.5,25,5,W,5,W,GRAND FORKS AFB,06/12/2000,1803,47.95,-97.5,47.95,-97.5,"Air traffic controllers at the GFAFB ATC tower reported a brief tornado touchdown.","",157
5147843,GRAND FORKS CO.,EMERADO,06/12/2000,1843,Tornado, ,F1,0,0,0,0,ND,CST, ,1096072,C,35,FGF,0,0,STORM CHASER, ,.5,200,6,SE,6,SE,EMERADO,06/12/2000,1848,47.85,-97.28333,47.85,-97.28333,"A fairly large tornado touched down and clipped some power lines and trees.","",158
5150095,CUSTER CO.,ARNOLD,06/12/2000,1955,Tornado, ,F0,0,0,0,0,NE,CST, ,1097605,C,41,LBF,0,0,GENERAL PUBLIC, ,.1,20,1,N,1,N,ARNOLD,06/12/2000,1955,41.45,-100.2,41.45,-100.2,"Brief touchdown over open country just north of Arnold.","",159
5150100,CUSTER CO.,CALLAWAY,06/12/2000,2048,Tornado, ,F0,0,0,0,0,NE,CST, ,1097605,C,41,LBF,0,0,LAW ENFORCEMENT, ,.1,20,7,N,7,N,CALLAWAY,06/12/2000,2048,41.4,-99.93333,41.4,-99.93333,"Brief touchdown over open country.","",160
5151533,OTOE CO.,SYRACUSE,06/13/2000,1404,Tornado, ,F0,0,0,0,0,NE,CST, ,1097409,C,131,OAX,0,0,STORM CHASER, ,3,150,4,N,4,N,SYRACUSE,06/13/2000,1410,40.7,-96.18333,40.71667,-96.1,"This tornado stayed in open country and was on the ground for around 6 minutes according to a reliable storm chaser.","",161
5150871,POTTAWATTAMIE CO.,NEOLA,06/13/2000,1410,Tornado, ,F0,0,0,0,0,IA,CST, ,1097413,C,155,OAX,0,0,STORM CHASER, ,.1,50,7,NW,7,NW,NEOLA,06/13/2000,1410,41.51667,-95.71667,41.51667,-95.71667,"This tornado crossed from Pottawattamie county into Harrison county then lifted in extreme southwest Shelby county.  See the Harrison county report for more description.","",162
5150872,HARRISON CO.,BEEBEETOWN,06/13/2000,1410,Tornado, ,F1,0,0,30000,0,IA,CST, ,1097414,C,85,OAX,0,0,STORM CHASER, ,10,250,1,S,1,S,BEEBEETOWN,06/13/2000,1427,41.5,-95.73333,41.6,-95.55,"This tornado touched down just inside the Pottawattamie county line near highway 34 and Interstate 680.  It then tracked near Beebeetown, then to near Persia before crossing into Shelby county southwest of Portsmouth.  The tornado was caught on film by a local TV meteorologist as well as a storm chaser.  The tornado stayed mainly in open county, but it did down some trees and power lines.","",163
5151143,CHICKASAW CO.,FREDRICKSBURG,06/13/2000,1415,Tornado, ,F0,0,0,15000,0,IA,CST, ,1097243,C,37,ARX,0,0,LAW ENFORCEMENT, ,.5,50,1,N,1,N,FREDRICKSBURG,06/13/2000,1420,42.98333,-92.2,42.98333,-92.18333,"","Estimated wind gusts of 70 mph blew the roof off a dairy facility in Decorah (Winnishiek County), while several trees were also blown down elsewhere across northeast Iowa.  A tornado touched down briefly near Fredricksburg (Chickasaw County), destroying an outbuilding and uprooting several large trees.",164
5150873,SHELBY CO.,PORTSMOUTH,06/13/2000,1427,Tornado, ,F0,0,0,0,0,IA,CST, ,1097415,C,165,OAX,0,0,STORM CHASER, ,.5,100,3,SW,3,SW,PORTSMOUTH,06/13/2000,1428,41.61667,-95.56667,41.63333,-95.56667,"This is where the Beebeetown, Harrison county Iowa, tornado lifted.  See the tornado listing for Harrison county for more details.","",165
5151621,OTOE CO.,NEBRASKA CITY,06/13/2000,1437,Tornado, ,F0,0,0,0,0,NE,CST, ,1097445,C,131,OAX,0,0,EMERGENCY MANAGER, ,.1,40,3,S,3,S,NEBRASKA CITY,06/13/2000,1437,40.6,-95.85,40.6,-95.85,"Brief touchdown of a tornado south of Nebraska City.  The tornado touched down in open country and did no damage.","",166
5151620,CASS CO.,GREENWOOD,06/13/2000,1454,Tornado, ,F0,0,0,0,0,NE,CST, ,1097444,C,25,OAX,0,0,EMERGENCY MANAGER, ,.1,40,2,NE,2,NE,GREENWOOD,06/13/2000,1454,40.98333,-96.4,40.98333,-96.4,"Brief tornado touchdown in open fields.","",167
5151258,DODGE CO.,SCRIBNER,06/13/2000,1500,Tornado, ,F0,0,0,0,0,NE,CST, ,1097423,C,53,OAX,0,0,LAW ENFORCEMENT, ,.1,50,4,SW,4,SW,SCRIBNER,06/13/2000,1500,41.63333,-96.71667,41.61667,-96.66667,"Brief touchdown of a small tornado caught on film.  No damage reported.","",168
5151259,PAGE CO.,ESSEX,06/13/2000,1520,Tornado, ,F0,0,0,0,0,IA,CST, ,1097424,C,145,OAX,0,0,LAW ENFORCEMENT, ,3,100,1,NW,1,NW,ESSEX,06/13/2000,1526,40.85,-95.31667,40.86667,-95.28333,"This small tornado was originally reported by a law enforcement official.  The tornado was also caught on film by a storm chaser.","",169
5175658,STUTSMAN CO.,CLEVELAND,06/13/2000,1520,Tornado, ,F1,0,1,0,0,ND,CST, ,1098866,C,93,BIS,0,0,NWS EMPLOYEE(OFF DUTY), ,5,100,3,SW,3,SW,CLEVELAND,06/13/2000,1535,46.85,-99.16667,46.91667,-99.18333,"Tornado remained in open county. damage to fences. One pickup towing a trailer were blown into ditch as the driver drove into the tornado.","",170
5151260,MONTGOMERY CO.,COBURG,06/13/2000,1526,Tornado, ,F0,0,0,0,0,IA,CST, ,1097425,C,137,OAX,0,0,LAW ENFORCEMENT, ,8,150,3,NE,3,NE,COBURG,06/13/2000,1540,40.95,-95.25,41.03333,-95.11667,"This tornado was also caught on film by the same chaser that filmed the tornado by Essex Iowa.  This tornado was on the ground for around 8 miles.","",171
5150033,OCHILTREE CO.,PERRYTON,06/13/2000,1554,Tornado, ,F0,0,0,0,0,TX,CST, ,1096790,C,357,AMA,0,0,EMERGENCY MANAGER, ,.1,25,1,W,1,W,PERRYTON,06/13/2000,1605,36.4,-100.81667,36.4,-100.81667,"The tornado track was estimated and the tornado remained over open country.","Severe thunderstorms developed during the afternoon and evening hours over the northeast Texas panhandle producing large hail...high winds...and even a couple of tornadoes.  Both tornadoes remained over open country and did no damage.",172
5151365,ELLSWORTH CO.,LANGLEY,06/13/2000,1610,Tornado, ,F1,0,0,10000,0,KS,CST, ,1096915,C,53,ICT,0,0,TRAINED SPOTTER, ,1,110,5,NW,5,NW,LANGLEY,06/13/2000,1610,38.6,-98.03333,38.6,-98.03333,"Though shortlived, tornado caused damage to a farmstead.","",173
5152339,STAFFORD CO.,STAFFORD,06/13/2000,1634,Tornado, ,F0,0,0,0,0,KS,CST, ,1097884,C,185,DDC,0,0,TRAINED SPOTTER, ,4.9,50,10,SW,10,SW,STAFFORD,06/13/2000,1645,37.86667,-98.73333,37.91667,-98.66667,"Tornado "skipped" much of the way with some light tree damage reported.","",174
5147640,MARSHALL CO.,STATE CENTER,06/13/2000,1744,Tornado, ,F1,0,0,150000,5000,IA,CST, ,1096286,C,127,DMX,0,0,FIRE DEPT/RESCUE SQUAD, ,14,40,6,NW,6,NW,STATE CENTER,06/13/2000,1800,42.08333,-93.25,42.1,-93,"Intermittent track","The weather situation during the afternoon was similar to that had taken place in the morning with the exception that the convection in the afternoon was ahead of the cold front instead of the warm front.  The upper air pattern remained very dynamic with a powerful upper level jet stream punching into Iowa.  The airmass was very unstable.  Thunderstorms erupted quite rapidly during the early afternoon hours to the west of Iowa.  They moved into the state during the early afternoon with several reports of tornadoes in the far west.  The storms weakened somewhat before entering the Des Moines CWA.  They took on the form of a line echo wave pattern as they headed across the state.  Portions of the line bowed out and produced high winds in many areas.  Indeed, high winds was the main severe threat with this line as it raced across the state.  There were numerous reports of trees and power lines downed by the high winds.  Gusts to around 80 MPH swept into Cass County as the line moved through.  Fortunately, this gust occurred in largely open area.  The storms caused more structural damage as they headed into the more populated central Iowa counties.  High winds damaged a farmstead in Story County south of Collins.  Another farmstead north of Collins sustained damage to a barn and part of the house.  As the storms progressed east, high winds flattened a barn and broke windows out of a house southwest of State Center in Marshall County.  A tornado dropped out of the storm as it moved across Marshall County as well.  The track was intermittent, but the tornado did cause damage to at least two farmsteads along its path.  Another storm produced a brief tornado touchdown in Tama County.  The tornado did little damage, but did manage to hit and knock over a couple of transformers east of Garwin.  There was little hail reported with the storms, however one inch diameter hail was reported in Grundy County as Dike.  As the thunderstorms moved through the Calhoun County area, lightning struck a gas meter on a house in Farnhamville.  The lightning blew out the gas meter, melted the phones in the home, and caused some structural damage to the building itself.",175
5147940,TAMA CO.,GARWIN,06/13/2000,1837,Tornado, ,F0,0,0,10000,0,IA,CST, ,1096286,C,171,DMX,0,0,AMATEUR RADIO, ,.2,25,1,E,1,E,GARWIN,06/13/2000,1837,42.1,-92.66667,42.1,-92.66667,"Brief touchdown","The weather situation during the afternoon was similar to that had taken place in the morning with the exception that the convection in the afternoon was ahead of the cold front instead of the warm front.  The upper air pattern remained very dynamic with a powerful upper level jet stream punching into Iowa.  The airmass was very unstable.  Thunderstorms erupted quite rapidly during the early afternoon hours to the west of Iowa.  They moved into the state during the early afternoon with several reports of tornadoes in the far west.  The storms weakened somewhat before entering the Des Moines CWA.  They took on the form of a line echo wave pattern as they headed across the state.  Portions of the line bowed out and produced high winds in many areas.  Indeed, high winds was the main severe threat with this line as it raced across the state.  There were numerous reports of trees and power lines downed by the high winds.  Gusts to around 80 MPH swept into Cass County as the line moved through.  Fortunately, this gust occurred in largely open area.  The storms caused more structural damage as they headed into the more populated central Iowa counties.  High winds damaged a farmstead in Story County south of Collins.  Another farmstead north of Collins sustained damage to a barn and part of the house.  As the storms progressed east, high winds flattened a barn and broke windows out of a house southwest of State Center in Marshall County.  A tornado dropped out of the storm as it moved across Marshall County as well.  The track was intermittent, but the tornado did cause damage to at least two farmsteads along its path.  Another storm produced a brief tornado touchdown in Tama County.  The tornado did little damage, but did manage to hit and knock over a couple of transformers east of Garwin.  There was little hail reported with the storms, however one inch diameter hail was reported in Grundy County as Dike.  As the thunderstorms moved through the Calhoun County area, lightning struck a gas meter on a house in Farnhamville.  The lightning blew out the gas meter, melted the phones in the home, and caused some structural damage to the building itself.",176
5164663,LEE CO.,SANIBEL,06/13/2000,1845,Tornado, ,F0,0,0,0,0,FL,EST, ,1098328,C,71,TBW,0,0,LAW ENFORCEMENT, ,2.5,5,5,NW,5,NW,SANIBEL,06/13/2000,1850,26.5,-82.06667,26.48333,-82.16667,"Law enforcement reported that the public observed a tornado sporadically touch down several times along a semi-wooded area of Sanibel Island before it lifted and dissipated near Captiva.","",177
5150045,HEMPHILL CO.,GAGEBY,06/13/2000,1946,Tornado, ,F0,0,0,0,0,TX,CST, ,1096790,C,211,AMA,0,0,TRAINED SPOTTER, ,.1,25,1,NW,1,NW,GAGEBY,06/13/2000,1948,35.63333,-100.35,35.63333,-100.35,"The tornado track was estimated and the tornado remained over open country.","Severe thunderstorms developed during the afternoon and evening hours over the northeast Texas panhandle producing large hail...high winds...and even a couple of tornadoes.  Both tornadoes remained over open country and did no damage.",178
5150655,WOODWARD CO.,MOORELAND,06/13/2000,2256,Tornado, ,F0,0,0,3000,0,OK,CST, ,1097027,C,153,OUN,0,0,STORM CHASER, ,.3,25,16,NNE,16,NNE,MOORELAND,06/13/2000,2256,36.65,-99.08333,36.65,-99.08333,"A small and brief tornado, rated F0, formed near the entrance of the Alabaster Caverns State Park, 16 miles north-northeast of Mooreland in Woodward County. A recently built, but still unfinished lodge, sustained damaged to its roof, and a small number of trees were damaged.","Severe thunderstorms developed across portions of western Oklahoma during the late afternoon of the 13th and then redeveloped over nearly the same area toward midnight. One small, brief tornado was observed near Alabaster Caverns State Park in Woodward County, and there were isolated areas of straight-line wind damage and large hail.",179
5151642,WOOD CO.,PEMBERVILLE,06/14/2000,1550,Tornado, ,F1,0,0,250000,0,OH,EST, ,1097807,C,173,CLE,0,0,NWS STORM SURVEY, ,.2,25, , , , ,PEMBERVILLE,06/14/2000,1550,41.4,-83.46667,41.4,-83.46667,"A tornado touched down a few miles west of Pemberville along State Route 105 and near the north branch of the Portage River.  The tornado moved in a west to east direction for several hundred yards along the river.  The observed damage path was approximately 25 yards in width.  The roofs of two businesses were torn off by the tornado.  One of the roofs landed 500 feet away from the building it came from.  Many trees were blown down and several signs were sucked out of the ground.  One home was  damaged by a fallen tree and a second tree crushed a nearby car.  A small stretch of the Portage River was clogged with fallen trees.","",180
5145379,WABASH CO.,NORTH MANCHESTER,06/14/2000,1702,Tornado, ,F1,0,0,100000,10000,IN,EST, ,1094955,C,169,IWX,0,0,NWS EMPLOYEE(OFF DUTY), ,2,60,5,W,5,W,NORTH MANCHESTER,06/14/2000,1707,41,-85.86667,41.01667,-85.8,"
The initial tornado touchdown occurred near the intersection of SR 15 and 114.  Two barns were deroofed and a grain silo was partially blown down.  Several trees and limbs were taken down.  The tornado lifted briefly as it crossed SR 15.  It then continued on the ground for one half mile before striking another farm just west of the intersection of SR 114 and 400 W.  A barn roof was blown off, and several trees and power lines were taken down.  Crop damage was noted in an adjacent field.  The tornado then lifted until it touched down about 1 mile to the northeast.","
Synoptic and mesoscale conditions for June 14th...

A significant mid-level shortwave trough was located over Iowa on the morning of June 14th with an outflow dominated squall line across western Illinois.  Rapid destabilization ensued later in the morning across eastern Illinois and northern Indiana with CAPES to 3500 j/kg by early afternoon.  VAD wind profiles showed 850 millibar winds in excess of 50 knots in advance of the upper trough by afternoon and as storms developed along the left over outflow boundary across Illinois... they quickly became severe and organized into a large bow echo and moved quickly eastward into northern Indiana causing extensive wind damage.  By late afternoon... a short segmented squall line developed just ahead of this bow echo squall line and extended from a St. Joseph to Fulton county line.  Along the southern end of this line... an embedded tornadic supercell developed and interacted with a left over storm-scale outflow boundary to produce the Wabash/Kosciusko and DeKalb county tornadoes.  The lack of significant low level shear likely prevented a much larger and more widespread tornado event especially across Whitley and Allen counties where several funnel clouds were captured on film but failed to touch down.",181
5144002,WABASH CO.,NORTH MANCHESTER,06/14/2000,1707,Tornado, ,F2,0,3,700000,30000,IN,EST, ,1094955,C,169,IWX,0,0,NWS EMPLOYEE(OFF DUTY), ,4,200,2,NW,2,NW,NORTH MANCHESTER,06/14/2000,1712,41.01667,-85.8,41.05,-85.76667,"
The tornado touched down again, hitting a farm at 1300 N and 100 W.  A man suffered a broken leg here.  Two hog sheds and a large grain bin were destroyed.  A 200-yard swath of trees were uprooted to the northeast along the railroad tracks.  Another man suffered back and chest injuries as the tornado continued to the intersection of 1300 N and Meridian Road  and demolished the barn in which he stood.  A 5th wheel camper was rolled 50 yards from its original position destroying it.  The tornado continued to the next farm just south of 1400 N and 100 E.  The barn was destroyed and the house suffered moderate damage, primarily from flying tree debris.  The tornado snapped a utility pole, which fell on an 18-year-old boy, breaking his leg.  Many trees and power lines were downed along the way.  From here, the tornado continued until the Wabash/Kosciusko county line.","
Synoptic and mesoscale conditions for June 14th...

A significant mid-level shortwave trough was located over Iowa on the morning of June 14th with an outflow dominated squall line across western Illinois.  Rapid destabilization ensued later in the morning across eastern Illinois and northern Indiana with CAPES to 3500 j/kg by early afternoon.  VAD wind profiles showed 850 millibar winds in excess of 50 knots in advance of the upper trough by afternoon and as storms developed along the left over outflow boundary across Illinois... they quickly became severe and organized into a large bow echo and moved quickly eastward into northern Indiana causing extensive wind damage.  By late afternoon... a short segmented squall line developed just ahead of this bow echo squall line and extended from a St. Joseph to Fulton county line.  Along the southern end of this line... an embedded tornadic supercell developed and interacted with a left over storm-scale outflow boundary to produce the Wabash/Kosciusko and DeKalb county tornadoes.  The lack of significant low level shear likely prevented a much larger and more widespread tornado event especially across Whitley and Allen counties where several funnel clouds were captured on film but failed to touch down.",182
5144003,KOSCIUSKO CO.,SIDNEY,06/14/2000,1712,Tornado, ,F2,0,0,200000,10000,IN,EST, ,1094955,C,85,IWX,0,0,NWS EMPLOYEE(OFF DUTY), ,1,100,5,SSW,5,SSW,SIDNEY,06/14/2000,1715,41.03333,-85.78333,41.05,-85.75,"
The last farm was hit when the tornado was located just west of 1300 S and 400 E in Kosciusko County.  Two barns, a garage, and several outbuildings were completely destroyed with some of the foundations swept clean.  The house and two cars were severely damaged from large pieces of flying debris.  A 17 foot boat was thrown about 20 yards and severely damaged.  Most of the trees on this farm were destroyed.  Debris from this farm was carried up to one half mile away as the tornado crossed 400 E and then lifted back into the clouds.","
Synoptic and mesoscale conditions for June 14th...

A significant mid-level shortwave trough was located over Iowa on the morning of June 14th with an outflow dominated squall line across western Illinois.  Rapid destabilization ensued later in the morning across eastern Illinois and northern Indiana with CAPES to 3500 j/kg by early afternoon.  VAD wind profiles showed 850 millibar winds in excess of 50 knots in advance of the upper trough by afternoon and as storms developed along the left over outflow boundary across Illinois... they quickly became severe and organized into a large bow echo and moved quickly eastward into northern Indiana causing extensive wind damage.  By late afternoon... a short segmented squall line developed just ahead of this bow echo squall line and extended from a St. Joseph to Fulton county line.  Along the southern end of this line... an embedded tornadic supercell developed and interacted with a left over storm-scale outflow boundary to produce the Wabash/Kosciusko and DeKalb county tornadoes.  The lack of significant low level shear likely prevented a much larger and more widespread tornado event especially across Whitley and Allen counties where several funnel clouds were captured on film but failed to touch down.",183
5144004,DE KALB CO.,BUTLER CENTER,06/14/2000,1800,Tornado, ,F2,0,0,200000,0,IN,EST, ,1094955,C,33,IWX,0,0,NWS EMPLOYEE(OFF DUTY), ,3,400,1,SW,1,SW,BUTLER CENTER,06/14/2000,1806,41.28333,-85.15,41.28333,-85.11667,"
The tornado touched down on CR 64, one half mile west of Indian Springs Camp Ground.  Trees and power lines were knocked down and many were snapped and uprooted.  Extensive roof damage occurred to houses in the area.  A barn was damaged with much of its roof torn off and outbuildings were either damaged or destroyed.  The tornado then lifted back into its parent cloud.","
Synoptic and mesoscale conditions for June 14th...

A significant mid-level shortwave trough was located over Iowa on the morning of June 14th with an outflow dominated squall line across western Illinois.  Rapid destabilization ensued later in the morning across eastern Illinois and northern Indiana with CAPES to 3500 j/kg by early afternoon.  VAD wind profiles showed 850 millibar winds in excess of 50 knots in advance of the upper trough by afternoon and as storms developed along the left over outflow boundary across Illinois... they quickly became severe and organized into a large bow echo and moved quickly eastward into northern Indiana causing extensive wind damage.  By late afternoon... a short segmented squall line developed just ahead of this bow echo squall line and extended from a St. Joseph to Fulton county line.  Along the southern end of this line... an embedded tornadic supercell developed and interacted with a left over storm-scale outflow boundary to produce the Wabash/Kosciusko and DeKalb county tornadoes.  The lack of significant low level shear likely prevented a much larger and more widespread tornado event especially across Whitley and Allen counties where several funnel clouds were captured on film but failed to touch down.",184
5144089,DE KALB CO.,BUTLER CENTER,06/14/2000,1806,Tornado, ,F1,0,0,300000,10000,IN,EST, ,1094955,C,33,IWX,0,0,NWS EMPLOYEE(OFF DUTY), ,1,250,1,ESE,1,ESE,BUTLER CENTER,06/14/2000,1810,41.3,-85.11667,41.3,-85.11667,"
Once the previous tornado lifted up into the clouds, the thunderstorm cell moved northeast when this second tornado touched down and followed a skipping path near CR 60.  The tornado reached the ground about 3 times.  The tornado touched down first in a forested area and knocked down many trees.  It then lifted and dropped down again in a residential area about a quarter mile away.  There was much damage to houses and barns.  A window was broken and a downspout torn off of a house.  A satellite dish was twisted and bent while a television antenna was knocked off of a roof.  Several trees were snapped and knocked onto power lines before the tornado lifted.  It touched down a third time less than a quarter mile away.  Trees were knocked down; two of them fell on automobiles.  Damage was also seen in fields with corn plants being bent or uprooted.  The tornado then lifted back up into the clouds.","
Synoptic and mesoscale conditions for June 14th...

A significant mid-level shortwave trough was located over Iowa on the morning of June 14th with an outflow dominated squall line across western Illinois.  Rapid destabilization ensued later in the morning across eastern Illinois and northern Indiana with CAPES to 3500 j/kg by early afternoon.  VAD wind profiles showed 850 millibar winds in excess of 50 knots in advance of the upper trough by afternoon and as storms developed along the left over outflow boundary across Illinois... they quickly became severe and organized into a large bow echo and moved quickly eastward into northern Indiana causing extensive wind damage.  By late afternoon... a short segmented squall line developed just ahead of this bow echo squall line and extended from a St. Joseph to Fulton county line.  Along the southern end of this line... an embedded tornadic supercell developed and interacted with a left over storm-scale outflow boundary to produce the Wabash/Kosciusko and DeKalb county tornadoes.  The lack of significant low level shear likely prevented a much larger and more widespread tornado event especially across Whitley and Allen counties where several funnel clouds were captured on film but failed to touch down.",185
5150983,GALLIA CO.,PATRIOT,06/15/2000,1642,Tornado, ,F2,0,0,100000,0,OH,EST, ,1096805,C,53,RLX,0,0,NWS STORM SURVEY, ,2.5,150,2,SW,2,SW,PATRIOT,06/15/2000,1646,38.75,-82.4,38.76667,-82.35,"The tornado touched down near Burnette Road, then moved east across Hannan Trace Road, before dissipating east of Rocky Fork Road.  In the vicinity of Hannan Trace Road, the tornado width was 150 yards and destroyed 3 barns.  Wooden pieces of the barn, from 1 to 5 feet in length, became projectiles. The wood was scattered about the area, with some pieces wedged into the ground.  The storm was rated as an F2 in this area.  Elsewhere along its path, the tornado was weaker.  Two homes received minor damage.  Farm equipment and one truck were also damaged.","",186
5153152,ST. MARY PAR.,SORRELL,06/16/2000,955,Tornado, ,F1,0,0,0,0,LA,CST, ,1098148,C,101,LCH,0,0,NWS EMPLOYEE(OFF DUTY), ,1.3,10,2,SW,2,SW,SORRELL,06/16/2000,957,29.86667,-91.61667,29.86667,-91.58333,"","A weak tornado developed 4 miles southeast of Jeanerette near the Highway 90 and 318 intersection. It was eyewitnessed by a National Weather Service meteorologist, who took pictures of it. The only damage was to trees and brush. No structures were touched.",187
5151018,CLINTON CO.,CARLYLE,06/16/2000,1125,Tornado, ,F0,0,0,0,0,IL,CST, ,1097109,C,27,LSX,0,0,NWS STORM SURVEY, ,1.5,50,2,N,2,N,CARLYLE,06/16/2000,1125,38.65,-89.36667,38.65,-89.33333,"A small tornado initially touched down north of Carlyle in the vicinity of  the Fun Center on Highway 127. Supports on some of the equipment were ripped off and driven into the ground by the tornado. The tornado damaged 2 homes northeast of the Fun Center ripping off roof shingles and damaging the roof of a garage. A pole barn was also destroyed.","",188
5147168,LYCOMING CO.,FARRAGUT,06/16/2000,1645,Tornado, ,F1,0,0,0,0,PA,EST, ,1096238,C,81,CTP,0,0,TRAINED SPOTTER, ,14,100, , ,2,N,GLEN MAWR,06/16/2000,1720,41.30,-76.91667,41.35,-76.66667,"This tornado produced an intermittent path of damage along a 16 mile path beginning in Farragut north of Montoursville, moving east across sparcely populated sections of eastern Lycoming County, crossing into Sullivan County about 2 miles north of Glen Mawr before ending about 4 miles southwest of Eagles Mere.  Eyewitness accounts indicated the presence of two separate funnels in the Farragut area.  The storm probably reached F1 intensity (close to 90 mph) in the Farragut area where it initially touched down near the Loyalsock Creek, just southwest of town.  Accounts indicate initial touchdown was about 5:45 p.m. EDT.  Last damage was probably close to 6:25 p.m. EDT in the forests of Sullivan County.  In Farragut, one tree fell on a house, a roof was lifted off a shed, and a number of trees were downed.  A field of new corn was leveled.  Further east, damage to trees was sporadic.  In addition, 1.25 inch hail was reported in Eagles Mere and trees were downed south of the path in Picture Rocks.  Wind gusts at the Lycoming County Office of Emergency Management less than 2 miles southwest of Farragut were recorded at 67 mph.","",189
5148276,SULLIVAN CO.,EAGLES MERE,06/16/2000,1720,Tornado, ,F0,0,0,0,0,PA,EST, ,1096240,C,113,CTP,0,0,TRAINED SPOTTER, ,2,100,6,SW,6,SW,EAGLES MERE,06/16/2000,1725,41.35,-76.66667,41.38333,-76.63333,"This tornado was a continuation of the Farragut tornado from Lycoming County, which produced an intermittent path of damage along a 16 mile path of which about 2 miles was included in Sullivan County in the Rock Run area southwest of Hunters Lake.  The tornado began at Farragut north of Montoursville, and moved east across sparcely populated sections of eastern Lycoming County, crossing into Sullivan County about 2 miles north of Glen Mawr before ending about 4 miles southwest of Eagles Mere.

Eyewitness accounts indicated the presence of two separate funnels in the Farragut area.  The storm probably reached F1 intensity (close to 90 mph) in the Farragut area where it initially touched down near the Loyalsock Creek just southwest of town.  Accounts indicate initial touchdown was about 5:45 p.m. EDT.  Last damage was probably close to 6:25 p.m. EDT in the forests of Sullivan County.  In Farragut, one tree fell on a house, a roof was lifted off of a shed, and a number of trees were downed.  A field of new corn was leveled.  Further east, damage to trees was sporadic.  In addition, 1.25 inch hail was reported in Eagles Mere and trees were downed south of the path in Picture Rocks.  Wind gusts at the Lycoming County Office of Emergency Management less than 2 miles southwest of Farragut were recorded at 67 mph.","",190
5154401,OCONEE CO.,WESTMINSTER,06/16/2000,1923,Tornado, ,F0,0,0,5000,0,SC,EST, ,1097720,C,73,GSP,0,0,LAW ENFORCEMENT, ,.1,50, , , , ,WESTMINSTER,06/16/2000,1923,34.66667,-83.1,34.66667,-83.1,"","Thunderstorms developed across the Upstate during the early evening. One became severe in Oconee county and produced two brief small tornadoes. In Westminster, a small section of the roof of a store was torn off. Siding was blown off of one house and another house was damaged. Several trees and power lines were also downed in the same area. About 20 minutes later, the same storm spun up another weak tornado which downed trees on property in Tamassee. A trained spotter observed a funnel cloud nine minutes prior west of Walhalla. Late in the evening lightning caused a fire which burned down a garage in Ninety-Six.",191
5154402,OCONEE CO.,TAMASSEE,06/16/2000,1944,Tornado, ,F0,0,0,0,0,SC,EST, ,1097720,C,73,GSP,0,0,GENERAL PUBLIC, ,.1,50, , , , ,TAMASSEE,06/16/2000,1944,34.86667,-83.03333,34.86667,-83.03333,"","Thunderstorms developed across the Upstate during the early evening. One became severe in Oconee county and produced two brief small tornadoes. In Westminster, a small section of the roof of a store was torn off. Siding was blown off of one house and another house was damaged. Several trees and power lines were also downed in the same area. About 20 minutes later, the same storm spun up another weak tornado which downed trees on property in Tamassee. A trained spotter observed a funnel cloud nine minutes prior west of Walhalla. Late in the evening lightning caused a fire which burned down a garage in Ninety-Six.",192
5148279,LANCASTER CO.,GORDONVILLE,06/18/2000,1845,Tornado, ,F0,0,0,0,0,PA,EST, ,1096243,C,71,CTP,0,0,EMERGENCY MANAGER, ,.2,10, , , , ,GORDONVILLE,06/18/2000,1850,40.01667,-76.13333,40.01667,-76.13333,"This F0 tornado began as a funnel cloud, described by an eyewitness near Bird-in-Hand.  The tornado touched down about 7:45 p.m. EDT and moved east for about a quarter mile across fields near the intersection of Leacock and East Gordon Road.  Several trees were knocked down, a wagon was overturned, and a small piece of roofing was displaced.  The funnel was also sighted by an eyewitness in the Gap area.","",193
5153731,ORANGE CO.,CARRBORO,06/19/2000,1305,Tornado, ,F0,0,0,0,0,NC,EST, ,1097728,C,135,RAH,0,0,LAW ENFORCEMENT, ,.1,25, , , , ,CARRBORO,06/19/2000,1305,35.93333,-79.08333,35.93333,-79.08333,"Numerous reports of funnel clouds along Highway 54. Public reported brief touchdown but  no  damage.","",194
5148859,PALM BEACH CO.,BELLE GLADE,06/19/2000,1415,Tornado, ,F0,0,0,0,1000,FL,EST, ,1096954,C,99,MFL,0,0,LAW ENFORCEMENT, ,.1,10, , , , ,BELLE GLADE,06/19/2000,1415,26.68333,-80.66667,26.68333,-80.66667,"The Sheriff's Office reported a brief tornado touchdown in a corn field near Belle Glade.","",195
5176750,PHELPS CO.,HOLDREGE,06/19/2000,1817,Tornado, ,F0,0,0,0,0,NE,CST, ,1099493,C,137,GID,0,0,GENERAL PUBLIC, ,.5,20,14,N,14,N,HOLDREGE,06/19/2000,1818,40.65,-99.36667,40.65,-99.36667,"","After weeks of little or no rain, thunderstorms unleashed a torrent of rain, hail and high winds across much of south-central Nebraska.  The thunderstorms developed west and north of Kearney and moved east and southeast throughout the evening.

Early in the evening, severe thunderstorms pummeled the Johnson Lake area of northern Gosper county.  Winds of 75 mph tore apart trees and downed power lines.  Hail teamed with the wind to break several windows of homes around the lake.  The storms pushed east into western Phelps county producing a brief tornado that was sighted in the northwest part of the county.  No damage was reported.  Over 5 inches of rain fell in western Phelps county along with walnut sized hail.  There was considerable damage to both corn and bean crops.

At nearly the same time, thunderstorms raged across Valley county.  Near total devastation of the corn and bean crops was reported west of Ord.  Baseball sized hail fell in the Ord area itself.  Agricultural losses in the Ord area alone totaled over 5 million dollars.  Roof and siding damage was reported in Ord along with damage to several vehicles due to the large hail.  A tornado was spotted northeast of Arcadia.  No damage was known to have occurred from this brief tornado.

As the evening wore on, a large supercell thunderstorm moved east along U.S. Highways 6 and 34 from east of Holdrege to the Hastings area.  Blinding rain, hail and some funnel clouds were spawned from this storm.  In Kearney and Adams counties, 3 to 5 inches of rain fell in about one hour near Heartwell and Kenesaw.  Several county roads were washed out or were impassable due to flooding.  Water was flowing over U.S. Highways 6 and 34 for a time.  Again, the corn and soybean crops sustained considerable damage.  A grain bin was damaged in the Holstein area and several tree limbs fell in the strong wind.  In northern Franklin county, hail and wind damaged 60,000 acres of crops.  Producers in the county were expected to lose at least 4 million dollars from this storm.",196
5176751,VALLEY CO.,ARCADIA,06/19/2000,1825,Tornado, ,F0,0,0,0,0,NE,CST, ,1099493,C,175,GID,0,0,LAW ENFORCEMENT, ,.2,10,6,NE,6,NE,ARCADIA,06/19/2000,1825,41.5,-99.05,41.5,-99.05,"","After weeks of little or no rain, thunderstorms unleashed a torrent of rain, hail and high winds across much of south-central Nebraska.  The thunderstorms developed west and north of Kearney and moved east and southeast throughout the evening.

Early in the evening, severe thunderstorms pummeled the Johnson Lake area of northern Gosper county.  Winds of 75 mph tore apart trees and downed power lines.  Hail teamed with the wind to break several windows of homes around the lake.  The storms pushed east into western Phelps county producing a brief tornado that was sighted in the northwest part of the county.  No damage was reported.  Over 5 inches of rain fell in western Phelps county along with walnut sized hail.  There was considerable damage to both corn and bean crops.

At nearly the same time, thunderstorms raged across Valley county.  Near total devastation of the corn and bean crops was reported west of Ord.  Baseball sized hail fell in the Ord area itself.  Agricultural losses in the Ord area alone totaled over 5 million dollars.  Roof and siding damage was reported in Ord along with damage to several vehicles due to the large hail.  A tornado was spotted northeast of Arcadia.  No damage was known to have occurred from this brief tornado.

As the evening wore on, a large supercell thunderstorm moved east along U.S. Highways 6 and 34 from east of Holdrege to the Hastings area.  Blinding rain, hail and some funnel clouds were spawned from this storm.  In Kearney and Adams counties, 3 to 5 inches of rain fell in about one hour near Heartwell and Kenesaw.  Several county roads were washed out or were impassable due to flooding.  Water was flowing over U.S. Highways 6 and 34 for a time.  Again, the corn and soybean crops sustained considerable damage.  A grain bin was damaged in the Holstein area and several tree limbs fell in the strong wind.  In northern Franklin county, hail and wind damaged 60,000 acres of crops.  Producers in the county were expected to lose at least 4 million dollars from this storm.",197
5151275,MADISON CO.,NEWMAN GROVE,06/19/2000,1927,Tornado, ,F0,0,0,0,0,NE,CST, ,1097440,C,119,OAX,0,0,TRAINED SPOTTER, ,.1,20,3,N,3,N,NEWMAN GROVE,06/19/2000,1927,41.8,-97.78333,41.8,-97.78333,"Brief touchdown of a small tornado reported by a storm spotter.","",198
5149449,SHERIDAN CO.,SELDEN,06/19/2000,2042,Tornado, ,F0,0,0,0,0,KS,CST, ,1096893,C,179,GLD,0,0,LAW ENFORCEMENT, ,.2,75,5,E,5,E,SELDEN,06/19/2000,2042,39.53333,-100.46667,39.53333,-100.46667,"Brief Touchdown in open field.","",199
5149523,SHERIDAN CO.,HOXIE,06/19/2000,2044,Tornado, ,F0,0,0,15000,0,KS,CST, ,1096893,C,179,GLD,0,0,TRAINED SPOTTER, ,.2,75,7,NE,7,NE,HOXIE,06/19/2000,2044,39.41667,-100.33333,39.41667,-100.33333,"Brief Touchdown destroyed one Grain Bin on farm.","",200
5154642,SHELBY CO.,OCONEE,06/20/2000,1332,Tornado, ,F1,0,1,75000,0,IL,CST, ,1098225,C,173,ILX,0,0,NWS STORM SURVEY, ,24,300, , , , ,OCONEE,06/20/2000,1424,39.28333,-89.11667,39.38333,-88.7,"The tornado first briefly touched down in the Oconee area where it blew down several large trees and tree limbs. The tornado then appeared to lift and move east-northeast across southern Shelby county, occasionally touching the ground in a number of places. The most significant touchdowns were found in two areas. The first was about 4 miles south of Tower Hill, where the track extended from 4.5 miles south-southwest of Tower Hill to 4 miles south-southeast of Tower Hill. Damage to trees, a grain bin, a garage and a grain auger were found in the area. The second significant touchdown started 4 miles south-southeast of Shelbyville. Even in this area, visual sightings by residents indicated that the tornado was not on the ground all the time. Damage in this area was the most substantial, with damage to several garages, as well as outbuildings destroyed and numerous trees uprooted. One women sustained minor cuts from flying glass.","",201
5151162,MONTGOMERY CO.,DONNELLSON,06/20/2000,1340,Tornado, ,F0,0,0,0,0,IL,CST, ,1097159,C,135,LSX,0,0,NWS STORM SURVEY, ,10.3,50,2,N,2,N,DONNELLSON,06/20/2000,1355,39.06667,-89.46667,39.11667,-89.26667,"A small tornado left an intermittent damage path across southeast Montgomery County. One grain bin was destroyed, otherwise damage was limited to downed trees and some power  lines.","",202
5153985,LAFAYETTE CO.,LEXINGTON,06/20/2000,1522,Tornado, ,F0,0,0,10000,0,MO,CST, ,1098241,C,107,EAX,0,0,LAW ENFORCEMENT, ,1,50,1,SE,1,SE,LEXINGTON,06/20/2000,1525,39.16667,-93.86667,39.16667,-93.85,"A law enforcement officer reported that the tornado touched down just southeast of Lexington and moved east for 1 mile.  Trees and power lines were downed.","Thunderstorms developed rapidly ahead of a cold front in northeast Kansas on the afternoon of June 20.  As the storms moved eastward into Missouri, they produced scattered large hail and wind damage in west central Missouri, and dumped very heavy rains on the Kansas City metro area.  Kansas City Downtown Airport received 5.25 inches of rain, most of which fell in a 4 hour period in mid-afternoon.  Widespread urban and flash flooding was reported in the Kansas City metro area.   One storm that tracked along the Missouri River from near Lexington to east of Waverly had strong rotation, and produced two brief tornadoes.",203
5153984,CARROLL CO.,CARROLLTON,06/20/2000,1540,Tornado, ,F0,0,0,0,0,MO,CST, ,1098241,C,33,EAX,0,0,GENERAL PUBLIC, ,1,40,6,S,6,S,CARROLLTON,06/20/2000,1542,39.28333,-93.5,39.28333,-93.5,"Two citizens reported that a tornado touched down briefly in open bottomland, and moved east 1 mile.  The tornado lifted after approximately two minutes on the ground, without doing any damage.","Thunderstorms developed rapidly ahead of a cold front in northeast Kansas on the afternoon of June 20.  As the storms moved eastward into Missouri, they produced scattered large hail and wind damage in west central Missouri, and dumped very heavy rains on the Kansas City metro area.  Kansas City Downtown Airport received 5.25 inches of rain, most of which fell in a 4 hour period in mid-afternoon.  Widespread urban and flash flooding was reported in the Kansas City metro area.   One storm that tracked along the Missouri River from near Lexington to east of Waverly had strong rotation, and produced two brief tornadoes.",204
5165021,MANATEE CO.,MYAKKA CITY,06/20/2000,1607,Tornado, ,F0,0,0,25000,0,FL,EST, ,1098339,C,81,TBW,0,0,TRAINED SPOTTER, ,1,10,6,SE,6,SE,MYAKKA CITY,06/20/2000,1617,27.28333,-82.1,27.28333,-82.1,"A tornado sporadically touched down north of State Road 70 over rural extreme southeast Manatee county and damaged a barn, two large storage sheds and snapped several large branches before it lifted and dissipated.","",205
5154716,LOGAN CO.,BROADWELL,06/20/2000,1755,Tornado, ,F0,0,0,23000,0,IL,CST, ,1098225,C,107,ILX,0,0,NWS STORM SURVEY, ,.3,100, , , , ,BROADWELL,06/20/2000,1756,40.06667,-89.45,40.06667,-89.45,"A tornado briefly touched down in Broadwell. The top of a grain leg on an elevator was torn off and several trees and tree limbs were blown down. Also, a few power lines were blown down and a few homes sustained minor shingle and siding damage. No injuries were reported.","",206
5151026,RALLS CO.,RENSSELAER,06/20/2000,1805,Tornado, ,F0,0,0,10000,0,MO,CST, ,1097114,C,173,LSX,0,0,LAW ENFORCEMENT, ,1,75,3,W,3,W,RENSSELAER,06/20/2000,1805,39.66667,-91.61667,39.66667,-91.6,"The County Sheriff reported a brief tornado west of Rensselaer. Trees were uprooted and a barn heavily damaged.","",207
5154266,SANGAMON CO.,SPRINGFIELD ARPT,06/20/2000,1844,Tornado, ,F0,0,0,1000,0,IL,CST, ,1098225,C,167,ILX,0,0,NWS STORM SURVEY, ,.2,150,2,ENE,2,ENE,SPRINGFIELD ARPT,06/20/2000,1845,39.85,-89.65,39.85,-89.65,"A brief touchdown occurred on the north side of Springfield. Four homes sustained minor damage to windows, roofs, siding and garages. Several large trees were destroyed. No injuries were reported.","",208
5148784,HENRY CO.,MIDDLETOWN,06/20/2000,1900,Tornado, ,F0,0,0,0,0,IN,EST, ,1096872,C,65,IND,0,0,TRAINED SPOTTER, ,.1,30,2,SE,2,SE,MIDDLETOWN,06/20/2000,1901,40.03333,-85.5,40.03333,-85.5,"","A supercell embedded in a squall line produced two brief touchdowns from just south of MIddletown to just north of Mount Summit in Henry county. The first touchdown lasted a minute or less and occurred across farmland doing no damage, while the second destroyed one barn and damaged several roofs to outbuildings and downed numerous trees while again only touching down for a minute or less. A trained spotter followed the parent storm and observed several funnels across the county but only these two brief touchdowns.  Otherwise, a squall line produced scattered reports of trees and power lines down across other central Indiana counties during the afternoon and evening of June 20.",209
5149058,HENRY CO.,MT SUMMIT,06/20/2000,1915,Tornado, ,F0,0,0,50000,0,IN,EST, ,1096872,C,65,IND,0,0,TRAINED SPOTTER, ,.1,30,2,NE,2,NE,MT SUMMIT,06/20/2000,1916,40.01667,-85.35,40.01667,-85.35,"","A supercell embedded in a squall line produced two brief touchdowns from just south of MIddletown to just north of Mount Summit in Henry county. The first touchdown lasted a minute or less and occurred across farmland doing no damage, while the second destroyed one barn and damaged several roofs to outbuildings and downed numerous trees while again only touching down for a minute or less. A trained spotter followed the parent storm and observed several funnels across the county but only these two brief touchdowns.  Otherwise, a squall line produced scattered reports of trees and power lines down across other central Indiana counties during the afternoon and evening of June 20.",210
5154339,PIATT CO.,MANSFIELD,06/20/2000,2008,Tornado, ,F0,0,0,0,0,IL,CST, ,1098225,C,147,ILX,0,0,LAW ENFORCEMENT, ,1.5,50,1,SE,1,SE,MANSFIELD,06/20/2000,2014,40.2,-88.48333,40.18333,-88.46667,"A tornado made a series of brief touchdowns over a 2.6 mile long path. The tornado made its first touchdown 1 mile southeast of Mansfield (Piatt County) and destroyed a barn. As it traveled to the southeast, it crossed into Champaign County, 2.5 miles west of Mahomet. The final touchdown was 1.5 miles west-southwest of Mahomet, where a house sustained moderate damage to one outside wall. No injuries were reported.","",211
5154340,CHAMPAIGN CO.,MAHOMET,06/20/2000,2014,Tornado, ,F0,0,0,20000,0,IL,CST, ,1098225,C,19,ILX,0,0,LAW ENFORCEMENT, ,1.1,50,3,W,3,W,MAHOMET,06/20/2000,2015,40.2,-88.45,40.2,-88.43333,"A tornado made a series of brief touchdowns over a 2.6 mile long path. The tornado made its first touchdown 1 mile southeast of Mansfield (Piatt County) and destroyed a barn. As it traveled to the southeast, it crossed into Champaign County, 2.5 miles west of Mahomet. The final touchdown was 1.5 miles west-southwest of Mahomet, where a house sustained moderate damage to one outside wall. No injuries were reported.","",212
5150377,SHELBY CO.,PORT JEFFERSON,06/20/2000,2020,Tornado, ,F0,0,0,2000,0,OH,EST, ,1097183,C,149,ILN,0,0,LAW ENFORCEMENT, ,.3,25,3,NE,3,NE,PORT JEFFERSON,06/20/2000,2022,40.36667,-84.05,40.36667,-84.05,"A tornado made a brief touchdown near the intersection of routes 47 and 65. A few trees were knocked down.","",213
5150379,WAYNE CO.,CENTERVILLE,06/21/2000,315,Tornado, ,F0,0,0,45000,0,IN,EST, ,1097184,C,177,ILN,0,0,EMERGENCY MANAGER, ,.1,25,3,NW,3,NW,CENTERVILLE,06/21/2000,322,39.85,-85.03333,39.83333,-84.9,"A brief touchdown of 10 to 15 seconds occurred on Mineral Springs Road. Plastic lawn furniture penetrated the wall of a garage, a 28 foot RV trailer was destroyed as it was lifted and landed on a length of fencing.  Several trees were also destroyed. Further down in the west end of Richmond, thunderstorm winds caused roof damage to two structures on the 2200 block of Peacock Road. Two large trees were split, and Hills Greenhouses had extensive damage. A semi trailer was also turned over and a patio enclosure was blown from one side of a house to another on Northwest B Street.","",214
5147183,CUMBERLAND CO.,CARLISLE SPGS,06/21/2000,1830,Tornado, ,F0,0,0,0,0,PA,EST, ,1096261,C,41,CTP,0,0,EMERGENCY MANAGER, ,.2,30,2,SW,2,SW,CARLISLE SPGS,06/21/2000,1835,40.25,-77.2,40.25,-77.18333,"This small F0 tornado touched down around 7:30 p.m. EDT on the north side of Wagner Drive, about 3 miles north of the city of Carlisle.  At the initial touchdown, an eyewitness reported seeing rain being drawn into a rotating cloud.  A section of fence was blown over at the initial point and several trees were damaged nearby.  At the intersection of Wagner and Cranes Gap Drive, a number of trees were uprooted, and a couple had their tops blown out.  A greenhouse just east of Cranes Gap Drive had a couple of panes pulled out on the north facing side of the structure, and limbs were blown northeast out of some trees at the same farm.  A tree fell on a car in the area, but the remaining damage was confined to trees.","",215
5154482,MONTGOMERY CO.,GLENMONT,06/21/2000,2110,Tornado, ,F1,0,0,250000,0,MD,EST, ,1098303,C,31,LWX,0,0,NWS STORM SURVEY, ,1,30,1,N,1,N,GLENMONT,06/21/2000,2110,39.08333,-77.06667,39.1,-77,"Numerous trees were downed or snapped, several cars were damaged by trees and debris. Several apartment roofs, a wall, and a fence were damaged.  Trim and siding on homes were also damaged.","Thunderstorms which contained winds in excess of 55 MPH, heavy rainfall, and large hail developed ahead of a cold front during the evening of the 21st.  The line of storms that moved across Montgomery and Prince George's Counties produced two tornadoes.  The first tornado touched down in the Aspen Hill area of Montgomery County along Colesville Manor Drive.  It move east across Northwest Branch Park and onto Scott Drive, Mills Avenue, Notley Street, and Paula Lynn Drive, then dissipated 1 mile north of Colesville. The F1 tornado was on the ground for 1 mile and was 30 yards wide .  It downed numerous trees, including one which fell onto a house and another onto a shed.  The second tornado, nearly 150 yards wide, touched down just east of Laurel near Route 197 and the Patuxent Greens Country Club.  It damaged a garage door, tore an awning, and lifted shingles on golf course property, in addition to knocking down over 80 large trees.  The F1 tornado continued east for one mile downing several other trees before dissipating near the Patuxent River.  In addition to the tornado damage, straight line winds in excess of 55 MPH also damaged trees, power lines, and structures in Montgomery and Prince George's Counties.  An apartment complex in Silver Spring suffered roof damage, shattered windows, ripped gutters, and damaged cinder block walls.  Downed fences and several cars damaged by fallen trees were found nearby.  Tree damage was also reported in Gaithersburg, the Rock Creek Valley neighborhood, Wheaton, and Laurel.  In Howard County, high winds blew in a window and snapped trees south of Columbia.  Winds estimated between 60 and 75 MPH downed numerous trees and power lines across northern Anne Arundel County, including the communities of Odenton, Glen Burnie, Crownsville, and Pasadena.  In Frederick County, 1.75 inches of rain fell in Wolfsville and 1.57 inches was recorded in Frederick.",216
5154486,PRINCE GEORGE'S CO.,LAUREL,06/21/2000,2128,Tornado, ,F1,0,0,150000,0,MD,EST, ,1098303,C,33,LWX,0,0,NWS STORM SURVEY, ,1,150,1,E,2,E,LAUREL,06/21/2000,2132,39.10,-76.83333,39.10,-76.81667,"Numerous trees were downed and some exterior damaged was reported on buildings.  The tornado cut a path through the Patuxent Greens Golf Course and damaged the clubhouse and maintenance buildings.  About 80 large trees were lost on the property.","Thunderstorms which contained winds in excess of 55 MPH, heavy rainfall, and large hail developed ahead of a cold front during the evening of the 21st.  The line of storms that moved across Montgomery and Prince George's Counties produced two tornadoes.  The first tornado touched down in the Aspen Hill area of Montgomery County along Colesville Manor Drive.  It move east across Northwest Branch Park and onto Scott Drive, Mills Avenue, Notley Street, and Paula Lynn Drive, then dissipated 1 mile north of Colesville. The F1 tornado was on the ground for 1 mile and was 30 yards wide .  It downed numerous trees, including one which fell onto a house and another onto a shed.  The second tornado, nearly 150 yards wide, touched down just east of Laurel near Route 197 and the Patuxent Greens Country Club.  It damaged a garage door, tore an awning, and lifted shingles on golf course property, in addition to knocking down over 80 large trees.  The F1 tornado continued east for one mile downing several other trees before dissipating near the Patuxent River.  In addition to the tornado damage, straight line winds in excess of 55 MPH also damaged trees, power lines, and structures in Montgomery and Prince George's Counties.  An apartment complex in Silver Spring suffered roof damage, shattered windows, ripped gutters, and damaged cinder block walls.  Downed fences and several cars damaged by fallen trees were found nearby.  Tree damage was also reported in Gaithersburg, the Rock Creek Valley neighborhood, Wheaton, and Laurel.  In Howard County, high winds blew in a window and snapped trees south of Columbia.  Winds estimated between 60 and 75 MPH downed numerous trees and power lines across northern Anne Arundel County, including the communities of Odenton, Glen Burnie, Crownsville, and Pasadena.  In Frederick County, 1.75 inches of rain fell in Wolfsville and 1.57 inches was recorded in Frederick.",217
5148861,MIAMI-DADE CO.,HIALEAH,06/22/2000,1138,Tornado, ,F0,0,0,0,0,FL,EST, ,1096956,C,86,MFL,0,0,TRAINED SPOTTER, ,.2,10, , , , ,HIALEAH,06/22/2000,1152,25.85,-80.26667,25.85,-80.26667,"A trained SKYWARN spotter reported a tornado in Hialeah.","",218
5164496,WASHINGTON CO.,LAST CHANCE,06/22/2000,1246,Tornado, ,F0,0,0,0,0,CO,MST, ,1098215,C,121,BOU,0,0,TRAINED SPOTTER, ,.1,25,6,W,6,W,LAST CHANCE,06/22/2000,1246,39.73333,-103.7,39.73333,-103.7,"A small tornado touched down briefly but did no damage.","",219
5164497,ARAPAHOE CO.,BYERS,06/22/2000,1248,Tornado, ,F0,0,0,0,0,CO,MST, ,1098215,C,5,BOU,0,0,TRAINED SPOTTER, ,.1,25,2,E,2,E,BYERS,06/22/2000,1248,39.71667,-104.18333,39.71667,-104.18333,"A small tornado touched briefly but did no damage.","",220
5151778,HAMPTON CO.,HAMPTON,06/22/2000,1545,Tornado, ,F1,0,0,0,0,SC,EST, ,1097916,C,49,CHS,0,0,NWS STORM SURVEY, ,2,175, , , , ,HAMPTON,06/22/2000,1550,32.86667,-81.11667,32.86667,-81.11667,"Numerous trees down and minor roof damage.","",221
5153753,PERQUIMANS CO.,BELVIDERE,06/22/2000,1549,Tornado, ,F0,0,0,0,0,NC,EST, ,1098454,C,143,AKQ,0,0,EMERGENCY MANAGER, ,.2,20, , , , ,BELVIDERE,06/22/2000,1555,36.26667,-76.53333,36.26667,-76.53333,"Tornado spotted at Beach Springs Road and Hog Alley Road. No known damage or injuries.","",222
5151445,WICHITA CO.,IOWA PARK,06/22/2000,1635,Tornado, ,F0,0,0,0,0,TX,CST, ,1097033,C,485,OUN,0,0,STORM CHASER, ,.2,15,2,NW,2,NW,IOWA PARK,06/22/2000,1637,33.96667,-98.68333,33.96667,-98.68333,"An isolated severe thunderstorm during the afternoon of the 22nd produced a tornado on the northwest shore of Lake Iowa Park, 2 miles northwest of Iowa Park in Wichita County. The tornado was well-formed as it was photographed by a storm chaser crossing the north side of the lake, dissipating near Johnson Road. No damage was observed or reported, and thus the tornado was rated F0.","",223
5149809,YUMA CO.,IDALIA,06/22/2000,1703,Tornado, ,F0,0,0,0,0,CO,MST, ,1096894,C,125,GLD,0,0,METEOROLOGIST(NON NWS), ,.2,50,4,W,4,W,IDALIA,06/22/2000,1703,39.7,-102.38333,39.7,-102.38333,"Brief touchdown observed by Weather Researchers.","",224
5148040,WAYNE CO.,CORYDON,06/23/2000,1318,Tornado, ,F0,0,0,1000,0,IA,CST, ,1096288,C,185,DMX,0,0,LAW ENFORCEMENT, ,.2,25, , , , ,CORYDON,06/23/2000,1318,40.76667,-93.31667,40.76667,-93.31667,"Brief touchdown","A very unstable airmass was in place across Iowa during the morning of the 23rd.  Thunderstorms erupted by the late morning hours as an upper level disturbance advanced into the state from the west.  A small cluster of thunderstorms formed in as the mesoscale convective vorticity center from a round of convection over the high plains the previous night moved into air with CAPE values around 4000 J/kg.  A warm front was lifting north across the state as well with surface dew points in the mid 70s to the south of the front.  Although there were some reports of some small hail, less than in inch in diameter, from the storms; the main weather feature from these storms was high winds.  The strongest winds occurred in Indianola as a microburst resulted in a wind gust of 109 MPH.  High winds caused considerable tree damage and some building damage across south central Iowa as the cluster of storms moved east.  A mobile home was knocked off of its foundation in the Moulton area as the storms moved through.  One small tornado touched down briefly in Wayne County near Corydon.  No significant damage was reported with this tornado.  The same cluster of storms that moved across the far southern tier of Iowas counties produced high winds to the north of it.  In Lucas County, strong south winds flowing out of the cluster caused damage on a farm near Chariton.  A machine shed was destroyed with pieces of the building swept downwind for about one half mile.",225
5164499,LOGAN CO.,FLEMING,06/23/2000,1608,Tornado, ,F0,0,0,0,0,CO,MST, ,1098216,C,75,BOU,0,0,TRAINED SPOTTER, ,.1,25,9,SSW,9,SSW,FLEMING,06/23/2000,1608,40.56667,-102.9,40.56667,-102.9,"A small tornado touched down briefly but did no damage.","",226
5164500,PHILLIPS CO.,HAXTUN,06/23/2000,1629,Tornado, ,F0,0,0,0,0,CO,MST, ,1098216,C,95,BOU,0,0,TRAINED SPOTTER, ,.1,25,2,S,2,S,HAXTUN,06/23/2000,1629,40.6,-102.61667,40.6,-102.61667,"A small tornado touched down briefly but did no damage.","",227
5164501,LOGAN CO.,FLEMING,06/23/2000,1633,Tornado, ,F0,0,0,0,0,CO,MST, ,1098216,C,75,BOU,0,0,TRAINED SPOTTER, ,.1,25,7,SSE,7,SSE,FLEMING,06/23/2000,1633,40.58333,-102.78333,40.58333,-102.78333,"A small tornado touched down briefly but did no damage.","",228
5152031,FRANKLIN CO.,ST TERESA,06/23/2000,1925,Tornado, ,F0,0,0,0,0,FL,EST, ,1097795,C,37,TAE,0,0,EMERGENCY MANAGER, ,.1,30,5,N,5,N,ST TERESA,06/23/2000,1926,30,-84.45,30,-84.45,"A large waterspout briefly came ashore and deposited debris on U.S. Highway 98 near the Franklin-Wakulla county line.","",229
5152033,FRANKLIN CO.,CARRABELLE BEACH,06/24/2000,810,Tornado, ,F0,0,0,0,0,FL,EST, ,1097796,C,37,TAE,0,0,EMERGENCY MANAGER, ,.1,20, , , , ,CARRABELLE BEACH,06/24/2000,811,29.83333,-84.68333,29.83333,-84.68333,"A waterspout briefly came ashore and dissipated.  No damage indicated.  Reported by the Franklin County EMA.","",230
5151441,ST. CLAIR CO.,MILLSTADT,06/24/2000,1340,Tornado, ,F1,0,2,0,0,IL,CST, ,1097157,C,163,LSX,0,0,NWS STORM SURVEY, ,6.2,100,4,WNW,4,WNW,MILLSTADT,06/24/2000,1349,38.46667,-90.15,38.46667,-90.05,"At approximately 240 pm CDT, a tornado formed west northwest of Millstadt near the intersection of Bluffside and Metter Roads. Several large trees were downed and a cattle barn extensively damaged. The tornado moved east northeast causing mainly tree and power line damage and then turned more east entering the Triple Lakes Golf Club. One home, 2 large utility buildings and the clubhouse suffered varying degrees of damage. The tornado became multiple vortex in nature at this point producing 2 distinct damage paths. Numerous large trees were uprooted or downed while the tornado continued through the golf course. The tornado continued on an east path downing trees and power lines, crossing Route 163 to about  2 1/4 miles northeast of Millstadt and dissipating.  There were 2 minor injuries that occurred while the tornado went through the golf course.  A man suffered a back injury when the golf cart he was riding in overturned. Another man suffered minor injuries from flying debris.","",231
5150473,WAYNE CO.,RICHMOND,06/24/2000,2017,Tornado, ,F1,0,0,40000,0,IN,EST, ,1097185,C,177,ILN,0,0,LAW ENFORCEMENT, ,.2,50,2,E,2,E,RICHMOND,06/24/2000,2021,39.83333,-84.86667,39.83333,-84.86667,"Trees were knocked down throughout the city. A roof was blown off of a church on the 4700 block of National Road. Both a hotel and a restaurant sustained roof damage, and the hotel had a sign destroyed.","",232
5176347,NANCE CO.,FULLERTON,06/25/2000,1235,Tornado, ,F0,0,0,2000,0,NE,CST, ,1099498,C,125,GID,0,0,GENERAL PUBLIC, ,1,40,10,SW,10,SW,FULLERTON,06/25/2000,1237,41.26667,-98.11667,41.26667,-98.1,"","Thunderstorms developed rapidly during the afternoon along a cold front slicing across south-central Nebraska.  Most of the activity was east of Highway 281 with one tornado being reported.  The tornado occurred about 10 miles southwest of Fullerton near the north banks of the Loup River.  The tornado damaged trees and some irrigation pipe along its one mile path.  As the thunderstorms moved southeast, high winds became the main storm threat.  In the Edgar area, two grain bins were damaged and numerous tree limbs were broken.  Power was interrupted for a short time to customers in Clay, Nuckolls and Fillmore counties.  Tree limbs were damaged or broken in several communities",233
5148612,GREELEY CO.,TRIBUNE,06/25/2000,1340,Tornado, ,F0,0,0,0,0,KS,MST, ,1096901,C,71,GLD,0,0,TRAINED SPOTTER, ,.2,50,12,S,12,S,TRIBUNE,06/25/2000,1340,38.3,-101.75,38.3,-101.75,"Brief Touchdown in open field.","",234
5148961,CARSON CO.,PANHANDLE,06/25/2000,1553,Tornado, ,F0,0,0,0,0,TX,CST, ,1096796,C,65,AMA,0,0,LAW ENFORCEMENT, ,1.5,25,18,N,18,N,PANHANDLE,06/25/2000,1601,35.61667,-101.38333,35.58333,-101.26667,"The tornado remained over open county and the path was estimated.","Severe thunderstorms containing large hail...tornadoes...and high winds ripped through the northwest through southeast sections of the Texas panhandle during the late afternoon through late night hours.",235
5148399,WARREN CO.,ST MARYS,06/25/2000,1622,Tornado, ,F0,0,0,0,1000,IA,CST, ,1096290,C,181,DMX,0,0,LAW ENFORCEMENT, ,.2,25, , , , ,ST MARYS,06/25/2000,1622,41.31667,-93.73333,41.31667,-93.73333,"Brief touchdown","A major wind and significant flash flooding event took shape across Iowa during the afternoon and evening of the 25th.  A dynamic upper level system approached Iowa from the northwest during the afternoon.  Several boundaries were in the area resulting from weak convection that took place during the morning.  Very strong theta-e advection took place over northeast Nebraska during the morning and early afternoon hours.  In addition, several other factors came into play.  Moisture continued to stream into Iowa from the remnants of Hurricane Carlotta as precipitable water values approached 2.2 inches.  Iowa was also under the influence of a coupled jet structure.  As a result a strong upper level divergent field was in place over the state.  By afternoon, mid and upper level cold air advection began to take place as well.  Strong convection took place by mid day over northeast Nebraska into west central Iowa.   The line of thunderstorms moved into rich air with surface dew points in the low to mid 70s.  The main feature with the storms was high winds.  The line of thunderstorms took on a bow echo configuration as it moved across southern Iowa.  Most of the southern three tiers of counties reported high winds.  Wind speeds of 60 to as much as 85 MPH were reported with the storms.  Wind speeds topped out at 85 MPH at New Virginia, in Warren County.  Damage was widespread with numerous trees and power lines downed by the winds.  Some trees up to 2 feet in diameter were snapped.  A flag pole was reported bent 4 inches by the high winds as well.  One tornado was reported in Warren County as well.  This was a brief tornado near St Marys which caused no damage.  The other problem with the storms was the heavy rainfall.  Two to three inches of rain fell in many areas.  As the storms moved into parts of south central and southeast Iowa, they moved into area that had been inundated by heavy rainfall just two nights before.  Flash flooding was reported in Appanoose, Lucas, Mahaska, Monroe, Wayne, Davis, and Wapello Counties.  Numerous roads were under water in these counties.    U.S. Highway 63 was closed by high water  north of Ottumwa.  Some of the worst flooding took place in Mahaska County where heavy rain fell on areas that had been flooded two days before.  At least 15 roads were reported under water in the county.  As the thunderstorms moved through Hamilton County, lightning struck a tree outside of a house in Stratford.  It also left a hole in the ground and caused damage inside the house.  The lightning strike broke windows out of the front of the house and also caused windows to break in the house next door.  Later, the storms moved into the Waterloo area.  Lightning struck the chimney of a former school building.  The top part of the chimney was blown off by the lightning and a good part of the rest of the chimney was damaged.",236
5149041,CARSON CO.,SKELLYTOWN,06/25/2000,1623,Tornado, ,F0,0,0,0,0,TX,CST, ,1096796,C,65,AMA,0,0,LAW ENFORCEMENT, ,.1,25,1,W,1,W,SKELLYTOWN,06/25/2000,1625,35.56667,-101.2,35.56667,-101.2,"The tornado remained over open country and the path was estimated.","Severe thunderstorms containing large hail...tornadoes...and high winds ripped through the northwest through southeast sections of the Texas panhandle during the late afternoon through late night hours.",237
5163929,HILLSBOROUGH CO.,TAMPA INTL ARPT,06/25/2000,1657,Tornado, ,F0,0,0,100000,0,FL,EST, ,1098354,C,57,TBW,0,0,EMERGENCY MANAGER, ,.5,15,6,NW,6,NW,TAMPA INTL ARPT,06/25/2000,1700,28.05,-82.6,28.03333,-82.58333,"Hillsborough County Emergency Management reported that a tornado touched down and removed the roof of a mobile home, caused minor roof damage to four additional mobile homes and caused minor structural damage to 30 other mobile homes in the Colonial Coach MHP of the "Town n Country" area of western Hillsborough county.","",238
5150545,WASHINGTON PAR.,FRANKLINTON,06/25/2000,1711,Tornado, ,F0,0,0,0,0,LA,CST, ,1097672,C,117,LIX,0,0,LAW ENFORCEMENT, ,.1,30, , , , ,FRANKLINTON,06/25/2000,1711,30.85,-90.15,30.85,-90.15,"A small tornado briefly touched down near Highway 440 and Dewey Creel Road causing no damage.","",239
5149787,CAPE GIRARDEAU CO.,DUTCHTOWN,06/26/2000,1236,Tornado, ,F0,0,0,0,0,MO,CST, ,1096748,C,31,PAH,0,0,EMERGENCY MANAGER, ,.2,30,1,S,1,S,DUTCHTOWN,06/26/2000,1241,37.23333,-89.66667,37.23333,-89.65,"A weak tornado was caught on videotape over southern Cape Girardeau County in the Dutchtown area. The thunderstorm cell which produced this weak tornado was very small and short-lived. No damage was reported since the funnel cloud touched down very briefly in an open field.","",240
5163931,POLK CO.,MULBERRY,06/27/2000,1635,Tornado, ,F0,0,0,20000,0,FL,EST, ,1098356,C,105,TBW,0,0,FIRE DEPT/RESCUE SQUAD, ,.1,5, , , , ,MULBERRY,06/27/2000,1640,27.9,-81.98333,27.9,-81.98333,"The Mulberry Fire Department reported that several eyewitnesses observed a tornado touch down and cause minor damage to the roof of the Arroyo Pumps building located along State Road 60 in Mulberry.","",241
5151723,CURRY CO.,GRADY,06/28/2000,1020,Tornado, ,F0,0,0,0,0,NM,MST, ,1097876,C,9,ABQ,0,0,FIRE DEPT/RESCUE SQUAD, ,.1,20, , , , ,GRADY,06/28/2000,1020,34.81667,-103.31667,34.81667,-103.31667,"","Several gustnadoes were reported near Grady as thunderstorms along an outflow boundary  moved south through the region.",242
5151724,CURRY CO.,GRADY,06/28/2000,1040,Tornado, ,F0,0,0,0,0,NM,MST, ,1097876,C,9,ABQ,0,0,FIRE DEPT/RESCUE SQUAD, ,.1,20,5,S,5,S,GRADY,06/28/2000,1040,34.75,-103.31667,34.75,-103.31667,"","Several gustnadoes were reported near Grady as thunderstorms along an outflow boundary  moved south through the region.",243
5151333,HOOKER CO.,MULLEN,06/29/2000,1243,Tornado, ,F0,0,0,0,0,NE,MST, ,1097610,C,91,LBF,0,0,TRAINED SPOTTER, ,.1,20,12,SW,12,SW,MULLEN,06/29/2000,1243,41.93333,-101.2,41.93333,-101.2,"Brief touchdown over open country.","",244
5151335,HOOKER CO.,MULLEN,06/29/2000,1300,Tornado, ,F0,0,0,0,0,NE,MST, ,1097610,C,91,LBF,0,0,GENERAL PUBLIC, ,.1,20,17,SW,17,SW,MULLEN,06/29/2000,1300,41.88333,-101.26667,41.88333,-101.26667,"Brief touchdown over open country.","",245
5176358,DAWSON CO.,FARNAM,06/29/2000,1640,Tornado, ,F0,0,0,25000,0,NE,CST, ,1099500,C,47,GID,0,0,NEWSPAPER, ,.8,20,3,NE,3,NE,FARNAM,06/29/2000,1642,40.71667,-100.2,40.7,-100.2,"","A vicious severe thunderstorm roared south across a part of south-central Nebraska during the late afternoon and evening.  The damage path extended from Gothenburg to Beaver City and Stamford.  Wind driven hail and torrential rain shredded crops, broke windows and caused considerable property damage.  Agricultural losses were in the tens of millions of dollars.  This storm was likely the worst this generation had experienced, and "old-timers" had to remember back to 1937 for a comparable storm.  

The severe thunderstorm complex started early in the afternoon in the Nebraska Sand Hills and dropped south rapidly.  Widespread reports of 70 mph winds were received from western Dawson county.  A brief tornado set down 3 miles northeast of Farnam.  The tornado lifted a garage over a house and "sucked" all of the items from the walls in the house.  Golf ball size hail ripped apart crops and pasture in southwest Dawson county to the tune of 11 million dollars in loss.

The storm progressed south across Gosper county with 70 mph winds and 1 inch hail.  Power poles were broke and considerable soil erosion was reported in the county.  As the storm reached Furnas county around 6:30 pm, it intensified some and the result was extensive property damage throughout the county.  At the Southern Valley school south of Oxford, repairs of one million dollars were needed to fix the roof of the school and other structures near the school.  Water damage was reported in many parts of the school.  Windows were broken on buses and vehicles near the school grounds.  Many homes in Furnas county sustained considerable hail damage to the north side.  Windows were broken and siding damaged.  Buildings on farms throughout the county were lost.  Crop loss to the wheat, corn, and soybean crop was estimated at 15 million dollars.

Just to the east, Harlan county did not escape the wrath of the storm.  Dime size hail and 70 mph winds pummeled the Stamford and Oxford areas.  Again, property damage was widespread to homes, businesses, and outbuildings.  Crop loss in the western part of the county was nearly 7.5 million dollars.  Producers will feel the effects of the storm well into the winter with very few corn stalks in the field for cattle to feed upon nor hay to cut for winter feed.",246
5148618,CHEYENNE CO.,BIRD CITY,06/29/2000,1729,Tornado, ,F1,0,0,0,250000,KS,CST, ,1096902,C,23,GLD,0,0,METEOROLOGIST(NON NWS), ,2.5,650,9,SSW,9,SSW,BIRD CITY,06/29/2000,1748,39.63333,-101.6,39.6,-101.53333,"Tornado moved across Open Fields, but did damage corn crop and an Irrigation Sprinkler System.  The Tornado was impressive visually, and could be seen from 20-30 miles away.  The twister did only minor Land Damage.","",247
5148619,SHERMAN CO.,EDSON,06/29/2000,1743,Tornado, ,F0,0,0,0,0,KS,CST, ,1096902,C,181,GLD,0,0,TRAINED SPOTTER, ,.2,50,15,NNE,15,NNE,EDSON,06/29/2000,1744,39.53333,-101.45,39.53333,-101.45,"Brief Tornado.","",248
5148624,NORTON CO.,DENSMORE,06/29/2000,1834,Tornado, ,F0,0,0,250000,0,KS,CST, ,1096902,C,137,GLD,0,0,GENERAL PUBLIC, ,.2,75,3,E,3,E,DENSMORE,06/29/2000,1835,39.63333,-99.7,39.63333,-99.7,"Brief Tornado near Norton/Phillips County Line.","",249
5176783,ROOKS CO.,WEBSTER,06/29/2000,1902,Tornado, ,F0,0,0,0,0,KS,CST, ,1099501,C,163,GID,0,0,LAW ENFORCEMENT, ,.3,10,2,NW,2,NW,WEBSTER,06/29/2000,1902,39.43333,-99.43333,39.43333,-99.43333,"Brief touchdown with no damage.","A ferocious severe thunderstorm moved south from Nebraska and battered a section of north-central Kansas with high winds and hail.  Phillips and Rooks counties took the brunt of this mid-evening storm as losses in these two counties alone totaled in the millions.  

The Long Island area of northern Phillips county sustained the most damage.  Winds of 100 mph hammered the area around 7 pm and hail covered the ground like snow.  Over 300 windows in this small town were broken and nearly every home in the town sustained some damage to windows, siding or the roof.  One person was injured as she and her family tried to run for cover from the storm.  The wind blew her across the kitchen of her home and into the dining room.  She sustained head, neck and leg injuries and was transferred to a hospital in Kearney, Nebraska.  The local grain company had seven grain bins and two unloading facilities demolished.  About 1200 customers lost power during the storm.  Wind gusts to 80 mph and hail the size of quarters were also reported in Agra and Logan.

As the storm moved south into Rooks county, it spawned a brief tornado north of Webster Lake.  The funnel set down about 1 mile north of the reservoir but did little if any damage.  Just days earlier, outdoor warning devices were installed at the lake area and they were put into use to alert the public on this day.  Eighty mile an hour winds were common in Rooks county and resulted in up-rooted trees, downed power lines,  roof and building damage.  One truck was overturned on Highway 24 but the driver was uninjured.

Crop damage was limited to the remaining wheat crop and some corn.  Fortunately, about 80 percent of the wheat crop had been harvested prior to the storm.",250
5151574,MONROE CO.,BIG PINE KEY,07/01/2000,1820,Tornado, ,F0,0,0,15000,0,FL,EST, ,1097264,C,87,EYW,0,0,LAW ENFORCEMENT, ,.2,10, , , , ,BIG PINE KEY,07/01/2000,1830,24.68333,-81.38333,24.68333,-81.38333,"Waterspout moved onshore along the south end of Big Pine Key.  Damaged a bed and breakfast Inn.","",251
5155903,PECOS CO.,FT STOCKTON,07/02/2000,1450,Tornado, ,F0,0,0,0,0,TX,CST, ,1100586,C,371,MAF,0,0,METEOROLOGIST(NON NWS), ,.1,20,30,S,30,S,FT STOCKTON,07/02/2000,1450,30.45,-102.86667,30.45,-102.86667,"An experienced storm chaser and professor of meteorology observed a tornado 30 miles south of Fort Stockton.  Examination of radar data showed little evidence of large scale cyclonic rotation or storm structure.  The storm environment did not appear to support storm scale rotation.  Primary indications are that this tornado was of the landspout variety.","",252
5175667,ALLAMAKEE CO.,HANOVER,07/02/2000,1535,Tornado, ,F0,0,0,0,20000,IA,CST, ,1098873,C,5,ARX,0,0,LAW ENFORCEMENT, ,2,50,6,E,6,E,HANOVER,07/02/2000,1540,43.36667,-91.41667,43.36667,-91.36667,"","Law enforcement officials reported a tornado touched down briefly near Hanover (Allamakee County), but only damaged some corn fields.  Elsewhere across northeast Iowa, several trees were knocked down by thunderstorm wind gusts of 60 to 65 mph and hail the size of dimes and quarters was also reported.",253
5175427,MILWAUKEE CO.,MILWAUKEE MTCHELL AR,07/02/2000,1730,Tornado, ,F1,0,0,1530000,0,WI,CST, ,1099078,C,79,MKX,0,0,AMATEUR RADIO, ,6.6,100,5,SW,5,SW,MILWAUKEE MTCHELL AR,07/02/2000,1806,42.9,-87.98333,42.85,-87.85,"","Severe weather in the form of a tornado, damaging straight-line downburst winds, large hail, and flash flooding hammered a small piece of south-central and much of southeast Wisconsin during the late afternoon and evening hours.  The most significant cluster of thunderstorms developed over southern Columbia county and proceded to move east/southeast through Dodge, Jefferson, Waukesha, Milwaukee, and Racine counties. A supercell on the west end of this cluster, with a well-defined mesocyclone, produced some damaging straight-line winds and large hail up to 2.25 inches in diameter in Jefferson County, but could only generate a rotating wall cloud at its base in that county.  This supercell continued to dump large hail as it moved across Waukesha County, but once it moved over the city of Franklin in southwestern Milwaukee County, it spawned a tornado at 1730CST about 3/4 of a mile northwest of the intersection of Highways 41 and 100 (27th St. & Ryan Rd, or about 5.4 miles southwest of Milwaukee's General Mitchell International Airport). This tornado tore east/southeast through Oak Creek, and then exited Milwaukee County at 706 pm, where Highway 32 goes south into Racine County (or about 7 miles south/southeast of Mitchell Field).  The tornado continued for about .2 miles into Racine County, just east of Highway 32, before dissipating about 2.9 miles northeast of Husher. 

Luckily, no one was injured or killed by the tornado that traveled through Franklin and Oak Creek into Racine County. It intensified to a F1 rating as it damaged buildings, and turned over several semi-tractor trailers at a truck stop at the intersection of I-94 and Ryan Rd.  This tornado damaged at least a dozen homes in Franklin and Oak Creek, as well as one business and one utility building. Hundreds of trees were uprooted and blown over, but luckily many of them fell between buildings!  Sixty power poles were snapped by the tornadic winds in Oak Creek.  In Franklin, a 40-foot TV antenna was pushed over into a neighboring home, and a 20-foot camper was severely damaged.  Eyewitness reports indicate that this tornado was rain-wrapped and was multi-vortex at times.  Just south of the Ryan Rd. and 27th St intersection, a spotter indicated that sustained winds were greater than 40 mph for 15 minutes as the tornado passed just to the north of their position.  In Racine County, the tornado uprooted trees as it weakened.

The area from Johnson Creek to the Rome and Sullivan in Jefferson county sustained considerable hail and wind damage.  Several vehicles on Interstate 94 near Johnson Creek, and in the Rome to Sullivan area, had windows broken by the large hailstones up to 2.25 inches in diameter.  In addition, a few large trees were uprooted.  Some of the corn crop in this swath had leaves stripped off.  NWS employees at the NWS office southeast of Sullivan identified a rotating wall cloud about 3 or 4 miles west of their location.

Waukesha County was raked by four rounds of severe storms.  The 1st round possessed hurricane-force winds gusting to 68 knots (78 mph) at the Waukesha Airport near I-94.  The city of Brookfield sustained tree and power line damage from this wet macroburst.  The Jefferson County supercell constituted round #2  as it raked an area from Dousman to North Prairie (Waukesha Co.) with large hail and powerful downburst winds gusting to a measured 61 knots (70 mph).  Hundreds of trees were uprooted and many power lines were downed. In North Prairie, 2 homes and a car sustained tree-inflicted damage.  As this supercell moved east/southeast across Waukesha County, its strength pulsed upwards again and the Brookfield to New Berlin area experienced powerful downburst winds (round #3) that leveled more trees and power lines.  A roof on an apartment complex in New Berlin was partially ripped off by the winds, but luckily no one was injured.  Later in the evening, the 4th round of severe storms hit the Delafield to City of Waukesha area. Hail stones of almost an inch in diameter fell and powerful winds pushed over some trees.

Racine County residents suffered the effect of 2 rounds of severe storms. Many trees and power-line poles were leveled in both rounds.  At least 60 power-line poles were pushed over.  At least 50 homes and 3 farm buildings in eastern Racine County were damaged by the powerful winds, or by felled trees.  Scattered severe storms also produced large hail and/or damaging winds which leveled trees in Madison (Dane County), and southern Washington County (Richfield and Germantown).

Collectively, about 70 thousand customers were without power at one time or another during the afternoon and evening hours on July 2nd due to downed power lines or lightning strikes to transformers.  Twenty-five thousand of these were in Franklin and Oak Creek alone.

Minor urban/small stream flooding affected parts of Waukesha and Racine Counties, as well as much of Milwaukee County after the 1st round of storms moved through and dumped rainfall of 1 to 2 inches.  Water depths on roads were reported to be 6 to 12 inches.  

As with previous episodes of severe weather across southern Wisconsin during May and June, flash flooding occurred later in the evening on July 2nd, as additional rounds of storms, some severe, moved across the area.  Torrential downpours, sometimes reaching an inch or more within 15 minutes, produced flash flooding across the southern half of Milwaukee County, the area from Hartland and Waukesha to Brookfield and Elm Grove in Waukesha County, and in/near the city of Racine (Racine Co.).  Water depths on roads in these areas reached 1 to 4 feet.  The flood waters resulted in gravel shoulder washouts on roads, structural damage to basements, damage to basement contents, and culvert damage. In the city of Franklin (Milwaukee Co.), a home's basement walls collapsed due to the pressure of the flood waters.  Most small streams and creeks in Waukesha, southern Milwaukee, and eastern Racine County quickly exceeded flood stage by 1 to 2 feet due to the intense rainfall.

The Root River in Franklin, the Root River Canal at Raymond (Racine Co.), Oak Creek in South Milwaukee, and the Menomonee River in Wauwatosa all crested between 2115CST on July 2nd and 0315CST the next morning.  Homes and businesses near these locations sustained the worst flood damage.  Collectively, the Milwaukee County flash flooding damaged 6974 residential homes, 38 businesses, 1 utility building, and 9 agricultural buildings.  About 600 acres of farm land in southern Milwaukee County sustained crop damage.  In Racine County, 429 residential buildings were damaged by flash flood waters, and about 2800 acres of farm land had crop damage or soil erosion.

Urban/small stream flooding was reported in the city of Madison, in Sullivan, and around Richmond (Walworth Co.) due to the heavy rainfalls.  Water depths on roads were in the 6 to 18 inch range.  The Madison area picked up 1.5 to 2.5 inches of rainfall (Madison Truax Field had 1.89" for the day), the Sullivan area picked up an estimated 2.5 to 3.0 inches, and 3.7 inches fell in Richmond on the 2nd.  No flood damage was reported from these locations.

Two separate lightning strikes in Franklin started fires that damaged a car and a home's garage. 

Twenty-four hour rainfall amounts (mostly in the late afternoon and evening hours on July 2nd) ending 0600CST on July 3rd across southeast Wisconsin were impressive:
Waukesha County...7.00" in Elm Grove, 5.06" at Carroll College, 4.27"in Hartland
Milwaukee County...6.50" in Greenfield, 5.05" south side of Milwaukee, 4.75" in West Allis, 4 to 6" in Franklin, 4.22" at Milwaukee Mitchell International Airport
Racine County...5.76" at Raymond, 3.99" in the city of Racine

The 4.42 inches of rain recorded at Milwaukee General Mitchell International Airport on July 2nd, set a new record for the day and a new daily record for any day in July.  This was also the 6th wettest day for Milwaukee going back to the start of documentation in 1871.  Milwaukee would finish the month of July 2000 with 7.12 inches of rain, the 3rd wettest July on record.

Synoptically, an old frontal boundary sagged south across southern Wisconsin as low pressure moved east along it. A short-wave aloft was also moving east across the region. Moist, unstable air, drawn north into the frontal boundary, fueled the storms.",254
5175428,RACINE CO.,HUSHER,07/02/2000,1806,Tornado, ,F0,0,0,10000,0,WI,CST, ,1099078,C,101,MKX,0,0,NWS STORM SURVEY, ,.2,30,3,NNW,3,NNW,HUSHER,07/02/2000,1806,42.85,-87.91667,42.85,-87.91667,"","Severe weather in the form of a tornado, damaging straight-line downburst winds, large hail, and flash flooding hammered a small piece of south-central and much of southeast Wisconsin during the late afternoon and evening hours.  The most significant cluster of thunderstorms developed over southern Columbia county and proceded to move east/southeast through Dodge, Jefferson, Waukesha, Milwaukee, and Racine counties. A supercell on the west end of this cluster, with a well-defined mesocyclone, produced some damaging straight-line winds and large hail up to 2.25 inches in diameter in Jefferson County, but could only generate a rotating wall cloud at its base in that county.  This supercell continued to dump large hail as it moved across Waukesha County, but once it moved over the city of Franklin in southwestern Milwaukee County, it spawned a tornado at 1730CST about 3/4 of a mile northwest of the intersection of Highways 41 and 100 (27th St. & Ryan Rd, or about 5.4 miles southwest of Milwaukee's General Mitchell International Airport). This tornado tore east/southeast through Oak Creek, and then exited Milwaukee County at 706 pm, where Highway 32 goes south into Racine County (or about 7 miles south/southeast of Mitchell Field).  The tornado continued for about .2 miles into Racine County, just east of Highway 32, before dissipating about 2.9 miles northeast of Husher. 

Luckily, no one was injured or killed by the tornado that traveled through Franklin and Oak Creek into Racine County. It intensified to a F1 rating as it damaged buildings, and turned over several semi-tractor trailers at a truck stop at the intersection of I-94 and Ryan Rd.  This tornado damaged at least a dozen homes in Franklin and Oak Creek, as well as one business and one utility building. Hundreds of trees were uprooted and blown over, but luckily many of them fell between buildings!  Sixty power poles were snapped by the tornadic winds in Oak Creek.  In Franklin, a 40-foot TV antenna was pushed over into a neighboring home, and a 20-foot camper was severely damaged.  Eyewitness reports indicate that this tornado was rain-wrapped and was multi-vortex at times.  Just south of the Ryan Rd. and 27th St intersection, a spotter indicated that sustained winds were greater than 40 mph for 15 minutes as the tornado passed just to the north of their position.  In Racine County, the tornado uprooted trees as it weakened.

The area from Johnson Creek to the Rome and Sullivan in Jefferson county sustained considerable hail and wind damage.  Several vehicles on Interstate 94 near Johnson Creek, and in the Rome to Sullivan area, had windows broken by the large hailstones up to 2.25 inches in diameter.  In addition, a few large trees were uprooted.  Some of the corn crop in this swath had leaves stripped off.  NWS employees at the NWS office southeast of Sullivan identified a rotating wall cloud about 3 or 4 miles west of their location.

Waukesha County was raked by four rounds of severe storms.  The 1st round possessed hurricane-force winds gusting to 68 knots (78 mph) at the Waukesha Airport near I-94.  The city of Brookfield sustained tree and power line damage from this wet macroburst.  The Jefferson County supercell constituted round #2  as it raked an area from Dousman to North Prairie (Waukesha Co.) with large hail and powerful downburst winds gusting to a measured 61 knots (70 mph).  Hundreds of trees were uprooted and many power lines were downed. In North Prairie, 2 homes and a car sustained tree-inflicted damage.  As this supercell moved east/southeast across Waukesha County, its strength pulsed upwards again and the Brookfield to New Berlin area experienced powerful downburst winds (round #3) that leveled more trees and power lines.  A roof on an apartment complex in New Berlin was partially ripped off by the winds, but luckily no one was injured.  Later in the evening, the 4th round of severe storms hit the Delafield to City of Waukesha area. Hail stones of almost an inch in diameter fell and powerful winds pushed over some trees.

Racine County residents suffered the effect of 2 rounds of severe storms. Many trees and power-line poles were leveled in both rounds.  At least 60 power-line poles were pushed over.  At least 50 homes and 3 farm buildings in eastern Racine County were damaged by the powerful winds, or by felled trees.  Scattered severe storms also produced large hail and/or damaging winds which leveled trees in Madison (Dane County), and southern Washington County (Richfield and Germantown).

Collectively, about 70 thousand customers were without power at one time or another during the afternoon and evening hours on July 2nd due to downed power lines or lightning strikes to transformers.  Twenty-five thousand of these were in Franklin and Oak Creek alone.

Minor urban/small stream flooding affected parts of Waukesha and Racine Counties, as well as much of Milwaukee County after the 1st round of storms moved through and dumped rainfall of 1 to 2 inches.  Water depths on roads were reported to be 6 to 12 inches.  

As with previous episodes of severe weather across southern Wisconsin during May and June, flash flooding occurred later in the evening on July 2nd, as additional rounds of storms, some severe, moved across the area.  Torrential downpours, sometimes reaching an inch or more within 15 minutes, produced flash flooding across the southern half of Milwaukee County, the area from Hartland and Waukesha to Brookfield and Elm Grove in Waukesha County, and in/near the city of Racine (Racine Co.).  Water depths on roads in these areas reached 1 to 4 feet.  The flood waters resulted in gravel shoulder washouts on roads, structural damage to basements, damage to basement contents, and culvert damage. In the city of Franklin (Milwaukee Co.), a home's basement walls collapsed due to the pressure of the flood waters.  Most small streams and creeks in Waukesha, southern Milwaukee, and eastern Racine County quickly exceeded flood stage by 1 to 2 feet due to the intense rainfall.

The Root River in Franklin, the Root River Canal at Raymond (Racine Co.), Oak Creek in South Milwaukee, and the Menomonee River in Wauwatosa all crested between 2115CST on July 2nd and 0315CST the next morning.  Homes and businesses near these locations sustained the worst flood damage.  Collectively, the Milwaukee County flash flooding damaged 6974 residential homes, 38 businesses, 1 utility building, and 9 agricultural buildings.  About 600 acres of farm land in southern Milwaukee County sustained crop damage.  In Racine County, 429 residential buildings were damaged by flash flood waters, and about 2800 acres of farm land had crop damage or soil erosion.

Urban/small stream flooding was reported in the city of Madison, in Sullivan, and around Richmond (Walworth Co.) due to the heavy rainfalls.  Water depths on roads were in the 6 to 18 inch range.  The Madison area picked up 1.5 to 2.5 inches of rainfall (Madison Truax Field had 1.89" for the day), the Sullivan area picked up an estimated 2.5 to 3.0 inches, and 3.7 inches fell in Richmond on the 2nd.  No flood damage was reported from these locations.

Two separate lightning strikes in Franklin started fires that damaged a car and a home's garage. 

Twenty-four hour rainfall amounts (mostly in the late afternoon and evening hours on July 2nd) ending 0600CST on July 3rd across southeast Wisconsin were impressive:
Waukesha County...7.00" in Elm Grove, 5.06" at Carroll College, 4.27"in Hartland
Milwaukee County...6.50" in Greenfield, 5.05" south side of Milwaukee, 4.75" in West Allis, 4 to 6" in Franklin, 4.22" at Milwaukee Mitchell International Airport
Racine County...5.76" at Raymond, 3.99" in the city of Racine

The 4.42 inches of rain recorded at Milwaukee General Mitchell International Airport on July 2nd, set a new record for the day and a new daily record for any day in July.  This was also the 6th wettest day for Milwaukee going back to the start of documentation in 1871.  Milwaukee would finish the month of July 2000 with 7.12 inches of rain, the 3rd wettest July on record.

Synoptically, an old frontal boundary sagged south across southern Wisconsin as low pressure moved east along it. A short-wave aloft was also moving east across the region. Moist, unstable air, drawn north into the frontal boundary, fueled the storms.",255
5152063,VALLEY CO.,GLASGOW,07/02/2000,1905,Tornado, ,F0,0,0,0,0,MT,MST, ,1096999,C,105,GGW,0,0,STORM CHASER, ,.5,200,15,S,15,S,GLASGOW,07/02/2000,1905,47.98333,-106.63333,47.98333,-106.63333,"Storm chasers reported a tornado touchdown south of Glasgow.","",256
5165335,ROOSEVELT CO.,ELIDA,07/03/2000,1630,Tornado, ,F0,0,0,0,0,NM,MST, ,1098951,C,41,ABQ,0,0,LAW ENFORCEMENT, ,.1,30, , , , ,ELIDA,07/03/2000,1630,33.93333,-103.65,33.93333,-103.65,"Brief tornado and other funnel clouds reported over open range near  Elida.","",257
5175474,NESS CO.,NESS CITY,07/03/2000,1650,Tornado, ,F0,0,0,0,0,KS,CST, ,1099430,C,135,DDC,0,0,TRAINED SPOTTER, ,.1,50,13,SE,13,SE,NESS CITY,07/03/2000,1650,38.31667,-99.73333,38.31667,-99.73333,"Lasted 30 seconds.","",258
5164366,FRONTIER CO.,STOCKVILLE,07/03/2000,1810,Tornado, ,F0,0,0,0,0,NE,CST, ,1098689,C,63,LBF,0,0,TRAINED SPOTTER, ,.1,20,15,SW,15,SW,STOCKVILLE,07/03/2000,1811,40.38333,-100.58333,40.38333,-100.58333,"Trained spotter reported brief tornado touchdown.","",259
5152076,VALLEY CO.,GLASGOW,07/03/2000,1840,Tornado, ,F0,0,0,0,0,MT,MST, ,1097000,C,105,GGW,0,0,GENERAL PUBLIC, ,.5,50,25,S,25,S,GLASGOW,07/03/2000,1840,47.83333,-106.63333,47.83333,-106.63333,"Tornado was reported briefly touching down along the shores of Fort Peck Lake near The Pines Recreation Area","A line of severe thunderstorms moving through northeast Montana brought damaging winds and large hail.  Wind gusts over 80 mph were reported and numerous power lines were blown down.  Brief tornado touchdowns were reported in southern Valley County along Fort Peck Lake.",260
5164392,PIERCE CO.,RUGBY,07/04/2000,1610,Tornado, ,F1,0,0,0,0,ND,CST, ,1098801,C,69,BIS,0,0,LAW ENFORCEMENT, ,3,50,21,SE,21,SE,RUGBY,07/04/2000,1610,48.15,-99.66667,48.15,-99.66667,"Barns and half of the farm house destroyed. Uprooted trees and up to 20 hay bales moved a half mile away.","",261
5164458,WELLS CO.,FESSENDEN,07/04/2000,1630,Tornado, ,F0,0,0,0,0,ND,CST, ,1098804,C,103,BIS,0,0,LAW ENFORCEMENT, ,3,40,3,S,3,S,FESSENDEN,07/04/2000,1640,47.6,-99.61667,47.61667,-99.56667,"Damage to trees and grain bins.","",262
5164748,BROWN CO.,MT ORAB,07/04/2000,1826,Tornado, ,F0,0,0,0,0,OH,EST, ,1098702,C,15,ILN,0,0,TRAINED SPOTTER, ,.1,50,2,S,2,S,MT ORAB,07/04/2000,1826,39.01667,-83.91667,39.01667,-83.91667,"A tornado made a brief touch down in a field.  No damage occurred with this tornado.","",263
5175662,DICKEY CO.,FULLERTON,07/04/2000,2125,Tornado, ,F0,0,0,0,0,ND,CST, ,1098870,C,21,BIS,0,0,GENERAL PUBLIC, ,0,40,8,W,8,W,FULLERTON,07/04/2000,2125,46.16667,-98.58333,46.16667,-98.58333,"Tornado reported by a co-op observer who stated the tornado briefly touched down in open country for a couple of minuates before dissipating.","",264
5175663,LA MOURE CO.,EDGELEY,07/04/2000,2145,Tornado, ,F0,0,0,0,0,ND,CST, ,1098871,C,45,BIS,0,0,NEWSPAPER, ,2,50,15,E,15,E,EDGELEY,07/04/2000,2150,46.36667,-98.38333,46.36667,-98.35,"Tornado touched down in open country destroying a pole barn.","",265
5164622,POWDER RIVER CO.,BROADUS,07/05/2000,1625,Tornado, ,F0,0,0,0,0,MT,MST, ,1098271,C,75,BYZ,0,0,TRAINED SPOTTER, ,.5,50,25,W,25,W,BROADUS,07/05/2000,1625,45.45,-105.93333,45.45,-105.93333,"NWS post storm ground survey confirmed an F0 (winds 42-72 mph) tornado. Tornado damaged some trees. This was the same tornado that touched down 5 miles north of Epsie at 1804 MST.","",266
5164061,MORRILL CO.,REDINGTON,07/05/2000,1636,Tornado, ,F0,0,0,0,0,NE,MST, ,1098748,C,123,CYS,0,0,EMERGENCY MANAGER, ,.1,30,3,E,3,E,REDINGTON,07/05/2000,1640,41.75,-103.21667,41.75,-103.21667,"Brief tornado reported over open country.","",267
5164069,BANNER CO.,HARRISBURG,07/05/2000,1645,Tornado, ,F0,0,0,0,0,NE,MST, ,1098756,C,7,CYS,0,0,TRAINED SPOTTER, ,.3,40,14,E,14,E,HARRISBURG,07/05/2000,1650,41.55,-103.48333,41.55,-103.48333,"Tornado reported over open country along the Banner-Morrill county line.","",268
5171399,GLENN CO.,ARTOIS,07/05/2000,1715,Tornado, ,F0,0,0,0,0,CA,PST, ,1101929,C,21,STO,0,0,GENERAL PUBLIC, ,.2,.1,7,NW,7,NW,ARTOIS,07/05/2000,1718,39.68333,-122.3,39.68333,-122.28333,"","A weak rope tornado was spotted by a construction worker approximately 7 miles northwest of Artois.  A tornado warning had been issued for the area at 4:57 pm based upon radar indications of a well-developed mesocyclonic structure.",269
5164186,POWDER RIVER CO.,BROADUS,07/05/2000,1804,Tornado, ,F0,0,0,0,0,MT,MST, ,1098268,C,75,BYZ,0,0,TRAINED SPOTTER, ,.5,50,15,NW,15,NW,BROADUS,07/05/2000,1804,45.6,-105.63333,45.6,-105.63333,"NWS post storm ground survey confirmed an F0 (winds 42-72 mph) tornado 5 miles north of Epsie, or about 10 miles northwest of Broadus. The tornado was on the ground for 1 minute. The path of the tornado was 1/2 mile long and 50 yards wide. The tornado remained over open range and caused no damage.","",270
5154802,LOGAN CO.,DAILEY,07/05/2000,2010,Tornado, ,F3,0,2,750000,0,CO,MST, ,1100522,C,75,BOU,0,0,LAW ENFORCEMENT, ,6,1320,2,NNE,2,NNE,DAILEY,07/05/2000,2010,40.68333,-102.7,40.6,-102.71667,"","A large and destructive tornado accompanied with hail, up to softball size, ripped through eastern Logan County.  An 88-year old farmer and his wife received minor injuries when the tornado flattened their home.  The elderly man spared from serious injury when the recliner he was sitting in flipped upside down; just before a wall caved in on top of him.  The farmer suffered a cracked vertebra and a lacerated hand.  In all, five farmsteads were either damaged or destroyed.  Several structures were destroyed, including three homes and numerous outbuildings.  One  modular home was lifted up and dropped 50 feet away from its foundation.  Numerous pieces of farm equipment including, machinery, stock trailers and vehicles were damaged or destroyed.   Three square miles of corn crops and several trees were destroyed.  Some livestock were also killed.  The tornado snapped power poles and downed electrical lines between Holyoke and Fleming.   Initial damage estimates to two properties alone were around $750,000.",271
5153597,CASCADE CO.,BELT,07/05/2000,2018,Tornado, ,F0,0,0,0,0,MT,MST, ,1098068,C,13,TFX,0,0,GENERAL PUBLIC, ,1,10,10,S,10,S,BELT,07/05/2000,2018,47.23333,-110.93333,47.23333,-110.93333,"Near Tiger Butte.","",272
5176320,HETTINGER CO.,NEW ENGLAND,07/06/2000,1831,Tornado, ,F0,0,0,0,0,ND,CST, ,1098829,C,41,BIS,0,0,LAW ENFORCEMENT, ,20,50,15,S,15,S,NEW ENGLAND,07/06/2000,1844,46.31667,-102.85,46.41667,-102.65,"Tornado remain in open country.","",273
5162509,WASHINGTON CO.,LAKE ELMO,07/07/2000,1020,Tornado, ,F1,0,0,0,0,MN,CST, ,1100099,C,163,MPX,0,0,EMERGENCY MANAGER, ,.1,30, , , , ,LAKE ELMO,07/07/2000,1020,45,-92.88333,45,-92.88333,"Tornado occurred near  County Rd. 17 and County Rd. 10.  Numerous trees down and a few mobile homes were damaged before tornado moved into an open field.  This tornado was produced by a mesocyclone that began producing downburst damage in Lino Lakes and continued moving southeast into Wisconsin (Pierce County).","",274
5162983,PIERCE CO.,BLACKSHEAR,07/07/2000,1625,Tornado, ,F0,0,0,5500,0,GA,EST, ,1100214,C,229,JAX,0,0,EMERGENCY MANAGER, ,.1,10,3,S,3,S,BLACKSHEAR,07/07/2000,1630,31.25,-82.25,31.25,-82.25,"Weak FO. Damages a shed and chicken-house.","",275
5163266,POPE CO.,LOWRY,07/07/2000,1858,Tornado, ,F0,0,0,0,0,MN,CST, ,1100099,C,121,MPX,0,0,LAW ENFORCEMENT, ,.3,20,0,NW,0,NW,LOWRY,07/07/2000,1910,45.7,-95.53333,45.7,-95.53333,"Touchdown occurred over open field.  A  few large trees reported down across area.","",276
5163267,POPE CO.,LONG BEACH,07/07/2000,1922,Tornado, ,F0,0,0,0,0,MN,CST, ,1100099,C,121,MPX,0,0,STORM CHASER, ,1,20,2,SW,2,SW,LONG BEACH,07/07/2000,1930,45.63333,-95.48333,45.61667,-95.45,"Touchdown occurred briefly on the northwest shore of Lake Minnewaska, then moved onto the lake and dissipated.  No damage reported.","",277
5163269,POPE CO.,TERRACE,07/07/2000,1955,Tornado, ,F0,0,0,0,0,MN,CST, ,1100099,C,121,MPX,0,0,LAW ENFORCEMENT, ,.1,20,8,ESE,8,ESE,TERRACE,07/07/2000,2000,45.46667,-95.16667,45.46667,-95.16667,"Touchdown developed over open field, no damage reported.","",278
5153608,FERGUS CO.,COFFEE CREEK,07/08/2000,1725,Tornado, ,F0,0,0,0,0,MT,MST, ,1098079,C,27,TFX,0,0,GENERAL PUBLIC, ,2,20,3,W,3,W,COFFEE CREEK,07/08/2000,1725,47.35,-110.15,47.35,-110.15,"This weak tornado was in a remote area and caused no damage.","",279
5175774,BURNETT CO.,SIREN,07/08/2000,1735,Tornado, ,F0,0,0,0,0,WI,CST, ,1099254,C,13,DLH,0,0,TRAINED SPOTTER, ,.5,25,6,SE,6,SE,SIREN,07/08/2000,1740,45.71667,-92.3,45.71667,-92.3,"A weak, short-lived tornado knocked down trees and tore the door and frame from a barn. This tornado continued into Polk County.","",280
5162781,POLK CO.,CLAM FALLS,07/08/2000,1740,Tornado, ,F0,0,0,0,0,WI,CST, ,1100102,C,95,MPX,0,0,LAW ENFORCEMENT, ,.1,20,3,N,3,N,CLAM FALLS,07/08/2000,1741,45.73333,-92.3,45.73333,-92.3,"Touched down in open field, no damage incurred. Tornado originally touched down in Burnett county, from 1735-1740.","",281
5165209,WADENA CO.,VERNDALE,07/08/2000,2020,Tornado, ,F2,0,3,500000,0,MN,CST, ,1098723,C,159,FGF,0,0,NWS STORM SURVEY, ,8,100, , , , ,VERNDALE,07/08/2000,2043,46.4,-95.01667,46.35,-94.86667,"A tornado that formed near Verndale intensified as it reached the Aldrich area.  A mobile home, garage, barn, and 3 vehicles were destroyed 3 miles east of Aldrich.  Two people, inside the mobile home when the tornado hit, suffered cuts, bruises, and a sprained ankle.  The couples' son, sitting inside a car parked outside the mobile home, also sustained cuts and bruises.  A horse trailer was pushed into his car and then into some nearby trees.  Quite a bit of tree damage occurred along the damage path.  The tornado then passed out of Wadena county and into Todd county.","",282
5162865,TODD CO.,STAPLES,07/08/2000,2043,Tornado, ,F2,0,1,0,0,MN,CST, ,1100103,C,153,MPX,0,0,LAW ENFORCEMENT, ,2,20,2,NW,2,NW,STAPLES,07/08/2000,2047,46.36667,-94.81667,46.35,-94.78333,"Roofs blown off homes and one business. At least one dozen homes damaged. Numerous large  trees down. One minor injury in Staples due to flying glass. Tornado crossed over from Wadena county.","",283
5175754,MONROE CO.,NORWALK,07/09/2000,300,Tornado, ,F1,0,0,50000,15000,WI,CST, ,1098876,C,81,ARX,0,0,NWS STORM SURVEY, ,.9,30,2,SE,2,SE,NORWALK,07/09/2000,303,43.81667,-90.58333,43.8,-90.56667,"","A tornado touched down at the intersection of County Road T and Levi Road about 2 miles southeast of Norwalk (Monroe County).
A large machine shed was demolished on the south side of Levi Road, while the house on the north side was untouched. Some lawn furniture was pulled into the tornado, but a nearby camper was left untouched.  At the next residence, a large barn and smaller shed were both demolished.  Several windows on the west and south side of the house were broken and an air conditioner was blown into the house. The roof of the house was lifted along the west side approximately 3 inches, which allowed wind to enter the house and blow insulation out of the ceiling. Two adults sleeping upstairs were blown against the east wall, but were not injured.  Elsewhere across west central Wisconsin, law enforcement officials reported dime to nickel hail as well as power lines and trees downed.",284
5151357,DE KALB CO.,CORUNNA,07/09/2000,1938,Tornado, ,F1,0,0,50000,0,IN,EST, ,1096980,C,33,IWX,0,0,LAW ENFORCEMENT, ,.1,30, , , , ,CORUNNA,07/09/2000,1938,41.43333,-85.15,41.43333,-85.15,"
This tornado was the first of two weak tornadoes that formed from the same storm.  The first touchdown occurred at SR327 and CR16 in the western part of the county.  A mobile home was blown off its foundation and completely destroyed.  A garage/shed to the northwest of this home sustained damaged to the roof and the garage door was ripped off and left inside the garage.","",285
5151358,DE KALB CO.,SEDAN,07/09/2000,1945,Tornado, ,F0,0,0,5000,0,IN,EST, ,1096980,C,33,IWX,0,0,LAW ENFORCEMENT, ,.1,50, , , , ,SEDAN,07/09/2000,1945,41.43333,-85.1,41.43333,-85.1,"
This second tornado touched down just west of Sedan on US HWY6.  Damage at this location consisted of large tree branches being torn off trees and a few small trees being blown over.  A garage made of concrete blocks was shifted off its foundation to the southwest a couple of inches.  The roof was also peeled off of a small house at CR19 and US6.","",286
5173874,LYON CO.,DOON,07/09/2000,2015,Tornado, ,F1,0,0,50000,0,IA,CST, ,1100352,C,119,FSD,0,0,NEWSPAPER, ,1,100,5,E,5,E,DOON,07/09/2000,2017,43.28333,-96.13333,43.28333,-96.13333,"A tornado destroyed a machine shed and a garage. The tornado also uprooted several trees and flattened part of a corn crop. The tornado formed 5 miles east of  Doon, then moved south, crossing the county line into Sioux County, where further damage occurred.","",287
5173875,SIOUX CO.,HULL,07/09/2000,2017,Tornado, ,F0,0,0,10000,0,IA,CST, ,1100352,C,167,FSD,0,0,LAW ENFORCEMENT, ,2,100,5,N,5,N,HULL,07/09/2000,2021,43.25,-96.16667,43.23333,-96.16667,"A tornado crossed into Sioux County from Lyon County to the north, where it had caused damage. In Sioux County, the tornado blew down power lines and caused tree damage.","",288
5173880,O'BRIEN CO.,SHELDON,07/09/2000,2130,Tornado, ,F1,0,0,100000,0,IA,CST, ,1100357,C,141,FSD,0,0,EMERGENCY MANAGER, ,.5,100, , , , ,SHELDON,07/09/2000,2130,43.18333,-95.86667,43.18333,-95.86667,"A tornado blew down trees, turned a trailer on its side, and damaged warehouses and a motorhome.","",289
5152711,PALM BEACH CO.,BELLE GLADE,07/10/2000,1430,Tornado, ,F0,0,0,0,0,FL,EST, ,1097972,C,99,MFL,0,0,LAW ENFORCEMENT, ,.1,10, , , , ,BELLE GLADE,07/10/2000,1430,26.68333,-80.66667,26.68333,-80.66667,"A Sheriff's Deputy reported a brief tornado touchdown three miles south of SR 80 just southwest of Hatter Highway.  No damage was sustained.","",290
5152712,MIAMI-DADE CO.,SWEET WATER,07/10/2000,1548,Tornado, ,F0,0,0,0,0,FL,EST, ,1097973,C,86,MFL,0,0,AIRPLANE PILOT, ,.1,10,20,W,20,W,SWEET WATER,07/10/2000,1548,25.76667,-80.68333,25.76667,-80.68333,"A pilot reported a tornado on the ground near U.S. 41 at the 20-mile bend.","",291
5165078,HOWARD CO.,SAVAGE,07/10/2000,1630,Tornado, ,F1,0,0,50000,0,MD,EST, ,1099059,C,27,LWX,0,0,NWS STORM SURVEY, ,.6,100,3,SE,3,SE,SAVAGE,07/10/2000,1632,39.1,-76.8,39.1,-76.78333,"The tornado downed several trees and power lines and blew over two trailers and 3 semi-tractor trailers before it moved into Anne Arundel County.","Thunderstorms that produced winds in excess of 55 MPH, large hail, heavy downpours, and frequent lightning moved across central Maryland during the evening of the 10th.  The strongest storm produced a tornado that touched down extreme southern Howard County then moved east into Anne Arundel County.  The F1 tornado was 100 yards wide and stayed on the ground for 2 miles.  It formed just southeast of High Ridge then moved east and dissipated near Maryland City.  It crossed Route 1 and passed through a populated area where it caused considerable damage.  Near High Ridge, several trees and power lines were downed.  The tornado blew out a plate glass window and damaged a revolving door.  It also blew over a line of 6 power poles, two trailers, three 8000 lb. containers, and three semi-tractor trailers.  Near Maryland City, several trees were downed onto roads and buildings and a trailer was damaged.  Straight line winds in excess of 55 MPH caused damage south of the tornado's path.  A wind gust of 43 MPH was recorded at Laurel in Howard County.  In and around Anne Arundel County, trees were downed in Severna Park, Crofton, Crownsville, Hillsmere, Odenton, Edgewater, Savage, and Laurel.  In Calvert County, a tree was downed onto a power line in Lusby.  In St. Mary's County, trees were downed countywide.  In Charles County, trees were downed in Bryan's Road, Waldorf, and La Plata.  Lightning also started a fire at a home in Bryan's  Road that extensively damaged the structure.  A tree was felled onto a home in Waldorf.  In Prince George's County, pea sized hail was reported in Greenbelt.",292
5165079,ANNE ARUNDEL CO.,MARYLAND CITY,07/10/2000,1632,Tornado, ,F1,0,0,5000,0,MD,EST, ,1099059,C,3,LWX,0,0,NWS STORM SURVEY, ,.7,100,1,NE,1,NE,MARYLAND CITY,07/10/2000,1635,39.11667,-76.8,39.1,-76.81667,"The tornado which came from Howard County downed several trees onto roads and buildings and onto commuter railroad tracks before it dissipated near Maryland City.","Thunderstorms that produced winds in excess of 55 MPH, large hail, heavy downpours, and frequent lightning moved across central Maryland during the evening of the 10th.  The strongest storm produced a tornado that touched down extreme southern Howard County then moved east into Anne Arundel County.  The F1 tornado was 100 yards wide and stayed on the ground for 2 miles.  It formed just southeast of High Ridge then moved east and dissipated near Maryland City.  It crossed Route 1 and passed through a populated area where it caused considerable damage.  Near High Ridge, several trees and power lines were downed.  The tornado blew out a plate glass window and damaged a revolving door.  It also blew over a line of 6 power poles, two trailers, three 8000 lb. containers, and three semi-tractor trailers.  Near Maryland City, several trees were downed onto roads and buildings and a trailer was damaged.  Straight line winds in excess of 55 MPH caused damage south of the tornado's path.  A wind gust of 43 MPH was recorded at Laurel in Howard County.  In and around Anne Arundel County, trees were downed in Severna Park, Crofton, Crownsville, Hillsmere, Odenton, Edgewater, Savage, and Laurel.  In Calvert County, a tree was downed onto a power line in Lusby.  In St. Mary's County, trees were downed countywide.  In Charles County, trees were downed in Bryan's Road, Waldorf, and La Plata.  Lightning also started a fire at a home in Bryan's  Road that extensively damaged the structure.  A tree was felled onto a home in Waldorf.  In Prince George's County, pea sized hail was reported in Greenbelt.",293
5151428,VALLEY CO.,GLASGOW,07/10/2000,1715,Tornado, ,F0,0,0,0,0,MT,MST, ,1097006,C,105,GGW,0,0,NWS EMPLOYEE(OFF DUTY), ,.5,50,20,NW,20,NW,GLASGOW,07/10/2000,1715,48.4,-106.93333,48.4,-106.93333,"An NWS employee reported a tornado near the Vandalia Dam.","",294
5154815,ADAMS CO.,BRIGHTON,07/10/2000,1938,Tornado, ,F0,0,0,0,0,CO,MST, ,1100526,C,1,BOU,0,0,STORM CHASER, ,.1,25,3,ENE,3,ENE,BRIGHTON,07/10/2000,1938,40,-104.76667,40,-104.76667,"A small tornado touched down briefly but did no damage.","",295
5155101,WELD CO.,PROSPECT,07/10/2000,2030,Tornado, ,F0,0,0,0,0,CO,MST, ,1100526,C,123,BOU,0,0,STORM CHASER, ,.1,25,2,SW,2,SW,PROSPECT,07/10/2000,2030,40.03333,-104.36667,40.03333,-104.36667,"A small tornado touched down briefly but did no damage.","",296
5162688,BROWN CO.,ABERDEEN,07/11/2000,1245,Tornado, ,F0,0,0,0,0,SD,CST, ,1099792,C,13,ABR,0,0,NWS STORM SURVEY, ,.1,10,5,S,5,S,ABERDEEN,07/11/2000,1248,45.4,-98.48333,45.4,-98.48333,"A small tornado touched downed briefly south of Aberdeen.  No damage occurred.","",297
5152974,BROWARD CO.,SUNRISE GOLF VLG,07/11/2000,1549,Tornado, ,F0,0,0,0,0,FL,EST, ,1097974,C,11,MFL,0,0,GENERAL PUBLIC, ,.1,10,2,W,2,W,SUNRISE GOLF VLG,07/11/2000,1549,26.07,-80.25,26.07,-80.25,"The public reported a brief touchdown in Markham Park which did minor damage to foliage.","",298
5173883,KINGSBURY CO.,ARLINGTON,07/11/2000,1616,Tornado, ,F0,0,0,0,0,SD,CST, ,1100358,C,77,FSD,0,0,TRAINED SPOTTER, ,.1,50,3,W,3,W,ARLINGTON,07/11/2000,1616,44.36667,-97.2,44.36667,-97.2,"A brief tornado caused no reported damage.","",299
5173884,KINGSBURY CO.,ARLINGTON,07/11/2000,1636,Tornado, ,F0,0,0,0,0,SD,CST, ,1100358,C,77,FSD,0,0,TRAINED SPOTTER, ,.1,50,3,W,3,W,ARLINGTON,07/11/2000,1636,44.36667,-97.2,44.36667,-97.2,"A brief tornado caused no reported damage.","",300
5172828,LAKE CO.,MADISON,07/11/2000,1655,Tornado, ,F2,0,0,50000,0,SD,CST, ,1100366,C,79,FSD,0,0,NWS EMPLOYEE(OFF DUTY), ,2,100,4,SW,4,SW,MADISON,07/11/2000,1700,43.96667,-97.16667,43.95,-97.11667,"A tornado destroyed storage sheds, lighting, fencing, and caused other damage at Lake County Speedway. The tornado also damaged crops over a small area.","",301
5172899,MCCOOK CO.,SALEM,07/11/2000,1755,Tornado, ,F0,0,0,0,0,SD,CST, ,1100373,C,87,FSD,0,0,LAW ENFORCEMENT, ,.1,50,5,E,5,E,SALEM,07/11/2000,1755,43.73333,-97.28333,43.73333,-97.28333,"A brief tornado caused no reported damage.","",302
5172902,MINNEHAHA CO.,BALTIC,07/11/2000,1756,Tornado, ,F0,0,0,0,0,SD,CST, ,1100376,C,99,FSD,0,0,GENERAL PUBLIC, ,.1,50,5,N,5,N,BALTIC,07/11/2000,1756,43.83333,-96.75,43.83333,-96.75,"A brief tornado caused no reported damage.","",303
5172903,MCCOOK CO.,CANISTOTA,07/11/2000,1759,Tornado, ,F0,0,0,0,0,SD,CST, ,1100377,C,87,FSD,0,0,GENERAL PUBLIC, ,.1,50, , , , ,CANISTOTA,07/11/2000,1759,43.6,-97.3,43.6,-97.3,"A brief tornado caused no reported damage.","",304
5173199,OSCEOLA CO.,SIBLEY,07/11/2000,1936,Tornado, ,F0,0,0,0,0,IA,CST, ,1100388,C,143,FSD,0,0,LAW ENFORCEMENT, ,.1,50,5,N,5,N,SIBLEY,07/11/2000,1936,43.46667,-95.76667,43.46667,-95.76667,"A brief tornado caused no reported damage.","",305
5155160,MORGAN CO.,BRUSH,07/12/2000,1527,Tornado, ,F0,0,0,0,0,CO,MST, ,1100527,C,87,BOU,0,0,STORM CHASER, ,.1,25,6,S,6,S,BRUSH,07/12/2000,1527,40.16667,-103.61667,40.33333,-103.61667,"A small tornado touched down briefly but did no damage.","",306
5165095,CLAY CO.,HENRIETTA,07/12/2000,1620,Tornado, ,F0,0,0,0,0,TX,CST, ,1098641,C,77,OUN,0,0,BROADCAST MEDIA, ,.3,35,7,N,7,N,HENRIETTA,07/12/2000,1621,33.91667,-98.2,33.91667,-98.2,"This tornado developed north of Highway 82 in Clay County, or about 7 miles north of Henrietta, and was captured on video. The tornado lasted about 40 seconds, produced no damage, and was rated F0.","Widely scattered and very slow moving thunderstorms developed across western portions of north Texas during the late afternoon of the 12th resulting in one tornado and isolated straight-line wind damage.",307
5152846,FRANKLIN CO.,WINNSBORO,07/13/2000,1200,Tornado, ,F1,0,0,0,0,TX,CST, ,1098036,C,159,SHV,0,0,NEWSPAPER, ,.7,50,4,NNE,4,NNE,WINNSBORO,07/13/2000,1203,33,-95.25,33.01667,-95.21667,"Numerous large tree limbs and a few pine tree tops broken.  This tornado was confined to this county over farmland and forest with no structures in its path.  This tornado was also photographed by Tiffany Tillema who lived in the area.","",308
5176192,DOOR CO.,FORESTVILLE,07/13/2000,1455,Tornado, ,F0,0,0,0,0,WI,CST, ,1099680,C,29,GRB,0,0,TRAINED SPOTTER, ,.1,50,2,NE,2,NE,FORESTVILLE,07/13/2000,1455,44.7,-87.48333,44.7,-87.48333,"Brief touchdown","Sunny skies and lingering low level moisture allowed the atmosphere to destabilize.  Weak surface troughs combined with upper support to initiate storms.  The storms downed trees and power lines and dropped large hail as they moved through northeast Wisconsin.  Two people were injured by quarter size hail at a golf course in Alaska (Kewaunee co.).  A tornado briefly touched down northeast of Forestville (Door co.) with one of the storms.",309
5155806,HILLSBOROUGH CO.,BRANDON,07/14/2000,1515,Tornado, ,F0,0,0,0,0,FL,EST, ,1100001,C,57,TBW,0,0,NWS EMPLOYEE(OFF DUTY), ,.1,5, , , , ,BRANDON,07/14/2000,1515,27.93333,-82.28333,27.93333,-82.28333,"An off-duty National Weather Service meteorologist observed a tornado briefly touch down over a wooded area near the intersection of Lumsden and Lithia-Pinecrest roads in Brandon.","",310
5154860,MIDDLESEX CO.,DELTAVILLE,07/14/2000,1808,Tornado, ,F0,0,0,0,0,VA,EST, ,1100567,C,119,AKQ,0,0,LAW ENFORCEMENT, ,.5,25, , , , ,DELTAVILLE,07/14/2000,1815,37.55,-76.33333,37.55,-76.33333,"A waterspout moved onshore at the NorView Marina then dissipated. No damage was reported.","",311
5155793,JACKSON CO.,ANNVILLE,07/14/2000,1900,Tornado, ,F1,0,1,500000,0,KY,EST, ,1099981,C,109,JKL,0,0,NWS STORM SURVEY, ,1,300, , , , ,ANNVILLE,07/14/2000,1920,37.31667,-83.96667,37.31667,-83.96667,"Many structures received damage in the town of Annville.  Four homes were destroyed and termed totaled.  The tornado blew a tied down mobile home off its foundation then down a hill.  A 38 year old female that was inside received serious injuries, the family pet was killed.  Several other mobile homes were moved off their foundations 2 to 3 feet and one lost the roof.  Several bricked and framed homes received moderate roof damage and two homes had their garages blown away.  The green roof cafe received serious damage as 13 customers and employees took refuge in the bathrooms.  Numerous trees were also uprooted in the path.  Approximately 85 percent of all occupants impacted by the storm were insured.","",312
5154861,MATHEWS CO.,GWYNN,07/14/2000,1909,Tornado, ,F0,0,0,2000,0,VA,EST, ,1100567,C,115,AKQ,0,0,LAW ENFORCEMENT, ,.5,25, , , , ,GWYNN,07/14/2000,1915,37.5,-76.3,37.5,-76.3,"A waterspout moved onshore on Gwynns Island. Several trees were knocked down before it dissipated.","",313
5155808,PASCO CO.,JASMINE ESTATES,07/15/2000,1026,Tornado, ,F0,0,0,2000,0,FL,EST, ,1100003,C,101,TBW,0,0,FIRE DEPT/RESCUE SQUAD, ,1,5,4,E,4,E,JASMINE ESTATES,07/15/2000,1030,26.98333,-82.21667,26.98333,-82.2,"A weak tornado sporadically touched down over a heavily wooded area of rural western Pasco county near Moon Lake Road (C.R. 587) and State Road 52.","",314
5162485,PASCO CO.,HUDSON,07/15/2000,1033,Tornado, ,F0,0,0,0,0,FL,EST, ,1100044,C,101,TBW,0,0,AMATEUR RADIO, ,.1,5,8,ESE,8,ESE,HUDSON,07/15/2000,1033,28.31667,-82.58333,28.31667,-82.58333,"An amateur radio operator reported that a tornado briefly touched down without damage near the intersection of State Road 52 and Hayes Road.","",315
5176555,MELLETTE CO.,NORRIS,07/15/2000,1430,Tornado, ,F0,0,0,0,0,SD,MST, ,1099234,C,95,UNR,0,0,FIRE DEPT/RESCUE SQUAD, ,.5,10,3,S,3,S,NORRIS,07/15/2000,1440,43.41667,-101.2,43.41667,-101.2,"Mission Fire Dept. reported a tornado on the ground for approximately  ten minutes. The tornado touched down in open pasture and did not cause any damage.","",316
5163225,TALBOT CO.,NEWCOMB,07/15/2000,1630,Tornado, ,F0,0,0,1000,0,MD,EST, ,1100075,C,41,PHI,0,0,GENERAL PUBLIC, ,.3,25, , , , ,NEWCOMB,07/15/2000,1630,38.75,-76.18333,38.75,-76.18333,"","A thunderstorm produced several funnel clouds over Chesapeake Bay and its tributaries around Talbot County. Two of the funnels became waterspouts on the Miles River near Newcomb and Oak Creek. The waterspouts were captured on video. One briefly came inland as a weak (F0) tornado. The tornado carried a swing chair and wrapped it around one tree, tossed a rowboat, knocked down an outhouse and knocked down a couple of trees. No serious injuries were reported. The same parent thunderstorm dropped hail as large as quarters from Royal Oak to Easton and caused wind damage to one store in the Easton Plaza. Heavy rain fell again on Saint Michaels and caused roadway flooding and flooded one basement.",317
5176734,BOTTINEAU CO.,BOTTINEAU,07/15/2000,1653,Tornado, ,F0,0,0,0,0,ND,CST, ,1098852,C,9,BIS,0,0,LAW ENFORCEMENT, ,3,40,10,ENE,10,ENE,BOTTINEAU,07/15/2000,1700,48.88333,-100.23333,48.83333,-100.15,"Tornado touched down in open country and moved into Rolette county before lifting back into the clouds.","",318
5176735,ROLETTE CO.,DUNSEITH,07/15/2000,1700,Tornado, ,F0,0,0,0,0,ND,CST, ,1098853,C,79,BIS,0,0,LAW ENFORCEMENT, ,5,40,5,W,5,W,DUNSEITH,07/15/2000,1708,48.81667,-100.16667,48.75,-100.1,"Tornado began in Bottineau county. No damage reported as tornado remained in open field.","",319
5176737,BOTTINEAU CO.,GARDENA,07/15/2000,1710,Tornado, ,F0,0,0,0,0,ND,CST, ,1098855,C,9,BIS,0,0,LAW ENFORCEMENT, ,3,30,2,E,2,E,GARDENA,07/15/2000,1717,48.7,-100.43333,48.65,-100.4,"Tornado touched down in open country.","",320
5164142,RAMSEY CO.,PENN,07/15/2000,1905,Tornado, ,F0,0,0,50000,0,ND,CST, ,1098727,C,71,FGF,0,0,GENERAL PUBLIC, ,1,50,1,SW,1,SW,PENN,07/15/2000,1905,48.2,-99.1,48.2,-99.1,"A tornado destroyed the attached garage of a house, damaged a semi truck, and destroyed a grain dryer.","",321
5164139,RAMSEY CO.,DEVILS LAKE,07/15/2000,1925,Tornado, ,F0,0,0,0,0,ND,CST, ,1098727,C,71,FGF,0,0,LAW ENFORCEMENT, ,.5,50,4,NW,4,NW,DEVILS LAKE,07/15/2000,1925,48.13333,-98.91667,48.13333,-98.91667,"A brief touchdown was reported by a state patrol officer.","",322
5162609,BACA CO.,WALSH,07/16/2000,1728,Tornado, ,F0,0,0,0,0,CO,MST, ,1099208,C,9,PUB,0,0,TRAINED SPOTTER, ,15,50,20,SSE,20,SSE,WALSH,07/16/2000,1828,37.11667,-102.15,37.31667,-102.06667,"A small tornado may have had a nearly continuous track north-northeastward over open country of eastern Baca county.  There was no known damage.","",323
5173362,JACKSON CO.,PASCAGOULA JCKSN ARP,07/16/2000,1820,Tornado, ,F0,0,0,0,0,MS,CST, ,1100672,C,59,LIX,0,0,LAW ENFORCEMENT, ,.1,20, , , , ,PASCAGOULA JCKSN ARP,07/16/2000,1820,30.38333,-88.5,30.38333,-88.5,"A small tornado briefly touched down near the Pacagoula Jackson Airport resulting in no damage.","",324
5173363,HANCOCK CO.,KILN,07/16/2000,1832,Tornado, ,F0,0,0,0,0,MS,CST, ,1100673,C,45,LIX,0,0,LAW ENFORCEMENT, ,.1,20,5,ENE,5,ENE,KILN,07/16/2000,1832,30.45,-89.35,30.45,-89.35,"A small tornado briefly touched down near Kiln-Delisle Road causing no damage.","",325
5165142,JEFFERSON CO.,WINCHESTER,07/17/2000,1547,Tornado, ,F0,0,0,0,0,KS,CST, ,1098672,C,87,TOP,0,0,LAW ENFORCEMENT, ,.1,50,5,SSE,5,SSE,WINCHESTER,07/17/2000,1547,39.25,-95.23333,39.25,-95.23333,"A tornado touched down briefly over open country.","",326
5163659,JEFFERSON CO.,ROBERTS,07/17/2000,1640,Tornado, ,F0,0,0,0,0,ID,MST, ,1099191,C,51,PIH,0,0,TRAINED SPOTTER, ,2,10,3,W,3,W,ROBERTS,07/17/2000,1643,43.71667,-112.2,43.71667,-112.2,"A brief touchdown from a weak tornado that caused no damage.","",327
5162771,LEVY CO.,GULF HAMMOCK,07/18/2000,1230,Tornado, ,F0,0,0,0,0,FL,EST, ,1100010,C,75,TBW,0,0,EMERGENCY MANAGER, ,.1,5, , , , ,GULF HAMMOCK,07/18/2000,1230,29.25,-82.73333,29.25,-82.73333,"The Levy County Emergency Management reported that a tornado briefly touched down along U.S. Highway 19 near Gulf Hammock.","",328
5173092,OXFORD CO.,HANOVER,07/18/2000,1300,Tornado, ,F1,0,0,0,0,ME,EST, ,1100546,C,17,GYX,0,0,NWS STORM SURVEY, ,.5,150,1,N,1,N,HANOVER,07/18/2000,1300,44.51667,-70.68333,44.51667,-70.68333,"","A small tornado touched down briefly in a wooded area in the towns of Newry and Hanover, in Oxford County.  The tornado touched down around 2 pm about 1/4 mile north of Howard Pond, then moved eastward.  The tornado was on the ground for about a minute and had a path about 1/2 mile long and up to 150 yards wide.  Several hundred trees were snapped or uprooted by the tornado.  Winds were estimated to have gusted to near 100 mph.",329
5173356,PLAQUEMINES PAR.,EMPIRE,07/18/2000,1415,Tornado, ,F0,0,0,1000,0,LA,CST, ,1100666,C,75,LIX,0,0,GENERAL PUBLIC, ,.1,20, , , , ,EMPIRE,07/18/2000,1415,29.38333,-89.6,29.38333,-89.6,"A small tornado blew down trees and power lines along Highway 23.","",330
5163955,MONTGOMERY CO.,BELLFLOWER,07/18/2000,1655,Tornado, ,F1,0,0,75000,0,MO,CST, ,1099037,C,139,LSX,0,0,NWS STORM SURVEY, ,4,50,2,W,2,W,BELLFLOWER,07/18/2000,1703,39,-91.4,38.98333,-91.4,"A tornado struck eastern Montgomery County causing damage at a farm and downing trees and power lines. The tornado first caused damage at a farm on Leonard Road which was also where the most extensive damage occurred.  A large garage lost both doors and half of its roof. A grain trailer was overturned and 2 grain bins blown away, one to the northwest and the other about 1/2 mile  to the east.  The remainder of the damage path consisted of downed trees and crop damage.","",331
5163961,MACOUPIN CO.,MEDORA,07/18/2000,1750,Tornado, ,F0,0,0,0,0,IL,CST, ,1099043,C,117,LSX,0,0,TRAINED SPOTTER, ,.1,40, , , , ,MEDORA,07/18/2000,1751,39.16667,-90.13333,39.16667,-90.13333,"Storm spotters reported a brief tornado in a farm field.","",332
5155517,ADA CO.,KUNA,07/18/2000,1757,Tornado, ,F0,0,0,0,0,ID,MST, ,1100453,C,1,BOI,0,0,TRAINED SPOTTER, ,.1,15,3,SW,3,SW,KUNA,07/18/2000,1800,43.45,-116.45,43.45,-116.45,"","Monsoonal moisture moving into Southeast Oregon and Southwest Idaho, coupled with a weak area of low pressure, initiated afternoon covection in Southeast Oregon.  As the line of thunderstorms moved into Southwest Idaho, a thunderstorm outflow boundary collided with another strong cell in southern Ada county, generating a short-lived tornado.  Three storm spotters independently witnessed the evolution and touchdown of the tornado, which was also confirmed by a follow-up storm survey.  The tornado touched down on an unpopulated, barren butte and no injuries or damages were sustained.  Prior to the tornado, high winds ripped through Canyon county with gusts to 60 mph.  An old growth tree was snapped and several power lines were felled.",333
5163962,LINCOLN CO.,TROY,07/18/2000,1758,Tornado, ,F0,0,0,0,0,MO,CST, ,1099044,C,113,LSX,0,0,LAW ENFORCEMENT, ,.1,40, , , , ,TROY,07/18/2000,1759,38.98333,-90.98333,38.98333,-90.98333,"Law enforcement reported a brief tornado near the intersection of Highways 61 and 47.","",334
5163958,JERSEY CO.,ELSAH,07/18/2000,1830,Tornado, ,F0,0,0,0,0,IL,CST, ,1099040,C,83,LSX,0,0,EMERGENCY MANAGER, ,.1,40, , , , ,ELSAH,07/18/2000,1831,38.95,-90.35,38.95,-90.35,"Storm spotters reported a brief  tornado which only damaged a few trees.","",335
5163963,LINCOLN CO.,MOSCOW MILLS,07/18/2000,1835,Tornado, ,F0,0,0,0,0,MO,CST, ,1099045,C,113,LSX,0,0,LAW ENFORCEMENT, ,.1,40, , , , ,MOSCOW MILLS,07/18/2000,1836,38.95,-90.91667,38.95,-90.91667,"Law enforcement reported a brief tornado. There was no damage.","",336
5163959,MACOUPIN CO.,PIASA,07/18/2000,1910,Tornado, ,F0,0,0,0,0,IL,CST, ,1099041,C,117,LSX,0,0,TRAINED SPOTTER, ,.1,40,2,SW,2,SW,PIASA,07/18/2000,1911,39.1,-90.15,39.1,-90.15,"Storm spotters reported a brief tornado in an open field.","",337
5176011,YUMA CO.,IDALIA,07/19/2000,2105,Tornado, ,F0,0,0,0,0,CO,MST, ,1099532,C,125,GLD,0,0,TRAINED SPOTTER, ,.2,10,2,S,2,S,IDALIA,07/19/2000,2105,39.66667,-102.3,39.66667,-102.3,"Brief touchdown of weak Tornado.","",338
5163026,EL PASO CO.,COLORADO SPGS,07/20/2000,1258,Tornado, ,F0,0,0,0,0,CO,MST, ,1099211,C,41,PUB,0,0,LAW ENFORCEMENT, ,.1,25,6,ENE,6,ENE,COLORADO SPGS,07/20/2000,1300,38.86667,-104.71667,38.86667,-104.71667,"A brief, small tornado hit the yard of a residence, pushing down part of a wooden fence and taking a few limbs off a tree.  It then moved into a field and lifted.","",339
5162948,SUWANNEE CO.,FALMOUTH,07/20/2000,1435,Tornado, ,F0,0,0,1000,0,FL,EST, ,1100224,C,121,JAX,0,0,EMERGENCY MANAGER, ,.1,10,3,SW,3,SW,FALMOUTH,07/20/2000,1435,30.31667,-83.16667,30.31667,-83.1,"Weak FO. Large trees were damaged.","",340
5163291,LAWRENCE CO.,LAWRENCEBURG,07/20/2000,1510,Tornado, ,F0,0,0,2000,0,TN,CST, ,1099178,C,99,OHX,0,0,EMERGENCY MANAGER, ,.1,25,3,NNE,3,NNE,LAWRENCEBURG,07/20/2000,1510,35.28333,-87.31667,35.28333,-87.31667,"F0 tornado touched down near David Crockett State Park at a golf course. Trees were down on fairways number 1,7,8,9 and 18.  A 100 foot command tower was damaged.","",341
5173274,WASHINGTON CO.,AKRON,07/20/2000,1605,Tornado, ,F0,0,0,0,0,CO,MST, ,1100531,C,121,BOU,0,0,TRAINED SPOTTER, ,.1,25,13,SE,13,SE,AKRON,07/20/2000,1605,40.03333,-103.03333,40.03333,-103.03333,"A small tornado touched down briefly but did no damage.","",342
5173654,WASHINGTON CO.,LAST CHANCE,07/20/2000,1621,Tornado, ,F0,0,0,0,0,CO,MST, ,1100531,C,121,BOU,0,0,TRAINED SPOTTER, ,.1,25,4,N,4,N,LAST CHANCE,07/20/2000,1621,39.78333,-103.58333,39.78333,-103.58333,"A small tornado touched down briefly but did no damage.","",343
5175571,GOSPER CO.,ELWOOD,07/20/2000,1655,Tornado, ,F0,0,0,0,0,NE,CST, ,1099511,C,73,GID,0,0,LAW ENFORCEMENT, ,.1,10,12,SE,12,SE,ELWOOD,07/20/2000,1656,40.48333,-99.68333,40.48333,-99.68333,"Brief touchdown reported by sheriff","A cluster of severe thunderstorms rumbled southeast across a portion of south-central Nebraska producing large hail and a brief tornado.  The tornado was spotted by a deputy sheriff in southeast Gosper county.  Large hail across the area did cause considerable property and crop damage from south of Bertrand to the Kansas state line south of Orleans.  Reports of softball size hail were recorded south of Loomis with hail nearly as large in Holdrege.  Automobiles, houses, and agricultural buildings all sustained damage in southwest Phelps county.

As the storm moved southeast, it severely damaged about 33,000 acres of crop and pasture land in western Harlan county.  The sheriff reported drifts along Highway 89 south of Orleans stretched for 8 miles, or to about the Kansas state line.  The nearly 4 inch rain which followed the hail fell on top of 5 inches of rain just a few days earlier.  Losses due to land erosion were estimated at $70,000.  Ironically, this storm passed through just 3 weeks after another vicious hailstorm pummeled crops in western Harlan county.  Both storms effectively wiped out any prospect of producing any significant corn or soybean crop in the western half of the county.",344
5163024,BACA CO.,SPRINGFIELD,07/20/2000,1720,Tornado, ,F0,0,0,0,0,CO,MST, ,1099211,C,9,PUB,0,0,NEWSPAPER, ,.5,50,20,NW,20,NW,SPRINGFIELD,07/20/2000,1725,37.6,-102.86667,37.6,-102.86667,"A small, shortlived landspout tornado caused no known damage over open country of northwest Baca county.","",345
5176709,PRATT CO.,PRATT,07/20/2000,2221,Tornado, ,F0,0,0,0,0,KS,CST, ,1099442,C,151,DDC,0,0,EMERGENCY MANAGER, ,1.6,75,2,NW,2,NW,PRATT,07/20/2000,2225,37.66667,-98.76667,37.68333,-98.73333,"Small tornado took a few trees down.","",346
5163027,LAS ANIMAS CO.,TYRONE,07/21/2000,1611,Tornado, ,F0,0,0,0,0,CO,MST, ,1099212,C,71,PUB,0,0,OFFICIAL NWS OBS., ,.5,50,5,NE,5,NE,TYRONE,07/21/2000,1613,37.5,-104.13333,37.5,-104.13333,"A small, short-lived tornado caused no known damage over open country of north-central Las Animas county.","",347
5173663,WELD CO.,MASTERS,07/21/2000,1650,Tornado, ,F1,0,0,0,0,CO,MST, ,1100533,C,123,BOU,0,0,STORM CHASER, ,8,440,6,N,6,N,MASTERS,07/21/2000,1715,40.38333,-104.25,40.26667,-104.2,"The tornado touched down 6 miles north of Masters, crossed Riverside Reservoir in the form of a waterspout, then travelled south-southeast towards Empire Reservoir, about 4 miles southeast of Masters where it dissipated.  Since the tornado touched down in open country, damage was minimal.   The twister tore up fences and a sprinkler irrigation system.  In addition, four ditch riders, one on a three wheel all-terrain vehicle,  did find themselves in the path of the storm and had to take cover in a ditch.  The twister picked up the ATV and smashed it into some nearby trees.  None of the men were injured.","",348
5173664,WASHINGTON CO.,ANTON,07/21/2000,1722,Tornado, ,F0,0,0,0,0,CO,MST, ,1100534,C,121,BOU,0,0,TRAINED SPOTTER, ,.1,25,5,N,5,N,ANTON,07/21/2000,1722,39.81667,-103.21667,39.81667,-103.21667,"A small tornado touched down briefly but did no damage.","",349
5175676,VALLEY CO.,ARCADIA,07/21/2000,1850,Tornado, ,F0,0,0,40000,200000,NE,CST, ,1099513,C,175,GID,0,0,LAW ENFORCEMENT, ,2,30,10,NE,10,NE,ARCADIA,07/21/2000,1853,41.53333,-99,41.51667,-99.01667,"","Another in a series of hail storms pummeled parts of south-central Nebraska.  This time the area hit was mainly northwest of Grand Island.  Golf ball size hail was driven by 65 mph winds in an area from west of Ord to south of Loup City.  As with other storms this season, crops in the path sustained considerable or complete devastation.  In Loup City, the wind driven hail broke many north facing windows of homes and businesses.  Several hundred thousand dollars in damage was reported.

Before the storm reached Sherman county, a brief tornado was reported northeast of Arcadia in southwest Valley county.  The tornado was on the ground for about 2 miles and clipped a farmstead 9  miles northeast of Arcadia just before 8 pm.  One grain bin was destroyed and another moved from its foundation.  The crops at this particular farm were lost as well.",350
5152696,FAIRFIELD CO.,JENKINSVILLE,07/22/2000,1315,Tornado, ,F0,0,0,0,0,SC,EST, ,1097964,C,39,CAE,0,0,NWS STORM SURVEY, ,.2,25,7,NW,7,NW,JENKINSVILLE,07/22/2000,1316,34.33333,-81.36667,34.35,-81.33333,"Damage survey confirmed an F0 touched down on hwy 383 and took down trees and did minor damage to a roof on a home.","",351
5173865,HANCOCK CO.,DIAMONDHEAD ARPT,07/22/2000,1533,Tornado, ,F0,0,0,750,0,MS,CST, ,1100695,C,45,LIX,0,0,LAW ENFORCEMENT, ,.1,20, , , , ,DIAMONDHEAD ARPT,07/22/2000,1533,30.36667,-89.36667,30.36667,-89.36667,"A small tornado briefly touched down near Diamondhead knocking down trees and power lines.","",352
5173867,HANCOCK CO.,KILN,07/22/2000,1541,Tornado, ,F0,0,0,0,0,MS,CST, ,1100697,C,45,LIX,0,0,GENERAL PUBLIC, ,.1,20,5,N,5,N,KILN,07/22/2000,1541,30.48333,-89.43333,30.48333,-89.43333,"A weak tornado briefly touched down resulting in no damage.","",353
5173868,PEARL RIVER CO.,NICHOLSON,07/22/2000,1622,Tornado, ,F0,0,0,3000,0,MS,CST, ,1100698,C,109,LIX,0,0,GENERAL PUBLIC, ,.1,20, , , , ,NICHOLSON,07/22/2000,1622,30.48333,-89.7,30.48333,-89.7,"A small tornado touched down briefly near Nicholson causing a trailer to lose its roof and tree damage.","",354
5172729,PEARL RIVER CO.,POPLARVILLE,07/22/2000,1659,Tornado, ,F0,0,0,0,0,MS,CST, ,1100701,C,109,LIX,0,0,LAW ENFORCEMENT, ,.1,20, , , , ,POPLARVILLE,07/22/2000,1659,30.83333,-89.53333,30.83333,-89.53333,"A weak tornado briefly touched down resulting in no damage.","",355
5173765,HARRISON CO.,BILOXI,07/22/2000,1700,Tornado, ,F0,0,0,0,0,MS,CST, ,1100694,C,47,LIX,0,0,STORM CHASER, ,.1,20, , , , ,BILOXI,07/22/2000,1703,30.4,-88.9,30.4,-88.9,"A small tornado briefly touched down just north of Interstate 10 causing no damage.","",356
5172727,TANGIPAHOA PAR.,PONCHATOULA,07/22/2000,1741,Tornado, ,F0,0,0,0,0,LA,CST, ,1100699,C,105,LIX,0,0,GENERAL PUBLIC, ,.1,20, , , , ,PONCHATOULA,07/22/2000,1741,30.43333,-90.43333,30.43333,-90.43333,"A weak tornado briefly touched down causing no damage.","",357
5172730,ST. TAMMANY PAR.,SLIDELL,07/22/2000,1755,Tornado, ,F0,0,0,0,0,LA,CST, ,1100702,C,103,LIX,0,0,LAW ENFORCEMENT, ,.1,20,3,ESE,3,ESE,SLIDELL,07/22/2000,1755,30.25,-89.73333,30.25,-89.73333,"A weak tornado was sighted to the east southeast of Slidell. No damage occurred.","",358
5163396,KIOWA CO.,EADS,07/22/2000,1756,Tornado, ,F0,0,0,0,0,CO,MST, ,1099213,C,61,PUB,0,0,STORM CHASER, ,1,100,10,NNE,10,NNE,EADS,07/22/2000,1758,38.61667,-102.7,38.6,-102.7,"A long lasting supercell moved south across Kiowa, Bent, Prowers, and Baca counties over a three and a half hour time frame.  The main damage was caused by high winds and large hail.  The majority of the damage was around the mesocyclone, which tracked across central Kiowa, eastern Bent, and western Baca counties.  From time to time, the mesocyclone produced brief tornadoes.  Tornado paths were not found during a damage survey, owing to the lack of trees, crops, fence line, and roads.  Photographic evidence and eyewitness accounts of the tornadoes was helpful in estimating the path lengths and size of the tornadoes.  The first reported tornado was short-lived and over open country of north-central Kiowa county and caused no known damage.","",359
5163097,KIOWA CO.,EADS,07/22/2000,1811,Tornado, ,F0,0,0,0,0,CO,MST, ,1099213,C,61,PUB,0,0,LAW ENFORCEMENT, ,3,100,5,ENE,5,ENE,EADS,07/22/2000,1825,38.51667,-102.68333,38.48333,-102.71667,"The supercell cycled another tornado.  The nearly continuous path was over open country.  Because of the lack of trees, crops, fence line, and roads, the exact path of the tornado was difficult to determine, and no damage was discovered.","",360
5163098,PROWERS CO.,LAMAR,07/22/2000,1858,Tornado, ,F0,0,0,0,0,CO,MST, ,1099213,C,99,PUB,0,0,GENERAL PUBLIC, ,3,50,6,N,6,N,LAMAR,07/22/2000,1904,38.16667,-102.61667,38.13333,-102.61667,"What was likely a landspout tornado on the southeast side of the supercell traveled through open country.  Because of the lack of trees, crops, fence line, and roads, the exact path of the tornado was difficult to determine, and no damage was discovered.","",361
5163099,BENT CO.,MC CLAVE,07/22/2000,1900,Tornado, ,F0,0,0,0,0,CO,MST, ,1099213,C,11,PUB,0,0,LAW ENFORCEMENT, ,4,100,6,NE,6,NE,MC CLAVE,07/22/2000,1910,38.2,-102.76667,38.15,-102.81667,"The supercell cycled another weak tornado northeast of McClave over open country.  Because of the lack of trees, crops, fence line, and roads, the exact path of the tornado was difficult to determine, and there was no damage discovered.","",362
5163397,PROWERS CO.,LAMAR,07/22/2000,1934,Tornado, ,F0,0,0,0,0,CO,MST, ,1099213,C,99,PUB,0,0,LAW ENFORCEMENT, ,1,50,2,SSW,2,SSW,LAMAR,07/22/2000,1939,38.05,-102.63333,38.05,-102.63333,"A short-lived landspout tornado moved through open country.  Because of the lack of trees, crops, fence line, and roads, the exact path of the tornado was difficult to determine, and no damage was discovered.","",363
5163398,BENT CO.,LAS ANIMAS,07/22/2000,2020,Tornado, ,F0,0,0,0,0,CO,MST, ,1099213,C,11,PUB,0,0,TRAINED SPOTTER, ,1,100,30,SE,30,SE,LAS ANIMAS,07/22/2000,2022,37.76667,-102.83333,37.75,-102.81667,"A short-lived tornado moved through open country causing no known damage.","",364
5173586,HALL CO.,MURRAYVILLE,07/23/2000,1300,Tornado, ,F1,0,0,350000,0,GA,EST, ,1100443,C,139,FFC,0,0,NWS STORM SURVEY, ,.5,75, , , , ,MURRAYVILLE,07/23/2000,1310,34.41667,-83.9,34.41667,-83.9,"An NWS Storm Survey team from the Peachtree City WFO confirmed that an F0 to weak F1 briefly tornado touched down in the Leisure Lakes Village mobile home park area of Murrayville in the far north part of the county. At least half a dozen homes were severely damaged by falling trees. There was also substantial damage reported to other trees and power lines in the same general area.","",365
5172906,HALL CO.,LULA,07/23/2000,1350,Tornado, ,F1,0,0,125000,0,GA,EST, ,1100443,C,139,FFC,0,0,NWS STORM SURVEY, ,.5,75,3,S,3,S,LULA,07/23/2000,1350,34.33333,-83.66667,34.33333,-83.66667,"An NWS Survey team concluded that an F0 to weak F1 tornado touched down briefly about 3 miles south of Lula in extreme northeast Hall county. The tornado was only on the ground very briefly and lifted before crossing into Banks county. It had a width of 50 to 100 yards.  Nonetheless, about one dozen homes were damaged with numerous trees and power lines down in the area as well.  The tornado was said to have been visible from the Boy Scout Ranch on Highway 60.  Debris was observed swirling in the air.","",366
5172600,BANKS CO.,HOMER,07/23/2000,1410,Tornado, ,F0,0,1,105000,0,GA,EST, ,1100443,C,11,FFC,0,0,NWS STORM SURVEY, ,1.5,100,5,WSW,5,WSW,HOMER,07/23/2000,1416,34.3,-83.58333,34.3,-83.53333,"An NWS Survey Team concluded that an F0 tornado briefly touched down 5 miles west-southwest of Homer and traveled for 2 miles with an approximate path width of 100 yards to a point approximately 3 miles southwest of Homer.  One person was injured, apparently by debris, but little additional information was known. The Banks county newspaper reported that the tornado completely destroyed a chicken breeder/pullet building on Simms Road, which had 11,000 chickens inside. The number of chickens that survived was unknown, but the loss of the chicken house and chickens was estimated at $66,000.  At the neighboring residence, a satellite dish was destroyed when a large tree fell on it.  Another house on Wellborn Road sustained damage when a large uprooted tree fell on the back portion of the house causing damage. Roads and yards in the area were littered with fallen trees and debris.  Several roads were blocked as a consequence.","",367
5155000,GEORGETOWN CO.,GEORGIEVILLE,07/23/2000,1924,Tornado, ,F0,0,0,2000,0,SC,EST, ,1100278,C,43,ILM,0,0,NEWSPAPER, ,1,40,3,SW,3,SW,GEORGIEVILLE,07/23/2000,1930,33.45,-79.11667,33.46667,-79.1,"Waterspout came ashore two miles southwest of Litchfield Beach, striking the Litchfield Inn (no damage reported) and shattering the windows of several automobiles.","",368
5163747,CHARLESTON CO.,ISLE OF PALMS,07/23/2000,2030,Tornado, ,F0,0,0,200000,0,SC,EST, ,1099825,C,19,CHS,0,0,TRAINED SPOTTER, ,.1,40, , , , ,ISLE OF PALMS,07/23/2000,2032,32.78333,-79.76667,32.78333,-79.76667,"Waterspout came ashore briefly and damaged two homes under construction. A flower pot was thrown through a car window a block away.","",369
5155278,CURRITUCK CO.,COROLLA,07/24/2000,1257,Tornado, ,F0,0,0,0,0,NC,EST, ,1100578,C,53,AKQ,0,0,EMERGENCY MANAGER, ,.5,25, , , , ,COROLLA,07/24/2000,1302,36.38333,-75.81667,36.38333,-75.81667,"A waterspout that formed over Currituck Sound came ashore and crossed Currituck Beach before heading into the Atlantic Ocean. Winds were measured at 50 mph as the tornado passed near the Currituck Beach Lighthouse but no significant damage occurred.","",370
5155276,VIRGINIA BEACH (C) CO.,BACK BAY,07/24/2000,1259,Tornado, ,F0,0,0,20000,0,VA,EST, ,1100577,C,810,AKQ,0,0,EMERGENCY MANAGER, ,.2,20, , , , ,BACK BAY,07/24/2000,1305,36.65,-76.03333,36.65,-76.03333,"A waterspout that formed over Back Bay came ashore at Campbell Landing Road and destroyed a 20 by 30 foot outbuilding before dissipating. Many trees were blown down and camper shells and lawn furniture were tossed across the neighborhood.","",371
5176571,MELLETTE CO.,MOSHER,07/24/2000,1550,Tornado, ,F0,0,0,0,0,SD,MST, ,1099237,C,95,UNR,0,0,NWS STORM SURVEY, ,1,100,7,S,7,S,MOSHER,07/24/2000,1605,43.36667,-100.3,43.36667,-100.3,"","A NWS storm survey indicated that the first tornado in Mellette County touched down in a field.  There was just minor damage to a corn field. Hail, up to baseball size, was reported with the storm over a three county area as it moved to the south.  Some homes had damage to siding and trees had leaves and branches shredded off. Another tornado formed after the storm moved into Tripp County.  It was smaller then the first and caused no damage.  The storm later moved into Nebraska.",372
5176573,TRIPP CO.,CLEARFIELD,07/24/2000,1605,Tornado, ,F0,0,0,0,0,SD,MST, ,1099237,C,123,UNR,0,0,NWS STORM SURVEY, ,.5,10,5,NNW,5,NNW,CLEARFIELD,07/24/2000,1605,43.23333,-100.06667,43.23333,-100.06667,"","A NWS storm survey indicated that the first tornado in Mellette County touched down in a field.  There was just minor damage to a corn field. Hail, up to baseball size, was reported with the storm over a three county area as it moved to the south.  Some homes had damage to siding and trees had leaves and branches shredded off. Another tornado formed after the storm moved into Tripp County.  It was smaller then the first and caused no damage.  The storm later moved into Nebraska.",373
5153304,BROWN CO.,JOHNSTOWN,07/24/2000,1847,Tornado, ,F1,0,0,75000,75000,NE,CST, ,1098699,C,17,LBF,0,0,LAW ENFORCEMENT, ,10,400,7,NW,7,NW,JOHNSTOWN,07/24/2000,1912,42.63333,-100.16667,42.48333,-100.18333,"","",374
5153401,CHERRY CO.,WOOD LAKE,07/24/2000,1912,Tornado, ,F1,0,0,40000,75000,NE,CST, ,1098699,C,31,LBF,0,0,GENERAL PUBLIC, ,12,300,10,SSE,10,SSE,WOOD LAKE,07/24/2000,1930,42.5,-100.15,42.21667,-100.18333,"A tornado touched down 7 miles northwest of Johnstown and was intermittently on the ground producing tree damage in Brown county. The tornado continued to touch down intermittently and grew to a width of a quarter mile near the Brown and Cherry county line. This is where the tornado caused the most extensive damage, destroying  a large grove of trees, a calving shed, and moving a barn from its foundation, 8 miles southwest of Johnstown. The tornado proceeded to move nearly straight south in Cherry county and continued to cause extensive tree damage, and moved and destroyed several 1500 lb hay bales, 17 miles north of Elsmere. The tornado last touched down 10 miles north of Elsmere causing tree damage.","",375
5164151,BECKER CO.,LAKE PARK,07/25/2000,1227,Tornado, ,F0,0,0,0,0,MN,CST, ,1098728,C,5,FGF,0,0,GENERAL PUBLIC, ,.5,50, , , , ,LAKE PARK,07/25/2000,1227,46.88333,-96.1,46.88333,-96.1,"The tornado touched down briefly in an open field.","",376
5156104,CODINGTON CO.,WALLACE,07/25/2000,1310,Tornado, ,F0,0,0,0,0,SD,CST, ,1102379,C,29,ABR,0,0,TRAINED SPOTTER, ,.1,10,2,W,2,W,WALLACE,07/25/2000,1310,45.08333,-97.5,45.08333,-97.5,"A landspout tornado touched down briefly west of Wallace with no damage reported.  Path length and width were estimated.","",377
5163253,MILLE LACS CO.,MILACA,07/25/2000,1450,Tornado, ,F0,0,0,0,0,MN,CST, ,1100104,C,95,MPX,0,0,TRAINED SPOTTER, ,.2,30,5,NW,5,NW,MILACA,07/25/2000,1452,45.78333,-93.7,45.78333,-93.7,"Touched down in open field.  No damage.","",378
5163250,LAC QUI PARLE CO.,BOYD,07/25/2000,1638,Tornado, ,F0,0,0,0,0,MN,CST, ,1100104,C,73,MPX,0,0,GENERAL PUBLIC, ,.1,10,6,N,6,N,BOYD,07/25/2000,1642,44.93333,-95.9,44.93333,-95.9,"Minor crop damage.","",379
5163251,YELLOW MEDICINE CO.,CANBY,07/25/2000,1645,Tornado, ,F0,0,0,0,0,MN,CST, ,1100104,C,173,MPX,0,0,FIRE DEPT/RESCUE SQUAD, ,.2,20,4,S,4,S,CANBY,07/25/2000,1650,44.65,-96.26667,44.65,-96.26667,"No damage, touchdown in open field.","",380
5163249,YELLOW MEDICINE CO.,GRANITE FALLS,07/25/2000,1657,Tornado, ,F4,1,15,20000000,0,MN,CST, ,1100104,C,173,MPX,0,0,NWS STORM SURVEY, ,9,167,9,NW,9,NW,GRANITE FALLS,07/25/2000,1725,44.9,-95.66667,44.81667,-95.55,"The tornado first  touched down in rural Yellow Medicine County, 8 miles west, and 3 miles north of Granite Falls. The tornado lifted before exiting Granite Falls, leaving the most concentrated damage path two miles long, and 500 feet wide, through a primarily residential area of Granite Falls.  Most of the damage in Granite Falls was caused by F2 to F3 wind speeds.  However, this tornado has been classified as  a minimal  F4 tornado,  based on the twisted wreckage of an overturned railroad car near  the intersection of 9th Avenue and 14th street in Granite Falls.","",381
5173601,LYON CO.,MARSHALL,07/25/2000,1725,Tornado, ,F0,0,0,0,0,MN,CST, ,1100398,C,83,FSD,0,0,LAW ENFORCEMENT, ,.1,50,2,NW,2,NW,MARSHALL,07/25/2000,1725,44.46667,-95.81667,44.46667,-95.81667,"A brief tornado caused no reported damage.","",382
5155873,NOBLES CO.,ADRIAN,07/25/2000,1910,Tornado, ,F2,0,0,150000,0,MN,CST, ,1100415,C,105,FSD,0,0,NWS STORM SURVEY, ,3,200,5,W,5,W,ADRIAN,07/25/2000,1914,43.63333,-96.05,43.66667,-96,"A tornado damaged buildings, vehicles, and trees on a farm. The tornado destroyed the west side of the house, blew three grain bins away and wrapped them around trees. The tornado also blew the top of a barn off, killing at least 4 calves inside.","",383
5155874,NOBLES CO.,ADRIAN,07/25/2000,1915,Tornado, ,F0,0,0,0,0,MN,CST, ,1100416,C,105,FSD,0,0,GENERAL PUBLIC, ,.1,50, , , , ,ADRIAN,07/25/2000,1915,43.63333,-95.95,43.63333,-95.95,"A brief tornado caused no reported damage.","",384
5162908,CARVER CO.,MAYER,07/25/2000,1915,Tornado, ,F0,0,0,0,0,MN,CST, ,1100105,C,19,MPX,0,0,TRAINED SPOTTER, ,.1,20,2,NE,2,NE,MAYER,07/25/2000,1918,44.9,-93.83333,44.9,-93.83333,"Six to ten acres of corn flattened.","",385
5173669,NOBLES CO.,RUSHMORE,07/25/2000,1920,Tornado, ,F0,0,0,0,0,MN,CST, ,1100417,C,105,FSD,0,0,LAW ENFORCEMENT, ,.1,50, , , , ,RUSHMORE,07/25/2000,1920,43.61667,-95.8,43.61667,-95.8,"A brief tornado caused no reported damage.","",386
5162907,HENNEPIN CO.,ST BONIFACIUS,07/25/2000,1925,Tornado, ,F0,0,0,0,0,MN,CST, ,1100105,C,53,MPX,0,0,LAW ENFORCEMENT, ,.1,20, , , , ,ST BONIFACIUS,07/25/2000,1930,44.9,-93.75,44.9,-93.75,"No damage reported.","",387
5173670,NOBLES CO.,RUSHMORE,07/25/2000,1927,Tornado, ,F0,0,0,0,0,MN,CST, ,1100418,C,105,FSD,0,0,GENERAL PUBLIC, ,.1,50, , , , ,RUSHMORE,07/25/2000,1927,43.61667,-95.8,43.61667,-95.8,"A brief tornado caused no reported damage.","",388
5173671,NOBLES CO.,ADRIAN,07/25/2000,1935,Tornado, ,F0,0,0,0,0,MN,CST, ,1100419,C,105,FSD,0,0,TRAINED SPOTTER, ,.1,50,2,N,2,N,ADRIAN,07/25/2000,1935,43.66667,-95.95,43.66667,-95.95,"A brief tornado caused no reported damage.","",389
5155484,ST. CROIX CO.,HUDSON,07/26/2000,1202,Tornado, ,F0,0,0,0,0,WI,CST, ,1100107,C,109,MPX,0,0,GENERAL PUBLIC, ,.1,25,6,E,6,E,HUDSON,07/26/2000,1202,44.96667,-92.65,44.96667,-92.65,"Brief touchdown in cornfield. No damage reported.","",390
5153122,BOONE CO.,BOONE,07/26/2000,1415,Tornado, ,F0,0,0,1000,0,IA,CST, ,1098124,C,15,DMX,0,0,BROADCAST MEDIA, ,.2,25,2,NW,2,NW,BOONE,07/26/2000,1415,42.08333,-93.91667,42.08333,-93.91667,"Brief touchdown with minor tree damage","After a brief break of about five hours, thunderstorms began to erupt in Iowa once again.  As had been the case over the course of the previous several days to the north and west of Iowa, thunderstorms developed during the mid afternoon and became supercells within a short period of time.  Wind profiles were favorable with a south to southeast flow in the low levels and a north to northwest flow in the mid and high levels.  A cluster of thunderstorms developed over central and west central Iowa.  Initially, the storms exhibited strong characteristics of being tornadic.  There were a couple of tornado touchdowns during the first hour of the storms development.  The first was northwest of Boone in Boone County.  This tornado touched down in open country and was only on the ground for a short period of time.  As the storms continued to develop, another tornado touched down in Guthrie County.  This tornado was on the ground for a few miles before roping out and did cause some damage.  Fortunately the tornado missed the city of Bagley.  As the system progressed, the tornadic activity ended with the complex becoming a significant hail producer.  Although there were some high winds reported with the storms, most of the winds were under 50 MPH.  The hail from this complex did considerable crop damage as the entire complex tracked to the south-southwest.  Most of the hail was in the one inch to one and three quarter inch range.  Storms passing over Cass County produced baseball size hail near the town of Atlantic.  The hail caused serious damage and even broke windows out of several houses.  The other problem with the storms during this event was the extremely heavy rainfall.  The airmass was very moist with deep moisture in place, even though the moisture ribbon was quiet narrow.  Rainfall of  one and one half inches was reported in Tama County in a 15 minute time period.  This produced the first flash flooding of the afternoon.  As the action shifted to the west, heavy rainfall occurred over Adair and Cass Counties.  Rainfall of three to five inches was reported in both of these counties within a two hour period.   Enough rain fell to cover a section of Interstate 80 to a depth of two to three feet with water in Adair County, forcing the closure of the Interstate for a period of time.   Water was also over the interstate in Cass County north of Atlantic, resulting in a brief closure there as well.  Meanwhile, the area of thunderstorms over central Iowa increased in strength.  Heavy rainfall ensued over Tama County with an additional four inches of rainfall in a couple hour time period.  Serious flooding was reported in Tama and Montour with water around three feet deep in the streets of both towns.  The storms weakened over central and eastern Iowa during the early evening as they moved southeast.  The storms over west  central and southwest Iowa remained severe as they moved south-southwest out of the Des Moines County Warning Area.",391
5153123,GUTHRIE CO.,BAGLEY,07/26/2000,1418,Tornado, ,F1,0,0,5000,5000,IA,CST, ,1098124,C,77,DMX,0,0,TRAINED SPOTTER, ,3.6,40,2,N,2,N,BAGLEY,07/26/2000,1429,41.88333,-94.43333,41.88333,-94.46667,"Mostly tracked through rural area","After a brief break of about five hours, thunderstorms began to erupt in Iowa once again.  As had been the case over the course of the previous several days to the north and west of Iowa, thunderstorms developed during the mid afternoon and became supercells within a short period of time.  Wind profiles were favorable with a south to southeast flow in the low levels and a north to northwest flow in the mid and high levels.  A cluster of thunderstorms developed over central and west central Iowa.  Initially, the storms exhibited strong characteristics of being tornadic.  There were a couple of tornado touchdowns during the first hour of the storms development.  The first was northwest of Boone in Boone County.  This tornado touched down in open country and was only on the ground for a short period of time.  As the storms continued to develop, another tornado touched down in Guthrie County.  This tornado was on the ground for a few miles before roping out and did cause some damage.  Fortunately the tornado missed the city of Bagley.  As the system progressed, the tornadic activity ended with the complex becoming a significant hail producer.  Although there were some high winds reported with the storms, most of the winds were under 50 MPH.  The hail from this complex did considerable crop damage as the entire complex tracked to the south-southwest.  Most of the hail was in the one inch to one and three quarter inch range.  Storms passing over Cass County produced baseball size hail near the town of Atlantic.  The hail caused serious damage and even broke windows out of several houses.  The other problem with the storms during this event was the extremely heavy rainfall.  The airmass was very moist with deep moisture in place, even though the moisture ribbon was quiet narrow.  Rainfall of  one and one half inches was reported in Tama County in a 15 minute time period.  This produced the first flash flooding of the afternoon.  As the action shifted to the west, heavy rainfall occurred over Adair and Cass Counties.  Rainfall of three to five inches was reported in both of these counties within a two hour period.   Enough rain fell to cover a section of Interstate 80 to a depth of two to three feet with water in Adair County, forcing the closure of the Interstate for a period of time.   Water was also over the interstate in Cass County north of Atlantic, resulting in a brief closure there as well.  Meanwhile, the area of thunderstorms over central Iowa increased in strength.  Heavy rainfall ensued over Tama County with an additional four inches of rainfall in a couple hour time period.  Serious flooding was reported in Tama and Montour with water around three feet deep in the streets of both towns.  The storms weakened over central and eastern Iowa during the early evening as they moved southeast.  The storms over west  central and southwest Iowa remained severe as they moved south-southwest out of the Des Moines County Warning Area.",392
5176151,VERNON CO.,CHASEBURG,07/26/2000,1520,Tornado, ,F0,0,0,8000,12000,WI,CST, ,1098888,C,123,ARX,0,0,LAW ENFORCEMENT, ,.5,30,3,NW,3,NW,CHASEBURG,07/26/2000,1523,43.68333,-91.15,43.68333,-91.13333,"","A small tornado touched down briefly, causing minor damage to a home and knocking down corn.",393
5164360,POTTAWATTAMIE CO.,WALNUT,07/26/2000,1700,Tornado, ,F0,0,0,0,0,IA,CST, ,1099152,C,155,OAX,0,0,TRAINED SPOTTER, ,.1,10,3,S,3,S,WALNUT,07/26/2000,1705,41.43333,-95.2,41.43333,-95.2,"A brief touchdown of a very narrow and short-lived tornado.  The storm spotter that reported it said it appeared and then dissipated in a matter of 15 or 20 seconds, "it was very snake-like in appearance" according to the spotter.","",394
5162575,MARINETTE CO.,HARMONY,07/27/2000,1907,Tornado, ,F0,0,0,0,0,WI,CST, ,1099681,C,75,GRB,0,0,TRAINED SPOTTER, ,.4,50,2,W,2,W,HARMONY,07/27/2000,1910,45.1,-87.85,45.1,-87.83333,"","Isolated tornadoes touched down briefly in Marinette county and downed several trees.  The tornadoes formed under a closed upper low.  The first tornado report was received even before the storm became visible on radar.",395
5162576,MARINETTE CO.,PESHTIGO,07/27/2000,1930,Tornado, ,F0,0,0,0,0,WI,CST, ,1099681,C,75,GRB,0,0,LAW ENFORCEMENT, ,.1,25,2,W,2,W,PESHTIGO,07/27/2000,1930,45.05,-87.78333,45.05,-87.78333,"","Isolated tornadoes touched down briefly in Marinette county and downed several trees.  The tornadoes formed under a closed upper low.  The first tornado report was received even before the storm became visible on radar.",396
5163525,HERNANDO CO.,SPRING HILL,07/28/2000,1922,Tornado, ,F0,0,0,0,0,FL,EST, ,1100032,C,53,TBW,0,0,TRAINED SPOTTER, ,.3,5,7,S,7,S,SPRING HILL,07/28/2000,1926,28.45,-82.45,28.45,-82.45,"A Skywarn Spotter reported that tornado sporadically touched down near the intersection of County Road 576 (Hayman Road) and County Road 581 (Culbreath) in rural southern Hernando county.","",397
5163609,PASCO CO.,JESSAMINE,07/28/2000,1938,Tornado, ,F0,0,0,0,0,FL,EST, ,1100033,C,101,TBW,0,0,TRAINED SPOTTER, ,.1,5,6,W,6,W,JESSAMINE,07/28/2000,1940,28.41667,-82.36667,28.41667,-82.36667,"A Skywarn Spotter reported that tornado briefly touched down near the intersection of County Road 581 and Johnston Road, approximately six miles west of Jessimine, in rural north central Pasco county.","",398
5153332,SHARP CO.,CAVE CITY,07/29/2000,1410,Tornado, ,F0,0,0,0,0,AR,CST, ,1098536,C,135,LZK,0,0,NWS STORM SURVEY, ,1,50,3,E,3,E,CAVE CITY,07/29/2000,1412,35.93333,-91.5,35.93333,-91.48333,"A weak tornado was spawned in southern Sharp County , or from 3 to miles 4 miles east of Cave City close to Highway 230. One house sustained significant roof damage, with minor roof damage to three other houses. Two small farm sheds were destroyed, and a chicken house suffered some foundation damage and lost some of its tin roof. Several trees were also blown down.","",399
5155575,ACCOMACK CO.,HORNTOWN,07/30/2000,1045,Tornado, ,F0,0,0,0,0,VA,EST, ,1100582,C,1,AKQ,0,0,EMERGENCY MANAGER, ,.2,20, , , , ,HORNTOWN,07/30/2000,1050,37.96667,-75.46667,37.96667,-75.46667,"A small tornado touched down in a trailer park. The tornado briefly kicked up dust and debris before dissipating, but no damage occurred.","",400
5163613,POLK CO.,LAKELAND,07/30/2000,1345,Tornado, ,F0,0,0,25000,0,FL,EST, ,1100037,C,105,TBW,0,0,NEWSPAPER, ,.2,5, , , , ,LAKELAND,07/30/2000,1345,28.03333,-81.95,28.03333,-81.95,"A tornado briefly touched down and removed the roof of a weathered homes wood overhang and downed several large trees and branches near the intersection of Coral Way and Combee Roads in Lakeland.","",401
5155565,FRANKLIN CO.,CARRABELLE BEACH,07/31/2000,753,Tornado, ,F0,0,0,0,0,FL,EST, ,1099713,C,37,TAE,0,0,GENERAL PUBLIC, ,.1,50,7,SE,7,SE,CARRABELLE BEACH,07/31/2000,753,29.76667,-84.6,29.76667,-84.6,"A waterspout came ashore over Dog Island.  No injuries or damage.  Reported by the public and the Franklin County Sheriff.","",402
5175862,SOMERSET CO.,WITTENBERG,07/31/2000,1230,Tornado, ,F0,0,0,5000,0,PA,EST, ,1099422,C,111,CTP,0,0,TRAINED SPOTTER, ,1,100,5,W,5,W,WITTENBERG,07/31/2000,1235,39.78333,-79.03333,39.78333,-79.05,"This small F0 tornado touched down around 1:30 p.m. EDT near Hunsrick Summit, about 2 miles south of Meyersdale on Route 219.  The storm slightly moved a mobile home on its foundation then, oddly enough, moved almost due west across Route 219 and down a ravine crossing a farm of a Weather Service Cooperative Observer.  The farmer watched the funnel pick up a homemade raft from a farm pond and toss it several yards.  Several dozen trees were blown down in the ravine, but no damage was done to a nearby barn.  The storm continued west for about a mile before dissipating as it crossed the Casselman River.","",403
5165080,OGLE CO.,CRESTON,07/31/2000,1440,Tornado, ,F0,0,0,0,0,IL,CST, ,1098639,C,141,LOT,0,0,TRAINED SPOTTER, ,.5,50,1,NNW,1,NNW,CRESTON,07/31/2000,1440,41.95,-88.96667,41.95,-88.96667,"There were several reports of funnel clouds relayed through the county sherrif. The funnels were associated with an area of developing showers and thunderstorms in a relatively cool unstable airmass. A small tornado touched down briefly at a farm and moved southeast producing a damage path about 1/2 mile long and up to 150 feet wide. It damaged the roof and doors of a barn, damaged a machine shed and damaged trees. The siding was peeled off another nearby farm house. Trees were also damaged.","",404
5176139,ST. MARY'S CO.,HOLLYWOOD,07/31/2000,1547,Tornado, ,F0,0,0,1000,0,MD,EST, ,1099068,C,37,LWX,0,0,EMERGENCY MANAGER, ,.5,30,2,N,2,N,HOLLYWOOD,07/31/2000,1547,38.37,-76.58333,38.37,-76.58333,"A dugout at Higgs Memorial Ball Park was destroyed.","Isolated thunderstorms moved across Allegany and St. Mary's Counties during the afternoon of the 31st.  Across the western portion of Allegany County, several roads were flooded and streams overflowed their banks after heavy downpours.  Near Lonaconing, trees were downed along Route 36 at the intersection of George's Creek.  A total of 1.85 inches of rain was recorded in Cumberland and over 3 inches fell in Westernport.  In St. Mary's county, a weak tornado only 30 yards wide touched down momentarily just north of Hollywood at Higgs Memorial Ball Park.  The F0 twister was only on the ground for one tenth of a mile but it damaged one structure, a dugout at the ballfield.",405
5163653,HENDRY CO.,LA BELLE,08/02/2000,1200,Tornado, ,F0,0,0,0,0,FL,EST, ,1099572,C,51,MFL,0,0,AIRPLANE PILOT, ,.1,10,40,SE,40,SE,LA BELLE,08/02/2000,1200,26.33333,-80.98333,26.33333,-80.98333,"A pilot reported a brief tornado touched down in the Everglades.","",406
5158717,CHARLESTON CO.,ISLE OF PALMS,08/03/2000,1345,Tornado, ,F0,0,0,0,0,SC,EST, ,1103336,C,19,CHS,0,0,GENERAL PUBLIC, ,.1,25,1,SW,1,SW,ISLE OF PALMS,08/03/2000,1347,32.76667,-79.78333,32.78333,-79.76667,"A waterspout that was moving just off the coast of the Isle of Palms came ashore briefly and threw around a couple of beach chairs and some beach towels. The waterspout dissipated almost immediately once it came ashore.","",407
5160197,ADA CO.,(BOI)GOWEN FLD BOISE,08/03/2000,1515,Tornado, ,F0,0,0,0,0,ID,MST, ,1104852,C,1,BOI,0,0,NWS EMPLOYEE(OFF DUTY), ,0,0,2,S,2,S,(BOI)GOWEN FLD BOISE,08/03/2000,1516,43.53333,-116.21667,43.53333,-116.21667,"","A series of thunderstorms moved though the Treasure Valley with 4 confirmed tornadoes in Ada county.  One of these tornadoes touched down near Hidden Springs with damage limited to 2 large trees being uprooted.  The path of the tornado was 10 yards wide and less than one-tenth of a mile in length.  Another touched down near the intersection of Lake Hazel Road and 5 Mile Road.  Damage was confined to one home where a flag pole was bent in half and a 2x4 was imbedded in the outer wall of the home.  No injuries occurred and damage estimates were unavailable.  The other 2 tornadoes touched down briefly south of the airport in open country.  These were observed by off-duty NWS meteorologists and a trained spotter.  These tornadoes caused no damage.",408
5160198,ADA CO.,(BOI)GOWEN FLD BOISE,08/03/2000,1533,Tornado, ,F0,0,0,0,0,ID,MST, ,1104852,C,1,BOI,0,0,TRAINED SPOTTER, ,.1,10,5,S,5,S,(BOI)GOWEN FLD BOISE,08/03/2000,1534,43.5,-116.21667,43.5,-116.21667,"","A series of thunderstorms moved though the Treasure Valley with 4 confirmed tornadoes in Ada county.  One of these tornadoes touched down near Hidden Springs with damage limited to 2 large trees being uprooted.  The path of the tornado was 10 yards wide and less than one-tenth of a mile in length.  Another touched down near the intersection of Lake Hazel Road and 5 Mile Road.  Damage was confined to one home where a flag pole was bent in half and a 2x4 was imbedded in the outer wall of the home.  No injuries occurred and damage estimates were unavailable.  The other 2 tornadoes touched down briefly south of the airport in open country.  These were observed by off-duty NWS meteorologists and a trained spotter.  These tornadoes caused no damage.",409
5160285,ADA CO.,(BOI)GOWEN FLD BOISE,08/03/2000,1548,Tornado, ,F0,0,0,0,0,ID,MST, ,1104852,C,1,BOI,0,0,BROADCAST MEDIA, ,.1,10,3,W,3,W,(BOI)GOWEN FLD BOISE,08/03/2000,1550,43.56667,-116.28333,43.56667,-116.28333,"","A series of thunderstorms moved though the Treasure Valley with 4 confirmed tornadoes in Ada county.  One of these tornadoes touched down near Hidden Springs with damage limited to 2 large trees being uprooted.  The path of the tornado was 10 yards wide and less than one-tenth of a mile in length.  Another touched down near the intersection of Lake Hazel Road and 5 Mile Road.  Damage was confined to one home where a flag pole was bent in half and a 2x4 was imbedded in the outer wall of the home.  No injuries occurred and damage estimates were unavailable.  The other 2 tornadoes touched down briefly south of the airport in open country.  These were observed by off-duty NWS meteorologists and a trained spotter.  These tornadoes caused no damage.",410
5160286,ADA CO.,EAGLE,08/03/2000,1551,Tornado, ,F0,0,0,0,0,ID,MST, ,1104852,C,1,BOI,0,0,NWS STORM SURVEY, ,.1,10,6,NE,6,NE,EAGLE,08/03/2000,1552,43.76667,-116.26667,43.76667,-116.26667,"","A series of thunderstorms moved though the Treasure Valley with 4 confirmed tornadoes in Ada county.  One of these tornadoes touched down near Hidden Springs with damage limited to 2 large trees being uprooted.  The path of the tornado was 10 yards wide and less than one-tenth of a mile in length.  Another touched down near the intersection of Lake Hazel Road and 5 Mile Road.  Damage was confined to one home where a flag pole was bent in half and a 2x4 was imbedded in the outer wall of the home.  No injuries occurred and damage estimates were unavailable.  The other 2 tornadoes touched down briefly south of the airport in open country.  These were observed by off-duty NWS meteorologists and a trained spotter.  These tornadoes caused no damage.",411
5156913,FAULK CO.,FAULKTON,08/04/2000,2200,Tornado, ,F0,0,0,0,0,SD,CST, ,1102372,C,49,ABR,0,0,NWS STORM SURVEY, ,.1,30, , , , ,FAULKTON,08/04/2000,2203,45.03333,-99.13333,45.03333,-99.13333,"A tornado touched down on the east side of Faulkton and tipped over and severely damaged the new press box  and bleachers at the ball field.  The tornado also knocked down some light poles and destroyed a hanger, an airplane, and a gyrocopter at the airport.","",412
5171320,DAVISON CO.,MITCHELL,08/05/2000,100,Tornado, ,F1,0,0,100000,0,SD,CST, ,1102422,C,35,FSD,0,0,NWS STORM SURVEY, ,.2,100,3,W,3,W,MITCHELL,08/05/2000,202,43.71667,-98.06667,43.71667,-98.06667,"A brief tornado damaged several structures.","",413
5172688,ROCK CO.,EVANSVILLE,08/05/2000,1443,Tornado, ,F0,0,0,5000,0,WI,CST, ,1101317,C,105,MKX,0,0,GENERAL PUBLIC, ,.1,20,2,SW,2,SW,EVANSVILLE,08/05/2000,1443,42.76667,-89.33333,42.76667,-89.33333,"Narrative is incorporated in discussion of August 5th storms below.","This summer's most powerful downburst wind event to affect south-central and southeast Wisconsin pummeled portions of Dane, Green, and Rock counties with damaging hurricane-force winds, large hail, and urban-flood rains. As the 35 mile long line of thunderstorms moved southeast through Dane, northern Green, and Rock Counties, it increased in strength, ultimately producing straight-line winds estimated up to 100 knots (115 mph), heavy rains at a rate of 1 to 3 inches per hour, and hail stones 1 inch in diameter.  Due to downed power lines and poles, ultimately about 18,000 customers had electrical power disrupted for 1 to 2 days.  Descriptions of weather-related events follow in a county-by-county breakdown.

Dane County:
Powerful thunderstorm winds, estimated at 56 knots (65 mph), toppled several large trees in and near the city of Belleville. There were no reports of injuries or deaths. Minor urban-type flooding was noted due to intense rain accompanying the storm.

Green County:
The squall-line intensified as it clipped the northeast quarter of Green County. Based on inflicted damage, winds gusts were estimated to be 74 knots (85 mph).  The worst-hit area extended from a subdivision west of the village of Dayton (Town of Exeter), east/southeast to the county line.  About 50 homes sustained varying amounts of damage caused by felled trees, tree branches, or the wind outright. Damage to home siding and roofs was also noted.  Hundreds of trees were toppled, about 2 dozen farm buildings were damaged or destroyed, several silos were damaged, and two semi-tractor trailers were overturned.  Many power lines were either blown over or knocked down by tree debris.

Rock County:
This county bore the brunt of the storm as its straight-line winds intensified to an estimated 100 knots (115 mph). The macroburst damage path was 3 to 6 miles wide, extending from southwest of Evansville in the Town of Magnolia (Highway 59 and A) east/southeast through the city of Janesville to southeast of Avalon near Caver Roehl Park.  A newspaper headline nicely stated the effects:  Rain! Wind! Wow!  The powerful winds leveled thousands of trees (some 200 years old); tore roofs off homes; businesses, and farm buildings; blew tops of silos off, flipped over vehicles; blew in windows; damaged or peeled off home siding; knocked over billboards and road signs; closed many roads due to debris, and flattened corn and soybean fields.  Based on newspaper photographs and eyewitness accounts, maximum wind gusts were estimated to be in the 87 to 100 knots range (100 -115 mph).  The worst of the damage appeared to be equivalent to that caused by tornado winds of about 115 mph, or at the bottom of the F2 category.  Many people noted that the sky grew very dark as the storm blew in with a wall of white rain mixed with tree leaves and branches. 

The city of Janesville was at ground zero, as a 3.7 square mile looked like a bomb had hit its downtown area and the near east and west sides.  A roof was torn off one business, and bricks were pealed off another business.  It took at least 2 weeks to remove the tree debris from city streets, sidewalks, and backyards.  Dozens of vehicles were damaged by felled trees and branches.  It is estimated that 400 to 500 city homes sustained some degree of damage (6 destroyed).  Traxler and Bond Parks looked like disaster areas and were closed.  About 50 electrical poles were snapped by tree debris or the winds.  One person in the city was injured when a tree fell on their pickup truck.  Just north of Janesville on Interstate-90, another person was injured when their SUV was flipped over by the winds. In addition, 5 semi-tractor trailers were overturned on I-90 in the same vicinity. A new sub-division 3 miles south of Janesville experienced extensive roof or siding damage due to the winds or tree debris.  Several vehicles were damaged as well. Just to the south of the city, the wastewater treatment plant recorded 1.48 inches of rain as the storms moved through, resulting in urban flooding. There were other unofficial reports of 2 to 3 inches in the city area.

The civil Town of Magnolia, in the western part of the county, was also hard hit by the macroburst, especially near and along Highway 59 and County Trunk Highway A.  About 40 power poles in this Town were toppled by the winds or tree debris.

A little further north on Croft Road, just southwest of Evansville, a local resident noted this sequence of events: the initial, powerful winds and blinding rains lasted for about 5 minutes and were followed by hailstones up to 1 inch in diameter. Then the rain and hail stopped.  After a couple minutes he noticed across the road in a field a ground-based vortex pulling corn stalks up to about 200 feet above the ground, while above it at cloud base was a funnel cloud.  This weak vortex then hit a barn and caused slight damage before dissipating.  Shortly thereafter, another round of rain, and gusty, but much weaker winds occurred.  Based on this resident's account, and their prior experiences with tornadoes while living in Texas, this vortex was classified as a tornado. 

The macroburst continued to inflict wind damage to a point about 3 miles east/southeast of the Janesville city limits along Highway 14, at which point it weakened.  However, the thunderstorms briefly intensified once again southeast of the village of Avalon near Carver Roehl Park.  At this location, a barn's roof was lifted and dropped by powerful winds, resulting in a collapsed structure which trapped 40 steer.  Fifteen of the steer died from injuries, and some of the hay bales were destroyed.  Collectively across Rock County, about 4500 acres of corn and soybean crops were badly damaged or destroyed. Thirty-five farm buildings had minor damage, 8 had major damage, and 19 were destroyed by the winds. 

Walworth County:
The remains of the squall-line generated downburst winds which leveled large trees in and near the city of East Troy.

Racine County:
The remains of the squall-line generated downburst winds which leveled large trees west of Waterford.

Kenosha County:
The remains of the squall-line generated downburst winds which leveled large trees southwest of the village of Twin Lakes.

Milwaukee County:
The remains of the thunderstorms dumped rain amounts of 2.25 to 3.1 inches across Milwaukee County based on Ham reports.  Moderate urban flooding resulted.  A West Allis motorist was rescued from their stalled vehicle due to water depths of 1.5 to 3 feet in low spots on roads.  Similar water depths on strees were noted elsewhere in the county, especially in the southern half.  No damage was reported. 

Synoptically, an upper level trough was moving across Wisconsin on August 5th, with a weak vorticity maxima over the southern part of the state moving east/southeast. The south winds of a low-level jet fed the storms as west-northwest flow at 18,000 feet intensified to 60 knots based on profiler data.  Thunderstorm echo tops were 40 to 42,000 feet.",414
5171313,ASHLAND CO.,ASHLAND,08/06/2000,2145,Tornado, ,F1,0,4,2000000,0,OH,EST, ,1101865,C,5,CLE,0,0,NWS STORM SURVEY, ,3,75, , , , ,ASHLAND,08/06/2000,2145,40.86667,-82.3,40.86667,-82.3,"A tornado touched down on the west side of Ashland near Lindale Avenue then moved east along West Main Street causing significant damage and four minor injuries.  The damage path was 50 to 100 yards wide,  intermittent and nearly three miles in length.  The most severe damage occurred a few blocks west of downtown.  Major structural damage occurred to several homes in the area including one that had an entire side blown apart.  Damage to the downtown business district was much less severe with most of the damage being in the form of broken windows and torn off siding.  However, three buildings lost large sections of roof and a fourth had a brick wall collapse.  The roof of one of the buildings was found six blocks east of downtown.  East of the business district, the damage path was intermittent with only a dozen or so homes sustaining minor damage.  In total, 112 homes and 20 businesses were damaged.  Of those totals,  23 homes and four businesses suffered major damage.  Several cars were destroyed and hundreds of trees were toppled.  Six power poles were also snapped near ground level.","",415
5171344,DAVISON CO.,ETHAN,08/07/2000,1803,Tornado, ,F1,0,0,30000,0,SD,CST, ,1102487,C,35,FSD,0,0,EMERGENCY MANAGER, ,1,100,5,W,5,W,ETHAN,08/07/2000,1805,43.55,-98.08333,43.55,-98.06667,"A tornado damaged several farm buildings, caused tree damage, and blew down at least one power line.","",416
5173624,BURKE CO.,BOWBELLS,08/07/2000,1824,Tornado, ,F0,0,0,0,0,ND,CST, ,1100933,C,13,BIS,0,0,LAW ENFORCEMENT, ,3,30,10,NNE,10,NNE,BOWBELLS,08/07/2000,1829,48.93333,-102.16667,48.93333,-102.05,"Touchdown in open country. Tornado remained in open country as it crossed into Renville county.","",417
5173914,RENVILLE CO.,SHERWOOD,08/07/2000,1829,Tornado, ,F0,0,0,0,0,ND,CST, ,1100934,C,75,BIS,0,0,LAW ENFORCEMENT, ,3,30,15,W,15,W,SHERWOOD,08/07/2000,1834,48.96667,-101.95,48.9,-101.86667,"Tornado crossed over into Renville county from burke county remaining in open county. Total path of storm was 6 miles before dissipating in Renville county.","",418
5171359,CHARLES MIX CO.,WAGNER,08/07/2000,1829,Tornado, ,F1,0,0,100000,0,SD,CST, ,1102498,C,23,FSD,0,0,GENERAL PUBLIC, ,.3,100,7,E,7,E,WAGNER,08/07/2000,1829,43.08333,-98.16667,43.08333,-98.16667,"A tornado damaged three homes, including a roof peeled off, and damaged a corn crop. The amount of crop damage was not known.","",419
5173917,RENVILLE CO.,MOHALL,08/07/2000,1905,Tornado, ,F0,0,0,0,0,ND,CST, ,1100937,C,75,BIS,0,0,FIRE DEPT/RESCUE SQUAD, ,1,60,4,SSE,4,SSE,MOHALL,08/07/2000,1907,48.71667,-101.46667,48.71667,-101.41667,"Tornado touch down in open country and skipped across rural areas crossing into bottineau county.","",420
5173918,BOTTINEAU CO.,LANSFORD,08/07/2000,1907,Tornado, ,F0,0,0,0,0,ND,CST, ,1100938,C,9,BIS,0,0,FIRE DEPT/RESCUE SQUAD, ,5,60,5,NW,5,NW,LANSFORD,08/07/2000,1920,48.68333,-101.45,48.66667,-101.31667,"Tornado crossed into Bottineau county from Renville county. Tornado remained in open county throughout the 6 mile path.","",421
5172081,JACKSON CO.,LAKEFIELD,08/07/2000,1950,Tornado, ,F1,0,0,400000,0,MN,CST, ,1102466,C,63,FSD,0,0,NWS STORM SURVEY, ,2,200, , , , ,LAKEFIELD,08/07/2000,1956,43.68333,-95.18333,43.68333,-95.18333,"A tornado damaged several buildings, including businesses and homes, a grain elevator, and trees as it  touched down along highway 86 in Lakefield.","",422
5172082,JACKSON CO.,BERGEN,08/07/2000,2010,Tornado, ,F1,0,0,20000,0,MN,CST, ,1102466,C,63,FSD,0,0,NWS STORM SURVEY, ,1,100, , , , ,BERGEN,08/07/2000,2010,43.78333,-95,43.78333,-95,"A tornado caused damage to farm buildings and crops. The amount of crop damage was not determined.","",423
5172083,JACKSON CO.,BERGEN,08/07/2000,2022,Tornado, ,F1,0,0,30000,0,MN,CST, ,1102466,C,63,FSD,0,0,NWS STORM SURVEY, ,1,100, , , , ,BERGEN,08/07/2000,2022,43.78333,-95,43.78333,-95,"A tornado caused damaged to farm buildings.","",424
5172427,COTTONWOOD CO.,JEFFERS,08/07/2000,2025,Tornado, ,F1,0,0,100000,0,MN,CST, ,1102466,C,33,FSD,0,0,NWS STORM SURVEY, ,1,100, , , , ,JEFFERS,08/07/2000,2025,44.05,-95.2,44.05,-95.2,"A tornado destroyed a barn and damaged other farm buildings. The tornado also caused crop damage, but the amount of crop damage was not determined.","",425
5172374,JACKSON CO.,LAKEFIELD,08/07/2000,2025,Tornado, ,F1,0,0,100000,0,MN,CST, ,1102466,C,63,FSD,0,0,NWS STORM SURVEY, ,1,200,5,NE,5,NE,LAKEFIELD,08/07/2000,2025,43.73333,-95.11667,43.73333,-95.11667,"A tornado caused extensive damage to a family owned dairy farm.","",426
5172951,SHENANDOAH CO.,BOWMAN,08/09/2000,1500,Tornado, ,F0,0,0,1000,0,VA,EST, ,1101299,C,171,LWX,0,0,BROADCAST MEDIA, ,.2,15, , , , ,BOWMAN,08/09/2000,1500,38.8,-78.58333,38.8,-78.58333,"A 15 yard wide tornado briefly touched down on the banks of the North Fork of the Shenandoah River near Bowman's Crossing.  It downed trees and corn as it traveled north for two tenths of a mile.","A cold front moved across the region on the evening of the 9th.  Thunderstorms that developed ahead and along the front produced winds in excess of 55 MPH, hail, frequent lightning, and isolated tornadoes.  In Highland County, trees were downed in Monterey and across the county.  A lightning fire destroyed a barn on Route 637 near Blue Grass.  In Augusta County, several trees were downed and structures were damaged by high wind.  A wind gust of 65 MPH was recorded in Staunton.  Eight trees were downed onto city roads and seven trees were downed onto a golf course.  One downed tree damaged a brick wall at the Woodrow Wilson Birthplace.  Windows were blown out on two buildings and the roof of an apartment building was damaged.  In Stuarts Draft, a downed tree damaged a house and a tractor and high wind removed the aluminum roof from a barn.  In Waynesboro, trees and power lines were downed.  In Rockingham County, trees and power lines were downed in Timberville, Elkton, Keezletown, and Rawley Springs.  Some trees were felled across roads and one tree fell onto a car in Keezletown.  Hail fell in Timberville.  

In Shenandoah County, an F0 tornado briefly touched down on property adjacent to Red Bank Road near Bowman's Crossing.  The 15 yard wide twister started by sucking up water on the banks of the North Fork of the Shenandoah River.  Next, it moved onshore and traveled north for two tenths of a mile.  It downed or snapped five trees and flattened part of a corn field before dissipating.  Straight line winds downed trees and power lines near New Market and Mt. Jackson.  A wind gust of 42 MPH was recorded in Edinburg and hail fell in New Market.  In Rappahannock County, trees were downed in Sperryville.  In Page County, downed trees and power lines blocked roads in Stanley.  A wind gust of 41 MPH was recorded in Luray where a downed tree punctures the roof of a house.  In Albemarle County, several trees were downed.  In Greene County, trees were downed in Standardsville.  In Culpeper, trees were downed in Culpeper.  In Madison County, an F1 tornado touched down just east of Madison.  The 50 yard wide twister was on the ground for one half mile and caused nearly $15,000 in damage.  It downed trees onto houses and one tree punched a hole into a roof.  Two cars were hit by fallen trees and a barn was damaged.  Straight line winds downed trees in Etlan and Madison.  In Orange County, a wind gust of 45 MPH was recorded at the Orange County Airport.  Trees and power lines were downed in Orange.  

In Frederick County, several trees and 20 power lines were downed from Hayfield to Shawneeland.  Several roads were blocked by felled trees.  Two houses were damaged by downed trees in Shawneeland.  A barn roof and side were blown apart near Hayfield.  Dime sized hail fell in Stephenson and Winchester.  A tree was downed onto a power line on Amherst Street and lightning started an attic fire in Winchester where a wind gust of 40 MPH was recorded.  Abrams Creek overflowed its banks in Winchester after one half inch of rain fell in 20 minutes.  In Warren County, trees and power lines were downed in Warrenton and at the Warren County Airport.  In Loudoun County, a wind gust of 66 MPH was recorded at the National Weather Service office on the north grounds of Dulles International Airport.  In Fairfax County, downed trees were concentrated in the Centreville and Clifton areas.  In Manassas, trees and power lines were downed and picnic tables and concession tents were damaged at an amusement park.  In Stafford County, trees were downed in and near White Oak, Mountain View, and Widewater.  A wind gust of 46 MPH was recorded at the Fredericksburg Airport.",427
5173057,MADISON CO.,MADISON,08/09/2000,1520,Tornado, ,F1,0,0,15000,0,VA,EST, ,1101299,C,113,LWX,0,0,EMERGENCY MANAGER, ,.5,50,1,E,1,E,MADISON,08/09/2000,1520,38.37,-78.25,38.37,-78.25,"A tornado touched down just east of Madison where it downed trees onto homes and cars and damaged a barn.","A cold front moved across the region on the evening of the 9th.  Thunderstorms that developed ahead and along the front produced winds in excess of 55 MPH, hail, frequent lightning, and isolated tornadoes.  In Highland County, trees were downed in Monterey and across the county.  A lightning fire destroyed a barn on Route 637 near Blue Grass.  In Augusta County, several trees were downed and structures were damaged by high wind.  A wind gust of 65 MPH was recorded in Staunton.  Eight trees were downed onto city roads and seven trees were downed onto a golf course.  One downed tree damaged a brick wall at the Woodrow Wilson Birthplace.  Windows were blown out on two buildings and the roof of an apartment building was damaged.  In Stuarts Draft, a downed tree damaged a house and a tractor and high wind removed the aluminum roof from a barn.  In Waynesboro, trees and power lines were downed.  In Rockingham County, trees and power lines were downed in Timberville, Elkton, Keezletown, and Rawley Springs.  Some trees were felled across roads and one tree fell onto a car in Keezletown.  Hail fell in Timberville.  

In Shenandoah County, an F0 tornado briefly touched down on property adjacent to Red Bank Road near Bowman's Crossing.  The 15 yard wide twister started by sucking up water on the banks of the North Fork of the Shenandoah River.  Next, it moved onshore and traveled north for two tenths of a mile.  It downed or snapped five trees and flattened part of a corn field before dissipating.  Straight line winds downed trees and power lines near New Market and Mt. Jackson.  A wind gust of 42 MPH was recorded in Edinburg and hail fell in New Market.  In Rappahannock County, trees were downed in Sperryville.  In Page County, downed trees and power lines blocked roads in Stanley.  A wind gust of 41 MPH was recorded in Luray where a downed tree punctures the roof of a house.  In Albemarle County, several trees were downed.  In Greene County, trees were downed in Standardsville.  In Culpeper, trees were downed in Culpeper.  In Madison County, an F1 tornado touched down just east of Madison.  The 50 yard wide twister was on the ground for one half mile and caused nearly $15,000 in damage.  It downed trees onto houses and one tree punched a hole into a roof.  Two cars were hit by fallen trees and a barn was damaged.  Straight line winds downed trees in Etlan and Madison.  In Orange County, a wind gust of 45 MPH was recorded at the Orange County Airport.  Trees and power lines were downed in Orange.  

In Frederick County, several trees and 20 power lines were downed from Hayfield to Shawneeland.  Several roads were blocked by felled trees.  Two houses were damaged by downed trees in Shawneeland.  A barn roof and side were blown apart near Hayfield.  Dime sized hail fell in Stephenson and Winchester.  A tree was downed onto a power line on Amherst Street and lightning started an attic fire in Winchester where a wind gust of 40 MPH was recorded.  Abrams Creek overflowed its banks in Winchester after one half inch of rain fell in 20 minutes.  In Warren County, trees and power lines were downed in Warrenton and at the Warren County Airport.  In Loudoun County, a wind gust of 66 MPH was recorded at the National Weather Service office on the north grounds of Dulles International Airport.  In Fairfax County, downed trees were concentrated in the Centreville and Clifton areas.  In Manassas, trees and power lines were downed and picnic tables and concession tents were damaged at an amusement park.  In Stafford County, trees were downed in and near White Oak, Mountain View, and Widewater.  A wind gust of 46 MPH was recorded at the Fredericksburg Airport.",428
5170678,SOMERSET CO.,CORNVILLE,08/09/2000,1803,Tornado, ,F2,0,0,0,0,ME,EST, ,1101387,C,25,GYX,0,0,EMERGENCY MANAGER, ,3,500, , , , ,CORNVILLE,08/09/2000,1810,44.83333,-69.66667,44.83333,-69.66667,"","An F2 tornado touched down in the town of Cornville in Somerset County downing numerous trees and damaging or destroying several buildings.  The tornado touched down just after 7 pm in a wooded area just west of East Ridge Road.  The tornado crossed East Ridge road and followed a path near Moody Town Road.  Several buildings along Moody Town Road were damaged or destroyed by the tornado.  The tornado was on the ground for approximately 7 minutes and cut a path about 3 miles long and up to 500 yards wide.  Winds were estimated to have gusted to near 120 mph in the most severely damaged area, just east of East Ridge Road.",429
5172062,LAKE CO.,MENTOR,08/09/2000,1839,Tornado, ,F0,0,0,25000,0,OH,EST, ,1101866,C,85,CLE,0,0,NWS STORM SURVEY, ,1,50, , , , ,MENTOR,08/09/2000,1839,41.66667,-81.33333,41.66667,-81.33333,"A weak tornado moved inland from Lake Erie and was on the ground in Mentor for a little less than one mile.   Many trees were knocked down with a few homes sustaining minor damage.","",430
5170102,SCIOTO CO.,SCIOTOVILLE,08/09/2000,1850,Tornado, ,F1,0,0,300000,0,OH,EST, ,1101119,C,145,ILN,0,0,EMERGENCY MANAGER, ,2,50, , , , ,SCIOTOVILLE,08/09/2000,1900,38.76667,-82.88333,38.73333,-82.83333,"A tornado was embedded in an area of straight line winds near Wheelersburg.  Trees and power lines were knocked down on vehicles, damage occurred to a few homes, and two rail cars were knocked off their tracks.","
Two clusters of thunderstorms caused significant damage on the 9th.  During the morning hours, a large bow echo raced across the area causing widespread wind damage.  During the afternoon and evening hours, a large cluster of storms formed causing widespread wind damage and hail along with some flooding.",431
5171429,LAWRENCE CO.,ATHALIA,08/09/2000,1926,Tornado, ,F1,0,0,200000,0,OH,EST, ,1102095,C,87,RLX,0,0,NWS STORM SURVEY, ,2.2,80,1,W,1,W,ATHALIA,08/09/2000,1930,38.51667,-82.31667,38.5,-82.3,"The path began on County Route 12, where a trailer was destroyed.  The path proceeded across County Route 42 to near Route 7.  All along the path, trees were snapped off and homes received structural damage.  A pole barn was destroyed on County Route 402.  The storm then crossed the Ohio River and struck the Cox Landing region of Cabell County, West Virginia.","",432
5172169,CABELL CO.,LESAGE,08/09/2000,1930,Tornado, ,F1,0,0,275000,0,WV,EST, ,1102097,C,11,RLX,0,0,NWS STORM SURVEY, ,.5,75,1,W,1,W,LESAGE,08/09/2000,1932,38.51667,-82.31667,38.51667,-82.3,"The tornado that touched down in Lawrence County, Ohio crossed the Ohio River and continued another half mile in West Virginia.  The region is known as Cox Landing.  A roof to an apartment building was lifted off.  Many large trees were fallen on a nearby golf course.  A few vehicles were damaged by fallen trees or by the debris from nearby dwellings.  The storm dissipated near Route 2.","
The second round of tall thunderstorms moved through during the evening hours, spawning a few tornadoes.  The lightning activity peaked around 2000E with around 200 strikes per minute in the Huntington to Charleston region.  Approximately 75,000 customers were without electricity.  Luckily, the storms continued to move, resulting in just minor flash flooding.  It was the 4th consecutive day with thunderstorms for many of these counties.",433
5171887,PUTNAM CO.,WINFIELD,08/09/2000,1940,Tornado, ,F0,0,0,1000,0,WV,EST, ,1102097,C,79,RLX,0,0,NWS STORM SURVEY, ,.3,50,2,SW,2,SW,WINFIELD,08/09/2000,1940,38.52,-81.9,38.52,-81.9,"State Police sighted a short lived tornado along Route 35, just down the river from the Winfield Locks.  No structures were damaged.  The road was littered with tree branches.","
The second round of tall thunderstorms moved through during the evening hours, spawning a few tornadoes.  The lightning activity peaked around 2000E with around 200 strikes per minute in the Huntington to Charleston region.  Approximately 75,000 customers were without electricity.  Luckily, the storms continued to move, resulting in just minor flash flooding.  It was the 4th consecutive day with thunderstorms for many of these counties.",434
5172260,LINCOLN CO.,BRANCHLAND,08/09/2000,2020,Tornado, ,F1,0,0,200000,0,WV,EST, ,1102097,C,43,RLX,0,0,NWS STORM SURVEY, ,1.5,100,2,NW,2,NW,BRANCHLAND,08/09/2000,2020,38.23333,-82.21667,38.23333,-82.16667,"Trees were chopped off midway up their trunk, plus bark was peeled off of other trees.  Dwellings suffered roof damage.  At least 2 mobile homes were destroyed  along Peyton Branch Road.","
The second round of tall thunderstorms moved through during the evening hours, spawning a few tornadoes.  The lightning activity peaked around 2000E with around 200 strikes per minute in the Huntington to Charleston region.  Approximately 75,000 customers were without electricity.  Luckily, the storms continued to move, resulting in just minor flash flooding.  It was the 4th consecutive day with thunderstorms for many of these counties.",435
5172389,ORLEANS PAR.,NEW ORLEANS,08/10/2000,1612,Tornado, ,F0,0,0,0,0,LA,CST, ,1102256,C,71,LIX,0,0,LAW ENFORCEMENT, ,.1,20, , , , ,NEW ORLEANS,08/10/2000,1612,29.95,-90.1,29.95,-90.1,"A weak tornado briefly touched down in the Michoud area of New Orleans East causing no damage.","",436
5157193,PINELLAS CO.,PALM HARBOR,08/12/2000,1250,Tornado, ,F0,0,0,500000,0,FL,EST, ,1102711,C,103,TBW,0,0,NWS STORM SURVEY, ,2.3,15,2,NW,2,NW,PALM HARBOR,08/12/2000,1255,28.1,-82.78333,28.1,-82.75,"A waterspout moved onshore as a small F0 tornado, estimated maximum winds of 60 to 70 mph, at Carlyle Circle on Indian Bluff Island, two miles northwest of Palm Harbor.  The micro sized tornado moved southeast and caused sporadic roof tile, lanai, boat dock and tree damage along Arrow and Carlyle Drives. 

The tornado continued southeast and caused sporadic roof tile and tree damage along Phillips Way. The small tornado continued southeast and destroyed the rear lanai of a home and caused structural damage to the second floor lanai and rear roof of a second home at the intersection of Ocean View Avenue and the Pinellas Trail.

The tornado track shifted slightly to an east-southeast direction and crossed U.S. Highway Alternate 19 at the intersection of De Soto Boulevard where it caused sporadic tree and roof tile damage.  The micro sized tornado damage path shrank to less than 10 yards wide as it moved over a heavily tree filled subdivision north of County Road 816 (Alderman Road).  The tornado snapped several pine trees and toppled a few large oak trees along a narrow path that traversed Enniswood Parkway, Enisgrove Drive North, Glenside Avenue, Glenwood Court, Crestwood Lane, Harvest Moon Drive, Rolling Woods Drive, Eaglenest, Lepprechaun Lane, Pine Hill Road before it lifted and dissipated near the intersection of Alderman and Belcher Roads.","",437
5169941,CAVALIER CO.,MILTON,08/13/2000,2353,Tornado, ,F0,0,0,50000,0,ND,CST, ,1100901,C,19,FGF,0,0,LAW ENFORCEMENT, ,.5,50,2,SE,2,SE,MILTON,08/13/2000,2353,48.61667,-98.01667,48.61667,-98.01667,"A brief touchdown destroyed a barn and tore the roof off a shop.","",438
5172362,KANABEC CO.,WARMAN,08/14/2000,1816,Tornado, ,F0,0,0,0,0,MN,CST, ,1102189,C,65,MPX,0,0,TRAINED SPOTTER, ,.1,25,2,S,2,S,WARMAN,08/14/2000,1817,46.03333,-93.28333,46.03333,-93.28333,"Touched down in farmer's field. No appreciable damage.","",439
5169586,ONEIDA CO.,LAKE TOMAHAWK,08/14/2000,1910,Tornado, ,F0,0,0,0,0,WI,CST, ,1101906,C,85,GRB,0,0,TRAINED SPOTTER, ,.1,25, , , , ,LAKE TOMAHAWK,08/14/2000,1910,45.81667,-89.6,45.81667,-89.6,"Brief touchdown","Severe thunderstorms developed in the vicinity of a front that was stalled across northeast Wisconsin.  Bowing lines of thunderstorms and supercell thunderstorms produced considerable wind damage, some hail, street flooding and a brief tornado touchdown.  Strong winds downed numerous trees and power lines.  Some homes were damaged when trees fell on them.  About 25,000 customers lost electrical power due to the storms.  A tornado touched down briefly at Lake Tomahawk (Oneida co.) resulting in tree damage.  Heavy rainfall caused street flooding at several locations.",440
5171271,POLK CO.,LUCK,08/14/2000,1935,Tornado, ,F0,0,0,0,0,WI,CST, ,1102190,C,95,MPX,0,0,GENERAL PUBLIC, ,.2,20,2,ENE,2,ENE,LUCK,08/14/2000,1935,45.58333,-92.45,45.58333,-92.45,"Tornado knocked down a few trees.","",441
5174671,LEE CO.,BOKEELIA,08/15/2000,1030,Tornado, ,F0,0,0,0,0,FL,EST, ,1102713,C,71,TBW,0,0,GENERAL PUBLIC, ,.1,5, , , , ,BOKEELIA,08/15/2000,1032,26.7,-82.15,26.7,-82.15,"A mariner reported that a waterspout over Charlotte Harbor moved onshore as an F0 tornado and quickly dissipated near Bokeelia on northern Pine Island.","",442
5169967,TOLLAND CO.,ELLINGTON,08/16/2000,1235,Tornado, ,F1,0,0,5000,0,CT,EST, ,1101824,C,13,BOX,0,0,LAW ENFORCEMENT, ,1.5,40, , , , ,ELLINGTON,08/16/2000,1240,41.9,-72.46667,41.9,-72.46667,"Formed along a cold front","A small tornado touched down for about 5 minutes in Ellington, located in northwest Tolland County.  It was an unusual tornado which spun up in a low level convergence area immediately along a cold front.  There were several eyewitness accounts of a rotating funnel cloud, and the tornado first touched down on a trailer store along Route 83 in the northern part of Ellington.  A total of 27 trailers were blown around and were left lying in different directions.  One trailer, which weighed nearly 1,400 pounds, was lifted upward to a height of 35 feet and carried 60 yards.  A cow barn, consisting of a galvanized steel frame, was damaged.  Several trees were uprooted and many branches snapped off.  

Based upon the damage observed, the tornado was classified as an F1 with wind speeds of 73 to 112 mph.  The damage path was one and a half miles long and 40 yards wide.  It traveled from the west-northwest to the east-southeast.  No injuries were reported and there was only minimal damage.",443
5169968,PROVIDENCE CO.,FOSTER,08/16/2000,1400,Tornado, ,F0,0,0,0,0,RI,EST, ,1101825,C,7,BOX,0,0,GENERAL PUBLIC, ,.2,15, , , , ,FOSTER,08/16/2000,1400,41.85,-71.76667,41.85,-71.76667,"Brief weak tornado","A weak tornado briefly touched down in a high elevation portion of North Foster.  The location was on East Killingly Road, about 2 miles east of the Connecticut state line, at an elevation of 670 feet.  The damage was isolated, with a large part of a tall pine tree snapped off near the top, and large branches near one foot in diameter taken down.  Large limbs were broken off an oak tree adjacent to the pine.  An apple tree was downed, and a six-foot wooden table was overturned.  Aside from this, there was no damage evident anywhere else in the vicinity.

Based upon the damage observed, the tornado was rated an F0, with wind speeds of 40 to 72 mph.  The path length was only 0.2 mile and the width was 15 yards.  The funnel was observed moving from southwest to northeast.

Also that afternoon, another severe thunderstorm dropped dime size hail in Coventry.",444
5157079,CLAY CO.,BIG CREEK,08/17/2000,1740,Tornado, ,F0,0,0,0,0,KY,EST, ,1102078,C,51,JKL,0,0,LAW ENFORCEMENT, ,.1,20,4,W,4,W,BIG CREEK,08/17/2000,1740,37.16667,-83.63333,37.16667,-83.63333,"A brief tornado touch down was reported in the forested area off the Daniel Boone Parkway.  Only minimal tree damage resulted from this storm.","",445
5170901,OKALOOSA CO.,BAKER,08/18/2000,1415,Tornado, ,F0,0,0,5000,0,FL,CST, ,1101344,C,91,MOB,0,0,EMERGENCY MANAGER, ,.5,50, , , , ,BAKER,08/18/2000,1417,30.8,-86.7,30.8,-86.7,"A weak tornado was observed near the community.  The tornado only briefly touched down, blowing down one tree and producing other vegitative damage in the area.  The weak tornado was captured on video.","",446
5175271,MONROE CO.,BIG PINE KEY,08/18/2000,1450,Tornado, ,F0,0,0,0,0,FL,EST, ,1099628,C,87,EYW,0,0,LAW ENFORCEMENT, ,.1,20, , , , ,BIG PINE KEY,08/18/2000,1451,24.68333,-81.38333,24.68333,-81.38333,"waterspout moved across the Bahia Honda bridge, stopping traffic but causing no damage or injuries.","",447
5171220,TANGIPAHOA PAR.,PONCHATOULA,08/20/2000,1445,Tornado, ,F0,0,0,0,0,LA,CST, ,1102268,C,105,LIX,0,0,LAW ENFORCEMENT, ,.1,20, , , , ,PONCHATOULA,08/20/2000,1445,30.43333,-90.43333,30.43333,-90.43333,"A weak tornado briefly touched down causing no damage.","",448
5171223,JACKSON CO.,ESCATAWPA,08/20/2000,1530,Tornado, ,F0,0,0,2000,0,MS,CST, ,1102271,C,59,LIX,0,0,LAW ENFORCEMENT, ,.5,30, , , , ,ESCATAWPA,08/20/2000,1530,30.43333,-88.55,30.43333,-88.55,"Several trees were knocked down and some homes had windows blown out.","",449
5174673,LEE CO.,BOCA GRANDE,08/21/2000,1840,Tornado, ,F0,0,0,75000,0,FL,EST, ,1102715,C,71,TBW,0,0,GENERAL PUBLIC, ,.6,15,1,NE,1,NE,BOCA GRANDE,08/21/2000,1843,26.76667,-82.25,26.76667,-82.26667,"The public reported that a waterspout moved onshore as a weak tornado along Treasure Lane, one mile northeast of Boca Grande.  The local fire department reported that the small tornado caused minor roof, lanai, carport and glass damage to a few homes as it moved west across Jean Lafette, Gaspar Drive, East Railroad and Gasparilla Roads.  Also, a few trees were uprooted or snapped half way from the base before the tornado lifted and dissipated near 14th Street in Boca Grande.","",450
5171228,ST. TAMMANY PAR.,ABITA SPGS,08/23/2000,1520,Tornado, ,F0,0,1,10000,0,LA,CST, ,1102276,C,103,LIX,0,0,LAW ENFORCEMENT, ,1.5,30,7,E,7,E,ABITA SPGS,08/23/2000,1523,30.48333,-89.91667,30.48333,-89.91667,"A tornado and strong downburst winds knocked down numerous trees, damaged a vehicle, and caused minor damage to a home along Highway 435. One man suffered minor injuries.","",451
5173303,MCLEAN CO.,TWIN GROVE,08/23/2000,1723,Tornado, ,F1,0,0,7000,0,IL,CST, ,1101127,C,113,ILX,0,0,NWS STORM SURVEY, ,.5,86,1,WSW,1,WSW,TWIN GROVE,08/23/2000,1724,40.5,-89.1,40.48333,-89.1,"Within a path of damaging winds, a tornado spun up 1.2 miles west southwest of Twin Grove.  It destroyed a large section of a corn field, then crossed a county road destroying several mature trees and demolishing a small metal shed.  The house on the property suffered only superficial damage to some trim.  The tornado continued to the southeast to another homestead, destroying several more mature trees and some rail fencing.  Sheet metal from the shed was found scattered about the second homestead.  The house on this property was undamaged.  The tornado then reached a densely forested area, where surface friction dissipated the vortex.  No injuries were reported.","",452
5174922,SARASOTA CO.,SARASOTA,08/24/2000,1729,Tornado, ,F0,0,0,0,0,FL,EST, ,1102718,C,115,TBW,0,0,BROADCAST MEDIA, ,.1,5,2,NNW,2,NNW,SARASOTA,08/24/2000,1729,27.36667,-82.55,27.36667,-82.55,"A small F0 tornado, possibly a gustnado, made a brief touchdown along U.S. Highway 41 and Indian Beach Drive in Sarasota where a gas pump overhang was damaged.","",453
5157164,WESTERN INTERIOR CO.,ADJUNTAS,08/25/2000,1800,Tornado, ,F0,0,0,5000,0,XX,AST, ,1102748,C,9,SJU,0,0,GENERAL PUBLIC, ,1,10, , , , ,ADJUNTAS,08/25/2000,1815, , , , ,"","Residents in Adjuntas reported a small tornado.  Some trees were knocked down and some furniture were thrown around.",454
5163878,LOS ANGELES CO.,LITTLE ROCK,08/28/2000,1345,Tornado, ,F0,0,0,0,0,CA,PST, ,1099859,C,37,LOX,0,0,STORM CHASER, ,.1,2,2,N,2,N,LITTLE ROCK,08/28/2000,1345,34.55,-117.98333,34.55,-117.98333,"A very weak tornado developed in the Antelope Valley, near the community of Little Rock. No damage was reported.","",455
5171293,WASHINGTON PAR.,ANGIE,08/30/2000,1630,Tornado, ,F0,0,0,0,0,LA,CST, ,1102285,C,117,LIX,0,0,TRAINED SPOTTER, ,.1,20, , , , ,ANGIE,08/30/2000,1630,30.96667,-89.8,30.96667,-89.8,"A weak tornado briefly touched down but caused no damage.","",456
5172774,IMPERIAL CO.,GLAMIS,08/30/2000,1845,Tornado, ,F0,0,0,0,0,CA,PST, ,1101481,C,25,PSR,0,0,GENERAL PUBLIC, ,3,50, , , , ,GLAMIS,08/30/2000,1900,33,-115.06667,33,-115.06667,"Motorist reported tornado near Glamis,  lasting about 15 minutes before it roped out and dissipated.","",457
5171462,WASHINGTON PAR.,FRANKLINTON,08/31/2000,1435,Tornado, ,F0,0,0,500,0,LA,CST, ,1102292,C,117,LIX,0,0,EMERGENCY MANAGER, ,.2,25,2,W,2,W,FRANKLINTON,08/31/2000,1435,30.85,-90.18333,30.85,-90.18333,"A weak tornado briefly touched down in the Stony Point community resulting in several trees being blown down.","",458
5171978,LINCOLN CO.,HIKO,08/31/2000,1640,Tornado, ,F1,0,0,0,0,NV,PST, ,1102169,C,17,VEF,0,0,GENERAL PUBLIC, ,1,.2, , , , ,HIKO,08/31/2000,1640,37.6,-115.23333,37.6,-115.23333,"A tornado touched down briefly 5N of Hiko, NV on a ridgetop. No apparent damage as tornado touched down in open country and was on the ground for no more than two minutes.","",459
5171459,TERREBONNE PAR.,HOUMA,08/31/2000,1714,Tornado, ,F0,0,0,0,0,LA,CST, ,1102289,C,109,LIX,0,0,EMERGENCY MANAGER, ,.1,20,5,N,5,N,HOUMA,08/31/2000,1714,29.66667,-90.71667,29.66667,-90.71667,"A weak tornado briefly touched down resulting in no damage.","",460
5156956,BUTTE CO.,ARCO,09/01/2000,1530,Tornado, ,F0,0,0,0,0,ID,MST, ,1102803,C,23,PIH,0,0,GENERAL PUBLIC, ,2,10,8,SE,8,SE,ARCO,09/01/2000,1535,43.55,-113.18333,43.55,-113.18333,"This was a weak tornado that touched down in a remote area and caused no damage.","",461
5158446,WELD CO.,PURCELL,09/01/2000,1843,Tornado, ,F0,0,0,0,0,CO,MST, ,1104025,C,123,BOU,0,0,TRAINED SPOTTER, ,.1,25,10,E,10,E,PURCELL,09/01/2000,1845,40.63333,-104.4,40.63333,-104.4,"A small tornado touched down briefly in open country.","",462
5174576,HARRISON CO.,ORANGE GROVE,09/02/2000,1725,Tornado, ,F0,0,0,500,0,MS,CST, ,1103139,C,47,LIX,0,0,LAW ENFORCEMENT, ,.2,25, , , , ,ORANGE GROVE,09/02/2000,1725,30.43333,-89.08333,30.43333,-89.08333,"A weak torando briefly touched down near Canal Road knocking down several trees.","",463
5174577,HARRISON CO.,GULFPORT,09/02/2000,1929,Tornado, ,F0,0,0,30000,0,MS,CST, ,1103140,C,47,LIX,0,0,EMERGENCY MANAGER, ,.2,25, , , , ,GULFPORT,09/02/2000,1929,30.38333,-89.08333,30.38333,-89.08333,"A tornado caused damage in a two block area at Pass and Courthouse Roads. Windows were blown out in a shopping center and roof damage occurred to two businesses.  Several cars in a parking lot were damaged, a sign was knocked down, and a tree fell on a moving car on Pass Road.","",464
5175223,DUVAL CO.,JAX CRAIG MUNI ARPT,09/06/2000,1040,Tornado, ,F0,0,0,0,0,FL,EST, ,1103173,C,31,JAX,0,0,LAW ENFORCEMENT, ,.1,5,6,SSW,6,SSW,JAX CRAIG MUNI ARPT,09/06/2000,1040,30.25,-81.55,30.25,-81.55,"A weak FO was observed touching down in an open area of an industral park just east of UNF.","",465
5174908,DUVAL CO.,JACKSONVILLE,09/06/2000,1045,Tornado, ,F0,0,0,55000,0,FL,EST, ,1103161,C,31,JAX,0,0,TRAINED SPOTTER, ,.1,8,9,SW,9,SW,JACKSONVILLE,09/06/2000,1045,30.25,-81.76667,30.25,-81.76667,"Weak FO. The tornado tossed a car on Blanding Blvd, caused some minor roof damage and blew down numerous trees and power lines. More than 7,000 customers were without power for most of the day.","",466
5177903,GARFIELD CO.,PANGUITCH,09/08/2000,1200,Tornado, ,F0,0,0,0,0,UT,MST, ,1105882,C,17,SLC,0,0,GENERAL PUBLIC, ,2,20, , , , ,PANGUITCH,09/08/2000,1205,37.81667,-112.43333,37.81667,-112.43333,"A tornado was spotted near Panguitch on Highway 20 which goes from US-89 to I-15. The tornado stayed over open country for about 5 minutes before lifting. No damage was reported.","",467
5174024,MESA CO.,WHITEWATER,09/08/2000,1305,Tornado, ,F1,0,0,1000,0,CO,MST, ,1103462,C,77,GJT,0,0,GENERAL PUBLIC, ,.4,40,9,ESE,9,ESE,WHITEWATER,09/08/2000,1310,38.93333,-108.28333,38.93333,-108.26667,"","A tornado traveled east across two roads in an area just south of Kannah Creek. 100 year old trees were blown down and branches were twisted around some trees.  A power pole was snapped off near a church.  One-foot diameter tree limbs were blown over 100 yards away into a picnic area.",468
5174026,GRAND CO.,MOAB,09/08/2000,1625,Tornado, ,F0,0,0,0,0,UT,MST, ,1103464,C,19,GJT,0,0,BROADCAST MEDIA, ,2,30,18,NW,18,NW,MOAB,09/08/2000,1630,38.76667,-109.78333,38.81667,-109.66667,"","A weak tornado was observed by a radio station employee and her husband as they traveled north on US Highway 191.  The thunderstorm which produced this tornado had a dark green appearance.",469
5157573,MANATEE CO.,BRADENTON,09/09/2000,1135,Tornado, ,F0,0,0,2000,0,FL,EST, ,1104014,C,81,TBW,0,0,GENERAL PUBLIC, ,.1,5,4,SW,4,SW,BRADENTON,09/09/2000,1135,27.45,-82.61667,27.45,-82.61667,"The public reported, through the Manatee County Emergency Management and print media, that a very small tornado (gustnado) briefly touched downed and damaged a home roof awning and destroyed a metal pole and tarp canopy of a Wal-Mart store on the 5300 block of West Cortez Road in Bradenton.","",470
5169707,FLATHEAD CO.,WHITEFISH,09/10/2000,1410,Tornado, ,F0,0,0,0,0,MT,MST, ,1101991,C,29,MSO,0,0,GENERAL PUBLIC, ,2,0, , , , ,WHITEFISH,09/10/2000,1430,48.41667,-114.33333,48.41667,-114.33333,"Whitefish attorney followed and photographed a tornado that formed near Big Mountain, traveled near Whitefish Lake and then dissipated over Iron Horse brewery. No damage reported.","",471
5157230,KNOX CO.,ST AUGUSTINE,09/11/2000,2045,Tornado, ,F0,0,0,0,0,IL,CST, ,1102925,C,95,ILX,0,0,EMERGENCY MANAGER, ,.5,75,3,NE,3,NE,ST AUGUSTINE,09/11/2000,2050,40.75,-90.36667,40.71667,-90.35,"A small tornado touched down 2.5 miles northeast of St. Augustine. It moved through some corn fields, flattening them, before lifting 3 miles east of St. Augustine. No damage occurred to any structures, trees or power lines. No injuries were reported. Wind estimates were between 60 and 65 miles per hour, classifying it as an F-0 on the Fujita scale.","",472
5156670,PALO ALTO CO.,AYRSHIRE,09/13/2000,1930,Tornado, ,F0,0,0,0,3000,IA,CST, ,1102943,C,147,DMX,0,0,EMERGENCY MANAGER, ,.2,25,4,SE,4,SE,AYRSHIRE,09/13/2000,1930,43,-94.8,43,-94.8,"Brief touchdown","Once again, very warm and humid air spread over Iowa with temperatures in the 80s to mid 90s during the afternoon of the 13th.  The airmass was again very capped with 700 mb temperatures of 12 degrees C. or higher over most of the area.  As a result, thunderstorms had a hard time developing.  Once the thunderstorms did develop they became severe quite quickly.  There was one tornado reported during the early part of the thunderstorm development.  A brief touchdown occurred southeast of Ayrshire in Palo Alto County.  No significant damage was reported with this tornado.  The main severe weather feature with these storms was hail, though there were several reports of high winds as well.  The big story was hail of an inch or more in diameter, with frequent reports of hail up to golf ball in size.  Considerable crop damage was reported with soybeans being hard hit.  Some reports indicate up to 50% of the soybean pots cracked open by the hail.  Golf ball size hail war reported ankle deep east of Ellsworth in Hamilton County.  Hail fell for a 30 minute period in Wright County at Eagle Grove.  High winds also caused tree, power line, and crop damage.   Trees were toppled in several locations by winds of 60 to 70 MPH.  The winds also caused considerable lodging of the corn crop due in part to stalk rot brought about by the very dry weather.  The down of Duncombe in Webster County was hard hit with considerable roof damage reported there.",473
5157236,SUFFOLK CO.,SOUTHOLD,09/15/2000,520,Tornado, ,F1,0,0,0,0,NY,EST, ,1102814,C,103,OKX,0,0,BROADCAST MEDIA, ,.1,20, , , , ,SOUTHOLD,09/15/2000,520,41.06667,-72.41667,41.06667,-72.41667,"
As a line of thunderstorms and heavy showers moved southeast, one cell spawned a short-lived tornado in the town of Southold on the North Fork of Long Island.

The National Weather Service conducted a storm survey and confirmed the occurrence of a weak tornado in the Nassau Point area of Little Hog Neck.  This tornado was classified as an F1 with wind speeds estimated from 80 to 100 mph.

The weak tornado first touched down in the back yard of three homes on the west side of Nassau Point Road around 6:20 am EDT.  Then it moved through the front yard of one of the homes, where it did its' greatest damage.  Most of the damage was to trees.  Many trees had numerous branches twisted off and several trees were snapped off and deposited a good distance from where they grew.  Slight structural damage was done to the roof of the house.

The tornado crossed over to the east side of Nassau Point Road and apparently lifted as it moved across Hog Neck Bay.  It touched down again in Bayview (on the other side of Hog Neck Bay) around 6:40 am EDT.  Two eyewitnesses on Rambler Road experienced very strong winds, which uprooted trees and damaged several pieces of heavy lawn furniture.  In this vicinity, the tornado was classified as an F0, with an approximate path length of 0.1 miles and average path width of 10 yards.","",474
5156720,PALM BEACH CO.,BOCA RATON,09/16/2000,1515,Tornado, ,F0,0,0,0,0,FL,EST, ,1102837,C,99,MFL,0,0,GENERAL PUBLIC, ,.4,10, , , , ,BOCA RATON,09/16/2000,1520,26.35,-80.08333,26.35,-80.08333,"A waterspout moved ashore and briefly touched down as a tornado near Power Line Road and Palmetto Park Avenue.","",475
5156476,BROWARD CO.,TAMARAC,09/16/2000,1715,Tornado, ,F1,0,0,0,0,FL,EST, ,1102841,C,11,MFL,0,0,STORM CHASER, ,1,30,5,W,5,W,TAMARAC,09/16/2000,1715,26.17,-80.25,26.17,-80.25,"A tornado touched down in the Everglades west of  the Sawgrass Expressway.  It was videotaped by a storm chaser.","",476
5156477,PALM BEACH CO.,BOYNTON BEACH,09/16/2000,1750,Tornado, ,F0,0,0,0,0,FL,EST, ,1102842,C,99,MFL,0,0,GENERAL PUBLIC, ,.3,10, , , , ,BOYNTON BEACH,09/16/2000,1750,26.51667,-80.03333,26.51667,-80.03333,"The public reported a tornado touched down near Woolbright Road and 23 Avenue.","",477
5157963,LEE CO.,SANIBEL,09/17/2000,343,Tornado, ,F1,0,0,2000000,0,FL,EST, ,1104019,C,71,TBW,0,0,NWS STORM SURVEY, ,18,20,2,E,2,E,SANIBEL,09/17/2000,417,26.45,-81.98333,26.7,-82.15,"A fast moving tornado, on the low end of the F1 scale, associated with an outer band of hurricane Gordon, touched down along East Gulf Drive, two miles east of Sanibel on Sanibel Island, and caused extensive damage to two condominium complexes, two dozen nearby homes and lanais.  

The tornado moved north northwest and sporadically touched down along rural County Road 767 on Pine Island in western Lee county.  The tornado damaged the roofs of a few homes, carports and toppled or snapped palm trees along it's path.  The tornado lifted and dissipated near Bokeelia on the north side of Pine Island.  Residents in the path of the tornado in Sanibel indicated that they heard the sound of roaring train and their ears felt an air pressure change as it passed overhead.","",478
5158042,LEE CO.,SANIBEL,09/17/2000,433,Tornado, ,F1,0,0,1000000,0,FL,EST, ,1104022,C,71,TBW,0,0,NWS STORM SURVEY, ,14,65, , , , ,SANIBEL,09/17/2000,454,26.45,-82.01667,26.63333,-82.1,"A tornado, on the high end of the F1 scale, associated with an outer band of Hurricane Gordon, touched down on the south side of Sanibel Island and rapidly moved north northwest across Periwinkle Way where it removed roofs, destroyed lanais, downed trees, power lines and large branches across the island.  

The tornado then moved over southern Pine Island where it widened to nearly 200 feet in width and uprooted or stripped numerous mangrove trees.  The tornado continued rapidly north northwest along and east of County Road 767 until it moved over Little Pine Island.  

The tornado caused significant roof damage to two businesses and at least ten homes, carports, garages and lanais along Pine Island Road, west of Matlacha, before it dissipated on the northern side of Little Pine Island.  Also, more than a dozen trees were uprooted and five utility poles downed by the tornado along Pine Island Road near west of Matlacha.  Residents along Pine Island Road indicated that the torndo sounded like a loud machine or train as it passed overhead.","",479
5157964,CHARLOTTE CO.,PORT CHARLOTTE,09/17/2000,443,Tornado, ,F0,0,0,75000,0,FL,EST, ,1104020,C,15,TBW,0,0,NWS STORM SURVEY, ,6,5,5,S,5,S,PORT CHARLOTTE,09/17/2000,454,26.9,-82.1,26.98333,-82.08333,"A fast moving tornado, associated with an outer rainband of Hurricane Gordon, briefly touched down near the Port Charlotte Yacht Club and Public Beach near Harbor Boulevard in Port Charlotte.  The tornado continued to sporadically touch down along a narrow path as it moved rapidly north northwest across Charlotte county.  The tornado damaged the roofs of a few homes, a couple of carports and downed a few trees, power lines and large branches before it crossed into Sarasota County.","",480
5157965,SARASOTA CO.,NORTH PORT,09/17/2000,454,Tornado, ,F0,0,0,60000,0,FL,EST, ,1104021,C,115,TBW,0,0,NWS STORM SURVEY, ,12,5,6,E,6,E,NORTH PORT,09/17/2000,512,27,-81.96667,27.23333,-81.96667,"A short lived tornado, that originated in Charlotte county and was associated with an outer rainband of Hurricane Gordon, briefly touched down, snapped a few trees, downed power lines and damaged a few carports, east of the intersection of Interstate 75 and Toledo Blade Boulevard.  The tornado continued to sporadically touch down along a narrow path as it moved rapidly north across Interstate 75 over rural southeast Sarasota county before it lifted and dissipated.","",481
5158354,HIGHLANDS CO.,LAKE PLACID,09/17/2000,715,Tornado, ,F0,0,0,25000,0,FL,EST, ,1104023,C,55,TBW,0,0,TRAINED SPOTTER, ,17,5, , , , ,LAKE PLACID,09/17/2000,715,27.3,-81.36667,27.5,-81.55,"A fast moving tornado, associated with an outer rainband of Hurricane Gordon, was observed to sporadically touch down by a Skywarn Spotter in Lake Placid.  The tornado downed a few trees, toppled power lines and snapped several branches in Lake Placid before it continued to move north northwest over rural semi-wooded western Highlands county.  The tornado was last observed at Highlands Hammock State Park where it touched down and destroyed a ranger outhouse before it receded and dissipated.","",482
5156478,BROWARD CO.,HALLANDALE,09/17/2000,915,Tornado, ,F0,0,0,50000,0,FL,EST, ,1102843,C,11,MFL,0,0,BROADCAST MEDIA, ,.2,20, , , , ,HALLANDALE,09/17/2000,915,25.98333,-80.15,25.98333,-80.15,"A tornado alit in the Evergreen Mobile Home Park and damaged roofs and awnings.","",483
5177930,VOLUSIA CO.,NEW SMYRNA BEACH,09/17/2000,1745,Tornado, ,F0,0,0,10000,0,FL,EST, ,1105821,C,127,MLB,0,0,NEWSPAPER, ,.5,80,4,N,4,N,NEW SMYRNA BEACH,09/17/2000,1745,29.06667,-80.93333,29.06667,-80.93333,"An F0 tornado associated with the outer rainbands of Hurricane Gordon touched in the Ponce Inlet area just north of New Smyrna Beach.  The small tornado tore a large awning from one home and hurled it into the roof of the home across the street. Power was lost in the neighborhood, trees were snapped off and signs and mailboxes were blown down.","",484
5175012,GEORGETOWN CO.,GEORGETOWN,09/18/2000,733,Tornado, ,F1,0,0,8000,0,SC,EST, ,1103394,C,43,ILM,0,0,NEWSPAPER, ,.3,30,4,S,4,S,GEORGETOWN,09/18/2000,734,33.32,-79.3,33.32,-79.3,"A tornado touched down on Waccamaw Neck.  Numerous trees were down in the path of the tornado, one damaging the church at Friendfield Village in Hobcaw.","",485
5156149,CARTERET CO.,STELLA,09/18/2000,1537,Tornado, ,F0,0,0,0,0,NC,EST, ,1102819,C,31,MHX,0,0,NWS EMPLOYEE(OFF DUTY), ,.1,50,3,E,3,E,STELLA,09/18/2000,1537,34.76667,-77.1,34.76667,-77.15,"A weak F0 tornado touched down in Hadnot Creek near the town of Stella. The tornado was on the ground for a brief time and remained over the salt marsh.","",486
5175230,GREENE CO.,XENIA,09/20/2000,1818,Tornado, ,F4,1,100,15000000,0,OH,EST, ,1103177,C,57,ILN,0,0,NWS STORM SURVEY, ,9,500,4,SW,4,SW,XENIA,09/20/2000,1826,39.65,-83.98333,39.73333,-83.88333,"A violent tornado that moved at 65 mph hit the town of Xenia for the second time in 26 years damaging some of the same areas that were hit in 1974.  Along the path of the tornado, around 250 homes were either damaged or destroyed, over 40 businesses were damaged or destroyed including the local Wal Mart, Kroger, and Tire Discounters, and 6 churches were damaged.  A strip mall was nearly destroyed, cars were thrown from the Highway 35 bypass into ditches, 4 semi-trailers were thrown up to 400 yards, and most of the buildings were damaged or destroyed at the Greene county fairgrounds. In Sugarcreek Township, which is to the southwest of Xenia, an additional 14 houses and 3 barns were damaged and some crops were destroyed on a narrow path.  Over 10,000 residents were without power for at least 1 day.","",487
5174934,HURON CO.,MONROEVILLE,09/20/2000,1905,Tornado, ,F2,0,1,250000,15000,OH,EST, ,1103346,C,77,CLE,0,0,NWS STORM SURVEY, ,1.5,100, , , , ,MONROEVILLE,09/20/2000,1907,41.25,-82.7,41.25,-82.7,"A tornado touched down north of Monroeville along State Route 99 near Mead Road.  The tornado traveled east for 2.5 miles along State Route 113 and dissipated in Erie County near the corner of Higbee and Livengood Roads.  The tornado was not on the ground the entire length and had a damage path approximately 100 yards in width.  A mobile home, small outbuilding, barn, garage and a camper were destroyed in Huron County.  An adult male inside the mobile home was slightly injured.  The damage path of the tornado was clearly visible through corn fields and debris from the destroyed buildings was strewn along the path and in some case thrown well outside the path.  Ears of corn were found shucked, apparently by the tornado.  Several hundred trees were downed along the damage path.","",488
5174676,ERIE CO.,MILAN,09/20/2000,1907,Tornado, ,F2,0,0,175000,10000,OH,EST, ,1103346,C,43,CLE,0,0,NWS STORM SURVEY, ,1,100, , , , ,MILAN,09/20/2000,1909,41.3,-82.61667,41.3,-82.61667,"A tornado touched down north of Monroeville in Huron County and traveled east along State Route 113 into southern Erie County.  The tornado dissipated near the corner of Higbee and Livengood Roads after destroying a farm house.  The destroyed house was ripped from its foundation, moved 40 feet and knocked over.  A second house and a small barn were also slightly damaged.  The tornado traveled approximately one mile in Erie County and had a damage path about 100 yards wide.  Debris from the homes was thrown well outside the damage path which was clearly visible through corn fields.  Ears of corn were shucked, apparently by the tornado and some ears had many kernels removed.  Several dozen trees were downed along the damage path.","",489
5175229,DELAWARE CO.,HARLEM,09/20/2000,1931,Tornado, ,F2,0,2,1000000,0,OH,EST, ,1103177,C,41,ILN,0,0,NWS STORM SURVEY, ,5,100,1,S,1,S,HARLEM,09/20/2000,1936,40.13333,-82.83333,40.18333,-82.78333,"A tornado touched down in the southeastern part of the county, along Harlem road and then raced rapidly eastward to the Licking county line.  Two high tension power line towers were bent over and 14 houses were either damaged or destroyed.","",490
5157090,LICKING CO.,JOHNSTOWN,09/20/2000,1936,Tornado, ,F2,0,0,1000000,100000,OH,EST, ,1103177,C,89,ILN,0,0,NWS STORM SURVEY, ,16,100,4,NW,4,NW,JOHNSTOWN,09/20/2000,1950,40.18333,-82.73333,40.26667,-82.48333,"A tornado tracked out of Delaware county across the northwestern part of the county and then continued into Knox county.  The storm lifted briefly in spots but maintained a 25 mile track across the three counties, mainly in rural areas.  Eleven homes received major damage and 4 received minor damage.  Several barns and outbuildings were also destroyed.  Twelve buildings at the Buckeye Egg Company were destroyed, trapping one million chickens inside.","",491
5174597,KNOX CO.,MT VERNON,09/20/2000,1951,Tornado, ,F1,0,0,150000,35000,OH,EST, ,1103346,C,83,CLE,0,0,NWS STORM SURVEY, ,10,75, , , , ,MT VERNON,09/20/2000,2001,40.4,-82.48333,40.4,-82.48333,"A tornado moved through the very southern part of Knox County.  The damage path was nearly 10 miles in length, ranged from 50 to 100 yards in width and moved through Miller and Morgan Townships.  The tornado lifted in Morgan Township just east of Morgan Center Road after downing many large trees and flattening sections of several large corn fields.   Minor damage occurred to four homes and a barn was destroyed.  A small storage shed was also damaged and several dozen trees and power poles were downed.","",492
