EVENT_ID,CZ_NAME_STR,BEGIN_LOCATION,BEGIN_DATE,BEGIN_TIME,EVENT_TYPE,MAGNITUDE,TOR_F_SCALE,DEATHS_DIRECT,INJURIES_DIRECT,DAMAGE_PROPERTY_NUM,DAMAGE_CROPS_NUM,STATE_ABBR,CZ_TIMEZONE,MAGNITUDE_TYPE,EPISODE_ID,CZ_TYPE,CZ_FIPS,WFO,INJURIES_INDIRECT,DEATHS_INDIRECT,SOURCE,FLOOD_CAUSE,TOR_LENGTH,TOR_WIDTH,BEGIN_RANGE,BEGIN_AZIMUTH,END_RANGE,END_AZIMUTH,END_LOCATION,END_DATE,END_TIME,BEGIN_LAT,BEGIN_LON,END_LAT,END_LON,EVENT_NARRATIVE,EPISODE_NARRATIVE,ABSOLUTE_ROWNUMBER
361956,WINN PAR.,SIKES,03/21/2012,214,Tornado, ,EF0,0,0,0,0,LA,CST-6, ,60619,C,127,SHV,0,0,NWS Storm Survey, ,0.38,50,2,SSE,2,SSE,SIKES,03/21/2012,215,32.0508,-92.4855,32.0563,-92.4846,"An EF0 briefly tornado touched down south of Sikes, Louisiana along Hwy. 499.  A few trees were snapped on the west side of the highway near the Parish Road 1134 and Hwy. 499 intersection.  No structures or powerlines were damaged.  The tornado was moving north northeast and lifted in a cleared area before reaching the community of Sikes.","A vigorous upper level trough closed off across the Southwest United States leading up to the outbreak of severe storms and flash flooding across Northwest Louisiana during the late morning hours of March 20th and continuing into the morning hours of March 21st.  While instability was not much of a factor for this event, shear was extensive throughout the atmosphere, especially in the lower levels.  As a result, tornadoes developed in the large rain area that encompassed much of Northern Louisiana.  The flooding was extensive across the northern half of the state as well.",1
366422,JEFFERSON DAVIS PAR.,LAKE ARTHUR,03/21/2012,317,Tornado, ,EF1,0,0,3000000,0,LA,CST-6, ,61254,C,53,LCH,0,0,NWS Storm Survey, ,3.92,40,0,S,3,N,LAKE ARTHUR,03/21/2012,319,30.073,-92.6798,30.1297,-92.6812,"At least 30-40 homes and businesses were damaged when a tornado tore through Lake Arthur. Most of the damage was roof damage, although several homes had windows and walls damaged from flying debris. The water tower had a large radio antenna fall from it. Numerous trees and power lines were down.","A cold front slowly moved into Southeast Texas and then into far west sections of Louisiana during the 20th. The cold front stalled upon entering Louisiana and then slowly moved back west through the evening before finally moving east in the morning of the 21st. The slow moving boundary produced severe weather and widespread flooding.",2
366418,VERMILION PAR.,GUEYDAN,03/21/2012,340,Tornado, ,EF2,0,1,2500000,0,LA,CST-6, ,61254,C,113,LCH,0,0,NWS Storm Survey, ,4.16,20,4,S,1,ENE,GUEYDAN,03/21/2012,344,29.9746,-92.5181,30.0336,-92.5045,"A tornado began south of Gueydan near the LA 91 and LA 3143 intersection, where a large barn was destroyed and several homes had minor roof damage. Several gravestones were overturned at a local cemetary. When the tornado reached Gueydan, it flipped one single-wide mobile home that was tied down, destroying it, and heavily damaged two other mobile homes. At least 20 other homes in town received minor roof damage, and the town hall had roof damage as well. Numerous trees were snapped or blown down along the path. One minor injury happened in one mobile home when a man tried to escape his house after the storm and he stepped on broken glass, cutting his feet.","A cold front slowly moved into Southeast Texas and then into far west sections of Louisiana during the 20th. The cold front stalled upon entering Louisiana and then slowly moved back west through the evening before finally moving east in the morning of the 21st. The slow moving boundary produced severe weather and widespread flooding.",3
366423,VERMILION PAR.,BANCKER,03/21/2012,453,Tornado, ,EF0,0,0,75000,0,LA,CST-6, ,61254,C,113,LCH,0,0,NWS Storm Survey, ,0.9,20,1,E,2,NE,BANCKER,03/21/2012,454,29.8816,-92.1028,29.8945,-92.1004,"A tornado touched down west of Henry, where is blew the roof off a barn, and damaged several other outbuildings. Several trees were snapped.","A cold front slowly moved into Southeast Texas and then into far west sections of Louisiana during the 20th. The cold front stalled upon entering Louisiana and then slowly moved back west through the evening before finally moving east in the morning of the 21st. The slow moving boundary produced severe weather and widespread flooding.",4
366424,VERMILION PAR.,GROSSE ISLE,03/21/2012,459,Tornado, ,EF1,0,0,75000,0,LA,CST-6, ,61254,C,113,LCH,0,0,NWS Storm Survey, ,1.18,20,2,SSE,1,SSW,ABBEVILLE MUNI ARPT,03/21/2012,501,29.9477,-92.0917,29.9633,-92.0838,"A tornado touched down on the east side of Abbeville, where is destroyed a well built 2 car garage and one portable building. Several trees and telephone poles were snapped.","A cold front slowly moved into Southeast Texas and then into far west sections of Louisiana during the 20th. The cold front stalled upon entering Louisiana and then slowly moved back west through the evening before finally moving east in the morning of the 21st. The slow moving boundary produced severe weather and widespread flooding.",5
366420,ST. MARY PAR.,PATTERSON,03/21/2012,710,Tornado, ,EF0,0,0,100000,0,LA,CST-6, ,61254,C,101,LCH,0,0,NWS Storm Survey, ,0.67,20,2,SSW,1,S,PATTERSON,03/21/2012,711,29.6777,-91.3063,29.685,-91.2991,"A large industrial warehouse had its garage door blown in, and several smaller neighboring storage buildings had minor damage with sheet metal peeled off the corners of the buildings. Across the street, sheet metal was pulled off an industrial canopy and debris was blown across Highway 90 into downtown Patterson.","A cold front slowly moved into Southeast Texas and then into far west sections of Louisiana during the 20th. The cold front stalled upon entering Louisiana and then slowly moved back west through the evening before finally moving east in the morning of the 21st. The slow moving boundary produced severe weather and widespread flooding.",6
361958,CALDWELL PAR.,GRAYSON,03/21/2012,730,Tornado, ,EF1,0,0,500000,0,LA,CST-6, ,60619,C,21,SHV,0,0,NWS Storm Survey, ,3.96,400,1,SW,2,NW,COLUMBIA HGTS,03/21/2012,738,32.0427,-92.131,32.1,-92.132,"An EF1 tornado touched down in Caldwell Parish west of Grayson along State Route 845 snapping a few trees.  The tornado moved north-northwest and intensified to EF1 intensity as it crossed Hwy. 126 and paralleled McCrary Road where most of the damage occurred.  20 homes were damaged and 1 mobile home was destroyed.  The majority of the damage was due to falling trees as the area contained numerous large hardwood and softwood trees which were snapped or uprooted.  Several outbuildings and sheds were also destroyed, primarily from falling trees.  Other damage occurred to homes and structures along Hwy. 165 in Columbia area was due to straight line winds or rear flank winds east of the tornado track.","A vigorous upper level trough closed off across the Southwest United States leading up to the outbreak of severe storms and flash flooding across Northwest Louisiana during the late morning hours of March 20th and continuing into the morning hours of March 21st.  While instability was not much of a factor for this event, shear was extensive throughout the atmosphere, especially in the lower levels.  As a result, tornadoes developed in the large rain area that encompassed much of Northern Louisiana.  The flooding was extensive across the northern half of the state as well.",7
363179,ASCENSION PAR.,PRAIRIEVILLE,03/21/2012,834,Tornado, ,EF1,0,0,200000,0,LA,CST-6, ,60786,C,5,LIX,0,0,NWS Storm Survey, ,4.22,50,1,SSE,2,NNW,HOBART,03/21/2012,843,30.2836,-90.9638,30.3418,-90.9425,"A NWS storm survey team confirmed a tornado touched down and tracked through portions of Prairieville. The tornado initially touched down along Duplessis Road, tracked approximately 3 miles before lifting after crossing near the intersection of Highways 42 and 930. Several homes received significant roof damage and many trees were uprooted or snapped. The path width was approximately 50 yards with an estimated wind speed of 110 mph.","A slow moving cold front provided a focus for several waves of thunderstorms and heavy rain over a 3 day period. Several reports of tornadoes and flash flooding were received during the period.",8
374135,EAST BATON ROUGE PAR.,KLEINPETER,03/21/2012,843,Tornado, ,EF1,0,0,50000,0,LA,CST-6, ,60786,C,33,LIX,0,0,Emergency Manager, ,0.63,40,5,E,5,E,KLEINPETER,03/21/2012,844,30.3418,-90.9425,30.3505,-90.9392,"Several trees were blown down and several homes suffered roof damage on Hoo Shoo Too Road.","A slow moving cold front provided a focus for several waves of thunderstorms and heavy rain over a 3 day period. Several reports of tornadoes and flash flooding were received during the period.",9
363184,LIVINGSTON PAR.,CORBIN,03/21/2012,905,Tornado, ,EF1,0,0,10000,0,LA,CST-6, ,60786,C,63,LIX,0,0,NWS Storm Survey, ,0.58,50,2,NE,3,NNE,CORBIN,03/21/2012,908,30.5278,-90.8284,30.5358,-90.8312,"A weak tornado touched down just south of Varnado Road and tracked north-northwest across North Corbin Road. A home lost a portion of the roof and several trees were snapped along the track. The tornado lifted to the southwest of North Corbin Elementary School. The storm path length was approximately 0.5 miles, the path width 50 yards, and maximum strength EF1 with estimated winds of 100 mph.","A slow moving cold front provided a focus for several waves of thunderstorms and heavy rain over a 3 day period. Several reports of tornadoes and flash flooding were received during the period.",10
365914,JEFFERSON CO.,MC NAIR,03/21/2012,923,Tornado, ,EF1,0,0,20000,0,MS,CST-6, ,61200,C,63,JAN,0,0,NWS Storm Survey, ,2.71,176,2,ENE,3,SSE,HARRISTON,03/21/2012,929,31.6382,-91.0257,31.674,-91.0068,"The tornado snapped numerous pine trees and uprooted oak trees over a rural part of the county. Maximum wind speed was estimated at 94 mph.","A slow moving storm system combined with abundant moisture to bring nearly 48 hours of rain and thunderstorms to the ArkLaMiss region, beginning on the evening of March 20th and continuing through the afternoon hours of March 22nd. Strong winds in the atmosphere interacted with a cold front to bring severe thunderstorms, tornadoes and widespread flooding to the region. The primary impacts from this system were tornadoes and flooding, but there were also many reports of damaging winds. With rich moisture flowing north from the Gulf of Mexico, many of the storms were efficient rain makers that ended up producing both flash flooding and river flooding. Most areas west of the I-55 corridor received one to three inches, areas along the I-55 corridor received between three and four inches, and up to eight inches was observed east of I-55.",11
365929,CLAIBORNE CO.,WILLOWS,03/21/2012,951,Tornado, ,EF2,0,0,100000,0,MS,CST-6, ,61200,C,21,JAN,0,0,NWS Storm Survey, ,3.5,880,3,N,1,W,HANKINSTON,03/21/2012,954,32.0713,-90.904,32.121,-90.8926,"This tornado first touched down in northern Claiborne County downing trees along Floyd Road. It then crossed the Big Black River into southern Warren County impacting a hunting camp, destroying 2 mobile homes, snapping 4 power poles and snapping numerous trees.  It then moved across Gullett Road where it destroyed 3 large outbuildings, heavily damaged the roof of a brick home, and snapped numerous trees.  The tornado next crossed Campbell Swamp Road where it reached its maximum width and snapped hundreds of trees. The tornado then moved nearly parallel to Price Hill Road again snapping and uprooting many trees. One of the trees fell on a house causing significant damage. The tornado continued downing more trees, but then lifted as it crossed Jeff Davis Road. Maximum estimated wind speeds were 120 mph.","A slow moving storm system combined with abundant moisture to bring nearly 48 hours of rain and thunderstorms to the ArkLaMiss region, beginning on the evening of March 20th and continuing through the afternoon hours of March 22nd. Strong winds in the atmosphere interacted with a cold front to bring severe thunderstorms, tornadoes and widespread flooding to the region. The primary impacts from this system were tornadoes and flooding, but there were also many reports of damaging winds. With rich moisture flowing north from the Gulf of Mexico, many of the storms were efficient rain makers that ended up producing both flash flooding and river flooding. Most areas west of the I-55 corridor received one to three inches, areas along the I-55 corridor received between three and four inches, and up to eight inches was observed east of I-55.",12
365931,WARREN CO.,ALLEN,03/21/2012,954,Tornado, ,EF2,0,0,150000,0,MS,CST-6, ,61200,C,149,JAN,0,0,NWS Storm Survey, ,5.73,880,5,E,3,S,GRANGE HALL,03/21/2012,1001,32.1242,-90.893,32.2051,-90.8715,"This tornado first touched down in northern Claiborne County downing trees along Floyd Road. It then crossed the Big Black River into southern Warren County impacting a hunting camp, destroying 2 mobile homes, snapping 4 power poles and snapping numerous trees.  It then moved across Gullett Road where it destroyed 3 large outbuildings, heavily damaged the roof of a brick home, and snapped numerous trees.  The tornado next crossed Campbell Swamp Road where it reached its maximum width and snapped hundreds of trees. The tornado then moved nearly parallel to Price Hill Road again snapping and uprooting many trees. One of the trees fell on a house causing significant damage. The tornado continued downing more trees, but then lifted as it crossed Jeff Davis Road. Maximum estimated wind speeds were 120 mph.","A slow moving storm system combined with abundant moisture to bring nearly 48 hours of rain and thunderstorms to the ArkLaMiss region, beginning on the evening of March 20th and continuing through the afternoon hours of March 22nd. Strong winds in the atmosphere interacted with a cold front to bring severe thunderstorms, tornadoes and widespread flooding to the region. The primary impacts from this system were tornadoes and flooding, but there were also many reports of damaging winds. With rich moisture flowing north from the Gulf of Mexico, many of the storms were efficient rain makers that ended up producing both flash flooding and river flooding. Most areas west of the I-55 corridor received one to three inches, areas along the I-55 corridor received between three and four inches, and up to eight inches was observed east of I-55.",13
372652,WASHINGTON CO.,WENONA,03/21/2012,1000,Tornado, ,EF0,0,0,0,0,NC,EST-5, ,62302,C,187,MHX,0,0,Emergency Manager, ,0.05,10,1,ENE,1,ENE,WENONA,03/21/2012,1003,35.73,-76.63,35.73,-76.63,"A very weak and brief tornado touched down near Wenona during the morning hours on March 21st. The tornado was spotted in an open field and did no damage. This tornado was not associated with a thunderstorm. These types of tornadoes are often referred to as dust-tube tornadoes or landspouts.","An upper level disturbance coupled with the sea-breeze front helped produce a few thunderstorms during the day on March 21st. One brief landspout was observed in an open field and minor damage was reported with a thunderstorm.",14
365940,WARREN CO.,STOUT,03/21/2012,1011,Tornado, ,EF1,0,0,250000,0,MS,CST-6, ,61200,C,149,JAN,0,0,NWS Storm Survey, ,1.86,100,2,E,1,WSW,BEECHWOOD,03/21/2012,1013,32.3001,-90.8592,32.3247,-90.8463,"This tornado touched down near the Army Corps of Engineers Experimental Station where it peeled part of a metal roof off a building and overturned a trailer. The tornado then moved along Porters Chapel Road, where it knocked down trees and overturned a single wide mobile home. The tornado then weakened, but knocked down a few more trees in the Lakewood subdivision, causing some structural damage to a few homes. It lifted as it left the subdivision. Maximum estimated wind speed was 90 mph.","A slow moving storm system combined with abundant moisture to bring nearly 48 hours of rain and thunderstorms to the ArkLaMiss region, beginning on the evening of March 20th and continuing through the afternoon hours of March 22nd. Strong winds in the atmosphere interacted with a cold front to bring severe thunderstorms, tornadoes and widespread flooding to the region. The primary impacts from this system were tornadoes and flooding, but there were also many reports of damaging winds. With rich moisture flowing north from the Gulf of Mexico, many of the storms were efficient rain makers that ended up producing both flash flooding and river flooding. Most areas west of the I-55 corridor received one to three inches, areas along the I-55 corridor received between three and four inches, and up to eight inches was observed east of I-55.",15
363187,ST. TAMMANY PAR.,HOULTONVILLE,03/21/2012,1116,Tornado, ,EF0,0,0,5000,0,LA,CST-6, ,60786,C,103,LIX,0,0,NWS Storm Survey, ,0.53,100,3,NE,3,NW,CHINCHUBA,03/21/2012,1119,30.4268,-90.1306,30.4323,-90.1242,"A NWS storm survey team observed damage produced by a tornado northeast of Madisonville. The tornado touched down near the clubhouse in the Tchefuncta Country Club Estates neighborhood. The tornado continued on a path to the northeast, downing several trees and producing minor roof damage to two homes before lifting in a heavily wooded area beyond the neighborhood. The tornado had a path width of approximately 100 yards and a path length of one half mile.","A slow moving cold front provided a focus for several waves of thunderstorms and heavy rain over a 3 day period. Several reports of tornadoes and flash flooding were received during the period.",16
363200,ST. TAMMANY PAR.,ABITA SPGS,03/21/2012,1135,Tornado, ,EF0,0,0,5000,0,LA,CST-6, ,60786,C,103,LIX,0,0,NWS Storm Survey, ,1.41,25,1,NE,2,NNE,ABITA SPGS,03/21/2012,1140,30.4922,-90.0185,30.5122,-90.0142,"Weak EF0 tornado touched down near the intersection of Silver Springs Drive and Allen Road. It moved north, snapping several pine trees. Some roof damage was observed to one home where part of a tree had fallen through the roof. The tornado lifted after crossing Jarrell Road. Maximum estimated wind speed was 65 mph, maximum width 25 yards, and path length approximately 1.5 miles. Event time was based on radar.","A slow moving cold front provided a focus for several waves of thunderstorms and heavy rain over a 3 day period. Several reports of tornadoes and flash flooding were received during the period.",17
365948,RANKIN CO.,GULDE,03/21/2012,1304,Tornado, ,EF2,0,0,150000,0,MS,CST-6, ,61200,C,121,JAN,0,0,NWS Storm Survey, ,6.19,75,1,SE,6,NW,PELAHATCHIE,03/21/2012,1314,32.2918,-89.8404,32.3793,-89.8632,"The tornado started just north of Interstate 20 near Carter Circle where a few trees were uprooted. The tornado continued slightly west of north and remained relatively weak. It blew down a few trees and limbs along the path. The tornado intensified just after crossing US Highway 80 where it caused extensive damage to a large frame home. Most of the roofing structure of the home was destroyed, a back wall was partially collapsed and extensive shingle damage occurred to the remaining roof. In addition, along the narrow path of the tornado, rather intense tree damage occurred north of the home with a number of large trees uprooted and snapped. From this point the tornado continued northward over Pelahatchie Creek and then crossed Lake Road in two spots, snapping and uprooting a number of trees along its narrow path. The tornado continued across Haynes Chapel Road snapping several trees. The tornado dissipated between Haynes Chapel Road and Holly Bush Road. Maximum estimated wind speeds were 115 mph.","A slow moving storm system combined with abundant moisture to bring nearly 48 hours of rain and thunderstorms to the ArkLaMiss region, beginning on the evening of March 20th and continuing through the afternoon hours of March 22nd. Strong winds in the atmosphere interacted with a cold front to bring severe thunderstorms, tornadoes and widespread flooding to the region. The primary impacts from this system were tornadoes and flooding, but there were also many reports of damaging winds. With rich moisture flowing north from the Gulf of Mexico, many of the storms were efficient rain makers that ended up producing both flash flooding and river flooding. Most areas west of the I-55 corridor received one to three inches, areas along the I-55 corridor received between three and four inches, and up to eight inches was observed east of I-55.",18
365951,FORREST CO.,DRAGON,03/21/2012,1500,Tornado, ,EF0,0,0,20000,0,MS,CST-6, ,61200,C,35,JAN,0,0,NWS Storm Survey, ,0.36,264,3,NNE,3,NNE,DRAGON,03/21/2012,1502,31.4219,-89.2508,31.4265,-89.2481,"The tornado began off of Longleaf Drive with a couple of softwood trees snapped. One tree fell on a fence and damaged it. The tornado continued north to Eastabuchie Road, where a few more trees were snapped and a few shingles were torn off a roof. It crossed Eastabuchie Road and ended just north of the road snapping a few more trees. Maximum estimated wind speeds were 85 mph.","A slow moving storm system combined with abundant moisture to bring nearly 48 hours of rain and thunderstorms to the ArkLaMiss region, beginning on the evening of March 20th and continuing through the afternoon hours of March 22nd. Strong winds in the atmosphere interacted with a cold front to bring severe thunderstorms, tornadoes and widespread flooding to the region. The primary impacts from this system were tornadoes and flooding, but there were also many reports of damaging winds. With rich moisture flowing north from the Gulf of Mexico, many of the storms were efficient rain makers that ended up producing both flash flooding and river flooding. Most areas west of the I-55 corridor received one to three inches, areas along the I-55 corridor received between three and four inches, and up to eight inches was observed east of I-55.",19
366096,JONES CO.,REDDOCH,03/21/2012,1631,Tornado, ,EF0,0,0,25000,0,MS,CST-6, ,61200,C,67,JAN,0,0,NWS Storm Survey, ,0.04,75,2,ENE,2,ENE,REDDOCH,03/21/2012,1632,31.7272,-89.3293,31.7276,-89.3287,"There was a brief tornado touchdown at a chicken farm on Huey P Road which caused heavy roof damage to one chicken house and uprooted a tree. Maximum estimated wind speed was 75 mph.","A slow moving storm system combined with abundant moisture to bring nearly 48 hours of rain and thunderstorms to the ArkLaMiss region, beginning on the evening of March 20th and continuing through the afternoon hours of March 22nd. Strong winds in the atmosphere interacted with a cold front to bring severe thunderstorms, tornadoes and widespread flooding to the region. The primary impacts from this system were tornadoes and flooding, but there were also many reports of damaging winds. With rich moisture flowing north from the Gulf of Mexico, many of the storms were efficient rain makers that ended up producing both flash flooding and river flooding. Most areas west of the I-55 corridor received one to three inches, areas along the I-55 corridor received between three and four inches, and up to eight inches was observed east of I-55.",20
363209,HARRISON CO.,LIGANA,03/21/2012,1932,Tornado, ,EF0,0,0,5000,0,MS,CST-6, ,60787,C,47,LIX,0,0,NWS Storm Survey, ,0.32,50,5,SW,5,SW,LIGANA,03/21/2012,1935,30.4663,-89.3012,30.4699,-89.2979,"A NWS storm survey concluded that an EF0 tornado with a path width 50 yards wide was on the ground for about one quarter mile. Winds were estimated at 70 mph. Damage was confined to a trailer at Vidalia and Walnut Roads.","A slow moving cold front provided a focus for several waves of thunderstorms and heavy rain over a 3 day period. Several reports of tornadoes and flash flooding were received during the period.",21
366116,JASPER CO.,PAULDING,03/21/2012,2003,Tornado, ,EF0,0,0,10000,0,MS,CST-6, ,61200,C,61,JAN,0,0,NWS Storm Survey, ,0.53,75,2,ESE,2,ESE,PAULDING,03/21/2012,2004,32.0165,-89.0203,32.0239,-89.0178,"This tornado snapped and uprooted a number of trees along a narrow path along County Roads 16 and 503. Maximum estimated winds were 75 mph.","A slow moving storm system combined with abundant moisture to bring nearly 48 hours of rain and thunderstorms to the ArkLaMiss region, beginning on the evening of March 20th and continuing through the afternoon hours of March 22nd. Strong winds in the atmosphere interacted with a cold front to bring severe thunderstorms, tornadoes and widespread flooding to the region. The primary impacts from this system were tornadoes and flooding, but there were also many reports of damaging winds. With rich moisture flowing north from the Gulf of Mexico, many of the storms were efficient rain makers that ended up producing both flash flooding and river flooding. Most areas west of the I-55 corridor received one to three inches, areas along the I-55 corridor received between three and four inches, and up to eight inches was observed east of I-55.",22
364397,HARRISON CO.,WOOL MARKET,03/21/2012,2335,Tornado, ,EF1,0,0,15000,0,MS,CST-6, ,60787,C,47,LIX,0,0,NWS Storm Survey, ,0.98,100,1,N,2,NNE,WOOL MARKET,03/21/2012,2338,30.4961,-89.0199,30.5049,-89.0071,"NWS Storm survey confirmed a tornado touched down on John Lee Road and Roberts Road. Trees were twisted, a travel trailer was flipped, and several homes lost portions of their roofs. The path width was 100 yards, and was on the ground for nearly 1 mile. Estimated wind speed was 90 mph.","A slow moving cold front provided a focus for several waves of thunderstorms and heavy rain over a 3 day period. Several reports of tornadoes and flash flooding were received during the period.",23
364471,HARRISON CO.,D IBERVILLE,03/22/2012,410,Tornado, ,EF0,0,0,10000,0,MS,CST-6, ,60787,C,47,LIX,0,0,NWS Storm Survey, ,4.1,100,3,NNW,7,ENE,WOOL MARKET,03/22/2012,415,30.47,-88.9093,30.5283,-88.9227,"NWS storm survey confirmed a tornado touched down along Highway 67 at Highway 15. Most of the damage was at the starting point with a large shed door blown in, causing roof damage and a patio roof lifted off. Most of the remainder of the damage was to shingles and fences, with an end point in Coventry Estates. The path width was 100 yards with a damage track around 4 miles long. Estimated wind speed was 85 mph.","A slow moving cold front provided a focus for several waves of thunderstorms and heavy rain over a 3 day period. Several reports of tornadoes and flash flooding were received during the period.",24
375272,PIKE CO.,YOUNGBLOOD,03/23/2012,826,Tornado, ,EF1,0,0,0,0,AL,CST-6, ,62756,C,109,BMX,0,0,NWS Storm Survey, ,1.7,700,2,ENE,1,S,(TOI)TROY MUNI ARPT,03/23/2012,833,31.8379,-86.0439,31.8547,-86.023,"A tornado touched down initially just southwest of Pike CR 1 about 2.5 miles southwest of Troy Municipal Airport, where a large partially rotted tree was snapped, and several large tree branches at the edges of plowed fields were snapped. It proceeded northeastward across wooded land and rapidly intensified, becoming 700 yards wide as it crossed beeman creek. As it approached CR 1148, the tornado snapped numerous trees, also causing damage to 3 inactive chicken barns. One of the barns lost about 50 percent of the roofing, with structural damage to less than 20 percent of the rafters. Snapped trees also caused minor damage to 2 homes and a single-wide manufactured home. The tornado then weakened rapidly and dissipated over an open field less than a mile from the airport.","An upper level closed low moved across Missouri during the day on March 23. Several shortwaves moving around the base of the trough, traversed across central Alabama. The shortwaves created enough lift to sustain a line of convection that moved through portions of central Alabama during the morning and afternoon hours. Heavy rainfall led to flooding in some areas, and there was one tornado that moved through Pike County.",25
374189,CAPE GIRARDEAU CO.,CAPE GIRARDEAU,03/23/2012,1033,Tornado, ,EF0,0,0,10000,0,MO,CST-6, ,62533,C,31,PAH,0,0,Fire Department/Rescue, ,0.25,50,2,NE,2,NE,CAPE GIRARDEAU,03/23/2012,1033,37.3264,-89.5046,37.3264,-89.5046,"The tornado touched down on the north side of downtown Cape Girardeau just west of the river. Several homes had minor roof (primarily shingles) and siding damage. A manhole cover was lofted and blown into a metal fence. Several smaller trees were snapped. Peak winds were estimated at 85 mph.","A large upper level low pressure system moved east from Missouri into an area of warm, moist air with dewpoint temperatures in the 60s. Strong mid level winds helped to produce severe thunderstorms, including supercells.",26
374190,CAPE GIRARDEAU CO.,NEELYS LNDG,03/23/2012,1038,Tornado, ,EF1,0,0,0,0,MO,CST-6, ,62533,C,31,PAH,0,0,Emergency Manager, ,0.57,300,2,NW,2,SSE,HINES LNDG,03/23/2012,1039,37.5177,-89.5226,37.5253,-89.5184,"An Emergency Management survey revealed an EF1 tornado with peak winds of about 105 mph. Two wooden power poles were broken and several large trees were uprooted along Hwy 535 near Neely's Landing. There were several eyewitness accounts along with a cell phone video of the tornado. Eyewitnesses reported the tornado lifted as it crossed the Mississippi river.","A large upper level low pressure system moved east from Missouri into an area of warm, moist air with dewpoint temperatures in the 60s. Strong mid level winds helped to produce severe thunderstorms, including supercells.",27
374202,JACKSON CO.,BARR,03/23/2012,1114,Tornado, ,EF0,0,0,0,0,IL,CST-6, ,62539,C,77,PAH,0,0,NWS Storm Survey, ,1.82,50,1,NNW,1,WNW,(MDH)CRBNDL/MRFYSBRO,03/23/2012,1115,37.7599,-89.2742,37.7851,-89.2643,"The tornado touched down near Highway 13 about 3 miles east of Murphysboro and ended about 3 miles southwest of De Soto. A few tree limbs and small trees were blown down. Peak winds were estimated at 70 mph.","A large upper level low pressure system moved east from Missouri into an area of warm, moist air with dewpoint temperatures in the 60s. Strong mid level winds helped to produce severe thunderstorms, including supercells.",28
374197,JACKSON CO.,DOWELL,03/23/2012,1124,Tornado, ,EF1,0,0,75000,0,IL,CST-6, ,62539,C,77,PAH,0,0,NWS Storm Survey, ,7.45,125,3,ENE,2,WNW,WARD,03/23/2012,1139,37.9472,-89.1812,37.8578,-89.2577,"The tornado began 3.5 miles northwest of De Soto along Truax Traer Road and traveled northeast to 3.5 southeast of DuQuoin. Dozens of trees were uprooted and snapped. One barn was destroyed and several sheds and carports were damaged. A few homes had minor damage to siding and roof shingles. The tornado was observed and recorded by numerous spotters and citizens. Peak winds were about 90 mph.","A large upper level low pressure system moved east from Missouri into an area of warm, moist air with dewpoint temperatures in the 60s. Strong mid level winds helped to produce severe thunderstorms, including supercells.",29
362792,GENEVA CO.,MALVERN,03/23/2012,1148,Tornado, ,EF0,0,0,25000,0,AL,CST-6, ,60741,C,61,TAE,0,0,Emergency Manager, ,1.68,25,3,WNW,3,NNW,MALVERN,03/23/2012,1151,31.1502,-85.559,31.1631,-85.5348,"A weak tornado touched down near the intersection of County Road 73 and Scott Road, knocking down a few trees in this location.  This tornado continued northeastward a short distance where a few houses experienced minor roof damage near 1984 N County Road 49.  The tornado then lifted shortly afterwards.  The damage was consistent was an EF0 tornado with maximum winds around 80 mph.  Monetary damage was estimated.","A strong upper level low coupled with moderate wind shear aided in the development of a few strong to severe storms across the tri-state area. The severe storms remained across southeast Alabama and southwest Georgia with one weak tornado occurring in Geneva county, AL.  Lightning also struck Samson High School in Geneva county, causing damage.",30
374200,JEFFERSON CO.,SHIRLEY,03/23/2012,1226,Tornado, ,EF2,1,2,150000,0,IL,CST-6, ,62539,C,81,PAH,0,0,Trained Spotter, ,2.58,100,1,ESE,1,SW,MARLOW,03/23/2012,1230,38.273,-88.814,38.3064,-88.7929,"A tied down double wide mobile home was destroyed. A elderly lady was killed and a teenage boy was injured when the mobile home was lofted by the tornado and carried approximately 100 yards to the northeast, with the mobile home undercarriage carried approximately 200 yards. One home had windows blown out on the second story. One barn was heavily damaged with 2 others receiving moderate damage. Several trees were blown down or snapped. Peak winds were estimated near 130 mph.","A large upper level low pressure system moved east from Missouri into an area of warm, moist air with dewpoint temperatures in the 60s. Strong mid level winds helped to produce severe thunderstorms, including supercells.",31
371042,MARION CO.,IUKA,03/23/2012,1257,Tornado, ,EF0,0,0,0,0,IL,CST-6, ,62021,C,121,LSX,0,0,Storm Chaser, ,0.01,10,3,S,3,S,IUKA,03/23/2012,1258,38.5766,-88.78,38.5766,-88.78,"A storm chaser reported a brief tornado in an open field south of Iuka.  No damage was reported.","An upper level low was moving through the region, triggering scattered showers and thunderstorms.  A few of the storms produced large hail and a tornado.",32
362536,JEFFERSON CO.,THIXTON,03/23/2012,1407,Tornado, ,EF1,0,0,300000,0,KY,EST-5, ,60723,C,111,LMK,0,0,NWS Storm Survey, ,2.44,70,3,WSW,1,SW,ASHVILLE,03/23/2012,1412,38.0855,-85.6225,38.1167,-85.6017,"The tornado touched down just north of the intersection of Cedar Creek and Mount Washington Roads, located around one and one half miles southeast of Quail Chase Golf Course in southeast Louisville. It moved north-northeast, crossing Cedar Creek Road several times. Near Brook Chase Court, the tornado totally destroyed one modular home, knocking it off its foundation and pancaking the first floor under the second level. One well-built brick home had it roof taken off. Numerous other homes along the path sustained damage to their roofs, siding and windows.  The tornado was rated a strong EF-1, with estimated winds of 105 to 110 mph.  The maximum width of the tornado was 70 yards, but during most of its path it was 40-50 yards wide.","A large, nearly cut-off upper closed low located over Kansas brought several bands of convection to Kentucky and Indiana. During the early afternoon, a cluster of low-topped storms developed east of Bowling Green and moved north towards Louisville. This convection, which was barely deep enough to produce any lightning, became surface-based as slightly unstable conditions developed within a clear slot that rotated across the Lower Ohio Valley in the wake of early morning showers. A couple of these cells developed into mini-supercells with rotation. Two weak tornadoes touched down in and just east of the Louisville metro area.  Additional thunderstorms with large hail developed later that evening ahead of a final disturbance rotating around the south side of the upper low.",33
362795,EARLY CO.,KOLOMOKI MOUNDS STATE PARK,03/23/2012,1420,Tornado, ,EF0,0,0,5000,0,GA,EST-5, ,60742,C,99,TAE,0,0,Law Enforcement, ,3.55,25,2,SSW,1,WSW,COLOMOKEE,03/23/2012,1430,31.434,-84.9487,31.4518,-84.8922,"Law enforcement observed this tornado.  This tornado tracked across a rural area of Early county just south of Kolomoki Mounds State Park.  Only minor damage was reported in the form of trees down and minor roof damage to a couple of structures.  The damage was consistent with an EF0 tornado with winds around 80 mph.  Monetary damage was estimated.","A strong upper level low coupled with moderate wind shear aided in the development of a few strong to severe storms across the tri-state area. The severe storms remained across southeast Alabama and southwest Georgia with one weak tornado occurring in Early county, GA.",34
362553,SHELBY CO.,FINCHVILLE,03/23/2012,1428,Tornado, ,EF1,0,0,25000,0,KY,EST-5, ,60723,C,211,LMK,0,0,NWS Storm Survey, ,2.17,50,2,E,2,SSE,JOYES,03/23/2012,1433,38.1489,-85.2886,38.174,-85.2646,"This tornado touched down 1.6 miles east-southeast of Finchville just north of the end of Duvall Lane.  It then traveled north-northeast and produced a track of just over 2 miles over mainly plowed field and strips of forest. Two barns were destroyed. Two other barns has much of their roofs removed.  In one case, portions of the roof were strewn downwind across a field and became lodged within a grove of trees.  More than two dozen trees were snapped or uprooted.  It lifted 1 mile south of the intersection of Taylorsville Road and Interstate 64.","A large, nearly cut-off upper closed low located over Kansas brought several bands of convection to Kentucky and Indiana. During the early afternoon, a cluster of low-topped storms developed east of Bowling Green and moved north towards Louisville. This convection, which was barely deep enough to produce any lightning, became surface-based as slightly unstable conditions developed within a clear slot that rotated across the Lower Ohio Valley in the wake of early morning showers. A couple of these cells developed into mini-supercells with rotation. Two weak tornadoes touched down in and just east of the Louisville metro area.  Additional thunderstorms with large hail developed later that evening ahead of a final disturbance rotating around the south side of the upper low.",35
372096,SWITZERLAND CO.,JACKSONVILLE,03/23/2012,1530,Tornado, ,EF0,0,0,0,0,IN,EST-5, ,62184,C,155,ILN,0,0,Law Enforcement, ,0.06,25,0,ENE,0,ENE,JACKSONVILLE,03/23/2012,1531,38.8307,-85.047,38.8312,-85.046,"A sheriff deputy reported a brief tornado touchdown in an open field. No apparent damage occurred.","An approaching upper level low pressure system combined with daytime heating to produce scattered thunderstorms across the Ohio Valley during the afternoon. An environment with moderate instability and strong low level shear allowed thunderstorms to become severe, leading to the possibility of large hail, damaging winds, and weak tornadoes.",36
372151,CLINTON CO.,CLARKSVILLE,03/23/2012,1850,Tornado, ,EF0,0,0,50000,0,OH,EST-5, ,62186,C,27,ILN,0,0,NWS Storm Survey, ,0.37,50,0,WSW,0,N,CLARKSVILLE,03/23/2012,1851,39.3991,-83.9829,39.404,-83.9803,"The weak tornado touched down and produced a concentrated path of minor damage along 2nd street in the village of Clarksville. Numerous structures along 2nd street received very minor damage, including windows broken and roofing materials lifted and strewn downstream. In addition, fences and play sets were blown over, and trees were snapped or uprooted. Most of the damage occurred to roofs and tree tops, suggesting that this tornado was only weakly in contact with the ground. Based on the damage surveyed, the maximum wind speed of this tornado was estimated at 70 miles per hour.","An approaching upper level low pressure system combined with daytime heating to produce scattered thunderstorms across the Ohio Valley during the afternoon and evening. An environment with moderate instability and strong low level shear allowed thunderstorms to become severe, leading to the possibility of large hail, damaging winds, and weak tornadoes.",37
372152,WARREN CO.,BLACKHAWK,03/23/2012,1930,Tornado, ,EF0,0,0,20000,0,OH,EST-5, ,62186,C,165,ILN,0,0,NWS Storm Survey, ,0.44,50,0,N,1,NE,BLACKHAWK,03/23/2012,1931,39.3218,-84.0703,39.3259,-84.064,"The tornado touched down and caused damage to a pole barn, where roofing was removed and strewn downstream nearly a quarter of a mile. Some wood from the barn was blown upstream of the tornado path and driven into the roof of the residence where the barn was damaged. The tornado then caused damage mainly to trees, with several trees uprooted or snapped off. Based on the damage surveyed, the maximum estimated wind speed of the tornado was 75 miles per hour.","An approaching upper level low pressure system combined with daytime heating to produce scattered thunderstorms across the Ohio Valley during the afternoon and evening. An environment with moderate instability and strong low level shear allowed thunderstorms to become severe, leading to the possibility of large hail, damaging winds, and weak tornadoes.",38
372403,ALACHUA CO.,CADILLAC,03/24/2012,1340,Tornado, ,EF0,0,0,8000,0,FL,EST-5, ,62257,C,1,JAX,0,0,Emergency Manager, ,4.63,50,2,NNW,1,NNE,ALACHUA,03/24/2012,1355,29.75,-82.56,29.7888,-82.497,"Based on photos, the NWS determined that an EF0 tornado caused wind damage (max winds around 75 mph) across the west side of Gainesville. A carport was damaged and  numerous trees were blown down along 196th Terrace Ave. Two homes were also damaged along the path. At least 3 dozen trees were snapped off along a portion of the path as well. The cost of damage was estimated.","A surface cold front approached from AL and Ga through the day with numerous strong to severe storms developing across SE Ga and NE Fl by late morning then progressing eastward across the area through the day.",39
363358,LYON CO.,ALLEN,03/28/2012,1932,Tornado, ,EF0,0,0,0,0,KS,CST-6, ,60809,C,111,TOP,0,0,Storm Chaser, ,0.09,50,7,SSW,7,SSW,ALLEN,03/28/2012,1934,38.55,-96.21,38.5512,-96.2093,"Storm chasers confirmed a brief tornado in open country.","On the evening of March 28, 2012, northeast Kansas was impacted by large hail, one tornado and heavy rain.   One storm impacted Osage County with hail reports larger than baseballs across Osage County.  A funnel cloud was also reported with this storm near Carbondale. Another storm impacted eastern Morris and Lyon Counties bringing hen egg sized hail to Council Grove and golfball sized hail to Dunlap.  The storm continued to move slowly and intensify across Lyon County, and produced a brief tornado touchdown in rural Lyon County.  Additional large hail reports of 2 inches were reported near Bushong.  Heavy rain also fell from this storm due to its slow movement eastward and several Lyon County roads had to be barricaded due to running water over the road.  Other storms moved across the area with hail up to the size of golfballs in Nemaha and Pottawatomie counties during the late evening hours.",40
368505,GREENWOOD CO.,MADISON,03/28/2012,1937,Tornado, ,EF0,0,0,0,0,KS,CST-6, ,61595,C,73,ICT,0,0,Storm Chaser, ,0.25,50,3,S,3,S,MADISON,03/28/2012,1938,38.08,-96.13,38.0816,-96.1259,"Very brief tornado touchdown in an open field.","The main thunderstorm of the night was a massive supercell that sat nearly stationary over northeastern Greenwood county for nearly three hours. A significant number of hail reports were noted in and around the town of Madison. Nearly half the homes in town were damaged, along with numerous cars and windshields. A few brief tornado touchdowns also occurred southeast of Madison.",41
368506,GREENWOOD CO.,MADISON,03/28/2012,2017,Tornado, ,EF0,0,0,0,0,KS,CST-6, ,61595,C,73,ICT,0,0,Storm Chaser, ,0.26,50,4,ESE,4,ESE,MADISON,03/28/2012,2019,38.1068,-96.0679,38.1072,-96.0631,"Brief tornado touchdown in open country.  The tornado was fairly stationary and did not cause any damage.","The main thunderstorm of the night was a massive supercell that sat nearly stationary over northeastern Greenwood county for nearly three hours. A significant number of hail reports were noted in and around the town of Madison. Nearly half the homes in town were damaged, along with numerous cars and windshields. A few brief tornado touchdowns also occurred southeast of Madison.",42
379842,WILLACY CO.,YTURRIA,03/29/2012,1718,Tornado, ,EF0,0,0,0,0,TX,CST-6, ,61652,C,489,BRO,0,0,Emergency Manager, ,0.18,25,5,ENE,5,ENE,YTURRIA,03/29/2012,1719,26.5939,-97.6976,26.5933,-97.6949,"Willacy County emergency manager relayed a report of a tornado on the Yturria Ranch, just east of Highway 77 in the northern portion of the county. There was a brief touch down and debris seen, but no damage reported.","Intense thunderstorms raked the highly populated McAllen/Edinburg/Mission area of Hidalgo County during the mid-evening of March 29th. The storms dumped hail up to the size of baseballs for more than half an hour, drove that hail with 70 to 75 mph winds, added 4 to 6 inches of torrential rains, and produced frequent cloud to ground lightning. Initial storms developed across the King Ranch during the mid afternoon of March 29th, and spread west into northern Hidalgo and Starr County by early evening. The storms, fed by warm, humid air near the surface, colder air aloft, and boundaries (providing lift) from earlier storms which moved across the Coastal Bend, appeared to have intensified further as they approached the highly populated Edinburg/McAllen/Mission area. One possibility why the storms intensified is the interaction with an upper level disturbance moving across northeast Mexico. This disturbance spawned dangerous storms in Nuevo L��on and Tamaulipas, and boundaries from these cells may have been the ultimate trigger to a night hundreds of thousands will not forget.||Damage totals have reached an estimated $200 million in property and crop damage.  Updated tallies will be provided as information is received.",43
364298,BAY CO.,VICKSBURG,03/30/2012,1452,Tornado, ,EF0,0,0,0,0,FL,CST-6, ,60854,C,5,TAE,0,0,Public, ,0.17,20,6,WSW,6,WSW,VICKSBURG,03/30/2012,1453,30.2967,-85.7547,30.2983,-85.7526,"The public submitted pictures of a waterspout that moved inland from West Bay in the vicinity of Burnt Mill Creek very briefly as a tornado before quickly lifting.  The tornado moved inland over a rural area and no damage was reported.","A couple of strong mesoscale convective vorticity maxima affected the area at the end of the month.  These systems locally increased the available shear in the area, and this coupled with moderate instability produced at least one waterspout, a couple of funnel clouds, and some wind damage.",44
366427,NEWTON CO.,NEWTON,04/02/2012,946,Tornado, ,EF1,0,0,200000,0,TX,CST-6, ,61257,C,351,LCH,0,0,NWS Storm Survey, ,1.77,30,1,WNW,2,SW,NEWTON MUNI ARPT,04/02/2012,950,30.8345,-93.7514,30.86,-93.7487,"A tornado touched down on the eastern sections of Newton, where is destroyed an abandoned house, another home lost its back porch, which flipped onto the roof and caused major damage to the roof. At least another 15-20 homes received minor damage to its trim or gutters. Numerous trees were blown down or snapped.","An upper level disturbance crossed southeast Texas while a front remained in the area. This resulted in severe thunderstorms, including a tornado in Newton.",45
375256,JOHNSON CO.,JOSHUA ARPT,04/03/2012,1141,Tornado, ,EF1,0,0,600000,0,TX,CST-6, ,61317,C,251,FWD,0,0,NWS Storm Survey, ,1.16,60,3,ESE,3,SE,JOSHUA ARPT,04/03/2012,1143,32.4361,-97.3581,32.4217,-97.3684,"An EF-1 tornado occurred southeast of the city of Joshua. The tornado began near FM 3048 and Buffalo Lane and traveled to the north-northeast before lifting northeast of the intersection of CR 705 and CR 811. One manufactured home sustained extensive damage, and a barn suffered roof damage. Part of the exterior walls of the manufactured home fell outward and the roof was completely lost. Another manufactured home on the same property sustained damage. Across CR 705, a third manufactured home sustained damage to the exterior. The twister also overturned a horse trailer and damaged two riding lawnmowers on this property. The path length was just over a mile long with a maximum width around 60 yards. The maximum winds were estimated to be around 100 mph.","A historic North Texas tornado outbreak occurred on April 3rd, with 17 tornadoes developing from the DFW Metroplex east to Hopkins County. An EF-3 tornado tore through the town of Forney, heavily damaging homes in the Diamond Creek subdivision. Three EF-2 tornadoes damaged parts of Arlington and Kennedale in Tarrant County; Red Oak, Lancaster, and Dallas in Ellis and Dallas counties; and Royse City in Rockwall and Hunt counties. An EF-1 tornado caused damage near Joshua in Johnson County, and the remaining 12 tornadoes were rated EF-0s. In addition to the tornadoes, large hail damaged many parts of the DFW Metroplex. Approximately 110 airplanes at DFW International Airport were damaged by the hail and taken out of service until repaired. No fatalities occurred and only 29 people were injured. Of the 29 injuries, only 3 were considered serious but everyone made a full recovery.  The environmental set-up on this day consisted of a cut-off low over New Mexico with a front draped north-to-south across the western counties of the CWA. By mid to late morning, strong and severe storms developed along the front as a lobe of energy rotated into west Texas and forcing from this energy overspread the front. The atmosphere was already unstable and uncapped by this time. In addition, a Mesoscale Convective System in Oklahoma sent an outflow boundary south across the Red River. This outflow boundary moved south of the DFW Metroplex by the late morning hours, and isolated storms began to develop south of the outflow boundary but east of the front. As these storms moved north and crossed the outflow boundary, the low level rotation increased and the storms quickly became tornadic. All of the tornadic storms were tied to this outflow boundary as it retreated north as a warm front.",46
377593,ELLIS CO.,STERRETT,04/03/2012,1200,Tornado, ,EF0,0,0,3000,3000,TX,CST-6, ,61317,C,139,FWD,0,0,NWS Storm Survey, ,4.35,200,3,WNW,2,NW,RED OAK,04/03/2012,1208,32.492,-96.8595,32.5473,-96.8238,"A tornado began near Highland Road, east of I-35 in Red Oak and continued northeast into Dallas County. The tornado did minor EF-0 damage to trees, crops, and shingles while moving northeast through Ellis County. After the tornado crossed into Dallas County it strengthened and did more substantial damage in the city of Lancaster. The path length of the tornado in Ellis County was approximately 4.4 miles long, but the total path length was 13.7 miles long.","A historic North Texas tornado outbreak occurred on April 3rd, with 17 tornadoes developing from the DFW Metroplex east to Hopkins County. An EF-3 tornado tore through the town of Forney, heavily damaging homes in the Diamond Creek subdivision. Three EF-2 tornadoes damaged parts of Arlington and Kennedale in Tarrant County; Red Oak, Lancaster, and Dallas in Ellis and Dallas counties; and Royse City in Rockwall and Hunt counties. An EF-1 tornado caused damage near Joshua in Johnson County, and the remaining 12 tornadoes were rated EF-0s. In addition to the tornadoes, large hail damaged many parts of the DFW Metroplex. Approximately 110 airplanes at DFW International Airport were damaged by the hail and taken out of service until repaired. No fatalities occurred and only 29 people were injured. Of the 29 injuries, only 3 were considered serious but everyone made a full recovery.  The environmental set-up on this day consisted of a cut-off low over New Mexico with a front draped north-to-south across the western counties of the CWA. By mid to late morning, strong and severe storms developed along the front as a lobe of energy rotated into west Texas and forcing from this energy overspread the front. The atmosphere was already unstable and uncapped by this time. In addition, a Mesoscale Convective System in Oklahoma sent an outflow boundary south across the Red River. This outflow boundary moved south of the DFW Metroplex by the late morning hours, and isolated storms began to develop south of the outflow boundary but east of the front. As these storms moved north and crossed the outflow boundary, the low level rotation increased and the storms quickly became tornadic. All of the tornadic storms were tied to this outflow boundary as it retreated north as a warm front.",47
379183,JOHNSON CO.,BURLESON,04/03/2012,1208,Tornado, ,EF0,0,0,0,2000,TX,CST-6, ,61317,C,251,FWD,0,0,Other Federal Agency, ,0.27,50,2,ENE,2,ENE,BURLESON,04/03/2012,1209,32.5375,-97.2825,32.5414,-97.2824,"A brief tornado occurred down in open field approximately 2 miles southeast of Spinks Airport. This tornado was observed by at least 2 storm chasers and the airport manager.","A historic North Texas tornado outbreak occurred on April 3rd, with 17 tornadoes developing from the DFW Metroplex east to Hopkins County. An EF-3 tornado tore through the town of Forney, heavily damaging homes in the Diamond Creek subdivision. Three EF-2 tornadoes damaged parts of Arlington and Kennedale in Tarrant County; Red Oak, Lancaster, and Dallas in Ellis and Dallas counties; and Royse City in Rockwall and Hunt counties. An EF-1 tornado caused damage near Joshua in Johnson County, and the remaining 12 tornadoes were rated EF-0s. In addition to the tornadoes, large hail damaged many parts of the DFW Metroplex. Approximately 110 airplanes at DFW International Airport were damaged by the hail and taken out of service until repaired. No fatalities occurred and only 29 people were injured. Of the 29 injuries, only 3 were considered serious but everyone made a full recovery.  The environmental set-up on this day consisted of a cut-off low over New Mexico with a front draped north-to-south across the western counties of the CWA. By mid to late morning, strong and severe storms developed along the front as a lobe of energy rotated into west Texas and forcing from this energy overspread the front. The atmosphere was already unstable and uncapped by this time. In addition, a Mesoscale Convective System in Oklahoma sent an outflow boundary south across the Red River. This outflow boundary moved south of the DFW Metroplex by the late morning hours, and isolated storms began to develop south of the outflow boundary but east of the front. As these storms moved north and crossed the outflow boundary, the low level rotation increased and the storms quickly became tornadic. All of the tornadic storms were tied to this outflow boundary as it retreated north as a warm front.",48
377596,DALLAS CO.,DE SOTO CARROLL ARPT,04/03/2012,1208,Tornado, ,EF2,0,10,400000000,3000,TX,CST-6, ,61317,C,113,FWD,0,0,NWS Storm Survey, ,9.35,200,3,E,2,NW,HUTCHINS,04/03/2012,1235,32.5473,-96.8238,32.6682,-96.7515,"This tornado is a continuation from Ellis County. The tornado crossed into Dallas County near I-35E at the Ellis/Dallas County line. Light damage was noted as the tornado crossed into the county but then the tornado moved into the city of Lancaster and struck the Portofino Apartments where it damaged the roofs of two buildings and tore the roof off another building. Cars were moved in the parking lots, and the windows were blown out in one car. The tornado did significant damage to homes just northeast of the apartment complex, beginning on Sunny Meadow Dr. However, the most significant damage occurred near the intersections of Wintergreen Rd, Telephone Rd, and North Dallas Ave. Many homes in this area were heavily damaged or destroyed. Some cars were pushed into fences, many trees and tree branches were knocked down, an RV was crumpled, and some fence boards penetrated homes. The Cedar Valley Christian Academy also sustained heavy damage when it lost an entire wall. The tornado continued northeast crossing Interstate 20 near Dynasty Drive. The tornado hit a trucking company along the interstate, lofting several empty semis into the air. About 50 semitrailers were damaged or destroyed. The tornado damaged a few additional trees northeast of the trucking company and caused some minor roof damage in the Stagecoach neighborhood. The damage track ended near Palm Island St and Tioga St. In the city of Lancaster, 64 homes were destroyed, 51 sustained major damage, and another 58 sustained minor damage. An additional two homes were destroyed in the Dallas city limits. One home was destroyed when one of the semis from the trucking company was thrown into the house. The path length of the tornado in Dallas County was approximately 9.4 miles long but the total length of the tornado was 13.7 miles. Maximum estimated winds were 130 mph with a maximum width of 200 yards. Ten people in the city of Lancaster were injured, and two people sustained serious injuries.","A historic North Texas tornado outbreak occurred on April 3rd, with 17 tornadoes developing from the DFW Metroplex east to Hopkins County. An EF-3 tornado tore through the town of Forney, heavily damaging homes in the Diamond Creek subdivision. Three EF-2 tornadoes damaged parts of Arlington and Kennedale in Tarrant County; Red Oak, Lancaster, and Dallas in Ellis and Dallas counties; and Royse City in Rockwall and Hunt counties. An EF-1 tornado caused damage near Joshua in Johnson County, and the remaining 12 tornadoes were rated EF-0s. In addition to the tornadoes, large hail damaged many parts of the DFW Metroplex. Approximately 110 airplanes at DFW International Airport were damaged by the hail and taken out of service until repaired. No fatalities occurred and only 29 people were injured. Of the 29 injuries, only 3 were considered serious but everyone made a full recovery.  The environmental set-up on this day consisted of a cut-off low over New Mexico with a front draped north-to-south across the western counties of the CWA. By mid to late morning, strong and severe storms developed along the front as a lobe of energy rotated into west Texas and forcing from this energy overspread the front. The atmosphere was already unstable and uncapped by this time. In addition, a Mesoscale Convective System in Oklahoma sent an outflow boundary south across the Red River. This outflow boundary moved south of the DFW Metroplex by the late morning hours, and isolated storms began to develop south of the outflow boundary but east of the front. As these storms moved north and crossed the outflow boundary, the low level rotation increased and the storms quickly became tornadic. All of the tornadic storms were tied to this outflow boundary as it retreated north as a warm front.",49
378595,TARRANT CO.,KENNEDALE,04/03/2012,1221,Tornado, ,EF2,0,7,200000000,0,TX,CST-6, ,61317,C,439,FWD,0,0,NWS Storm Survey, ,6.4,150,1,S,1,WNW,ARLINGTON PYLON ARPT,04/03/2012,1240,32.6306,-97.2194,32.7086,-97.1997,"An EF-2 tornado began in Kennedale, and then moved north-northeast into Arlington. In its occlusion phase, the tornado curved back to the northwest; ending its track near the east shores of Lake Arlington along Waterview Drive. The path length of the tornado was 6.4 miles long with a width of approximately 150 yards.  Damage from the tornado began near the Texas Raceway. Five manufactured homes were heavily damaged or destroyed near the racing strip. Moving to the north-northeast, the tornado produced sporadic damage to trees, power poles, and a storage facility as the storm organized rapidly. Part of the roof of a warehouse at a business on Tower Drive near Business 287 was torn off and tossed onto a city water tower nearby. The warehouse was also damaged by debris tossed by the tornado. Other businesses near this intersection were also damaged. Damage to residences began north of Sublett Rd. EF-2 damage was noted to a few homes between Sublett Rd and Hwy 287, but most areas received EF-0 or EF-1 damage. Approximately 143 homes and apartments sustained some type of damage in this area. Most of the homes appeared to have the initial failure at or near the garage, with subsequent damage coming to exterior walls or portions of roofs. Before the tornado crossed Hwy 287, it damaged the roofs of two buildings at the Chesterfield Apartments. Once the tornado crossed Hwy 287, it cut a path to the north-northeast causing mostly minor roof and fence damage to approximately 25-30 homes between Hwy 287 and Interstate 20. The tornado crossed Interstate 20 between Kelly Elliott Rd and Green Oaks Blvd. First the tornado damaged a church on the north side of the interstate, then the tornado went on to do significant damage in the Oldfield neighborhood just north of Interstate 20 near Martin High School. Approximately 100 homes were damaged in this neighborhood with an additional 85 damaged in the surrounding areas. Several homes experienced significant damage to garages and progressive failure of garage walls and portions of roofs. A few residences in this neighborhood along Haverford Dr and Thorncliffe Dr sustained EF-2 damage. Large trees were also uprooted in the neighborhood. The damage path continued to the north from this area with several other homes and trees sustaining damage near Little Road. Just west of Martin High School, the tornado began to occlude and turn northwest. At this point, near Green Oaks Boulevard and Chaperito Street, a nursing home suffered significant roof and outside wall damage, with the initial failure occurring near a large window. Nearly all of the residential damage in Kennedale and Arlington was EF-0 or EF-1. Only a small portion of the damage path suffered EF-2 damage. A total of 5 homes in Kennedale and 13 homes in Arlington were determined to be destroyed. Another 44 homes sustained major damage and 247 sustained minor damage. An additional 273 residences were affected by the storms on this day. Maximum estimated winds with the tornado were 135 mph. Eight people sustained injuries from the tornado, but only one of those injured was considered severe.","A historic North Texas tornado outbreak occurred on April 3rd, with 17 tornadoes developing from the DFW Metroplex east to Hopkins County. An EF-3 tornado tore through the town of Forney, heavily damaging homes in the Diamond Creek subdivision. Three EF-2 tornadoes damaged parts of Arlington and Kennedale in Tarrant County; Red Oak, Lancaster, and Dallas in Ellis and Dallas counties; and Royse City in Rockwall and Hunt counties. An EF-1 tornado caused damage near Joshua in Johnson County, and the remaining 12 tornadoes were rated EF-0s. In addition to the tornadoes, large hail damaged many parts of the DFW Metroplex. Approximately 110 airplanes at DFW International Airport were damaged by the hail and taken out of service until repaired. No fatalities occurred and only 29 people were injured. Of the 29 injuries, only 3 were considered serious but everyone made a full recovery.  The environmental set-up on this day consisted of a cut-off low over New Mexico with a front draped north-to-south across the western counties of the CWA. By mid to late morning, strong and severe storms developed along the front as a lobe of energy rotated into west Texas and forcing from this energy overspread the front. The atmosphere was already unstable and uncapped by this time. In addition, a Mesoscale Convective System in Oklahoma sent an outflow boundary south across the Red River. This outflow boundary moved south of the DFW Metroplex by the late morning hours, and isolated storms began to develop south of the outflow boundary but east of the front. As these storms moved north and crossed the outflow boundary, the low level rotation increased and the storms quickly became tornadic. All of the tornadic storms were tied to this outflow boundary as it retreated north as a warm front.",50
375505,DALLAS CO.,SAYENE,04/03/2012,1254,Tornado, ,EF0,0,0,4000,0,TX,CST-6, ,61317,C,113,FWD,0,0,NWS Storm Survey, ,0.09,25,1,NW,1,NW,SAYENE,04/03/2012,1255,32.7773,-96.6908,32.7785,-96.6904,"A brief EF-0 tornado caused damage to a few trees and the roof of one home near Skyline High School in Dallas. The path of the tornado was 0.1 miles long, the width was 25 yards, and the maximum estimated winds were 80 mph.","A historic North Texas tornado outbreak occurred on April 3rd, with 17 tornadoes developing from the DFW Metroplex east to Hopkins County. An EF-3 tornado tore through the town of Forney, heavily damaging homes in the Diamond Creek subdivision. Three EF-2 tornadoes damaged parts of Arlington and Kennedale in Tarrant County; Red Oak, Lancaster, and Dallas in Ellis and Dallas counties; and Royse City in Rockwall and Hunt counties. An EF-1 tornado caused damage near Joshua in Johnson County, and the remaining 12 tornadoes were rated EF-0s. In addition to the tornadoes, large hail damaged many parts of the DFW Metroplex. Approximately 110 airplanes at DFW International Airport were damaged by the hail and taken out of service until repaired. No fatalities occurred and only 29 people were injured. Of the 29 injuries, only 3 were considered serious but everyone made a full recovery.  The environmental set-up on this day consisted of a cut-off low over New Mexico with a front draped north-to-south across the western counties of the CWA. By mid to late morning, strong and severe storms developed along the front as a lobe of energy rotated into west Texas and forcing from this energy overspread the front. The atmosphere was already unstable and uncapped by this time. In addition, a Mesoscale Convective System in Oklahoma sent an outflow boundary south across the Red River. This outflow boundary moved south of the DFW Metroplex by the late morning hours, and isolated storms began to develop south of the outflow boundary but east of the front. As these storms moved north and crossed the outflow boundary, the low level rotation increased and the storms quickly became tornadic. All of the tornadic storms were tied to this outflow boundary as it retreated north as a warm front.",51
375259,TARRANT CO.,TARRANT,04/03/2012,1258,Tornado, ,EF0,0,0,55000,0,TX,CST-6, ,61317,C,439,FWD,0,0,NWS Storm Survey, ,0.47,60,3,SSE,3,SSE,TARRANT,04/03/2012,1300,32.7725,-97.0623,32.7758,-97.0552,"An EF-0 tornado occurred in the northern portions of Grand Prairie with maximum estimated winds around 85 mph. The tornado began just south of the intersection of Highway 360 and East Avenue K. As the tornado traveled northeast, it damaged the roofs of a few warehouse buildings and a strip mall. It also knocked over some light and electric poles. The tornado lifted just past Westpark Drive with a path length just under a half of a mile.","A historic North Texas tornado outbreak occurred on April 3rd, with 17 tornadoes developing from the DFW Metroplex east to Hopkins County. An EF-3 tornado tore through the town of Forney, heavily damaging homes in the Diamond Creek subdivision. Three EF-2 tornadoes damaged parts of Arlington and Kennedale in Tarrant County; Red Oak, Lancaster, and Dallas in Ellis and Dallas counties; and Royse City in Rockwall and Hunt counties. An EF-1 tornado caused damage near Joshua in Johnson County, and the remaining 12 tornadoes were rated EF-0s. In addition to the tornadoes, large hail damaged many parts of the DFW Metroplex. Approximately 110 airplanes at DFW International Airport were damaged by the hail and taken out of service until repaired. No fatalities occurred and only 29 people were injured. Of the 29 injuries, only 3 were considered serious but everyone made a full recovery.  The environmental set-up on this day consisted of a cut-off low over New Mexico with a front draped north-to-south across the western counties of the CWA. By mid to late morning, strong and severe storms developed along the front as a lobe of energy rotated into west Texas and forcing from this energy overspread the front. The atmosphere was already unstable and uncapped by this time. In addition, a Mesoscale Convective System in Oklahoma sent an outflow boundary south across the Red River. This outflow boundary moved south of the DFW Metroplex by the late morning hours, and isolated storms began to develop south of the outflow boundary but east of the front. As these storms moved north and crossed the outflow boundary, the low level rotation increased and the storms quickly became tornadic. All of the tornadic storms were tied to this outflow boundary as it retreated north as a warm front.",52
375507,DALLAS CO.,SOWERS,04/03/2012,1308,Tornado, ,EF0,0,0,100000,0,TX,CST-6, ,61317,C,113,FWD,0,0,NWS Storm Survey, ,1.31,30,3,N,2,NW,SOWERS,04/03/2012,1313,32.8566,-96.9847,32.8417,-96.9988,"An EF-0 tornado with maximum estimated around 85 mph occurred in west Irving. The twister damaged a metal awning at a house and uprooted trees along Avenida Loop by the Irving Mall. Continuing to the northeast, the twister damaged part of the roof of the Goodwill store on N Belt Line Rd and blew HVAC units off the rooftop of the store. Wood power poles were leaning near W Rochelle Rd and N Belt Line Rd. Near the end of the track, trees were uprooted and minor damage was noted at Townsell Elementary School. Two air conditioning units at the school were damaged and so was a gas line. The path length was non-continuous and was approximately 1.3 miles long with a narrow width of 30 yards.","A historic North Texas tornado outbreak occurred on April 3rd, with 17 tornadoes developing from the DFW Metroplex east to Hopkins County. An EF-3 tornado tore through the town of Forney, heavily damaging homes in the Diamond Creek subdivision. Three EF-2 tornadoes damaged parts of Arlington and Kennedale in Tarrant County; Red Oak, Lancaster, and Dallas in Ellis and Dallas counties; and Royse City in Rockwall and Hunt counties. An EF-1 tornado caused damage near Joshua in Johnson County, and the remaining 12 tornadoes were rated EF-0s. In addition to the tornadoes, large hail damaged many parts of the DFW Metroplex. Approximately 110 airplanes at DFW International Airport were damaged by the hail and taken out of service until repaired. No fatalities occurred and only 29 people were injured. Of the 29 injuries, only 3 were considered serious but everyone made a full recovery.  The environmental set-up on this day consisted of a cut-off low over New Mexico with a front draped north-to-south across the western counties of the CWA. By mid to late morning, strong and severe storms developed along the front as a lobe of energy rotated into west Texas and forcing from this energy overspread the front. The atmosphere was already unstable and uncapped by this time. In addition, a Mesoscale Convective System in Oklahoma sent an outflow boundary south across the Red River. This outflow boundary moved south of the DFW Metroplex by the late morning hours, and isolated storms began to develop south of the outflow boundary but east of the front. As these storms moved north and crossed the outflow boundary, the low level rotation increased and the storms quickly became tornadic. All of the tornadic storms were tied to this outflow boundary as it retreated north as a warm front.",53
375510,DALLAS CO.,COPPELL,04/03/2012,1323,Tornado, ,EF0,0,0,150000,0,TX,CST-6, ,61317,C,113,FWD,0,0,NWS Storm Survey, ,2.02,75,2,E,3,ENE,COPPELL,04/03/2012,1328,32.9469,-96.9936,32.9713,-96.9743,"An EF-0 tornado with maximum estimated winds around 80 mph produced damage in the city of Coppell. The tornado began near the intersection of E Belt Line Rd and S Denton Tap Rd. The awning at a gas station was damaged at this intersection. The tornado moved to the northeast through a residential area causing minor damage to some roofs of homes and businesses and also damaging trees. The total path of the tornado was 2 miles long, but the damage path was non-continuous. The damage path was also narrow at about 75 yards wide.","A historic North Texas tornado outbreak occurred on April 3rd, with 17 tornadoes developing from the DFW Metroplex east to Hopkins County. An EF-3 tornado tore through the town of Forney, heavily damaging homes in the Diamond Creek subdivision. Three EF-2 tornadoes damaged parts of Arlington and Kennedale in Tarrant County; Red Oak, Lancaster, and Dallas in Ellis and Dallas counties; and Royse City in Rockwall and Hunt counties. An EF-1 tornado caused damage near Joshua in Johnson County, and the remaining 12 tornadoes were rated EF-0s. In addition to the tornadoes, large hail damaged many parts of the DFW Metroplex. Approximately 110 airplanes at DFW International Airport were damaged by the hail and taken out of service until repaired. No fatalities occurred and only 29 people were injured. Of the 29 injuries, only 3 were considered serious but everyone made a full recovery.  The environmental set-up on this day consisted of a cut-off low over New Mexico with a front draped north-to-south across the western counties of the CWA. By mid to late morning, strong and severe storms developed along the front as a lobe of energy rotated into west Texas and forcing from this energy overspread the front. The atmosphere was already unstable and uncapped by this time. In addition, a Mesoscale Convective System in Oklahoma sent an outflow boundary south across the Red River. This outflow boundary moved south of the DFW Metroplex by the late morning hours, and isolated storms began to develop south of the outflow boundary but east of the front. As these storms moved north and crossed the outflow boundary, the low level rotation increased and the storms quickly became tornadic. All of the tornadic storms were tied to this outflow boundary as it retreated north as a warm front.",54
375257,DENTON CO.,MAYHILL,04/03/2012,1340,Tornado, ,EF0,0,0,0,10000,TX,CST-6, ,61317,C,121,FWD,0,0,Public, ,0.21,50,3,SSE,3,SSE,MAYHILL,04/03/2012,1341,33.1582,-97.1376,33.1595,-97.1344,"An EF-0 tornado occurred in an unincorporated area just south of Denton. The tornado touched down in a wheat field southeast of the intersection of Country Club Road and Ryan Rd. The tornado was confirmed by photos, radar, and eyewitness evidence.","A historic North Texas tornado outbreak occurred on April 3rd, with 17 tornadoes developing from the DFW Metroplex east to Hopkins County. An EF-3 tornado tore through the town of Forney, heavily damaging homes in the Diamond Creek subdivision. Three EF-2 tornadoes damaged parts of Arlington and Kennedale in Tarrant County; Red Oak, Lancaster, and Dallas in Ellis and Dallas counties; and Royse City in Rockwall and Hunt counties. An EF-1 tornado caused damage near Joshua in Johnson County, and the remaining 12 tornadoes were rated EF-0s. In addition to the tornadoes, large hail damaged many parts of the DFW Metroplex. Approximately 110 airplanes at DFW International Airport were damaged by the hail and taken out of service until repaired. No fatalities occurred and only 29 people were injured. Of the 29 injuries, only 3 were considered serious but everyone made a full recovery.  The environmental set-up on this day consisted of a cut-off low over New Mexico with a front draped north-to-south across the western counties of the CWA. By mid to late morning, strong and severe storms developed along the front as a lobe of energy rotated into west Texas and forcing from this energy overspread the front. The atmosphere was already unstable and uncapped by this time. In addition, a Mesoscale Convective System in Oklahoma sent an outflow boundary south across the Red River. This outflow boundary moved south of the DFW Metroplex by the late morning hours, and isolated storms began to develop south of the outflow boundary but east of the front. As these storms moved north and crossed the outflow boundary, the low level rotation increased and the storms quickly became tornadic. All of the tornadic storms were tied to this outflow boundary as it retreated north as a warm front.",55
377457,HUNT CO.,WILKES SPUR,04/03/2012,1420,Tornado, ,EF0,0,0,0,20000,TX,CST-6, ,61317,C,231,FWD,0,0,Law Enforcement, ,0.3,25,3,SE,3,SE,WILKES SPUR,04/03/2012,1421,33.1215,-95.8967,33.1233,-95.892,"A brief tornado was observed south of Interstate 30 between Campbell and Cumby. This tornado occurred in open country and was rated at EF-0.","A historic North Texas tornado outbreak occurred on April 3rd, with 17 tornadoes developing from the DFW Metroplex east to Hopkins County. An EF-3 tornado tore through the town of Forney, heavily damaging homes in the Diamond Creek subdivision. Three EF-2 tornadoes damaged parts of Arlington and Kennedale in Tarrant County; Red Oak, Lancaster, and Dallas in Ellis and Dallas counties; and Royse City in Rockwall and Hunt counties. An EF-1 tornado caused damage near Joshua in Johnson County, and the remaining 12 tornadoes were rated EF-0s. In addition to the tornadoes, large hail damaged many parts of the DFW Metroplex. Approximately 110 airplanes at DFW International Airport were damaged by the hail and taken out of service until repaired. No fatalities occurred and only 29 people were injured. Of the 29 injuries, only 3 were considered serious but everyone made a full recovery.  The environmental set-up on this day consisted of a cut-off low over New Mexico with a front draped north-to-south across the western counties of the CWA. By mid to late morning, strong and severe storms developed along the front as a lobe of energy rotated into west Texas and forcing from this energy overspread the front. The atmosphere was already unstable and uncapped by this time. In addition, a Mesoscale Convective System in Oklahoma sent an outflow boundary south across the Red River. This outflow boundary moved south of the DFW Metroplex by the late morning hours, and isolated storms began to develop south of the outflow boundary but east of the front. As these storms moved north and crossed the outflow boundary, the low level rotation increased and the storms quickly became tornadic. All of the tornadic storms were tied to this outflow boundary as it retreated north as a warm front.",56
377444,DALLAS CO.,NEW HOPE,04/03/2012,1422,Tornado, ,EF0,0,2,300000,0,TX,CST-6, ,61317,C,113,FWD,0,0,NWS Storm Survey, ,0.28,30,2,SSW,2,SSW,NEW HOPE,04/03/2012,1424,32.7982,-96.6156,32.7985,-96.6108,"An EF-0 tornado with maximum estimated winds around 85 mph occurred in Mesquite. The tornado began near Independence Drive and Meadow Lane then tracked east. Minor roof damage was noted along the track of the tornado and several large trees were split or had large branches broken off. Near the end of the track on the east side of N Galloway Ave, a car service station sustained significant damage. The winds from the tornado penetrated the building through the large service doors. The roof was ripped off the building and the back wall collapsed. The path length of this tornado was 0.3 miles with a width of about 30 yards. Two people sustained minor injuries.","A historic North Texas tornado outbreak occurred on April 3rd, with 17 tornadoes developing from the DFW Metroplex east to Hopkins County. An EF-3 tornado tore through the town of Forney, heavily damaging homes in the Diamond Creek subdivision. Three EF-2 tornadoes damaged parts of Arlington and Kennedale in Tarrant County; Red Oak, Lancaster, and Dallas in Ellis and Dallas counties; and Royse City in Rockwall and Hunt counties. An EF-1 tornado caused damage near Joshua in Johnson County, and the remaining 12 tornadoes were rated EF-0s. In addition to the tornadoes, large hail damaged many parts of the DFW Metroplex. Approximately 110 airplanes at DFW International Airport were damaged by the hail and taken out of service until repaired. No fatalities occurred and only 29 people were injured. Of the 29 injuries, only 3 were considered serious but everyone made a full recovery.  The environmental set-up on this day consisted of a cut-off low over New Mexico with a front draped north-to-south across the western counties of the CWA. By mid to late morning, strong and severe storms developed along the front as a lobe of energy rotated into west Texas and forcing from this energy overspread the front. The atmosphere was already unstable and uncapped by this time. In addition, a Mesoscale Convective System in Oklahoma sent an outflow boundary south across the Red River. This outflow boundary moved south of the DFW Metroplex by the late morning hours, and isolated storms began to develop south of the outflow boundary but east of the front. As these storms moved north and crossed the outflow boundary, the low level rotation increased and the storms quickly became tornadic. All of the tornadic storms were tied to this outflow boundary as it retreated north as a warm front.",57
375514,HOPKINS CO.,GREENVIEW,04/03/2012,1424,Tornado, ,EF0,0,0,0,0,TX,CST-6, ,61317,C,223,FWD,0,0,Law Enforcement, ,0.12,25,1,NNE,1,NNE,GREENVIEW,04/03/2012,1425,33.0425,-95.7136,33.0437,-95.7121,"A very brief tornado touched down in open field near FM 3389 and CR 1170, south of Brashear.","A historic North Texas tornado outbreak occurred on April 3rd, with 17 tornadoes developing from the DFW Metroplex east to Hopkins County. An EF-3 tornado tore through the town of Forney, heavily damaging homes in the Diamond Creek subdivision. Three EF-2 tornadoes damaged parts of Arlington and Kennedale in Tarrant County; Red Oak, Lancaster, and Dallas in Ellis and Dallas counties; and Royse City in Rockwall and Hunt counties. An EF-1 tornado caused damage near Joshua in Johnson County, and the remaining 12 tornadoes were rated EF-0s. In addition to the tornadoes, large hail damaged many parts of the DFW Metroplex. Approximately 110 airplanes at DFW International Airport were damaged by the hail and taken out of service until repaired. No fatalities occurred and only 29 people were injured. Of the 29 injuries, only 3 were considered serious but everyone made a full recovery.  The environmental set-up on this day consisted of a cut-off low over New Mexico with a front draped north-to-south across the western counties of the CWA. By mid to late morning, strong and severe storms developed along the front as a lobe of energy rotated into west Texas and forcing from this energy overspread the front. The atmosphere was already unstable and uncapped by this time. In addition, a Mesoscale Convective System in Oklahoma sent an outflow boundary south across the Red River. This outflow boundary moved south of the DFW Metroplex by the late morning hours, and isolated storms began to develop south of the outflow boundary but east of the front. As these storms moved north and crossed the outflow boundary, the low level rotation increased and the storms quickly became tornadic. All of the tornadic storms were tied to this outflow boundary as it retreated north as a warm front.",58
377573,KAUFMAN CO.,FORNEY,04/03/2012,1433,Tornado, ,EF3,0,7,100000000,0,TX,CST-6, ,61317,C,257,FWD,0,0,NWS Storm Survey, ,7.73,150,0,S,5,NNW,LAWRENCE,04/03/2012,1439,32.7495,-96.47,32.7991,-96.3508,"An EF-3 tornado did extensive damage as it wound its way through the town of Forney. The tornado began near the intersection of Broad St and N Bois D'arc Street just southwest of Highway 80. As it moved to the northeast, the first significant damage was noted near Aimee St and N Bois D'arc St. There was substantial tree damage with some large trees uprooted near this intersection. Also, shingle damage, roof damage to a fire station nearby, blown out windows at a few homes and an outbuilding was destroyed, all near this intersection.  A street sign at the intersection was also completely bent flat near the base. The tornado moved northeast and crossed Hwy 80 near the Forney Cleaners business where substantial roof and commercial sign damage occurred.  Debris was also observed in the median between the east and westbound lanes near this location. The tornado continued northeast producing light damage to industrial buildings, but was largely over open fields. The tornado then crossed over Ridgecrest Rd and produced substantial damage to many homes in the Diamond Creek subdivision. One of the first homes struck was on Woodberry Dr and was completely destroyed.  Several more homes were destroyed in this subdivision and other homes sustained substantial damage. It was determined that several of the destroyed homes were destroyed as the result of excessive lift being forced upon the roof, and the roofs of these homes were poorly attached to the external walls of the home. Once the roofs failed, pressure built up on internal walls causing the failure of nearly all external and internal walls. As the tornado continued northeast through the subdivision it consistently produced damage to homes, most of which was different degrees of roof or top floor damage. The tornado exited the subdivision at Crosby Elementary School. The tornado damaged several vehicles that were in the school���s parking lot. One vehicle was lofted approximately 300 yards into a field northeast of the school. The school itself sustained mainly roof damage.  Children were in the school when the tornado struck, but no injuries occurred.  The tornado continued northeast for several miles, producing light/EF-0 damage along the way. In total, this tornado destroyed 14 homes, caused major damage to 28 homes and minor damage to another 42 homes. Many of the damaged homes were in the Diamond Creek Subdivision. Due to damage in the Diamond Creek Subdivision, the maximum estimated winds with this tornado were 150 mph. The path length was approximately 7.7 miles, and the maximum width was 150 yards. Seven people sustained non life-threatening injuries.","A historic North Texas tornado outbreak occurred on April 3rd, with 17 tornadoes developing from the DFW Metroplex east to Hopkins County. An EF-3 tornado tore through the town of Forney, heavily damaging homes in the Diamond Creek subdivision. Three EF-2 tornadoes damaged parts of Arlington and Kennedale in Tarrant County; Red Oak, Lancaster, and Dallas in Ellis and Dallas counties; and Royse City in Rockwall and Hunt counties. An EF-1 tornado caused damage near Joshua in Johnson County, and the remaining 12 tornadoes were rated EF-0s. In addition to the tornadoes, large hail damaged many parts of the DFW Metroplex. Approximately 110 airplanes at DFW International Airport were damaged by the hail and taken out of service until repaired. No fatalities occurred and only 29 people were injured. Of the 29 injuries, only 3 were considered serious but everyone made a full recovery.  The environmental set-up on this day consisted of a cut-off low over New Mexico with a front draped north-to-south across the western counties of the CWA. By mid to late morning, strong and severe storms developed along the front as a lobe of energy rotated into west Texas and forcing from this energy overspread the front. The atmosphere was already unstable and uncapped by this time. In addition, a Mesoscale Convective System in Oklahoma sent an outflow boundary south across the Red River. This outflow boundary moved south of the DFW Metroplex by the late morning hours, and isolated storms began to develop south of the outflow boundary but east of the front. As these storms moved north and crossed the outflow boundary, the low level rotation increased and the storms quickly became tornadic. All of the tornadic storms were tied to this outflow boundary as it retreated north as a warm front.",59
377469,HOPKINS CO.,SULPHUR SPGS MUNI AR,04/03/2012,1454,Tornado, ,EF0,0,0,6000,0,TX,CST-6, ,61317,C,223,FWD,0,0,Trained Spotter, ,0.58,50,3,NNE,3,NNE,SULPHUR SPGS MUNI AR,04/03/2012,1455,33.1837,-95.5946,33.1916,-95.5914,"Trained spotters and Sulphur Springs PD reported a tornado near Highway 19 North and Loop 301 on the north side of town. This tornado touched down in open country but did damage to a few power poles, power lines, and trees. The tornado was rated an EF-0 with maximum estimated winds near 85 mph. The total path length was around 0.6 miles long with a width of approximately 50 yards.","A historic North Texas tornado outbreak occurred on April 3rd, with 17 tornadoes developing from the DFW Metroplex east to Hopkins County. An EF-3 tornado tore through the town of Forney, heavily damaging homes in the Diamond Creek subdivision. Three EF-2 tornadoes damaged parts of Arlington and Kennedale in Tarrant County; Red Oak, Lancaster, and Dallas in Ellis and Dallas counties; and Royse City in Rockwall and Hunt counties. An EF-1 tornado caused damage near Joshua in Johnson County, and the remaining 12 tornadoes were rated EF-0s. In addition to the tornadoes, large hail damaged many parts of the DFW Metroplex. Approximately 110 airplanes at DFW International Airport were damaged by the hail and taken out of service until repaired. No fatalities occurred and only 29 people were injured. Of the 29 injuries, only 3 were considered serious but everyone made a full recovery.  The environmental set-up on this day consisted of a cut-off low over New Mexico with a front draped north-to-south across the western counties of the CWA. By mid to late morning, strong and severe storms developed along the front as a lobe of energy rotated into west Texas and forcing from this energy overspread the front. The atmosphere was already unstable and uncapped by this time. In addition, a Mesoscale Convective System in Oklahoma sent an outflow boundary south across the Red River. This outflow boundary moved south of the DFW Metroplex by the late morning hours, and isolated storms began to develop south of the outflow boundary but east of the front. As these storms moved north and crossed the outflow boundary, the low level rotation increased and the storms quickly became tornadic. All of the tornadic storms were tied to this outflow boundary as it retreated north as a warm front.",60
377580,ROCKWALL CO.,BLACKLAND,04/03/2012,1456,Tornado, ,EF3,0,3,15000000,0,TX,CST-6, ,61317,C,397,FWD,0,0,NWS Storm Survey, ,2.38,400,2,SE,3,E,BLACKLAND,04/03/2012,1502,32.878,-96.3286,32.8998,-96.2968,"An EF-3 tornado began in eastern Rockwall County and traveled northeast into Hunt County before lifting. The tornado touched down to the southwest of the intersection of FM 548 and Bent Rd in Rockwall County. The tornado quickly moved into a subdivision and severely damaged or destroyed several homes. The worst of the damage in this subdivision occurred along Laci Ln. Trees and shrubs northeast of these houses by a half mile or so were completely debarked and had no vegetation remaining. The tornado continued northeast and produced damage to homes along Country Manor Rd. There was one house that had a large portion of its roof/top story completely removed.  A couple of small barns were also destroyed, one which contained a classic car which ended up blown into the back of a neighbor���s house. The tornado continued northeast where it crossed Hwy 276 and sideswiped a cabinet factory. Part of the outside metal walls were crumbled. There was an incredible amount of industrial debris downstream of this factory north of the highway. The tornado continued northeast and demolished one mobile home and damaged another right at the Rockwall/Hunt County line. In total, 8 homes in Rockwall County were deemed destroyed, 17 sustained major damage, and 8 sustained minor damage. The path length of the tornado in Rockwall County was nearly 2.4 miles, but the total path length was 3.3 miles. Maximum estimated winds were 150 mph and the tornado was approximately 400 yards wide. Three people sustained minor injuries when their doublewide mobile home was struck near the Rockwall/Hunt County line.","A historic North Texas tornado outbreak occurred on April 3rd, with 17 tornadoes developing from the DFW Metroplex east to Hopkins County. An EF-3 tornado tore through the town of Forney, heavily damaging homes in the Diamond Creek subdivision. Three EF-2 tornadoes damaged parts of Arlington and Kennedale in Tarrant County; Red Oak, Lancaster, and Dallas in Ellis and Dallas counties; and Royse City in Rockwall and Hunt counties. An EF-1 tornado caused damage near Joshua in Johnson County, and the remaining 12 tornadoes were rated EF-0s. In addition to the tornadoes, large hail damaged many parts of the DFW Metroplex. Approximately 110 airplanes at DFW International Airport were damaged by the hail and taken out of service until repaired. No fatalities occurred and only 29 people were injured. Of the 29 injuries, only 3 were considered serious but everyone made a full recovery.  The environmental set-up on this day consisted of a cut-off low over New Mexico with a front draped north-to-south across the western counties of the CWA. By mid to late morning, strong and severe storms developed along the front as a lobe of energy rotated into west Texas and forcing from this energy overspread the front. The atmosphere was already unstable and uncapped by this time. In addition, a Mesoscale Convective System in Oklahoma sent an outflow boundary south across the Red River. This outflow boundary moved south of the DFW Metroplex by the late morning hours, and isolated storms began to develop south of the outflow boundary but east of the front. As these storms moved north and crossed the outflow boundary, the low level rotation increased and the storms quickly became tornadic. All of the tornadic storms were tied to this outflow boundary as it retreated north as a warm front.",61
377586,HUNT CO.,UNION VLY,04/03/2012,1502,Tornado, ,EF2,0,0,500000,0,TX,CST-6, ,61317,C,231,FWD,0,0,NWS Storm Survey, ,0.96,400,3,WSW,2,WSW,UNION VLY,04/03/2012,1504,32.8998,-96.2968,32.908,-96.2834,"A strong EF-2 tornado began in eastern Rockwall County and traveled northeast into Hunt County before lifting. As the tornado crossed into Hunt County, it destroyed one mobile home near the Rockwall/Hunt County Line. The tornado then continued to the northeast where it destroyed the roof of one more home before lifting north of Highway 276. The path length of the tornado in Hunt County was nearly a mile long, but the total path length was 3.3 miles. Maximum estimated winds with the tornado while it was in Hunt County were likely around 130 mph and the tornado was approximately 400 yards wide.","A historic North Texas tornado outbreak occurred on April 3rd, with 17 tornadoes developing from the DFW Metroplex east to Hopkins County. An EF-3 tornado tore through the town of Forney, heavily damaging homes in the Diamond Creek subdivision. Three EF-2 tornadoes damaged parts of Arlington and Kennedale in Tarrant County; Red Oak, Lancaster, and Dallas in Ellis and Dallas counties; and Royse City in Rockwall and Hunt counties. An EF-1 tornado caused damage near Joshua in Johnson County, and the remaining 12 tornadoes were rated EF-0s. In addition to the tornadoes, large hail damaged many parts of the DFW Metroplex. Approximately 110 airplanes at DFW International Airport were damaged by the hail and taken out of service until repaired. No fatalities occurred and only 29 people were injured. Of the 29 injuries, only 3 were considered serious but everyone made a full recovery.  The environmental set-up on this day consisted of a cut-off low over New Mexico with a front draped north-to-south across the western counties of the CWA. By mid to late morning, strong and severe storms developed along the front as a lobe of energy rotated into west Texas and forcing from this energy overspread the front. The atmosphere was already unstable and uncapped by this time. In addition, a Mesoscale Convective System in Oklahoma sent an outflow boundary south across the Red River. This outflow boundary moved south of the DFW Metroplex by the late morning hours, and isolated storms began to develop south of the outflow boundary but east of the front. As these storms moved north and crossed the outflow boundary, the low level rotation increased and the storms quickly became tornadic. All of the tornadic storms were tied to this outflow boundary as it retreated north as a warm front.",62
377515,HUNT CO.,HARLOW,04/03/2012,1527,Tornado, ,EF0,0,0,0,10000,TX,CST-6, ,61317,C,231,FWD,0,0,Trained Spotter, ,0.57,50,3,SSW,3,S,HARLOW,04/03/2012,1529,33.0361,-96.1358,33.0415,-96.1284,"Several trained storm spotters observed and reported a tornado over open country approximately 6 miles south of Greenville. This EF-0 tornado had maximum estimated winds of approximately 80 mph, a path length of approximately half a mile, and a path width of 50 yards.","A historic North Texas tornado outbreak occurred on April 3rd, with 17 tornadoes developing from the DFW Metroplex east to Hopkins County. An EF-3 tornado tore through the town of Forney, heavily damaging homes in the Diamond Creek subdivision. Three EF-2 tornadoes damaged parts of Arlington and Kennedale in Tarrant County; Red Oak, Lancaster, and Dallas in Ellis and Dallas counties; and Royse City in Rockwall and Hunt counties. An EF-1 tornado caused damage near Joshua in Johnson County, and the remaining 12 tornadoes were rated EF-0s. In addition to the tornadoes, large hail damaged many parts of the DFW Metroplex. Approximately 110 airplanes at DFW International Airport were damaged by the hail and taken out of service until repaired. No fatalities occurred and only 29 people were injured. Of the 29 injuries, only 3 were considered serious but everyone made a full recovery.  The environmental set-up on this day consisted of a cut-off low over New Mexico with a front draped north-to-south across the western counties of the CWA. By mid to late morning, strong and severe storms developed along the front as a lobe of energy rotated into west Texas and forcing from this energy overspread the front. The atmosphere was already unstable and uncapped by this time. In addition, a Mesoscale Convective System in Oklahoma sent an outflow boundary south across the Red River. This outflow boundary moved south of the DFW Metroplex by the late morning hours, and isolated storms began to develop south of the outflow boundary but east of the front. As these storms moved north and crossed the outflow boundary, the low level rotation increased and the storms quickly became tornadic. All of the tornadic storms were tied to this outflow boundary as it retreated north as a warm front.",63
364408,FRANKLIN CO.,HAGANSPORT,04/03/2012,1539,Tornado, ,EF0,0,0,0,0,TX,CST-6, ,60979,C,159,SHV,0,0,NWS Storm Survey, ,0.84,25,1,ESE,2,ENE,HAGANSPORT,04/03/2012,1545,33.347,-95.212,33.355,-95.201,"A damage survey concluded that an EF0 tornado touched down about 2 miles east of Hagansport in Franklin County, Texas.   The tornado touched down in an open field just north of Farm to Market Road 71, where several trees were snapped. The tornado traveled northeast across County Road Northeast 2130, where a top of a tree was snapped off, with the tornado continuing across another open field, snapping large branches and uprooting a large tree. This tornado lifted shortly thereafter in a heavily wooded area near the Sulphur River inaccessible by vehicle. The maximum winds are estimated at 65-75 mph.","A deep upper level trough across the western plains lifted north and east towards the region during the afternoon and overnight hours of April 3rd and morning hours of April 4th. Deep layer shear supported the development of super cell thunderstorms across North Central Texas during the afternoon hours of April 3rd and these storms moved into the region, producing strong and damaging wind gusts, large hail and a few tornadoes across most of the region.",64
364410,RED RIVER CO.,CUTHAND,04/03/2012,1541,Tornado, ,EF0,0,0,0,0,TX,CST-6, ,60979,C,387,SHV,0,0,NWS Storm Survey, ,1.41,25,0,SW,1,N,CUTHAND,04/03/2012,1545,33.465,-95.056,33.484,-95.047,"A damage survey concluded that an EF0 tornado touched down about 10 miles south of Clarksville in Red River County, Texas.  The tornado touched down along County Road 4610, where a few trees were uprooted. The tornado traveled north northeast just east of County Road 910, where additional trees were snapped and uprooted. This tornado continued across County Road 4605, snapping large limbs off of several more trees before lifting in a heavily wooded area. The maximum winds are estimated at 65-75 mph.","A deep upper level trough across the western plains lifted north and east towards the region during the afternoon and overnight hours of April 3rd and morning hours of April 4th. Deep layer shear supported the development of super cell thunderstorms across North Central Texas during the afternoon hours of April 3rd and these storms moved into the region, producing strong and damaging wind gusts, large hail and a few tornadoes across most of the region.",65
364411,BOWIE CO.,DALBY SPGS,04/03/2012,1544,Tornado, ,EF0,0,0,0,0,TX,CST-6, ,60979,C,37,SHV,0,0,NWS Storm Survey, ,2.24,50,3,NNE,3,W,COLLEGE HILL,04/03/2012,1550,33.411,-94.702,33.421,-94.665,"The National Weather Service conducted a storm survey  in Bowie County and found damage from an EF0 tornado.  The tornado touched down 8 miles southwest of De Kalb, TX,  just west of CR 4306 where a few trees were snapped and uprooted.  The tornado crossed CR 4306 and traveled east northeast, remaining over open country where more trees were snapped and uprooted.  The tornado lifted just west of the intersection of CR 4305 and U.S. Hwy. 259.  The maximum winds are estimated at 65-75 mph.","A deep upper level trough across the western plains lifted north and east towards the region during the afternoon and overnight hours of April 3rd and morning hours of April 4th. Deep layer shear supported the development of super cell thunderstorms across North Central Texas during the afternoon hours of April 3rd and these storms moved into the region, producing strong and damaging wind gusts, large hail and a few tornadoes across most of the region.",66
375515,HOPKINS CO.,PICKTON,04/03/2012,1636,Tornado, ,EF0,0,0,0,10000,TX,CST-6, ,61317,C,223,FWD,0,0,Trained Spotter, ,0.54,25,2,SE,2,SE,PICKTON,04/03/2012,1637,33.0095,-95.3556,33.0106,-95.3464,"Trained storm spotters reported a tornado 6 miles northwest of Winnsboro which is also about 2 miles southeast of Pickton. The tornado damaged a few trees. Maximum wind speeds were likely around 80 mph.","A historic North Texas tornado outbreak occurred on April 3rd, with 17 tornadoes developing from the DFW Metroplex east to Hopkins County. An EF-3 tornado tore through the town of Forney, heavily damaging homes in the Diamond Creek subdivision. Three EF-2 tornadoes damaged parts of Arlington and Kennedale in Tarrant County; Red Oak, Lancaster, and Dallas in Ellis and Dallas counties; and Royse City in Rockwall and Hunt counties. An EF-1 tornado caused damage near Joshua in Johnson County, and the remaining 12 tornadoes were rated EF-0s. In addition to the tornadoes, large hail damaged many parts of the DFW Metroplex. Approximately 110 airplanes at DFW International Airport were damaged by the hail and taken out of service until repaired. No fatalities occurred and only 29 people were injured. Of the 29 injuries, only 3 were considered serious but everyone made a full recovery.  The environmental set-up on this day consisted of a cut-off low over New Mexico with a front draped north-to-south across the western counties of the CWA. By mid to late morning, strong and severe storms developed along the front as a lobe of energy rotated into west Texas and forcing from this energy overspread the front. The atmosphere was already unstable and uncapped by this time. In addition, a Mesoscale Convective System in Oklahoma sent an outflow boundary south across the Red River. This outflow boundary moved south of the DFW Metroplex by the late morning hours, and isolated storms began to develop south of the outflow boundary but east of the front. As these storms moved north and crossed the outflow boundary, the low level rotation increased and the storms quickly became tornadic. All of the tornadic storms were tied to this outflow boundary as it retreated north as a warm front.",67
364438,CADDO PAR.,RODESSA,04/03/2012,1808,Tornado, ,EF0,0,0,5000,0,LA,CST-6, ,60978,C,17,SHV,0,0,NWS Storm Survey, ,3.08,50,1,ESE,3,WNW,MIRA,04/03/2012,1813,32.965,-93.991,32.967,-93.938,"The National Weather Service conducted a storm survey in Caddo Parish and found damage from an EF0 tornado.  The tornado first touched down 1 mile ESE of Rodessa, LA, along Pitts Road where an outbuilding was damaged and trees were snapped.  The tornado traveled east.  Two large trees were uprooted with one falling on a building along Rodessa Church Road.  The tornado remained south of Tyson Road/PR 172 and crossed Adcock Road where more trees were snapped.  The tornado lifted before reaching Atlanta Mira Road.  The maximum winds are estimated at 65-75 mph.","A deep upper level trough across the western plains lifted north and east towards the region during the afternoon and overnight hours of April 3rd and morning hours of April 4th.  Deep layer shear supported the development of super cell thunderstorms across North Central Texas during the afternoon hours of April 3rd and these storms moved into the region, producing strong and damaging wind gusts, large hail and a few tornadoes across most of the region.",68
376464,PEMISCOT CO.,NETHERLANDS,04/05/2012,1049,Tornado, ,EF0,0,0,0,0,MO,CST-6, ,62929,C,155,MEG,0,0,Law Enforcement, ,0.19,50,0,ESE,0,E,NETHERLANDS,04/05/2012,1050,36.299,-89.7481,36.3002,-89.7451,"A weak tornado briefly touched down near the intersection of Highway K and Highway P. This is near the Netherlands area. No damage was reported.","An upper level low pressure system moved across the Mid-South on April 5, 2012. As a result scattered to numerous showers and thunderstorms developed across the Missouri Bootheel. A few of the storms were severe producing large hail, damaging winds and a couple of weak tornadoes.",69
376466,PEMISCOT CO.,CONCORD,04/05/2012,1051,Tornado, ,EF0,0,0,0,0,MO,CST-6, ,62929,C,155,MEG,0,0,Law Enforcement, ,0.16,50,2,NE,2,NE,CONCORD,04/05/2012,1052,36.2993,-89.7007,36.3001,-89.6981,"A weak tornado touched down just north of the Concord overpass near Interstate 55 at mile marker 24. No damage was reported.","An upper level low pressure system moved across the Mid-South on April 5, 2012. As a result scattered to numerous showers and thunderstorms developed across the Missouri Bootheel. A few of the storms were severe producing large hail, damaging winds and a couple of weak tornadoes.",70
374233,NEW MADRID CO.,PORTAGEVILLE,04/05/2012,1230,Tornado, ,EF0,0,0,0,0,MO,CST-6, ,62560,C,143,PAH,0,0,Law Enforcement, ,3.93,100,0,NNW,0,W,CONRAN,04/05/2012,1240,36.4351,-89.7013,36.4799,-89.6577,"A tornado was confirmed via numerous video footage and pictures taken by Emergency Management (Portageville), law enforcement and the general public. The tornado traveled primarily through open fields. An irrigation system was blown over indicating peak winds about 80 mph. The tornado was approximately 100 yards wide and on the ground for about 4 miles from just north of Portageville to near Conran, between Hwy 61 and State State Hwy F.","An isolated severe thunderstorm occurred in the unstable air mass across the region.",71
370157,COLLIER CO.,(APF)NAPLES MUNI ARP,04/06/2012,843,Tornado, ,EF0,0,0,10000,0,FL,EST-5, ,61896,C,21,MFL,0,0,Fire Department/Rescue, ,0.2,25,2,WNW,2,NW,(APF)NAPLES MUNI ARP,04/06/2012,845,26.168,-81.8121,26.1691,-81.8091,"A resident of Ambassador Club Condos observed a waterspout moving onshore with damage to several sliding glass doors, minor damage to roofing, along with broken tree branches and snapped palm trees. Maximum winds were likely in 65-80 mph range.","A strong cold front produced a line of strong to severe thunderstorms that moved across South Florida during the morning and early afternoon. Approximately 4,000 customers lost power in Collier County, with an estimated 5,800 in Broward and Miami-Dade counties.",72
378640,MITCHELL CO.,HYMAN,04/07/2012,1523,Tornado, ,EF0,0,0,0,0,TX,CST-6, ,61505,C,335,MAF,0,0,Trained Spotter, ,1.38,30,6,ESE,6,ESE,HYMAN,04/07/2012,1527,32.11,-101.03,32.09,-101.03,"A severe thunderstorm moved over Mitchell County and produced a tornado eighteen miles south of Westbrook.  This tornado remained over ranch land adjacent to and west of State Highway 163.  No damage was identified with this tornado, and it was rated as an EF-0.","A dryline was present across the Permian Basin and Trans Pecos region with plentiful low level moisture to the east of this feature.  Heating of the higher terrain of the Davis Mountains and Trans Pecos along with a mid-level shortwave helped to create lift and instability over southwest Texas.   A cold front had moved into the area during the afternoon and evening hours and helped to create additional lift and instability.  This contributed to the development of severe thunderstorms along the Trans Pecos and Permian Basin with many hail reports and a tornado.",73
378641,MITCHELL CO.,HYMAN,04/07/2012,1538,Tornado, ,EF0,0,0,0,0,TX,CST-6, ,61505,C,335,MAF,0,0,Trained Spotter, ,1.17,40,6,ESE,5,ESE,HYMAN,04/07/2012,1548,32.09,-101.03,32.09,-101.05,"A severe thunderstorm moved over Mitchell County and produced a tornado eighteen miles south of Westbrook.  This tornado remained over ranch land adjacent to and west of State Highway 163.  No damage was identified with this tornado, and it was rated as an EF-0.","A dryline was present across the Permian Basin and Trans Pecos region with plentiful low level moisture to the east of this feature.  Heating of the higher terrain of the Davis Mountains and Trans Pecos along with a mid-level shortwave helped to create lift and instability over southwest Texas.   A cold front had moved into the area during the afternoon and evening hours and helped to create additional lift and instability.  This contributed to the development of severe thunderstorms along the Trans Pecos and Permian Basin with many hail reports and a tornado.",74
379276,STERLING CO.,STERLING CITY,04/07/2012,1548,Tornado, ,EF0,0,0,0,0,TX,CST-6, ,63209,C,431,SJT,0,0,Trained Spotter, ,1.14,30,18,N,17,N,STERLING CITY,04/07/2012,1553,32.09,-101.05,32.0735,-101.0495,"A tornado was reported on the Sterling and Mitchell County line.  It was relayed through the National Weather Service Office in Midland by several trained spotters.","A stalled frontal boundary across the Concho Valley and the Big Country, resulted in the development of severe thunderstorms.  These storms produced isolated tornadoes, damaging winds and large hail.  One of the storms became a long tracked supercell that tracked from north of Sterling City south through Crockett County.",75
379277,STERLING CO.,STERLING CITY CLD AR,04/07/2012,1812,Tornado, ,EF0,0,0,0,0,TX,CST-6, ,63209,C,431,SJT,0,0,Amateur Radio, ,0.77,30,10,WNW,9,WNW,STERLING CITY CLD AR,04/07/2012,1815,31.69,-101.13,31.6788,-101.1309,"A brief rain wrapped tornado was reported west of Highway 163 by trained storm spotters.","A stalled frontal boundary across the Concho Valley and the Big Country, resulted in the development of severe thunderstorms.  These storms produced isolated tornadoes, damaging winds and large hail.  One of the storms became a long tracked supercell that tracked from north of Sterling City south through Crockett County.",76
379278,STERLING CO.,STERLING CITY CLD AR,04/07/2012,1842,Tornado, ,EF0,0,0,0,0,TX,CST-6, ,63209,C,431,SJT,0,0,Storm Chaser, ,1.18,30,13,W,13,W,STERLING CITY CLD AR,04/07/2012,1844,31.65,-101.2,31.6336,-101.2054,"A storm chaser reported this rain wrapped tornado.","A stalled frontal boundary across the Concho Valley and the Big Country, resulted in the development of severe thunderstorms.  These storms produced isolated tornadoes, damaging winds and large hail.  One of the storms became a long tracked supercell that tracked from north of Sterling City south through Crockett County.",77
379499,WOODWARD CO.,WOODWARD,04/09/2012,1623,Tornado, ,EF0,0,0,0,0,OK,CST-6, ,62007,C,153,OUN,0,0,Storm Chaser, ,0.1,30,3,SSW,3,SSW,WOODWARD,04/09/2012,1623,36.3899,-99.4107,36.3899,-99.4107,"A number of storm chasers reported a tornado approximately 3 miles south-southwest of Woodward. No known damage occurred and the location is estimated.","Supercell thunderstorms developed over northwest Oklahoma during the mid-afternoon hours and moved southeast through the evening hours. Hail up to softball-size was reported over many areas of Woodward county. In addition, several weak tornadoes occurred near and south of Woodward, OK. The tornadoes were brief in duration, although one did produce some damage east of Sharon, OK. The more extensive damage occurred with the very large hail that ravaged most of the city of Woodward. The hail shattered numerous automobile and building windows, some of which caused injuries. Two injuries occurred as hail busted through car windows. Another injury occurred to a girl that was closing her storm shelter. She broke her wrist after being struck by tennis ball-size hail. The Mesonet site located 2 miles south-southwest of Woodward recorded an interesting drop in pressure as the supercell tornado moved nearby. The storms moved southeast with large hail becoming primary threat as they moved over Clinton, OK. Other thunderstorms developed over the Texas panhandle and moved into far southwest Oklahoma and adjacent portions of western north Texas. These storms moved over mainly rural areas of Hardeman Foard counties, with large hail likely occurring and wind gusts over 60 mph.",78
379505,WOODWARD CO.,WOODWARD,04/09/2012,1635,Tornado, ,EF1,0,0,0,0,OK,CST-6, ,62007,C,153,OUN,0,0,Emergency Manager, ,0.2,100,5,S,5,S,WOODWARD,04/09/2012,1635,36.3568,-99.3722,36.3568,-99.3722,"A tornado was observed by spotters and storm chasers south of Woodward. A camper was rolled over, trees were uprooted and light damage occurred to a building.","Supercell thunderstorms developed over northwest Oklahoma during the mid-afternoon hours and moved southeast through the evening hours. Hail up to softball-size was reported over many areas of Woodward county. In addition, several weak tornadoes occurred near and south of Woodward, OK. The tornadoes were brief in duration, although one did produce some damage east of Sharon, OK. The more extensive damage occurred with the very large hail that ravaged most of the city of Woodward. The hail shattered numerous automobile and building windows, some of which caused injuries. Two injuries occurred as hail busted through car windows. Another injury occurred to a girl that was closing her storm shelter. She broke her wrist after being struck by tennis ball-size hail. The Mesonet site located 2 miles south-southwest of Woodward recorded an interesting drop in pressure as the supercell tornado moved nearby. The storms moved southeast with large hail becoming primary threat as they moved over Clinton, OK. Other thunderstorms developed over the Texas panhandle and moved into far southwest Oklahoma and adjacent portions of western north Texas. These storms moved over mainly rural areas of Hardeman Foard counties, with large hail likely occurring and wind gusts over 60 mph.",79
379508,WOODWARD CO.,SHARON,04/09/2012,1645,Tornado, ,EF0,0,0,0,0,OK,CST-6, ,62007,C,153,OUN,0,0,Storm Chaser, ,0.2,200,5,NNW,5,NNW,SHARON,04/09/2012,1645,36.3498,-99.3638,36.3498,-99.3638,"Emergency management and a storm chaser reported a multiple-vortex tornado between Woodward and Sharon. No known damage occurred and the location of this tornado is estimated.","Supercell thunderstorms developed over northwest Oklahoma during the mid-afternoon hours and moved southeast through the evening hours. Hail up to softball-size was reported over many areas of Woodward county. In addition, several weak tornadoes occurred near and south of Woodward, OK. The tornadoes were brief in duration, although one did produce some damage east of Sharon, OK. The more extensive damage occurred with the very large hail that ravaged most of the city of Woodward. The hail shattered numerous automobile and building windows, some of which caused injuries. Two injuries occurred as hail busted through car windows. Another injury occurred to a girl that was closing her storm shelter. She broke her wrist after being struck by tennis ball-size hail. The Mesonet site located 2 miles south-southwest of Woodward recorded an interesting drop in pressure as the supercell tornado moved nearby. The storms moved southeast with large hail becoming primary threat as they moved over Clinton, OK. Other thunderstorms developed over the Texas panhandle and moved into far southwest Oklahoma and adjacent portions of western north Texas. These storms moved over mainly rural areas of Hardeman Foard counties, with large hail likely occurring and wind gusts over 60 mph.",80
379509,WOODWARD CO.,SHARON,04/09/2012,1656,Tornado, ,EF0,0,0,0,0,OK,CST-6, ,62007,C,153,OUN,0,0,Storm Chaser, ,0.2,200,1,NE,1,NE,SHARON,04/09/2012,1656,36.2902,-99.3273,36.2902,-99.3273,"A storm spotter reported a tornado just NE of Sharon. No damage is known to have occurred and the location is estimated.","Supercell thunderstorms developed over northwest Oklahoma during the mid-afternoon hours and moved southeast through the evening hours. Hail up to softball-size was reported over many areas of Woodward county. In addition, several weak tornadoes occurred near and south of Woodward, OK. The tornadoes were brief in duration, although one did produce some damage east of Sharon, OK. The more extensive damage occurred with the very large hail that ravaged most of the city of Woodward. The hail shattered numerous automobile and building windows, some of which caused injuries. Two injuries occurred as hail busted through car windows. Another injury occurred to a girl that was closing her storm shelter. She broke her wrist after being struck by tennis ball-size hail. The Mesonet site located 2 miles south-southwest of Woodward recorded an interesting drop in pressure as the supercell tornado moved nearby. The storms moved southeast with large hail becoming primary threat as they moved over Clinton, OK. Other thunderstorms developed over the Texas panhandle and moved into far southwest Oklahoma and adjacent portions of western north Texas. These storms moved over mainly rural areas of Hardeman Foard counties, with large hail likely occurring and wind gusts over 60 mph.",81
370942,WOODWARD CO.,SHARON,04/09/2012,1706,Tornado, ,EF1,0,0,5000,0,OK,CST-6, ,62007,C,153,OUN,0,0,Emergency Manager, ,0.2,200,4,ESE,4,ESE,SHARON,04/09/2012,1706,36.2686,-99.2726,36.2686,-99.2726,"Numerous sources reported a tornado that developed east-southeast of Sharon. A 20x40 foot metal shed was destroyed and a roof was partially detached from a home.","Supercell thunderstorms developed over northwest Oklahoma during the mid-afternoon hours and moved southeast through the evening hours. Hail up to softball-size was reported over many areas of Woodward county. In addition, several weak tornadoes occurred near and south of Woodward, OK. The tornadoes were brief in duration, although one did produce some damage east of Sharon, OK. The more extensive damage occurred with the very large hail that ravaged most of the city of Woodward. The hail shattered numerous automobile and building windows, some of which caused injuries. Two injuries occurred as hail busted through car windows. Another injury occurred to a girl that was closing her storm shelter. She broke her wrist after being struck by tennis ball-size hail. The Mesonet site located 2 miles south-southwest of Woodward recorded an interesting drop in pressure as the supercell tornado moved nearby. The storms moved southeast with large hail becoming primary threat as they moved over Clinton, OK. Other thunderstorms developed over the Texas panhandle and moved into far southwest Oklahoma and adjacent portions of western north Texas. These storms moved over mainly rural areas of Hardeman Foard counties, with large hail likely occurring and wind gusts over 60 mph.",82
379497,WOODWARD CO.,MUTUAL,04/09/2012,1727,Tornado, ,EF0,0,0,0,0,OK,CST-6, ,62007,C,153,OUN,0,0,Emergency Manager, ,0.1,50,1,SW,1,SW,MUTUAL,04/09/2012,1727,36.2198,-99.1827,36.2198,-99.1827,"Emergency management and a storm chaser video showed a tornado about 1 miles southwest of Mutual. No damage was known to occur and the location is estimated.","Supercell thunderstorms developed over northwest Oklahoma during the mid-afternoon hours and moved southeast through the evening hours. Hail up to softball-size was reported over many areas of Woodward county. In addition, several weak tornadoes occurred near and south of Woodward, OK. The tornadoes were brief in duration, although one did produce some damage east of Sharon, OK. The more extensive damage occurred with the very large hail that ravaged most of the city of Woodward. The hail shattered numerous automobile and building windows, some of which caused injuries. Two injuries occurred as hail busted through car windows. Another injury occurred to a girl that was closing her storm shelter. She broke her wrist after being struck by tennis ball-size hail. The Mesonet site located 2 miles south-southwest of Woodward recorded an interesting drop in pressure as the supercell tornado moved nearby. The storms moved southeast with large hail becoming primary threat as they moved over Clinton, OK. Other thunderstorms developed over the Texas panhandle and moved into far southwest Oklahoma and adjacent portions of western north Texas. These storms moved over mainly rural areas of Hardeman Foard counties, with large hail likely occurring and wind gusts over 60 mph.",83
374196,SAN JOAQUIN CO.,ORTEGA,04/11/2012,1300,Tornado, ,EF0,0,0,10000,0,CA,PST-8, ,61578,C,77,STO,0,0,Public, ,0.25,5,3,SSW,3,SSW,ORTEGA,04/11/2012,1300,37.8778,-121.3328,37.8778,-121.3328,"An EF0 tornado briefly touched down southwest of Stockton near French Camp.  An outbuilding was destroyed but no injuries resulted.","An EF1 tornado touched down south of Stockton in San Joaquin County.",84
365372,RUSK CO.,PRICE,04/11/2012,1351,Tornado, ,EF0,0,0,0,0,TX,CST-6, ,61110,C,401,SHV,0,0,NWS Storm Survey, ,1.69,35,2,SSE,2,NNW,PONE,04/11/2012,1355,32.0995,-94.9101,32.081,-94.8913,"An EF0 tornado first touched down near the intersection of County Road 471 and 468 where a tree was snapped.  The tornado continued southeast crossing CR. 468 where several trees were snapped on both sided of the road.  Some of the trees fell across 468 and on the powerlines nearby.  The tornado lifted as it crossed Hwy. 79, seven miles southwest of Henderson, Texas where 2 trees were snapped on the north side of Hwy. 79.","Thunderstorms developed during the afternoon along an old frontal boundary that spawned severe thunderstorms on April 10th.  These thunderstorms developed in a moderately unstable environment and a strong low level shear environment. As a result, a few of these storms produced weak tornadoes across Rusk County, Texas. Otherwise these storms also produced large hail as they moved southeast.",85
365373,RUSK CO.,MINDEN,04/11/2012,1422,Tornado, ,EF0,0,0,0,0,TX,CST-6, ,61110,C,401,SHV,0,0,NWS Storm Survey, ,0.95,25,3,SW,3,SW,MINDEN,04/11/2012,1424,31.9918,-94.7454,31.9805,-94.7361,"An EF0 tornado first touched down south of FM. 1798 along County Road 3146 where a couple of trees were snapped and uprooted.  The EF0 tornado continued southeast snapping large branches along CR. 3146 before lifting east of CR. 3146 and north of CR. 3145.","Thunderstorms developed during the afternoon along an old frontal boundary that spawned severe thunderstorms on April 10th.  These thunderstorms developed in a moderately unstable environment and a strong low level shear environment. As a result, a few of these storms produced weak tornadoes across Rusk County, Texas. Otherwise these storms also produced large hail as they moved southeast.",86
366677,HITCHCOCK CO.,TRENTON ARPT,04/12/2012,1845,Tornado, ,EF0,0,0,0,0,NE,CST-6, ,61305,C,87,GLD,0,0,Storm Chaser, ,0.25,10,2,NNW,2,NNW,TRENTON ARPT,04/12/2012,1845,40.21,-101.05,40.21,-101.05,"Chaser reported a 30-second tornado over open fields.","A line of strong to severe thunderstorms developed during the evening hours and moved east across southern Nebraska and northern Kansas.  Hail up to tennis ball size, wind gusts to 70 mph and a brief tornado were reported.",87
378463,MCCLAIN CO.,GOLDSBY,04/13/2012,1459,Tornado, ,EF0,0,0,0,0,OK,CST-6, ,62012,C,87,OUN,0,0,NWS Storm Survey, ,1,200,4,NNW,4,NNW,GOLDSBY,04/13/2012,1500,35.1991,-97.5188,35.202,-97.5021,"This tornado developed just west of the Canadian River, with minor tree damage reported. The tornado continued into Cleveland county.","A severe weather event began during the early afternoon hours of Friday, April 13, 2012, and lasted through the early morning hours of Saturday, April 14, 2012. Around a dozen tornadoes, as well as large hail, and strong wind gusts were produced by the numerous thunderstorms that occurred during this event. Much of the severe weather occurred in parts of southwestern and central Oklahoma. However, thunderstorms did develop in other portions of Oklahoma as well during the event.||A moist airmass had been in place over much of the region for several days prior to April 13th, and several rounds of showers and thunderstorms had occurred during this period. On Friday, April 13th, a dryline and weak frontal boundary moved into the area extending from near southwestern and west central Oklahoma then northeast into north central Oklahoma by the early afternoon hours. The first storms developed in parts of southwestern Oklahoma and west Texas. However, it was several hours before the first tornado occurred. In fact, the potential for tornadoes increased during the early evening hours of April 13th as the low level jet (strong winds just above the surface) became stronger.||The first tornadic activity of the day occurred in central Oklahoma as a tornado touched down just southwest of Norman at 3:59 pm CDT, and then moved east-northeast through the heart of that city shortly after 4:00 pm CDT. This tornado was eventually rated an EF-1 as it damaged many businesses and homes, and numerous trees and power lines were also downed. No fatalities were reported with this rush hour tornado, but 20 injuries were reported. The same parent supercell thunderstorm that produced the Norman tornado also spawned a brief, weak tornado in Pottawatomie County 6 miles northwest of Shawnee, OK.||Meanwhile, supercell thunderstorms continued to develop in southwestern Oklahoma. Nine tornadoes occurred in this area with 3, and possibly 4 tornadoes occurring at one time with a storm near Cooperton, OK in Kiowa County during the evening of April 13th. Two tornadoes were also reported near Blair, OK in Jackson County, and 3 tornadoes were observed near Carnegie, OK in Caddo County.|Large hail and strong wind gusts was also reported with these severe thunderstorms. The largest hail reported was 3 inches in diameter and fell in an area 12 miles south of Sayre, OK. Several wind gusts to 70 mph were also reported.||Approximately 12 tornadoes occurred during this severe weather event. Fortunately, no fatalities or major injuries were reported with these tornadoes.",88
378464,CLEVELAND CO.,NORMAN,04/13/2012,1500,Tornado, ,EF1,0,0,0,0,OK,CST-6, ,62012,C,27,OUN,20,0,NWS Storm Survey, ,5,600,4,WSW,1,NE,NORMAN,04/13/2012,1512,35.202,-97.5021,35.2299,-97.4261,"This tornado moved across the Canadian River into Cleveland County and southwest Norman. The tornado moved east-northeast through the heart of Norman. Numerous trees and power lines were blown down. Minor roof damage was also reported at a number of locations along the path. The higher degree of damage occurred near I-35, and also between Lahoma and Peters Avenues north of Main Street. The tornado finally dissipated just south of NE 12th and Robinson Street.","A severe weather event began during the early afternoon hours of Friday, April 13, 2012, and lasted through the early morning hours of Saturday, April 14, 2012. Around a dozen tornadoes, as well as large hail, and strong wind gusts were produced by the numerous thunderstorms that occurred during this event. Much of the severe weather occurred in parts of southwestern and central Oklahoma. However, thunderstorms did develop in other portions of Oklahoma as well during the event.||A moist airmass had been in place over much of the region for several days prior to April 13th, and several rounds of showers and thunderstorms had occurred during this period. On Friday, April 13th, a dryline and weak frontal boundary moved into the area extending from near southwestern and west central Oklahoma then northeast into north central Oklahoma by the early afternoon hours. The first storms developed in parts of southwestern Oklahoma and west Texas. However, it was several hours before the first tornado occurred. In fact, the potential for tornadoes increased during the early evening hours of April 13th as the low level jet (strong winds just above the surface) became stronger.||The first tornadic activity of the day occurred in central Oklahoma as a tornado touched down just southwest of Norman at 3:59 pm CDT, and then moved east-northeast through the heart of that city shortly after 4:00 pm CDT. This tornado was eventually rated an EF-1 as it damaged many businesses and homes, and numerous trees and power lines were also downed. No fatalities were reported with this rush hour tornado, but 20 injuries were reported. The same parent supercell thunderstorm that produced the Norman tornado also spawned a brief, weak tornado in Pottawatomie County 6 miles northwest of Shawnee, OK.||Meanwhile, supercell thunderstorms continued to develop in southwestern Oklahoma. Nine tornadoes occurred in this area with 3, and possibly 4 tornadoes occurring at one time with a storm near Cooperton, OK in Kiowa County during the evening of April 13th. Two tornadoes were also reported near Blair, OK in Jackson County, and 3 tornadoes were observed near Carnegie, OK in Caddo County.|Large hail and strong wind gusts was also reported with these severe thunderstorms. The largest hail reported was 3 inches in diameter and fell in an area 12 miles south of Sayre, OK. Several wind gusts to 70 mph were also reported.||Approximately 12 tornadoes occurred during this severe weather event. Fortunately, no fatalities or major injuries were reported with these tornadoes.",89
366362,ELKO CO.,VIVIAN SIDING,04/13/2012,1525,Tornado, ,EF0,0,0,0,0,NV,PST-8, ,61248,C,7,LKN,0,0,Public, ,0.88,50,1,SSW,1,S,VIVIAN SIDING,04/13/2012,1530,40.7086,-116.0748,40.7091,-116.0686,"The tornado was photographed looking west towards Carlin. The exact location is an estimate based on conversations with the person who took the photograph. He said it occurred sometime between 4 pm-5 pm. The EF0 designation was also an estimate as no damage was reported or found.","A tornado was photographed just east of Carlin. No damage was reported.",90
378642,POTTAWATOMIE CO.,DALE,04/13/2012,1624,Tornado, ,EF0,0,0,0,0,OK,CST-6, ,62012,C,125,OUN,0,0,Emergency Manager, ,0.2,20,3,E,3,E,DALE,04/13/2012,1624,35.39,-96.9967,35.39,-96.9967,"This brief tornado developed just northeast of the intersection of Interstate 35 and state highway 270. A small outbuilding was damaged.","A severe weather event began during the early afternoon hours of Friday, April 13, 2012, and lasted through the early morning hours of Saturday, April 14, 2012. Around a dozen tornadoes, as well as large hail, and strong wind gusts were produced by the numerous thunderstorms that occurred during this event. Much of the severe weather occurred in parts of southwestern and central Oklahoma. However, thunderstorms did develop in other portions of Oklahoma as well during the event.||A moist airmass had been in place over much of the region for several days prior to April 13th, and several rounds of showers and thunderstorms had occurred during this period. On Friday, April 13th, a dryline and weak frontal boundary moved into the area extending from near southwestern and west central Oklahoma then northeast into north central Oklahoma by the early afternoon hours. The first storms developed in parts of southwestern Oklahoma and west Texas. However, it was several hours before the first tornado occurred. In fact, the potential for tornadoes increased during the early evening hours of April 13th as the low level jet (strong winds just above the surface) became stronger.||The first tornadic activity of the day occurred in central Oklahoma as a tornado touched down just southwest of Norman at 3:59 pm CDT, and then moved east-northeast through the heart of that city shortly after 4:00 pm CDT. This tornado was eventually rated an EF-1 as it damaged many businesses and homes, and numerous trees and power lines were also downed. No fatalities were reported with this rush hour tornado, but 20 injuries were reported. The same parent supercell thunderstorm that produced the Norman tornado also spawned a brief, weak tornado in Pottawatomie County 6 miles northwest of Shawnee, OK.||Meanwhile, supercell thunderstorms continued to develop in southwestern Oklahoma. Nine tornadoes occurred in this area with 3, and possibly 4 tornadoes occurring at one time with a storm near Cooperton, OK in Kiowa County during the evening of April 13th. Two tornadoes were also reported near Blair, OK in Jackson County, and 3 tornadoes were observed near Carnegie, OK in Caddo County.|Large hail and strong wind gusts was also reported with these severe thunderstorms. The largest hail reported was 3 inches in diameter and fell in an area 12 miles south of Sayre, OK. Several wind gusts to 70 mph were also reported.||Approximately 12 tornadoes occurred during this severe weather event. Fortunately, no fatalities or major injuries were reported with these tornadoes.",91
378469,JACKSON CO.,BLAIR,04/13/2012,1710,Tornado, ,EF0,0,0,0,0,OK,CST-6, ,62012,C,65,OUN,0,0,Storm Chaser, ,0.5,25,2,SE,2,SE,BLAIR,04/13/2012,1712,34.7595,-99.3051,34.7595,-99.3051,"Storm chasers reported a brief tornado southeast of Blair. No damage is known to have occurred.","A severe weather event began during the early afternoon hours of Friday, April 13, 2012, and lasted through the early morning hours of Saturday, April 14, 2012. Around a dozen tornadoes, as well as large hail, and strong wind gusts were produced by the numerous thunderstorms that occurred during this event. Much of the severe weather occurred in parts of southwestern and central Oklahoma. However, thunderstorms did develop in other portions of Oklahoma as well during the event.||A moist airmass had been in place over much of the region for several days prior to April 13th, and several rounds of showers and thunderstorms had occurred during this period. On Friday, April 13th, a dryline and weak frontal boundary moved into the area extending from near southwestern and west central Oklahoma then northeast into north central Oklahoma by the early afternoon hours. The first storms developed in parts of southwestern Oklahoma and west Texas. However, it was several hours before the first tornado occurred. In fact, the potential for tornadoes increased during the early evening hours of April 13th as the low level jet (strong winds just above the surface) became stronger.||The first tornadic activity of the day occurred in central Oklahoma as a tornado touched down just southwest of Norman at 3:59 pm CDT, and then moved east-northeast through the heart of that city shortly after 4:00 pm CDT. This tornado was eventually rated an EF-1 as it damaged many businesses and homes, and numerous trees and power lines were also downed. No fatalities were reported with this rush hour tornado, but 20 injuries were reported. The same parent supercell thunderstorm that produced the Norman tornado also spawned a brief, weak tornado in Pottawatomie County 6 miles northwest of Shawnee, OK.||Meanwhile, supercell thunderstorms continued to develop in southwestern Oklahoma. Nine tornadoes occurred in this area with 3, and possibly 4 tornadoes occurring at one time with a storm near Cooperton, OK in Kiowa County during the evening of April 13th. Two tornadoes were also reported near Blair, OK in Jackson County, and 3 tornadoes were observed near Carnegie, OK in Caddo County.|Large hail and strong wind gusts was also reported with these severe thunderstorms. The largest hail reported was 3 inches in diameter and fell in an area 12 miles south of Sayre, OK. Several wind gusts to 70 mph were also reported.||Approximately 12 tornadoes occurred during this severe weather event. Fortunately, no fatalities or major injuries were reported with these tornadoes.",92
378471,JACKSON CO.,BLAIR,04/13/2012,1714,Tornado, ,EF0,0,0,0,0,OK,CST-6, ,62012,C,65,OUN,0,0,Storm Chaser, ,0.5,25,3,SE,3,SE,BLAIR,04/13/2012,1716,34.7493,-99.2926,34.7493,-99.2926,"Storm chasers reported another brief tornado southeast of Blair. This tornado produced no known damage.","A severe weather event began during the early afternoon hours of Friday, April 13, 2012, and lasted through the early morning hours of Saturday, April 14, 2012. Around a dozen tornadoes, as well as large hail, and strong wind gusts were produced by the numerous thunderstorms that occurred during this event. Much of the severe weather occurred in parts of southwestern and central Oklahoma. However, thunderstorms did develop in other portions of Oklahoma as well during the event.||A moist airmass had been in place over much of the region for several days prior to April 13th, and several rounds of showers and thunderstorms had occurred during this period. On Friday, April 13th, a dryline and weak frontal boundary moved into the area extending from near southwestern and west central Oklahoma then northeast into north central Oklahoma by the early afternoon hours. The first storms developed in parts of southwestern Oklahoma and west Texas. However, it was several hours before the first tornado occurred. In fact, the potential for tornadoes increased during the early evening hours of April 13th as the low level jet (strong winds just above the surface) became stronger.||The first tornadic activity of the day occurred in central Oklahoma as a tornado touched down just southwest of Norman at 3:59 pm CDT, and then moved east-northeast through the heart of that city shortly after 4:00 pm CDT. This tornado was eventually rated an EF-1 as it damaged many businesses and homes, and numerous trees and power lines were also downed. No fatalities were reported with this rush hour tornado, but 20 injuries were reported. The same parent supercell thunderstorm that produced the Norman tornado also spawned a brief, weak tornado in Pottawatomie County 6 miles northwest of Shawnee, OK.||Meanwhile, supercell thunderstorms continued to develop in southwestern Oklahoma. Nine tornadoes occurred in this area with 3, and possibly 4 tornadoes occurring at one time with a storm near Cooperton, OK in Kiowa County during the evening of April 13th. Two tornadoes were also reported near Blair, OK in Jackson County, and 3 tornadoes were observed near Carnegie, OK in Caddo County.|Large hail and strong wind gusts was also reported with these severe thunderstorms. The largest hail reported was 3 inches in diameter and fell in an area 12 miles south of Sayre, OK. Several wind gusts to 70 mph were also reported.||Approximately 12 tornadoes occurred during this severe weather event. Fortunately, no fatalities or major injuries were reported with these tornadoes.",93
379512,JACKSON CO.,BLAIR,04/13/2012,1730,Tornado, ,EF0,0,0,0,0,OK,CST-6, ,62012,C,65,OUN,0,0,Storm Chaser, ,2,400,7,E,9,E,BLAIR,04/13/2012,1735,34.78,-99.2067,34.78,-99.1714,"Storm chasers reported a tornado east of Blair and just south of state highway 19. The tornado produced no known damage.","A severe weather event began during the early afternoon hours of Friday, April 13, 2012, and lasted through the early morning hours of Saturday, April 14, 2012. Around a dozen tornadoes, as well as large hail, and strong wind gusts were produced by the numerous thunderstorms that occurred during this event. Much of the severe weather occurred in parts of southwestern and central Oklahoma. However, thunderstorms did develop in other portions of Oklahoma as well during the event.||A moist airmass had been in place over much of the region for several days prior to April 13th, and several rounds of showers and thunderstorms had occurred during this period. On Friday, April 13th, a dryline and weak frontal boundary moved into the area extending from near southwestern and west central Oklahoma then northeast into north central Oklahoma by the early afternoon hours. The first storms developed in parts of southwestern Oklahoma and west Texas. However, it was several hours before the first tornado occurred. In fact, the potential for tornadoes increased during the early evening hours of April 13th as the low level jet (strong winds just above the surface) became stronger.||The first tornadic activity of the day occurred in central Oklahoma as a tornado touched down just southwest of Norman at 3:59 pm CDT, and then moved east-northeast through the heart of that city shortly after 4:00 pm CDT. This tornado was eventually rated an EF-1 as it damaged many businesses and homes, and numerous trees and power lines were also downed. No fatalities were reported with this rush hour tornado, but 20 injuries were reported. The same parent supercell thunderstorm that produced the Norman tornado also spawned a brief, weak tornado in Pottawatomie County 6 miles northwest of Shawnee, OK.||Meanwhile, supercell thunderstorms continued to develop in southwestern Oklahoma. Nine tornadoes occurred in this area with 3, and possibly 4 tornadoes occurring at one time with a storm near Cooperton, OK in Kiowa County during the evening of April 13th. Two tornadoes were also reported near Blair, OK in Jackson County, and 3 tornadoes were observed near Carnegie, OK in Caddo County.|Large hail and strong wind gusts was also reported with these severe thunderstorms. The largest hail reported was 3 inches in diameter and fell in an area 12 miles south of Sayre, OK. Several wind gusts to 70 mph were also reported.||Approximately 12 tornadoes occurred during this severe weather event. Fortunately, no fatalities or major injuries were reported with these tornadoes.",94
378472,KIOWA CO.,COOPERTON,04/13/2012,1825,Tornado, ,EF0,0,0,0,0,OK,CST-6, ,62012,C,75,OUN,0,0,NWS Employee, ,0.5,300,1,SE,1,SE,COOPERTON,04/13/2012,1827,34.8598,-98.8575,34.8598,-98.8575,"An off-duty NWS employee observed this tornado just southeast of Cooperton for a couple of minutes but is not known to have produced any damage. The specific location is estimated.","A severe weather event began during the early afternoon hours of Friday, April 13, 2012, and lasted through the early morning hours of Saturday, April 14, 2012. Around a dozen tornadoes, as well as large hail, and strong wind gusts were produced by the numerous thunderstorms that occurred during this event. Much of the severe weather occurred in parts of southwestern and central Oklahoma. However, thunderstorms did develop in other portions of Oklahoma as well during the event.||A moist airmass had been in place over much of the region for several days prior to April 13th, and several rounds of showers and thunderstorms had occurred during this period. On Friday, April 13th, a dryline and weak frontal boundary moved into the area extending from near southwestern and west central Oklahoma then northeast into north central Oklahoma by the early afternoon hours. The first storms developed in parts of southwestern Oklahoma and west Texas. However, it was several hours before the first tornado occurred. In fact, the potential for tornadoes increased during the early evening hours of April 13th as the low level jet (strong winds just above the surface) became stronger.||The first tornadic activity of the day occurred in central Oklahoma as a tornado touched down just southwest of Norman at 3:59 pm CDT, and then moved east-northeast through the heart of that city shortly after 4:00 pm CDT. This tornado was eventually rated an EF-1 as it damaged many businesses and homes, and numerous trees and power lines were also downed. No fatalities were reported with this rush hour tornado, but 20 injuries were reported. The same parent supercell thunderstorm that produced the Norman tornado also spawned a brief, weak tornado in Pottawatomie County 6 miles northwest of Shawnee, OK.||Meanwhile, supercell thunderstorms continued to develop in southwestern Oklahoma. Nine tornadoes occurred in this area with 3, and possibly 4 tornadoes occurring at one time with a storm near Cooperton, OK in Kiowa County during the evening of April 13th. Two tornadoes were also reported near Blair, OK in Jackson County, and 3 tornadoes were observed near Carnegie, OK in Caddo County.|Large hail and strong wind gusts was also reported with these severe thunderstorms. The largest hail reported was 3 inches in diameter and fell in an area 12 miles south of Sayre, OK. Several wind gusts to 70 mph were also reported.||Approximately 12 tornadoes occurred during this severe weather event. Fortunately, no fatalities or major injuries were reported with these tornadoes.",95
378473,KIOWA CO.,COOPERTON,04/13/2012,1827,Tornado, ,EF0,0,0,0,0,OK,CST-6, ,62012,C,75,OUN,0,0,NWS Employee, ,0.2,100,1,S,1,S,COOPERTON,04/13/2012,1827,34.8555,-98.87,34.8555,-98.87,"This tornado occurred simultaneously to the end of another tornado south of Cooperton. This tornado produced no known damage and the location is estimated.","A severe weather event began during the early afternoon hours of Friday, April 13, 2012, and lasted through the early morning hours of Saturday, April 14, 2012. Around a dozen tornadoes, as well as large hail, and strong wind gusts were produced by the numerous thunderstorms that occurred during this event. Much of the severe weather occurred in parts of southwestern and central Oklahoma. However, thunderstorms did develop in other portions of Oklahoma as well during the event.||A moist airmass had been in place over much of the region for several days prior to April 13th, and several rounds of showers and thunderstorms had occurred during this period. On Friday, April 13th, a dryline and weak frontal boundary moved into the area extending from near southwestern and west central Oklahoma then northeast into north central Oklahoma by the early afternoon hours. The first storms developed in parts of southwestern Oklahoma and west Texas. However, it was several hours before the first tornado occurred. In fact, the potential for tornadoes increased during the early evening hours of April 13th as the low level jet (strong winds just above the surface) became stronger.||The first tornadic activity of the day occurred in central Oklahoma as a tornado touched down just southwest of Norman at 3:59 pm CDT, and then moved east-northeast through the heart of that city shortly after 4:00 pm CDT. This tornado was eventually rated an EF-1 as it damaged many businesses and homes, and numerous trees and power lines were also downed. No fatalities were reported with this rush hour tornado, but 20 injuries were reported. The same parent supercell thunderstorm that produced the Norman tornado also spawned a brief, weak tornado in Pottawatomie County 6 miles northwest of Shawnee, OK.||Meanwhile, supercell thunderstorms continued to develop in southwestern Oklahoma. Nine tornadoes occurred in this area with 3, and possibly 4 tornadoes occurring at one time with a storm near Cooperton, OK in Kiowa County during the evening of April 13th. Two tornadoes were also reported near Blair, OK in Jackson County, and 3 tornadoes were observed near Carnegie, OK in Caddo County.|Large hail and strong wind gusts was also reported with these severe thunderstorms. The largest hail reported was 3 inches in diameter and fell in an area 12 miles south of Sayre, OK. Several wind gusts to 70 mph were also reported.||Approximately 12 tornadoes occurred during this severe weather event. Fortunately, no fatalities or major injuries were reported with these tornadoes.",96
378474,KIOWA CO.,COOPERTON,04/13/2012,1828,Tornado, ,EF1,0,0,0,0,OK,CST-6, ,62012,C,75,OUN,0,0,NWS Employee, ,5,500,2,SW,3,E,COOPERTON,04/13/2012,1833,34.8495,-98.8949,34.87,-98.8259,"Just after the dissipation of two other tornadoes near Cooperton, storm chasers reported a third tornado developed about 2 miles southwest of Cooperton. This large tornado initially moved southeast before crossing state highway 54, then turned northeast. Some damage occurred to a roof and a silo.","A severe weather event began during the early afternoon hours of Friday, April 13, 2012, and lasted through the early morning hours of Saturday, April 14, 2012. Around a dozen tornadoes, as well as large hail, and strong wind gusts were produced by the numerous thunderstorms that occurred during this event. Much of the severe weather occurred in parts of southwestern and central Oklahoma. However, thunderstorms did develop in other portions of Oklahoma as well during the event.||A moist airmass had been in place over much of the region for several days prior to April 13th, and several rounds of showers and thunderstorms had occurred during this period. On Friday, April 13th, a dryline and weak frontal boundary moved into the area extending from near southwestern and west central Oklahoma then northeast into north central Oklahoma by the early afternoon hours. The first storms developed in parts of southwestern Oklahoma and west Texas. However, it was several hours before the first tornado occurred. In fact, the potential for tornadoes increased during the early evening hours of April 13th as the low level jet (strong winds just above the surface) became stronger.||The first tornadic activity of the day occurred in central Oklahoma as a tornado touched down just southwest of Norman at 3:59 pm CDT, and then moved east-northeast through the heart of that city shortly after 4:00 pm CDT. This tornado was eventually rated an EF-1 as it damaged many businesses and homes, and numerous trees and power lines were also downed. No fatalities were reported with this rush hour tornado, but 20 injuries were reported. The same parent supercell thunderstorm that produced the Norman tornado also spawned a brief, weak tornado in Pottawatomie County 6 miles northwest of Shawnee, OK.||Meanwhile, supercell thunderstorms continued to develop in southwestern Oklahoma. Nine tornadoes occurred in this area with 3, and possibly 4 tornadoes occurring at one time with a storm near Cooperton, OK in Kiowa County during the evening of April 13th. Two tornadoes were also reported near Blair, OK in Jackson County, and 3 tornadoes were observed near Carnegie, OK in Caddo County.|Large hail and strong wind gusts was also reported with these severe thunderstorms. The largest hail reported was 3 inches in diameter and fell in an area 12 miles south of Sayre, OK. Several wind gusts to 70 mph were also reported.||Approximately 12 tornadoes occurred during this severe weather event. Fortunately, no fatalities or major injuries were reported with these tornadoes.",97
378477,KIOWA CO.,COOPERTON,04/13/2012,1852,Tornado, ,EF0,0,0,0,0,OK,CST-6, ,62012,C,75,OUN,0,0,Storm Chaser, ,6,500,6,ENE,11,NE,COOPERTON,04/13/2012,1912,34.9032,-98.7722,34.9775,-98.7389,"A large tornado developed east-northeast of Cooperton and moved north-northeast. Despite the large width, no damage was reported with this tornado and the specific location is estimated.","A severe weather event began during the early afternoon hours of Friday, April 13, 2012, and lasted through the early morning hours of Saturday, April 14, 2012. Around a dozen tornadoes, as well as large hail, and strong wind gusts were produced by the numerous thunderstorms that occurred during this event. Much of the severe weather occurred in parts of southwestern and central Oklahoma. However, thunderstorms did develop in other portions of Oklahoma as well during the event.||A moist airmass had been in place over much of the region for several days prior to April 13th, and several rounds of showers and thunderstorms had occurred during this period. On Friday, April 13th, a dryline and weak frontal boundary moved into the area extending from near southwestern and west central Oklahoma then northeast into north central Oklahoma by the early afternoon hours. The first storms developed in parts of southwestern Oklahoma and west Texas. However, it was several hours before the first tornado occurred. In fact, the potential for tornadoes increased during the early evening hours of April 13th as the low level jet (strong winds just above the surface) became stronger.||The first tornadic activity of the day occurred in central Oklahoma as a tornado touched down just southwest of Norman at 3:59 pm CDT, and then moved east-northeast through the heart of that city shortly after 4:00 pm CDT. This tornado was eventually rated an EF-1 as it damaged many businesses and homes, and numerous trees and power lines were also downed. No fatalities were reported with this rush hour tornado, but 20 injuries were reported. The same parent supercell thunderstorm that produced the Norman tornado also spawned a brief, weak tornado in Pottawatomie County 6 miles northwest of Shawnee, OK.||Meanwhile, supercell thunderstorms continued to develop in southwestern Oklahoma. Nine tornadoes occurred in this area with 3, and possibly 4 tornadoes occurring at one time with a storm near Cooperton, OK in Kiowa County during the evening of April 13th. Two tornadoes were also reported near Blair, OK in Jackson County, and 3 tornadoes were observed near Carnegie, OK in Caddo County.|Large hail and strong wind gusts was also reported with these severe thunderstorms. The largest hail reported was 3 inches in diameter and fell in an area 12 miles south of Sayre, OK. Several wind gusts to 70 mph were also reported.||Approximately 12 tornadoes occurred during this severe weather event. Fortunately, no fatalities or major injuries were reported with these tornadoes.",98
378479,CADDO CO.,CARNEGIE,04/13/2012,1936,Tornado, ,EF0,0,0,0,0,OK,CST-6, ,62012,C,15,OUN,0,0,NWS Employee, ,2,50,3,S,3,SE,CARNEGIE,04/13/2012,1938,35.0566,-98.6,35.0744,-98.5687,"A tornado was observed south of Carnegie and east of state highway 58. The tornado produced no known damage and the location is estimated.","A severe weather event began during the early afternoon hours of Friday, April 13, 2012, and lasted through the early morning hours of Saturday, April 14, 2012. Around a dozen tornadoes, as well as large hail, and strong wind gusts were produced by the numerous thunderstorms that occurred during this event. Much of the severe weather occurred in parts of southwestern and central Oklahoma. However, thunderstorms did develop in other portions of Oklahoma as well during the event.||A moist airmass had been in place over much of the region for several days prior to April 13th, and several rounds of showers and thunderstorms had occurred during this period. On Friday, April 13th, a dryline and weak frontal boundary moved into the area extending from near southwestern and west central Oklahoma then northeast into north central Oklahoma by the early afternoon hours. The first storms developed in parts of southwestern Oklahoma and west Texas. However, it was several hours before the first tornado occurred. In fact, the potential for tornadoes increased during the early evening hours of April 13th as the low level jet (strong winds just above the surface) became stronger.||The first tornadic activity of the day occurred in central Oklahoma as a tornado touched down just southwest of Norman at 3:59 pm CDT, and then moved east-northeast through the heart of that city shortly after 4:00 pm CDT. This tornado was eventually rated an EF-1 as it damaged many businesses and homes, and numerous trees and power lines were also downed. No fatalities were reported with this rush hour tornado, but 20 injuries were reported. The same parent supercell thunderstorm that produced the Norman tornado also spawned a brief, weak tornado in Pottawatomie County 6 miles northwest of Shawnee, OK.||Meanwhile, supercell thunderstorms continued to develop in southwestern Oklahoma. Nine tornadoes occurred in this area with 3, and possibly 4 tornadoes occurring at one time with a storm near Cooperton, OK in Kiowa County during the evening of April 13th. Two tornadoes were also reported near Blair, OK in Jackson County, and 3 tornadoes were observed near Carnegie, OK in Caddo County.|Large hail and strong wind gusts was also reported with these severe thunderstorms. The largest hail reported was 3 inches in diameter and fell in an area 12 miles south of Sayre, OK. Several wind gusts to 70 mph were also reported.||Approximately 12 tornadoes occurred during this severe weather event. Fortunately, no fatalities or major injuries were reported with these tornadoes.",99
378480,CADDO CO.,CARNEGIE,04/13/2012,1942,Tornado, ,EF0,0,0,0,0,OK,CST-6, ,62012,C,15,OUN,0,0,NWS Employee, ,0.3,50,8,SSE,8,SSE,CARNEGIE,04/13/2012,1942,34.993,-98.5459,34.993,-98.5459,"This tornado formed a few miles south of the initial tornado south of Carnegie. No damage is known to have occurred with this brief tornado.","A severe weather event began during the early afternoon hours of Friday, April 13, 2012, and lasted through the early morning hours of Saturday, April 14, 2012. Around a dozen tornadoes, as well as large hail, and strong wind gusts were produced by the numerous thunderstorms that occurred during this event. Much of the severe weather occurred in parts of southwestern and central Oklahoma. However, thunderstorms did develop in other portions of Oklahoma as well during the event.||A moist airmass had been in place over much of the region for several days prior to April 13th, and several rounds of showers and thunderstorms had occurred during this period. On Friday, April 13th, a dryline and weak frontal boundary moved into the area extending from near southwestern and west central Oklahoma then northeast into north central Oklahoma by the early afternoon hours. The first storms developed in parts of southwestern Oklahoma and west Texas. However, it was several hours before the first tornado occurred. In fact, the potential for tornadoes increased during the early evening hours of April 13th as the low level jet (strong winds just above the surface) became stronger.||The first tornadic activity of the day occurred in central Oklahoma as a tornado touched down just southwest of Norman at 3:59 pm CDT, and then moved east-northeast through the heart of that city shortly after 4:00 pm CDT. This tornado was eventually rated an EF-1 as it damaged many businesses and homes, and numerous trees and power lines were also downed. No fatalities were reported with this rush hour tornado, but 20 injuries were reported. The same parent supercell thunderstorm that produced the Norman tornado also spawned a brief, weak tornado in Pottawatomie County 6 miles northwest of Shawnee, OK.||Meanwhile, supercell thunderstorms continued to develop in southwestern Oklahoma. Nine tornadoes occurred in this area with 3, and possibly 4 tornadoes occurring at one time with a storm near Cooperton, OK in Kiowa County during the evening of April 13th. Two tornadoes were also reported near Blair, OK in Jackson County, and 3 tornadoes were observed near Carnegie, OK in Caddo County.|Large hail and strong wind gusts was also reported with these severe thunderstorms. The largest hail reported was 3 inches in diameter and fell in an area 12 miles south of Sayre, OK. Several wind gusts to 70 mph were also reported.||Approximately 12 tornadoes occurred during this severe weather event. Fortunately, no fatalities or major injuries were reported with these tornadoes.",100
378481,CADDO CO.,CARNEGIE,04/13/2012,1950,Tornado, ,EF0,0,0,0,0,OK,CST-6, ,62012,C,15,OUN,0,0,NWS Employee, ,4,100,6,SSE,7,SE,CARNEGIE,04/13/2012,1955,35.0198,-98.5594,35.0284,-98.5125,"A third tornado developed south-southeast of Carnegie. This tornado also produced no known damage.","A severe weather event began during the early afternoon hours of Friday, April 13, 2012, and lasted through the early morning hours of Saturday, April 14, 2012. Around a dozen tornadoes, as well as large hail, and strong wind gusts were produced by the numerous thunderstorms that occurred during this event. Much of the severe weather occurred in parts of southwestern and central Oklahoma. However, thunderstorms did develop in other portions of Oklahoma as well during the event.||A moist airmass had been in place over much of the region for several days prior to April 13th, and several rounds of showers and thunderstorms had occurred during this period. On Friday, April 13th, a dryline and weak frontal boundary moved into the area extending from near southwestern and west central Oklahoma then northeast into north central Oklahoma by the early afternoon hours. The first storms developed in parts of southwestern Oklahoma and west Texas. However, it was several hours before the first tornado occurred. In fact, the potential for tornadoes increased during the early evening hours of April 13th as the low level jet (strong winds just above the surface) became stronger.||The first tornadic activity of the day occurred in central Oklahoma as a tornado touched down just southwest of Norman at 3:59 pm CDT, and then moved east-northeast through the heart of that city shortly after 4:00 pm CDT. This tornado was eventually rated an EF-1 as it damaged many businesses and homes, and numerous trees and power lines were also downed. No fatalities were reported with this rush hour tornado, but 20 injuries were reported. The same parent supercell thunderstorm that produced the Norman tornado also spawned a brief, weak tornado in Pottawatomie County 6 miles northwest of Shawnee, OK.||Meanwhile, supercell thunderstorms continued to develop in southwestern Oklahoma. Nine tornadoes occurred in this area with 3, and possibly 4 tornadoes occurring at one time with a storm near Cooperton, OK in Kiowa County during the evening of April 13th. Two tornadoes were also reported near Blair, OK in Jackson County, and 3 tornadoes were observed near Carnegie, OK in Caddo County.|Large hail and strong wind gusts was also reported with these severe thunderstorms. The largest hail reported was 3 inches in diameter and fell in an area 12 miles south of Sayre, OK. Several wind gusts to 70 mph were also reported.||Approximately 12 tornadoes occurred during this severe weather event. Fortunately, no fatalities or major injuries were reported with these tornadoes.",101
378518,CANADIAN CO.,MUSTANG,04/13/2012,2352,Tornado, ,EF1,0,0,0,0,OK,CST-6, ,62012,C,17,OUN,0,0,NWS Storm Survey, ,2,75,1,NNW,3,NNW,MUSTANG,04/13/2012,2355,35.4103,-97.726,35.4357,-97.7362,"The tornado occurred in southwest Oklahoma City, developing just southwest of Southwest 54th Street and Mustang Road and moving north-northwest to near Southwest 29th Street and Tucson Drive (just east of Czech Hall Road). Major roof damage was reported to a structure and four mobile homes sustained minor damage. Several trees, power lines, and fences were blown down along its path, including near the City baseball park.","A severe weather event began during the early afternoon hours of Friday, April 13, 2012, and lasted through the early morning hours of Saturday, April 14, 2012. Around a dozen tornadoes, as well as large hail, and strong wind gusts were produced by the numerous thunderstorms that occurred during this event. Much of the severe weather occurred in parts of southwestern and central Oklahoma. However, thunderstorms did develop in other portions of Oklahoma as well during the event.||A moist airmass had been in place over much of the region for several days prior to April 13th, and several rounds of showers and thunderstorms had occurred during this period. On Friday, April 13th, a dryline and weak frontal boundary moved into the area extending from near southwestern and west central Oklahoma then northeast into north central Oklahoma by the early afternoon hours. The first storms developed in parts of southwestern Oklahoma and west Texas. However, it was several hours before the first tornado occurred. In fact, the potential for tornadoes increased during the early evening hours of April 13th as the low level jet (strong winds just above the surface) became stronger.||The first tornadic activity of the day occurred in central Oklahoma as a tornado touched down just southwest of Norman at 3:59 pm CDT, and then moved east-northeast through the heart of that city shortly after 4:00 pm CDT. This tornado was eventually rated an EF-1 as it damaged many businesses and homes, and numerous trees and power lines were also downed. No fatalities were reported with this rush hour tornado, but 20 injuries were reported. The same parent supercell thunderstorm that produced the Norman tornado also spawned a brief, weak tornado in Pottawatomie County 6 miles northwest of Shawnee, OK.||Meanwhile, supercell thunderstorms continued to develop in southwestern Oklahoma. Nine tornadoes occurred in this area with 3, and possibly 4 tornadoes occurring at one time with a storm near Cooperton, OK in Kiowa County during the evening of April 13th. Two tornadoes were also reported near Blair, OK in Jackson County, and 3 tornadoes were observed near Carnegie, OK in Caddo County.|Large hail and strong wind gusts was also reported with these severe thunderstorms. The largest hail reported was 3 inches in diameter and fell in an area 12 miles south of Sayre, OK. Several wind gusts to 70 mph were also reported.||Approximately 12 tornadoes occurred during this severe weather event. Fortunately, no fatalities or major injuries were reported with these tornadoes.",102
380475,PAWNEE CO.,BURDETT,04/14/2012,1038,Tornado, ,EF1,0,0,35000,0,KS,CST-6, ,63499,C,145,DDC,0,0,Trained Spotter, ,4.1,100,1,W,2,NW,BURDETT ROZEL ARPT,04/14/2012,1045,38.2025,-99.5418,38.2534,-99.5038,"A tornado tracked across a farm and damaged an outbuilding and did roof damage to the home.","A vigorous upper level system combined with copious moisture and an advancing warm front to produce widespread thunderstorms, some producing tornadoes.",103
380476,RUSH CO.,RUSH CENTER,04/14/2012,1114,Tornado, ,EF1,0,0,125000,0,KS,CST-6, ,63499,C,165,DDC,0,0,NWS Storm Survey, ,17.2,200,3,SSW,2,ESE,LORETTA,04/14/2012,1141,38.432,-99.3267,38.6392,-99.1507,"A tornado damaged a pivot sprinkler, trees and a few out buildings.","A vigorous upper level system combined with copious moisture and an advancing warm front to produce widespread thunderstorms, some producing tornadoes.",104
366366,RUSSELL CO.,(RSL)RUSSELL MUNI AR,04/14/2012,1223,Tornado, ,EF0,0,0,0,0,KS,CST-6, ,61250,C,167,ICT,0,0,Emergency Manager, ,0.53,75,3,SW,3,SW,(RSL)RUSSELL MUNI AR,04/14/2012,1225,38.832,-98.855,38.839,-98.851,"Minor damage to a barn.","A significant severe weather outbreak with several damaging long track tornadoes occurred.  The strongest tornado moved through portions of central Kansas and produced EF-4 damage at one home stead.  Two other tornadoes touched down producing EF-3 damage in south central Kansas.",105
366369,RUSSELL CO.,BUNKER HILL,04/14/2012,1234,Tornado, ,EF0,0,0,0,0,KS,CST-6, ,61250,C,167,ICT,0,0,Emergency Manager, ,1.77,75,5,NNW,6,N,BUNKER HILL,04/14/2012,1238,38.939,-98.721,38.96,-98.702,"Occurred over open country.","A significant severe weather outbreak with several damaging long track tornadoes occurred.  The strongest tornado moved through portions of central Kansas and produced EF-4 damage at one home stead.  Two other tornadoes touched down producing EF-3 damage in south central Kansas.",106
366370,RUSSELL CO.,LUCAS,04/14/2012,1243,Tornado, ,EF0,0,0,0,0,KS,CST-6, ,61250,C,167,ICT,0,0,Emergency Manager, ,2.85,75,4,W,3,NW,LUCAS,04/14/2012,1248,39.05,-98.616,39.084,-98.586,"Occurred over open country.","A significant severe weather outbreak with several damaging long track tornadoes occurred.  The strongest tornado moved through portions of central Kansas and produced EF-4 damage at one home stead.  Two other tornadoes touched down producing EF-3 damage in south central Kansas.",107
380667,FORD CO.,(DDC)DODGE CITY ARPT,04/14/2012,1257,Tornado, ,EF1,0,0,0,0,KS,CST-6, ,63499,C,57,DDC,0,0,NWS Storm Survey, ,7.5,125,5,N,8,NW,SPEARVILLE,04/14/2012,1310,37.8394,-99.9691,37.9135,-99.8681,"This tornado developed just north of Dodge City and moved into Hodgeman county at 210 PM CDT.  In Ford county it did minor damage to trees and a barn.","A vigorous upper level system combined with copious moisture and an advancing warm front to produce widespread thunderstorms, some producing tornadoes.",108
369752,MITCHELL CO.,TIPTON,04/14/2012,1303,Tornado, ,EF1,0,0,100000,0,KS,CST-6, ,61561,C,123,GID,0,0,NWS Storm Survey, ,3.99,300,4,S,1,ESE,TIPTON,04/14/2012,1312,39.2733,-98.4922,39.3237,-98.4556,"This tornado touched down approximately 3 miles south of Tipton, crossed Highway 181 before lifting approximately 1 mile southeast of Tipton.  Along its path, trees up to 4 ft in diameter were damaged or destroyed, outbuildings and garages were damaged or destroyed, homes suffered roof and siding damage and power poles were tipped or blown down completely. The maximum wind speed was estimated at 95 mph.","Two distinct rounds of severe thunderstorms raked across the six-county area on this Saturday, resulting in several reports of large hail and damaging winds along with one EF1 tornado.  However, considering that the entire area spent the day under its only High Risk convective outlook of the spring from the Storm Prediction Center, the situation could have been worse. No injuries were reported in this portion of North Central Kansas, and all significant, long-track tornadoes in the region remained just to the south across central and southern Kansas and northern Oklahoma. In the local area, the lone EF1 tornado touched down shortly after 2 PM CDT in western Mitchell County and tracked along a four-mile path just south of Tipton, destroying a few outbuilding and garages along the way. This tornado was rain-wrapped, and associated with a large high-precipitation supercell that moved northeast out of central Kansas. ||The first round of multiple severe storms lifted across the area from southwest to northeast mainly between 1130 AM and 330 PM CDT, with Mitchell County bearing the brunt of the activity. In addition to the tornado near Tipton, other storm reports included downed power lines near Glen Elder and estimated 60 MPH winds in Beloit. After these storms exited the area to the north and east, a lull of several hours ensued before the second round of scattered severe storms raced northward across the area between 730 PM and 10 PM CDT. Although these storms were not tornadic, severe weather reports included ping pong ball size hail in far southern Osborne County and quarter size hail in or near Phillipsburg, Kensington and Burr Oak, among other places. By 1030 PM CDT, storms had all but exited the local area for the night, although severe weather continued for nearby areas to the north, south and east. Although significant flooding was not an issue from this event, much of the area measured between 1-3 inches of rain, with one of the highest totals of 3.56 inches in Beloit. ||This severe weather outbreak was driven by a classic synoptic setup, as a powerful mid-upper level trough approached the Central Plains from the Four Corners region, featuring a 300 millibar jet streak in excess of 110 knots. At the surface, low pressure deepened over the course of the day, registering around 992 millibars by early evening over northwest Kansas. A well-defined warm front extended east from this low across south central Nebraska, as a sharpening dryline took shape along a line from southwest Nebraska to far western Oklahoma. With a strengthening and veering wind profile with height, shear parameters were quite supportive of significant severe weather. Around the time of the tornado near Tipton, mesoscale severe weather parameters featured around 2000 J/Kg mixed layer CAPE, 50-60 knots of deep layer vertical wind shear and 30-40 knots of surface-to-1 kilometer low level vertical shear. In addition, surface-to-1 kilometer storm relative helicity increased into at least the 300-500 m2/s2 range during the afternoon and evening hours, promoting a volatile environment for potentially strong, long-track tornadoes. Fortunately for this portion of North Central Kansas, most severe storms were less isolated than nearby tornadic supercells to the south, allowing storm scale interference to likely mitigate what could have been a more significant tornado event. ||On a regional and even national level, this was one of the most anticipated and well-advertised Central Plains tornado outbreaks ever. Although the majority of North Central Kansas was not in a High Risk outlook from the Storm Prediction Center until the early morning hours of the 14th, other parts of Kansas and Oklahoma were placed under a High Risk early on the 13th, marking the first time SPC ever issued a High Risk forecast so far in advance.",109
380673,HODGEMAN CO.,JETMORE MUNI ARPT,04/14/2012,1310,Tornado, ,EF1,0,0,0,0,KS,CST-6, ,63499,C,83,DDC,0,0,NWS Storm Survey, ,26.2,200,5,S,3,ENE,GRAY,04/14/2012,1354,37.9135,-99.8681,38.1955,-99.5951,"This tornado moved into the county from Ford county at 1410 CDT and moved northeast before turning north and then northwest as it dissipated.  Damage was done to trees, a few outbuildings and a pivot irrigation sprinkler.","A vigorous upper level system combined with copious moisture and an advancing warm front to produce widespread thunderstorms, some producing tornadoes.",110
369742,NUCKOLLS CO.,HARDY,04/14/2012,1310,Tornado, ,EF0,0,0,0,0,NE,CST-6, ,61560,C,129,GID,0,0,Amateur Radio, ,3.12,40,2,ESE,5,E,HARDY,04/14/2012,1314,40.0057,-97.9008,40.0145,-97.8429,"No damage was reported with this tornado, which touched down approximated 1 mile east of Hardy and lifted approximately 4 miles east of Hardy.","Multiple rounds of severe thunderstorms pounded parts of the 24-county area on this Saturday, resulting in numerous reports of large hail and damaging winds along with four brief EF0 tornadoes. However, considering that the entire area spent the day under its only High Risk convective outlook of the spring from the Storm Prediction Center, the situation could have been worse. No injuries were reported in South Central Nebraska, and all significant, long-track tornadoes in the region remained to the south across central and southern Kansas and northern Oklahoma. Locally, most severe weather targeted counties between Interstate 80 and the Kansas border. The first three brief tornadoes occurred between 2-3 PM CDT in Nuckolls and Thayer Counties, as a rain-wrapped supercell tracked out of northern Kansas. One of these tornadoes struck a farm just north of Alexandria, where a grain bin was toppled and a roof torn off a shed. A few hours later, the final and most-photographed tornado of the day touched down shortly after 6 PM CDT in Harlan County northeast of Oxford and crossed Highway 6, destroying a grain bin along the way. ||During this prolonged event, severe thunderstorms affected parts of the area for roughly 13 hours, mainly between 1030 AM and 1130 PM CDT. The first round of severe weather focused across northern portions of the area during the late morning as an elevated supercell tracked across parts of Sherman, Valley and Greeley Counties. This storm was a prolific hail producer, with hail of at least 2 inches in diameter causing considerable damage to homes and vehicles, especially north and west of Spalding. As these early storms exited to the northeast, the focus shifted south to near the Kansas border, as the next cluster of more-surface-based severe storms with embedded tornadic circulations lifted through primarily Nuckolls, Thayer and Fillmore Counties between 1-4 PM CDT. After a brief lull, a few more supercells fired up farther west around 5 PM CDT, with one of these storms producing the tornado near Oxford before weakening as it tracked northeast toward Kearney. Yet again, a brief lull ensued, before numerous severe thunderstorms flared up mainly south of Interstate 80 during the 830-1130 PM CDT time frame. Although these storms were not tornadic, multiple hail and wind reports included baseball size hail near Glenvil, golf ball size hail near Edison and McCool Junction and estimated 70 MPH winds and toppled irrigation center pivots near Campbell and east of Clay Center. Finally, between 1130 PM and 2 AM CDT, the remaining storms gradually weakened and exited the area to the east. ||Although significant flooding was not an issue, most areas southeast of a line from Osceola to Franklin measured at least 1-2 inches of rain, with 2-3 inch amounts most concentrated within Nuckolls, Thayer and Fillmore Counties, including a 3.70-inch total just west of Tobias along the Fillmore and Saline County line. ||This long-lasting severe weather outbreak was driven by a classic synoptic setup, as a powerful mid-upper level trough approached the Central Plains from the Four Corners region, featuring a 300 millibar jet streak in excess of 110 knots. At the surface, low pressure deepened over the course of the day, registering around 992 millibars by early evening over northwest Kansas. A well-defined warm front extended east from this low across South Central Nebraska, as a sharpening dryline took shape along a line from southwest Nebraska to far western Oklahoma. With a strengthening and veering wind profile with height, shear parameters were quite supportive of significant severe weather. Around the time of the late afternoon tornado near Oxford, mesoscale severe weather parameters included around 1500 J/Kg mixed layer CAPE, 60-70 knots of deep layer vertical wind shear and 30-40 knots of surface-to-1 kilometer low level vertical shear. In addition, surface-to-1 kilometer storm relative helicity increased into at least the 300-500 m2/s2 range during the late afternoon and evening hours, promoting a volatile environment for potentially strong, long-track tornadoes. Fortunately for South Central Nebraska, the sheer number of storms along with resultant storm-scale interference likely mitigated what could have been a more significant tornado event. ||On a regional and even national level, this was one of the most anticipated and well-advertised Central Plains tornado outbreaks ever. Although the majority of South Central Nebraska was not in a High Risk outlook from the Storm Prediction Center until the early morning hours of the 14th, parts of Kansas and Oklahoma were placed under a High Risk early on the 13th, marking the first time SPC ever issued a High Risk forecast so far in advance.",111
380477,CLARK CO.,CLARK STATE LAKE,04/14/2012,1324,Tornado, ,EF1,0,0,0,0,KS,CST-6, ,63499,C,25,DDC,0,0,NWS Storm Survey, ,6.3,150,3,NE,9,NE,CLARK STATE LAKE,04/14/2012,1334,37.4075,-99.7438,37.4753,-99.6668,"A tornado took out some trees but there were no structures involved.","A vigorous upper level system combined with copious moisture and an advancing warm front to produce widespread thunderstorms, some producing tornadoes.",112
366428,MONONA CO.,GRANT CENTER,04/14/2012,1328,Tornado, ,EF0,0,0,0,0,IA,CST-6, ,61139,C,133,OAX,0,0,Public, ,0.4,25,2,SSW,2,SSW,GRANT CENTER,04/14/2012,1329,42.1429,-96.0131,42.1487,-96.0114,"A brief tornado touchdown was caught on film northwest of Castana.  The tornado did no apparent damage.","A strong upper level system over the southern Rockies lifted northeast across the plains causing an intense surface low pressure system and attendant warm front to lift into Nebraska.  The main warm front remained either in southern Nebraska or in Kansas, and the shear and instability associated with the system produced widespread multi-cellular convection with embedded super cell thunderstorms near and north of the front.  The more surface based super cells produced several tornadoes in southeast Nebraska and southwest Iowa, while more elevated storms in northeast Nebraska produced very large hail.  In addition, areas of very heavy rain produced isolated flash and river flooding across the area.  The severe weather came in several waves, the first one came through in the afternoon with the second a little after midnight CDT.",113
369743,THAYER CO.,DESHLER,04/14/2012,1330,Tornado, ,EF0,0,0,0,0,NE,CST-6, ,61560,C,169,GID,0,0,Broadcast Media, ,0.04,25,2,E,2,E,DESHLER,04/14/2012,1331,40.1496,-97.6797,40.1499,-97.6791,"No damage was reported with this brief tornado touchdown approximately 2 miles east of Deshler.","Multiple rounds of severe thunderstorms pounded parts of the 24-county area on this Saturday, resulting in numerous reports of large hail and damaging winds along with four brief EF0 tornadoes. However, considering that the entire area spent the day under its only High Risk convective outlook of the spring from the Storm Prediction Center, the situation could have been worse. No injuries were reported in South Central Nebraska, and all significant, long-track tornadoes in the region remained to the south across central and southern Kansas and northern Oklahoma. Locally, most severe weather targeted counties between Interstate 80 and the Kansas border. The first three brief tornadoes occurred between 2-3 PM CDT in Nuckolls and Thayer Counties, as a rain-wrapped supercell tracked out of northern Kansas. One of these tornadoes struck a farm just north of Alexandria, where a grain bin was toppled and a roof torn off a shed. A few hours later, the final and most-photographed tornado of the day touched down shortly after 6 PM CDT in Harlan County northeast of Oxford and crossed Highway 6, destroying a grain bin along the way. ||During this prolonged event, severe thunderstorms affected parts of the area for roughly 13 hours, mainly between 1030 AM and 1130 PM CDT. The first round of severe weather focused across northern portions of the area during the late morning as an elevated supercell tracked across parts of Sherman, Valley and Greeley Counties. This storm was a prolific hail producer, with hail of at least 2 inches in diameter causing considerable damage to homes and vehicles, especially north and west of Spalding. As these early storms exited to the northeast, the focus shifted south to near the Kansas border, as the next cluster of more-surface-based severe storms with embedded tornadic circulations lifted through primarily Nuckolls, Thayer and Fillmore Counties between 1-4 PM CDT. After a brief lull, a few more supercells fired up farther west around 5 PM CDT, with one of these storms producing the tornado near Oxford before weakening as it tracked northeast toward Kearney. Yet again, a brief lull ensued, before numerous severe thunderstorms flared up mainly south of Interstate 80 during the 830-1130 PM CDT time frame. Although these storms were not tornadic, multiple hail and wind reports included baseball size hail near Glenvil, golf ball size hail near Edison and McCool Junction and estimated 70 MPH winds and toppled irrigation center pivots near Campbell and east of Clay Center. Finally, between 1130 PM and 2 AM CDT, the remaining storms gradually weakened and exited the area to the east. ||Although significant flooding was not an issue, most areas southeast of a line from Osceola to Franklin measured at least 1-2 inches of rain, with 2-3 inch amounts most concentrated within Nuckolls, Thayer and Fillmore Counties, including a 3.70-inch total just west of Tobias along the Fillmore and Saline County line. ||This long-lasting severe weather outbreak was driven by a classic synoptic setup, as a powerful mid-upper level trough approached the Central Plains from the Four Corners region, featuring a 300 millibar jet streak in excess of 110 knots. At the surface, low pressure deepened over the course of the day, registering around 992 millibars by early evening over northwest Kansas. A well-defined warm front extended east from this low across South Central Nebraska, as a sharpening dryline took shape along a line from southwest Nebraska to far western Oklahoma. With a strengthening and veering wind profile with height, shear parameters were quite supportive of significant severe weather. Around the time of the late afternoon tornado near Oxford, mesoscale severe weather parameters included around 1500 J/Kg mixed layer CAPE, 60-70 knots of deep layer vertical wind shear and 30-40 knots of surface-to-1 kilometer low level vertical shear. In addition, surface-to-1 kilometer storm relative helicity increased into at least the 300-500 m2/s2 range during the late afternoon and evening hours, promoting a volatile environment for potentially strong, long-track tornadoes. Fortunately for South Central Nebraska, the sheer number of storms along with resultant storm-scale interference likely mitigated what could have been a more significant tornado event. ||On a regional and even national level, this was one of the most anticipated and well-advertised Central Plains tornado outbreaks ever. Although the majority of South Central Nebraska was not in a High Risk outlook from the Storm Prediction Center until the early morning hours of the 14th, parts of Kansas and Oklahoma were placed under a High Risk early on the 13th, marking the first time SPC ever issued a High Risk forecast so far in advance.",114
369745,THAYER CO.,ALEXANDRIA,04/14/2012,1356,Tornado, ,EF0,0,0,350000,0,NE,CST-6, ,61560,C,169,GID,0,0,Emergency Manager, ,0.33,60,2,NNW,2,NNW,ALEXANDRIA,04/14/2012,1400,40.2703,-97.3907,40.2741,-97.3869,"This tornado touched down approximately 1.5 miles north of Alexandria and lifted approximately 2 miles north of Alexandria.  Along its path, a home sustained minor siding and window damage, a grain bin was destroyed, small outbuildings lost siding, trees and power lines were damaged, and 2 center irrigation pivots were overturned. The maximum wind speed was estimated at 75 mph.","Multiple rounds of severe thunderstorms pounded parts of the 24-county area on this Saturday, resulting in numerous reports of large hail and damaging winds along with four brief EF0 tornadoes. However, considering that the entire area spent the day under its only High Risk convective outlook of the spring from the Storm Prediction Center, the situation could have been worse. No injuries were reported in South Central Nebraska, and all significant, long-track tornadoes in the region remained to the south across central and southern Kansas and northern Oklahoma. Locally, most severe weather targeted counties between Interstate 80 and the Kansas border. The first three brief tornadoes occurred between 2-3 PM CDT in Nuckolls and Thayer Counties, as a rain-wrapped supercell tracked out of northern Kansas. One of these tornadoes struck a farm just north of Alexandria, where a grain bin was toppled and a roof torn off a shed. A few hours later, the final and most-photographed tornado of the day touched down shortly after 6 PM CDT in Harlan County northeast of Oxford and crossed Highway 6, destroying a grain bin along the way. ||During this prolonged event, severe thunderstorms affected parts of the area for roughly 13 hours, mainly between 1030 AM and 1130 PM CDT. The first round of severe weather focused across northern portions of the area during the late morning as an elevated supercell tracked across parts of Sherman, Valley and Greeley Counties. This storm was a prolific hail producer, with hail of at least 2 inches in diameter causing considerable damage to homes and vehicles, especially north and west of Spalding. As these early storms exited to the northeast, the focus shifted south to near the Kansas border, as the next cluster of more-surface-based severe storms with embedded tornadic circulations lifted through primarily Nuckolls, Thayer and Fillmore Counties between 1-4 PM CDT. After a brief lull, a few more supercells fired up farther west around 5 PM CDT, with one of these storms producing the tornado near Oxford before weakening as it tracked northeast toward Kearney. Yet again, a brief lull ensued, before numerous severe thunderstorms flared up mainly south of Interstate 80 during the 830-1130 PM CDT time frame. Although these storms were not tornadic, multiple hail and wind reports included baseball size hail near Glenvil, golf ball size hail near Edison and McCool Junction and estimated 70 MPH winds and toppled irrigation center pivots near Campbell and east of Clay Center. Finally, between 1130 PM and 2 AM CDT, the remaining storms gradually weakened and exited the area to the east. ||Although significant flooding was not an issue, most areas southeast of a line from Osceola to Franklin measured at least 1-2 inches of rain, with 2-3 inch amounts most concentrated within Nuckolls, Thayer and Fillmore Counties, including a 3.70-inch total just west of Tobias along the Fillmore and Saline County line. ||This long-lasting severe weather outbreak was driven by a classic synoptic setup, as a powerful mid-upper level trough approached the Central Plains from the Four Corners region, featuring a 300 millibar jet streak in excess of 110 knots. At the surface, low pressure deepened over the course of the day, registering around 992 millibars by early evening over northwest Kansas. A well-defined warm front extended east from this low across South Central Nebraska, as a sharpening dryline took shape along a line from southwest Nebraska to far western Oklahoma. With a strengthening and veering wind profile with height, shear parameters were quite supportive of significant severe weather. Around the time of the late afternoon tornado near Oxford, mesoscale severe weather parameters included around 1500 J/Kg mixed layer CAPE, 60-70 knots of deep layer vertical wind shear and 30-40 knots of surface-to-1 kilometer low level vertical shear. In addition, surface-to-1 kilometer storm relative helicity increased into at least the 300-500 m2/s2 range during the late afternoon and evening hours, promoting a volatile environment for potentially strong, long-track tornadoes. Fortunately for South Central Nebraska, the sheer number of storms along with resultant storm-scale interference likely mitigated what could have been a more significant tornado event. ||On a regional and even national level, this was one of the most anticipated and well-advertised Central Plains tornado outbreaks ever. Although the majority of South Central Nebraska was not in a High Risk outlook from the Storm Prediction Center until the early morning hours of the 14th, parts of Kansas and Oklahoma were placed under a High Risk early on the 13th, marking the first time SPC ever issued a High Risk forecast so far in advance.",115
380719,PAWNEE CO.,BURDETT ROZEL ARPT,04/14/2012,1424,Tornado, ,EF1,0,0,0,0,KS,CST-6, ,63499,C,145,DDC,0,0,NWS Storm Survey, ,3.62,100,7,NNE,8,WNW,ASH VALLEY,04/14/2012,1430,38.3149,-99.4108,38.3496,-99.3607,"Damage was done to trees and an outbuilding.  The tornado moved into Rush county at 3:30 PM CDT.","A vigorous upper level system combined with copious moisture and an advancing warm front to produce widespread thunderstorms, some producing tornadoes.",116
380676,EDWARDS CO.,FELLSBURG,04/14/2012,1428,Tornado, ,EF1,0,0,0,0,KS,CST-6, ,63499,C,47,DDC,0,0,NWS Storm Survey, ,9.34,100,2,WNW,3,SE,BELPRE,04/14/2012,1444,37.833,-99.2047,37.9186,-99.0727,"This tornado did damage to trees and power lines along it's path.","A vigorous upper level system combined with copious moisture and an advancing warm front to produce widespread thunderstorms, some producing tornadoes.",117
380720,RUSH CO.,RUSH CENTER,04/14/2012,1430,Tornado, ,EF1,0,0,0,0,KS,CST-6, ,63499,C,165,DDC,0,0,NWS Storm Survey, ,1.06,75,9,SSW,8,SSW,RUSH CENTER,04/14/2012,1432,38.3496,-99.3607,38.3632,-99.3517,"The tornado moved in from Pawnee county at 3:30 PM CDT and did damage to trees.","A vigorous upper level system combined with copious moisture and an advancing warm front to produce widespread thunderstorms, some producing tornadoes.",118
378745,WOODWARD CO.,FORT SUPPLY,04/14/2012,1449,Tornado, ,EF0,0,0,0,0,OK,CST-6, ,62013,C,153,OUN,0,0,Trained Spotter, ,4,30,4,SE,6,E,FORT SUPPLY,04/14/2012,1453,36.5291,-99.519,36.57,-99.4619,"The tornado produced no known damage and the location is estimated.","A severe weather outbreak occurred on the afternoon and evening of Saturday April 14th, 2012 across Kansas and northwest Oklahoma. Multiple tornadoes, including a few that were strong, very large hail and damaging winds accompanied the supercells that formed through the afternoon and evening. Over a dozen tornadoes occurred in northwest Oklahoma in addition to the numerous tornadoes in Kansas.||Much of Oklahoma remained under clear skies for the afternoon, which coupled with plentiful moisture allowed very strong instability to develop. A dryline stretched from western Kansas into northwest and western Oklahoma through the afternoon hours. Thunderstorms ignited off the dryline in the early afternoon, with the first severe weather reports around 230pm. The first tornado was not reported until nearly 4pm as low level wind shear increased gradually. The tornado reports continued through nearly 1am with the tornado that impacted Woodward, OK the last tornado of the evening.||With the first supercells firing around 2 PM, many dropped large hail, some as large as 3 inches in diameter. Many brief tornado touchdowns were reported as well, with the initial reports north of Woodward, OK. Additional supercells developed through the afternoon with a prominent tornadic supercell developing near Waynoka, Oklahoma. This supercell produced multiple tornadoes near Cherokee and continued moving to the northeast. One tornado with this supercell produced damage to a cemetery west of Byron. Fortunately, many of the tornadoes from this thunderstorm remained over mainly rural areas in Waynoka, Woods and Alfalfa counties.||Another tornadic supercell developed southwest of Woodward before midnight and tracked toward Woodward. The Woodward tornado began around 1150 PM roughly 3 miles northeast of Arnett and moved northeast into Woodward county. The southwest city limits of Woodward were impacted near 1218 AM on Sunday April 15th, 2012 and the tornado finally exited the north-northwest side of Woodward around 1223 AM. The tornado dissipated shortly afterward, 4 miles north of Woodward. Sadly, 6 fatalities were reported with the tornado that impacted Woodward.",119
380686,COMANCHE CO.,WILMORE,04/14/2012,1459,Tornado, ,EF1,0,0,0,0,KS,CST-6, ,63499,C,33,DDC,0,0,NWS Storm Survey, ,8.5,125,9,SE,12,E,WILMORE,04/14/2012,1512,37.2292,-99.1076,37.3185,-99.0017,"This tornado damaged trees, power lines and a barn.  It moved into Barber county at 16:12 PM CDT.","A vigorous upper level system combined with copious moisture and an advancing warm front to produce widespread thunderstorms, some producing tornadoes.",120
378746,WOODWARD CO.,FORT SUPPLY,04/14/2012,1459,Tornado, ,EF0,0,0,0,0,OK,CST-6, ,62013,C,153,OUN,0,0,Emergency Manager, ,0.25,30,9,E,9,E,FORT SUPPLY,04/14/2012,1500,36.591,-99.413,36.594,-99.411,"This tornado formed just south of the Harper County line and moved northeast into Harper County. A barn was damaged near the county line.","A severe weather outbreak occurred on the afternoon and evening of Saturday April 14th, 2012 across Kansas and northwest Oklahoma. Multiple tornadoes, including a few that were strong, very large hail and damaging winds accompanied the supercells that formed through the afternoon and evening. Over a dozen tornadoes occurred in northwest Oklahoma in addition to the numerous tornadoes in Kansas.||Much of Oklahoma remained under clear skies for the afternoon, which coupled with plentiful moisture allowed very strong instability to develop. A dryline stretched from western Kansas into northwest and western Oklahoma through the afternoon hours. Thunderstorms ignited off the dryline in the early afternoon, with the first severe weather reports around 230pm. The first tornado was not reported until nearly 4pm as low level wind shear increased gradually. The tornado reports continued through nearly 1am with the tornado that impacted Woodward, OK the last tornado of the evening.||With the first supercells firing around 2 PM, many dropped large hail, some as large as 3 inches in diameter. Many brief tornado touchdowns were reported as well, with the initial reports north of Woodward, OK. Additional supercells developed through the afternoon with a prominent tornadic supercell developing near Waynoka, Oklahoma. This supercell produced multiple tornadoes near Cherokee and continued moving to the northeast. One tornado with this supercell produced damage to a cemetery west of Byron. Fortunately, many of the tornadoes from this thunderstorm remained over mainly rural areas in Waynoka, Woods and Alfalfa counties.||Another tornadic supercell developed southwest of Woodward before midnight and tracked toward Woodward. The Woodward tornado began around 1150 PM roughly 3 miles northeast of Arnett and moved northeast into Woodward county. The southwest city limits of Woodward were impacted near 1218 AM on Sunday April 15th, 2012 and the tornado finally exited the north-northwest side of Woodward around 1223 AM. The tornado dissipated shortly afterward, 4 miles north of Woodward. Sadly, 6 fatalities were reported with the tornado that impacted Woodward.",121
379720,HARPER CO.,SELMAN,04/14/2012,1500,Tornado, ,EF1,0,0,0,0,OK,CST-6, ,62013,C,59,OUN,0,0,Emergency Manager, ,0.25,30,15,SSE,15,SSE,SELMAN,04/14/2012,1500,36.597,-99.408,36.597,-99.408,"This tornado moved into Harper County from Woodward County, producing barn damage near the county line.","A severe weather outbreak occurred on the afternoon and evening of Saturday April 14th, 2012 across Kansas and northwest Oklahoma. Multiple tornadoes, including a few that were strong, very large hail and damaging winds accompanied the supercells that formed through the afternoon and evening. Over a dozen tornadoes occurred in northwest Oklahoma in addition to the numerous tornadoes in Kansas.||Much of Oklahoma remained under clear skies for the afternoon, which coupled with plentiful moisture allowed very strong instability to develop. A dryline stretched from western Kansas into northwest and western Oklahoma through the afternoon hours. Thunderstorms ignited off the dryline in the early afternoon, with the first severe weather reports around 230pm. The first tornado was not reported until nearly 4pm as low level wind shear increased gradually. The tornado reports continued through nearly 1am with the tornado that impacted Woodward, OK the last tornado of the evening.||With the first supercells firing around 2 PM, many dropped large hail, some as large as 3 inches in diameter. Many brief tornado touchdowns were reported as well, with the initial reports north of Woodward, OK. Additional supercells developed through the afternoon with a prominent tornadic supercell developing near Waynoka, Oklahoma. This supercell produced multiple tornadoes near Cherokee and continued moving to the northeast. One tornado with this supercell produced damage to a cemetery west of Byron. Fortunately, many of the tornadoes from this thunderstorm remained over mainly rural areas in Waynoka, Woods and Alfalfa counties.||Another tornadic supercell developed southwest of Woodward before midnight and tracked toward Woodward. The Woodward tornado began around 1150 PM roughly 3 miles northeast of Arnett and moved northeast into Woodward county. The southwest city limits of Woodward were impacted near 1218 AM on Sunday April 15th, 2012 and the tornado finally exited the north-northwest side of Woodward around 1223 AM. The tornado dissipated shortly afterward, 4 miles north of Woodward. Sadly, 6 fatalities were reported with the tornado that impacted Woodward.",122
380480,RUSH CO.,TIMKEN,04/14/2012,1504,Tornado, ,EF0,0,0,0,0,KS,CST-6, ,63499,C,165,DDC,0,0,Trained Spotter, ,0.9,75,2,ENE,3,ENE,TIMKEN,04/14/2012,1506,38.4837,-99.15,38.4911,-99.1358,"This was a brief and small tornado.","A vigorous upper level system combined with copious moisture and an advancing warm front to produce widespread thunderstorms, some producing tornadoes.",123
380687,BARBER CO.,SUN CITY,04/14/2012,1512,Tornado, ,EF0,0,0,0,0,KS,CST-6, ,63499,C,7,DDC,0,0,NWS Storm Survey, ,2.4,100,6,SW,4,SW,SUN CITY,04/14/2012,1516,37.3185,-99.0017,37.342,-98.9697,"This tornado moved into the county from Comanche county at 16:12 PM CDT.","A vigorous upper level system combined with copious moisture and an advancing warm front to produce widespread thunderstorms, some producing tornadoes.",124
380717,STAFFORD CO.,SEWARD,04/14/2012,1525,Tornado, ,EF1,0,0,0,0,KS,CST-6, ,63499,C,185,DDC,0,0,NWS Storm Survey, ,9.75,150,4,ESE,11,NNE,HUDSON,04/14/2012,1540,38.1477,-98.7337,38.2521,-98.6129,"This tornado did EF1 damage to trees and power poles.","A vigorous upper level system combined with copious moisture and an advancing warm front to produce widespread thunderstorms, some producing tornadoes.",125
379730,WOODWARD CO.,MOORELAND,04/14/2012,1526,Tornado, ,EF0,0,0,0,0,OK,CST-6, ,62013,C,153,OUN,0,0,Storm Chaser, ,0.2,30,24,N,24,N,MOORELAND,04/14/2012,1526,36.7874,-99.21,36.7874,-99.21,"A tornado was observed by a storm chaser approximately 4 miles west-northwest of Freedom, likely just on the south side of the Cimarron River, however the location is estimated. No damage is known to have occurred with this tornado.","A severe weather outbreak occurred on the afternoon and evening of Saturday April 14th, 2012 across Kansas and northwest Oklahoma. Multiple tornadoes, including a few that were strong, very large hail and damaging winds accompanied the supercells that formed through the afternoon and evening. Over a dozen tornadoes occurred in northwest Oklahoma in addition to the numerous tornadoes in Kansas.||Much of Oklahoma remained under clear skies for the afternoon, which coupled with plentiful moisture allowed very strong instability to develop. A dryline stretched from western Kansas into northwest and western Oklahoma through the afternoon hours. Thunderstorms ignited off the dryline in the early afternoon, with the first severe weather reports around 230pm. The first tornado was not reported until nearly 4pm as low level wind shear increased gradually. The tornado reports continued through nearly 1am with the tornado that impacted Woodward, OK the last tornado of the evening.||With the first supercells firing around 2 PM, many dropped large hail, some as large as 3 inches in diameter. Many brief tornado touchdowns were reported as well, with the initial reports north of Woodward, OK. Additional supercells developed through the afternoon with a prominent tornadic supercell developing near Waynoka, Oklahoma. This supercell produced multiple tornadoes near Cherokee and continued moving to the northeast. One tornado with this supercell produced damage to a cemetery west of Byron. Fortunately, many of the tornadoes from this thunderstorm remained over mainly rural areas in Waynoka, Woods and Alfalfa counties.||Another tornadic supercell developed southwest of Woodward before midnight and tracked toward Woodward. The Woodward tornado began around 1150 PM roughly 3 miles northeast of Arnett and moved northeast into Woodward county. The southwest city limits of Woodward were impacted near 1218 AM on Sunday April 15th, 2012 and the tornado finally exited the north-northwest side of Woodward around 1223 AM. The tornado dissipated shortly afterward, 4 miles north of Woodward. Sadly, 6 fatalities were reported with the tornado that impacted Woodward.",126
378747,WOODS CO.,CAMP HOUSTON,04/14/2012,1533,Tornado, ,EF0,0,0,0,0,OK,CST-6, ,62013,C,151,OUN,0,0,Storm Chaser, ,0.3,30,3,WNW,3,WNW,CAMP HOUSTON,04/14/2012,1533,36.8243,-99.1631,36.8243,-99.1631,"Numerous storm chasers observed this brief tornado occurring north-northwest of Freedom. This tornado produced no known damage and the location is estimated.","A severe weather outbreak occurred on the afternoon and evening of Saturday April 14th, 2012 across Kansas and northwest Oklahoma. Multiple tornadoes, including a few that were strong, very large hail and damaging winds accompanied the supercells that formed through the afternoon and evening. Over a dozen tornadoes occurred in northwest Oklahoma in addition to the numerous tornadoes in Kansas.||Much of Oklahoma remained under clear skies for the afternoon, which coupled with plentiful moisture allowed very strong instability to develop. A dryline stretched from western Kansas into northwest and western Oklahoma through the afternoon hours. Thunderstorms ignited off the dryline in the early afternoon, with the first severe weather reports around 230pm. The first tornado was not reported until nearly 4pm as low level wind shear increased gradually. The tornado reports continued through nearly 1am with the tornado that impacted Woodward, OK the last tornado of the evening.||With the first supercells firing around 2 PM, many dropped large hail, some as large as 3 inches in diameter. Many brief tornado touchdowns were reported as well, with the initial reports north of Woodward, OK. Additional supercells developed through the afternoon with a prominent tornadic supercell developing near Waynoka, Oklahoma. This supercell produced multiple tornadoes near Cherokee and continued moving to the northeast. One tornado with this supercell produced damage to a cemetery west of Byron. Fortunately, many of the tornadoes from this thunderstorm remained over mainly rural areas in Waynoka, Woods and Alfalfa counties.||Another tornadic supercell developed southwest of Woodward before midnight and tracked toward Woodward. The Woodward tornado began around 1150 PM roughly 3 miles northeast of Arnett and moved northeast into Woodward county. The southwest city limits of Woodward were impacted near 1218 AM on Sunday April 15th, 2012 and the tornado finally exited the north-northwest side of Woodward around 1223 AM. The tornado dissipated shortly afterward, 4 miles north of Woodward. Sadly, 6 fatalities were reported with the tornado that impacted Woodward.",127
380718,STAFFORD CO.,QUIVIRA REFUGE,04/14/2012,1535,Tornado, ,EF1,0,0,0,0,KS,CST-6, ,63499,C,185,DDC,0,0,NWS Storm Survey, ,14.34,150,2,NE,11,NE,HUDSON,04/14/2012,1554,38.1003,-98.7661,38.2253,-98.5554,"This tornado damaged power poles and a few trees.","A vigorous upper level system combined with copious moisture and an advancing warm front to produce widespread thunderstorms, some producing tornadoes.",128
380478,PRATT CO.,SAWYER,04/14/2012,1544,Tornado, ,EF0,0,0,0,0,KS,CST-6, ,63499,C,151,DDC,0,0,Trained Spotter, ,2.3,100,1,WSW,1,N,SAWYER,04/14/2012,1549,37.4936,-98.7056,37.5176,-98.6776,"A weak tornado moved northeast across US Highway 281 but it did not hit anything to damage.","A vigorous upper level system combined with copious moisture and an advancing warm front to produce widespread thunderstorms, some producing tornadoes.",129
366364,BARTON CO.,ELLINWOOD,04/14/2012,1550,Tornado, ,EF0,0,0,0,0,KS,CST-6, ,61250,C,9,ICT,0,0,Storm Chaser, ,0.54,50,6,SSE,6,SSE,ELLINWOOD,04/14/2012,1551,38.27,-98.54,38.277,-98.5357,"Brief touchdown in an open field.","A significant severe weather outbreak with several damaging long track tornadoes occurred.  The strongest tornado moved through portions of central Kansas and produced EF-4 damage at one home stead.  Two other tornadoes touched down producing EF-3 damage in south central Kansas.",130
365582,JOHNSON CO.,STERLING,04/14/2012,1550,Tornado, ,EF0,0,0,0,0,NE,CST-6, ,61138,C,97,OAX,0,0,NWS Storm Survey, ,2.75,100,1,SSW,2,ESE,STERLING,04/14/2012,1555,40.4612,-96.3731,40.4632,-96.335,"The tornado touched down on the east side of Sterling, just west of Highway 41.  A concession stand at a baseball stadium was blown over near there as was a traffic sign.  A path of mainly tree limb damage continued east including a few uprooted trees which blocked county roads.  The tornado lifted about 2.75 miles east of Sterling.","A strong upper level system over the southern Rockies lifted northeast across the plains causing an intense surface low pressure system and attendant warm front to lift into Nebraska.  The main warm front remained either in southern Nebraska or in Kansas, and the shear and instability associated with the system produced widespread multi-cellular convection with embedded super cell thunderstorms near and north of the front.  The more surface based super cells produced several tornadoes in southeast Nebraska and southwest Iowa, while more elevated storms in northeast Nebraska produced very large hail.  In addition, areas of very heavy rain produced isolated flash and river flooding across the area.",131
365587,JOHNSON CO.,COOK,04/14/2012,1556,Tornado, ,EF2,0,0,0,0,NE,CST-6, ,61138,C,97,OAX,0,0,NWS Storm Survey, ,5.75,440,5,WSW,2,E,COOK,04/14/2012,1605,40.4923,-96.2579,40.517,-96.1386,"This tornado touched down 5 miles west-southwest of Cook where it damaged trees and overturned a center pivot.  A farmstead near there had 6 to 8 power poles snapped along with tree damage.  From there the damage path was mostly east-northeast.  About 1.5 miles west-northwest of Cook a home sustained significant structural damage, with the roof lifted completely off and 2 of its anchored exterior walls destroyed.  An attached garage was destroyed as was a large shed.  Materials from the house were blown at least a quarter of a mile away.  Along Highway 50 several trees were knocked down in the Cook Cemetery.  The tornado appeared to weaken as it crossed Highway 50, but still snapped trees and power poles along Road 738 north of Cook and caused tree damage near the football field.  The tornado lifted about 1 mile east-northeast of Cook.","A strong upper level system over the southern Rockies lifted northeast across the plains causing an intense surface low pressure system and attendant warm front to lift into Nebraska.  The main warm front remained either in southern Nebraska or in Kansas, and the shear and instability associated with the system produced widespread multi-cellular convection with embedded super cell thunderstorms near and north of the front.  The more surface based super cells produced several tornadoes in southeast Nebraska and southwest Iowa, while more elevated storms in northeast Nebraska produced very large hail.  In addition, areas of very heavy rain produced isolated flash and river flooding across the area.",132
366365,KINGMAN CO.,PENALOSA,04/14/2012,1602,Tornado, ,EF0,0,0,0,0,KS,CST-6, ,61250,C,95,ICT,0,0,Storm Chaser, ,0.48,50,4,W,4,W,PENALOSA,04/14/2012,1603,37.72,-98.39,37.7254,-98.3845,"Brief touchdown in an open field.","A significant severe weather outbreak with several damaging long track tornadoes occurred.  The strongest tornado moved through portions of central Kansas and produced EF-4 damage at one home stead.  Two other tornadoes touched down producing EF-3 damage in south central Kansas.",133
366372,JOHNSON CO.,COOK,04/14/2012,1607,Tornado, ,EF0,0,0,0,0,NE,CST-6, ,61138,C,97,OAX,0,0,NWS Storm Survey, ,0.18,100,5,ESE,6,ESE,COOK,04/14/2012,1608,40.4976,-96.0699,40.4982,-96.0667,"A weak tornado overturned a few center pivots as it tracked mostly in open fields southwest of Talmage. Some tree and outbuildings were also damaged along its 3.75 mile path. The tornado initially touched down just in Johnson county, but most of the track was in Nemaha county.","A strong upper level system over the southern Rockies lifted northeast across the plains causing an intense surface low pressure system and attendant warm front to lift into Nebraska.  The main warm front remained either in southern Nebraska or in Kansas, and the shear and instability associated with the system produced widespread multi-cellular convection with embedded super cell thunderstorms near and north of the front.  The more surface based super cells produced several tornadoes in southeast Nebraska and southwest Iowa, while more elevated storms in northeast Nebraska produced very large hail.  In addition, areas of very heavy rain produced isolated flash and river flooding across the area.",134
380479,PRATT CO.,CAIRO,04/14/2012,1608,Tornado, ,EF0,0,0,0,0,KS,CST-6, ,63499,C,151,DDC,0,0,Emergency Manager, ,2.3,75,4,ENE,6,SE,PRESTON,04/14/2012,1613,37.6711,-98.4953,37.6945,-98.4646,"This tornado did not hit anything to damage.","A vigorous upper level system combined with copious moisture and an advancing warm front to produce widespread thunderstorms, some producing tornadoes.",135
365701,NEMAHA CO.,BROCK,04/14/2012,1608,Tornado, ,EF0,0,0,0,0,NE,CST-6, ,61138,C,127,OAX,0,0,NWS Storm Survey, ,3.6,100,6,WNW,3,NW,BROCK,04/14/2012,1616,40.5064,-96.0663,40.5081,-95.9979,"A weak tornado overturned a few center pivots as it tracked mostly in open fields southwest of Talmage.  Some tree and outbuildings were also damaged along its 3.75 mile path.  The tornado initially touched down just across the county line in Johnson county, but most of the track was in Nemaha county.","A strong upper level system over the southern Rockies lifted northeast across the plains causing an intense surface low pressure system and attendant warm front to lift into Nebraska.  The main warm front remained either in southern Nebraska or in Kansas, and the shear and instability associated with the system produced widespread multi-cellular convection with embedded super cell thunderstorms near and north of the front.  The more surface based super cells produced several tornadoes in southeast Nebraska and southwest Iowa, while more elevated storms in northeast Nebraska produced very large hail.  In addition, areas of very heavy rain produced isolated flash and river flooding across the area.",136
378751,WOODWARD CO.,TANGIER,04/14/2012,1618,Tornado, ,EF0,0,0,0,0,OK,CST-6, ,62013,C,153,OUN,0,0,Broadcast Media, ,0.2,30,13,SSW,13,SSW,TANGIER,04/14/2012,1618,36.236,-99.589,36.236,-99.589,"Television chasers reported a tornado that produced no known damage. The tornado was estimated to have occurred 6 miles north-northwest of Harmon.","A severe weather outbreak occurred on the afternoon and evening of Saturday April 14th, 2012 across Kansas and northwest Oklahoma. Multiple tornadoes, including a few that were strong, very large hail and damaging winds accompanied the supercells that formed through the afternoon and evening. Over a dozen tornadoes occurred in northwest Oklahoma in addition to the numerous tornadoes in Kansas.||Much of Oklahoma remained under clear skies for the afternoon, which coupled with plentiful moisture allowed very strong instability to develop. A dryline stretched from western Kansas into northwest and western Oklahoma through the afternoon hours. Thunderstorms ignited off the dryline in the early afternoon, with the first severe weather reports around 230pm. The first tornado was not reported until nearly 4pm as low level wind shear increased gradually. The tornado reports continued through nearly 1am with the tornado that impacted Woodward, OK the last tornado of the evening.||With the first supercells firing around 2 PM, many dropped large hail, some as large as 3 inches in diameter. Many brief tornado touchdowns were reported as well, with the initial reports north of Woodward, OK. Additional supercells developed through the afternoon with a prominent tornadic supercell developing near Waynoka, Oklahoma. This supercell produced multiple tornadoes near Cherokee and continued moving to the northeast. One tornado with this supercell produced damage to a cemetery west of Byron. Fortunately, many of the tornadoes from this thunderstorm remained over mainly rural areas in Waynoka, Woods and Alfalfa counties.||Another tornadic supercell developed southwest of Woodward before midnight and tracked toward Woodward. The Woodward tornado began around 1150 PM roughly 3 miles northeast of Arnett and moved northeast into Woodward county. The southwest city limits of Woodward were impacted near 1218 AM on Sunday April 15th, 2012 and the tornado finally exited the north-northwest side of Woodward around 1223 AM. The tornado dissipated shortly afterward, 4 miles north of Woodward. Sadly, 6 fatalities were reported with the tornado that impacted Woodward.",137
371398,LINCOLN CO.,NORTH PLATTE,04/14/2012,1618,Tornado, ,EF0,0,0,0,0,NE,CST-6, ,62025,C,111,LBF,0,0,Emergency Manager, ,0.07,20,2,S,2,S,NORTH PLATTE,04/14/2012,1620,41.1142,-100.7828,41.1149,-100.7817,"A tornado developed and briefly touched down in a field with no damage reported.","A strong low pressure system produced widespread severe weather across the central plains on April 14th.  Storms developed over central Nebraska in the late morning hours which produced large hail over portions of Garfield and Wheeler counties.  Around the middle of the afternoon, more storms developed over southwest Nebraska in the vicinity of a dry line and warm front as a surface low was placed over Keith and Perkins counties.  These storms produced very large hail, several tornadoes, numerous funnel clouds, and heavy rain.  The heaviest hit areas were across Lincoln, Logan, and Custer counties as storms continued to develop and move over these areas before finally moving east into eastern Nebraska by late evening.  Although several tornadoes occurred, they were all weak and did not produce any damage.  Damage from these storms was from large hail.",138
365642,OTOE CO.,NEBRASKA CITY,04/14/2012,1621,Tornado, ,EF1,0,0,0,0,NE,CST-6, ,61138,C,131,OAX,0,0,NWS Storm Survey, ,2,200,3,NW,3,NNW,NEBRASKA CITY ARPT,04/14/2012,1625,40.6807,-95.8905,40.7187,-95.8852,"A tornado touched down 3 miles northwest of Nebraska City destroying a machine shed and peeling the roof off of a vineyard building causing its partial collapse.  Metal from that building was blown several hundred yards away.   A home near there had window and siding damage and a home north of County Road 60 experienced a garage failure and outbuilding damage.  Broken and uprooted trees marked the damage path east-northeast until the tornado lifted near the Missouri River.  In total at least 7 homes were damaged from this tornado.","A strong upper level system over the southern Rockies lifted northeast across the plains causing an intense surface low pressure system and attendant warm front to lift into Nebraska.  The main warm front remained either in southern Nebraska or in Kansas, and the shear and instability associated with the system produced widespread multi-cellular convection with embedded super cell thunderstorms near and north of the front.  The more surface based super cells produced several tornadoes in southeast Nebraska and southwest Iowa, while more elevated storms in northeast Nebraska produced very large hail.  In addition, areas of very heavy rain produced isolated flash and river flooding across the area.",139
378785,WOODWARD CO.,TANGIER,04/14/2012,1624,Tornado, ,EF0,0,0,0,0,OK,CST-6, ,62013,C,153,OUN,0,0,Broadcast Media, ,0.2,30,10,SSW,10,SSW,TANGIER,04/14/2012,1624,36.275,-99.571,36.275,-99.571,"Television chasers reported a tornado that is estimated to have occurred about 9 miles north of Harmon. No known damage was produced by this tornado.","A severe weather outbreak occurred on the afternoon and evening of Saturday April 14th, 2012 across Kansas and northwest Oklahoma. Multiple tornadoes, including a few that were strong, very large hail and damaging winds accompanied the supercells that formed through the afternoon and evening. Over a dozen tornadoes occurred in northwest Oklahoma in addition to the numerous tornadoes in Kansas.||Much of Oklahoma remained under clear skies for the afternoon, which coupled with plentiful moisture allowed very strong instability to develop. A dryline stretched from western Kansas into northwest and western Oklahoma through the afternoon hours. Thunderstorms ignited off the dryline in the early afternoon, with the first severe weather reports around 230pm. The first tornado was not reported until nearly 4pm as low level wind shear increased gradually. The tornado reports continued through nearly 1am with the tornado that impacted Woodward, OK the last tornado of the evening.||With the first supercells firing around 2 PM, many dropped large hail, some as large as 3 inches in diameter. Many brief tornado touchdowns were reported as well, with the initial reports north of Woodward, OK. Additional supercells developed through the afternoon with a prominent tornadic supercell developing near Waynoka, Oklahoma. This supercell produced multiple tornadoes near Cherokee and continued moving to the northeast. One tornado with this supercell produced damage to a cemetery west of Byron. Fortunately, many of the tornadoes from this thunderstorm remained over mainly rural areas in Waynoka, Woods and Alfalfa counties.||Another tornadic supercell developed southwest of Woodward before midnight and tracked toward Woodward. The Woodward tornado began around 1150 PM roughly 3 miles northeast of Arnett and moved northeast into Woodward county. The southwest city limits of Woodward were impacted near 1218 AM on Sunday April 15th, 2012 and the tornado finally exited the north-northwest side of Woodward around 1223 AM. The tornado dissipated shortly afterward, 4 miles north of Woodward. Sadly, 6 fatalities were reported with the tornado that impacted Woodward.",140
371401,LINCOLN CO.,DICKENS,04/14/2012,1627,Tornado, ,EF0,0,0,0,0,NE,CST-6, ,62025,C,111,LBF,0,0,Public, ,0.02,10,11,NNE,11,NNE,DICKENS,04/14/2012,1627,40.95,-100.87,40.95,-100.87,"A rope tornado briefly touched down in open rangeland with no damage reported.","A strong low pressure system produced widespread severe weather across the central plains on April 14th.  Storms developed over central Nebraska in the late morning hours which produced large hail over portions of Garfield and Wheeler counties.  Around the middle of the afternoon, more storms developed over southwest Nebraska in the vicinity of a dry line and warm front as a surface low was placed over Keith and Perkins counties.  These storms produced very large hail, several tornadoes, numerous funnel clouds, and heavy rain.  The heaviest hit areas were across Lincoln, Logan, and Custer counties as storms continued to develop and move over these areas before finally moving east into eastern Nebraska by late evening.  Although several tornadoes occurred, they were all weak and did not produce any damage.  Damage from these storms was from large hail.",141
371411,LINCOLN CO.,NORTH PLATTE,04/14/2012,1628,Tornado, ,EF0,0,0,0,0,NE,CST-6, ,62025,C,111,LBF,0,0,Law Enforcement, ,0.03,20,8,SSW,8,SSW,NORTH PLATTE,04/14/2012,1638,41.0356,-100.8195,41.036,-100.8195,"A tornado touched down west of Lake Maloney and was on the ground for 10 minutes.  It traveled a half mile before lifting across open rangeland.","A strong low pressure system produced widespread severe weather across the central plains on April 14th.  Storms developed over central Nebraska in the late morning hours which produced large hail over portions of Garfield and Wheeler counties.  Around the middle of the afternoon, more storms developed over southwest Nebraska in the vicinity of a dry line and warm front as a surface low was placed over Keith and Perkins counties.  These storms produced very large hail, several tornadoes, numerous funnel clouds, and heavy rain.  The heaviest hit areas were across Lincoln, Logan, and Custer counties as storms continued to develop and move over these areas before finally moving east into eastern Nebraska by late evening.  Although several tornadoes occurred, they were all weak and did not produce any damage.  Damage from these storms was from large hail.",142
365649,FREMONT CO.,PERCIVAL,04/14/2012,1628,Tornado, ,EF2,0,4,0,0,IA,CST-6, ,61139,C,71,OAX,0,0,Emergency Manager, ,12.23,880,1,W,1,S,TABOR,04/14/2012,1641,40.7514,-95.8194,40.8858,-95.6671,"A tornado touched down near Percival, Iowa and began a 12 mile long track that went through Thurman causing extensive home, vehicle and tree damage to that town.  It was estimated that at least 70 percent of the buildings in Thurman sustained damage, including 14 homes that were destroyed.  The tornado was rated at EF2.  Only minor injuries were reported in Thurman.  However, as the tornado crossed Interstate 29, four semi trucks were overturned requiring the hospitalization of four truckers, the most serious with a punctured lung.","A strong upper level system over the southern Rockies lifted northeast across the plains causing an intense surface low pressure system and attendant warm front to lift into Nebraska.  The main warm front remained either in southern Nebraska or in Kansas, and the shear and instability associated with the system produced widespread multi-cellular convection with embedded super cell thunderstorms near and north of the front.  The more surface based super cells produced several tornadoes in southeast Nebraska and southwest Iowa, while more elevated storms in northeast Nebraska produced very large hail.  In addition, areas of very heavy rain produced isolated flash and river flooding across the area.  The severe weather came in several waves, the first one came through in the afternoon with the second a little after midnight CDT.",143
371406,LINCOLN CO.,NORTH PLATTE,04/14/2012,1628,Tornado, ,EF0,0,0,0,0,NE,CST-6, ,62025,C,111,LBF,0,0,Law Enforcement, ,0.01,10,8,SSW,8,SSW,NORTH PLATTE,04/14/2012,1629,41.0351,-100.8195,41.0351,-100.8194,"A tornado briefly touched down west of Lake Maloney in open rangeland with no damage reported.","A strong low pressure system produced widespread severe weather across the central plains on April 14th.  Storms developed over central Nebraska in the late morning hours which produced large hail over portions of Garfield and Wheeler counties.  Around the middle of the afternoon, more storms developed over southwest Nebraska in the vicinity of a dry line and warm front as a surface low was placed over Keith and Perkins counties.  These storms produced very large hail, several tornadoes, numerous funnel clouds, and heavy rain.  The heaviest hit areas were across Lincoln, Logan, and Custer counties as storms continued to develop and move over these areas before finally moving east into eastern Nebraska by late evening.  Although several tornadoes occurred, they were all weak and did not produce any damage.  Damage from these storms was from large hail.",144
372598,LINCOLN CO.,NORTH PLATTE,04/14/2012,1632,Tornado, ,EF0,0,0,0,0,NE,CST-6, ,62025,C,111,LBF,0,0,Law Enforcement, ,0.47,20,5,S,4,SSW,NORTH PLATTE,04/14/2012,1635,41.0799,-100.7984,41.0867,-100.798,"A tornado was on the ground for several minutes and approached State Farm Road on the southwest side of North Platte. No damage occurred from this tornado.","A strong low pressure system produced widespread severe weather across the central plains on April 14th.  Storms developed over central Nebraska in the late morning hours which produced large hail over portions of Garfield and Wheeler counties.  Around the middle of the afternoon, more storms developed over southwest Nebraska in the vicinity of a dry line and warm front as a surface low was placed over Keith and Perkins counties.  These storms produced very large hail, several tornadoes, numerous funnel clouds, and heavy rain.  The heaviest hit areas were across Lincoln, Logan, and Custer counties as storms continued to develop and move over these areas before finally moving east into eastern Nebraska by late evening.  Although several tornadoes occurred, they were all weak and did not produce any damage.  Damage from these storms was from large hail.",145
366377,RICE CO.,LYONS,04/14/2012,1633,Tornado, ,EF2,0,0,0,0,KS,CST-6, ,61250,C,159,ICT,0,0,Emergency Manager, ,15.55,400,5,NW,8,E,GENESEO,04/14/2012,1700,38.406,-98.257,38.521,-98.01,"Gutters stripped from house and shingle damage. Five power poles snapped and launched into a wheat field. Two truck axles laying in a wheat field from an unknown vehicle. Several large tree trunks snapped and twisted. EF2 tornado rating.  Numerous large cottonwood tree trunks snapped. This tornado moved into Ellsworth county.","A significant severe weather outbreak with several damaging long track tornadoes occurred.  The strongest tornado moved through portions of central Kansas and produced EF-4 damage at one home stead.  Two other tornadoes touched down producing EF-3 damage in south central Kansas.",146
371414,LINCOLN CO.,(LBF)BIRD FLD NORTH,04/14/2012,1647,Tornado, ,EF0,0,0,0,0,NE,CST-6, ,62025,C,111,LBF,0,0,Trained Spotter, ,0.02,10,4,SW,4,SW,(LBF)BIRD FLD NORTH,04/14/2012,1647,41.093,-100.7386,41.093,-100.7386,"The tornado briefly touched down just south of the Flying J Truckstop, southeast of North Platte.  No damage occurred from this tornado.","A strong low pressure system produced widespread severe weather across the central plains on April 14th.  Storms developed over central Nebraska in the late morning hours which produced large hail over portions of Garfield and Wheeler counties.  Around the middle of the afternoon, more storms developed over southwest Nebraska in the vicinity of a dry line and warm front as a surface low was placed over Keith and Perkins counties.  These storms produced very large hail, several tornadoes, numerous funnel clouds, and heavy rain.  The heaviest hit areas were across Lincoln, Logan, and Custer counties as storms continued to develop and move over these areas before finally moving east into eastern Nebraska by late evening.  Although several tornadoes occurred, they were all weak and did not produce any damage.  Damage from these storms was from large hail.",147
366383,ELLSWORTH CO.,KANAPOLIS RES,04/14/2012,1700,Tornado, ,EF4,0,0,0,0,KS,CST-6, ,61250,C,53,ICT,0,0,Amateur Radio, ,6.31,400,9,S,7,SE,KANAPOLIS RES,04/14/2012,1709,38.523,-98.008,38.588,-97.926,"Tornado scoured and dug out a section gravel road about 4 to 5 inches deep. Home was swept off foundation and destroyed with small stair case remaining in center. Debris from home was tossed into adjacent tree line to the northeast. Numerous trees around the house were snapped and shredded. Some trees were also debarked from the intense wind speeds. Car was flipped and tossed upside down.  This tornado moved into McPherson County.","A significant severe weather outbreak with several damaging long track tornadoes occurred.  The strongest tornado moved through portions of central Kansas and produced EF-4 damage at one home stead.  Two other tornadoes touched down producing EF-3 damage in south central Kansas.",148
366401,MCPHERSON CO.,MARQUETTE,04/14/2012,1709,Tornado, ,EF0,0,0,0,0,KS,CST-6, ,61250,C,113,ICT,0,0,Emergency Manager, ,1.67,400,6,WNW,6,NW,MARQUETTE,04/14/2012,1713,38.591,-97.923,38.608,-97.901,"Large tornado moved across open country and only damaged trees. This tornado moved into Saline County.","A significant severe weather outbreak with several damaging long track tornadoes occurred.  The strongest tornado moved through portions of central Kansas and produced EF-4 damage at one home stead.  Two other tornadoes touched down producing EF-3 damage in south central Kansas.",149
366402,SALINE CO.,FALUN,04/14/2012,1713,Tornado, ,EF2,0,0,0,0,KS,CST-6, ,61250,C,169,ICT,0,0,Trained Spotter, ,26.75,400,9,WSW,7,NE,HEDVILLE,04/14/2012,1736,38.612,-97.898,38.9469,-97.6801,"Major damage to large trees along the path and to a farm house near Smolan.","A significant severe weather outbreak with several damaging long track tornadoes occurred.  The strongest tornado moved through portions of central Kansas and produced EF-4 damage at one home stead.  Two other tornadoes touched down producing EF-3 damage in south central Kansas.",150
378786,WOODWARD CO.,MOORELAND,04/14/2012,1715,Tornado, ,EF0,0,0,0,0,OK,CST-6, ,62013,C,153,OUN,0,0,Storm Chaser, ,0.2,30,8,NE,8,NE,MOORELAND,04/14/2012,1715,36.5219,-99.1082,36.5219,-99.1082,"No known damage occurred with the tornado and the location is estimated.","A severe weather outbreak occurred on the afternoon and evening of Saturday April 14th, 2012 across Kansas and northwest Oklahoma. Multiple tornadoes, including a few that were strong, very large hail and damaging winds accompanied the supercells that formed through the afternoon and evening. Over a dozen tornadoes occurred in northwest Oklahoma in addition to the numerous tornadoes in Kansas.||Much of Oklahoma remained under clear skies for the afternoon, which coupled with plentiful moisture allowed very strong instability to develop. A dryline stretched from western Kansas into northwest and western Oklahoma through the afternoon hours. Thunderstorms ignited off the dryline in the early afternoon, with the first severe weather reports around 230pm. The first tornado was not reported until nearly 4pm as low level wind shear increased gradually. The tornado reports continued through nearly 1am with the tornado that impacted Woodward, OK the last tornado of the evening.||With the first supercells firing around 2 PM, many dropped large hail, some as large as 3 inches in diameter. Many brief tornado touchdowns were reported as well, with the initial reports north of Woodward, OK. Additional supercells developed through the afternoon with a prominent tornadic supercell developing near Waynoka, Oklahoma. This supercell produced multiple tornadoes near Cherokee and continued moving to the northeast. One tornado with this supercell produced damage to a cemetery west of Byron. Fortunately, many of the tornadoes from this thunderstorm remained over mainly rural areas in Waynoka, Woods and Alfalfa counties.||Another tornadic supercell developed southwest of Woodward before midnight and tracked toward Woodward. The Woodward tornado began around 1150 PM roughly 3 miles northeast of Arnett and moved northeast into Woodward county. The southwest city limits of Woodward were impacted near 1218 AM on Sunday April 15th, 2012 and the tornado finally exited the north-northwest side of Woodward around 1223 AM. The tornado dissipated shortly afterward, 4 miles north of Woodward. Sadly, 6 fatalities were reported with the tornado that impacted Woodward.",151
369741,HARLAN CO.,OXFORD,04/14/2012,1716,Tornado, ,EF0,0,0,75000,0,NE,CST-6, ,61560,C,83,GID,0,0,Storm Chaser, ,0.81,40,4,NNE,4,NNE,OXFORD,04/14/2012,1719,40.2995,-99.6162,40.3096,-99.6084,"This tornado touched down approximately 4 miles north-northeast of Oxford, crossing Highway 6 before dissipating approximately 5 miles north-northeast of Oxford.  The only damage noted with this tornado was the destruction of a grain bin near Highway 6.  The maximum wind speed was estimated at 65 mph.","Multiple rounds of severe thunderstorms pounded parts of the 24-county area on this Saturday, resulting in numerous reports of large hail and damaging winds along with four brief EF0 tornadoes. However, considering that the entire area spent the day under its only High Risk convective outlook of the spring from the Storm Prediction Center, the situation could have been worse. No injuries were reported in South Central Nebraska, and all significant, long-track tornadoes in the region remained to the south across central and southern Kansas and northern Oklahoma. Locally, most severe weather targeted counties between Interstate 80 and the Kansas border. The first three brief tornadoes occurred between 2-3 PM CDT in Nuckolls and Thayer Counties, as a rain-wrapped supercell tracked out of northern Kansas. One of these tornadoes struck a farm just north of Alexandria, where a grain bin was toppled and a roof torn off a shed. A few hours later, the final and most-photographed tornado of the day touched down shortly after 6 PM CDT in Harlan County northeast of Oxford and crossed Highway 6, destroying a grain bin along the way. ||During this prolonged event, severe thunderstorms affected parts of the area for roughly 13 hours, mainly between 1030 AM and 1130 PM CDT. The first round of severe weather focused across northern portions of the area during the late morning as an elevated supercell tracked across parts of Sherman, Valley and Greeley Counties. This storm was a prolific hail producer, with hail of at least 2 inches in diameter causing considerable damage to homes and vehicles, especially north and west of Spalding. As these early storms exited to the northeast, the focus shifted south to near the Kansas border, as the next cluster of more-surface-based severe storms with embedded tornadic circulations lifted through primarily Nuckolls, Thayer and Fillmore Counties between 1-4 PM CDT. After a brief lull, a few more supercells fired up farther west around 5 PM CDT, with one of these storms producing the tornado near Oxford before weakening as it tracked northeast toward Kearney. Yet again, a brief lull ensued, before numerous severe thunderstorms flared up mainly south of Interstate 80 during the 830-1130 PM CDT time frame. Although these storms were not tornadic, multiple hail and wind reports included baseball size hail near Glenvil, golf ball size hail near Edison and McCool Junction and estimated 70 MPH winds and toppled irrigation center pivots near Campbell and east of Clay Center. Finally, between 1130 PM and 2 AM CDT, the remaining storms gradually weakened and exited the area to the east. ||Although significant flooding was not an issue, most areas southeast of a line from Osceola to Franklin measured at least 1-2 inches of rain, with 2-3 inch amounts most concentrated within Nuckolls, Thayer and Fillmore Counties, including a 3.70-inch total just west of Tobias along the Fillmore and Saline County line. ||This long-lasting severe weather outbreak was driven by a classic synoptic setup, as a powerful mid-upper level trough approached the Central Plains from the Four Corners region, featuring a 300 millibar jet streak in excess of 110 knots. At the surface, low pressure deepened over the course of the day, registering around 992 millibars by early evening over northwest Kansas. A well-defined warm front extended east from this low across South Central Nebraska, as a sharpening dryline took shape along a line from southwest Nebraska to far western Oklahoma. With a strengthening and veering wind profile with height, shear parameters were quite supportive of significant severe weather. Around the time of the late afternoon tornado near Oxford, mesoscale severe weather parameters included around 1500 J/Kg mixed layer CAPE, 60-70 knots of deep layer vertical wind shear and 30-40 knots of surface-to-1 kilometer low level vertical shear. In addition, surface-to-1 kilometer storm relative helicity increased into at least the 300-500 m2/s2 range during the late afternoon and evening hours, promoting a volatile environment for potentially strong, long-track tornadoes. Fortunately for South Central Nebraska, the sheer number of storms along with resultant storm-scale interference likely mitigated what could have been a more significant tornado event. ||On a regional and even national level, this was one of the most anticipated and well-advertised Central Plains tornado outbreaks ever. Although the majority of South Central Nebraska was not in a High Risk outlook from the Storm Prediction Center until the early morning hours of the 14th, parts of Kansas and Oklahoma were placed under a High Risk early on the 13th, marking the first time SPC ever issued a High Risk forecast so far in advance.",152
367575,KINGMAN CO.,ZENDA,04/14/2012,1730,Tornado, ,EF0,0,0,0,0,KS,CST-6, ,61250,C,95,ICT,0,0,Trained Spotter, ,1.29,50,6,N,7,N,ZENDA,04/14/2012,1731,37.53,-98.29,37.5446,-98.2755,"The tornado was observed in open country.","A significant severe weather outbreak with several damaging long track tornadoes occurred.  The strongest tornado moved through portions of central Kansas and produced EF-4 damage at one home stead.  Two other tornadoes touched down producing EF-3 damage in south central Kansas.",153
371415,LINCOLN CO.,WELLFLEET,04/14/2012,1736,Tornado, ,EF0,0,0,0,0,NE,CST-6, ,62025,C,111,LBF,0,0,Law Enforcement, ,15.14,20,7,NW,13,SW,BRADY,04/14/2012,1759,40.8377,-100.8094,40.8907,-100.5282,"The tornado was on the ground for 23 minutes and traveled northeast for 15 miles lifting intermittently while moving across open rangeland and cropland.","A strong low pressure system produced widespread severe weather across the central plains on April 14th.  Storms developed over central Nebraska in the late morning hours which produced large hail over portions of Garfield and Wheeler counties.  Around the middle of the afternoon, more storms developed over southwest Nebraska in the vicinity of a dry line and warm front as a surface low was placed over Keith and Perkins counties.  These storms produced very large hail, several tornadoes, numerous funnel clouds, and heavy rain.  The heaviest hit areas were across Lincoln, Logan, and Custer counties as storms continued to develop and move over these areas before finally moving east into eastern Nebraska by late evening.  Although several tornadoes occurred, they were all weak and did not produce any damage.  Damage from these storms was from large hail.",154
366403,SALINE CO.,NEW CAMBRIA,04/14/2012,1750,Tornado, ,EF0,0,0,0,0,KS,CST-6, ,61250,C,169,ICT,0,0,Trained Spotter, ,0.64,50,0,W,1,N,NEW CAMBRIA,04/14/2012,1751,38.88,-97.502,38.889,-97.499,"Very brief touchdown in open country.","A significant severe weather outbreak with several damaging long track tornadoes occurred.  The strongest tornado moved through portions of central Kansas and produced EF-4 damage at one home stead.  Two other tornadoes touched down producing EF-3 damage in south central Kansas.",155
378752,WOODWARD CO.,MOORELAND,04/14/2012,1750,Tornado, ,EF0,0,0,0,0,OK,CST-6, ,62013,C,153,OUN,0,0,Storm Chaser, ,0.1,20,7,ESE,7,ESE,MOORELAND,04/14/2012,1750,36.4012,-99.0937,36.4012,-99.0937,"The tornado produced no known damage and the location is estimated.","A severe weather outbreak occurred on the afternoon and evening of Saturday April 14th, 2012 across Kansas and northwest Oklahoma. Multiple tornadoes, including a few that were strong, very large hail and damaging winds accompanied the supercells that formed through the afternoon and evening. Over a dozen tornadoes occurred in northwest Oklahoma in addition to the numerous tornadoes in Kansas.||Much of Oklahoma remained under clear skies for the afternoon, which coupled with plentiful moisture allowed very strong instability to develop. A dryline stretched from western Kansas into northwest and western Oklahoma through the afternoon hours. Thunderstorms ignited off the dryline in the early afternoon, with the first severe weather reports around 230pm. The first tornado was not reported until nearly 4pm as low level wind shear increased gradually. The tornado reports continued through nearly 1am with the tornado that impacted Woodward, OK the last tornado of the evening.||With the first supercells firing around 2 PM, many dropped large hail, some as large as 3 inches in diameter. Many brief tornado touchdowns were reported as well, with the initial reports north of Woodward, OK. Additional supercells developed through the afternoon with a prominent tornadic supercell developing near Waynoka, Oklahoma. This supercell produced multiple tornadoes near Cherokee and continued moving to the northeast. One tornado with this supercell produced damage to a cemetery west of Byron. Fortunately, many of the tornadoes from this thunderstorm remained over mainly rural areas in Waynoka, Woods and Alfalfa counties.||Another tornadic supercell developed southwest of Woodward before midnight and tracked toward Woodward. The Woodward tornado began around 1150 PM roughly 3 miles northeast of Arnett and moved northeast into Woodward county. The southwest city limits of Woodward were impacted near 1218 AM on Sunday April 15th, 2012 and the tornado finally exited the north-northwest side of Woodward around 1223 AM. The tornado dissipated shortly afterward, 4 miles north of Woodward. Sadly, 6 fatalities were reported with the tornado that impacted Woodward.",156
378753,WOODWARD CO.,MOORELAND,04/14/2012,1751,Tornado, ,EF0,0,0,0,0,OK,CST-6, ,62013,C,153,OUN,0,0,Storm Chaser, ,0.2,50,13,ENE,13,ENE,MOORELAND,04/14/2012,1751,36.512,-98.9938,36.512,-98.9938,"The multiple-vortex tornado was brief and produced no known damage. The location is estimated.","A severe weather outbreak occurred on the afternoon and evening of Saturday April 14th, 2012 across Kansas and northwest Oklahoma. Multiple tornadoes, including a few that were strong, very large hail and damaging winds accompanied the supercells that formed through the afternoon and evening. Over a dozen tornadoes occurred in northwest Oklahoma in addition to the numerous tornadoes in Kansas.||Much of Oklahoma remained under clear skies for the afternoon, which coupled with plentiful moisture allowed very strong instability to develop. A dryline stretched from western Kansas into northwest and western Oklahoma through the afternoon hours. Thunderstorms ignited off the dryline in the early afternoon, with the first severe weather reports around 230pm. The first tornado was not reported until nearly 4pm as low level wind shear increased gradually. The tornado reports continued through nearly 1am with the tornado that impacted Woodward, OK the last tornado of the evening.||With the first supercells firing around 2 PM, many dropped large hail, some as large as 3 inches in diameter. Many brief tornado touchdowns were reported as well, with the initial reports north of Woodward, OK. Additional supercells developed through the afternoon with a prominent tornadic supercell developing near Waynoka, Oklahoma. This supercell produced multiple tornadoes near Cherokee and continued moving to the northeast. One tornado with this supercell produced damage to a cemetery west of Byron. Fortunately, many of the tornadoes from this thunderstorm remained over mainly rural areas in Waynoka, Woods and Alfalfa counties.||Another tornadic supercell developed southwest of Woodward before midnight and tracked toward Woodward. The Woodward tornado began around 1150 PM roughly 3 miles northeast of Arnett and moved northeast into Woodward county. The southwest city limits of Woodward were impacted near 1218 AM on Sunday April 15th, 2012 and the tornado finally exited the north-northwest side of Woodward around 1223 AM. The tornado dissipated shortly afterward, 4 miles north of Woodward. Sadly, 6 fatalities were reported with the tornado that impacted Woodward.",157
366995,ADAMS CO.,STRINGTOWN,04/14/2012,1752,Tornado, ,EF1,0,0,50000,0,IA,CST-6, ,61104,C,3,DMX,0,0,NWS Storm Survey, ,0.54,75,6,NE,7,NE,STRINGTOWN,04/14/2012,1753,41.027,-94.4806,41.0303,-94.4712,"Tornado developed about one half mile west of the Adams/Union county line in Adams county.  The tornado did EF1 damage to a farmstead shortly after developing.  Shortly thereafter, the tornado continued into Union county.","The first significant severe weather outbreak of the season took place during the afternoon and evening of the 14th with all modes of severe weather taking place.  An upper level low pressure lifted northeast out of the southwest U.S.  The upper level center, as well as the surface low, passed northwest of Iowa, across southeast South Dakota into Minnesota.  Severe weather developed north of the warm front as it lifted north into Iowa.  A cluster of severe storms formed over northeast Kansas and southeast Nebraska.  These storms moved east-northeast along the warm front into Iowa, causing a considerable amount of severe weather.  Severe weather parameters were fairly strong, however the dynamics of a 100 kt mid level jet and 60 kt low level jet made up the difference.  Just prior to the storm development, CAPE values were around 4000 J/kg south of the development.  Helicity was high, in the 300 to 500 range.  There was a large amount of effective shear with 50 to 65 kts available.  CAPE in the -10 to -30 layer of the atmosphere was in the 200 to 400 J/kg range, while downdraft CAPE was 600 to 800 J/kg.  Plenty of low level moisture was drawn into the state on the strong low level jet.  Precipitable water vales rose to 1.25 inches quite rapidly.  The LCL level was relatively high, but given the dynmics was relatively easy to overcome.  The LCL was just under 1000 meters at the beginning of the event.  There were three tornadoes reported during the event.  One was northwest of the Creston area in Union County.  The most significant tornado caused high end EF2 damage to the far northwest corner of Creston. This tornado formed southwest of Cromwell at 1752 CST in Adams county and quickly tracked into northwest Creston around 1800 CST. EF2 damage occurred to the Greater Regional Medical Center and the Southwestern Community College campus. The tornado continued tracking to the northeast and damaged several farmsteads northeast of Creston before dissipating about 10 miles northeast of town at approximately 1815 CST.  The wind strength was estimated to be 130 MPH. Significant damage occurred with uninsured damage alone near $2,000,000.  A tornado touched down in Warren County east of New Virginia.  The tornado caused damage to farm buildings and campers with a considerable amount of sheet metal left lying around.  The EF1 tornado produced winds around 100 MPH.  Many of the thunderstorms brought with them high winds and hail.  The final tornado touched down in Mahaska County.  The tornado was an EF1 tornado with a broad and intense rear flank downdraft south of the track.  The AWOS site at the Oskaloosa airport in Mahaska County recorded a 97 MPH wind gust from the rear flank downdraft of the storm. Reports from the Emergency Manager indicated that damage at the airport was limited to two hangar doors and some damage to airport buildings.  There were no planes on the field at the time. Numerous reports of hail larger than quarter size were received.  Some of the larger hail included baseball size hail in Clarke County at Murray and numerous reports of golf ball size hail along the track of the severe cluster from Union County to Mahaska County.  The same cluster of storms also produced very strong winds along its path.  Numerous reports of 60 to 70 MPH winds were received all along the path.  Numerous reports of tree and power line damage were received.  The Des Moines metro area was hard hit with winds of up to 65 MPH causing considerable tree damage.  At one time, 20,000 customers were reported without power.  In Marion County a garage was destroyed and a house significantly damaged by the wind east of Knoxville.   The storms also produced very heavy rainfall.  Rainfall of 2 to 4 inches was reported at several locations.  At the Des Moines International Airport, 1.10 inches of rain fell between 1630 and 1637 CST.  This amount of rainfall in that short of period of time was a 100 year event.  Fortunately it had been quite dry across the state, limiting the flash flood potential.  Flash flooding was reported in Polk, Cass, and Madison Counties.  Water was reported flowing one to two feet deep.  Numerous reports were also received of street flooding and significant ponding.",158
365281,UNION CO.,CROMWELL,04/14/2012,1753,Tornado, ,EF2,0,2,5000000,0,IA,CST-6, ,61104,C,175,DMX,0,0,NWS Storm Survey, ,16.05,800,0,WNW,7,W,LORIMOR,04/14/2012,1819,41.0303,-94.4712,41.1419,-94.201,"This tornado continued in from Adams county.  NWS storm survey confirmed a strong EF2 tornado.  It entered Union county just southwest of Cromwell and tracked east-northeast through the far northwest portion of Creston.  The Greater Regional Medical Center and Southwest Community College sustained EF2 damage with the worst occurring to the Green Hills Education Center.  The tornado continued tracking northeast and damaged a few farmsteads northeast of Creston.","The first significant severe weather outbreak of the season took place during the afternoon and evening of the 14th with all modes of severe weather taking place.  An upper level low pressure lifted northeast out of the southwest U.S.  The upper level center, as well as the surface low, passed northwest of Iowa, across southeast South Dakota into Minnesota.  Severe weather developed north of the warm front as it lifted north into Iowa.  A cluster of severe storms formed over northeast Kansas and southeast Nebraska.  These storms moved east-northeast along the warm front into Iowa, causing a considerable amount of severe weather.  Severe weather parameters were fairly strong, however the dynamics of a 100 kt mid level jet and 60 kt low level jet made up the difference.  Just prior to the storm development, CAPE values were around 4000 J/kg south of the development.  Helicity was high, in the 300 to 500 range.  There was a large amount of effective shear with 50 to 65 kts available.  CAPE in the -10 to -30 layer of the atmosphere was in the 200 to 400 J/kg range, while downdraft CAPE was 600 to 800 J/kg.  Plenty of low level moisture was drawn into the state on the strong low level jet.  Precipitable water vales rose to 1.25 inches quite rapidly.  The LCL level was relatively high, but given the dynmics was relatively easy to overcome.  The LCL was just under 1000 meters at the beginning of the event.  There were three tornadoes reported during the event.  One was northwest of the Creston area in Union County.  The most significant tornado caused high end EF2 damage to the far northwest corner of Creston. This tornado formed southwest of Cromwell at 1752 CST in Adams county and quickly tracked into northwest Creston around 1800 CST. EF2 damage occurred to the Greater Regional Medical Center and the Southwestern Community College campus. The tornado continued tracking to the northeast and damaged several farmsteads northeast of Creston before dissipating about 10 miles northeast of town at approximately 1815 CST.  The wind strength was estimated to be 130 MPH. Significant damage occurred with uninsured damage alone near $2,000,000.  A tornado touched down in Warren County east of New Virginia.  The tornado caused damage to farm buildings and campers with a considerable amount of sheet metal left lying around.  The EF1 tornado produced winds around 100 MPH.  Many of the thunderstorms brought with them high winds and hail.  The final tornado touched down in Mahaska County.  The tornado was an EF1 tornado with a broad and intense rear flank downdraft south of the track.  The AWOS site at the Oskaloosa airport in Mahaska County recorded a 97 MPH wind gust from the rear flank downdraft of the storm. Reports from the Emergency Manager indicated that damage at the airport was limited to two hangar doors and some damage to airport buildings.  There were no planes on the field at the time. Numerous reports of hail larger than quarter size were received.  Some of the larger hail included baseball size hail in Clarke County at Murray and numerous reports of golf ball size hail along the track of the severe cluster from Union County to Mahaska County.  The same cluster of storms also produced very strong winds along its path.  Numerous reports of 60 to 70 MPH winds were received all along the path.  Numerous reports of tree and power line damage were received.  The Des Moines metro area was hard hit with winds of up to 65 MPH causing considerable tree damage.  At one time, 20,000 customers were reported without power.  In Marion County a garage was destroyed and a house significantly damaged by the wind east of Knoxville.   The storms also produced very heavy rainfall.  Rainfall of 2 to 4 inches was reported at several locations.  At the Des Moines International Airport, 1.10 inches of rain fell between 1630 and 1637 CST.  This amount of rainfall in that short of period of time was a 100 year event.  Fortunately it had been quite dry across the state, limiting the flash flood potential.  Flash flooding was reported in Polk, Cass, and Madison Counties.  Water was reported flowing one to two feet deep.  Numerous reports were also received of street flooding and significant ponding.",159
366406,KINGMAN CO.,KINGMAN MUNI ARPT,04/14/2012,1755,Tornado, ,EF0,0,0,0,0,KS,CST-6, ,61250,C,95,ICT,0,0,Storm Chaser, ,0.24,50,1,NNE,2,NNE,KINGMAN MUNI ARPT,04/14/2012,1756,37.69,-98.11,37.6931,-98.108,"Brief touchdown in open country.","A significant severe weather outbreak with several damaging long track tornadoes occurred.  The strongest tornado moved through portions of central Kansas and produced EF-4 damage at one home stead.  Two other tornadoes touched down producing EF-3 damage in south central Kansas.",160
366405,SALINE CO.,NEW CAMBRIA,04/14/2012,1755,Tornado, ,EF1,0,0,0,0,KS,CST-6, ,61250,C,169,ICT,0,0,Trained Spotter, ,6.09,100,1,N,7,NE,NEW CAMBRIA,04/14/2012,1805,38.892,-97.502,38.958,-97.427,"All surrounding buildings destroyed with sheet metal debris lofted and tossed northeast into a wheat field. Hay baler rolled over on its side. The roof was lifted off the house with major structural cracks visible on interior walls and ceiling through out the house, siding was striped from home in a few areas along with several puncture holes from flying debris. A jagged piece of wood lodged into side of home. This tornado moved into Ottawa county which is Topeka's responsibility.","A significant severe weather outbreak with several damaging long track tornadoes occurred.  The strongest tornado moved through portions of central Kansas and produced EF-4 damage at one home stead.  Two other tornadoes touched down producing EF-3 damage in south central Kansas.",161
379740,MAJOR CO.,BOUSE JUNCTION,04/14/2012,1801,Tornado, ,EF0,0,0,0,0,OK,CST-6, ,62013,C,93,OUN,0,0,Storm Chaser, ,0.1,30,4,NW,4,NW,BOUSE JUNCTION,04/14/2012,1801,36.4609,-98.9409,36.4609,-98.9409,"Storm chasers reported a brief tornado that is estimated to have occurred about 4 miles northwest of Bouse Junction (the junction of US Highways 281 and 412.) This tornado produced no known damage.","A severe weather outbreak occurred on the afternoon and evening of Saturday April 14th, 2012 across Kansas and northwest Oklahoma. Multiple tornadoes, including a few that were strong, very large hail and damaging winds accompanied the supercells that formed through the afternoon and evening. Over a dozen tornadoes occurred in northwest Oklahoma in addition to the numerous tornadoes in Kansas.||Much of Oklahoma remained under clear skies for the afternoon, which coupled with plentiful moisture allowed very strong instability to develop. A dryline stretched from western Kansas into northwest and western Oklahoma through the afternoon hours. Thunderstorms ignited off the dryline in the early afternoon, with the first severe weather reports around 230pm. The first tornado was not reported until nearly 4pm as low level wind shear increased gradually. The tornado reports continued through nearly 1am with the tornado that impacted Woodward, OK the last tornado of the evening.||With the first supercells firing around 2 PM, many dropped large hail, some as large as 3 inches in diameter. Many brief tornado touchdowns were reported as well, with the initial reports north of Woodward, OK. Additional supercells developed through the afternoon with a prominent tornadic supercell developing near Waynoka, Oklahoma. This supercell produced multiple tornadoes near Cherokee and continued moving to the northeast. One tornado with this supercell produced damage to a cemetery west of Byron. Fortunately, many of the tornadoes from this thunderstorm remained over mainly rural areas in Waynoka, Woods and Alfalfa counties.||Another tornadic supercell developed southwest of Woodward before midnight and tracked toward Woodward. The Woodward tornado began around 1150 PM roughly 3 miles northeast of Arnett and moved northeast into Woodward county. The southwest city limits of Woodward were impacted near 1218 AM on Sunday April 15th, 2012 and the tornado finally exited the north-northwest side of Woodward around 1223 AM. The tornado dissipated shortly afterward, 4 miles north of Woodward. Sadly, 6 fatalities were reported with the tornado that impacted Woodward.",162
365423,OTTAWA CO.,NILES,04/14/2012,1805,Tornado, ,EF1,0,0,10000,0,KS,CST-6, ,61108,C,143,TOP,0,0,Storm Chaser, ,7.67,100,2,ESE,5,SSE,VINE CREEK,04/14/2012,1817,38.9581,-97.4283,39.0593,-97.3681,"Numerous reports of a well formed stove-pipe tornado were received as the storm crossed the Saline/Ottawa County line.  The storm was also watched on live TV at the office via storm chaser cameras.  The tornado was very well formed and was likely very strong; however, it did not impact many structures so the subsequent rating was EF-1.  The extent of the damage was to a gas transfer station along K-18 near Solomon Road in rural Ottawa County.  Near the station some power poles were snapped and laying across the roadway.  Aside from the gas transfer station a few farmsteads were impacted, with the main damage being some damaged outbuildings. The tornado crossed the Ottawa/Dickinson County line near Barn Road and 3200 Road, and eventually dissipated in an open field in near Manchester.","A volatile environment developed across Kansas that featured extremely strong wind shear and sufficient buoyancy (called convective energy) to allow supercell thunderstorms to develop ahead of a dry line across central Kansas.  The supercells produced strong to violent tornadoes across central Kansas and tracked into parts of the NWS Topeka county warning area during the evening.  A handful of tornadoes were reported along with some large hail reports with the most numerous reports of large hail occurring after midnight.",163
378759,MAJOR CO.,BOUSE JUNCTION,04/14/2012,1806,Tornado, ,EF0,0,0,0,0,OK,CST-6, ,62013,C,93,OUN,0,0,Storm Chaser, ,3.9,150,4,NNW,6,NNE,BOUSE JUNCTION,04/14/2012,1814,36.4735,-98.9175,36.506,-98.86,"Numerous storm chasers observed this tornado which produced no known damage as it moved northeast into Woods county. The location is estimated.","A severe weather outbreak occurred on the afternoon and evening of Saturday April 14th, 2012 across Kansas and northwest Oklahoma. Multiple tornadoes, including a few that were strong, very large hail and damaging winds accompanied the supercells that formed through the afternoon and evening. Over a dozen tornadoes occurred in northwest Oklahoma in addition to the numerous tornadoes in Kansas.||Much of Oklahoma remained under clear skies for the afternoon, which coupled with plentiful moisture allowed very strong instability to develop. A dryline stretched from western Kansas into northwest and western Oklahoma through the afternoon hours. Thunderstorms ignited off the dryline in the early afternoon, with the first severe weather reports around 230pm. The first tornado was not reported until nearly 4pm as low level wind shear increased gradually. The tornado reports continued through nearly 1am with the tornado that impacted Woodward, OK the last tornado of the evening.||With the first supercells firing around 2 PM, many dropped large hail, some as large as 3 inches in diameter. Many brief tornado touchdowns were reported as well, with the initial reports north of Woodward, OK. Additional supercells developed through the afternoon with a prominent tornadic supercell developing near Waynoka, Oklahoma. This supercell produced multiple tornadoes near Cherokee and continued moving to the northeast. One tornado with this supercell produced damage to a cemetery west of Byron. Fortunately, many of the tornadoes from this thunderstorm remained over mainly rural areas in Waynoka, Woods and Alfalfa counties.||Another tornadic supercell developed southwest of Woodward before midnight and tracked toward Woodward. The Woodward tornado began around 1150 PM roughly 3 miles northeast of Arnett and moved northeast into Woodward county. The southwest city limits of Woodward were impacted near 1218 AM on Sunday April 15th, 2012 and the tornado finally exited the north-northwest side of Woodward around 1223 AM. The tornado dissipated shortly afterward, 4 miles north of Woodward. Sadly, 6 fatalities were reported with the tornado that impacted Woodward.",164
366407,RENO CO.,PRETTY PRAIRIE,04/14/2012,1810,Tornado, ,EF0,0,0,0,0,KS,CST-6, ,61250,C,155,ICT,0,0,Storm Chaser, ,0.34,50,2,N,2,N,PRETTY PRAIRIE,04/14/2012,1811,37.81,-98.02,37.8143,-98.0169,"Brief touchdown in open country.","A significant severe weather outbreak with several damaging long track tornadoes occurred.  The strongest tornado moved through portions of central Kansas and produced EF-4 damage at one home stead.  Two other tornadoes touched down producing EF-3 damage in south central Kansas.",165
378790,WOODS CO.,WAYNOKA,04/14/2012,1814,Tornado, ,EF1,0,0,0,0,OK,CST-6, ,62013,C,151,OUN,0,0,Broadcast Media, ,3.3,150,6,S,5,SE,WAYNOKA,04/14/2012,1820,36.506,-98.86,36.5388,-98.8163,"The tornado moved from Major County into Woods County south and southeast of Waynoka. As the tornado was in the process of dissipating, it damaged equipment at an oil field southeast of Waynoka starting a fire.","A severe weather outbreak occurred on the afternoon and evening of Saturday April 14th, 2012 across Kansas and northwest Oklahoma. Multiple tornadoes, including a few that were strong, very large hail and damaging winds accompanied the supercells that formed through the afternoon and evening. Over a dozen tornadoes occurred in northwest Oklahoma in addition to the numerous tornadoes in Kansas.||Much of Oklahoma remained under clear skies for the afternoon, which coupled with plentiful moisture allowed very strong instability to develop. A dryline stretched from western Kansas into northwest and western Oklahoma through the afternoon hours. Thunderstorms ignited off the dryline in the early afternoon, with the first severe weather reports around 230pm. The first tornado was not reported until nearly 4pm as low level wind shear increased gradually. The tornado reports continued through nearly 1am with the tornado that impacted Woodward, OK the last tornado of the evening.||With the first supercells firing around 2 PM, many dropped large hail, some as large as 3 inches in diameter. Many brief tornado touchdowns were reported as well, with the initial reports north of Woodward, OK. Additional supercells developed through the afternoon with a prominent tornadic supercell developing near Waynoka, Oklahoma. This supercell produced multiple tornadoes near Cherokee and continued moving to the northeast. One tornado with this supercell produced damage to a cemetery west of Byron. Fortunately, many of the tornadoes from this thunderstorm remained over mainly rural areas in Waynoka, Woods and Alfalfa counties.||Another tornadic supercell developed southwest of Woodward before midnight and tracked toward Woodward. The Woodward tornado began around 1150 PM roughly 3 miles northeast of Arnett and moved northeast into Woodward county. The southwest city limits of Woodward were impacted near 1218 AM on Sunday April 15th, 2012 and the tornado finally exited the north-northwest side of Woodward around 1223 AM. The tornado dissipated shortly afterward, 4 miles north of Woodward. Sadly, 6 fatalities were reported with the tornado that impacted Woodward.",166
365425,DICKINSON CO.,MANCHESTER,04/14/2012,1817,Tornado, ,EF1,0,0,0,0,KS,CST-6, ,61108,C,41,TOP,0,0,Storm Chaser, ,2.03,100,4,SW,2,SSW,MANCHESTER,04/14/2012,1820,39.0593,-97.3653,39.07,-97.33,"This is a continuation of the tornado track through Ottawa County.  Numerous reports of a well formed stove-pipe tornado were received as the storm crossed the Saline/Ottawa County line. The storm was also watched on live TV at the office via storm chaser cameras. The tornado was very well formed and was likely very strong; however, it did not impact many structures so the subsequent rating was EF-1. The extent of the damage was to a gas transfer station along K-18 near Solomon Road in rural Ottawa County. Near the station some power poles were snapped and laying across the roadway. Aside from the gas transfer station a few farmsteads were impacted, with the main damage being some damaged outbuildings. The tornado crossed the Ottawa/Dickinson County line near Barn Road and 3200 Road, and eventually dissipated in an open field in near Manchester.","A volatile environment developed across Kansas that featured extremely strong wind shear and sufficient buoyancy (called convective energy) to allow supercell thunderstorms to develop ahead of a dry line across central Kansas.  The supercells produced strong to violent tornadoes across central Kansas and tracked into parts of the NWS Topeka county warning area during the evening.  A handful of tornadoes were reported along with some large hail reports with the most numerous reports of large hail occurring after midnight.",167
378760,WOODS CO.,WAYNOKA,04/14/2012,1819,Tornado, ,EF0,0,0,0,0,OK,CST-6, ,62013,C,151,OUN,0,0,Storm Chaser, ,1,75,4,SE,4,SE,WAYNOKA,04/14/2012,1821,36.5491,-98.829,36.5491,-98.829,"The tornado developed just northwest and west of the tornado that moved into Woods County from Major County. It produced no known damage and the location is estimated.","A severe weather outbreak occurred on the afternoon and evening of Saturday April 14th, 2012 across Kansas and northwest Oklahoma. Multiple tornadoes, including a few that were strong, very large hail and damaging winds accompanied the supercells that formed through the afternoon and evening. Over a dozen tornadoes occurred in northwest Oklahoma in addition to the numerous tornadoes in Kansas.||Much of Oklahoma remained under clear skies for the afternoon, which coupled with plentiful moisture allowed very strong instability to develop. A dryline stretched from western Kansas into northwest and western Oklahoma through the afternoon hours. Thunderstorms ignited off the dryline in the early afternoon, with the first severe weather reports around 230pm. The first tornado was not reported until nearly 4pm as low level wind shear increased gradually. The tornado reports continued through nearly 1am with the tornado that impacted Woodward, OK the last tornado of the evening.||With the first supercells firing around 2 PM, many dropped large hail, some as large as 3 inches in diameter. Many brief tornado touchdowns were reported as well, with the initial reports north of Woodward, OK. Additional supercells developed through the afternoon with a prominent tornadic supercell developing near Waynoka, Oklahoma. This supercell produced multiple tornadoes near Cherokee and continued moving to the northeast. One tornado with this supercell produced damage to a cemetery west of Byron. Fortunately, many of the tornadoes from this thunderstorm remained over mainly rural areas in Waynoka, Woods and Alfalfa counties.||Another tornadic supercell developed southwest of Woodward before midnight and tracked toward Woodward. The Woodward tornado began around 1150 PM roughly 3 miles northeast of Arnett and moved northeast into Woodward county. The southwest city limits of Woodward were impacted near 1218 AM on Sunday April 15th, 2012 and the tornado finally exited the north-northwest side of Woodward around 1223 AM. The tornado dissipated shortly afterward, 4 miles north of Woodward. Sadly, 6 fatalities were reported with the tornado that impacted Woodward.",168
378766,WOODS CO.,WAYNOKA,04/14/2012,1830,Tornado, ,EF0,0,0,0,0,OK,CST-6, ,62013,C,151,OUN,0,0,Storm Chaser, ,9,400,10,E,2,NE,HOPETON,04/14/2012,1846,36.59,-98.6997,36.7105,-98.6445,"Numerous chasers observed this tornado that moved from approximately 10 miles east of Waynoka to approximately 2 miles northeast of Hopeton. Despite the 9-mile long path, no damage was reported.","A severe weather outbreak occurred on the afternoon and evening of Saturday April 14th, 2012 across Kansas and northwest Oklahoma. Multiple tornadoes, including a few that were strong, very large hail and damaging winds accompanied the supercells that formed through the afternoon and evening. Over a dozen tornadoes occurred in northwest Oklahoma in addition to the numerous tornadoes in Kansas.||Much of Oklahoma remained under clear skies for the afternoon, which coupled with plentiful moisture allowed very strong instability to develop. A dryline stretched from western Kansas into northwest and western Oklahoma through the afternoon hours. Thunderstorms ignited off the dryline in the early afternoon, with the first severe weather reports around 230pm. The first tornado was not reported until nearly 4pm as low level wind shear increased gradually. The tornado reports continued through nearly 1am with the tornado that impacted Woodward, OK the last tornado of the evening.||With the first supercells firing around 2 PM, many dropped large hail, some as large as 3 inches in diameter. Many brief tornado touchdowns were reported as well, with the initial reports north of Woodward, OK. Additional supercells developed through the afternoon with a prominent tornadic supercell developing near Waynoka, Oklahoma. This supercell produced multiple tornadoes near Cherokee and continued moving to the northeast. One tornado with this supercell produced damage to a cemetery west of Byron. Fortunately, many of the tornadoes from this thunderstorm remained over mainly rural areas in Waynoka, Woods and Alfalfa counties.||Another tornadic supercell developed southwest of Woodward before midnight and tracked toward Woodward. The Woodward tornado began around 1150 PM roughly 3 miles northeast of Arnett and moved northeast into Woodward county. The southwest city limits of Woodward were impacted near 1218 AM on Sunday April 15th, 2012 and the tornado finally exited the north-northwest side of Woodward around 1223 AM. The tornado dissipated shortly afterward, 4 miles north of Woodward. Sadly, 6 fatalities were reported with the tornado that impacted Woodward.",169
365427,DICKINSON CO.,BUCKEYE,04/14/2012,1831,Tornado, ,EF0,0,0,0,0,KS,CST-6, ,61108,C,41,TOP,0,0,Storm Chaser, ,3.29,25,6,NNW,4,ENE,MANCHESTER,04/14/2012,1836,39.13,-97.2,39.12,-97.26,"The parent storm of the tornado that moved through Ottawa and Dickinson Counties formed another brief and weak tornado between Manchester and Industry.  The only evidence of this tornado comes in the form of spotter and chaser reports, as survey teams did not locate any damage.  The tornado dissipated over an open field near Industry.","A volatile environment developed across Kansas that featured extremely strong wind shear and sufficient buoyancy (called convective energy) to allow supercell thunderstorms to develop ahead of a dry line across central Kansas.  The supercells produced strong to violent tornadoes across central Kansas and tracked into parts of the NWS Topeka county warning area during the evening.  A handful of tornadoes were reported along with some large hail reports with the most numerous reports of large hail occurring after midnight.",170
378767,ALFALFA CO.,CHEROKEE,04/14/2012,1847,Tornado, ,EF1,0,0,0,0,OK,CST-6, ,62013,C,3,OUN,0,0,Emergency Manager, ,10,400,10,WSW,5,NW,CHEROKEE,04/14/2012,1904,36.6946,-98.5168,36.8012,-98.4139,"Soon after the tornado in eastern Woods County dissipated, the storm produced another tornado in western Alfalfa County that moved from west-southwest to northwest of Cherokee. Farm equipment was damaged west-southwest of Cherokee, outbuildings were damaged west of Cherokee, and 2 large steel barns were damaged northwest of Cherokee.","A severe weather outbreak occurred on the afternoon and evening of Saturday April 14th, 2012 across Kansas and northwest Oklahoma. Multiple tornadoes, including a few that were strong, very large hail and damaging winds accompanied the supercells that formed through the afternoon and evening. Over a dozen tornadoes occurred in northwest Oklahoma in addition to the numerous tornadoes in Kansas.||Much of Oklahoma remained under clear skies for the afternoon, which coupled with plentiful moisture allowed very strong instability to develop. A dryline stretched from western Kansas into northwest and western Oklahoma through the afternoon hours. Thunderstorms ignited off the dryline in the early afternoon, with the first severe weather reports around 230pm. The first tornado was not reported until nearly 4pm as low level wind shear increased gradually. The tornado reports continued through nearly 1am with the tornado that impacted Woodward, OK the last tornado of the evening.||With the first supercells firing around 2 PM, many dropped large hail, some as large as 3 inches in diameter. Many brief tornado touchdowns were reported as well, with the initial reports north of Woodward, OK. Additional supercells developed through the afternoon with a prominent tornadic supercell developing near Waynoka, Oklahoma. This supercell produced multiple tornadoes near Cherokee and continued moving to the northeast. One tornado with this supercell produced damage to a cemetery west of Byron. Fortunately, many of the tornadoes from this thunderstorm remained over mainly rural areas in Waynoka, Woods and Alfalfa counties.||Another tornadic supercell developed southwest of Woodward before midnight and tracked toward Woodward. The Woodward tornado began around 1150 PM roughly 3 miles northeast of Arnett and moved northeast into Woodward county. The southwest city limits of Woodward were impacted near 1218 AM on Sunday April 15th, 2012 and the tornado finally exited the north-northwest side of Woodward around 1223 AM. The tornado dissipated shortly afterward, 4 miles north of Woodward. Sadly, 6 fatalities were reported with the tornado that impacted Woodward.",171
365282,WARREN CO.,MEDORA,04/14/2012,1854,Tornado, ,EF1,0,0,200000,0,IA,CST-6, ,61104,C,181,DMX,0,0,NWS Storm Survey, ,0.85,75,3,WNW,2,WNW,MEDORA,04/14/2012,1856,41.1884,-93.6702,41.1908,-93.6541,"Brief EF1 tornado confirmed by NWS damage survey.  The tornado touched down three miles east of New Virginia and tracked about a mile to the east-northeast before dissipating.  The tornado severely damaged several farm outbuildings and flipped several camper trailers.  Wind speeds were estimated around 100 MPH.","The first significant severe weather outbreak of the season took place during the afternoon and evening of the 14th with all modes of severe weather taking place.  An upper level low pressure lifted northeast out of the southwest U.S.  The upper level center, as well as the surface low, passed northwest of Iowa, across southeast South Dakota into Minnesota.  Severe weather developed north of the warm front as it lifted north into Iowa.  A cluster of severe storms formed over northeast Kansas and southeast Nebraska.  These storms moved east-northeast along the warm front into Iowa, causing a considerable amount of severe weather.  Severe weather parameters were fairly strong, however the dynamics of a 100 kt mid level jet and 60 kt low level jet made up the difference.  Just prior to the storm development, CAPE values were around 4000 J/kg south of the development.  Helicity was high, in the 300 to 500 range.  There was a large amount of effective shear with 50 to 65 kts available.  CAPE in the -10 to -30 layer of the atmosphere was in the 200 to 400 J/kg range, while downdraft CAPE was 600 to 800 J/kg.  Plenty of low level moisture was drawn into the state on the strong low level jet.  Precipitable water vales rose to 1.25 inches quite rapidly.  The LCL level was relatively high, but given the dynmics was relatively easy to overcome.  The LCL was just under 1000 meters at the beginning of the event.  There were three tornadoes reported during the event.  One was northwest of the Creston area in Union County.  The most significant tornado caused high end EF2 damage to the far northwest corner of Creston. This tornado formed southwest of Cromwell at 1752 CST in Adams county and quickly tracked into northwest Creston around 1800 CST. EF2 damage occurred to the Greater Regional Medical Center and the Southwestern Community College campus. The tornado continued tracking to the northeast and damaged several farmsteads northeast of Creston before dissipating about 10 miles northeast of town at approximately 1815 CST.  The wind strength was estimated to be 130 MPH. Significant damage occurred with uninsured damage alone near $2,000,000.  A tornado touched down in Warren County east of New Virginia.  The tornado caused damage to farm buildings and campers with a considerable amount of sheet metal left lying around.  The EF1 tornado produced winds around 100 MPH.  Many of the thunderstorms brought with them high winds and hail.  The final tornado touched down in Mahaska County.  The tornado was an EF1 tornado with a broad and intense rear flank downdraft south of the track.  The AWOS site at the Oskaloosa airport in Mahaska County recorded a 97 MPH wind gust from the rear flank downdraft of the storm. Reports from the Emergency Manager indicated that damage at the airport was limited to two hangar doors and some damage to airport buildings.  There were no planes on the field at the time. Numerous reports of hail larger than quarter size were received.  Some of the larger hail included baseball size hail in Clarke County at Murray and numerous reports of golf ball size hail along the track of the severe cluster from Union County to Mahaska County.  The same cluster of storms also produced very strong winds along its path.  Numerous reports of 60 to 70 MPH winds were received all along the path.  Numerous reports of tree and power line damage were received.  The Des Moines metro area was hard hit with winds of up to 65 MPH causing considerable tree damage.  At one time, 20,000 customers were reported without power.  In Marion County a garage was destroyed and a house significantly damaged by the wind east of Knoxville.   The storms also produced very heavy rainfall.  Rainfall of 2 to 4 inches was reported at several locations.  At the Des Moines International Airport, 1.10 inches of rain fell between 1630 and 1637 CST.  This amount of rainfall in that short of period of time was a 100 year event.  Fortunately it had been quite dry across the state, limiting the flash flood potential.  Flash flooding was reported in Polk, Cass, and Madison Counties.  Water was reported flowing one to two feet deep.  Numerous reports were also received of street flooding and significant ponding.",172
378768,ALFALFA CO.,CHEROKEE,04/14/2012,1857,Tornado, ,EF0,0,0,0,0,OK,CST-6, ,62013,C,3,OUN,0,0,Emergency Manager, ,12,400,3,NW,1,NW,AMORITA,04/14/2012,1923,36.7807,-98.3883,36.9302,-98.3028,"This tornado developed and was occurring simultaneously with the previous tornado northwest of Cherokee for about 7 minutes. This tornado is estimated to have moved from about 3 miles northwest of Cherokee to about 1 mile northwest of Amorita. Damage occurred to numerous outbuildings and trees along the path, including at the Byron-Amorita cemetery.","A severe weather outbreak occurred on the afternoon and evening of Saturday April 14th, 2012 across Kansas and northwest Oklahoma. Multiple tornadoes, including a few that were strong, very large hail and damaging winds accompanied the supercells that formed through the afternoon and evening. Over a dozen tornadoes occurred in northwest Oklahoma in addition to the numerous tornadoes in Kansas.||Much of Oklahoma remained under clear skies for the afternoon, which coupled with plentiful moisture allowed very strong instability to develop. A dryline stretched from western Kansas into northwest and western Oklahoma through the afternoon hours. Thunderstorms ignited off the dryline in the early afternoon, with the first severe weather reports around 230pm. The first tornado was not reported until nearly 4pm as low level wind shear increased gradually. The tornado reports continued through nearly 1am with the tornado that impacted Woodward, OK the last tornado of the evening.||With the first supercells firing around 2 PM, many dropped large hail, some as large as 3 inches in diameter. Many brief tornado touchdowns were reported as well, with the initial reports north of Woodward, OK. Additional supercells developed through the afternoon with a prominent tornadic supercell developing near Waynoka, Oklahoma. This supercell produced multiple tornadoes near Cherokee and continued moving to the northeast. One tornado with this supercell produced damage to a cemetery west of Byron. Fortunately, many of the tornadoes from this thunderstorm remained over mainly rural areas in Waynoka, Woods and Alfalfa counties.||Another tornadic supercell developed southwest of Woodward before midnight and tracked toward Woodward. The Woodward tornado began around 1150 PM roughly 3 miles northeast of Arnett and moved northeast into Woodward county. The southwest city limits of Woodward were impacted near 1218 AM on Sunday April 15th, 2012 and the tornado finally exited the north-northwest side of Woodward around 1223 AM. The tornado dissipated shortly afterward, 4 miles north of Woodward. Sadly, 6 fatalities were reported with the tornado that impacted Woodward.",173
366408,MCPHERSON CO.,MOUNDRIDGE,04/14/2012,1903,Tornado, ,EF0,0,0,0,0,KS,CST-6, ,61250,C,113,ICT,0,0,NWS Employee, ,0.62,100,2,ESE,2,E,MOUNDRIDGE,04/14/2012,1904,38.192,-97.494,38.1994,-97.4875,"Brief touchdown in open country.","A significant severe weather outbreak with several damaging long track tornadoes occurred.  The strongest tornado moved through portions of central Kansas and produced EF-4 damage at one home stead.  Two other tornadoes touched down producing EF-3 damage in south central Kansas.",174
366409,MCPHERSON CO.,MOUNDRIDGE,04/14/2012,1905,Tornado, ,EF1,0,0,0,0,KS,CST-6, ,61250,C,113,ICT,0,0,NWS Storm Survey, ,7.01,250,3,E,9,ENE,MOUNDRIDGE,04/14/2012,1918,38.2,-97.474,38.249,-97.361,"The tornado moved through a farmstead and damaged all farm outbuildings.  Many of the buildings were completely destroyed. The tornado continued on and caused more damage to a homes roof and a barn.","A significant severe weather outbreak with several damaging long track tornadoes occurred.  The strongest tornado moved through portions of central Kansas and produced EF-4 damage at one home stead.  Two other tornadoes touched down producing EF-3 damage in south central Kansas.",175
378788,ALFALFA CO.,AMORITA,04/14/2012,1919,Tornado, ,EF1,0,0,0,0,OK,CST-6, ,62013,C,3,OUN,0,0,NWS Employee, ,10,600,3,SE,11,ENE,AMORITA,04/14/2012,1937,36.8893,-98.2516,36.974,-98.112,"A large and violently rotating tornado moved northeast over open land, crossing into the far northwest corner of Grant county before entering Kansas. The tornado produced tree damage, but no known structure damage.","A severe weather outbreak occurred on the afternoon and evening of Saturday April 14th, 2012 across Kansas and northwest Oklahoma. Multiple tornadoes, including a few that were strong, very large hail and damaging winds accompanied the supercells that formed through the afternoon and evening. Over a dozen tornadoes occurred in northwest Oklahoma in addition to the numerous tornadoes in Kansas.||Much of Oklahoma remained under clear skies for the afternoon, which coupled with plentiful moisture allowed very strong instability to develop. A dryline stretched from western Kansas into northwest and western Oklahoma through the afternoon hours. Thunderstorms ignited off the dryline in the early afternoon, with the first severe weather reports around 230pm. The first tornado was not reported until nearly 4pm as low level wind shear increased gradually. The tornado reports continued through nearly 1am with the tornado that impacted Woodward, OK the last tornado of the evening.||With the first supercells firing around 2 PM, many dropped large hail, some as large as 3 inches in diameter. Many brief tornado touchdowns were reported as well, with the initial reports north of Woodward, OK. Additional supercells developed through the afternoon with a prominent tornadic supercell developing near Waynoka, Oklahoma. This supercell produced multiple tornadoes near Cherokee and continued moving to the northeast. One tornado with this supercell produced damage to a cemetery west of Byron. Fortunately, many of the tornadoes from this thunderstorm remained over mainly rural areas in Waynoka, Woods and Alfalfa counties.||Another tornadic supercell developed southwest of Woodward before midnight and tracked toward Woodward. The Woodward tornado began around 1150 PM roughly 3 miles northeast of Arnett and moved northeast into Woodward county. The southwest city limits of Woodward were impacted near 1218 AM on Sunday April 15th, 2012 and the tornado finally exited the north-northwest side of Woodward around 1223 AM. The tornado dissipated shortly afterward, 4 miles north of Woodward. Sadly, 6 fatalities were reported with the tornado that impacted Woodward.",176
380694,KIOWA CO.,JOY,04/14/2012,1927,Tornado, ,EF3,0,0,0,0,KS,CST-6, ,63499,C,97,DDC,0,0,NWS Storm Survey, ,12.12,1500,2,NE,8,N,BRENHAM,04/14/2012,1942,37.6134,-99.3765,37.7335,-99.2149,"This strong tornado developed west of Greensburg and became intense by the time it crossed into Edwards county at 842 PM CDT.  In Kiowa county it did EF3 damage.  Damage was done to outbuildings, trees, power lines, farm machinery and pivot irrigation sprinklers.  The ground was scoured in a field near the Edwards/Kiowa county line.","A vigorous upper level system combined with copious moisture and an advancing warm front to produce widespread thunderstorms, some producing tornadoes.",177
378789,GRANT CO.,MANCHESTER,04/14/2012,1937,Tornado, ,EF0,0,0,0,0,OK,CST-6, ,62013,C,53,OUN,0,0,NWS Employee, ,2.9,600,4,WSW,2,WNW,MANCHESTER,04/14/2012,1942,36.974,-98.112,36.998,-98.069,"A large and violently rotating tornado crossed from Alfalfa County through far northwest Grant County briefly before entering Harper County, Kansas (see NWS Wichita report for southeast Kansas for the continuation of this tornado). The tornado produced no known damage in Grant County, except to trees.","A severe weather outbreak occurred on the afternoon and evening of Saturday April 14th, 2012 across Kansas and northwest Oklahoma. Multiple tornadoes, including a few that were strong, very large hail and damaging winds accompanied the supercells that formed through the afternoon and evening. Over a dozen tornadoes occurred in northwest Oklahoma in addition to the numerous tornadoes in Kansas.||Much of Oklahoma remained under clear skies for the afternoon, which coupled with plentiful moisture allowed very strong instability to develop. A dryline stretched from western Kansas into northwest and western Oklahoma through the afternoon hours. Thunderstorms ignited off the dryline in the early afternoon, with the first severe weather reports around 230pm. The first tornado was not reported until nearly 4pm as low level wind shear increased gradually. The tornado reports continued through nearly 1am with the tornado that impacted Woodward, OK the last tornado of the evening.||With the first supercells firing around 2 PM, many dropped large hail, some as large as 3 inches in diameter. Many brief tornado touchdowns were reported as well, with the initial reports north of Woodward, OK. Additional supercells developed through the afternoon with a prominent tornadic supercell developing near Waynoka, Oklahoma. This supercell produced multiple tornadoes near Cherokee and continued moving to the northeast. One tornado with this supercell produced damage to a cemetery west of Byron. Fortunately, many of the tornadoes from this thunderstorm remained over mainly rural areas in Waynoka, Woods and Alfalfa counties.||Another tornadic supercell developed southwest of Woodward before midnight and tracked toward Woodward. The Woodward tornado began around 1150 PM roughly 3 miles northeast of Arnett and moved northeast into Woodward county. The southwest city limits of Woodward were impacted near 1218 AM on Sunday April 15th, 2012 and the tornado finally exited the north-northwest side of Woodward around 1223 AM. The tornado dissipated shortly afterward, 4 miles north of Woodward. Sadly, 6 fatalities were reported with the tornado that impacted Woodward.",178
380698,KIOWA CO.,BRENHAM,04/14/2012,1940,Tornado, ,EF1,0,0,0,0,KS,CST-6, ,63499,C,97,DDC,0,0,NWS Storm Survey, ,4.9,75,5,NNW,8,N,BRENHAM,04/14/2012,1943,37.6848,-99.2544,37.7279,-99.1835,"This was a satellite tornado to the southeast and east of the larger tornado.  This satellite tornado damaged trees and a mobile home.","A vigorous upper level system combined with copious moisture and an advancing warm front to produce widespread thunderstorms, some producing tornadoes.",179
366414,MARION CO.,MARION RES,04/14/2012,1941,Tornado, ,EF1,0,0,0,0,KS,CST-6, ,61250,C,115,ICT,0,0,Broadcast Media, ,15.81,250,3,N,2,NE,LOST SPGS,04/14/2012,2001,38.424,-97.134,38.591,-96.934,"A barn was destroyed, trees uprooted and snapped, bolted down garage blown away, windows blown in on 2 sides south of Pilsen.||Near Lost Springs, trees were uprooted, windows blown in, a concrete grain elevator was destroyed, and out buildings were destroyed.||This tornado moved into Morris County which is NWS Topeka's warning responsibility.","A significant severe weather outbreak with several damaging long track tornadoes occurred.  The strongest tornado moved through portions of central Kansas and produced EF-4 damage at one home stead.  Two other tornadoes touched down producing EF-3 damage in south central Kansas.",180
366413,HARPER CO.,WALDRON,04/14/2012,1942,Tornado, ,EF1,0,0,0,0,KS,CST-6, ,61250,C,77,ICT,0,0,NWS Employee, ,22.33,1000,6,E,1,NNW,DANVILLE,04/14/2012,2020,36.998,-98.069,37.296,-97.912,"One small semi thrown approximately 140 feet over a fence and the cab was slightly flattened on the top. Minimal damage to the one story house with basement besides a carport torn off, windows blown out, and only tar paper left on roof. Ford F-150 thrown and displaced to the southeast into a tractor approximately 30 feet away with wheel of tractor intruding the driver side of the truck.||A farmstead with two homes on it and an airport hangar. The airport hangar and other metal sheds were broken apart. Wooden barn with concrete stalls had collapsed onto the stalls. One older home that was vacant and had just had the roof replaced last summer; however, roof was torn apart and removed on the north side. Second home had damage to the garage with one side being blown out. Large tree fell onto house and busted windows. Debris scattered in the field surrounding farm.||Abandoned farmstead had house torn apart with no roof and exposed walls but hard to tell. Trees in area uprooted with mainly the major branches remaining in some cases.","A significant severe weather outbreak with several damaging long track tornadoes occurred.  The strongest tornado moved through portions of central Kansas and produced EF-4 damage at one home stead.  Two other tornadoes touched down producing EF-3 damage in south central Kansas.",181
380696,EDWARDS CO.,FELLSBURG,04/14/2012,1942,Tornado, ,EF3,0,0,0,0,KS,CST-6, ,63499,C,47,DDC,0,0,NWS Storm Survey, ,25.2,1720,6,SSW,5,NE,TROUSDALE,04/14/2012,2001,37.7335,-99.2149,37.872,-99.0224,"This EF3 tornado moved out of Kiowa county at 842 PM CDT and did considerable damage to a house, trees, power poles, pivot irrigation sprinkler and outbuildings and machinery.  There was also considerable ground scouring in one wheat field.  This tornado moved into Stafford county at 901 PM CDT and then shifted a little east towards the end of its existence and passed just south of Macksville.  As the tornado was dissipating, a new and powerful tornado developed just to the southeast of Macksville.","A vigorous upper level system combined with copious moisture and an advancing warm front to produce widespread thunderstorms, some producing tornadoes.",182
393341,STAFFORD CO.,MACKSVILLE SMITH ARP,04/14/2012,2001,Tornado, ,EF2,0,0,0,0,KS,CST-6, ,63499,C,185,DDC,0,0,NWS Storm Survey, ,10.7,800,7,SSW,3,WNW,DILLWYN,04/14/2012,2010,37.872,-99.0224,37.9798,-98.8821,"This tornado moved out of Edwards county at 901 PM CDT and as it did it began to shift a little east passing just east of Macksville.  In Stafford county there was considerable damage to pivot sprinklers, trees and outbuildings.","A vigorous upper level system combined with copious moisture and an advancing warm front to produce widespread thunderstorms, some producing tornadoes.",183
365370,MORRIS CO.,BURDICK,04/14/2012,2001,Tornado, ,EF0,0,0,0,0,KS,CST-6, ,61108,C,127,TOP,0,0,Law Enforcement, ,0.57,25,6,WNW,5,WNW,BURDICK,04/14/2012,2002,38.59,-96.93,38.5946,-96.9213,"Law Enforcement reported a short narrow damage path to hedge row trees relayed by Emergency Manager.  Corroborated with radar data and time estimated based off of radar and track from tornado that moved from Marion County.","A volatile environment developed across Kansas that featured extremely strong wind shear and sufficient buoyancy (called convective energy) to allow supercell thunderstorms to develop ahead of a dry line across central Kansas.  The supercells produced strong to violent tornadoes across central Kansas and tracked into parts of the NWS Topeka county warning area during the evening.  A handful of tornadoes were reported along with some large hail reports with the most numerous reports of large hail occurring after midnight.",184
380707,STAFFORD CO.,DILLWYN,04/14/2012,2010,Tornado, ,EF3,0,0,0,0,KS,CST-6, ,63499,C,185,DDC,0,0,NWS Storm Survey, ,29.9,2640,4,WSW,13,NE,HUDSON,04/14/2012,2045,37.9451,-98.8958,38.21,-98.47,"This monster tornado developed just southeast of a dissipating tornado near Macksville and then  moved in a northeasterly direction.  However during it's life cycle, it turned north briefly, then east briefly and then finally it moved on a steady northeast path.  It narrowly missed Hudson to the south but did move across the Quivira National Refuge before moving into Rice county at 9:45 PM CDT.  Damage was done to a few farm houses, outbuildings and equipment, trees, power poles and pivot irrigation systems.","A vigorous upper level system combined with copious moisture and an advancing warm front to produce widespread thunderstorms, some producing tornadoes.",185
366415,SUMNER CO.,ARGONIA,04/14/2012,2010,Tornado, ,EF3,0,0,0,0,KS,CST-6, ,61250,C,191,ICT,0,0,Storm Chaser, ,18.11,400,8,SSW,1,SW,CONWAY SPGS,04/14/2012,2040,37.155,-97.8,37.393,-97.662,"A two story house was completely removed from foundation and had landed on top of a three car garage. The basement is all that remained. Cars that were in the garage lost windows and one was dented on the one side. A fifth wheel camper was thrown 100 yards with only a split in the frame and wheels remaining. The top portion was only small pieces.  ||This tornado continued on to the NNE and a roof was completely torn off of the home. All of the windows were blown out. Outbuildings were demolished. Large trees were uprooted. Objects were embedded into the house and trees including a twig into a tree, a 2x4 blown into an interior wall on the main part of the house. The porch was gone.","A significant severe weather outbreak with several damaging long track tornadoes occurred.  The strongest tornado moved through portions of central Kansas and produced EF-4 damage at one home stead.  Two other tornadoes touched down producing EF-3 damage in south central Kansas.",186
365283,MAHASKA CO.,WRIGHT,04/14/2012,2022,Tornado, ,EF1,0,0,75000,0,IA,CST-6, ,61104,C,123,DMX,0,0,NWS Storm Survey, ,1.27,90,1,E,2,NNE,OSKALOOSA MUNI ARPT,04/14/2012,2024,41.2498,-92.5092,41.2493,-92.4847,"The tornado was determined to be an EF1 with a broad and intense rear flank downdraft south of the track.  Peak wind was around 100 MPH.","The first significant severe weather outbreak of the season took place during the afternoon and evening of the 14th with all modes of severe weather taking place.  An upper level low pressure lifted northeast out of the southwest U.S.  The upper level center, as well as the surface low, passed northwest of Iowa, across southeast South Dakota into Minnesota.  Severe weather developed north of the warm front as it lifted north into Iowa.  A cluster of severe storms formed over northeast Kansas and southeast Nebraska.  These storms moved east-northeast along the warm front into Iowa, causing a considerable amount of severe weather.  Severe weather parameters were fairly strong, however the dynamics of a 100 kt mid level jet and 60 kt low level jet made up the difference.  Just prior to the storm development, CAPE values were around 4000 J/kg south of the development.  Helicity was high, in the 300 to 500 range.  There was a large amount of effective shear with 50 to 65 kts available.  CAPE in the -10 to -30 layer of the atmosphere was in the 200 to 400 J/kg range, while downdraft CAPE was 600 to 800 J/kg.  Plenty of low level moisture was drawn into the state on the strong low level jet.  Precipitable water vales rose to 1.25 inches quite rapidly.  The LCL level was relatively high, but given the dynmics was relatively easy to overcome.  The LCL was just under 1000 meters at the beginning of the event.  There were three tornadoes reported during the event.  One was northwest of the Creston area in Union County.  The most significant tornado caused high end EF2 damage to the far northwest corner of Creston. This tornado formed southwest of Cromwell at 1752 CST in Adams county and quickly tracked into northwest Creston around 1800 CST. EF2 damage occurred to the Greater Regional Medical Center and the Southwestern Community College campus. The tornado continued tracking to the northeast and damaged several farmsteads northeast of Creston before dissipating about 10 miles northeast of town at approximately 1815 CST.  The wind strength was estimated to be 130 MPH. Significant damage occurred with uninsured damage alone near $2,000,000.  A tornado touched down in Warren County east of New Virginia.  The tornado caused damage to farm buildings and campers with a considerable amount of sheet metal left lying around.  The EF1 tornado produced winds around 100 MPH.  Many of the thunderstorms brought with them high winds and hail.  The final tornado touched down in Mahaska County.  The tornado was an EF1 tornado with a broad and intense rear flank downdraft south of the track.  The AWOS site at the Oskaloosa airport in Mahaska County recorded a 97 MPH wind gust from the rear flank downdraft of the storm. Reports from the Emergency Manager indicated that damage at the airport was limited to two hangar doors and some damage to airport buildings.  There were no planes on the field at the time. Numerous reports of hail larger than quarter size were received.  Some of the larger hail included baseball size hail in Clarke County at Murray and numerous reports of golf ball size hail along the track of the severe cluster from Union County to Mahaska County.  The same cluster of storms also produced very strong winds along its path.  Numerous reports of 60 to 70 MPH winds were received all along the path.  Numerous reports of tree and power line damage were received.  The Des Moines metro area was hard hit with winds of up to 65 MPH causing considerable tree damage.  At one time, 20,000 customers were reported without power.  In Marion County a garage was destroyed and a house significantly damaged by the wind east of Knoxville.   The storms also produced very heavy rainfall.  Rainfall of 2 to 4 inches was reported at several locations.  At the Des Moines International Airport, 1.10 inches of rain fell between 1630 and 1637 CST.  This amount of rainfall in that short of period of time was a 100 year event.  Fortunately it had been quite dry across the state, limiting the flash flood potential.  Flash flooding was reported in Polk, Cass, and Madison Counties.  Water was reported flowing one to two feet deep.  Numerous reports were also received of street flooding and significant ponding.",187
380716,STAFFORD CO.,HUDSON,04/14/2012,2023,Tornado, ,EF1,0,0,0,0,KS,CST-6, ,63499,C,185,DDC,0,0,NWS Storm Survey, ,6.6,150,2,SSE,6,ENE,HUDSON,04/14/2012,2030,38.0697,-98.6614,38.1251,-98.5665,"This was a satellite tornado southeast and east of the monster tornado that moved through Stafford county.  This one did damage to trees and power poles.","A vigorous upper level system combined with copious moisture and an advancing warm front to produce widespread thunderstorms, some producing tornadoes.",188
366417,SUMNER CO.,MILAN,04/14/2012,2032,Tornado, ,EF1,0,0,0,0,KS,CST-6, ,61250,C,191,ICT,0,0,NWS Storm Survey, ,7.39,100,4,NE,4,E,CONWAY SPGS,04/14/2012,2046,37.298,-97.627,37.396,-97.573,"The tornado moved to the northeast and hit two homestead.  One home sustained considerable damage to two covered porches and a barn.  The other farm completely lost its barn.","A significant severe weather outbreak with several damaging long track tornadoes occurred.  The strongest tornado moved through portions of central Kansas and produced EF-4 damage at one home stead.  Two other tornadoes touched down producing EF-3 damage in south central Kansas.",189
372581,KEOKUK CO.,HEDRICK,04/14/2012,2035,Tornado, ,EF1,0,0,0,0,IA,CST-6, ,62230,C,107,DVN,0,0,Emergency Manager, ,3,50,1,W,1,W,MARTINSBURG,04/14/2012,2038,41.17,-92.3392,41.18,-92.2596,"An EF1 tornado occurred in the comma-head of a bow echo along a path from 1 mile west of Hedrick to just west of Martinsburg.  Total path length was about 3 miles. Power lines were downed, trees snapped, a machine shed wall was blown in, grain bins were damaged, a shed was destroyed, and the ball park was damaged.  Approximately 10 homes were damaged in Hedrick along with rural farmsteads.  A deputy police car was turned around and fell into a ditch. Numerous trees were also blown down.","A warm front lifting northward across the region on April 14, 2012 brought a round of severe thunderstorms during the late afternoon through much of the evening hours. Large hail and damaging winds were reported across eastern Iowa and western Illinois. A tornado occurred at Hedrick, Iowa in Keokuk county. Following the passage of the warm front there was increasing mid and upper level forcing and instability in place. There was adequate elevated instability as well as sufficient shear to trigger the severe thunderstorms. Three aircraft were damaged at the Quad Cities International Airport near Moline, Illinois. A house was partially unroofed near the airport and a highway sign was also blown over. The automated wind sensor recorded 78 mph winds at the airport. An EF1 tornado occurred in the comma-head of a bow echo along a path from 1 mile west of Hedrick to just west of Martinsburg. Total path length was about 3 miles. Power lines were downed, trees snapped, a machine shed wall was blown in, grain bins were damaged, a shed was destroyed, and the ball park was damaged. Approximately 10 homes were damaged in Hedrick along with rural farmsteads. A deputy police car was turned around and fell into a ditch. Numerous trees were also blown down. No injuries were reported.",190
366419,RICE CO.,RAYMOND,04/14/2012,2045,Tornado, ,EF1,0,0,0,0,KS,CST-6, ,61250,C,159,ICT,0,0,NWS Storm Survey, ,9.77,400,5,SSW,3,S,CHASE,04/14/2012,2101,38.212,-98.472,38.309,-98.341,"This tornado moved in from Stafford County.  A large metal machine shed was destroyed with sheet metal debris wrapped around numerous trees and fence posts to the east and north of farm house. All windows blown out on farm home, roof lifted with chimney sheared off and numerous punctures in siding. Section of metal fence tossed into window of home.","A significant severe weather outbreak with several damaging long track tornadoes occurred.  The strongest tornado moved through portions of central Kansas and produced EF-4 damage at one home stead.  Two other tornadoes touched down producing EF-3 damage in south central Kansas.",191
366421,SEDGWICK CO.,HAYSVILLE,04/14/2012,2121,Tornado, ,EF3,0,38,500000000,0,KS,CST-6, ,61250,C,173,ICT,0,0,Storm Chaser, ,13.2,1760,2,SE,3,E,EASTBOROUGH,04/14/2012,2142,37.548,-97.348,37.697,-97.197,"Significant damage to homes, many of them had a number missing outer walls. Seven homes were missing two to four walls, one home was completely destroyed. The trees associated with house completely stripped to nothing, this was also the case at many other locations along the path.  ||A mobile home park to south had seventy five percent of the homes uninhabitable. Approximately twenty five percent were reduced to rubble. ||Significant damage was also noted at McConnell AFB.  Many of the hangars sustained damage.  One hangar in particular that was owned by Spirit Aerosystems sustained a considerable amount of damage.||Several apartments and businesses also had damage like roofs being torn off and windows blown out.","A significant severe weather outbreak with several damaging long track tornadoes occurred.  The strongest tornado moved through portions of central Kansas and produced EF-4 damage at one home stead.  Two other tornadoes touched down producing EF-3 damage in south central Kansas.",192
366426,SALINE CO.,FALUN,04/14/2012,2144,Tornado, ,EF0,0,0,0,0,KS,CST-6, ,61250,C,169,ICT,0,0,Trained Spotter, ,10.33,100,6,SSE,1,SSW,MENTOR,04/14/2012,2159,38.591,-97.71,38.718,-97.609,"Tornado moved over open country the whole time.","A significant severe weather outbreak with several damaging long track tornadoes occurred.  The strongest tornado moved through portions of central Kansas and produced EF-4 damage at one home stead.  Two other tornadoes touched down producing EF-3 damage in south central Kansas.",193
366429,BUTLER CO.,ANDOVER,04/14/2012,2149,Tornado, ,EF0,0,0,0,0,KS,CST-6, ,61250,C,15,ICT,0,0,Storm Chaser, ,1.52,250,4,E,4,NNW,AUGUSTA,04/14/2012,2151,37.724,-97.049,37.732,-97.023,"Large tornado moved over open country and did not cause any damage.","A significant severe weather outbreak with several damaging long track tornadoes occurred.  The strongest tornado moved through portions of central Kansas and produced EF-4 damage at one home stead.  Two other tornadoes touched down producing EF-3 damage in south central Kansas.",194
366430,BUTLER CO.,BENTON,04/14/2012,2155,Tornado, ,EF0,0,0,0,0,KS,CST-6, ,61250,C,15,ICT,0,0,Storm Chaser, ,0.4,50,3,E,3,WSW,TOWANDA,04/14/2012,2156,37.78,-97.06,37.7841,-97.0548,"Brief touchdown of a rope tornado in an open field.","A significant severe weather outbreak with several damaging long track tornadoes occurred.  The strongest tornado moved through portions of central Kansas and produced EF-4 damage at one home stead.  Two other tornadoes touched down producing EF-3 damage in south central Kansas.",195
366431,BUTLER CO.,TOWANDA,04/14/2012,2155,Tornado, ,EF1,0,0,0,0,KS,CST-6, ,61250,C,15,ICT,0,0,Emergency Manager, ,4.5,100,5,SE,2,SSW,EL DORADO,04/14/2012,2204,37.748,-96.943,37.795,-96.886,"The tornado mainly moved over open country, however, one horse farm was impacted with minimal damage to several of their barns.","A significant severe weather outbreak with several damaging long track tornadoes occurred.  The strongest tornado moved through portions of central Kansas and produced EF-4 damage at one home stead.  Two other tornadoes touched down producing EF-3 damage in south central Kansas.",196
366432,BUTLER CO.,EL DORADO RES,04/14/2012,2210,Tornado, ,EF0,0,0,0,0,KS,CST-6, ,61250,C,15,ICT,0,0,Storm Chaser, ,15.07,250,5,ENE,5,NE,CASSODAY,04/14/2012,2239,37.909,-96.742,38.076,-96.564,"Large tornado moved over open country and caused no damage.","A significant severe weather outbreak with several damaging long track tornadoes occurred.  The strongest tornado moved through portions of central Kansas and produced EF-4 damage at one home stead.  Two other tornadoes touched down producing EF-3 damage in south central Kansas.",197
366433,ELLSWORTH CO.,KANAPOLIS RES,04/14/2012,2216,Tornado, ,EF1,0,0,0,0,KS,CST-6, ,61250,C,53,ICT,0,0,NWS Employee, ,7.57,100,7,WSW,3,SW,CARNEIRO,04/14/2012,2233,38.606,-98.145,38.696,-98.065,"Tornado moved northeast causing damage to one trailer home.  It basically cut the home into two pieces.  Some trees were also damaged along the path.","A significant severe weather outbreak with several damaging long track tornadoes occurred.  The strongest tornado moved through portions of central Kansas and produced EF-4 damage at one home stead.  Two other tornadoes touched down producing EF-3 damage in south central Kansas.",198
366236,SEWARD CO.,PLEASANT DALE,04/14/2012,2226,Tornado, ,EF1,0,0,0,0,NE,CST-6, ,61138,C,159,OAX,0,0,Emergency Manager, ,2.28,50,6,NNW,6,NNW,PLEASANT DALE,04/14/2012,2230,40.8591,-96.9433,40.8519,-96.9701,"A tornado destroyed several farm outbuildings and caused tree and house damage to several farmsteads near Twin Lakes northeast of Milford.","A strong upper level system over the southern Rockies lifted northeast across the plains causing an intense surface low pressure system and attendant warm front to lift into Nebraska.  The main warm front remained either in southern Nebraska or in Kansas, and the shear and instability associated with the system produced widespread multi-cellular convection with embedded super cell thunderstorms near and north of the front.  The more surface based super cells produced several tornadoes in southeast Nebraska and southwest Iowa, while more elevated storms in northeast Nebraska produced very large hail.  In addition, areas of very heavy rain produced isolated flash and river flooding across the area.",199
378787,ELLIS CO.,ARNETT,04/14/2012,2242,Tornado, ,EF3,0,0,0,0,OK,CST-6, ,62013,C,45,OUN,0,0,NWS Employee, ,15,400,2,SSW,7,S,FARGO,04/14/2012,2305,36.1133,-99.7837,36.276,-99.604,"The tornado developed south of Arnett and moved northeast. Two homes were categorized as destroyed and a few other homes sustained damage. Trees and power lines were also damaged as the tornado moved toward the Woodward county border. The tornado eventually crossed the border, doing substantially more damage towards Woodward.","A severe weather outbreak occurred on the afternoon and evening of Saturday April 14th, 2012 across Kansas and northwest Oklahoma. Multiple tornadoes, including a few that were strong, very large hail and damaging winds accompanied the supercells that formed through the afternoon and evening. Over a dozen tornadoes occurred in northwest Oklahoma in addition to the numerous tornadoes in Kansas.||Much of Oklahoma remained under clear skies for the afternoon, which coupled with plentiful moisture allowed very strong instability to develop. A dryline stretched from western Kansas into northwest and western Oklahoma through the afternoon hours. Thunderstorms ignited off the dryline in the early afternoon, with the first severe weather reports around 230pm. The first tornado was not reported until nearly 4pm as low level wind shear increased gradually. The tornado reports continued through nearly 1am with the tornado that impacted Woodward, OK the last tornado of the evening.||With the first supercells firing around 2 PM, many dropped large hail, some as large as 3 inches in diameter. Many brief tornado touchdowns were reported as well, with the initial reports north of Woodward, OK. Additional supercells developed through the afternoon with a prominent tornadic supercell developing near Waynoka, Oklahoma. This supercell produced multiple tornadoes near Cherokee and continued moving to the northeast. One tornado with this supercell produced damage to a cemetery west of Byron. Fortunately, many of the tornadoes from this thunderstorm remained over mainly rural areas in Waynoka, Woods and Alfalfa counties.||Another tornadic supercell developed southwest of Woodward before midnight and tracked toward Woodward. The Woodward tornado began around 1150 PM roughly 3 miles northeast of Arnett and moved northeast into Woodward county. The southwest city limits of Woodward were impacted near 1218 AM on Sunday April 15th, 2012 and the tornado finally exited the north-northwest side of Woodward around 1223 AM. The tornado dissipated shortly afterward, 4 miles north of Woodward. Sadly, 6 fatalities were reported with the tornado that impacted Woodward.",200
378771,WOODWARD CO.,TANGIER,04/14/2012,2305,Tornado, ,EF3,6,29,0,0,OK,CST-6, ,62013,C,153,OUN,0,0,NWS Storm Survey, ,19,400,11,SSW,4,N,WOODWARD,04/14/2012,2327,36.276,-99.604,36.4879,-99.39,"The tornado developed approximately just south of Arnett (Ellis County) at 11:42 pm CDT on April 14, 2012 and moved northeast. Only minor damage, downed trees and power poles/lines, was seen as the tornado moved over mainly rural portions of Woodward County, southwest of the city of Woodward. At approximately 12:12 am CDT on April 15, 2012, the tornado struck two mobile homes 5 miles southwest of Woodward. The damage here was determined to be EF-2 in intensity, and also resulted in 3 fatalities. The heaviest damage, rated EF-3, was reported as the tornado entered the southwest sides of Woodward around 12:18 am CDT. Several homes and businesses were heavily damaged as the tornado continued northeast.|Several more mobile homes were destroyed by the tornado on the north side of Woodward, and resulted in 3 additional fatalities. The tornado finally exited the city of Woodward at approximately 12:23 am CDT, eventually dissipating approximately 4 miles north of Woodward at 12:27 am CDT.","A severe weather outbreak occurred on the afternoon and evening of Saturday April 14th, 2012 across Kansas and northwest Oklahoma. Multiple tornadoes, including a few that were strong, very large hail and damaging winds accompanied the supercells that formed through the afternoon and evening. Over a dozen tornadoes occurred in northwest Oklahoma in addition to the numerous tornadoes in Kansas.||Much of Oklahoma remained under clear skies for the afternoon, which coupled with plentiful moisture allowed very strong instability to develop. A dryline stretched from western Kansas into northwest and western Oklahoma through the afternoon hours. Thunderstorms ignited off the dryline in the early afternoon, with the first severe weather reports around 230pm. The first tornado was not reported until nearly 4pm as low level wind shear increased gradually. The tornado reports continued through nearly 1am with the tornado that impacted Woodward, OK the last tornado of the evening.||With the first supercells firing around 2 PM, many dropped large hail, some as large as 3 inches in diameter. Many brief tornado touchdowns were reported as well, with the initial reports north of Woodward, OK. Additional supercells developed through the afternoon with a prominent tornadic supercell developing near Waynoka, Oklahoma. This supercell produced multiple tornadoes near Cherokee and continued moving to the northeast. One tornado with this supercell produced damage to a cemetery west of Byron. Fortunately, many of the tornadoes from this thunderstorm remained over mainly rural areas in Waynoka, Woods and Alfalfa counties.||Another tornadic supercell developed southwest of Woodward before midnight and tracked toward Woodward. The Woodward tornado began around 1150 PM roughly 3 miles northeast of Arnett and moved northeast into Woodward county. The southwest city limits of Woodward were impacted near 1218 AM on Sunday April 15th, 2012 and the tornado finally exited the north-northwest side of Woodward around 1223 AM. The tornado dissipated shortly afterward, 4 miles north of Woodward. Sadly, 6 fatalities were reported with the tornado that impacted Woodward.",201
365371,LYON CO.,OLPE,04/14/2012,2306,Tornado, ,EF0,0,0,0,0,KS,CST-6, ,61108,C,111,TOP,0,0,Trained Spotter, ,0.1,25,4,SSW,4,SSW,OLPE,04/14/2012,2306,38.2165,-96.1982,38.2165,-96.1982,"A brief tornado was observed approximately 4 miles southwest of Olpe by storm spotters.  The tornado did no damage and was only briefly observed before dissipating.","A volatile environment developed across Kansas that featured extremely strong wind shear and sufficient buoyancy (called convective energy) to allow supercell thunderstorms to develop ahead of a dry line across central Kansas.  The supercells produced strong to violent tornadoes across central Kansas and tracked into parts of the NWS Topeka county warning area during the evening.  A handful of tornadoes were reported along with some large hail reports with the most numerous reports of large hail occurring after midnight.",202
366714,CASS CO.,SOUTH BEND,04/14/2012,2318,Tornado, ,EF1,0,0,0,0,NE,CST-6, ,61138,C,25,OAX,0,0,NWS Storm Survey, ,0.7,50,1,NNW,1,NNE,SOUTH BEND,04/14/2012,2319,41.0074,-96.2553,41.0131,-96.2443,"This tornado first touched down about a mile northwest of South Bend in Cass county, crossed the Platte River and then lifted in Sarpy county about 2 miles north northeast of South Bend.  The tornado caused tree and outbuilding damage along its path.","A strong upper level system over the southern Rockies lifted northeast across the plains causing an intense surface low pressure system and attendant warm front to lift into Nebraska.  The main warm front remained either in southern Nebraska or in Kansas, and the shear and instability associated with the system produced widespread multi-cellular convection with embedded super cell thunderstorms near and north of the front.  The more surface based super cells produced several tornadoes in southeast Nebraska and southwest Iowa, while more elevated storms in northeast Nebraska produced very large hail.  In addition, areas of very heavy rain produced isolated flash and river flooding across the area.",203
366716,SARPY CO.,MEADOW,04/14/2012,2319,Tornado, ,EF1,0,0,0,0,NE,CST-6, ,61138,C,153,OAX,0,0,NWS Storm Survey, ,1.16,50,4,WSW,3,W,MEADOW,04/14/2012,2321,41.0139,-96.2448,41.0276,-96.232,"This tornado first touched down about a mile northwest of South Bend in Cass county, crossed the Platte River and then lifted in Sarpy county about 2 miles north northeast of South Bend.  The tornado caused tree and outbuilding damage along its path.","A strong upper level system over the southern Rockies lifted northeast across the plains causing an intense surface low pressure system and attendant warm front to lift into Nebraska.  The main warm front remained either in southern Nebraska or in Kansas, and the shear and instability associated with the system produced widespread multi-cellular convection with embedded super cell thunderstorms near and north of the front.  The more surface based super cells produced several tornadoes in southeast Nebraska and southwest Iowa, while more elevated storms in northeast Nebraska produced very large hail.  In addition, areas of very heavy rain produced isolated flash and river flooding across the area.",204
365679,POTTAWATTAMIE CO.,QUICK,04/14/2012,2355,Tornado, ,EF1,0,0,0,0,IA,CST-6, ,61139,C,155,OAX,0,0,NWS Storm Survey, ,1.04,440,3,W,3,W,QUICK,04/14/2012,2357,41.2727,-95.7393,41.2849,-95.7278,"A tornado touched down near the entrance to the Westfair Amphitheater damaging numerous trees and outbuildings in the area.   About half the bleachers on both the west and east sides from the Westfair arena were torn from their foundation anchors and ended in a tangled pile and power poles were damaged.   The total track of the tornado was about 1 mile long and a quarter mile wide.","A strong upper level system over the southern Rockies lifted northeast across the plains causing an intense surface low pressure system and attendant warm front to lift into Nebraska.  The main warm front remained either in southern Nebraska or in Kansas, and the shear and instability associated with the system produced widespread multi-cellular convection with embedded super cell thunderstorms near and north of the front.  The more surface based super cells produced several tornadoes in southeast Nebraska and southwest Iowa, while more elevated storms in northeast Nebraska produced very large hail.  In addition, areas of very heavy rain produced isolated flash and river flooding across the area.  The severe weather came in several waves, the first one came through in the afternoon with the second a little after midnight CDT.",205
379940,OSAGE CO.,SKIATOOK ARPT,04/15/2012,449,Tornado, ,EF1,0,0,50000,0,OK,CST-6, ,62894,C,113,TSA,0,0,NWS Storm Survey, ,4.2,200,3,SW,1,SW,SKIATOOK,04/15/2012,455,36.3233,-96.0682,36.3607,-96.0093,"A tornado damaged two airplanes and the roof of a hangar at the Skiatook Municipal Airport. It also snapped and uprooted large hardwood trees. Maximum wind in the tornado based on this damage was 90 to 100 mph.","Early morning thunderstorms developed over northeast Oklahoma in advance of a slow moving cold front. Damaging winds, large hail, and two tornadoes were produced by the strongest storms.",206
379974,CHEROKEE CO.,STANDING ROCK,04/15/2012,822,Tornado, ,EF1,0,0,30000,0,OK,CST-6, ,62894,C,21,TSA,0,0,NWS Storm Survey, ,10.3,500,2,N,2,SSE,ELDON,04/15/2012,835,35.7847,-94.926,35.8991,-94.8073,"A tornado damaged homes and destroyed several sheds and barns. It also snapped hardwood trees. Maximum estimated wind in the tornado based on this damage was 85 to 95 mph. The tornado continued into Adair County, Oklahoma.","Early morning thunderstorms developed over northeast Oklahoma in advance of a slow moving cold front. Damaging winds, large hail, and two tornadoes were produced by the strongest storms.",207
379975,ADAIR CO.,TITANIC,04/15/2012,835,Tornado, ,EF0,0,0,25000,0,OK,CST-6, ,62894,C,1,TSA,0,0,NWS Storm Survey, ,0.3,200,2,W,1,W,TITANIC,04/15/2012,836,35.8991,-94.8073,35.9009,-94.8047,"This is the second segment of this tornado. The tornado moved across Highway 51 snapping large tree limbs and destroying an unoccupied mobile home that was not tied down. Maximum estimated wind during this segment of the tornado based on this damage was about 75 mph. The tornado continued into Cherokee County, Oklahoma.","Early morning thunderstorms developed over northeast Oklahoma in advance of a slow moving cold front. Damaging winds, large hail, and two tornadoes were produced by the strongest storms.",208
379977,CHEROKEE CO.,ELDON,04/15/2012,836,Tornado, ,EF0,0,0,0,0,OK,CST-6, ,62894,C,21,TSA,0,0,NWS Storm Survey, ,0.5,160,2,SE,3,SE,ELDON,04/15/2012,837,35.9009,-94.8047,35.9055,-94.7972,"This is the third segment of this tornado. The tornado moved back into Cherokee County after crossing Highway 51. During this segment, the tornado snapped large tree limbs. Maximum estimated wind in the tornado based on this damage was about 75 mph. The tornado continued into Adair County, Oklahoma.","Early morning thunderstorms developed over northeast Oklahoma in advance of a slow moving cold front. Damaging winds, large hail, and two tornadoes were produced by the strongest storms.",209
379978,ADAIR CO.,TITANIC,04/15/2012,837,Tornado, ,EF0,0,0,20000,0,OK,CST-6, ,62894,C,1,TSA,0,0,NWS Storm Survey, ,3.4,150,1,WNW,3,NE,TITANIC,04/15/2012,843,35.9055,-94.7972,35.9346,-94.7514,"This is the final segment of this tornado. The tornado moved back into Adair County just north of Highway 51 snapping large tree limbs and destroying a few sheds and outbuildings. Maximum estimated wind in the tornado during this segment based on this damage was about 70 mph.","Early morning thunderstorms developed over northeast Oklahoma in advance of a slow moving cold front. Damaging winds, large hail, and two tornadoes were produced by the strongest storms.",210
369786,SHERMAN CO.,LITCHFIELD,04/15/2012,1048,Tornado, ,EF0,0,0,60000,0,NE,CST-6, ,61562,C,163,GID,0,0,Emergency Manager, ,0.49,40,2,W,2,WNW,LITCHFIELD,04/15/2012,1050,41.1721,-99.1923,41.1774,-99.1859,"This tornado affected a one-half mile path approximately 2 miles northwest of Litchfield, and crossed Highway 2.  Damage from this tornado was primarily confined to a metal building at a farmstead near Highway 2.  The maximum wind speed was estimated at 80 mph.","As a powerful, nearly vertically-stacked closed low pressure passed directly over the area on this Sunday, a few brief EF0 tornadoes touched down in Sherman and Valley Counties at mid-day, while later in the afternoon and evening strong northwest gradient wind gusts of 50-60 MPH buffeted much of the 24-county area. ||Although tornadic activity was originally not anticipated on this day, it ended up being a fairly classic cold-core mid level low pressure system event. Factoring into this development was very strong low level vorticity associated with a 988 millibar surface low in central Nebraska, which teamed with meager-but-sufficient surface based CAPE of around 200 J/kg to spawn a small supercell storm that tracked from southwest Sherman County across southern and eastern Valley County, before departing the local area to the northeast. The first EF0 tornado struck a farmstead between Litchfield and the Custer County line just before 12 PM CDT, destroying a metal outbuilding and doing minor damage to a home. Less than an hour later, another brief tornado set down southeast of Ord, with no damage reported. Once this lone tornadic storm moved out of the area, cooler and more stable air quickly rushed in behind the departing surface low, ending the severe weather threat. ||As the afternoon and evening wore on, northwest winds ramped up on the backside of the low as it tracked into northwest Iowa by sunset. Several automated sensors recorded sustained winds of 30-40 MPH and gusts to at least 50 MPH. Between 8 PM and 1230 AM CDT, 58-59 MPH gusts were recorded at the Grand Island, Ord and Aurora airports.",211
369787,VALLEY CO.,ORD,04/15/2012,1137,Tornado, ,EF0,0,0,0,0,NE,CST-6, ,61562,C,175,GID,0,0,Storm Chaser, ,0.04,25,5,ESE,5,ESE,ORD,04/15/2012,1138,41.5824,-98.83,41.5826,-98.8293,"A tornado briefly touched down approximately 5 miles southeast of Ord, with no damage reported.","As a powerful, nearly vertically-stacked closed low pressure passed directly over the area on this Sunday, a few brief EF0 tornadoes touched down in Sherman and Valley Counties at mid-day, while later in the afternoon and evening strong northwest gradient wind gusts of 50-60 MPH buffeted much of the 24-county area. ||Although tornadic activity was originally not anticipated on this day, it ended up being a fairly classic cold-core mid level low pressure system event. Factoring into this development was very strong low level vorticity associated with a 988 millibar surface low in central Nebraska, which teamed with meager-but-sufficient surface based CAPE of around 200 J/kg to spawn a small supercell storm that tracked from southwest Sherman County across southern and eastern Valley County, before departing the local area to the northeast. The first EF0 tornado struck a farmstead between Litchfield and the Custer County line just before 12 PM CDT, destroying a metal outbuilding and doing minor damage to a home. Less than an hour later, another brief tornado set down southeast of Ord, with no damage reported. Once this lone tornadic storm moved out of the area, cooler and more stable air quickly rushed in behind the departing surface low, ending the severe weather threat. ||As the afternoon and evening wore on, northwest winds ramped up on the backside of the low as it tracked into northwest Iowa by sunset. Several automated sensors recorded sustained winds of 30-40 MPH and gusts to at least 50 MPH. Between 8 PM and 1230 AM CDT, 58-59 MPH gusts were recorded at the Grand Island, Ord and Aurora airports.",212
371436,WHEELER CO.,BARTLETT,04/15/2012,1205,Tornado, ,EF0,0,0,54000,0,NE,CST-6, ,62026,C,183,LBF,0,0,NWS Storm Survey, ,0.08,35,5,SW,5,SW,BARTLETT,04/15/2012,1207,41.8258,-98.6046,41.8268,-98.6054,"A tornado briefly touched down and caused damage to a farmstead five miles northeast of Ericson.  Damage occurred to two buildings where a pole barn sustained major damage and the canvas roof of a second larger outbuilding was destroyed.","A few weak thunderstorms developed along a surface boundary located from central into northeast Nebraska on the afternoon of April 15th.  These thunderstorms produced short-lived and weak tornadoes, before the storms quickly dissipated. One of the tornadoes hit a farmstead, causing damage to several buildings.",213
371434,WHEELER CO.,BARTLETT,04/15/2012,1255,Tornado, ,EF0,0,0,0,0,NE,CST-6, ,62026,C,183,LBF,0,0,Fire Department/Rescue, ,0.15,20,9,NNE,9,NNE,BARTLETT,04/15/2012,1256,42,-98.48,42.002,-98.4782,"A tornado briefly touched down and lifted with no damage reported.","A few weak thunderstorms developed along a surface boundary located from central into northeast Nebraska on the afternoon of April 15th.  These thunderstorms produced short-lived and weak tornadoes, before the storms quickly dissipated. One of the tornadoes hit a farmstead, causing damage to several buildings.",214
366410,KNOX CO.,VERDIGRE,04/15/2012,1327,Tornado, ,EF0,0,0,0,0,NE,CST-6, ,61253,C,107,OAX,0,0,Trained Spotter, ,0.4,40,1,SSW,1,SSW,VERDIGRE,04/15/2012,1328,42.58,-98.04,42.5857,-98.0384,"A brief tornado touched down in open field and caused no apparent damage.","Deep low pressure that brought several tornadoes to southeast Nebraska on April 14th, tracked across northeast Nebraska during the morning and early afternoon of April 15th.  Although a front had swept through the region, there was still enough instability around to allow for the development of low-topped mini super-cell thunderstorms that spawned a couple of brief weak tornadoes under the upper low.",215
366411,KNOX CO.,SANTEE,04/15/2012,1335,Tornado, ,EF0,0,0,0,0,NE,CST-6, ,61253,C,107,OAX,0,0,Trained Spotter, ,0.45,25,2,WNW,2,WNW,SANTEE,04/15/2012,1336,42.8392,-97.86,42.8433,-97.8533,"A brief rope tornado touchdown was observed just north of Santee.","Deep low pressure that brought several tornadoes to southeast Nebraska on April 14th, tracked across northeast Nebraska during the morning and early afternoon of April 15th.  Although a front had swept through the region, there was still enough instability around to allow for the development of low-topped mini super-cell thunderstorms that spawned a couple of brief weak tornadoes under the upper low.",216
374946,BON HOMME CO.,SPRINGFIELD,04/15/2012,1340,Tornado, ,EF0,0,0,0,0,SD,CST-6, ,62690,C,9,FSD,0,0,Trained Spotter, ,0.51,25,2,NE,2,NE,SPRINGFIELD,04/15/2012,1342,42.87,-97.85,42.87,-97.84,"A brief rope tornado caused no reported damage as it crossed over the northern edge of the Missouri River.","Thunderstorms produced large hail at a few scattered locations in southeast South Dakota during the late morning and early afternoon of April 15th. There was also a tornado reported in Bon Homme County.",217
374952,LYON CO.,MINNEOTA,04/15/2012,1511,Tornado, ,EF0,0,0,0,0,MN,CST-6, ,62691,C,83,FSD,0,0,Trained Spotter, ,0.49,50,5,ENE,4,ENE,MINNEOTA,04/15/2012,1513,44.59,-95.89,44.59,-95.9,"A brief tornado caused no reported damage.","Thunderstorms produced large hail at scattered locations in southwest Minnesota during the afternoon of April 15th. There was also a brief tornado reported in Lyon County.",218
365826,MCLEOD CO.,BROWNTON,04/15/2012,1624,Tornado, ,EF0,0,0,0,0,MN,CST-6, ,61170,C,85,MPX,0,0,Storm Chaser, ,0.06,15,2,SW,2,SW,BROWNTON,04/15/2012,1625,44.71,-94.38,44.7109,-94.3797,"A storm chaser observed a brief tornado touch down southwest of Brownton, Minnesota.  No damage was observed as it tracked less than a few hundred feet in a open field.","A very large and intense storm system that moved across the Upper Midwest generated one tornado in southern Minnesota during the late afternoon of Sunday, April 15th.  Initially, a warm front laid across southern Minnesota, bisecting a very cool air mass in central Minnesota and a very mild air mass in southern Minnesota.  Winds veered rapidly from the south, to the east-northeast across the area where the tornado formed. Although wind shear was strong, limited instability allowed most of the storms to remain weak, until the storms moved close to the warm front where the abrupt switch in the wind direction allowed for a tornado to form rapidly, but only last a few minutes as the storms moved into the stable air mass north of the warm front.  In addition to the tornado, low freezing levels created some of the stronger storms to produce penny, up to quarter size hail.  These storms moved into west central Wisconsin where some produced penny size hail.",219
365556,VAN BUREN CO.,FAIRBANKS,04/15/2012,1711,Tornado, ,EF1,0,0,30000,0,AR,CST-6, ,61137,C,141,LZK,0,0,NWS Storm Survey, ,2.27,300,1,NW,2,NNE,FAIRBANKS,04/15/2012,1714,35.4434,-92.2984,35.4645,-92.2674,"An EF1 tornado snapped off or uprooted dozens of trees, tore part of the porch roof off a mobile home, overturned a travel trailer, and caused minor damage to a house and a vacant mobile home.","Windy conditions prevailed ahead of an approaching cold front, with gusts of 30 to 40 mph common. As the front moved in, thunderstorms developed. Isolated severe weather, including one tornado, resulted.",220
377660,SAN PATRICIO CO.,PORTLAND,04/16/2012,423,Tornado, ,EF1,0,0,2000000,0,TX,CST-6, ,63006,C,409,CRP,0,0,NWS Storm Survey, ,2.01,500,1,ENE,2,S,GREGORY,04/16/2012,439,27.8748,-97.3063,27.903,-97.2985,"NWS storm survey concluded a tornado touched down near Lost Creek Drive on the extreme southeast side of Portland. The tornado moved north through the Portland Northshore Country Club producing mainly tree, roof, and fence damage. The tornado moved north into the Bay Ridge subdivision and strengthened. The tornado damaged around 50 homes and several vehicles. Of the homes damaged, 8 received major damage and 15 received minor damage. Maximum sustained winds were estimated to be near 100 mph in this area.","A nearly stationary cold front along with plentiful moisture, an unstable airmass and a strong upper level disturbance set the stage for the development of 4 tornadoes, heavy rainfall, and flooding across the Coastal Bend during the morning hours of April 16th. ||Three tornadoes occurred in San Patricio County and 1 tornado in Kleberg County during the morning of the 16th. The tornadoes occurred in the Portland-Gregory area between 523 and 620 AM CDT on the 16th. One of these was rated as an EF-1. Around 50 homes in Portland sustained wind damage along with lots of tree and fence damage. The other two tornadoes near Gregory were rated as EF-0. The lone tornado in Kleberg county was rated an EF-0.||During the morning hours on the 16th, storms continued to develop and move over the same areas due to the upper level flow remaining parallel to the front. This resulted in persistent shower and thunderstorm development over the Coastal Bend and Victoria areas. The result was widespread heavy rainfall between 2 and 6 inches with isolated amounts up to 15 inches over eastern San Patricio and southern Refugio Counties. Devastating floods occurred in Gregory with nearly 80% of the homes flooded. Other reports of flooding occured in Nueces, Refugio and eastern San Patricio counties.",221
377992,SAN PATRICIO CO.,GREGORY,04/16/2012,450,Tornado, ,EF0,0,0,15000,0,TX,CST-6, ,63006,C,409,CRP,0,0,NWS Storm Survey, ,1.05,50,3,ESE,3,E,GREGORY,04/16/2012,455,27.92,-97.26,27.9348,-97.2565,"NWS storm survey concluded a tornado touched down in a field south of Highway 35 just east of Gregory. The tornado flipped over a fireworks stand and damaged the side of an outbuilding. The tornado crossed Highway 35 and dissipated in a field. Maximum winds of 70 mph were estimated.","A nearly stationary cold front along with plentiful moisture, an unstable airmass and a strong upper level disturbance set the stage for the development of 4 tornadoes, heavy rainfall, and flooding across the Coastal Bend during the morning hours of April 16th. ||Three tornadoes occurred in San Patricio County and 1 tornado in Kleberg County during the morning of the 16th. The tornadoes occurred in the Portland-Gregory area between 523 and 620 AM CDT on the 16th. One of these was rated as an EF-1. Around 50 homes in Portland sustained wind damage along with lots of tree and fence damage. The other two tornadoes near Gregory were rated as EF-0. The lone tornado in Kleberg county was rated an EF-0.||During the morning hours on the 16th, storms continued to develop and move over the same areas due to the upper level flow remaining parallel to the front. This resulted in persistent shower and thunderstorm development over the Coastal Bend and Victoria areas. The result was widespread heavy rainfall between 2 and 6 inches with isolated amounts up to 15 inches over eastern San Patricio and southern Refugio Counties. Devastating floods occurred in Gregory with nearly 80% of the homes flooded. Other reports of flooding occured in Nueces, Refugio and eastern San Patricio counties.",222
377661,SAN PATRICIO CO.,INGLESIDE,04/16/2012,520,Tornado, ,EF0,0,0,50000,0,TX,CST-6, ,63006,C,409,CRP,0,0,NWS Storm Survey, ,0.66,50,3,NNW,3,N,INGLESIDE,04/16/2012,522,27.92,-97.23,27.9294,-97.2285,"NWS storm survey concluded a tornado touched down in an open field south of Highway 35 about 2 miles east of Gregory. The tornado crossed Highway 35 damaging a few power poles. Maximum winds were estimated at 70 mph.","A nearly stationary cold front along with plentiful moisture, an unstable airmass and a strong upper level disturbance set the stage for the development of 4 tornadoes, heavy rainfall, and flooding across the Coastal Bend during the morning hours of April 16th. ||Three tornadoes occurred in San Patricio County and 1 tornado in Kleberg County during the morning of the 16th. The tornadoes occurred in the Portland-Gregory area between 523 and 620 AM CDT on the 16th. One of these was rated as an EF-1. Around 50 homes in Portland sustained wind damage along with lots of tree and fence damage. The other two tornadoes near Gregory were rated as EF-0. The lone tornado in Kleberg county was rated an EF-0.||During the morning hours on the 16th, storms continued to develop and move over the same areas due to the upper level flow remaining parallel to the front. This resulted in persistent shower and thunderstorm development over the Coastal Bend and Victoria areas. The result was widespread heavy rainfall between 2 and 6 inches with isolated amounts up to 15 inches over eastern San Patricio and southern Refugio Counties. Devastating floods occurred in Gregory with nearly 80% of the homes flooded. Other reports of flooding occured in Nueces, Refugio and eastern San Patricio counties.",223
377994,KLEBERG CO.,RIVIERA BEACH,04/16/2012,735,Tornado, ,EF0,0,0,0,0,TX,CST-6, ,63006,C,273,CRP,0,0,County Official, ,0.48,50,2,WNW,3,NW,RIVIERA BEACH,04/16/2012,737,27.294,-97.705,27.3009,-97.7043,"Kleberg County official reported tornado near Farm to Market Road 771 east of Riviera.|Photo sent to the office confirmed the tornado report.","A nearly stationary cold front along with plentiful moisture, an unstable airmass and a strong upper level disturbance set the stage for the development of 4 tornadoes, heavy rainfall, and flooding across the Coastal Bend during the morning hours of April 16th. ||Three tornadoes occurred in San Patricio County and 1 tornado in Kleberg County during the morning of the 16th. The tornadoes occurred in the Portland-Gregory area between 523 and 620 AM CDT on the 16th. One of these was rated as an EF-1. Around 50 homes in Portland sustained wind damage along with lots of tree and fence damage. The other two tornadoes near Gregory were rated as EF-0. The lone tornado in Kleberg county was rated an EF-0.||During the morning hours on the 16th, storms continued to develop and move over the same areas due to the upper level flow remaining parallel to the front. This resulted in persistent shower and thunderstorm development over the Coastal Bend and Victoria areas. The result was widespread heavy rainfall between 2 and 6 inches with isolated amounts up to 15 inches over eastern San Patricio and southern Refugio Counties. Devastating floods occurred in Gregory with nearly 80% of the homes flooded. Other reports of flooding occured in Nueces, Refugio and eastern San Patricio counties.",224
380169,KENEDY CO.,SARITA,04/16/2012,737,Tornado, ,EF0,0,0,0,0,TX,CST-6, ,63344,C,261,BRO,0,0,Public, ,0.76,25,3,NNE,3,NNE,SARITA,04/16/2012,740,27.2504,-97.7776,27.2608,-97.7819,"A tornado was reported on the Kenedy Ranch, approximately 3 miles south of Rivera (Kleberg County).  This storm would later produce a damaging tornado near Kingsville.  The National Weather Service Office in Corpus Christi relayed the report to from the general public.","A slow moving front, prior boundaries from evening storms on the 15th, and a warm humid air mass in place across the Rio Grande Valley activated numerous afternoon and early evening thunderstorms on April 16th. Early morning showers produced a funnel cloud in Donna; the tail of stronger storms which produced flooding, tornadoes, and hail across the Coastal Bend from mid-morning through mid-afternoon produced a small tornado on the Kenedy Ranch along the Kenedy/Kleberg County line.  By afternoon, temperatures warming into the mid and upper 80s were sufficient to trigger rapid development of thunderstorms in eastern Starr County; these would slide into Hidalgo County during the afternoon and produce a combination of torrential rains, frequent lightning, and hail mainly between pea and dime size with a few nickel and quarter size reports in the Edinburg/Pharr/McAllen area. More than 2 inches of welcome rain fell in Edinburg. By late afternoon, inflow of deep moisture along the Highway 77 corridor filled in thunderstorms between the Cameron/Willacy county line and the south end of the King Ranch. One storm grew very robust and slowly drifted in between Rio Hondo, Harlingen, San Benito, and Los Fresnos. An assumed large hail core centered over rural locations; others observed wind gusts to 55 mph and rainfall as much as 3.7 inches in Rio Hondo.||The outflow associated with the large storm in north central Cameron County outran its updraft support, and much of the action calmed by the time the remnants reached Brownsville between 5 and 545pm. The outflow combined with other boundaries from storms sliding along the Rio Grande River into southwest Cameron County to flare up a small but potent storm just west of Port Isabel just before 6 pm. As the storm raced east onto South Padre Island, a downburst developed which produced winds up to 57 mph at the Port Isabel Coast Guard station (along Laguna Vista Bay) and a half mile swath of estimated 70 to 75 mph winds across the central portion of the resort area of South Padre Island, all occurring roughly between 622 and 628 pm CDT. Reports from residents indicated two small boats sank at a bayside dock, two windows blown out of shuttle buses, a restaurant awning blown down, a utility pole knocked down at  service station, and lawn furniture strewn around one resident's yard.",225
379496,WILLACY CO.,RAYMONDVILLE,04/20/2012,1645,Tornado, ,EF0,0,0,0,0,TX,CST-6, ,63158,C,489,BRO,0,0,Public, ,0.19,10,2,S,2,S,RAYMONDVILLE,04/20/2012,1646,26.4561,-97.7806,26.4561,-97.7776,"Tornado reported near Wal-Mart in Raymondville. Tornado touched down briefly. No damage reported.","A rapidly developing disturbance racing through southeast Texas triggered the ���loaded gun��� of an unstable atmosphere during the late afternoon of April 20th, and thunderstorms exploded into the atmosphere well above the freezing layer. Just three weeks after McAllen/Edinburg/Pharr/Mission was slammed by buckets of golf ball to baseball size hail and 70 to 75 mph wind gusts, fast moving intense storms dropped significantly lesser amounts of hail and rain, but large hailstones just the same, ranging from golf ball to as large as grapefruits! Isolated small tornadoes touched down briefly in Raymondville and Rangerville (southwest of Harlingen), with minor damage to trees on one property. Automobiles took the brunt of the damage with these storms. Preliminary damage estimates put the dollar amount around $10 million.",226
379487,CAMERON CO.,RANGERVILLE,04/20/2012,1730,Tornado, ,EF0,0,0,0,0,TX,CST-6, ,63158,C,61,BRO,0,0,Emergency Manager, ,0.05,10,3,NNE,3,NNE,RANGERVILLE,04/20/2012,1731,26.1202,-97.733,26.1198,-97.7323,"Cameron County emergency manager reported a funnel and touchdown southwest of Highway 77 in Harlingen. Resident at the intersection of Rangerville Road and CR 800 reported split tree blown across road and debris in backyard.","A rapidly developing disturbance racing through southeast Texas triggered the ���loaded gun��� of an unstable atmosphere during the late afternoon of April 20th, and thunderstorms exploded into the atmosphere well above the freezing layer. Just three weeks after McAllen/Edinburg/Pharr/Mission was slammed by buckets of golf ball to baseball size hail and 70 to 75 mph wind gusts, fast moving intense storms dropped significantly lesser amounts of hail and rain, but large hailstones just the same, ranging from golf ball to as large as grapefruits! Isolated small tornadoes touched down briefly in Raymondville and Rangerville (southwest of Harlingen), with minor damage to trees on one property. Automobiles took the brunt of the damage with these storms. Preliminary damage estimates put the dollar amount around $10 million.",227
