EVENT_ID,CZ_NAME_STR,BEGIN_LOCATION,BEGIN_DATE,BEGIN_TIME,EVENT_TYPE,MAGNITUDE,TOR_F_SCALE,DEATHS_DIRECT,INJURIES_DIRECT,DAMAGE_PROPERTY_NUM,DAMAGE_CROPS_NUM,STATE_ABBR,CZ_TIMEZONE,MAGNITUDE_TYPE,EPISODE_ID,CZ_TYPE,CZ_FIPS,WFO,INJURIES_INDIRECT,DEATHS_INDIRECT,SOURCE,FLOOD_CAUSE,TOR_LENGTH,TOR_WIDTH,BEGIN_RANGE,BEGIN_AZIMUTH,END_RANGE,END_AZIMUTH,END_LOCATION,END_DATE,END_TIME,BEGIN_LAT,BEGIN_LON,END_LAT,END_LON,EVENT_NARRATIVE,EPISODE_NARRATIVE,ABSOLUTE_ROWNUMBER
614764,SAN BENITO CO.,DUNNEVILLE CORNERS,01/06/2016,850,Tornado, ,EF0,0,0,0,0,CA,PST-8, ,102865,C,69,MTR,0,0,NWS Employee, ,0.67,20,1,SE,2,ESE,DUNNEVILLE CORNERS,01/06/2016,851,36.9373,-121.3821,36.9402,-121.3705,"At 8:50 AM PST on the morning of January 6, 2016, a weak tornado touched down in a field between Highway 156 and Orchard Road approximately 7 miles north of Hollister, CA in San Benito County. Results from a damage survey conducted by the National Weather Service later that day showed the damage to be consistent with a tornado	of EF-0 intensity (maximum wind speeds of 75 MPH). The tornado lasted just a minute or two and caused spotty damage along a 3/4-mile length path 10-20 yards in width that crossed Orchard Road as it moved to the north-northeast. Two large barns/sheds were moderately-to-significantly damaged along with a fence and some trees.","At 8:50 AM PST on the morning of January 6, 2016, a weak tornado touched down in a field between Highway 156 and Orchard Road approximately 7 miles north of Hollister, CA in San Benito County. Results from a damage survey conducted by the National Weather Service later that day showed the damage to be consistent with a tornado	of EF-0 intensity (maximum wind speeds of 75 MPH). The tornado lasted just a minute or two and caused spotty damage along a 3/4-mile length path 10-20 yards in width that crossed Orchard Road as it moved to the north-northeast. Two large barns/sheds were moderately-to-significantly damaged along with a fence and some trees.",1
608302,SAN BENITO CO.,DUNNEVILLE CORNERS,01/06/2016,850,Tornado, ,EF0,0,0,0,75000,CA,PST-8, ,101646,C,69,MTR,0,0,NWS Employee, ,0.61,20,1,SE,2,ESE,DUNNEVILLE CORNERS,01/06/2016,852,36.9381,-121.3815,36.9402,-121.3708,"A weak (EF-0) tornado touched down in a field between Highway 156 and Orchard Road approximately 7 miles north of Hollister, CA in San Benito County. The tornado last just a minute or two and caused spotty damage along a 3/4-mile length path that was 10-20 yards in width. A large shed sustained significant damage with its roof blown off. The roof was also blown off a barn and there was significant damage to a fence on the same property.","A strong Pacific storm swept through the San Francisco Bay Area and Monterey Bay Area on Wednesday, January 6. This storm produced heavy rain, minor flooding, damaging winds, a funnel cloud, and one confirmed tornado.",2
618069,MONROE CO.,KEY COLONY BEACH,01/08/2016,630,Tornado, ,EF0,0,0,2000,0,FL,EST-5, ,103405,C,87,KEY,0,0,Local Official, ,0.09,20,1,NNE,1,NNE,KEY COLONY BEACH,01/08/2016,631,24.7315,-81.0139,24.7324,-81.0128,"A waterspout was observed as a condensation funnel cloud over a marine basin approximately 630 am EST north of Key Colony Beach and just west of the Coco Plum Drive causeway.   The waterspout was observed crossing the causeway as a tornado at a seafood distribution business damaging a metal overhang.  Tarps and canvas coverings on vessels docked in the adjacent marina were partially or completely removed, with a few torn.   No structural damage to buildings or vessels was observed.  The tornado exited the causeway as a waterspout and dissipated very shortly thereafter.","A waterspout associated with a developing rain shower moved northeast and made landfall as a tornado over a causeway in the Coco Plum section of the City of Marathon, Florida.  Minor damage resulted as the tornado exited the causeway and dissipated as a waterspout.",3
607553,LEE CO.,MATLACHA,01/09/2016,1845,Tornado, ,EF2,0,3,2000000,0,FL,EST-5, ,101524,C,71,TBW,0,0,NWS Storm Survey, ,3.35,182,4,SSE,5,NNE,PUNTA RASSA,01/09/2016,1852,26.57,-82.037,26.575,-81.983,"NWS Storm Survey revealed EF-2 tornado damage in the western sections of Cape Coral. The tornado damaged 178 structures in total. One home was completely destroyed while 14 sustained major damage and another 163 sustained minor damage. The minor damage mainly consisted of roof damage and destroyed pool cages. Over 100 power poles were knocked down along the tornado's path along with many trees. The tornado injured three people while it was on the ground for about 7 minutes.","A band of showers and thunderstorms moved across southwest Florida ahead of a cold front. One of these storms produced an EF-2 tornado and severe wind gusts in Lee county.",4
609325,LEE CO.,WHISKEY CREEK,01/15/2016,1110,Tornado, ,EF1,0,0,200000,0,FL,EST-5, ,101853,C,71,TBW,0,0,NWS Storm Survey, ,0.19,45,2,SSW,2,SSW,WHISKEY CREEK,01/15/2016,1112,26.5503,-81.9126,26.552,-81.9102,"NWS Storm Survey detected EF-1 tornado damage across a small portion of Lee County. A roof was partially torn off a condo in the Whiskey Creek area. Damage was also seen to a few palm trees in the area. Four structures sustained damage.","A low pressure system offshore of Alabama lifted a warm front across Florida during the late morning hours. The southern portion of the peninsula was in the warm sector with a very moist and unstable airmass in place. Severe thunderstorms produced areas of straight-line wind damage along with a brief tornado.",5
609339,SARASOTA CO.,PINE SHRS,01/17/2016,310,Tornado, ,EF2,0,2,12000000,0,FL,EST-5, ,101881,C,115,TBW,0,0,NWS Storm Survey, ,1.15,350,1,WNW,1,S,SOUTH SARASOTA,01/17/2016,315,27.253,-82.5396,27.2663,-82.5284,"An NWS Storm Survey crew found damage to multiple homes and structures along the path of the tornado. One home on Siesta Key had the second floor collapse on to the first. Two people were injured in that home. The tornado was 350 yards wide as it came ashore on Siesta Key before narrowing to around 100 yards wide as it crossed the intercoastal waterways.","A strong and deepening area of low pressure across the northern Gulf pushed a strong line of thunderstorms across the Florida peninsula. Numerous supercell thunderstorms were observed and a few produced strong tornadoes along and near the coast.",6
609389,MANATEE CO.,OAK KNOLL,01/17/2016,335,Tornado, ,EF2,2,4,150000,0,FL,EST-5, ,101881,C,81,TBW,0,0,NWS Storm Survey, ,9.2,300,5,NE,4,N,DUETTE,01/17/2016,348,27.538,-82.219,27.642,-82.126,"The NWS Storm Survey found a single-wide mobile home destroyed and rolled over. Seven people were inside the home, two adults were killed with four injured. The tornado also destroyed a 2000 square foot barn. The damage was in a very rural, isolated area and the Manatee County Sheriffs surveyed the storm track by helicopter and found numerous trees down along the path.","A strong and deepening area of low pressure across the northern Gulf pushed a strong line of thunderstorms across the Florida peninsula. Numerous supercell thunderstorms were observed and a few produced strong tornadoes along and near the coast.",7
609610,MARTIN CO.,GOMEZ,01/17/2016,713,Tornado, ,EF1,0,0,100000,0,FL,EST-5, ,101918,C,85,MLB,0,0,NWS Storm Survey, ,0.8,75,1,N,1,NNE,GOMEZ,01/17/2016,715,27.0873,-80.1497,27.0963,-80.1416,"A NWS storm survey team determined an EF-1 tornado touched down in Hobe Sound, just east of U.S. Highway 1, in a wooded area between SE Courtney Terrace and SE Highpoint Way. Numerous uprooted trees (convergent pattern) indicated peak winds near 90 mph. The tornado then moved east-northeast and weakened to EF-0 strength, affecting a three block area before lifting near the intercoastal waterway between SE Marina Bay Drive and SE Palm Street. Eight homes sustained minor damage due to falling trees and debris penetration of windows. Four vehicles were also damaged from falling trees and flying debris. DI28 DOD3 EXP.","A low pressure system pushed a rapidly-moving squall line across east-central Florida during the morning. A thunderstorm within the line acquired rotation as moved from interior Martin County toward the coast and resulted in a brief tornado in the town of Hobe Sound.",8
609831,COPIAH CO.,BEECH GROVE,01/21/2016,1614,Tornado, ,EF0,0,0,17000,0,MS,CST-6, ,101941,C,29,JAN,0,0,NWS Storm Survey, ,3.03,50,3,SSW,1,SE,BEECH GROVE,01/21/2016,1619,31.9388,-90.2981,31.9662,-90.2578,"This weak tornado touched down along Bennett Road and tracked northeast along the northern portion of Burt-Loop Road. Here, a couple of trees were snapped along with several limbs broken off and some shingles peeled off the roof of a home. The tornado continued to Harmony Road, where a few more trees were snapped and some tin was peeled off the roof of a house. The tornado dissipated before it reached Highway 27. The maximum estimated wind speeds were 85mph.","Abundant moisture and instability combined with a potent low pressure system and associated cold front. Storms developed ahead of the front and produced hail, tornadoes and damaging winds.",9
618151,LINCOLN CO.,NEW SIGHT,01/21/2016,1625,Tornado, ,EF0,0,0,10000,0,MS,CST-6, ,101941,C,85,JAN,0,0,NWS Storm Survey, ,1.01,50,6,WNW,5,NW,NEW SIGHT,01/21/2016,1626,31.6919,-90.5363,31.6989,-90.5212,"This weak tornado touched down just north of the Old Red Star community along Old Red Star Rd just to the south of the Copiah/Lincoln county line. A shed was damaged with the roof blown off and a few trees damaged. As the tornado tracked northeast, it crossed Watson Rd and damaged a couple trees. The heaviest damage occurred just west of Lott Smith Rd where dozens of pine trees were snapped and several hard woods were uprooted. A shed was damaged along with a small portion of a roof on a house. Another home had a larger section of the roof torn off. This area was rated EF1. The tornado continued northeast and lifted at Sylvarena Rd and Bayou Pierre. The maximum estimated winds were 100mph. The total track length was 5.4 miles and path width was 200 yards.","Abundant moisture and instability combined with a potent low pressure system and associated cold front. Storms developed ahead of the front and produced hail, tornadoes and damaging winds.",10
618152,COPIAH CO.,PEETSVILLE,01/21/2016,1626,Tornado, ,EF1,0,0,155000,0,MS,CST-6, ,101941,C,29,JAN,0,0,NWS Storm Survey, ,4.33,200,3,ESE,4,WNW,BEAUREGARD,01/21/2016,1633,31.6989,-90.5212,31.7334,-90.4597,"This weak tornado touched down just north of the Old Red Star community along Old Red Star Rd just to the south of the Copiah/Lincoln county line. A shed was damaged with the roof blown off and a few trees damaged. As the tornado tracked northeast, it crossed Watson Rd and damaged a couple trees. The heaviest damage occurred just west of Lott Smith Rd where dozens of pine trees were snapped and several hard woods were uprooted. A shed was damaged along with a small portion of a roof on a house. Another home had a larger section of the roof torn off. This area was rated EF1. The tornado continued northeast and lifted at Sylvarena Rd and Bayou Pierre. The maximum estimated winds were 100mph. The total track length was 5.4 miles and path width was 200 yards.","Abundant moisture and instability combined with a potent low pressure system and associated cold front. Storms developed ahead of the front and produced hail, tornadoes and damaging winds.",11
609832,SIMPSON CO.,BUSH,01/21/2016,1720,Tornado, ,EF1,0,0,17000,0,MS,CST-6, ,101941,C,127,JAN,0,0,NWS Storm Survey, ,3.89,300,2,W,2,NE,PINOLA,01/21/2016,1729,31.8656,-90.0125,31.8835,-89.9496,"The tornado started off of Highway 472 where it snapped a few trees and then continued northeast along the highway where it took a large portion of the roof off of a mobile home. The tornado continued northeast and crossed Berta Mamgum Road, where it snapped a few trees along the way and blew some tin off the roof of a mobile home. The tornado continued across Railroad Lane and Highway 28, snapping several trees and ended just east of Old Westville Road. The maximum estimated wind speeds were 95mph.","Abundant moisture and instability combined with a potent low pressure system and associated cold front. Storms developed ahead of the front and produced hail, tornadoes and damaging winds.",12
609833,SCOTT CO.,HOMEWOOD,01/21/2016,1746,Tornado, ,EF0,0,0,9000,0,MS,CST-6, ,101941,C,123,JAN,0,0,NWS Storm Survey, ,2.09,75,2,NNW,3,NNE,HOMEWOOD,01/21/2016,1749,32.2624,-89.5387,32.2645,-89.503,"This weak tornado snapped a handful of large pine trees off of County Road 562 and 550. A few other large limbs were also broken off. This tornado dissipated just before it crossed Highway 35. The maximum estimated wind speeds were 70mph.","Abundant moisture and instability combined with a potent low pressure system and associated cold front. Storms developed ahead of the front and produced hail, tornadoes and damaging winds.",13
612163,TANGIPAHOA PAR.,TANGIPAHOA,01/21/2016,1758,Tornado, ,EF1,0,0,0,0,LA,CST-6, ,102428,C,105,LIX,0,0,NWS Storm Survey, ,0.24,50,2,NW,2,NW,TANGIPAHOA,01/21/2016,1759,30.8872,-90.5192,30.8875,-90.5186,"A weak tornado touched down just northwest of the community of Tangipahoa. Approximately a dozen large hardwood trees, mainly oaks, were uprooted or trunks snapped. Path length approximately one quarter mile. Path width 50 yards. The tornado was ranked an EF1 on the Enhanced Fujita scale with an estimated maximum wind speed of 95 mph. Time of the event was based on radar.","Low pressure moved from Texas through central Mississippi during the afternoon and evening hours of the 21st. Severe thunderstorms developed in advance of the trailing cold front as it moved across southeast Louisiana. Numerous reports of hail and several thunderstorm wind damage were received in the wake of the storms.",14
609839,LAMAR CO.,OTOB,01/21/2016,1849,Tornado, ,EF2,0,0,65000,0,MS,CST-6, ,101941,C,73,JAN,0,0,NWS Storm Survey, ,6.46,530,3,WNW,2,NE,OLOH,01/21/2016,1856,31.3241,-89.6506,31.3425,-89.5432,"The tornado started near Strickland Road, where it snapped a few trees. The tornado continued northeast to the intersection of Porter Hudson Road and North Slade Road. At this point, the tornado was the strongest with 115mph winds. The tornado destroyed a garage and took the roof off of a house. The tornado continued across Bob Graham Road, where it took some roof decking off of a home. The tornado continued across Sand Lane, where it caused some roof damage to a mobile home. The tornado crossed Old Salt Road and snapped a few trees and tipped over a mobile home. The tornado continued to move east across North Black Creek Road, snapping a few more trees along the way and ended just east of Black Creek Road.","Abundant moisture and instability combined with a potent low pressure system and associated cold front. Storms developed ahead of the front and produced hail, tornadoes and damaging winds.",15
608600,WALTON CO.,CANEY CREEK,01/22/2016,144,Tornado, ,EF0,0,0,0,0,FL,CST-6, ,101772,C,131,TAE,0,0,Official NWS Observations, ,3.03,50,1,NNE,3,SW,GASKIN,01/22/2016,149,30.8969,-86.1972,30.9335,-86.1691,"Trees were blown down and a dual-pol tornadic debris signature was observed on KEVX radar along this track.  No structural damage was reported in this very rural area.  This tornado was rated EF0.","A strong upper level trough and surface cold front moved through the region during the early morning hours of January 22nd.  A squall line developed ahead of the front and produced some wind damage and a couple of brief tornadoes.",16
608601,CALHOUN CO.,BROAD BRANCH,01/22/2016,349,Tornado, ,EF0,0,0,0,0,FL,CST-6, ,101772,C,13,TAE,0,0,Official NWS Observations, ,1.17,50,3,NNW,4,N,BROAD BRANCH,01/22/2016,351,30.3563,-85.3032,30.3698,-85.2913,"Trees were blown down and a dual-pol tornadic debris signature was observed from KEVX radar along this track.  No structural damage was reported in this very rural area.  This tornado was rated EF0.","A strong upper level trough and surface cold front moved through the region during the early morning hours of January 22nd.  A squall line developed ahead of the front and produced some wind damage and a couple of brief tornadoes.",17
611445,BROWARD CO.,(FXE)FT LAUDRDL EXEC,01/27/2016,930,Tornado, ,EF1,0,2,850000,0,FL,EST-5, ,102267,C,11,MFL,0,0,NWS Storm Survey, ,2.29,35,3,NNW,2,WNW,COCONUT CREEK,01/27/2016,936,26.2349,-80.1809,26.2601,-80.1568,"The tornado first touched down near the intersection of NW 2nd Court and NW 43rd Avenue, snapping and uprooting several trees and damaging fences as it traveled to the northeast. Damage was reported across NW 42nd Avenue, Palmetto Drive, and Coconut Creek Boulevard in the path of the tornado. Discontinuous damage to trees and power lines occurred as the tornado then travelled across the Broward College North Campus.  On the north end of campus, several cars in the north parking lot near the Health Sciences Building were tossed into each other. The tornado then crossed Coconut Creek Parkway just to the west of the Florida Turnpike, flipping a community bust on the road. The driver of the bus sustained a minor injury. On the north side of the road, the tornado moved through the Wynmoor Village Condo Complex where the most significant damage was reported. Numerous trees were uprooted across the complex, with a few snapped in half and debarked, along with snapped light poles and damage to fences. Several mid-level condo buildings sustained moderate roof damage where roofing material and portions of concrete block were peeled off and thrown several yards, damaging numerous cars in the parking lot. The tornado then crossed the Florida's Turnpike near the mile marker 67 entrance and exit ramps. Several cars were tossed and damaged along  the Turnpike, including one southbound travelling car that was flipped into the northbound lane, resulting in a minor injury. The tornado then weakened as it moved to the east side of the Turnpike, where large limbs were broken off trees, power lines knocked down, and smaller trees uprooted along Blount Road. Minor roof damage occurred to the North Homeless Assistance Center in this area. A tractor trailer was flipped at the Whole Foods Warehouse along NW 19th street and Blount Road, before the tornado travelled further northeast causing moderate tree damage along NW 25th Avenue. The tornado lifted near Copans Road and NW 25th Street.","Several waves of severe storms developed across South Florida during the two day period of the 27th and 28th. The first wave of storms occurred with a weak warm front that lifted over the region during the morning hours of the 27th, producing a tornado along the east coast. This line persisted for most of the day, leading to minor flooding of roads in some locations. The second wave occurred as a Gulf low lifted northeast over the state and pushed a cold front into the region. Another tornado developed along the east coast, along with additional thunderstorm wind damage. Several days of rainfall also led to additional flooding of homes in Collier county.",18
611448,PALM BEACH CO.,DELRAY BEACH,01/28/2016,1032,Tornado, ,EF0,0,0,0,0,FL,EST-5, ,102267,C,99,MFL,0,0,Law Enforcement, ,7.12,10,2,WSW,2,SSE,HYPOLUXO,01/28/2016,1043,26.4568,-80.1025,26.5453,-80.0434,"The tornado initially touched down near the intersection of SW 3rd Street and SW 27th Avenue, before travelling northeast and causing roof damage to a church at the corner of Homewood Avenue and Atlantic Avenue. The tornado then travelled north-northeast, leading to snapped trees and broken large branches near N Congress Avenue just west of I-95. Additional large downed trees were reported in the Delray Park of Commerce Complex in this area. The tornado then crossed I-95 near Lake Ida and Lake Ida Park, leading to tree and fence damage along the east side of the lake. The tornado then lifted briefly, before touching down again a mile or so northeast near Bethesda Hospital where additional tree and fence damage in the vicinity. The track continued to the north-northeast, crossing US 1 to the north of E Woolbright Road. Large limbs and several small trees were knocked down at several businesses along the US 1 corridor. Additional minor damage was reported in the Sterling Village Condominiums before the tornado briefly became a waterspout as it crossed the Intracoastal Waterway. The track then briefly moved across the barrier island near E Ocean Avenue, before moving offshore near Boynton Inlet.","Several waves of severe storms developed across South Florida during the two day period of the 27th and 28th. The first wave of storms occurred with a weak warm front that lifted over the region during the morning hours of the 27th, producing a tornado along the east coast. This line persisted for most of the day, leading to minor flooding of roads in some locations. The second wave occurred as a Gulf low lifted northeast over the state and pushed a cold front into the region. Another tornado developed along the east coast, along with additional thunderstorm wind damage. Several days of rainfall also led to additional flooding of homes in Collier county.",19
615096,NEWTON CO.,CALHOUN,02/02/2016,1448,Tornado, ,EF1,0,0,120000,0,MS,CST-6, ,102943,C,101,JAN,0,0,NWS Storm Survey, ,7.13,150,2,SSW,2,WSW,HICKORY,02/02/2016,1452,32.2441,-89.157,32.3041,-89.0577,"This tornado touched down just west of Highway 15 and tracked northeast across Highway 15 and Highway 504 damaging two homes and a mobile home. The tornado continued northeast across Shelby Road and Garvin Road, damaging the roof of a home and destroying two chicken houses. The most intense damage along the path was to the chicken houses. Numerous trees and power poles were snapped throughout its path before it dissipated near Brand Road. Maximum EF1 winds were 110 mph.","A spring like weather system took shape on Feb 2 and set the stage for a round of severe storms with tornadoes. A large surface low developed across the Eastern Plains and Midwest with an attendant surface front that extended southward into the ArkLaMiss region. While the core of the best lift was over the Midwest, a combination of sufficient lift along with strong wind shear and instability coexisted across portions of East-Central Mississippi. Several supercell thunderstorms developed during the afternoon with a few producing tornadoes. One cell in particular was efficient at producing tornadoes and produced 3 before moving into Alabama where it produced a few more. This cell impacted Newton, Lauderdale, Kemper, and Noxubee Counties with tornadoes, 2 of which were strong and rated EF2.",20
615098,LAUDERDALE CO.,SCHAMBERVILLE,02/02/2016,1519,Tornado, ,EF2,0,0,1450000,0,MS,CST-6, ,102943,C,75,JAN,0,0,NWS Storm Survey, ,10.03,880,1,SSW,2,NNE,SHUCKTOWN,02/02/2016,1532,32.4685,-88.8749,32.5775,-88.761,"The tornado began southwest of Collinsville near Honeysuckle Drive. It caused damage to numerous homes in this subdivision, mainly to roofs. The tornado then tracked northeast through other subdivisions along Magnolia Road, again causing roof damage that ranged from minor shingle damage to roofs completely destroyed. The tornado also caused extensive damage to a mobile home along Magnolia Drive. As the tornado crossed Highway 494, it caused additional roof damage to a home as well as lifting a mobile home. As the tornado crossed a subdivision along Collinsville Circle, it caused additional roof damage with some extensive. As the tornado tracked near Highway 19, it caused extensive damage to the several buildings of Collinsville Baptist Church. It was here at the church, as well as several of the homes and the mobile home in the subdivisions southwest of Collinsville, that saw the most intense damage and where the tornado was strongest. The tornado continued northeast and snapped or uprooted numerous trees. Minor fence and roof damage occurred at West Lauderdale High School. The tornado continued on into Kemper County.  Peak winds were 125 mph. Total path length was 21.4 miles with a max path width of 880 yards(half of a mile).","A spring like weather system took shape on Feb 2 and set the stage for a round of severe storms with tornadoes. A large surface low developed across the Eastern Plains and Midwest with an attendant surface front that extended southward into the ArkLaMiss region. While the core of the best lift was over the Midwest, a combination of sufficient lift along with strong wind shear and instability coexisted across portions of East-Central Mississippi. Several supercell thunderstorms developed during the afternoon with a few producing tornadoes. One cell in particular was efficient at producing tornadoes and produced 3 before moving into Alabama where it produced a few more. This cell impacted Newton, Lauderdale, Kemper, and Noxubee Counties with tornadoes, 2 of which were strong and rated EF2.",21
615099,KEMPER CO.,PRISMATIC,02/02/2016,1532,Tornado, ,EF1,0,0,35000,0,MS,CST-6, ,102943,C,69,JAN,0,0,NWS Storm Survey, ,11.2,110,2,W,3,N,KIPLING,02/02/2016,1549,32.5775,-88.761,32.7072,-88.6457,"The tornado began southwest of Collinsville near Honeysuckle Drive. It caused damage to numerous homes in this subdivision, mainly to roofs. The tornado then tracked northeast through other subdivisions along Magnolia Road, again causing roof damage that ranged from minor shingle damage to roofs completely destroyed. The tornado also caused extensive damage to a mobile home along Magnolia Drive. As the tornado crossed Highway 494, it caused additional roof damage to a home as well as lifting a mobile home. As the tornado crossed a subdivision along Collinsville Circle, it caused additional roof damage with some extensive. As the tornado tracked near Highway 19, it caused extensive damage to the several buildings of Collinsville Baptist Church. It was here at the church, as well as several of the homes and the mobile home in the subdivisions southwest of Collinsville that saw the most intense damage and where the tornado was strongest. The tornado continued northeast and snapped or uprooted numerous trees. Minor fence and roof damage occurred at West Lauderdale High School. The tornado continued northeast crossing into Kemper County, mainly snapping or uprooting softwood and hardwood trees before it dissipated past Kipling Road. Peak EF2 winds were 125 mph in Lauderdale County. Maximum winds in Kemper County were 110mph. The maximum width was 880 yards as well in Lauderdale County. Total track length was 21.4 miles.","A spring like weather system took shape on Feb 2 and set the stage for a round of severe storms with tornadoes. A large surface low developed across the Eastern Plains and Midwest with an attendant surface front that extended southward into the ArkLaMiss region. While the core of the best lift was over the Midwest, a combination of sufficient lift along with strong wind shear and instability coexisted across portions of East-Central Mississippi. Several supercell thunderstorms developed during the afternoon with a few producing tornadoes. One cell in particular was efficient at producing tornadoes and produced 3 before moving into Alabama where it produced a few more. This cell impacted Newton, Lauderdale, Kemper, and Noxubee Counties with tornadoes, 2 of which were strong and rated EF2.",22
615101,KEMPER CO.,CARTERS,02/02/2016,1553,Tornado, ,EF2,0,0,250000,0,MS,CST-6, ,102943,C,69,JAN,0,0,NWS Storm Survey, ,17.08,300,1,SSW,1,WNW,BINNSVILLE,02/02/2016,1618,32.7303,-88.5776,32.9289,-88.4023,"This tornado touched down and crossed Graham Road and downed several trees. The tornado then tracked through a wooded area and crossed Highway 16 on the west side of Scooba. Here more trees were snapped or uprooted along with a few power poles that were pushed over. The tornado impacted the west side of Scooba and the western part of East Mississippi Community College. Here the baseball field fence was torn down along with some of the field buildings damaged. Two mobile buildings were heavily damaged in this area. Numerous trees were damaged along with a couple homes with minor roof damage. The tornado then crossed Highway 45 where more trees were snapped. The tornado reached its peak intensity as it approached and crossed Old Highway 45 Road. Dozens of trees were snapped or uprooted along the path and one well-built barn was totally destroyed. There was also a grove of pine trees that sustained extensive damage where roughly 85% were snapped leaving very little standing. At this location, there was evidence of multiple vortices. The tornado continued to the northeast and crossed Millington Road, heavily damaging trees. At the end of Mosley Road, a home sustained some minor roof damage. Here an exterior wood built carport was totally destroyed along with a sizeable metal shed. The tornado damaged a few other metal sheds here along with damaging more trees as it moved into a wooded area. The tornado continued moving through the wooded area in far northern Kemper County and then tracked into southeast Noxubee County. Tree damage was noted at the end of White Horse Road. The tornado dissipated in the wooded area in the Noxubee river bottom. Peak EF2 winds were around 115 mph. Total path length was 18.5 miles.","A spring like weather system took shape on Feb 2 and set the stage for a round of severe storms with tornadoes. A large surface low developed across the Eastern Plains and Midwest with an attendant surface front that extended southward into the ArkLaMiss region. While the core of the best lift was over the Midwest, a combination of sufficient lift along with strong wind shear and instability coexisted across portions of East-Central Mississippi. Several supercell thunderstorms developed during the afternoon with a few producing tornadoes. One cell in particular was efficient at producing tornadoes and produced 3 before moving into Alabama where it produced a few more. This cell impacted Newton, Lauderdale, Kemper, and Noxubee Counties with tornadoes, 2 of which were strong and rated EF2.",23
615102,NOXUBEE CO.,COOKSVILLE,02/02/2016,1618,Tornado, ,EF0,0,0,20000,0,MS,CST-6, ,102943,C,103,JAN,0,0,NWS Storm Survey, ,1.44,50,5,SW,3,SW,COOKSVILLE,02/02/2016,1623,32.9289,-88.4023,32.9446,-88.3861,"This tornado touched down and crossed Graham Road and downed several trees. The tornado then tracked through a wooded area and crossed Highway 16 on the west side of Scooba. Here more trees were snapped or uprooted along with a few power poles that were pushed over. The tornado impacted the west side of Scooba and the western part of East Mississippi Community College. Here the baseball field fence was torn down along with some of the field buildings damaged. Two mobile buildings were heavily damaged in this area. Numerous trees were damaged along with a couple homes with minor roof damage. The tornado then crossed Highway 45 where more trees were snapped. The tornado reached its peak intensity as it approached and crossed Old Highway 45 Road. Dozens of trees were snapped or uprooted along the path and one well-built barn was totally destroyed. There was also a grove of pine trees that sustained extensive damage where roughly 85% were snapped leaving very little standing. At this location, there was evidence of multiple vortices. The tornado continued to the northeast and crossed Millington Road, heavily damaging trees. At the end of Mosley Road, a home sustained some minor roof damage. Here an exterior wood built carport was totally destroyed along with a sizeable metal shed. The tornado damaged a few other metal sheds here along with damaging more trees as it moved into a wooded area. The tornado continued moving through the wooded area in far northern Kemper County and then tracked into southeast Noxubee County. Tree damage was noted at the end of White Horse Road. The tornado dissipated in the wooded area in the Noxubee river bottom. Peak EF2 winds were around 115 mph, which occurred in Kemper County. Maximum winds in Noxubee County were 75mph. Total path length was 18.5 miles. Maximum path width was 300 yards.","A spring like weather system took shape on Feb 2 and set the stage for a round of severe storms with tornadoes. A large surface low developed across the Eastern Plains and Midwest with an attendant surface front that extended southward into the ArkLaMiss region. While the core of the best lift was over the Midwest, a combination of sufficient lift along with strong wind shear and instability coexisted across portions of East-Central Mississippi. Several supercell thunderstorms developed during the afternoon with a few producing tornadoes. One cell in particular was efficient at producing tornadoes and produced 3 before moving into Alabama where it produced a few more. This cell impacted Newton, Lauderdale, Kemper, and Noxubee Counties with tornadoes, 2 of which were strong and rated EF2.",24
617789,PICKENS CO.,DANCY,02/02/2016,1634,Tornado, ,EF2,0,1,0,0,AL,CST-6, ,103384,C,107,BMX,0,0,NWS Storm Survey, ,26.2,1200,1,WNW,2,NNW,OWENS,02/02/2016,1709,33.0273,-88.3177,33.3401,-88.0636,"National Weather Service meteorologists surveyed damage in Pickens County and determined that the damage was consistent with an EF-2 tornado. Maximum winds were estimated to be around 135 mph.  The tornado first touched down in southwestern Pickens County south of AL Hwy 32 and west of County Road 87. From there, it continued on a northeastward path across a large part of Pickens County. The tornado was caught live on Camera by local media just after it crossed the intersection of Hwy 32 and County Road 1, just west of Cochrane. It continued northeast to the Cochrane Campground on the Tombigbee River, where scores of trees were snapped, causing minor damage to one of the buildings on the campground. The tornado first reached EF-2 magnitude as it crossed private wooded land just south of County Road 78 snapping and uprooting hundreds of trees. As the tornado crossed Huff-Barnett Road, it mowed down a wide swath of trees, with a distinct classic convergence pattern of tree fall just east of Beaver Creek. The tornado continued northeastward across Al Hwy 14 causing damage to the federal prison, and then moved on to the Martin Luther King Road/Sapp community northwest of Aliceville. Here, the tornado reached its highest rated damage. Many of the homes in this portion of the Sapp community received some extent of damage, and several were destroyed. From there, the weakening tornado continued northeastward roughly parallel to AL Hwy 17 over open and forested rural Pickens County until it passed just west of Carrollton. The tornado reintensified and broadened somewhat, with a more significant tree-fall causing damage to a few homes on the west side of Carrollton. The tornado continued on the same northeastward path gradually weakening over rural areas before lifting near Herbert Windle Road southwest of Reform.","A strong upper level system developed over the Central Plains and a surface low moved from the Mid Mississippi Valley into the Great Lakes. Although this was well removed from Central Alabama, the system was strong enough that winds at the surface and aloft increased significantly. This produced high wind shear. The combination of the high precipitable water values and unseasonably warm temperatures produced very unstable conditions across central Alabama. A cold front approached the region late Tuesday afternoon into Tuesday evening, a few supercell thunderstorms developed. Eventually, the storms became organized into a line and produced heavy rainfall and flash flooding.",25
618744,CROCKETT CO.,CROSS RD,02/02/2016,1655,Tornado, ,EF1,0,1,150000,0,TN,CST-6, ,103519,C,33,MEG,0,0,NWS Storm Survey, ,2.64,100,2,NW,2,SE,CAIRO,02/02/2016,1703,35.7673,-89.1677,35.801,-89.1456,"The tornado snapped or uprooted several trees southwest of, and at the Crockett County Golf Club. It caused roof damage to a mobile home and a permanent structure just south of Highway 412. Two tractor trailers were overturned on Highway 412, with one driver injured. North of Highway 412, the tornado damaged several storage sheds and caused roof damage to several homes. The tornado then crossed Highway 88 and caused roof damage to several buildings at the Crockett County High School. The tornado damaged additional storage sheds and a home roof on the east side of North Cavalier Drive before dissipating. Peak estimated wind was 95 mph.","Low pressure moved from the Southern Plains toward the Mid-Mississippi Valley while a cold front pushed east toward the Mid-South on February 2, 2016. The airmass across the Mid-South was moist and unstable ahead of the front. A couple rounds of showers and thunderstorms occurred. The first round produced heavy rain and some flash flooding in the Memphis Metropolitan area around noon. Another round of showers and thunderstorms developed along the cold front as it moved through the region during the late afternoon. A weak tornado occurred in Crockett County as this round moved through.",26
615105,NOXUBEE CO.,SHUQUALAK,02/02/2016,1727,Tornado, ,EF1,0,0,170000,0,MS,CST-6, ,102943,C,103,JAN,0,0,NWS Storm Survey, ,6.59,150,1,NE,4,SW,MC LEOD,02/02/2016,1736,32.98,-88.57,33.0594,-88.507,"This tornado started in town and was on the weak side as a few trees were uprooted and some limbs broken. More trees were snapped as it crossed the rail road tracks and it peaked in intensity as it crossed Highway 145. Here along Highway 145, numerous trees were snapped and uprooted. A brick gas station had a large portion of the roof lifted off. The old elementary school building was damaged as roughly a 60 foot section of roof was taken off. Many windows were blown out as well. The tornado continued northeast and crossed Highway 45, snapping more trees. More trees were downed at the end of Card Cemetery Road. Some minor tree damage was noted at Elon Road where the tornado dissipated. Peak winds were 110 mph.","A spring like weather system took shape on Feb 2 and set the stage for a round of severe storms with tornadoes. A large surface low developed across the Eastern Plains and Midwest with an attendant surface front that extended southward into the ArkLaMiss region. While the core of the best lift was over the Midwest, a combination of sufficient lift along with strong wind shear and instability coexisted across portions of East-Central Mississippi. Several supercell thunderstorms developed during the afternoon with a few producing tornadoes. One cell in particular was efficient at producing tornadoes and produced 3 before moving into Alabama where it produced a few more. This cell impacted Newton, Lauderdale, Kemper, and Noxubee Counties with tornadoes, 2 of which were strong and rated EF2.",27
617791,FAYETTE CO.,NEWTONVILLE,02/02/2016,1736,Tornado, ,EF1,0,0,0,0,AL,CST-6, ,103384,C,57,BMX,0,0,NWS Storm Survey, ,6.12,500,7,W,3,ESE,BELK,02/02/2016,1745,33.5399,-87.9153,33.6239,-87.8815,"National Weather Service meteorologists surveyed damage in Fayette County and have determined that the damage was consistent with an EF-1 tornado. Winds were estimated to be around 90 mph.||The tornado touched down along Ashcraft Corner Cutoff and tracked northeast almost paralleling Alabama Highway 159 between County Roads 1 and 2.  It then continued northeast along Owens Road before lifting along County Road 4.  The damage consisted mainly of snapped and uprooted trees.  The only structural damage found along the path was minor shingle and porch damage to one residence at the intersection of Alabama Highway 159 and Summers Drive.","A strong upper level system developed over the Central Plains and a surface low moved from the Mid Mississippi Valley into the Great Lakes. Although this was well removed from Central Alabama, the system was strong enough that winds at the surface and aloft increased significantly. This produced high wind shear. The combination of the high precipitable water values and unseasonably warm temperatures produced very unstable conditions across central Alabama. A cold front approached the region late Tuesday afternoon into Tuesday evening, a few supercell thunderstorms developed. Eventually, the storms became organized into a line and produced heavy rainfall and flash flooding.",28
615110,NESHOBA CO.,NESHOBA,02/02/2016,1839,Tornado, ,EF1,0,0,22000,0,MS,CST-6, ,102943,C,99,JAN,0,0,NWS Storm Survey, ,0.68,50,1,SSW,0,SSW,NESHOBA,02/02/2016,1841,32.6071,-89.1547,32.6168,-89.1524,"This tornado started just south of County Road 236 where it tore the tin roof off of a home and destroyed an outbuilding. A few hardwood trees were also snapped at this location. The tornado continued northeast to County Road 240 where it uprooted a hardwood tree and also snapped a few softwood trees. The tornado ended just north of County Road 240 snapping a few more trees along the way. Peak EF1 winds was 105 mph.","A spring like weather system took shape on Feb 2 and set the stage for a round of severe storms with tornadoes. A large surface low developed across the Eastern Plains and Midwest with an attendant surface front that extended southward into the ArkLaMiss region. While the core of the best lift was over the Midwest, a combination of sufficient lift along with strong wind shear and instability coexisted across portions of East-Central Mississippi. Several supercell thunderstorms developed during the afternoon with a few producing tornadoes. One cell in particular was efficient at producing tornadoes and produced 3 before moving into Alabama where it produced a few more. This cell impacted Newton, Lauderdale, Kemper, and Noxubee Counties with tornadoes, 2 of which were strong and rated EF2.",29
617793,LAMAR CO.,BEAVERTON,02/02/2016,2010,Tornado, ,EF1,0,0,0,0,AL,CST-6, ,103384,C,75,BMX,0,0,NWS Storm Survey, ,4.13,400,4,S,3,E,BEAVERTON,02/02/2016,2016,33.8779,-88.021,33.93,-87.9856,"National Weather Service meteorologists surveyed damage in northern Lamar County and have determined that the damage was consistent with an EF-1 tornado. Winds were estimated to be around 105 mph.||The tornado touched down along Christain Road near Taylor Springs Road.  It moved north-northeast and caused major roof damage to one residence at the intersection of Pond Road and Garrison Road.  From there, the tornado turned more to the northeast snapping and uprooting trees as it crossed County Road 49, Piney Grove Road, Pinewood Circle, and Turkey Branch Road.  One residence on Pinewood Circle sustained minor shingle damage.  The tornado continued northeast causing only tree damage until it lifted along Sorghum Hollow Road.","A strong upper level system developed over the Central Plains and a surface low moved from the Mid Mississippi Valley into the Great Lakes. Although this was well removed from Central Alabama, the system was strong enough that winds at the surface and aloft increased significantly. This produced high wind shear. The combination of the high precipitable water values and unseasonably warm temperatures produced very unstable conditions across central Alabama. A cold front approached the region late Tuesday afternoon into Tuesday evening, a few supercell thunderstorms developed. Eventually, the storms became organized into a line and produced heavy rainfall and flash flooding.",30
617799,PICKENS CO.,MELROSE,02/02/2016,2302,Tornado, ,EF0,0,0,0,0,AL,CST-6, ,103384,C,107,BMX,0,0,NWS Storm Survey, ,4.18,1400,3,W,2,NNE,MELROSE,02/02/2016,2308,33.3956,-88.1635,33.4336,-88.107,"National Weather Service meteorologists surveyed damage in Pickens County and have determined that the damage was consistent with an EF-0 tornado. Winds were estimated to be around 85 mph.||The tornado touched down between Keasler Road and Heritage Road just north of the railroad tracks.  It moved northeast crossing County Road 30, County Road 35, U.S. Highway 82, and Price Road Causing only tree damage.  The tornado lifted before reaching County Road 45.","A strong upper level system developed over the Central Plains and a surface low moved from the Mid Mississippi Valley into the Great Lakes. Although this was well removed from Central Alabama, the system was strong enough that winds at the surface and aloft increased significantly. This produced high wind shear. The combination of the high precipitable water values and unseasonably warm temperatures produced very unstable conditions across central Alabama. A cold front approached the region late Tuesday afternoon into Tuesday evening, a few supercell thunderstorms developed. Eventually, the storms became organized into a line and produced heavy rainfall and flash flooding.",31
621429,DAVIDSON CO.,LEXINGTON ARPT,02/03/2016,1302,Tornado, ,EF0,0,0,25000,0,NC,EST-5, ,103896,C,57,RAH,0,0,NWS Storm Survey, ,1.03,50,2,NW,2,N,LEXINGTON ARPT,02/03/2016,1304,35.7989,-80.3185,35.8031,-80.3009,"Numerous trees, both hardwoods and softwoods were either snapped or uprooted along the discontinuous damage path some of the downed trees and large branches fell onto and damaged homes or vehicles on the southwest side of Thomasville. Otherwise, damage to homes was relatively minor in Thomasville and was confined mostly to a loss of shingles, gutters, and siding.","The National Weather Service survey confirmed a couple of brief tornado touchdowns |along an otherwise discontinuous 12-mile path of damaging straight-line wind from near Lexington to Thomasville in Davidson County North Carolina.",32
621431,DAVIDSON CO.,HOLLY GROVE,02/03/2016,1314,Tornado, ,EF1,0,0,100000,0,NC,EST-5, ,103896,C,57,RAH,0,0,NWS Storm Survey, ,1.67,100,2,NE,2,WNW,GLEN ANNA,02/03/2016,1316,35.8451,-80.1522,35.8583,-80.1273,"Numerous trees, both hardwoods and softwoods were either snapped or uprooted along the discontinuous damage path some of the downed trees and large branches fell onto and damaged homes or vehicles, including a large oak tree that was uprooted and crushed a sedan in the 2800-2900 block of Upper Lake Road. | |Otherwise, damage to homes was relatively minor and was confined mostly to a loss of shingles, gutters, and siding. There were also approximately six to eight farm outbuildings that were severely damaged or destroyed, including a few that sustained collapsed walls and major loss of roof panels mainly near Upper Lake Road and Wayside drive.","The National Weather Service survey confirmed a couple of brief tornado touchdowns |along an otherwise discontinuous 12-mile path of damaging straight-line wind from near Lexington to Thomasville in Davidson County North Carolina.",33
616091,LEXINGTON CO.,DIXIANA,02/03/2016,1428,Tornado, ,EF0,0,0,50000,0,SC,EST-5, ,103101,C,63,CAE,0,0,NWS Storm Survey, ,0.69,75,1,S,1,SE,DIXIANA,02/03/2016,1429,33.9033,-81.0696,33.9114,-81.0625,"Survey determined that an EF0 tornado touched down near the rail freight automobile storage yard then crossed hwy. 321 and headed northeast down Dixiana Road before lifting near Grace Chapel Church.","A strong cold front pushing eastward into the region produced several strong to severe thundertorms across the Midlands. The storms produced damaging winds...a microburst and an EF0 Tornado.",34
614874,LIBERTY CO.,CAMP STEWART,02/03/2016,1700,Tornado, ,EF0,0,0,5080000,0,GA,EST-5, ,102868,C,179,CHS,0,0,NWS Storm Survey, ,5.7,300,1,SSW,3,N,(LHW)FT STEWART HINE,02/03/2016,1712,31.8717,-81.6247,31.9248,-81.563,"The National Weather Service in Charleston, South Carolina confirmed an EF-1  tornado at Fort Stewart in Liberty County Georgia with winds approximately 105 to 110 mph. The tornado began near gate 7 of the Fort Stewart base complex, likely as an EF-0, before moving northeast at approximately 35 mph through the center of the base and ending near Highway 144.||Much of the damage throughout the base was EF-0 to high end EF-1 strength.  The most significant damage started at Taylors Creek Golf Course, then stretched east-northeast through a small neighborhood to Diamond Elementary School.  Several large pine trees were uprooted and/or snapped throughout the golf course and neighborhood area.  Approximately 6 to 10 homes were heavily damaged in this neighborhood due to large pine trees falling on them. One home had nearly 75 percent of the roof removed, but the roof was not strapped down to the walls which kept the tornado strength to a high end EF-1 rating.  Three cars were also rolled over or moved approximately 20 feet in the parking lot of Diamond Elementary School.  The school had roof damage on one corner of the gymnasium.  As the tornado continued to move northeast, it snapped many trees and downed power lines along Hero Road near Eisenhower Village. After this point, the tornado continued northeast into a heavily wooded area with sporadic snapped trees and downed limbs until lifting near Highway 144. The tornado lasted approximately 10 to 12 minutes before dissipating at Highway 144.||Total damage reported along the path of the tornado included approximately 42 homes, 150 to 200 vehicles and 8 unit facilities within or near the Fort Stewart area.  Total damage cost was estimated to be 5.08 million dollars.","A cluster of low-topped supercell thunderstorms developed within a high shear/low CAPE environment ahead of a QLCS advancing into southeast Georgia.  One storm in particular produced a high end EF-1 tornado with significant damage to homes and property across Fort Stewart, GA.",35
616745,AVOYELLES PAR.,DUPONT,02/15/2016,1022,Tornado, ,EF0,0,0,10000,0,LA,CST-6, ,103201,C,9,LCH,0,0,NWS Storm Survey, ,0.32,20,2,NNE,3,NNE,DUPONT,02/15/2016,1023,30.9533,-91.9219,30.9562,-91.9176,"A weak tornado briefly touched down on highway 1181 east-southeast of Plaucheville in Avoyelles Parish. Three mobile homes and one brick home received minor damage to shingles, large roof awnings, and attached carports. One mobile home had a separate building for cooking and storage that had a wall break off when the roof awning blew off and also, a window broken when wind picked up an item and it hit the window. A small but sturdy storage shed was picked up spun and landed 20 yards from its original location. A large barn had a section of a door and wall blown off. Several trees were snapped.","A strong upper level disturbance and a cold front moved across the region during the morning of the 15th producing several severe thunderstorms and a tornado.",36
615294,HINDS CO.,CLINTON,02/15/2016,1100,Tornado, ,EF0,0,0,3000,0,MS,CST-6, ,102980,C,49,JAN,0,0,NWS Storm Survey, ,0.52,50,3,NNE,4,NNE,CLINTON,02/15/2016,1101,32.3762,-90.3166,32.3809,-90.3096,"This weak and brief tornado touched down in the Southern Oaks subdivision just off Pinehaven Drive. A few cedar trees were snapped and the top of one hardwood tree was blown off. Additional large limbs were broken. The tornado continued to the northeast into a wooded area before lifting. A brief tornadic debris signature (TDS) was observed as well. The maximum estimated wind speed was 75mph.","Widespread severe weather occurred with a mix of damaging winds, hail and several tornadoes. The focus of the severe weather was across central and southern Mississippi.  This event was driven by a potent disturbance that swung across the area during the midday and afternoon hours. As this strong feature dropped into the Lower Mississippi River Valley, a surface low rapidly deepened as it tracked across central Mississippi. The atmospheric response to this was for a rapid increase in winds aloft and higher low level moisture. This combination set the stage for an unstable environment that contained high levels of wind shear which supported and sustained tornado development.",37
616379,COPIAH CO.,WESSON,02/15/2016,1210,Tornado, ,EF2,0,0,900000,0,MS,CST-6, ,102980,C,29,JAN,0,0,NWS Storm Survey, ,16.6,250,0,SSW,2,ESE,ROCKPORT,02/15/2016,1234,31.696,-90.4023,31.7951,-90.1449,"The tornado began along Highway 51 just southwest of Wesson. As it tracked northeast, it snapped many hardwood trees. It also caused roof damage to Wesson Attendance Center as well as downing trees that fell on employee cars. As the tornado continued across the southern end of Beauregard, it continued to down trees with one falling on a house. Another house had minor roof damage. As the tornado passed south-southeast of Sand Hill, it became more intense with numerous trees snapped along Beauregard Road. The worst damage occurred on Sand Hill Road, where a home was obliterated. This is where the tornado reached its most intense point and winds reached 130 mph. Another home suffered significant roof damage, a shop was destroyed and many trees were blown down. The tornado tracked northeast, downing numerous trees and causing roof damage to a mobile home on Beauregard Road. The tornado then weakened slightly as it tracked into Simpson County and caused roof damage to two homes on Rockport Road. EF1 type damage was found in the Rockport area, which included snapped trees and some minor roof damage along Highway 27, Camp Lane, and Lower Rockport Road. Minor tree damage occurred as the tornado tracked south of Bridgeport. It reintensified near Bushtown Shivers Road and snapped and uprooted softwood trees as it tracked across Highway 28 south of Pinola. The tornado finally lifted near Tom Coke Road on the eastern side of Pinola. The total path length for this tornado was 30.8 miles. The maximum estimated wind speed was 130mph.","Widespread severe weather occurred with a mix of damaging winds, hail and several tornadoes. The focus of the severe weather was across central and southern Mississippi.  This event was driven by a potent disturbance that swung across the area during the midday and afternoon hours. As this strong feature dropped into the Lower Mississippi River Valley, a surface low rapidly deepened as it tracked across central Mississippi. The atmospheric response to this was for a rapid increase in winds aloft and higher low level moisture. This combination set the stage for an unstable environment that contained high levels of wind shear which supported and sustained tornado development.",38
615301,LEAKE CO.,CONWAY,02/15/2016,1215,Tornado, ,EF1,0,0,800000,0,MS,CST-6, ,102980,C,79,JAN,0,0,NWS Storm Survey, ,1.88,300,3,SSW,2,S,CONWAY,02/15/2016,1219,32.8155,-89.6062,32.8278,-89.5773,"The tornado began just to the west of Highway 429, snapping some trees near Koli Creek. The tornado then tracked northeast along Cooper Road. In this area, it caused heavy tree damage along the path, snapping or uprooting numerous trees. Also along this road, three chicken houses were flattened and another was damaged. A home suffered minor roof damage. The tornado crossed Waggoner Road and lifted in an adjacent wooded area. The maximum estimated wind speed was 110mph.","Widespread severe weather occurred with a mix of damaging winds, hail and several tornadoes. The focus of the severe weather was across central and southern Mississippi.  This event was driven by a potent disturbance that swung across the area during the midday and afternoon hours. As this strong feature dropped into the Lower Mississippi River Valley, a surface low rapidly deepened as it tracked across central Mississippi. The atmospheric response to this was for a rapid increase in winds aloft and higher low level moisture. This combination set the stage for an unstable environment that contained high levels of wind shear which supported and sustained tornado development.",39
616380,SIMPSON CO.,SCHLEY,02/15/2016,1234,Tornado, ,EF1,0,0,60000,0,MS,CST-6, ,102980,C,127,JAN,0,0,NWS Storm Survey, ,13.74,100,3,WNW,2,ENE,PINOLA,02/15/2016,1257,31.7951,-90.1449,31.8844,-89.9357,"The tornado began along Highway 51 just southwest of Wesson. As it tracked northeast, it snapped many hardwood trees and also caused roof damage to Wesson Attendance Center. The tornado also downing trees that fell onto employee cars. As the tornado continued across the southern end of Beauregard, it continued to down trees with one falling on a house. As the tornado passed south-southeast of Sand Hill, it became more intense with numerous trees snapped along Beauregard Road. The worst damage occurred on Sand Hill Road, where a home was destroyed. This is where the tornado reached its most intense point with winds reaching 130 mph. Another home suffered significant roof damage, a shop was destroyed and many trees were blown down. The tornado tracked northeast, downing numerous trees and causing roof damage to a mobile home on Beauregard Road. The tornado then weakened slightly as it tracked into Simpson County and caused roof damage to two homes on Rockport Road. EF1 type damage was found in the Rockport area, which included snapped trees and some minor roof damage along Highway 27, Camp Lane, and Lower Rockport Road. Minor tree damage occurred as the tornado tracked south of Bridgeport. It re-intensified near Bushtown Shivers Road and snapped and uprooted softwood trees as it tracked across Highway 28 south of Pinola. The tornado finally lifted near Tom Coke Road on the eastern side of Pinola. The total path length for this tornado was 30.8 miles. The maximum estimated winds were 130mph, which occurred in Copiah County. The maximum estimated winds in Simpson County were 95mph. The maximum path width for this entire tornado was 250 yards.","Widespread severe weather occurred with a mix of damaging winds, hail and several tornadoes. The focus of the severe weather was across central and southern Mississippi.  This event was driven by a potent disturbance that swung across the area during the midday and afternoon hours. As this strong feature dropped into the Lower Mississippi River Valley, a surface low rapidly deepened as it tracked across central Mississippi. The atmospheric response to this was for a rapid increase in winds aloft and higher low level moisture. This combination set the stage for an unstable environment that contained high levels of wind shear which supported and sustained tornado development.",40
615305,WINSTON CO.,HINZE,02/15/2016,1245,Tornado, ,EF1,0,0,45000,0,MS,CST-6, ,102980,C,159,JAN,0,0,NWS Storm Survey, ,2.51,200,1,WNW,2,NE,HINZE,02/15/2016,1250,33.0346,-89.2791,33.0499,-89.2398,"The tornado began west of Hinze-Rural Hill Road near Lobutcha Creek. It snapped several softwood trees and uprooted a few hardwood trees. The tornado then tracked along Hinze Road where it continued to cause tree damage before lifting. The maximum estimated wind speed was 105mph.","Widespread severe weather occurred with a mix of damaging winds, hail and several tornadoes. The focus of the severe weather was across central and southern Mississippi.  This event was driven by a potent disturbance that swung across the area during the midday and afternoon hours. As this strong feature dropped into the Lower Mississippi River Valley, a surface low rapidly deepened as it tracked across central Mississippi. The atmospheric response to this was for a rapid increase in winds aloft and higher low level moisture. This combination set the stage for an unstable environment that contained high levels of wind shear which supported and sustained tornado development.",41
616749,JEFFERSON DAVIS PAR.,NIBLETT,02/15/2016,1304,Tornado, ,EF0,0,0,0,0,LA,CST-6, ,103201,C,53,LCH,0,0,Law Enforcement, ,0.78,10,4,NNW,4,S,WELSH ARPT,02/15/2016,1305,30.1606,-92.8538,30.1679,-92.844,"A tornado touched down just north of Arcenaux Road and moved across empty rice fields. No damage was reported.","A strong upper level disturbance and a cold front moved across the region during the morning of the 15th producing several severe thunderstorms and a tornado.",42
612169,WALTHALL CO.,LEXIE,02/15/2016,1315,Tornado, ,EF1,0,2,0,0,MS,CST-6, ,102432,C,147,LIX,0,0,NWS Storm Survey, ,5,250,1,SSW,1,ESE,DAVO,02/15/2016,1322,31.0721,-90.1828,31.0912,-90.1014,"The tornado initially touched down just west of Mississippi Highway 27 southwest of Tylertown, moved moved northeast across the highway uprooting a few trees and snapping large tree limbs. The tornado moved east-northeast across East Lexie Road with the greatest damage near Ginntown Road. Heavy tree damage was noted in this area with dozens of trees uprooted or snapped. One home had a total loss of the roof and one exterior wall collapsed inward. Two individuals sustained superficial injuries and were treated on scene. A few other mobile homes had minor damage to undercarriage and roofing. A metal building had more than 80 percent of its roof removed. Minor damage also occurred to the roof of a church. The tornado crossed the intersection of Mississippi Highway 48 and Purvis Road before lifting. The tornado was rated EF1 with an estimated peak wind of 105 mph. Path length was 5 miles and maximum width 250 yards. Event time was estimated based on radar.","A strong storm system moving through the Mississippi River Valley aided the development of several lines of thunderstorms during the morning and afternoon hours of the 15th. Numerous reports of severe weather were received with this system, including at least one tornado.",43
615312,SMITH CO.,COHAY,02/15/2016,1324,Tornado, ,EF0,0,0,15000,0,MS,CST-6, ,102980,C,129,JAN,0,0,NWS Storm Survey, ,2.1,100,2,NW,3,N,COHAY,02/15/2016,1327,31.9468,-89.6273,31.9621,-89.5964,"This brief tornado touched down on Smith County Road 114 in western Smith County. It crossed Georgia Pacific Land and ended back on County Road 114 near Clear Creek. A few trees were downed along the path. The maximum estimated wind speed was 75mph.","Widespread severe weather occurred with a mix of damaging winds, hail and several tornadoes. The focus of the severe weather was across central and southern Mississippi.  This event was driven by a potent disturbance that swung across the area during the midday and afternoon hours. As this strong feature dropped into the Lower Mississippi River Valley, a surface low rapidly deepened as it tracked across central Mississippi. The atmospheric response to this was for a rapid increase in winds aloft and higher low level moisture. This combination set the stage for an unstable environment that contained high levels of wind shear which supported and sustained tornado development.",44
615315,SMITH CO.,SYLVARENA,02/15/2016,1343,Tornado, ,EF1,0,0,250000,0,MS,CST-6, ,102980,C,129,JAN,0,0,NWS Storm Survey, ,2.72,250,2,SW,1,ESE,SYLVARENA,02/15/2016,1347,31.9934,-89.4087,32.0158,-89.3706,"The tornado began near Smith County Road 84, where some softwood trees were uprooted. It then tracked northeast into Sylvarena. Here the tornado damaged several structures along Highway 18, including ripping off a gas station canopy and blowing down an antenna. Homes also had roof damage and were damaged by uprooted trees. The tornado continued northeast and lifted amongst some trees south of Ted-Sylvarena Road. The maximum estimated wind speed was 105mph.","Widespread severe weather occurred with a mix of damaging winds, hail and several tornadoes. The focus of the severe weather was across central and southern Mississippi.  This event was driven by a potent disturbance that swung across the area during the midday and afternoon hours. As this strong feature dropped into the Lower Mississippi River Valley, a surface low rapidly deepened as it tracked across central Mississippi. The atmospheric response to this was for a rapid increase in winds aloft and higher low level moisture. This combination set the stage for an unstable environment that contained high levels of wind shear which supported and sustained tornado development.",45
616381,SMITH CO.,TED,02/15/2016,1352,Tornado, ,EF1,0,0,8000,0,MS,CST-6, ,102980,C,129,JAN,0,0,NWS Storm Survey, ,1.45,100,1,W,1,NNE,TED,02/15/2016,1354,32.0506,-89.3413,32.0641,-89.3224,"The tornado began just west of Smith County Road 107 where it snapped some trees. It then crossed into Jasper County, continuing to uproot and snap trees. The tornado entered Montrose where numerous trees were either snapped or uprooted. There was also damage to several buildings in Montrose, including roof damage to a church as well as damage to houses due to fallen trees. The tornado was at its widest point in Montrose. The tornado continued northeast, following Highway 15, where it snapped and uprooted trees through the remainder of its path, with a few falling on homes. The tornado lifted just north of the Highway 15 intersection with Jasper County Road 24. The total path length for this tornado was 14.7 miles. The maximum width for this tornado was 350 yards and maximum estimated winds were 110mph, which occurred in Jasper County. The highest winds estimated in Smith County was 90mph.","Widespread severe weather occurred with a mix of damaging winds, hail and several tornadoes. The focus of the severe weather was across central and southern Mississippi.  This event was driven by a potent disturbance that swung across the area during the midday and afternoon hours. As this strong feature dropped into the Lower Mississippi River Valley, a surface low rapidly deepened as it tracked across central Mississippi. The atmospheric response to this was for a rapid increase in winds aloft and higher low level moisture. This combination set the stage for an unstable environment that contained high levels of wind shear which supported and sustained tornado development.",46
616382,JASPER CO.,HAMLET,02/15/2016,1354,Tornado, ,EF1,0,0,600000,0,MS,CST-6, ,102980,C,61,JAN,0,0,NWS Storm Survey, ,13.17,350,4,NW,1,ESE,BAXTER,02/15/2016,1411,32.0641,-89.3224,32.1967,-89.1606,"The tornado began just west of Smith County Road 107 where it snapped some trees. It then crossed into Jasper County, continuing to uproot and snap trees. The tornado entered Montrose where numerous trees were either snapped or uprooted. There was also damage to several buildings in Montrose, including roof damage to a church as well as damage to houses due to fallen trees. The tornado was at its widest point in Montrose. The tornado continued northeast, following Highway 15, where it snapped and uprooted trees through the remainder of its path, with a few falling on homes. The tornado lifted just north of the Highway 15 intersection with Jasper County Road 24. The total path length for this tornado was 14.7 miles. The maximum width for this tornado was 350 yards and maximum estimated winds were 110mph, which occurred in Jasper County.","Widespread severe weather occurred with a mix of damaging winds, hail and several tornadoes. The focus of the severe weather was across central and southern Mississippi.  This event was driven by a potent disturbance that swung across the area during the midday and afternoon hours. As this strong feature dropped into the Lower Mississippi River Valley, a surface low rapidly deepened as it tracked across central Mississippi. The atmospheric response to this was for a rapid increase in winds aloft and higher low level moisture. This combination set the stage for an unstable environment that contained high levels of wind shear which supported and sustained tornado development.",47
620077,ESCAMBIA CO.,MC DAVID,02/15/2016,1532,Tornado, ,EF3,0,3,5000000,0,FL,CST-6, ,103720,C,33,MOB,0,0,NWS Storm Survey, ,12.57,300,4,W,3,ENE,SOUTH FLOMATON,02/15/2016,1550,30.8707,-87.381,30.9968,-87.2281,"This tornado developed from an isolated supercell thunderstorm. The tornado first touched down southwest of Lambert-Ridge Road southeast of McDavid. The tornado gradually increased in strength and width as it continued northeast toward Century. The first EF-2 intensity damage noted was on Holland Drive where a workshop was completely destroyed. The tornado reached its peak intensity (widespread EF-2 damage with isolated EF-3 damage) as it moved into Century. Numerous homes were damaged or destroyed. A couple of homes experienced complete loss of the roof with only the walls of small interior rooms remaining. Extensive tree damage was noted with numerous softwood and hardwood trees either uprooted or snapped. Numerous power poles were also snapped. The tornado continued to track northeast out of Century and moved across the Florida Alabama state line into Escambia County Alabama.","Severe thunderstorms developed across the Florida Panhandle during the afternoon and evening of February 15th as a strong upper level disturbance moved from the southern Plains to the Tennessee Valley. The severe storms developed along and ahead of the trailing cold front, producing both tornadoes and straight line wind damage.",48
620079,ESCAMBIA CO.,WAHL,02/15/2016,1550,Tornado, ,EF2,0,0,750000,0,AL,CST-6, ,103724,C,53,MOB,0,0,NWS Storm Survey, ,3.88,300,0,SSE,1,NNW,POLLARD,02/15/2016,1555,30.9968,-87.2281,31.0401,-87.1863,"This tornado was produced from an isolated supercell thunderstorm. The tornado moved northeast out of Escambia County Florida and into Escambia County AL just east of Flomaton. EF-2 intensity damage was surveyed on Old Fannie Road. The tornado continued northeast toward Pollard where it weakened and lifted. Extensive tree damage was noted with numerous softwood and hardwood trees either uprooted or snapped. Several power poles were also snapped.","Severe thunderstorms developed across southwest and south central Alabama during the afternoon and evening of February 15th as a strong upper level disturbance moved from the southern Plains to the Tennessee Valley. The severe storms developed along and ahead of the trailing cold front, producing both tornadoes and straight line wind damage.",49
620444,MONTGOMERY CO.,MATHEWS,02/15/2016,1600,Tornado, ,EF0,0,0,0,0,AL,CST-6, ,103777,C,101,BMX,0,0,NWS Storm Survey, ,2.46,75,3,SSW,0,S,MATHEWS,02/15/2016,1605,32.2352,-86.0243,32.2636,-85.9989,"National Weather Service meteorologists surveyed damage in northeastern Montgomery County and determined that the damage was consistent with an EF-0 tornado. Winds were estimated to be around 80 mph. ||The tornado first touched down just south of Lawson Road, where it toppled 2 trees. It then proceeded northeast and paralleled Lawson Road. As the tornado approached Flowers Road, additional damage occurred to a metal building, where a portion of the roof and side panels were removed. Here, the tornado was at its strongest point with winds estimated at 80 mph. Roughly 300 yards past Flowers Road, additional 80 mph winds associated with the tornado collapsed another outbuilding. The tornado continued northeast, and additional large limbs were down until the tornado lifted before reaching Dani Lane.","A sharp 500 MB upper trof shifted eastward along the Lower Mississippi Valley. As the upper trof approached the Mississippi River, a surface low developed over southern Mississippi and deepened as it tracked northeast into central Alabama.  A mixture of high precipitation (HP) supercells and line segments developed and consolidated into a quasi-linear convective system (QLCS) south of Interstate 85 and east of Interstate 65, producing straight-line wind damage and four tornadoes.",50
620094,CONECUH CO.,BROOKLYN,02/15/2016,1633,Tornado, ,EF2,0,0,750000,0,AL,CST-6, ,103724,C,35,MOB,0,0,NWS Storm Survey, ,2.19,250,4,W,3,NW,BROOKLYN,02/15/2016,1637,31.2724,-86.8483,31.2932,-86.8204,"This tornado was produced from the same parent supercell thunderstorm that produced the EF-3 tornado in Century, FL. The tornado in Conecuh County first touched down south of County Road 6 and quickly strengthened as it crossed the road. EF-2 intensity damage was observed at the Johnsonville Volunteer Fire Department which was completely destroyed. Significant tree damage was noted in the area and a well built home suffered extensive roof damage. The tornado continued to the northwest toward the Johnsonville Circle area where a few homes suffered roof damage. A single wide mobile home on Johnsonville Circle was destroyed. The mobile home was not anchored. Damage in this area was consistent with EF-1 intensity. The tornado lifted in the woods just to the northeast of the end of Clinton Drive.","Severe thunderstorms developed across southwest and south central Alabama during the afternoon and evening of February 15th as a strong upper level disturbance moved from the southern Plains to the Tennessee Valley. The severe storms developed along and ahead of the trailing cold front, producing both tornadoes and straight line wind damage.",51
620096,COVINGTON CO.,SOUTH,02/15/2016,1700,Tornado, ,EF1,0,1,100000,0,AL,CST-6, ,103724,C,39,MOB,0,0,NWS Storm Survey, ,4.53,50,1,NNE,5,NNE,SOUTH,02/15/2016,1702,31.4574,-86.6181,31.5136,-86.5786,"This tornado was produced from the same parent supercell that produced tornadoes in Conecuh and Escambia Counties in Alabama as well as Escambia County Florida. The Covington County tornado first produced sporadic tree damage on Lloyd Mill Road. The tornado reached peak intensity of EF-1 when it moved across Swinson Road and destroyed a single wide mobile home. One person in the home suffered minor injuries. The tornado continued northeast and porduced further sporadic tree damage and minor roof damage to a few residences. It lifted and dissipated on Boykin Road just south of the Butler County line.","Severe thunderstorms developed across southwest and south central Alabama during the afternoon and evening of February 15th as a strong upper level disturbance moved from the southern Plains to the Tennessee Valley. The severe storms developed along and ahead of the trailing cold front, producing both tornadoes and straight line wind damage.",52
620446,PIKE CO.,HAMILTON XRDS,02/15/2016,1820,Tornado, ,EF1,0,0,0,0,AL,CST-6, ,103777,C,109,BMX,0,0,NWS Storm Survey, ,4.98,400,1,NW,4,SE,BRUNDIDGE MUNI ARPT,02/15/2016,1826,31.6617,-85.8398,31.6855,-85.7599,"National Weather Service meteorologists surveyed damage in southern Pike County and determined that the damage was consistent with an EF-1 tornado. Winds were estimated to be around 105 mph. ||The tornado formed along a QLCS and first touched down over an area of clear-cut forest just northwest of AL Hwy 125, approximately 1.5 miles west-southwest of U.S. Hwy 231.  Shortly after touching down, it reached its peak wind speeds of approximately 105 mph, where it uprooted or snapped 50 to 100 pine trees across a path that approached AL Hwy 125.  A mobile home was destroyed and a home was damaged due to the falling trees.  It continued east-northeast and crossed U.S. Hwy 231 about 9/10 of a mile south of the intersection of AL Hwy 125 and U.S. Hwy 231.  The tornado caused minor roof damage to a home along U.S. Hwy 231, and then destroyed a partially covered horse arena before crossing an open field and snapping numerous trees along the tree line.  From there, the tornado crossed Pike County Road 4423 and continued on the same path as it crossed Pike County Road 4421.  Numerous trees were snapped or uprooted at both locations.  The tornado appeared to broaden and weaken rapidly after crossing County Road 4421.","A sharp 500 MB upper trof shifted eastward along the Lower Mississippi Valley. As the upper trof approached the Mississippi River, a surface low developed over southern Mississippi and deepened as it tracked northeast into central Alabama.  A mixture of high precipitation (HP) supercells and line segments developed and consolidated into a quasi-linear convective system (QLCS) south of Interstate 85 and east of Interstate 65, producing straight-line wind damage and four tornadoes.",53
620448,RUSSELL CO.,UCHEE,02/15/2016,1857,Tornado, ,EF1,0,0,0,0,AL,CST-6, ,103777,C,113,BMX,0,0,NWS Storm Survey, ,6.8,400,3,N,2,NW,HUGLEY,02/15/2016,1904,32.4,-85.3476,32.4493,-85.2538,"National Weather Service meteorologists surveyed damage in northwestern Russell County and determined that the damage was consistent with an EF-1 tornado. Winds were estimated to be around 90 mph.||The tornado touched down just southwest of Huguley Road, where it quickly intensified and snapped or uprooted numerous trees. The tornado achieved maximum intensity at this location, with winds around 90 mph. The most concentrated tree damage to mostly softwood trees was also observed. Moving quickly northeastward, the tornado crossed Capps Road, Phillips Road, Willis Valley Road, and Herring Road. A large steel truss shed was completely destroyed on Herring and lofted upward over power lines. An adjacent single family home sustained shingle damage, and a brick chimney collapsed. These were the only structures damaged in this tornado. Continuing northeastward, the tornado crossed U. S. Highway 80. Sporadic tree damage was noted along Green Dudley Road before ending at Thomas Road.","A sharp 500 MB upper trof shifted eastward along the Lower Mississippi Valley. As the upper trof approached the Mississippi River, a surface low developed over southern Mississippi and deepened as it tracked northeast into central Alabama.  A mixture of high precipitation (HP) supercells and line segments developed and consolidated into a quasi-linear convective system (QLCS) south of Interstate 85 and east of Interstate 65, producing straight-line wind damage and four tornadoes.",54
620453,RUSSELL CO.,UNLAND,02/15/2016,1900,Tornado, ,EF0,0,0,0,0,AL,CST-6, ,103777,C,113,BMX,0,0,NWS Storm Survey, ,6.58,250,2,SE,1,NNW,CRAWFORD,02/15/2016,1907,32.3952,-85.2546,32.4706,-85.1857,"National Weather Service meteorologists surveyed damage in northern Russell County and extreme southern Lee County and determined that the damage was consistent with an EF-0 tornado. Winds were estimated to be around 75 mph. ||The tornado touched down just southwest of Padgett Road in northwestern Russell County, where sporadic tree damage was noted. As the tornado continued northeastward, the most significant tree damage was observed along Brown Road, where numerous trees were uprooted or snapped in a sporadic pattern. The tornado paralleled Brown Road for several miles, where a few homes sustained shingle damage. An outbuilding along Brown Road just southwest of Crawford sustained heavy roof damage. An uninhabited single family home sustained damage as a large cedar tree fell onto it just north of Crawford along Bleeker Road. The final tree damage from the tornado was noted just inside the Lee County line along County Road 179.","A sharp 500 MB upper trof shifted eastward along the Lower Mississippi Valley. As the upper trof approached the Mississippi River, a surface low developed over southern Mississippi and deepened as it tracked northeast into central Alabama.  A mixture of high precipitation (HP) supercells and line segments developed and consolidated into a quasi-linear convective system (QLCS) south of Interstate 85 and east of Interstate 65, producing straight-line wind damage and four tornadoes.",55
620462,LEE CO.,J C MEADOWS XRDS,02/15/2016,1907,Tornado, ,EF0,0,0,0,0,AL,CST-6, ,103777,C,81,BMX,0,0,NWS Storm Survey, ,0.51,250,2,SSW,2,SSW,J C MEADOWS XRDS,02/15/2016,1908,32.4706,-85.1857,32.4778,-85.1836,"National Weather Service meteorologists surveyed damage in northern Russell County and extreme southern Lee County and determined that the damage was consistent with an EF-0 tornado. Winds were estimated to be around 75 mph. |This tornado was a continuation of a tornado that moved out of Russell County.","A sharp 500 MB upper trof shifted eastward along the Lower Mississippi Valley. As the upper trof approached the Mississippi River, a surface low developed over southern Mississippi and deepened as it tracked northeast into central Alabama.  A mixture of high precipitation (HP) supercells and line segments developed and consolidated into a quasi-linear convective system (QLCS) south of Interstate 85 and east of Interstate 65, producing straight-line wind damage and four tornadoes.",56
614717,GLADES CO.,MOORE HAVEN,02/16/2016,449,Tornado, ,EF1,0,0,0,0,FL,EST-5, ,102823,C,43,MFL,0,0,Emergency Manager, ,1.77,75,2,WSW,0,S,MOORE HAVEN,02/16/2016,453,26.8173,-81.1064,26.8276,-81.0802,"The tornado initially touched down near the intersection of West Avenue and North Avenue, creating partial roof damage to a home along North Avenue as well as destroying a back porch and piercing side of nearby shed with debris. The tornado then traveled to the northeast, downing powerlines along the northeast side of the intersection of North Avenue and Riverside Drive SW as well as partially destroying a fence and uprooting trees. The tornado then moved northeast across the Caloosahatchee River. Additional roof debris was found in open fields on the east side of the river near River Road and Azalea Avenue. The tornado then tracked across open fields, before crossing Old US 27 and US 27 near Yaun Road. The most signficant damage occurred along the north side of Yaun Road where two mobile homes were destroyed. One mobile home was flipped and totaled, with debris scattered in a nearby field. The second mobile home remained standing, but most of the walls were removed. In addition to the mobile homes, a nearby fence was knocked down along with the destruction of a greenhouse, and dog and chicken pens. The porch roof of another mobile home was also destroyed. The tornado then lifted shortly thereafter just before crossing the railroad tracks near Park Avenue East.","A strong squall line intensified well ahead of a cold front over the eastern Gulf of Mexico during the early morning hours of February 16th. The line produced straight line wind damage near Naples as it moved onshore, along with tornadoes in Glades and Collier counties. Three additional tornadoes developed across the east coast metro in Broward and Miami-Dade counties, as the squall line interacted with the southeasterly flow along the coast. In addition to the tornadoes, straight line wind gusts of 60 to 70 mph were reported across eastern Palm Beach and Broward counties, producing damage in Fort Lauderdale, West Palm Beach, Pembroke Pines, and Miramar. Small hail was also reported in Davie and Sunrise with a tornadic storm.",57
614607,COLLIER CO.,SUNNILAND,02/16/2016,510,Tornado, ,EF0,0,0,0,0,FL,EST-5, ,102823,C,21,MFL,0,0,Law Enforcement, ,4,10,10,ESE,13,E,SUNNILAND,02/16/2016,517,26.22,-81.18,26.24,-81.12,"FHP officer travelling eastbound on I-75 reported a tornado touchdown north of the highway around mile marker 70 at 510 am. The officer lost site of the tornado at mile marker 66 at 517 am as it continued to travel northeast away from the interstate.","A strong squall line intensified well ahead of a cold front over the eastern Gulf of Mexico during the early morning hours of February 16th. The line produced straight line wind damage near Naples as it moved onshore, along with tornadoes in Glades and Collier counties. Three additional tornadoes developed across the east coast metro in Broward and Miami-Dade counties, as the squall line interacted with the southeasterly flow along the coast. In addition to the tornadoes, straight line wind gusts of 60 to 70 mph were reported across eastern Palm Beach and Broward counties, producing damage in Fort Lauderdale, West Palm Beach, Pembroke Pines, and Miramar. Small hail was also reported in Davie and Sunrise with a tornadic storm.",58
615179,BROWARD CO.,MIRAMAR,02/16/2016,705,Tornado, ,EF0,0,0,0,0,FL,EST-5, ,102823,C,11,MFL,0,0,Public, ,6.72,50,6,NNE,2,NW,DAVIE,02/16/2016,718,26.0747,-80.3628,26.0905,-80.256,"The tornado touched down just to the south of the intersection of South Post and Weston Roads at 705 am, knocking over a large tree and spreading significant tree limb debris into nearby car dealerships on the east side of the roadway. The tornado then crossed I-75 just south of SW 36th Street, knocking over trees in the field on the east side of the highway. Additional trees were uprooted and snapped as the track continued northeast near the intersection of SW 37th Street and SW 150th Avenue. More tree damaged occurred further east in the Davie/Fort Lauderdale KOA near the intersection of SW 37th Court and Boyscout Road. A row of power lines was knocked down along 130th Avenue just to the north of SW 36th Court, before the tornado crossed Flamingo Road, tearing a large limb off of a massive tree in Flamingo Gardens. Continuing further northeast, the tornado downed additional trees and power lines down along Canyon Maple Boulevard with shingle damage to roofs to home in the vicinity. Several large trees were then downed along West Lake Villa Circle before the tornado crossed Nob Hill Road. Additional trees were uprooted near Tree Tops and Westridge Parks on the east side of the roadway. Eyewitness reports in the vicinity also report airborne debris. The damage path ended around 718 AM with several large trees snapped and soffit damage to homes in the Escape At Arrowhead neighborhood along SW 24th Court and SW 81st Avenue.","A strong squall line intensified well ahead of a cold front over the eastern Gulf of Mexico during the early morning hours of February 16th. The line produced straight line wind damage near Naples as it moved onshore, along with tornadoes in Glades and Collier counties. Three additional tornadoes developed across the east coast metro in Broward and Miami-Dade counties, as the squall line interacted with the southeasterly flow along the coast. In addition to the tornadoes, straight line wind gusts of 60 to 70 mph were reported across eastern Palm Beach and Broward counties, producing damage in Fort Lauderdale, West Palm Beach, Pembroke Pines, and Miramar. Small hail was also reported in Davie and Sunrise with a tornadic storm.",59
614754,BROWARD CO.,COCONUT CREEK,02/16/2016,710,Tornado, ,EF1,0,0,160000,0,FL,EST-5, ,102823,C,11,MFL,0,0,NWS Storm Survey, ,3.47,50,1,SSW,1,NE,POMPANO BEACH AIRPAR,02/16/2016,716,26.242,-80.1349,26.2663,-80.0859,"The tornado touched down near the Mitchell Moore Aquatic Center just east of I-95 and north of NW 10th Street, then continued northeast to NW 14th street just west of North Dixie Highway where the strongest damage was observed, with severe roof damage to a home. The tornado then tracked northeast, crossing North Dixie Highway and damaging several horse stables on the east side of the road on the west side of the Pompano Beach Airpark. One horse in the stables sustained injuries. The tornado then moved across the western and northern portions of the airpark into the Pompano Beach Golf Course and the Citi Center, doing damage to trees across the property. The tornado crossed Federal Highway/US 1 near Copans Road, leading to additional damage in the Lighthouse Point area with many uprooted and broken trees, downed power lines, and minor roof damage. The track ended at NE 28th Avenue and NE 28th street less than a half mile from the beach.","A strong squall line intensified well ahead of a cold front over the eastern Gulf of Mexico during the early morning hours of February 16th. The line produced straight line wind damage near Naples as it moved onshore, along with tornadoes in Glades and Collier counties. Three additional tornadoes developed across the east coast metro in Broward and Miami-Dade counties, as the squall line interacted with the southeasterly flow along the coast. In addition to the tornadoes, straight line wind gusts of 60 to 70 mph were reported across eastern Palm Beach and Broward counties, producing damage in Fort Lauderdale, West Palm Beach, Pembroke Pines, and Miramar. Small hail was also reported in Davie and Sunrise with a tornadic storm.",60
615183,BROWARD CO.,PORT EVERGLADES,02/16/2016,734,Tornado, ,EF0,0,0,0,0,FL,EST-5, ,102823,C,11,MFL,0,0,Emergency Manager, ,1.87,50,1,N,2,E,PORT EVERGLADES,02/16/2016,738,26.11,-80.13,26.0958,-80.1044,"Numerous trees and powerlines down in Port Everglades area, including a 20 inch diameter pine tree snapped at its top. A catamaran capsized on Lake Sylvia with the owner trapped inside who was later rescued by Fire Rescue. An additional boat also capsized in the Port Everglades area. Dozens of beach chairs along Fort Lauderdale Beach were also tossed around and into the Atlantic.","A strong squall line intensified well ahead of a cold front over the eastern Gulf of Mexico during the early morning hours of February 16th. The line produced straight line wind damage near Naples as it moved onshore, along with tornadoes in Glades and Collier counties. Three additional tornadoes developed across the east coast metro in Broward and Miami-Dade counties, as the squall line interacted with the southeasterly flow along the coast. In addition to the tornadoes, straight line wind gusts of 60 to 70 mph were reported across eastern Palm Beach and Broward counties, producing damage in Fort Lauderdale, West Palm Beach, Pembroke Pines, and Miramar. Small hail was also reported in Davie and Sunrise with a tornadic storm.",61
615181,MIAMI-DADE CO.,BISCAYNE GARDENS,02/16/2016,751,Tornado, ,EF1,0,0,0,0,FL,EST-5, ,102823,C,86,MFL,0,0,NWS Storm Survey, ,3.78,150,2,NNW,2,W,GOLDEN BEACH,02/16/2016,759,25.9553,-80.2159,25.9519,-80.1551,"The tornado intially touched down along NW 197th Terrace and between NW 7th Court and NW 9th Avenue, doing damage to a metal awning and siding on a home. Several trees and large branches were blown down and broken to the east along NW 198th Street and NW 7th Court. The damage path continued to the east-southeast, with numerous downed trees and large limbs broken in the neighborhoods between NW 193rd Street and 197th Street to the north and south and NE 7th Street and NW 2nd Avenue to the east and west. The most significant damage in this area was a twisted carport on a house along NW 8th Court near NW 196th Street, where the corner of the roof was also lifted. Along NW 2nd Avenue, the siding was torn off of a fast food restaurant and blown to the east. The damage path continued to the east where additional trees and branches were snapped along NW 193rd Terrace and NW 193rd Street between NW 1st Place and NE 2nd Avenue. The damage path then briefly widened along Sierra Drive between Ives Dairy Road and NW 191st Street with sporadic EF1 damage ranging from snapped large trees to damage to the west facing shingles on an older masonary apartment building. Additional EF1 tree damage then occured along NE 195th and NE 196th Streets. The tornado then crossed I-95 where a semi-truck was blown off the road. The most significant damage occured along NE 191st Street and NE 14th Avenue where several power poles where tilted to the side, coconut palm trees uprooted, and the roofs of two apartment buildings where damaged. The damage path was then sporadic until the tornado crossed NE 18th Avenue, uprooting and snapping additional trees between NE 19th Place and NE 23rd Avenue and NE 191st Drive. The damage path ended along NE 191st Street before reaching the nearby canal, where one home sufferred roof damage, an electrical pole was bent, and tennis court fence blown down.","A strong squall line intensified well ahead of a cold front over the eastern Gulf of Mexico during the early morning hours of February 16th. The line produced straight line wind damage near Naples as it moved onshore, along with tornadoes in Glades and Collier counties. Three additional tornadoes developed across the east coast metro in Broward and Miami-Dade counties, as the squall line interacted with the southeasterly flow along the coast. In addition to the tornadoes, straight line wind gusts of 60 to 70 mph were reported across eastern Palm Beach and Broward counties, producing damage in Fort Lauderdale, West Palm Beach, Pembroke Pines, and Miramar. Small hail was also reported in Davie and Sunrise with a tornadic storm.",62
611765,CARTERET CO.,DAVIS,02/16/2016,851,Tornado, ,EF1,0,0,100000,0,NC,EST-5, ,102354,C,31,MHX,0,0,NWS Storm Survey, ,4.23,167,1,N,1,NW,NORTH MASONTOWN,02/16/2016,854,34.8206,-76.4499,34.8807,-76.4358,"Carteret County Emergency Services reported a tornado that struck Lewis Luther Crab House just north of Davis. The tornado demolished the backside of the building scattering debris across Highway 70 in a marsh to the north and snapping a wood power pole along Highway 70. The tornado moved north northeast for 4.2 miles across Open Ground Farms before downing 5 additional power poles located along Nelson Bay road. A NWS damage survey team assessed the tornado to be a strong EF1 with winds estimated at 110 mph.","A strong upper level disturbance and approaching cold front combined to produce severe weather across Eastern NC during the morning hours of Feb. 16th. A strong squall line moved through the coastal plains counties producing damaging winds as a small low pressure area approached southern coastal counties from the south. The low pressure area produced widespread minor straight line wind damage across eastern parts of Carteret , Hyde, and Dare Counties with 65-85 mph measured winds.  An EF1 tornado, with 110 mph estimated winds, developed east of the low, and moved across Core Banks in the Davis area of downeast Carteret County, partially destroying a fish shack along U. S. Highway 70, then moved north northeast for 4.2 miles across Open Grounds Farm  downing 5 additional power poles along Nelson Bay Road before dissipating.",63
620465,WHARTON CO.,NEWGULF,02/23/2016,553,Tornado, ,EF0,0,0,0,0,TX,CST-6, ,102484,C,481,HGX,0,0,NWS Storm Survey, ,2.02,30,2,ESE,4,E,NEWGULF,02/23/2016,557,29.2382,-95.8865,29.2575,-95.8613,"This EF-0 tornado destroyed three sheds. Three residences also sustained structural damage. Irrigation equipment was damaged as the tornado crossed a grass field. Trees and power lines were downed, and parts of County Road 100 were blocked by debris.","A late night through early morning storm system moved eastward out of south central Texas and across southeast Texas. The southern edge of the storms produced a weak a severe thunderstorm and a weak tornado.",64
613408,JEFFERSON PAR.,MOISANT ARPT,02/23/2016,1111,Tornado, ,EF0,0,0,0,0,LA,CST-6, ,102626,C,51,LIX,0,0,NWS Storm Survey, ,0.58,50,2,S,1,S,MOISANT ARPT,02/23/2016,1113,29.9757,-90.2727,29.9822,-90.2667,"A tornado touched down in Kenner near the intersection of Audubon Ct and 3rd St. It moved toward the northeast causing damage to roofs and power poles. It lifted as it neared the intersection of James St. and Pollock Plaza.","A strong cold front moved through the lower Mississippi Valley. Ahead of the front, widespread severe weather moved through Southeast Louisiana and Southern Mississippi during the morning and afternoon hours of February 23rd. A total of 13 tornadoes occurred in Southeast Louisiana and Southern Mississippi, 3 of which were classified as strong.",65
617681,IBERVILLE PAR.,SAMTOWN,02/23/2016,1120,Tornado, ,EF0,0,0,0,0,LA,CST-6, ,102626,C,47,LIX,0,0,NWS Storm Survey, ,3.32,50,1,WNW,0,SW,PT CLAIR,02/23/2016,1125,30.1324,-91.1811,30.1751,-91.1557,"The tornado caused intermittent damage along its track near White Castle. Damage consisted of peeled back tin roofs, damage to power lines, and large tree branches downed. Maximum wind speeds were estimated near 65 mph.","A strong cold front moved through the lower Mississippi Valley. Ahead of the front, widespread severe weather moved through Southeast Louisiana and Southern Mississippi during the morning and afternoon hours of February 23rd. A total of 13 tornadoes occurred in Southeast Louisiana and Southern Mississippi, 3 of which were classified as strong.",66
613425,ASCENSION PAR.,OAK GROVE,02/23/2016,1208,Tornado, ,EF0,0,0,0,0,LA,CST-6, ,102626,C,5,LIX,0,0,NWS Storm Survey, ,1.61,200,0,S,1,SE,HOPE VILLA,02/23/2016,1213,30.3176,-90.9804,30.3389,-90.9695,"The tornado touched down in the Prairieville area just west of Airline Hwy causing roof damage and knocking down an exterior wall at Gold's Gym. It then crossed Airline Hwy causing additional roof and siding damage to several other businesses. From there the tornado continued northeastward into a residential area causing damage to roofs, sheds, and patios. It lifted as it approached Oak Grove Parkway.","A strong cold front moved through the lower Mississippi Valley. Ahead of the front, widespread severe weather moved through Southeast Louisiana and Southern Mississippi during the morning and afternoon hours of February 23rd. A total of 13 tornadoes occurred in Southeast Louisiana and Southern Mississippi, 3 of which were classified as strong.",67
613442,LIVINGSTON PAR.,LIVINGSTON,02/23/2016,1242,Tornado, ,EF2,0,0,0,0,LA,CST-6, ,102626,C,63,LIX,0,0,NWS Storm Survey, ,4.33,625,1,WSW,3,N,DOYLE,02/23/2016,1251,30.496,-90.7592,30.5462,-90.7156,"The tornado touched down in a wooded area between Grantham and McLin Roads southwest of Livingston.  In this area, it snapped trees and caused roof damage consistent with an EF-1. As it moved northeastward, it strengthened and widened. The tornado completely removed the roof structure of one home on Circle Drive and another on West Railroad Street, consistent with an EF-2. The tornado is believed to have been its strongest as it approached North Willow Street. Here, it removed the entire roof structure of a home and collapsed an exterior wall of a home. Maximum wind speeds in this area were estimated to be 125 mph. The tornado then weakened as it moved into a mostly wooded area, but continued to cause damage to trees and a few roofs, lifting as it approached the intersection of North Doyle Road and Edgar Mizell Road.","A strong cold front moved through the lower Mississippi Valley. Ahead of the front, widespread severe weather moved through Southeast Louisiana and Southern Mississippi during the morning and afternoon hours of February 23rd. A total of 13 tornadoes occurred in Southeast Louisiana and Southern Mississippi, 3 of which were classified as strong.",68
617672,ST. HELENA PAR.,MONTPELIER,02/23/2016,1314,Tornado, ,EF0,0,0,0,0,LA,CST-6, ,102626,C,91,LIX,0,0,NWS Storm Survey, ,0.3,50,2,NNW,2,N,MONTPELIER,02/23/2016,1315,30.6935,-90.5878,30.6963,-90.5839,"A weak tornado touched down near Montpelier and tracked northeast shifting a mobile home off its block piers and damaging the roof.  It also destroyed a metal shed and snapped a few small trees. It lifted near Jackson Lane. Maximum wind speed was estimated near 85 mph.","A strong cold front moved through the lower Mississippi Valley. Ahead of the front, widespread severe weather moved through Southeast Louisiana and Southern Mississippi during the morning and afternoon hours of February 23rd. A total of 13 tornadoes occurred in Southeast Louisiana and Southern Mississippi, 3 of which were classified as strong.",69
618164,ST. MARY PAR.,BALDWIN,02/23/2016,1437,Tornado, ,EF1,0,0,40000,0,LA,CST-6, ,103433,C,101,LCH,0,0,NWS Storm Survey, ,2.62,50,1,SSW,1,NNW,KATY,02/23/2016,1439,29.8177,-91.538,29.8455,-91.5082,"An EF-1 tornado touched down in a sugar cane field near highway 90...and was on the ground for 2.6 miles before it dissipated in another sugar cane field near highway 87. In between 2 businesses and 28 homes were damaged. One restaurant lost most of its flat metal roof, several mobile homes lost most of their metal roofs, and a few homes were knocked off their pilings. Other homes had windows and sheet metal damage...as well as garages and carports. Many trees were snapped and at least 20 telephone/power poles were snapped as well.","A cold front move across Louisiana and a few severe storms occurred ahead of the boundary.",70
617685,IBERVILLE PAR.,GOLDRIDGE,02/23/2016,1510,Tornado, ,EF0,0,0,0,0,LA,CST-6, ,102626,C,47,LIX,0,0,NWS Storm Survey, ,1.03,200,0,E,0,NNW,SAMTOWN,02/23/2016,1513,30.1199,-91.1733,30.1348,-91.1723,"A second weak tornado touched down in the White Castle area producing damage consisting of garage doors blown in, some light roof damage, and sheds demolished. Maximum wind speeds were estimated near 80 mph.","A strong cold front moved through the lower Mississippi Valley. Ahead of the front, widespread severe weather moved through Southeast Louisiana and Southern Mississippi during the morning and afternoon hours of February 23rd. A total of 13 tornadoes occurred in Southeast Louisiana and Southern Mississippi, 3 of which were classified as strong.",71
617674,ASSUMPTION PAR.,WESTFIELD,02/23/2016,1521,Tornado, ,EF3,0,0,0,0,LA,CST-6, ,102626,C,7,LIX,0,0,NWS Storm Survey, ,7.78,350,1,N,1,ESE,BRULIE MAURIN,02/23/2016,1531,29.9903,-91.0794,30.0408,-90.9632,"A strong tornado touched down just southwest of Paincourtville and moved northeast. Near the junction of LA Hwy 1, LA Hwy 308, and LA Hwy 70, there was considerable damage to residential and commercial buildings consistent with an EF-2 to a two story apartment building, hardware store, and commercial business. The tornado reached maximum strength as it moved along LA 1/LA 308, causing major damage to an area of small frame houses and mobile homes. In this area, the 2nd floor of a well-constructed brick home was nearly removed. This damage was consistent with wind speeds near 140 mph, or EF-3. The tornado continued moving to the northeast and crossed into St. James Parish.","A strong cold front moved through the lower Mississippi Valley. Ahead of the front, widespread severe weather moved through Southeast Louisiana and Southern Mississippi during the morning and afternoon hours of February 23rd. A total of 13 tornadoes occurred in Southeast Louisiana and Southern Mississippi, 3 of which were classified as strong.",72
613449,ST. JAMES PAR.,UNION,02/23/2016,1531,Tornado, ,EF2,2,75,0,0,LA,CST-6, ,102626,C,93,LIX,0,0,NWS Storm Survey, ,12.95,350,5,SW,4,NNW,GRAND PT,02/23/2016,1542,30.0408,-90.9632,30.125,-90.7697,"A strong tornado moved out of Assumption Parish into St James Parish causing significant damage to trees as it approached the Mississippi River. After crossing the river, the tornado moved through the Sugar Hill RV Park where numerous travel trailers were tossed and destroyed. Two fatalities and approximately 75 injuries occurred at the RV park. An EF scale rating of EF-2 was assigned to the damage at and in the vicinity of the RV park. The tornado weakened as it continued northeastward, snapping trees and causing minor property damage. It dissipated as it reached Airline Highway. St. James Parish Emergency Management reported 25 to 50 homes were total losses and a public housing complex had major damage. The tornado's peak intensity of EF-3 occurred in Assumption Parish.","A strong cold front moved through the lower Mississippi Valley. Ahead of the front, widespread severe weather moved through Southeast Louisiana and Southern Mississippi during the morning and afternoon hours of February 23rd. A total of 13 tornadoes occurred in Southeast Louisiana and Southern Mississippi, 3 of which were classified as strong.",73
615896,LINCOLN CO.,ARLINGTON,02/23/2016,1545,Tornado, ,EF1,0,0,40000,0,MS,CST-6, ,103007,C,85,JAN,0,0,NWS Storm Survey, ,0.46,75,3,SE,3,ESE,ARLINGTON,02/23/2016,1547,31.3955,-90.5334,31.4018,-90.531,"The tornado began just west-southwest of Shannon Drive in a wooded area where a few large trees were uprooted and a few tops of trees were snapped. As the tornado crossed Shannon Drive, many large trees were snapped and uprooted with one causing minor roof damage to a home. The tornado then crossed Magnolia Trail where a large limb was snapped and skirting was blown off of a mobile home into a pasture across the road. The tornado continued around 100 yards or so into the pasture where a feed house was damaged and tin was strewn around. The tornado lifted soon after in this pasture. Estimated maximum sustained winds were 90 mph.","Showers and thunderstorms occurred across the region in association with a potent low pressure system. Some of these storms produced tornadoes, strong damaging wind gusts, and hail.",74
617693,PEARL RIVER CO.,CYBUR,02/23/2016,1549,Tornado, ,EF1,0,0,0,0,MS,CST-6, ,102627,C,109,LIX,0,0,NWS Storm Survey, ,9.52,150,5,N,3,S,WHITE SAND,02/23/2016,1601,30.686,-89.7812,30.7604,-89.6463,"A weak tornado touched down near Donley Burks Road west of Highway 43 and moved northeastward. Minor to moderate damage was noted on 5 homes with numerous trees downed and uprooted in rural parts of the County. A tin roof was also torn off of one home. The tornado lifted near Osborn Moody Road. Maximum wind speeds were estimated near 100 mph.","A strong cold front moved through the lower Mississippi Valley. Ahead of the front, widespread severe weather moved through Southeast Louisiana and Southern Mississippi during the morning and afternoon hours of February 23rd. A total of 13 tornadoes occurred in Southeast Louisiana and Southern Mississippi, 3 of which were classified as strong.",75
617692,PEARL RIVER CO.,WHITE SAND,02/23/2016,1550,Tornado, ,EF1,0,0,0,0,MS,CST-6, ,102627,C,109,LIX,0,0,NWS Storm Survey, ,2.83,75,12,NNW,13,WNW,HILLSDALE,02/23/2016,1554,30.9619,-89.7115,31.0024,-89.7044,"A weak tornado damaged a few mobile homes and shifted one mobile home off its foundation. It also snapped trees and large branches.  It continued into Marion County before lifting. Maximum wind speeds in Pearl River County were estimated at 90 mph.","A strong cold front moved through the lower Mississippi Valley. Ahead of the front, widespread severe weather moved through Southeast Louisiana and Southern Mississippi during the morning and afternoon hours of February 23rd. A total of 13 tornadoes occurred in Southeast Louisiana and Southern Mississippi, 3 of which were classified as strong.",76
618443,MARION CO.,TWIN,02/23/2016,1554,Tornado, ,EF1,0,0,25000,0,MS,CST-6, ,103007,C,91,JAN,0,0,NWS Storm Survey, ,2.32,200,6,E,6,ENE,TWIN,02/23/2016,1558,31.0024,-89.7044,31.0359,-89.7021,"This tornado started in Pearl River County and crossed into southwest Marion County where it snapped numerous softwood and hardwood trees. The tornado also caused roof damage to a hunting lodge just across the county line. The tornado continued north-northeast and ended just south of Pearl Bluff Circle, snapping a few more trees along the way. Maximum estimated winds were 105 mph, which occurred in Marion County. Total path length was 5.2 miles.","Showers and thunderstorms occurred across the region in association with a potent low pressure system. Some of these storms produced tornadoes, strong damaging wind gusts, and hail.",77
616787,LAMAR CO.,BAXTERVILLE,02/23/2016,1607,Tornado, ,EF0,0,0,5000,0,MS,CST-6, ,103007,C,73,JAN,0,0,Emergency Manager, ,0.1,25,3,WSW,3,WSW,BAXTERVILLE,02/23/2016,1607,31.0586,-89.6481,31.0586,-89.6481,"This brief tornado snapped and uprooted several trees just south of Clear Creek Road in southwest Lamar County. Maximum estimated winds were 80 mph.","Showers and thunderstorms occurred across the region in association with a potent low pressure system. Some of these storms produced tornadoes, strong damaging wind gusts, and hail.",78
617686,ST. JOHN THE BAPTIST PAR.,RUDDOCK,02/23/2016,1615,Tornado, ,EF1,0,0,0,0,LA,CST-6, ,102626,C,95,LIX,0,0,NWS Storm Survey, ,3.15,250,1,NNW,3,ENE,RUDDOCK,02/23/2016,1617,30.2195,-90.4354,30.2266,-90.3833,"A tornadic waterspout spawned from the same parent supercell as the Assumption/St. James tornado moved on shore from Lake Maurepas near Akers. It snapped numerous cyprus trees before moving into Lake Pontchartrain.","A strong cold front moved through the lower Mississippi Valley. Ahead of the front, widespread severe weather moved through Southeast Louisiana and Southern Mississippi during the morning and afternoon hours of February 23rd. A total of 13 tornadoes occurred in Southeast Louisiana and Southern Mississippi, 3 of which were classified as strong.",79
616788,LAMAR CO.,BAXTERVILLE,02/23/2016,1615,Tornado, ,EF2,1,0,105000,0,MS,CST-6, ,103007,C,73,JAN,0,0,NWS Storm Survey, ,5.63,100,6,ENE,3,NW,PURVIS,02/23/2016,1623,31.1157,-89.5159,31.1822,-89.4608,"The tornado began just southwest of Sones Road where it snapped a few limbs. The tornado continued northeast across Martin Bird Lane. The tornado was at its strongest at this point where it destroyed a double-wide mobile home. The debris from the mobile home was thrown nearly 125 yards from its original point. A car was also rolled approximately 75 yards. Two power poles were snapped along with a few trees at this location also. This location is where the fatality occurred. The tornado continued northeast across Beach Road where it snapped a few more trees. The tornado then continued northeast along Doc Johnson Road snapping a few trees along the way. This tornado damaged an outbuilding and also took the roof off of a chicken house along Doc Johnson Road. The tornado ended near Haden Road where it snapped a few more trees. Maximum estimated winds were 115 mph.","Showers and thunderstorms occurred across the region in association with a potent low pressure system. Some of these storms produced tornadoes, strong damaging wind gusts, and hail.",80
620645,PICKENS CO.,REFORM NO PICKENS AR,02/23/2016,1622,Tornado, ,EF0,0,0,0,0,AL,CST-6, ,103785,C,107,BMX,0,0,NWS Storm Survey, ,4.8,150,2,ENE,1,S,PALMETTO,02/23/2016,1631,33.3941,-87.9672,33.4627,-87.98,"National Weather Service meteorologists surveyed damage northeast of the city of Reform and determined that the damage was consistent with an EF-0 tornado. Maximum winds were estimated to be around 85 mph.  The tornado touched down in a wooded area near Wild Goose Creek, due south of the intersection of Ollie Bonner Road and Pickens County Road 49. From there, it moved on a slightly west of due north path as it crossed CR-49 and CR-3. The tornado ultimately lifted just north of where Beaver Creek Road crosses over Beaver Creek. The tornado remained over a rural and wooded area through almost its entire path, and damage largely consisted of trees that were either uprooted or snapped. In the area near Ollie Bonner Road and CR-49, one home and one shed each received minor roof damage.","A trough of low pressure at 500 milibars was analyzed near the New Mexico and Texas border. A weak shortwave trough was also analyzed across northwest Mississippi. At the surface, a stationary front was draped from McComb, Mississippi, eastward to near a Tuscaloosa to Anniston, Alabama line. A surface low began to deepen over east Texas producing strengthening low level wind fields. Despite limited surface based instability over central Alabama due to persistent low clouds,  the atmosphere was characterized by deep  shear and increasing instability aloft.",81
616801,LAMAR CO.,OKAHOLA,02/23/2016,1629,Tornado, ,EF1,0,0,10000,0,MS,CST-6, ,103007,C,73,JAN,0,0,NWS Storm Survey, ,1.42,75,3,NW,3,SSE,OAK GROVE,02/23/2016,1631,31.2265,-89.423,31.244,-89.4104,"This tornado began just southwest of Jake Johnson Road where it snapped a few trees. It continued northeast along old US 11 and ended just north of East Anderson Road, snapping a few trees and causing some minor roof damage along the way. Maximum estimated winds were 90 mph.","Showers and thunderstorms occurred across the region in association with a potent low pressure system. Some of these storms produced tornadoes, strong damaging wind gusts, and hail.",82
617675,ST. JOHN THE BAPTIST PAR.,MONTEGUT,02/23/2016,1632,Tornado, ,EF2,0,17,0,0,LA,CST-6, ,102626,C,95,LIX,0,0,NWS Storm Survey, ,4.69,250,1,ENE,1,W,FRENIER,02/23/2016,1644,30.0732,-90.5067,30.0982,-90.4337,"A strong tornado touched down in the LaPace area, just south of Airline Hwy near a church, removing much of its roof covering. It moved northeast through a retail area causing damage consistent with an EF-1 before moving through several densely populated subdivisions. In the Carrollwood subdivision, mostly superficial roof and tree damage was observed. It strengthened as it moved into the Riverland Heights subdivision, moving roughly parallel to Greenwood Drive where many homes suffered roof damage and a few lost portions of the roof structure. It continued intensifying as it moved into the Cambridge area. Here, a few homes and duplexes suffered partial to total loss of roof structure and decking, along with partial collapse of exterior walls consistent with estimated winds around 120 mph.  The tornado was strongest in the Palmetto and Indigo Estates areas. Near the intersection of Nicole and Gail Streets, 2 single story homes suffered complete roof loss as well as total failure of most exterior walls. A third home lost about half of its second floor. Damage in this area was consistent with strong EF-2 winds near 130 mph. The tornado then weakened as it crossed Interstates 10 and 55. It continued to cause tree damage until it reached the intersection of Frenier Rd and US Hwy 51, where it lifted.","A strong cold front moved through the lower Mississippi Valley. Ahead of the front, widespread severe weather moved through Southeast Louisiana and Southern Mississippi during the morning and afternoon hours of February 23rd. A total of 13 tornadoes occurred in Southeast Louisiana and Southern Mississippi, 3 of which were classified as strong.",83
617687,ST. TAMMANY PAR.,HOULTONVILLE,02/23/2016,1641,Tornado, ,EF0,0,0,0,0,LA,CST-6, ,102626,C,103,LIX,0,0,NWS Storm Survey, ,0.38,25,2,SSE,1,SSE,HOULTONVILLE,02/23/2016,1642,30.3779,-90.1613,30.3831,-90.1594,"A tornadic waterspout spawned from the same parent supercell as the Assumption/St. James and Akers tornadoes moved onshore from Lake Pontchartrain south of Madisonville near the end of Hwy 1077.  It destroyed a metal boat shed and caused minor fascia damage to a bar. Maximum wind speeds were estimated near 65 mph.","A strong cold front moved through the lower Mississippi Valley. Ahead of the front, widespread severe weather moved through Southeast Louisiana and Southern Mississippi during the morning and afternoon hours of February 23rd. A total of 13 tornadoes occurred in Southeast Louisiana and Southern Mississippi, 3 of which were classified as strong.",84
615885,YAZOO CO.,BENTON,02/23/2016,1642,Tornado, ,EF0,0,0,25000,0,MS,CST-6, ,103007,C,163,JAN,0,0,NWS Storm Survey, ,1.15,100,1,SSE,1,E,BENTON,02/23/2016,1644,32.8184,-90.2652,32.8283,-90.2492,"This weak tornado touched down along Highway 16 southwest of Benton, uprooting some trees. It continued northeast and crossed Highway 433, causing trees to be uprooted in a concentric pattern with one falling on a house along Highway 433. The tornado continued northeast over Alton Circle and broke large limbs along Benton Boulevard. The tornado continued into Benton Country Club where a large tree was snapped and small limbs were broken along the path. The tornado lifted just southwest of Wildwood Road. Maximum winds with this tornado were 85 mph.","Showers and thunderstorms occurred across the region in association with a potent low pressure system. Some of these storms produced tornadoes, strong damaging wind gusts, and hail.",85
615895,SIMPSON CO.,POKAL,02/23/2016,1646,Tornado, ,EF0,0,0,13000,0,MS,CST-6, ,103007,C,127,JAN,0,0,NWS Storm Survey, ,0.62,40,2,E,2,ENE,POKAL,02/23/2016,1647,31.7717,-90.0531,31.7773,-90.0448,"This tornado started along Grubbs Hog Farm Road, uprooting trees and snapping large limbs off the tops of some trees. The tornado continued northeast into a wooded area. A few more trees were downed in the woods just northwest of Joseph Crawford Road before lifting near this location soon after. Estimated maximum winds were 80 mph.","Showers and thunderstorms occurred across the region in association with a potent low pressure system. Some of these storms produced tornadoes, strong damaging wind gusts, and hail.",86
617677,ST. TAMMANY PAR.,LACOMBE,02/23/2016,1713,Tornado, ,EF0,0,0,0,0,LA,CST-6, ,102626,C,103,LIX,0,0,NWS Storm Survey, ,1.5,75,2,W,1,WNW,LACOMBE,02/23/2016,1715,30.32,-89.9692,30.3264,-89.9451,"A tornadic waterspout spawned from the same parent supercell as the LaPlace tornado came on shore from Lake Pontchartrain near Lacombe. Due to inaccessibility, the first damage was noted near a plant nursery at Powell Street and Pinchon St where a greenhouse was damaged. The tornado moved northeast across Hwy 190 and into a residential area. In this area, several homes suffered superficial damage to shingles, fascia, and a few broken windows. Some minor tree damage was also observed. Maximum wind speeds were estimated near 80 mph.","A strong cold front moved through the lower Mississippi Valley. Ahead of the front, widespread severe weather moved through Southeast Louisiana and Southern Mississippi during the morning and afternoon hours of February 23rd. A total of 13 tornadoes occurred in Southeast Louisiana and Southern Mississippi, 3 of which were classified as strong.",87
621807,GREENE CO.,AVERA,02/23/2016,1725,Tornado, ,EF1,0,0,100000,0,MS,CST-6, ,103941,C,41,MOB,0,0,NWS Storm Survey, ,1.51,75,4,SE,4,ESE,AVERA,02/23/2016,1727,31.2627,-88.7064,31.2797,-88.6902,"The tornado initially touched down along MS-63 southeast of the community of Avera. A homestead was affected as it moved northeast. At the homestead...Metal roofing material from a barn was lofted into an adjacent tree. A trailer was also|overturned...with a motor vehicle moved from its initial position. Some minor structural damage to the barn was also noted. Numerous (mostly) pine trees were either blown down or snapped as the storm headed into a less populated area of the county. The tornado lifted just east-southeast of Avera.","A strong storm system brought produced numerous thunderstorms across southeast Mississippi. Damaging winds and tornadoes were observed along with very heavy rain.",88
621809,GREENE CO.,AVERA,02/23/2016,1732,Tornado, ,EF1,0,0,25000,0,MS,CST-6, ,103941,C,41,MOB,0,0,NWS Storm Survey, ,0.03,75,6,E,6,E,AVERA,02/23/2016,1733,31.3112,-88.6494,31.3116,-88.6491,"A second brief tornado touchdown was found in|vicinity of Shady Hollow Road in northern Greene County. A couple|of trees with large branches were sheared in a forested area|several dozen yards to the west of the road. The tornado quickly|moved across the road...EF1 damage was noted as many pine trees|were either uprooted or snapped. Damage in this area coincides|with an operator-defined tornado vortex signature...As well as a|tornadic debris signature from the mobile wsr-88d.","A strong storm system brought produced numerous thunderstorms across southeast Mississippi. Damaging winds and tornadoes were observed along with very heavy rain.",89
621827,GREENE CO.,KITTRELL,02/23/2016,1745,Tornado, ,EF1,0,0,100000,0,MS,CST-6, ,103941,C,41,MOB,0,0,NWS Storm Survey, ,0.54,150,2,E,3,E,KITTRELL,02/23/2016,1746,31.4313,-88.5348,31.4358,-88.5273,"The storm survey team found a third tornado touchdown in a heavily wooded area near the Greene/Wayne county line. Numerous large diameter (greater than 2 feet) hardwood and pine trees were either snapped near the base of the trunk or |uprooted. Significant damage occurred to a log cabin built in  1909 just inside the Wayne County line...with window panes blown out and large portions of the roof destroyed. A detached outbuilding...built roughly at the same time...was destroyed by a large tree falling on its north side. The tornado continued affecting mostly wooded areas before lifting just to the northeast of Woulard Bend River Road.","A strong storm system brought produced numerous thunderstorms across southeast Mississippi. Damaging winds and tornadoes were observed along with very heavy rain.",90
621830,WAYNE CO.,STATE LINE,02/23/2016,1746,Tornado, ,EF1,0,0,100000,0,MS,CST-6, ,103941,C,153,MOB,0,0,NWS Storm Survey, ,1.06,150,3,W,2,WNW,STATE LINE,02/23/2016,1747,31.4358,-88.5273,31.4426,-88.5111,"The storm survey team found a third tornado touchdown in a heavily wooded area near the Greene/Wayne county line. Numerous large diameter (greater than 2 feet) hardwood and pine trees were either snapped near the base of the trunk or |uprooted. Significant damage occurred to a log cabin built in  1909 just inside the Wayne County line...with window panes blown out and large portions of the roof destroyed. A detached outbuilding...built roughly at the same time...was destroyed by a large tree falling on its north side. The tornado continued affecting mostly wooded areas before lifting just to the northeast of Woulard Bend River Road.","A strong storm system brought produced numerous thunderstorms across southeast Mississippi. Damaging winds and tornadoes were observed along with very heavy rain.",91
620647,MARION CO.,WIGINTON,02/23/2016,1801,Tornado, ,EF1,0,0,0,0,AL,CST-6, ,103785,C,93,BMX,0,0,NWS Storm Survey, ,2.22,300,5,SW,4,WSW,WIGINTON,02/23/2016,1805,34.2265,-87.9189,34.258,-87.9267,"National Weather Service meteorologists surveyed damage in  northern Marion County just southwest of the city of Hackleburg and determined that the damage was consistent with an EF-1 tornado. Maximum winds were estimated to be around 95 mph. The tornado touched down just south of the intersection of Robert Dyer Road and Howell Road, just off of US Hwy 43 southwest of Hackleburg. From there, the tornado moved on a north-northwest path and crossed Spurgen Dyer Road and Marion County Road 41. The tornado ultimately lifted after it crossed State Rock Road, just east of CR-32. Damage along the path was largely limited to trees that were either uprooted or snapped. A garage near the start of the path had part of its tin peeled back, and one home near the intersection of CR-41 and CR-167 received minor damage to its roof.","A trough of low pressure at 500 milibars was analyzed near the New Mexico and Texas border. A weak shortwave trough was also analyzed across northwest Mississippi. At the surface, a stationary front was draped from McComb, Mississippi, eastward to near a Tuscaloosa to Anniston, Alabama line. A surface low began to deepen over east Texas producing strengthening low level wind fields. Despite limited surface based instability over central Alabama due to persistent low clouds,  the atmosphere was characterized by deep  shear and increasing instability aloft.",92
615905,FORREST CO.,CARNES,02/23/2016,1801,Tornado, ,EF0,0,0,15000,0,MS,CST-6, ,103007,C,35,JAN,0,0,NWS Storm Survey, ,3.92,75,4,WSW,2,NW,CARNES,02/23/2016,1809,30.9574,-89.3334,30.9989,-89.2884,"This tornado began near Entrekin Road snapping a few trees along with a power pole. The tornado continued northeast across Havard Road and ended near MS 13 snapping a few more trees along the way. Estimated maximum winds were 75 mph.","Showers and thunderstorms occurred across the region in association with a potent low pressure system. Some of these storms produced tornadoes, strong damaging wind gusts, and hail.",93
621845,ESCAMBIA CO.,FERRY PASS,02/23/2016,2010,Tornado, ,EF3,0,3,22000000,0,FL,CST-6, ,103945,C,33,MOB,0,0,NWS Storm Survey, ,2.99,300,1,SE,1,SE,ESCAMBIA,02/23/2016,2015,30.4907,-87.2052,30.5171,-87.1655,"The tornado first touched down southwest of Creighton Road and quickly strengthened as it moved northeast. The first area of EF-2 damage was noted on Lansing Drive where significant roof damage was observed to a couple of homes along with snapped power poles and extensive tree damage. The tornado crossed over Interstate 10 just west of 9th Avenue. EF-1 damage was noted primarily to hardwood trees in the area of Interstate 10 and 9th Avenue. Intensification was noted as it moved further east of 9th Avenue and east of Northpointe Boulevard. The roof was blown off of two homes, one on La Borde Lane and one on Gladstone Drive. Additional EF-2 damage to homes was observed further to the northeast on Tradewinds Drive. Two vehicles were overturned in this location. It was at this point that further intensification began. The tornado reached peak intensity as it moved over the Mooring Apartments on Old Spanish Trail and the General Electric plant. EF-3 damage was observed at two of the apartment buildings with major damage to the second story. EF-3 damage occurred at the GE plant where a warehouse was destroyed. Additional EF-3 damage was noted at the Grand Baroque townhomes on Scenic Highway where two unities were destroyed. The tornado then moved into Escambia Bay and produced additional damage once it moved into Santa Rosa County.","A unusually strong storm system produced a highly favorable setup for severe thunderstorms and tornadoes. The highest impact across the Florida Panhandle was from a strong tornado that impacted the Pensacola metro. Some flooding was also experienced.",94
621846,SANTA ROSA CO.,MULAT,02/23/2016,2017,Tornado, ,EF1,0,0,75000,0,FL,CST-6, ,103945,C,113,MOB,0,0,NWS Storm Survey, ,2.68,100,1,SSW,2,ENE,MULAT,02/23/2016,2021,30.5333,-87.1318,30.5563,-87.0956,"The tornado from Escambia County Florida moved into Santa Rosa County after moving across Escambia Bay. Some of the debris from the GE plant in Escambia County was found on the western shoreline of Santa Rosa County. EF-1 damage to trees and homes was observed near San Juan Street at Sealark Lane. The tornado continue northeast, producing additional EF-1 damage primarily to trees with some minor damage noted to other homes. The tornado finally lifted near Shetland Circle just west of Avalon Boulevard.","A unusually strong storm system produced a highly favorable setup for severe thunderstorms and tornadoes. The highest impact across the Florida Panhandle was from a strong tornado that impacted the Pensacola metro. Some flooding was also experienced.",95
612928,HOUSTON CO.,WICKSBURG,02/23/2016,2215,Tornado, ,EF0,0,0,50000,0,AL,CST-6, ,102575,C,69,TAE,0,0,NWS Storm Survey, ,2.76,200,1,ESE,2,SSW,HOLLIS DAIRY RD,02/23/2016,2219,31.195,-85.6067,31.2028,-85.5609,"This was a weak tornado just north of the Houston and Geneva county border.  It removed metal roofing from several barns and porches.  Multiple trees were blown down.  This tornado was rated EF0 with max winds estimated near 70 mph.  Damage cost was estimated.","An unusually strong upper level trough and area of low pressure moved across the southeast states during the Feb 23-24 period, bringing with it numerous reports of wind damage and tornadoes.  The low level jet was particularly strong with very strong 0-1 km shear values in excess of 60 knots.  The 0-1 km helicity values were in excess of 1000 m2/s2 in some areas with CAPE values around 500 j/kg.  There were a total of 11 tornadoes across southeast Alabama and southwest Georgia, including 9 EF1 tornadoes and 2 EF0 tornadoes.",96
612932,HOUSTON CO.,HOLLIS DAIRY RD,02/23/2016,2224,Tornado, ,EF1,0,0,0,0,AL,CST-6, ,102575,C,69,TAE,0,0,NWS Storm Survey, ,1.01,200,2,NE,2,WNW,BRANNON STAND,02/23/2016,2228,31.2479,-85.5317,31.2519,-85.5152,"This was the second tornado to develop in northwest Houston county, spawned by the same parent thunderstorm.  After initially developing in Houston county, the tornado crossed into extreme southeast Dale county before moving back into Houston county in the Murphy Mill Road area.  There was a small area of EF1 damage along Murphy Mill Road where many large diameter pine trees were snapped and uprooted.  This tornado likely lifted before reaching U.S. Highway 231.  This tornado was rated EF1 with max winds estimated near 100 mph.","An unusually strong upper level trough and area of low pressure moved across the southeast states during the Feb 23-24 period, bringing with it numerous reports of wind damage and tornadoes.  The low level jet was particularly strong with very strong 0-1 km shear values in excess of 60 knots.  The 0-1 km helicity values were in excess of 1000 m2/s2 in some areas with CAPE values around 500 j/kg.  There were a total of 11 tornadoes across southeast Alabama and southwest Georgia, including 9 EF1 tornadoes and 2 EF0 tornadoes.",97
612933,DALE CO.,CURRYTOWN,02/23/2016,2228,Tornado, ,EF0,0,0,0,0,AL,CST-6, ,102575,C,45,TAE,0,0,NWS Storm Survey, ,1.79,200,1,SSE,2,ESE,CURRYTOWN,02/23/2016,2229,31.2519,-85.5152,31.2579,-85.4858,"This is the Dale county segment of the second tornado to develop in northwest Houston county, spawned by the same parent thunderstorm. After initially developing in Houston county, the tornado crossed into extreme southeast Dale county before moving back into Houston county in the Murphy Mill Road area. This tornado was rated EF0 for the Dale portion of the track as the only EF1 damage found was found in Houston county.","An unusually strong upper level trough and area of low pressure moved across the southeast states during the Feb 23-24 period, bringing with it numerous reports of wind damage and tornadoes.  The low level jet was particularly strong with very strong 0-1 km shear values in excess of 60 knots.  The 0-1 km helicity values were in excess of 1000 m2/s2 in some areas with CAPE values around 500 j/kg.  There were a total of 11 tornadoes across southeast Alabama and southwest Georgia, including 9 EF1 tornadoes and 2 EF0 tornadoes.",98
612935,HOUSTON CO.,BRANNON STAND,02/23/2016,2229,Tornado, ,EF1,0,0,0,0,AL,CST-6, ,102575,C,69,TAE,0,0,NWS Storm Survey, ,2.03,200,1,NNW,0,WNW,KELLY SPRINGS,02/23/2016,2230,31.2579,-85.4858,31.2711,-85.4551,"This is the second Houston county segment of the second tornado to develop in northwest Houston county, spawned by the same parent thunderstorm. After initially developing in Houston county, the tornado crossed into extreme southeast Dale county before moving back into Houston county in the Murphy Mill Road area. There was a small area of EF1 damage along Murphy Mill Road where many large diameter pine trees were snapped and uprooted. This tornado likely lifted before reaching U.S. Highway 231. This tornado was rated EF1 with max winds estimated near 100 mph.","An unusually strong upper level trough and area of low pressure moved across the southeast states during the Feb 23-24 period, bringing with it numerous reports of wind damage and tornadoes.  The low level jet was particularly strong with very strong 0-1 km shear values in excess of 60 knots.  The 0-1 km helicity values were in excess of 1000 m2/s2 in some areas with CAPE values around 500 j/kg.  There were a total of 11 tornadoes across southeast Alabama and southwest Georgia, including 9 EF1 tornadoes and 2 EF0 tornadoes.",99
612941,HOUSTON CO.,KELLY SPRINGS,02/23/2016,2231,Tornado, ,EF1,0,0,50000,0,AL,CST-6, ,102575,C,69,TAE,0,0,NWS Storm Survey, ,1.63,350,0,S,2,E,KELLY SPRINGS,02/23/2016,2234,31.2642,-85.4491,31.2735,-85.4238,"This was the third tornado to develop in northwest Houston county, spawned by the same thunderstorm.  Damage was focused at the athletic center of a private school and a nearby neighborhood.  A concrete block baseball dugout was destroyed and several wood power poles were snapped.  Multiple homes had minor roof damage.  This tornado was rated EF1 with max winds near 100 mph.  Damage cost was estimated.","An unusually strong upper level trough and area of low pressure moved across the southeast states during the Feb 23-24 period, bringing with it numerous reports of wind damage and tornadoes.  The low level jet was particularly strong with very strong 0-1 km shear values in excess of 60 knots.  The 0-1 km helicity values were in excess of 1000 m2/s2 in some areas with CAPE values around 500 j/kg.  There were a total of 11 tornadoes across southeast Alabama and southwest Georgia, including 9 EF1 tornadoes and 2 EF0 tornadoes.",100
612947,HOUSTON CO.,KELLY SPRINGS,02/23/2016,2234,Tornado, ,EF1,0,0,75000,0,AL,CST-6, ,102575,C,69,TAE,0,0,NWS Storm Survey, ,3.66,900,2,E,3,WNW,KINSEY,02/23/2016,2239,31.2651,-85.4106,31.3085,-85.3752,"This was the fourth tornado to develop in northwest Houston county, spawned by the same thunderstorm.  The tornado began just south of Westgate Parkway, and then quickly intensified, snapping 5 power poles near Westgate Parkway and Technology Drive.  Several houses in nearby neighborhoods had some roof damage and a barn also had roof damage.  The remainder of the track was mostly tree damage with the tornado ending just south of the Henry-Houston county border, still in Houston county.  This tornado was rated EF1 with max winds estimated near 100 mph.  Damage cost was estimated.","An unusually strong upper level trough and area of low pressure moved across the southeast states during the Feb 23-24 period, bringing with it numerous reports of wind damage and tornadoes.  The low level jet was particularly strong with very strong 0-1 km shear values in excess of 60 knots.  The 0-1 km helicity values were in excess of 1000 m2/s2 in some areas with CAPE values around 500 j/kg.  There were a total of 11 tornadoes across southeast Alabama and southwest Georgia, including 9 EF1 tornadoes and 2 EF0 tornadoes.",101
612952,HENRY CO.,HEADLAND,02/23/2016,2238,Tornado, ,EF1,0,0,50000,0,AL,CST-6, ,102575,C,67,TAE,0,0,NWS Storm Survey, ,1.09,300,2,W,2,NW,HEADLAND,02/23/2016,2240,31.3531,-85.3769,31.3644,-85.3639,"This tornado was the fifth tornado to be spawned by the same parent thunderstorm in southeast Alabama, this time in Henry county.  The tornado initially developed near CR-83 and the city limits of Headland, where large trees were uprooted.  The tornado crossed a wooded area near a creek and then ended near Knowles Road and CR-16 where a house had roof damage, an RV was overturned, a shed was destroyed, and some large trees were uprooted.  This tornado was rated EF1 with max winds estimated near 100 mph.  Damage cost was estimated.","An unusually strong upper level trough and area of low pressure moved across the southeast states during the Feb 23-24 period, bringing with it numerous reports of wind damage and tornadoes.  The low level jet was particularly strong with very strong 0-1 km shear values in excess of 60 knots.  The 0-1 km helicity values were in excess of 1000 m2/s2 in some areas with CAPE values around 500 j/kg.  There were a total of 11 tornadoes across southeast Alabama and southwest Georgia, including 9 EF1 tornadoes and 2 EF0 tornadoes.",102
612953,HENRY CO.,MILLER,02/23/2016,2254,Tornado, ,EF0,0,0,0,0,AL,CST-6, ,102575,C,67,TAE,0,0,NWS Storm Survey, ,0.4,100,3,W,3,W,MILLER,02/23/2016,2255,31.436,-85.2071,31.4386,-85.2011,"A short tornado track was determined along CR-53 just north of its intersection with CR-26.  This was a concentrated area of damage with large trees uprooted and snapped near a residence.  One of the trees had a small amount of debarking with large limbs removed.  This tornado was rated EF0 with max winds estimated at 85 mph.","An unusually strong upper level trough and area of low pressure moved across the southeast states during the Feb 23-24 period, bringing with it numerous reports of wind damage and tornadoes.  The low level jet was particularly strong with very strong 0-1 km shear values in excess of 60 knots.  The 0-1 km helicity values were in excess of 1000 m2/s2 in some areas with CAPE values around 500 j/kg.  There were a total of 11 tornadoes across southeast Alabama and southwest Georgia, including 9 EF1 tornadoes and 2 EF0 tornadoes.",103
613493,HENRY CO.,HARDWICKBURG,02/23/2016,2302,Tornado, ,EF1,0,0,0,0,AL,CST-6, ,102575,C,67,TAE,0,0,NWS Storm Survey, ,0.5,150,1,NW,1,N,HARDWICKBURG,02/23/2016,2303,31.497,-85.157,31.5007,-85.1497,"A short tornado path was observed along CR-65 just to the east of its intersection with Highway 95.  Many large trees were snapped or uprooted along this short path.  This tornado was rated EF1 with max winds estimated around 105 mph.","An unusually strong upper level trough and area of low pressure moved across the southeast states during the Feb 23-24 period, bringing with it numerous reports of wind damage and tornadoes.  The low level jet was particularly strong with very strong 0-1 km shear values in excess of 60 knots.  The 0-1 km helicity values were in excess of 1000 m2/s2 in some areas with CAPE values around 500 j/kg.  There were a total of 11 tornadoes across southeast Alabama and southwest Georgia, including 9 EF1 tornadoes and 2 EF0 tornadoes.",104
613498,EARLY CO.,KOLOMOKI MOUNDS STATE PARK,02/24/2016,7,Tornado, ,EF1,0,0,0,0,GA,EST-5, ,102576,C,99,TAE,0,0,NWS Storm Survey, ,2.24,350,4,SW,2,SW,KOLOMOKI MOUNDS STATE PARK,02/24/2016,12,31.4151,-84.9804,31.4383,-84.9539,"This tornado began around Grimsley Road with tree damage noted in surrounding fields and along the road.  It then moved northeast, crossing State Highway 39 to the northwest of Blakely.  The most significant damage was noted in a grove of trees off Cotton Patch Road, with numerous mature, healthy trees snapped or uprooted.  This tornado was rated EF1 with max winds estimated around 105 mph.","An unusually strong upper level trough and area of low pressure moved across the southeast states during the Feb 23-24 period, bringing with it numerous reports of wind damage and tornadoes.  The low level jet was particularly strong with very strong 0-1 km shear values in excess of 60 knots.  The 0-1 km helicity values were in excess of 1000 m2/s2 in some areas with CAPE values around 500 j/kg.  There were a total of 11 tornadoes across southeast Alabama and southwest Georgia, including 9 EF1 tornadoes and 2 EF0 tornadoes.",105
613499,TERRELL CO.,CLARKS MILL,02/24/2016,55,Tornado, ,EF1,0,0,0,0,GA,EST-5, ,102576,C,273,TAE,0,0,NWS Storm Survey, ,5.09,200,2,E,0,NW,CHICKASAWHATCHEE,02/24/2016,102,31.6405,-84.42,31.7026,-84.3734,"Damage along this path was primarily to pine and pecan trees.  A portion of the southern end was a focused area of uprooted and snapped mature pines.  Much of the tornado track ran along Bobby Locke Road.  This tornado was rated EF1 with max winds estimated around 90 mph.","An unusually strong upper level trough and area of low pressure moved across the southeast states during the Feb 23-24 period, bringing with it numerous reports of wind damage and tornadoes.  The low level jet was particularly strong with very strong 0-1 km shear values in excess of 60 knots.  The 0-1 km helicity values were in excess of 1000 m2/s2 in some areas with CAPE values around 500 j/kg.  There were a total of 11 tornadoes across southeast Alabama and southwest Georgia, including 9 EF1 tornadoes and 2 EF0 tornadoes.",106
613500,LEE CO.,CHOKEE,02/24/2016,126,Tornado, ,EF1,0,0,50000,0,GA,EST-5, ,102576,C,177,TAE,0,0,NWS Storm Survey, ,0.2,75,3,SSE,3,SSE,CHOKEE,02/24/2016,127,31.8496,-84.0279,31.8519,-84.0257,"This tornado touched down briefly at this location with a path length of less than one half mile.  There was significant damage to a mobile home roof, along with the complete removal of an asphalt roof of a single family home.  This tornado was rated EF1 with max winds estimated around 105 mph.  Damage cost was estimated.","An unusually strong upper level trough and area of low pressure moved across the southeast states during the Feb 23-24 period, bringing with it numerous reports of wind damage and tornadoes.  The low level jet was particularly strong with very strong 0-1 km shear values in excess of 60 knots.  The 0-1 km helicity values were in excess of 1000 m2/s2 in some areas with CAPE values around 500 j/kg.  There were a total of 11 tornadoes across southeast Alabama and southwest Georgia, including 9 EF1 tornadoes and 2 EF0 tornadoes.",107
613501,GRADY CO.,BOYDVILLE,02/24/2016,245,Tornado, ,EF1,0,0,20000,0,GA,EST-5, ,102576,C,131,TAE,0,0,NWS Storm Survey, ,12.81,400,2,SSE,1,S,AKRIDGE,02/24/2016,302,30.8601,-84.3365,30.9679,-84.1607,"The tornado touched down southeast of Whigham and traveled northeast, crossing Highway 84 between Whigham and Cairo.  The tornado lifted northeast of Cairo.  The bulk of the damage was to trees and power lines with some minor damage to a few homes, mainly caused by falling trees.  The strongest winds were likely along Providence Road where multiple trees were snapped at various levels.  In addition, a partially strapped mobile home was moved from its foundation just north of Cairo.  Six people were inside the mobile home, and nobody was injured.  This tornado was rated EF1 with max winds estimated at 90 mph.  Damage cost was estimated.","An unusually strong upper level trough and area of low pressure moved across the southeast states during the Feb 23-24 period, bringing with it numerous reports of wind damage and tornadoes.  The low level jet was particularly strong with very strong 0-1 km shear values in excess of 60 knots.  The 0-1 km helicity values were in excess of 1000 m2/s2 in some areas with CAPE values around 500 j/kg.  There were a total of 11 tornadoes across southeast Alabama and southwest Georgia, including 9 EF1 tornadoes and 2 EF0 tornadoes.",108
620651,SHELBY CO.,SHELBY SPGS,02/24/2016,404,Tornado, ,EF0,0,0,0,0,AL,CST-6, ,103785,C,117,BMX,0,0,NWS Storm Survey, ,1.11,80,3,NE,3,WSW,COLUMBIANA,02/24/2016,405,33.1593,-86.6673,33.1675,-86.6507,"National Weather Service meteorologists surveyed damage in southern Shelby County just southwest of the city of Columbiana and determined that the damage was consistent with an EF-0 tornado. Maximum winds were estimated to be around 75 mph.  The tornado touched down along CR-97 near the intersection with CR-314. It then moved east-northeast over a largely rural and wooded area and crossed a small portion of CR-305 and Golden Rd before lifting along Peaceful Valley Rd. The majority of the damage consisted of snapped or uprooted trees. There was minor roof damage to a residence on CR-97, and a mobile home at the end of Golden Rd was partially shifted off its foundation.","A trough of low pressure at 500 milibars was analyzed near the New Mexico and Texas border. A weak shortwave trough was also analyzed across northwest Mississippi. At the surface, a stationary front was draped from McComb, Mississippi, eastward to near a Tuscaloosa to Anniston, Alabama line. A surface low began to deepen over east Texas producing strengthening low level wind fields. Despite limited surface based instability over central Alabama due to persistent low clouds,  the atmosphere was characterized by deep  shear and increasing instability aloft.",109
613902,MANATEE CO.,OAK KNOLL,02/24/2016,1227,Tornado, ,EF1,0,0,0,0,FL,EST-5, ,102610,C,81,TBW,0,0,Public, ,8.58,50,6,ENE,5,NNE,MYAKKA HEAD,02/24/2016,1239,27.54,-82.2,27.54,-82.06,"The tornado impacted mainly rural areas of Manatee County. Numerous pictures of a line of snapped trees along the path were received. No storm survey was conducted due to the very rural located. Strength estimated off of tree damage pictures.","A strong area of low pressure pushing through the Deep South helped guide a cold front through the region on the 24th. The front spawned numerous strong to severe storms across the area some of which produced tornadoes.",110
613908,HILLSBOROUGH CO.,FORT LONESOME,02/24/2016,1245,Tornado, ,EF0,0,0,0,0,FL,EST-5, ,102610,C,57,TBW,0,0,Public, ,0.92,30,7,ESE,7,ESE,FORT LONESOME,02/24/2016,1248,27.65,-82.06,27.654,-82.0456,"A brief tornado moved through an open field near the Mosaic Phosphate Facility near Fort Lonesome.","A strong area of low pressure pushing through the Deep South helped guide a cold front through the region on the 24th. The front spawned numerous strong to severe storms across the area some of which produced tornadoes.",111
619600,PATRICK CO.,ARARAT,02/24/2016,1245,Tornado, ,EF1,0,0,205000,140000,VA,EST-5, ,103628,C,141,RNK,0,0,NWS Storm Survey, ,1.4,800,1,E,2,NE,ARARAT,02/24/2016,1247,36.5985,-80.5038,36.616,-80.491,"This tornado occurred in the Ararat area of Patrick County. The tornado touched down near the end of epperson lane and continued across Ararat Highway where about a half-dozen homes had minor roof damage. The tornado proceeded across pond road where a mobile home was blown off its foundation and further tree damage occurred. ||The tornado was on the ground for less than 2 miles but at its peak was half a mile wide. Patrick County Emergency Management said that a total of 22 homes were damaged and one completely destroyed. Several outbuildings and hundreds of trees were blown down by the storm. No injuries were reported.","A strong surface low was located over Western TN in the morning. A wedge was in place over the region and expected to be eroded by a strong low level jet. Bulk shear of 60 knots and storm-relative Helicity in the 400-600 m**2/s**2 range provided the dynamics for this severe event. With this shear in place, thunderstorms developed mainly east of the Blue Ridge, but some were also seen in the New and Roanoke River Valleys. Reports of thunderstorm wind damage and large hail came in from multiple counties across Virginia  and North Carolina. Also, two tornados (including a historic EF-3 in Appomattox County) occurred. This was the first EF-3 tornado in the month of February ever recorded in the NWS Blacksburg forecast area.",112
612839,DUPLIN CO.,WARSAW,02/24/2016,1257,Tornado, ,EF0,0,0,5000,0,NC,EST-5, ,102554,C,61,MHX,0,0,NWS Storm Survey, ,0.54,150,1,WSW,1,NW,WARSAW,02/24/2016,1258,34.998,-78.089,35.0056,-78.0864,"A NWS survey team found extensive tree damage across portions of the Warsaw area indicating an EF-0 tornado with 80 mph winds.","The combination of strong wind shear, moderate instability and deep moisture led to several lines of severe thunderstorms and two tornadoes across eastern NC during the early afternoon of February 24, 2016. This was part of a much larger storm system which produced severe thunderstorms and tornadoes along the Gulf Coast on the previous afternoon and evening. While no deaths or injuries were reported in eastern North Carolina, 3 fatalities occurred in southeast Virginia during the late afternoon.",113
620330,WAYNE CO.,SEVEN SPGS,02/24/2016,1310,Tornado, ,EF0,0,0,50000,0,NC,EST-5, ,102653,C,191,RAH,0,0,NWS Storm Survey, ,1.01,75,4,WSW,3,W,SEVEN SPGS,02/24/2016,1312,35.2169,-77.9213,35.2273,-77.9086,"The National Weather Service in Raleigh, NC has confirmed a brief tornado touchdown several miles west southwest of Seven Springs in southeast Wayne County. The tornado began on Camp Jubilee Road between Pineview Cemetery Road and Indian Springs Road, where numerous trees were downed and branches snapped. The tornado proceeded northeast through open fields before damaging a turkey barn and several mobile homes on the southern side of Sanderson Road. The tornado then destroyed a shed and a fence as it progressed north of Sanderson Road, plastering|insulation onto the walls of several structures on either side of the road.","A few rounds of thunderstorms moved through Central North Carolina in association with a strong low pressure system moving northeastward from the Lower Mississippi River Valley into the Tennessee Valley and Ohio Valley. The resultant highly sheared environment over the coastal plain early in the day and increasing instability across Central North Carolina during the afternoon resulted in numerous severe thunderstorms and a few tornadoes.",114
612840,DUPLIN CO.,BEAUTANCUS,02/24/2016,1313,Tornado, ,EF1,0,0,100000,0,NC,EST-5, ,102554,C,61,MHX,0,0,NWS Storm Survey, ,0.17,100,4,NE,4,NE,BEAUTANCUS,02/24/2016,1314,35.16,-77.974,35.1621,-77.9726,"A NWS Storm survey team assessed an EF1 tornado with 8 power poles snapped and a roof blow off a single wide mobile home on Garner Chapel Road about 8 miles east of Calypso.","The combination of strong wind shear, moderate instability and deep moisture led to several lines of severe thunderstorms and two tornadoes across eastern NC during the early afternoon of February 24, 2016. This was part of a much larger storm system which produced severe thunderstorms and tornadoes along the Gulf Coast on the previous afternoon and evening. While no deaths or injuries were reported in eastern North Carolina, 3 fatalities occurred in southeast Virginia during the late afternoon.",115
613909,CHARLOTTE CO.,MURDOCK,02/24/2016,1315,Tornado, ,EF0,0,0,50000,0,FL,EST-5, ,102610,C,15,TBW,0,0,NWS Storm Survey, ,0.22,50,1,SSE,1,SE,MURDOCK,02/24/2016,1316,27.0071,-82.1425,27.01,-82.1409,"An NWS Storm Survey found EF-0 Tornado Damage in Murdock. Damage mainly consisted of downed tress, damage light posts and blown out Windows. Winds were estimated to be around 65 mph. A Charlotte County Sheriffs deputy observed the tornado and it was also seen on video from the county administration building nearby.","A strong area of low pressure pushing through the Deep South helped guide a cold front through the region on the 24th. The front spawned numerous strong to severe storms across the area some of which produced tornadoes.",116
613910,CHARLOTTE CO.,CHARLOTTE HARBOR,02/24/2016,1322,Tornado, ,EF1,0,1,1600000,0,FL,EST-5, ,102610,C,15,TBW,0,0,NWS Storm Survey, ,2.72,100,2,NNE,5,NE,CHARLOTTE HARBOR,02/24/2016,1327,26.9991,-82.0391,27.0313,-82.0136,"A NWS Storm Survey found EF-1 tornado damage with winds estimated near 100 mph. 108 homes were affected with most of the damage limited to roofs and pool cages. However, 11 sustained major damage and were deemed uninhabitable by the county, one of which was destroyed. Numerous trees were uprooted and snapped with at least 8 different vehicles picked up and moved.","A strong area of low pressure pushing through the Deep South helped guide a cold front through the region on the 24th. The front spawned numerous strong to severe storms across the area some of which produced tornadoes.",117
621853,SUSSEX CO.,NEWVILLE,02/24/2016,1431,Tornado, ,EF1,3,8,2600000,0,VA,EST-5, ,103902,C,183,AKQ,0,0,NWS Storm Survey, ,6.19,300,3,SE,3,N,WAVERLY,02/24/2016,1438,36.9922,-77.1234,37.0744,-77.0787,"NWS storm survey concluded that an EF1 tornado occurred near Waverly. The tornado began a few miles south southwest of Waverly, moved fast through the town of Waverly, then ended about five miles north northeast of Waverly in Surry county. Maximum winds were between 100 and 110 mph. Numerous trees were downed, with two mobile homes destroyed and several homes and businesses damaged.","Scattered severe thunderstorms in advance of a cold front produced damaging winds, large hail, and six tornadoes across portions of central and eastern Virginia.",118
621854,SURRY CO.,BARHAM,02/24/2016,1438,Tornado, ,EF1,0,0,15000,0,VA,EST-5, ,103902,C,181,AKQ,0,0,NWS Storm Survey, ,2.67,300,4,SSE,3,SW,SAVEDGE,02/24/2016,1441,37.0744,-77.0787,37.1094,-77.0583,"Tornado tracked from Sussex county into Surry county before lifting. Several trees were down, but no structural damage was observed.","Scattered severe thunderstorms in advance of a cold front produced damaging winds, large hail, and six tornadoes across portions of central and eastern Virginia.",119
621862,BERTIE CO.,COLERAIN,02/24/2016,1454,Tornado, ,EF0,0,0,25000,0,NC,EST-5, ,103950,C,15,AKQ,0,0,NWS Storm Survey, ,0.48,50,0,SE,1,W,COLERAIN BEACH,02/24/2016,1455,36.1953,-76.7638,36.2012,-76.7591,"A very weak EF0 tornado moved across a nearly one half mile area on the east side of Colerain. Several trees were damaged, with one large limb falling through the roof of a shed. In addition, a small outbuilding was blown over.","Isolated severe thunderstorm in advance of a cold front produced a weak tornado across portions of northeast North Carolina.",120
616117,CHESTERFIELD CO.,PATRICK,02/24/2016,1516,Tornado, ,EF0,0,0,0,0,SC,EST-5, ,103106,C,25,CAE,0,0,NWS Storm Survey, ,8.89,70,1,SE,2,E,KIMBERLY,02/24/2016,1525,34.5585,-80.0328,34.6501,-79.9231,"Survey indicated that an EF0 tornado briefly touched down three separate times between the towns of Patrick and Cheraw along Highway 1. The tornado damaged several trees along with one topped tree. There was no structural damage or injuries.","An intense area of low pressure tracked just west of the CWA producing strong wind gusts and a few scattered strong to severe thunderstorms. One storm produced a brief EF0 Tornado just south of Cheraw.",121
620725,CAMPBELL CO.,MIKE,02/24/2016,1527,Tornado, ,EF0,0,0,10000,0,VA,EST-5, ,103628,C,31,RNK,0,0,NWS Storm Survey, ,0.43,125,3,E,4,ENE,MIKE,02/24/2016,1528,37.2283,-78.8641,37.2318,-78.8576,"The tornado touched down in Campbell County, downing several trees. It only remained in the county for a brief time before passing into Appomattox County where it strengthened to an EF-3.","A strong surface low was located over Western TN in the morning. A wedge was in place over the region and expected to be eroded by a strong low level jet. Bulk shear of 60 knots and storm-relative Helicity in the 400-600 m**2/s**2 range provided the dynamics for this severe event. With this shear in place, thunderstorms developed mainly east of the Blue Ridge, but some were also seen in the New and Roanoke River Valleys. Reports of thunderstorm wind damage and large hail came in from multiple counties across Virginia  and North Carolina. Also, two tornados (including a historic EF-3 in Appomattox County) occurred. This was the first EF-3 tornado in the month of February ever recorded in the NWS Blacksburg forecast area.",122
619440,APPOMATTOX CO.,SPRING MILLS,02/24/2016,1528,Tornado, ,EF3,1,7,11200000,0,VA,EST-5, ,103628,C,11,RNK,0,0,NWS Storm Survey, ,16.89,400,4,E,5,NNE,HIXBURG,02/24/2016,1544,37.2318,-78.8576,37.403,-78.648,"A tornado touched down just outside Appomattox county in Campbell county, then traveled 16 miles northeast across Appomattox county. At its peak, this tornado reached EF-3 intensity, which was the first EF-3 tornado or stronger in the month of February in the NWS Blacksburg forecast area. For Appomattox County, this was only the third tornado on record since 1950, and the only tornado rated EF-3 or higher.||The tornado passed just southeast of the town of Appomattox, impacting the community of Evergreen before lifting near Holiday Lake State Park. The fatality and all the injuries occurred in Evergreen, when the tornado was at its greatest intensity.||Thirty structures were completely destroyed and 160 others were damaged, mostly in the Evergreen area. There were also 7 injuries and 1 fatality from this tornado. Numerous trees were snapped and uprooted.","A strong surface low was located over Western TN in the morning. A wedge was in place over the region and expected to be eroded by a strong low level jet. Bulk shear of 60 knots and storm-relative Helicity in the 400-600 m**2/s**2 range provided the dynamics for this severe event. With this shear in place, thunderstorms developed mainly east of the Blue Ridge, but some were also seen in the New and Roanoke River Valleys. Reports of thunderstorm wind damage and large hail came in from multiple counties across Virginia  and North Carolina. Also, two tornados (including a historic EF-3 in Appomattox County) occurred. This was the first EF-3 tornado in the month of February ever recorded in the NWS Blacksburg forecast area.",123
614677,DURHAM CO.,HUCKLEBERRY SPG,02/24/2016,1600,Tornado, ,EF1,0,0,100000,0,NC,EST-5, ,102653,C,63,RAH,0,0,NWS Storm Survey, ,0.43,30,1,NNE,1,NE,HUCKLEBERRY SPG,02/24/2016,1601,36.0594,-78.945,36.0629,-78.9386,"The National Weather Service in Raleigh, NC has confirmed a brief tornado touchdown 5 miles northwest of downtown Durham in Durham County North Carolina. The touchdown occurred in a dense forest area near the intersection of Hillandale Road and Rose of Sharon Road. In this area, tree damage was extensive, mainly consisting of snapped trees.","A few rounds of thunderstorms moved through Central North Carolina in association with a strong low pressure system moving northeastward from the Lower Mississippi River Valley into the Tennessee Valley and Ohio Valley. The resultant highly sheared environment over the coastal plain early in the day and increasing instability across Central North Carolina during the afternoon resulted in numerous severe thunderstorms and a few tornadoes.",124
621806,FLUVANNA CO.,FORK UNION,02/24/2016,1610,Tornado, ,EF0,0,0,325000,155000,VA,EST-5, ,103902,C,65,AKQ,0,0,NWS Storm Survey, ,4.42,350,1,NW,1,SE,CARYSBROOK,02/24/2016,1620,37.7597,-78.2912,37.8074,-78.2372,"An EF0 tornado with winds estimated between 75 and 85 mph affected southeast Fluvanna county. The tornado path was about 4.5 miles in length beginning near Winnsville Drive and Tepee Town Road. It extended north northeast across Thessalonia Road and finally lifted after crossing Highway US 15, James Madison Highway, just north of Carys Creek Road. Numerous large trees were uprooted, and several houses received damage to shingles, siding and gutters. A few homes were damaged as trees fell on the homes. Also, one small outbuilding was destroyed near a home along Highway 15.","Scattered severe thunderstorms in advance of a cold front produced damaging winds, large hail, and six tornadoes across portions of central and eastern Virginia.",125
620331,GRANVILLE CO.,HUNTSBORO,02/24/2016,1632,Tornado, ,EF2,0,0,500000,0,NC,EST-5, ,102653,C,77,RAH,0,0,NWS Storm Survey, ,2.59,125,1,W,1,ENE,OXFORD HENDERSON ARP,02/24/2016,1635,36.3496,-78.5443,36.3761,-78.5115,"The National Weather Service has confirmed that a tornado touched|down in eastern Granville County and continued into western Vance|County. The tornado initially touched down at location along Salem|Road, about 3.7 miles northeast of Oxford. The tornado then|traveled northeast passing by and just to the north of the|Henderson-Oxford Airport. The tornado then crossed into Vance|County and continued for another 2.5 miles. The total path length was|approximately 5 miles.||The damage along this path consisted of several stands of|softwood trees snapped and blown down, several outbuildings blown|down and/or destroyed, several cars and storage trailers uplifted|and carried up to 50 yards away, and seven homes that were|damaged, including one that was destroyed (roof and two exterior|walls blown away). The degree of damage along most of the path|suggested 95 to 110 mph wind speeds (EF-1), with a small segment|of the path having more intense damage which suggested top wind|speeds of 125 mph (EF-2).","A few rounds of thunderstorms moved through Central North Carolina in association with a strong low pressure system moving northeastward from the Lower Mississippi River Valley into the Tennessee Valley and Ohio Valley. The resultant highly sheared environment over the coastal plain early in the day and increasing instability across Central North Carolina during the afternoon resulted in numerous severe thunderstorms and a few tornadoes.",126
620759,VANCE CO.,DEXTER,02/24/2016,1635,Tornado, ,EF2,0,0,100000,0,NC,EST-5, ,102653,C,181,RAH,0,0,NWS Storm Survey, ,2.48,125,1,ESE,3,ENE,DEXTER,02/24/2016,1638,36.3759,-78.5105,36.395,-78.4727,"The National Weather Service has confirmed that a tornado touched|down in eastern Granville County and continued into western Vance|County. Once the tornado crossed into Vance County, it continued for another 2.5 miles. The total path length was approximately 5 miles.||The damage along this path consisted of several stands of|softwood trees snapped and blown down, several outbuildings blown|down and/or destroyed, several cars and storage trailers uplifted|and carried up to 50 yards away, and seven homes that were|damaged, including one that was destroyed (roof and two exterior|walls blown away). The degree of damage along most of the path|suggested 95 to 110 mph wind speeds (EF-1), with a small segment|of the path having more intense damage which suggested top wind|speeds of 125 mph (EF-2).","A few rounds of thunderstorms moved through Central North Carolina in association with a strong low pressure system moving northeastward from the Lower Mississippi River Valley into the Tennessee Valley and Ohio Valley. The resultant highly sheared environment over the coastal plain early in the day and increasing instability across Central North Carolina during the afternoon resulted in numerous severe thunderstorms and a few tornadoes.",127
621811,MECKLENBURG CO.,REDLAWN,02/24/2016,1648,Tornado, ,EF1,0,0,260000,50000,VA,EST-5, ,103902,C,117,AKQ,0,0,NWS Storm Survey, ,5,150,2,SSE,3,WSW,PALMER SPGS,02/24/2016,1655,36.6047,-78.2435,36.5518,-78.3049,"NWS storm survey found EF1 tornado damage along a path from the North Carolina Virginia line near Keats Point northeast through Palmer Point Recreation area, then to a point about five miles west of Bracey. Numerous trees were downed or snapped, minor roof damage occurred to a few homes, minor structural damage occurred to one home and a shed, and one home was moved off its foundation.","Scattered severe thunderstorms in advance of a cold front produced damaging winds, large hail, and six tornadoes across portions of central and eastern Virginia.",128
621865,KING AND QUEEN CO.,BRUINGTON,02/24/2016,1834,Tornado, ,EF1,0,0,500000,5000,VA,EST-5, ,103902,C,97,AKQ,0,0,NWS Storm Survey, ,2.58,200,1,N,1,NE,MINOR,02/24/2016,1837,37.8001,-76.9989,37.8285,-76.9681,"Tornado initially touched down along Homlestown Road, then moved along Bruington Road where a home was destroyed and others were damaged just west of Millers Tavern. The tornado then crossed Highway 360 and moved into Essex county.","Scattered severe thunderstorms in advance of a cold front produced damaging winds, large hail, and six tornadoes across portions of central and eastern Virginia.",129
621868,ESSEX CO.,HOWERTONS,02/24/2016,1837,Tornado, ,EF3,0,25,4500000,750000,VA,EST-5, ,103902,C,57,AKQ,0,0,NWS Storm Survey, ,10.7,500,4,W,2,N,TAPPAHANNOCK,02/24/2016,1847,37.8285,-76.9681,37.9625,-76.8699,"Tornado tracked from King and Queen county into Essex county as an intensifying, high end EF1 severely damaging several homes along Dunbrook Road. The tornado continued to intensify crossing Perkins Road as an EF2 before hitting Kino Road as an EF3 tornado. Along Kino Road, all the homes in the path including three modular homes, two double wide mobile homes and one single wide mobile home were completely destroyed with most of the debris carried away. Tree damage was severe and winds were estimated at 140 to 150 mph based on damage. Everyone impacted by the tornado along Kino Road suffered injuries, some life threatening. After leaving the Kino Road area, the tornado crossed Scotts Mill Road just west of Tappahannock as a high end EF2 tornado causing severe tree damage, severely damaging numerous homes and causing the collapse of several garages and outbuildings. The tornado passed just west of downtown Tappahannock, crossing Highway 17 as an EF1 tornado and severely damaging homes on Tuckaway Lane and Highway 17. The tornado then crossed the Rappahannock River and into Richmond county.","Scattered severe thunderstorms in advance of a cold front produced damaging winds, large hail, and six tornadoes across portions of central and eastern Virginia.",130
621872,RICHMOND CO.,HAVELOCK,02/24/2016,1847,Tornado, ,EF2,0,0,3300000,0,VA,EST-5, ,103902,C,159,AKQ,0,0,NWS Storm Survey, ,7.47,300,5,SSW,2,E,FARMERS FORK,02/24/2016,1857,37.9625,-76.8699,38.0339,-76.7668,"Tornado crossed the Rappahannock River from Essex county into Richmond county. The tornado struck Naylors Beach as an EF2 tornado removing significant portions of the upper floor of one two story home and destroying several other smaller homes. At this point, the tornado was 300 yards wide with winds around 120 mph. The tornado then crossed Newland Road, weakening slightly to low end EF1 with winds around 90 mph and continuing to Tallent Town Road and Piney Grove Road. The tornado then tracked into Westmoreland county.","Scattered severe thunderstorms in advance of a cold front produced damaging winds, large hail, and six tornadoes across portions of central and eastern Virginia.",131
621873,WESTMORELAND CO.,NOMINI GROVE,02/24/2016,1857,Tornado, ,EF1,0,0,905000,78000,VA,EST-5, ,103902,C,193,AKQ,0,0,NWS Storm Survey, ,9.59,400,1,WNW,3,N,ERICA,02/24/2016,1905,38.0339,-76.7668,38.1578,-76.6875,"Tornado re-intensified as it moved from Richmond county into Westmoreland county, crossing Kings Highway (Route 3) west of Naomi Grove as a high end EF1 tornado. Tornadic winds increased to 100 mph, severely damaging two homes and destroying a mobile home along Kings Highway. The tornado continued to Cople Highway near Mount Holly, severely damaging numerous homes. After crossing Nomini Creek, the tornado crossed Bushfield Road damaging several homes. The tornado then continued northeast along Mount Holly Road, uprooting and snapping trees before moving into the Potomac River.","Scattered severe thunderstorms in advance of a cold front produced damaging winds, large hail, and six tornadoes across portions of central and eastern Virginia.",132
621696,ST. MARY'S CO.,WHITE PT BEACH,02/24/2016,1912,Tornado, ,EF0,0,0,0,0,MD,EST-5, ,103920,C,37,LWX,0,0,NWS Storm Survey, ,6.55,75,1,WNW,1,SSE,BEAUVUE,02/24/2016,1914,38.2259,-76.6354,38.2395,-76.625,"The National Weather Service Baltimore/Washington Weather Forecast|Office has confirmed a tornado struck the St. Mary���s County|shoreline just south of Beauvue on Tuesday, February 24, 2016.||A National Weather Service ground survey along with radar|analysis concluded the Tappahannock, Virginia tornado, which|created a 30 mile path of damage across the middle peninsula and|northern neck of Virginia crossed the Potomac and traveled a|mile into St. Mary���s County, Maryland before dissipating. The|tornado was small in Maryland. Most of its 6.5 mile path in|Maryland was over the Potomac River. However once it moved|ashore, it produced damage along a 1.1 mile path that was|oriented southwest to northeast across Hampton Road. The National|Weather Service has classified this tornado as an EF-0. Peak winds|were estimated at 65 mph.||The tornado���s path width was approximately 75 yards. The damage path|consisted of two large trees uprooted on private property in the|20500 block of Hampton Road, two cedar trees sheared in half along|Hampton road and a tree down in the 20700 block of Hampton Road.||The damage coincided with a tornadic signature on NWS and FAA|Doppler Radars. Areas farther north, just east of Leonardtown |were inspected but no additional tornadic damage was found.","Strong low pressure moved from the deep south to the Great Lakes, dragging a cold front through the Mid-Atlantic. Strong veering winds as a warm front lifted north ahead of the cold front led to increased sheer across the area. This combined with marginal instability led to multiple rounds of thunderstorms, with embedded severe with strong winds and small hail and multiple tornadic cells.",133
622057,BRADFORD CO.,LIMEHILL,02/24/2016,1920,Tornado, ,EF1,0,0,25000,0,PA,EST-5, ,103974,C,15,BGM,0,0,NWS Storm Survey, ,1.09,100,0,SW,1,N,LIMEHILL,02/24/2016,1922,41.7153,-76.2871,41.7302,-76.2797,"Around 7:20 PM EST, a tornado touched down just south of Route 6, a few miles north of Wyalusing in Bradford County Pennsylvania. The EF1 tornado tracked across Route 6 and lifted. Most of the damage produced by the torndao were, and a couple homes had roof damage. A garage was also heavily damaged. The estimated maximum wind speed for this tornado was 100 mph.","An unusually strong upper level trough attendant to a potent surface low pressure system brought showers and thunderstorms to central New York and northeast Pennsylvania on February 24th, 2016. The low pressure system was located over the mid-west Wednesday morning, and propagated northeastward toward the western edge of the state of New York by late Wednesday night. As the surface low moved towards the region, a continuous line of showers and thunderstorms developed along the cold front by late afternoon and brought scattered severe thunderstorms and spawned one tornado as it moved across northeast PA.",134
612796,LANCASTER CO.,GAP,02/24/2016,1938,Tornado, ,EF2,0,0,8000000,0,PA,EST-5, ,102534,C,71,CTP,0,0,NWS Storm Survey, ,4.87,400,2,N,1,E,SOUTH HERMITAGE,02/24/2016,1945,40.01,-76.0297,40.0676,-75.9766,"A survey team from the National Weather Service in State College confirmed an EF-2 tornado near White Horse in Salisbury Township, Lancaster County on February 24, 2016.  The tornado touched down one-half mile southwest of the intersection of Amish Road and Spring Garden Road then travelled to the northeast at a speed of around 50 mph, staying on the ground for 7 minutes. An estimated 50 buildings sustained damage along the path of the tornado. Two large farm outbuildings and one two-story residence sustained major roof damage near the intersection of Amish Road and Spring Garden Road. This marked the transition of the tornado from EF-1 to EF-2. A van with several passengers travelling west on Spring Garden Road near the same intersection was blown about 10 feet to the north of the road into a field. Approximately one-half mile to the northeast along Millwood Road, additional EF-2 damage occurred as roofs were blown off several farm outbuildings, barns and one two-story residence. A pine tree located in the front yard of this house was stripped of most of its branches and foliage, with only a few larger bare limbs remaining. A wooden barn behind the residence was completely destroyed with substantial debris carried several hundred yards to the northeast across a field. Mid-to-high end EF-1 damage to roofs was noted to several farm buildings and homes along the east-west portion of Millwood Road and along Old Philadelphia Pike near School Lane Road. A significant amount of debris in the form of crumpled sheet metal from roofs was scattered across fields adjacent to Meeting House Road to the north of Old Philadelphia Pike. A second area of concentrated EF-2 damage was noted near the intersection of Seldomridge Road and Cambridge Road. The tornado knocked over several large granite tombstones in a cemetery, then stripped about one-quarter of the roof off a large building where more than 100 people were attending an auction. The final location of EF-2 damage was noted along Kauffroth Road just a few hundred yards to the north of the intersection with Seldomridge Road. It was here where a large one-room metal amish school was completely destroyed and blown about 100 yards uphill into a field. The tornado began to weaken from this point with the final EF-1 damage noted near the intersection of Gault Road and Rosehill Drive, where significant damage occurred to roofs and siding on several homes and sheds. Numerous softwood trees were also uprooted at the end of the tornado path about 100 yards to the north of Thistle drive. The tornado was rated as a high-end EF-2, with peak winds estimated at 125 mph. There were no injuries or fatalities.","A National Weather Service survey team confirmed an EF2 tornado touched down near the town of White Horse in Salisbury Township on the evening of Wednesday, February 24, 2016. The tornado touched down near Amish Road just west of Spring Garden Road, traveling northeastward for approximately 5 miles before lifting near a residential development on Rosehill Drive. An estimated 50 buildings sustained damage. Maximum wind speed 125 mph.",135
621848,MIDDLESEX CO.,MORATTICO,02/24/2016,2025,Tornado, ,EF0,0,0,10000,0,VA,EST-5, ,103902,C,119,AKQ,0,0,NWS Storm Survey, ,2.8,100,4,SW,1,W,MORATTICO,02/24/2016,2029,37.7488,-76.6854,37.7781,-76.6499,"Tornado began as an EF0 near a Boy Scout Camp in Middlesex county. It then crossed the Rappahannock River into Lancaster county where it intensified to an EF1.","Scattered severe thunderstorms in advance of a cold front produced damaging winds, large hail, and six tornadoes across portions of central and eastern Virginia.",136
621851,LANCASTER CO.,MORATTICO,02/24/2016,2029,Tornado, ,EF1,0,0,377000,0,VA,EST-5, ,103902,C,103,AKQ,0,0,NWS Storm Survey, ,3.26,150,1,W,2,WNW,LITWALTON,02/24/2016,2033,37.7781,-76.6499,37.8111,-76.6072,"The tornado that began as an EF0 in Middlesex county, intensified briefly to an EF1 in the Norwood Church Road area near Flagstaff Road in Lancaster county. In this area, a brick wall on a garage was flattened, the roof was ripped off a house, and an outbuilding was destroyed. Numerous large trees were snapped including two foot diameter pine trees. The tornado continued north and northeast for a short distance before lifting.","Scattered severe thunderstorms in advance of a cold front produced damaging winds, large hail, and six tornadoes across portions of central and eastern Virginia.",137
621822,MIDDLESEX CO.,WARNER,02/24/2016,2035,Tornado, ,EF1,0,0,275000,402000,VA,EST-5, ,103902,C,119,AKQ,0,0,NWS Storm Survey, ,4.01,150,1,N,2,ESE,SAMOS,02/24/2016,2041,37.6485,-76.6492,37.6865,-76.5938,"NWS storm survey concluded that an EF1 tornado with winds estimated around 100 mph affected Middlesex county near Remlik. The tornado destroyed a house on Reed Road, tore off the second story of a barn in Hampstead Farms, and tore off the roof of another barn in Corbin Farms.","Scattered severe thunderstorms in advance of a cold front produced damaging winds, large hail, and six tornadoes across portions of central and eastern Virginia.",138
623741,JEFFERSON CO.,MC CALLA,03/01/2016,1743,Tornado, ,EF2,0,4,0,0,AL,CST-6, ,104197,C,73,BMX,0,0,NWS Storm Survey, ,5.59,465,1,ESE,1,E,BESSEMER ARPT,03/01/2016,1750,33.326,-86.9965,33.3182,-86.9015,"National Weather Service meteorologists surveyed damage in Western Jefferson County just east of McCalla and south of Bessemer and determined that the damage was consistent with an EF-2 tornado. Maximum winds were estimated to be around 120-125 mph.  The tornado touched down just east of McAdory High School on the west side of Overlook Circle with some damage to a roof. There were 12 homes and 1 church that suffered minor damage up to this point as the tornado proceeded east crossing Harper's Dairy Loop.  From here it strengthened to an EF-2 as it crossed the Bent Brook neighborhood where it destroyed 6 homes and caused significant damage to 6 other homes.  The pro shop at Bent Brook Golf Course also sustained minor damage along with a vehicle overturned.  The tornado weakened to an EF-1 as it moved east of the golf course and caused minor damage to 2 more homes and destroyed a free standing garage.  The tornado finally lifted just east of Morgan Road on Rice Circle.  In total, 14 homes sustained minor damage, 6 sustained substantial damage, and 6 homes were destroyed.  An additional 3 buildings sustained damage, along with several hundred trees snapped or uprooted along the path.","A highly amplified upper-level trough approached the central Gulf Coast Region during the afternoon hours. A deepening surface low over the Ohio Valley Region pushed a strong cold southeast towards Alabama. By the middle of the afternoon, deep layer shear had increased to 60 knots with 0-3 km storm-relative helicity values between 200 and 300 m2/s2. Destabilization and shear profiles favored severe thunderstorms, including tornadoes and large hail.",139
623765,TALLADEGA CO.,GANTT JCT,03/01/2016,1842,Tornado, ,EF0,0,0,0,0,AL,CST-6, ,104197,C,121,BMX,0,0,NWS Storm Survey, ,2.99,80,3,SSE,5,ESE,GANTT JCT,03/01/2016,1845,33.1181,-86.2246,33.1212,-86.1739,"National Weather Service meteorologists surveyed damage in extreme southeastern Talladega County just southeast of Sylacauga and determined that the damage was consistent with an EF-0 tornado. Maximum winds were estimated to be around 80 mph. ||The tornado touched down along Settlement Road just west of Old Rockhouse Road. A few homes sustained shingle damage, and one outbuilding was destroyed, along with several uprooted trees at this location. The tornado continued northeast and knocked down trees and damaged several additional homes near Cherry and Heflin Lanes. The tornado turned to the east and tracked parallel to County Road 511. The most concentrated damaged occurred in the valley just west of the community of Overbrook, where numerous trees were snapped or uprooted. The tornado continued eastward and produced minor tree damage and lifted along County Road 511, just before the Clay County line. Six homes suffered damage and four outbuildings were damaged or destroyed.","A highly amplified upper-level trough approached the central Gulf Coast Region during the afternoon hours. A deepening surface low over the Ohio Valley Region pushed a strong cold southeast towards Alabama. By the middle of the afternoon, deep layer shear had increased to 60 knots with 0-3 km storm-relative helicity values between 200 and 300 m2/s2. Destabilization and shear profiles favored severe thunderstorms, including tornadoes and large hail.",140
623767,LEE CO.,ROANOKE JCT,03/01/2016,2027,Tornado, ,EF0,0,0,0,0,AL,CST-6, ,104197,C,81,BMX,0,0,NWS Storm Survey, ,3.08,100,2,WNW,2,ENE,ROANOKE JCT,03/01/2016,2031,32.6832,-85.4056,32.6769,-85.3542,"National Weather Service meteorologists surveyed damage in north central Lee County just north of the city of Opelika and determined that the damage was consistent with an EF-0 tornado. Maximum winds were estimated to be around 70-75 mph. ||The tornado touched down just north of downtown Opelika, west of Oak Bowery Road where numerous trees were uprooted.  The tornado traveled east-southeast crossing Morris Avenue where additional small pine trees were uprooted.  Farther to the east, the tornado crossed U.S. 431 and Industrial Blvd. where minimal damage was observed. The tornado lifted near the Opelika Sports Complex on Andrews Road where several more soft and hardwood trees were snapped and uprooted.  Along the path, 20 to 30 trees sustained damage.  However, little to no structure damage was observed.","A highly amplified upper-level trough approached the central Gulf Coast Region during the afternoon hours. A deepening surface low over the Ohio Valley Region pushed a strong cold southeast towards Alabama. By the middle of the afternoon, deep layer shear had increased to 60 knots with 0-3 km storm-relative helicity values between 200 and 300 m2/s2. Destabilization and shear profiles favored severe thunderstorms, including tornadoes and large hail.",141
626359,ESCAMBIA CO.,BRADLEY,03/03/2016,1836,Tornado, ,EF1,0,0,15000,0,AL,CST-6, ,104394,C,53,MOB,0,0,NWS Storm Survey, ,0.14,25,0,NE,1,ENE,BRADLEY,03/03/2016,1837,31.0333,-86.7249,31.0337,-86.7226,"A brief tornado touch down occurred along Bradley Road just east of the intersection with Elm Drive. A brick home suffered significant roof damage and a large shed was destroyed. Two other sheds were damaged.","Isolated severe storms impacted south central and inland southwest Alabama, producing a few wind damage and hail reports, as well as an isolated brief tornado.",142
623764,PARKER CO.,(MWL)MINERAL WELLS A,03/07/2016,1808,Tornado, ,EF1,0,0,100000,0,TX,CST-6, ,103734,C,367,FWD,0,0,NWS Storm Survey, ,2.15,300,5,E,6,ENE,(MWL)MINERAL WELLS A,03/07/2016,1814,32.79,-97.98,32.82,-97.97,"A tornado caused EF-1 damage near the community of Cool, Texas on the evening of March 7th. This tornado caused significant damage to two homes and several pieces of farm equipment. The tornado began just south of Highway 180 to the east of Cool and tracked north for approximately 2 miles.","This was a multi-day severe weather and flood event. It started with a large-scale upper level low pressure system which deepened over the Four-Corners region. Moisture and instability increased in advance of this system. Storms developed along a dry line Monday afternoon, many of which produced severe weather or flash flooding or both. Another area of storms formed ahead of the upper trough over northwest Texas Monday night and pushed east-southeast across the area Tuesday, producing severe weather and flooding. A third round of storms produced flooding across mainly the southern half of the region Tuesday night into Wednesday.",143
623766,ERATH CO.,DUBLIN,03/08/2016,630,Tornado, ,EF0,0,0,130000,0,TX,CST-6, ,103734,C,143,FWD,0,0,Law Enforcement, ,0.29,100,1,WNW,1,NW,DUBLIN,03/08/2016,631,32.0833,-98.3435,32.0859,-98.3396,"The Dublin Police Department reported damage from a tornado early in the morning of March 9th. The tornado was short lived, and produced minor damage to approximately ten buildings in downtown Dublin.","This was a multi-day severe weather and flood event. It started with a large-scale upper level low pressure system which deepened over the Four-Corners region. Moisture and instability increased in advance of this system. Storms developed along a dry line Monday afternoon, many of which produced severe weather or flash flooding or both. Another area of storms formed ahead of the upper trough over northwest Texas Monday night and pushed east-southeast across the area Tuesday, producing severe weather and flooding. A third round of storms produced flooding across mainly the southern half of the region Tuesday night into Wednesday.",144
623768,ERATH CO.,STEPHENVILLE,03/08/2016,655,Tornado, ,EF1,0,0,500000,0,TX,CST-6, ,103734,C,143,FWD,0,0,NWS Storm Survey, ,2.19,100,2,SSW,1,NW,STEPHENVILLE,03/08/2016,659,32.2055,-98.2172,32.2368,-98.2108,"A tornado caused EF-1 damage to several businesses and homes in the city limits of Stephenville. The tornado began near a business on U.S. Highway 377 on the south side of town, damaging a metal building structure. The tornado moved north and northeast, heavily damaging an apartment building, and causing tree and power line damage on the campus of Tarleton State University. As the tornado dissipated, homes and garages were damaged at the Foster's home for children, on the north side of Stephenville.","This was a multi-day severe weather and flood event. It started with a large-scale upper level low pressure system which deepened over the Four-Corners region. Moisture and instability increased in advance of this system. Storms developed along a dry line Monday afternoon, many of which produced severe weather or flash flooding or both. Another area of storms formed ahead of the upper trough over northwest Texas Monday night and pushed east-southeast across the area Tuesday, producing severe weather and flooding. A third round of storms produced flooding across mainly the southern half of the region Tuesday night into Wednesday.",145
623769,HOOD CO.,TOLAR,03/08/2016,721,Tornado, ,EF0,0,0,50000,0,TX,CST-6, ,103734,C,221,FWD,0,0,Broadcast Media, ,0.37,160,1,E,1,E,TOLAR,03/08/2016,723,32.4014,-97.8896,32.4018,-97.8833,"A brief tornado was captured by broadcast media to the east of the city of Tolar. This tornado began near a mobile home park, damaging three homes. The tornado then crossed U.S. Highway 377 over an open field before dissipating.","This was a multi-day severe weather and flood event. It started with a large-scale upper level low pressure system which deepened over the Four-Corners region. Moisture and instability increased in advance of this system. Storms developed along a dry line Monday afternoon, many of which produced severe weather or flash flooding or both. Another area of storms formed ahead of the upper trough over northwest Texas Monday night and pushed east-southeast across the area Tuesday, producing severe weather and flooding. A third round of storms produced flooding across mainly the southern half of the region Tuesday night into Wednesday.",146
624242,HOOD CO.,GRANBURY,03/08/2016,736,Tornado, ,EF0,0,0,4000,0,TX,CST-6, ,103734,C,221,FWD,0,0,Law Enforcement, ,0.01,40,2,ENE,2,ENE,GRANBURY,03/08/2016,736,32.4571,-97.7586,32.4571,-97.7586,"A brief tornado occurred on the east side of the Brazos River / Lake Granbury early in the morning of March 8th. The tornado was photographed by several citizens, but occurred in open land near a golf course.","This was a multi-day severe weather and flood event. It started with a large-scale upper level low pressure system which deepened over the Four-Corners region. Moisture and instability increased in advance of this system. Storms developed along a dry line Monday afternoon, many of which produced severe weather or flash flooding or both. Another area of storms formed ahead of the upper trough over northwest Texas Monday night and pushed east-southeast across the area Tuesday, producing severe weather and flooding. A third round of storms produced flooding across mainly the southern half of the region Tuesday night into Wednesday.",147
624243,TARRANT CO.,BENBROOK LAKE,03/08/2016,803,Tornado, ,EF0,0,0,330000,0,TX,CST-6, ,103734,C,439,FWD,0,0,NWS Storm Survey, ,1.89,70,2,NNW,2,S,BENBROOK,03/08/2016,806,32.6547,-97.4828,32.6542,-97.4504,"A survey crew from the National Weather Service found evidence of EF-1 damage on the northwest shore of Benbrook Lake, near the dam. The tornado first occurred near Stephens Drive, about one half mile east of US 377. This tornado took a general west to east track, crossing a portion of the lake. On the west side of the path, a marina was heavily damaged, especially the portion which served as a storage yard for boats. Approximately 20 boats were damaged or destroyed, along with several storage sheds. The tornado moved to the east, crossing the lake, before dissipating after causing tree damage on the Pecan Valley Municipal Golf Course.","This was a multi-day severe weather and flood event. It started with a large-scale upper level low pressure system which deepened over the Four-Corners region. Moisture and instability increased in advance of this system. Storms developed along a dry line Monday afternoon, many of which produced severe weather or flash flooding or both. Another area of storms formed ahead of the upper trough over northwest Texas Monday night and pushed east-southeast across the area Tuesday, producing severe weather and flooding. A third round of storms produced flooding across mainly the southern half of the region Tuesday night into Wednesday.",148
624244,LAMPASAS CO.,LAMPASAS ARPT,03/08/2016,817,Tornado, ,EF0,0,0,60000,0,TX,CST-6, ,103734,C,281,FWD,0,0,Emergency Manager, ,0.21,100,5,NNE,5,NNE,LAMPASAS ARPT,03/08/2016,819,31.1672,-98.175,31.1697,-98.173,"The Lampasas County Emergency Manager reported damage from an observed tornado approximately thirteen miles north of the city of Lampasas. While occurring mainly over open ranch land, the tornado first occurred near U.S. 281, before moving east for about a mile. Tree damage was along the path, and one structure was damaged.","This was a multi-day severe weather and flood event. It started with a large-scale upper level low pressure system which deepened over the Four-Corners region. Moisture and instability increased in advance of this system. Storms developed along a dry line Monday afternoon, many of which produced severe weather or flash flooding or both. Another area of storms formed ahead of the upper trough over northwest Texas Monday night and pushed east-southeast across the area Tuesday, producing severe weather and flooding. A third round of storms produced flooding across mainly the southern half of the region Tuesday night into Wednesday.",149
624245,DENTON CO.,CARNEY,03/08/2016,853,Tornado, ,EF1,0,0,90000,0,TX,CST-6, ,103734,C,121,FWD,0,0,NWS Storm Survey, ,0.15,40,1,NNE,1,NNE,CARNEY,03/08/2016,854,33.0965,-96.8695,33.0985,-96.8687,"A National Weather Service survey crew found evidence of an EF1 QLCS tornado in the city limits of The Colony. This tornado was brief, and damaged 6 homes and several power lines in the city.","This was a multi-day severe weather and flood event. It started with a large-scale upper level low pressure system which deepened over the Four-Corners region. Moisture and instability increased in advance of this system. Storms developed along a dry line Monday afternoon, many of which produced severe weather or flash flooding or both. Another area of storms formed ahead of the upper trough over northwest Texas Monday night and pushed east-southeast across the area Tuesday, producing severe weather and flooding. A third round of storms produced flooding across mainly the southern half of the region Tuesday night into Wednesday.",150
616146,WILLIAMSON CO.,ANDICE,03/08/2016,917,Tornado, ,EF0,0,0,0,0,TX,CST-6, ,102809,C,491,EWX,0,0,NWS Storm Survey, ,1.5,50,2,SSE,1,ESE,ANDICE,03/08/2016,919,30.7522,-97.8314,30.7737,-97.8284,"A storm survey by the Williamson County emergency manager and the National Weather Service determined that a small EF0 tornado caused damage a few miles southeast of Andice. As a cluster of storms approached the area, the small tornado formed and caused minor damage to trees, outbuildings, and a few residences near the intersection of County Road 248 and Ranch Road 2338. The small tornado appears to have formed about one mile south of 2338 and then crossed CR248 near the CR248 and RR2338 intersection. The tornado then dissipated as it crossed and moved north of RR2338. Maximum winds in the tornado were estimated at 80 mph.","A deep upper level low and a surface frontal boundary combined to produce severe thunderstorms and locally heavy rain. The thunderstorms produced large hail and damaging winds. Flash flooding was reported in Austin.",151
624246,NAVARRO CO.,ROUND PRAIRIE,03/08/2016,1223,Tornado, ,EF1,0,0,70000,0,TX,CST-6, ,103734,C,349,FWD,0,0,NWS Storm Survey, ,1.91,150,1,SSE,1,ENE,ROUND PRAIRIE,03/08/2016,1224,32.0112,-96.1692,32.0378,-96.1602,"A National Weather Service survey crew found evidence of a relatively brief QLCS tornado over southeastern Navarro County. The tornado first occurred near US 287, on the north side of Richland Chambers Reservior. Near the beginning point of this tornado, several power poles were broken. The tornado then moved northeast, damaging two manufactured homes.","This was a multi-day severe weather and flood event. It started with a large-scale upper level low pressure system which deepened over the Four-Corners region. Moisture and instability increased in advance of this system. Storms developed along a dry line Monday afternoon, many of which produced severe weather or flash flooding or both. Another area of storms formed ahead of the upper trough over northwest Texas Monday night and pushed east-southeast across the area Tuesday, producing severe weather and flooding. A third round of storms produced flooding across mainly the southern half of the region Tuesday night into Wednesday.",152
624247,HENDERSON CO.,TRINIDAD,03/08/2016,1237,Tornado, ,EF0,0,0,200000,0,TX,CST-6, ,103734,C,213,FWD,0,0,NWS Storm Survey, ,5.3,80,2,SSE,1,E,MALAKOFF,03/08/2016,1241,32.1285,-96.0874,32.1687,-96.0101,"A National Weather Service storm survey crew found evidence of a tornado which began south of the city of Trinidad, and move northeast to the city of Malakoff. The tornado began by damaging several trees and homes near Trinidad. As the tornado moved northeast, trees were damaged along State Highway 34, before entering southwest Malakoff. Approximately 10 homes were damaged in Malakoff, with one home losing a chimney, part of the roof, and several large trees on the property.","This was a multi-day severe weather and flood event. It started with a large-scale upper level low pressure system which deepened over the Four-Corners region. Moisture and instability increased in advance of this system. Storms developed along a dry line Monday afternoon, many of which produced severe weather or flash flooding or both. Another area of storms formed ahead of the upper trough over northwest Texas Monday night and pushed east-southeast across the area Tuesday, producing severe weather and flooding. A third round of storms produced flooding across mainly the southern half of the region Tuesday night into Wednesday.",153
624624,MASON CO.,KATEMCY,03/08/2016,1910,Tornado, ,EF1,0,0,0,0,TX,CST-6, ,104298,C,319,SJT,0,0,NWS Storm Survey, ,1.12,185,5,ENE,4,WNW,FREDONIA,03/08/2016,1914,30.93,-99.2,30.9423,-99.1877,"A National Weather Service Damage Assessment Team found evidence of an EF1 Tornado that formed about 3 miles east northeast of Katemcy in northern Mason County and lifted about 2 miles north northwest of Fredonia in McCulloch County.  The tornado mainly damaged a grove of trees snapping many tree trunks about half way down.   The tornado also destroyed an outbuilding.  Winds were estimated between 95 to 110 mph.","A retreating dryline, an unstable atmosphere and an upper level disturbance resulted in the development of a few supercell thunderstorms.  These storms produced large hail and damaging winds across portions of West Central Texas.  One of the supercells spawned a tornado near Fredonia.",154
668119,MCCULLOCH CO.,VOCA,03/08/2016,1914,Tornado, ,EF1,0,0,0,0,TX,CST-6, ,104298,C,307,SJT,0,0,NWS Storm Survey, ,0.58,185,5,S,5,S,VOCA,03/08/2016,1917,30.9425,-99.1872,30.9425,-99.1774,"A National Weather Service Damage Assessment Team found evidence of an EF1 Tornado that formed about 3 miles east northeast of Katemcy in northern Mason County and lifted about 2 miles north northwest of Fredonia in McCulloch County. The tornado mainly damaged a grove of trees snapping many tree trunks about half way down. The tornado also destroyed an outbuilding. Winds were estimated between 95 to 110 mph.","A retreating dryline, an unstable atmosphere and an upper level disturbance resulted in the development of a few supercell thunderstorms.  These storms produced large hail and damaging winds across portions of West Central Texas.  One of the supercells spawned a tornado near Fredonia.",155
618051,SMITH CO.,RALEIGH,03/10/2016,1604,Tornado, ,EF0,0,0,20000,0,MS,CST-6, ,103382,C,129,JAN,0,0,NWS Storm Survey, ,1.22,80,1,WSW,1,NE,RALEIGH,03/10/2016,1607,32.028,-89.5409,32.0368,-89.5228,"The tornado began just off of Highway 540 west of Raleigh snapping a few trees. It continued across Court House Square, where it took part of a metal roof off of an outbuilding. The tornado ended near State Highway 35 where it snapped some limbs off of a tree. The maximum estimated winds were 80 mph.","As high pressure over the East Coast refused to move, a storm system approached the ArkLaMiss from the west and stalled just to the west of the region on March 7th. While warm moist air from the Gulf of Mexico filtered north and encompassed the region, a series of potent upper level disturbances began lifting northeast across the Lower Mississippi River Valley. This set the stage for multiple rounds of torrential rains that fell almost continuously across the ArkLaMiss from March 8th through March 12th. These prolonged torrential rains resulted in widespread flash flooding and river flooding across the region, with numerous area rivers reaching moderate and major flood stages. Floodwaters damaged numerous homes, businesses, and closed many primary and secondary roads across the region, with some secondary roads washed out. ||In addition, one weak tornado developed on March 10th as a line of storms began to finally push to the east over central Mississippi. This weak EF-0 tornado touched down just west of Raleigh, snapping a few trees and causing minor damage to a metal roof of an outbuilding. ||As the storm system finally exited the region late on the 12th, another fast moving, compact storm system followed in its wake during the evening of March 13th. This system brought another round of heavy rain to the Delta region, in addition to hail and damaging straight line winds. Two tornadoes were spawned by this system as well, including an EF-0 tornado that touched down near Cleveland in Bolivar County.",156
618525,CALLOWAY CO.,MIDWAY,03/12/2016,2122,Tornado, ,EF0,0,0,30000,0,KY,CST-6, ,103491,C,35,PAH,0,0,NWS Storm Survey, ,0.32,50,0,WNW,0,NNW,MIDWAY,03/12/2016,2123,36.551,-88.3257,36.5544,-88.3219,"A National Weather Service damage survey revealed a brief EF-0 tornado struck the west side of the community of Midway. The tornado occurred along Highway 1828 and traveled about one-quarter mile northeast across U.S. Highway 641. On Highway 1828, approximately half of the roof was ripped off a single family residence, including the decking and some rafters. Small tree limbs were broken, and the underpinning was blown from a mobile home. Power lines were brought down. Peak winds were estimated near 85 mph.","A very short-lived, weak tornado touched down along U.S. Highway 641 between Murray and Hazel. The tornado formed within a line of thunderstorms (or quasi-linear convective system) that extended from north to south across western Kentucky. The storms moved through a marginally unstable air mass just south of a stationary front that was draped across the Lower Ohio Valley.",157
624944,SCOTT CO.,SENSATION,03/13/2016,1456,Tornado, ,EF1,0,0,150000,0,AR,CST-6, ,104274,C,127,LZK,0,0,NWS Storm Survey, ,4.81,850,2,SE,2,NNW,WINFIELD,03/13/2016,1507,34.8529,-94.2451,34.9041,-94.1877,"The tornado uprooted trees and caused damage to several buildings, including 7 to 8 homes.","Severe thunderstorms produced very large hail, damaging winds, and tornadoes during the afternoon and evening.",158
624952,MONTGOMERY CO.,JOPLIN,03/13/2016,1548,Tornado, ,EF1,0,0,200000,0,AR,CST-6, ,104274,C,97,LZK,0,0,NWS Storm Survey, ,1.7,180,1,NNE,3,NNE,JOPLIN,03/13/2016,1552,34.567,-93.438,34.5913,-93.4339,"There was significant damage to several boat docks at Mountain Harbor, with some trees and power lines blown down. Several homes were damaged, including a mobile home with substantial damage.","Severe thunderstorms produced very large hail, damaging winds, and tornadoes during the afternoon and evening.",159
625212,PULASKI CO.,WYE,03/13/2016,1715,Tornado, ,EF0,0,0,5000,0,AR,CST-6, ,104274,C,119,LZK,0,0,NWS Storm Survey, ,0.45,50,1,NW,1,N,WYE,03/13/2016,1716,34.9355,-92.6487,34.9389,-92.6418,"Mostly tree damage was found, with minor damage to a roof.","Severe thunderstorms produced very large hail, damaging winds, and tornadoes during the afternoon and evening.",160
625213,PERRY CO.,WYE,03/13/2016,1716,Tornado, ,EF0,0,0,5000,0,AR,CST-6, ,104274,C,105,LZK,0,0,NWS Storm Survey, ,1.26,50,1,ESE,1,S,WYE,03/13/2016,1719,34.9445,-92.6206,34.9389,-92.6418,"Mostly tree damage was found, with damage to a roof also.","Severe thunderstorms produced very large hail, damaging winds, and tornadoes during the afternoon and evening.",161
625150,JEFFERSON CO.,DOLTON,03/13/2016,1732,Tornado, ,EF0,0,0,8000,0,AR,CST-6, ,104274,C,69,LZK,0,0,NWS Storm Survey, ,0.56,50,3,NNE,3,SW,SWAN LAKE,03/13/2016,1733,34.145,-91.7451,34.1521,-91.7405,"The tornado was spawned just to the east of a home, with bricks removed from the east side of that structure. Several trees were also blown down in the vicinity of the house. The tornado tracked toward the Arkansas River, lifting as it approached the levee on the south side of the river. There was also video confirmation of this tornado from several sources.","Severe thunderstorms produced very large hail, damaging winds, and tornadoes during the afternoon and evening.",162
625170,ARKANSAS CO.,ONE HORSE STORE,03/13/2016,1800,Tornado, ,EF0,0,0,0,0,AR,CST-6, ,104274,C,1,LZK,0,0,NWS Storm Survey, ,1.29,50,2,ENE,3,ENE,ONE HORSE STORE,03/13/2016,1802,34.2329,-91.4714,34.245,-91.4543,"This tornado was confirmed by photographs as it tracked through very rural areas near the Loyd Rodgers Reservoir. No damage to structures has been reported.","Severe thunderstorms produced very large hail, damaging winds, and tornadoes during the afternoon and evening.",163
625182,ARKANSAS CO.,STINKING BAY,03/13/2016,1832,Tornado, ,EF0,0,0,8000,0,AR,CST-6, ,104274,C,1,LZK,0,0,NWS Storm Survey, ,1.22,50,1,WSW,1,NNW,STINKING BAY,03/13/2016,1834,34.4136,-91.2137,34.4293,-91.204,"As the tornado formed, a shed was destroyed causing some damage to a nearby home. Tin from the shed was carried off into a field well to the northeast, with some tin wrapped around a tree. The tornado dissipated as it approached the White River.","Severe thunderstorms produced very large hail, damaging winds, and tornadoes during the afternoon and evening.",164
624047,PHILLIPS CO.,MARVELL,03/13/2016,1854,Tornado, ,EF0,0,0,25000,0,AR,CST-6, ,104247,C,107,MEG,0,0,NWS Storm Survey, ,2.88,100,3,WSW,1,NW,MARVELL,03/13/2016,1859,34.5391,-90.9558,34.5584,-90.911,"The tornado caused intermittent damage from west-southwest of Marvell into the town of Marvell. The tornado downed power poles and damaged a small outbuilding along Highway 1 southwest of Marvell. In town, the tornado bent street lights and a power pole. Tree limbs were broken and a baseball field scoreboard was knocked down. Peak estimated wind was 80 mph.","A compact upper low pressure system tracked from Eastern Oklahoma toward the Mid-South during the afternoon on March 13, 2016. A moist and unstable airmass was in place across much of Arkansas. Numerous thunderstorms developed and intensified during the afternoon as the upper low pressure system approached. Three weak tornadoes occurred over East-Central Arkansas along with a report of large hail.",165
624049,PHILLIPS CO.,EDGEWOOD,03/13/2016,1916,Tornado, ,EF0,0,0,35000,0,AR,CST-6, ,104247,C,107,MEG,0,0,NWS Storm Survey, ,3.79,125,3,WSW,1,ENE,EDGEWOOD,03/13/2016,1923,34.6178,-90.8282,34.6337,-90.7644,"The tornado caused intermittent damage in far Northern Phillips County, northwest of the town of Lexa. The tornado damaged outbuildings and lightweight structures along Highways 316 and 201. The tornado caused roof damage to a barn and downed wooden power poles along Highway 1 north of Lexa. Peak estimated wind 85 mph.","A compact upper low pressure system tracked from Eastern Oklahoma toward the Mid-South during the afternoon on March 13, 2016. A moist and unstable airmass was in place across much of Arkansas. Numerous thunderstorms developed and intensified during the afternoon as the upper low pressure system approached. Three weak tornadoes occurred over East-Central Arkansas along with a report of large hail.",166
624050,CROSS CO.,TOGO,03/13/2016,2010,Tornado, ,EF1,0,0,25000,0,AR,CST-6, ,104247,C,37,MEG,0,0,NWS Storm Survey, ,1.96,125,2,W,1,N,TOGO,03/13/2016,2015,35.3298,-90.5826,35.3439,-90.5524,"A tornado touched down just east of Arkansas Route 75 causing minor roof damage to a house and outbuilding. The tornado then moved northeast and flipped a couple of irrigation pivots before damaging a hangar and removing a door off of a barn.","A compact upper low pressure system tracked from Eastern Oklahoma toward the Mid-South during the afternoon on March 13, 2016. A moist and unstable airmass was in place across much of Arkansas. Numerous thunderstorms developed and intensified during the afternoon as the upper low pressure system approached. Three weak tornadoes occurred over East-Central Arkansas along with a report of large hail.",167
623118,CHICOT CO.,DERMOTT,03/13/2016,2015,Tornado, ,EF1,0,1,2500000,0,AR,CST-6, ,103380,C,17,JAN,0,0,NWS Storm Survey, ,6.36,300,1,SW,2,ENE,HALLEY JCT,03/13/2016,2022,33.5082,-91.4509,33.5455,-91.3499,"This tornado started on the southwest side of Dermott just west of Buckner Lane. Here several trees were snapped. As it crossed Buckner, six power poles were taken down. It then crossed Trotter Street, where more trees were snapped with others uprooted. A fence was laid down as well. A few homes here had minor roof damage where shingles were blown off. The tornado then tracked across US Highway 165 where it moved through open field. It tracked into the South Delta Regional Correctional Facility. Quite a bit of damage was done to the facility as it took a direct hit. Several large sections of the outer fence were torn down. Five buildings on the south side of the complex sustained roof damage where shingles and sheet paper were removed. The gym building, a metal structure, was heavily damaged where a large section of wall was removed. The main building of the complex suffered roof damage where roughly half of the roof was lifted or had parts removed. The roof is not a typical roof; it has several layers. Large portions of the foam insulation were pulled out along with several sections of a thin roof covering. A couple of the guard watch towers had the windows blown out and some minor damage. One employee was injured trying to exit a tower and broke a leg. The tornado then moved into a wooded area, where trees were snapped and a metal carport was thrown and destroyed. As the tornado crossed Highway 35, many more trees were damaged. One home sustained minor roof damage on the south side of the highway. The tornado crossed US Highway 65 and snapped more trees. It then continued through a large wooded area and farmland and it moved into Desha County. It then crossed Highway 159 where many more trees were snapped and uprooted. Where it crossed Highway 159, a home sustained some minor roof damage and had the wood framed shed destroyed. A few power lines were down here as well. The tornado continued northeast into a wooded area where more trees were damaged. Though the tornado likely dissipated a bit farther east, no access was available to that area due to flooding. The total path length was 9.2 miles, with 2.6 miles of that in Desha County. The maximum estimated winds were 105 mph.","As high pressure over the East Coast refused to move, a storm system approached the ArkLaMiss from the west and stalled just to the west of the region on March 7th. While warm moist air from the Gulf of Mexico filtered north and encompassed the region, a series of potent upper level disturbances began lifting northeast across the Lower Mississippi River Valley. This set the stage for multiple rounds of torrential rains that fell almost continuously across the ArkLaMiss from March 8th through March 12th. These prolonged torrential rains resulted in widespread flash flooding and river flooding across the region, with numerous area rivers reaching moderate and major flood stages. Floodwaters damaged numerous homes, businesses, and closed many primary and secondary roads across the region, with some secondary roads washed out. ||As the storm system finally exited the region late on the 12th, another fast moving, compact storm system followed in its wake during the evening of March 13th. This system brought another round of heavy rain to the Delta region, in addition to several reports of hail and damaging straight line winds. Tornadoes were spawned by this system as well, which included one that affected Chicot County.",168
624954,DESHA CO.,HALLEY,03/13/2016,2022,Tornado, ,EF1,0,0,5000,0,AR,CST-6, ,104274,C,41,LZK,0,0,NWS Storm Survey, ,2.6,300,2,NW,2,SSE,TRIPPE JUNCTION,03/13/2016,2025,33.5505,-91.3498,33.5702,-91.3113,"This is a continuation of a tornado from Chicot County AR. As the tornado crossed into Desha County, some trees were snapped and uprooted, along with some power lines blown down.","Severe thunderstorms produced very large hail, damaging winds, and tornadoes during the afternoon and evening.",169
623122,BOLIVAR CO.,CLEVELAND MUNI ARPT,03/13/2016,2113,Tornado, ,EF0,0,0,40000,0,MS,CST-6, ,103382,C,11,JAN,0,0,NWS Storm Survey, ,0.51,50,0,SE,1,W,CLEVELAND,03/13/2016,2114,33.7469,-90.7459,33.7513,-90.7387,"The tornado began along Bishop Rd where it downed tree limbs at a funeral home and continued across West Sunflower Rd. Several sections of tin were blown off the end of a strip mall at the No Way Jose restaurant and a tree was downed along MS Highway 8. Along Bolling Ave, a fence and a shed were blown down and trees and tree limbs were downed. The tornado lifted as it reached a Delta State University intercollegiate athletic facility, where minor fence damage occurred. The maximum estimated wind speed was 85 mph.","As high pressure over the East Coast refused to move, a storm system approached the ArkLaMiss from the west and stalled just to the west of the region on March 7th. While warm moist air from the Gulf of Mexico filtered north and encompassed the region, a series of potent upper level disturbances began lifting northeast across the Lower Mississippi River Valley. This set the stage for multiple rounds of torrential rains that fell almost continuously across the ArkLaMiss from March 8th through March 12th. These prolonged torrential rains resulted in widespread flash flooding and river flooding across the region, with numerous area rivers reaching moderate and major flood stages. Floodwaters damaged numerous homes, businesses, and closed many primary and secondary roads across the region, with some secondary roads washed out. ||In addition, one weak tornado developed on March 10th as a line of storms began to finally push to the east over central Mississippi. This weak EF-0 tornado touched down just west of Raleigh, snapping a few trees and causing minor damage to a metal roof of an outbuilding. ||As the storm system finally exited the region late on the 12th, another fast moving, compact storm system followed in its wake during the evening of March 13th. This system brought another round of heavy rain to the Delta region, in addition to hail and damaging straight line winds. Two tornadoes were spawned by this system as well, including an EF-0 tornado that touched down near Cleveland in Bolivar County.",170
614978,PREBLE CO.,KITSON CORNERS,03/14/2016,1238,Tornado, ,EF1,0,0,60000,0,OH,EST-5, ,102913,C,135,ILN,0,0,NWS Storm Survey, ,1.14,75,3,SSW,1,SSW,KITSON CORNERS,03/14/2016,1240,39.694,-84.5835,39.7105,-84.582,"Damage was first observed northwest of Wheatville along State Route 122 between Quaker Trace Road and Yost Road. This is believed to be where the tornado first touched down. A section of wood and metal roofing material measuring approximately 55 feet by 15 feet was lifted from the northeast side of a barn and strewn for approximately 100 feet to the northeast, and a lesser distance to the northwest. A utility pole was also snapped at this location. Eyewitness accounts from the residents indicated the damage resulted from a visible circulation that passed through the property. The residents also pointed out a section of metal roofing material from this location that was carried approximately 0.35 miles north-northeast and deposited in an area of trees. The damage here was assessed to be in the mid range EF1 category.||A second debris field was found along Halderman Road just west of the intersection with Quaker Trace Road. A barn measuring approximately 65 feet by 45 feet was completely destroyed just south of the road. Wood and metal roofing material from this barn was strewn over approximately one-half mile in a very confined path. The debris was oriented to the north-northeast for much of the total distance, although an initial jog to the west was visible in the immediate vicinity of the barn. The final pieces of debris were visible in a field about one-quarter mile north of Halderman Road. No further damage was observed or reported north of this location so this area is believed to be where the tornado lifted. A close inspection of the barn was not possible due to its location on private property, but the visible debris and available aerial imagery indicated it was not of new construction. It is also unknown if any parts of the structure were open to the wind prior to being destroyed. For these reasons the damage at this location was also assessed to be in the mid range EF1 category.","A low pressure system moving through the Ohio River Valley produced showers and scattered thunderstorms during the early to mid afternoon hours. Several weak tornadoes developed across the Miami Valley.",171
614979,MONTGOMERY CO.,BROOKVILLE RASOR ARP,03/14/2016,1316,Tornado, ,EF1,0,0,250000,0,OH,EST-5, ,102913,C,113,ILN,0,0,NWS Storm Survey, ,2.98,40,1,N,1,WNW,MEYER ARPT,03/14/2016,1322,39.882,-84.4272,39.9249,-84.4221,"The tornado first touched down along Arlington Road just south of Potato Ridge Road where there was light damage to hardwood trees consistent with EF0 strength winds. The tornado then progressed north-northeast and crossed Sweet Potato Ridge Road and then Arlington Road, where it severely damaged a barn and woodshed.  Just north of this location, a farm house on Baltimore Phillipsburg Pike had extensive damage with the entire roof lifted off from the upper level of the house. With consideration of the age of the home and roofing structure, the damage was consistent with high end EF1 damage. At this same property, a garage was shifted off its foundation with all walls collapsed and a nearby large barn lost about 20 percent of the roof.||Additional minor roof damage occurred at a property on the north side of the Baltimore Phillipsburg Pike property, with most of the damage coming from the roof debris from the property on the south side of Baltimore Phillipsburg Pike. ||The roof and yard debris from the Baltimore Phillipsburg Pike location was lofted as far as 300 to 400 yards from the home site, northward toward Blank Road. An additional farm site farther north along Arlington Road suffered a destroyed garage with debris from the structure spreading nearly 100 yards. Additional damage included chimney damage, snapped and uprooted trees, siding and significant barn damage. This damage was in the high end EF0 to low end EF1 scale.||The northernmost location of tornadic damage occurred along State Route 49, just north of Montgomery County Line Road in Miami County, where some large trees were downed. This was the northernmost indication of ground-based damage. There was additional debris in fields just north along Castine-Gordon Road, but this was the last known location of damage or debris.","A low pressure system moving through the Ohio River Valley produced showers and scattered thunderstorms during the early to mid afternoon hours. Several weak tornadoes developed across the Miami Valley.",172
615433,DARKE CO.,ARCANUM,03/14/2016,1326,Tornado, ,EF1,0,0,75000,0,OH,EST-5, ,102913,C,37,ILN,0,0,NWS Storm Survey, ,2.25,150,1,SSE,1,NNE,ARCANUM,03/14/2016,1332,39.9615,-84.5441,39.9939,-84.5397,"Damage was first observed along Grubbs-Rex Road. A large garage had one of its doors partially pushed inward. The most significant damage occurred at a property located south of Dull Road. A horse stable at the southern end of the property was almost completely destroyed. The southernmost addition to this stable suffered from complete collapse of external walls with some of the wooden anchor posts completely ripped from the ground. Minor damage to walls, windows and roof ornamentation was also noticed on two other outbuildings at this location. A brick house was generally undamaged, aside from some isolated removal of shingles. Throughout this area, tree damage was significant. Large limbs were spread almost everywhere with several trees downed and others snapped off above ground level. Debris from the stable was found deposited in trees in several other places on the property.||Debris from the Dull Road location, including large pieces of sheet metal, was spread for long distances to the north of the property. A significant amount of this debris was deposited between the damage area and Dull Road. Very minor roof damage was also observed on a barn located just north of Dull Road.||Numerous pieces of debris were found between Dull Road and east South Street (State Route 49). A few pieces were even found just north of east South Street. A lack of trees along this segment of the path made it difficult to determine the exact end point of the tornado. It is estimated that the tornado lifted in the vicinity of east South Street.","A low pressure system moving through the Ohio River Valley produced showers and scattered thunderstorms during the early to mid afternoon hours. Several weak tornadoes developed across the Miami Valley.",173
615413,DARKE CO.,PITSBURG,03/14/2016,1326,Tornado, ,EF0,0,0,20000,0,OH,EST-5, ,102913,C,37,ILN,0,0,NWS Storm Survey, ,0.75,100,2,E,2,ENE,PITSBURG,03/14/2016,1328,39.9773,-84.4653,39.9882,-84.4646,"The first evidence of damage occurred north of Stocker Road just east of the intersection with Schnorf-Jones Road. A few trees were downed in this location with some light debris noted along the tree line about 350 feet north of Stocker Road.||Additional damage was noted at a residence on the northeast corner of the intersection of Oakes Road and Schnorf-Jones Road. A stone chimney on the house was heavily damaged. A few panels of metal roofing on the house were completely removed. A metal barn roof at this location was also partially peeled up to the west.||Light debris from the above location was spread about a quarter mile to the north with some evidence of very minor damage at an adjacent property just south of a line of trees. Beyond this line of trees, which had some depositing of light debris, there was no further damage observed.","A low pressure system moving through the Ohio River Valley produced showers and scattered thunderstorms during the early to mid afternoon hours. Several weak tornadoes developed across the Miami Valley.",174
615445,MIAMI CO.,POTSDAM,03/14/2016,1330,Tornado, ,EF0,0,0,75000,0,OH,EST-5, ,102913,C,109,ILN,0,0,NWS Storm Survey, ,0.68,60,1,NNW,1,NNW,POTSDAM,03/14/2016,1332,39.9782,-84.4268,39.9881,-84.427,"The first evidence of damage occurred at a property on Hall Road. A few shingles were damaged on the house and one tree had a large limb broken off. A more concentrated area of damage occurred along and east of Stauffer Road, just north of the intersection with Coppock Road. Minor tree damage was observed at several properties on Stauffer Road, with a few healthy trees downed. A pine tree near the north end of the damage path was blown toward the southeast. One home had its sheet metal roof almost completely peeled off and deposited to the west of the home. Minor shingle damage occurred to a nearby garage. There was also significant scattering of minor debris in this location, including small limbs and a play structure. A shed located behind one of the residences was also destroyed with its debris scattered northwest into an adjacent field.","A low pressure system moving through the Ohio River Valley produced showers and scattered thunderstorms during the early to mid afternoon hours. Several weak tornadoes developed across the Miami Valley.",175
625077,MCDONOUGH CO.,GOOD HOPE,03/15/2016,1726,Tornado, ,EF2,0,0,200000,0,IL,CST-6, ,104323,C,109,DVN,0,0,NWS Storm Survey, ,8.23,400,1,NNE,1,NNE,WALNUT GROVE,03/15/2016,1742,40.5621,-90.6736,40.6299,-90.5446,"An EF-2 tornado with winds estimated at 115 mph touched down north of Good Hope Illinois in McDonough County.  It traveled northeast, crossing into Warren County west of Prairie City and eventually into Fulton County. Several homes were severely damaged with most of the damage occurring to farm outbuildings and trees.","A strong area of low pressure and associated warm front tracked northeast from Missouri into northern Illinois late in the day.  Numerous severe thunderstorms developed over the region, bringing large hail, damaging winds, and several tornadoes to the area.  The warm front lifting north was a focus area for tornadic supercells.",176
626927,WARREN CO.,WALNUT GROVE,03/15/2016,1742,Tornado, ,EF1,0,0,200000,0,IL,CST-6, ,104323,C,187,DVN,0,0,NWS Storm Survey, ,6.4,400,1,NNE,4,N,PRAIRIE CITY,03/15/2016,1756,40.6299,-90.5446,40.6828,-90.4443,"A tornado moved from McDonough County into Warren County west of Prairie City.  It traveled northeast across Warren County, affecting mainly farm outbuildings and trees before it moved into Fulton County.","A strong area of low pressure and associated warm front tracked northeast from Missouri into northern Illinois late in the day.  Numerous severe thunderstorms developed over the region, bringing large hail, damaging winds, and several tornadoes to the area.  The warm front lifting north was a focus area for tornadic supercells.",177
624456,FULTON CO.,AVON,03/15/2016,1756,Tornado, ,EF1,0,0,15000,0,IL,CST-6, ,104287,C,57,ILX,0,0,NWS Storm Survey, ,1.87,100,1,NW,2,NNE,AVON,03/15/2016,1800,40.6828,-90.4443,40.699,-90.4165,"A tornado crossed into northwest Fulton County from southeast Warren County (NWS Quad Cities) 1.4 miles north-northwest of Avon at 6:56 PM CDT. The tornado tracked northeastward for 2 miles before lifting 2.5 miles north-northeast of Avon at 7:00 PM CDT.  The tornado damaged several trees along its path before dissipating in an open field.","An area of low pressure deepened considerably as it tracked from northeast Missouri into southern Wisconsin on March 15th.  While the airmass ahead of this system across central Illinois remained capped for much of the day, an approaching upper trough helped weaken the cap and set the stage for scattered severe thunderstorms ahead of an approaching cold front during the evening of the 15th.  Several clusters of thunderstorms moved across west-central Illinois, mainly along and west of I-55.  The first cluster tracked from just north of Quincy toward the Peoria area, while a second cluster impacted locations from Jacksonville to Springfield.  Thanks to moderate instability and strong low-level wind shear near the low track, many of the storms rotated and produced large hail and tornadoes.  A total of 4 tornadoes touched down, including an EF-2 just northwest of Trivoli in Peoria County.",178
625078,ROCK ISLAND CO.,BARSTOW,03/15/2016,1825,Tornado, ,EF2,0,10,750000,0,IL,CST-6, ,104323,C,161,DVN,0,0,NWS Storm Survey, ,4.78,200,1,NNE,1,NE,RAPIDS CITY,03/15/2016,1835,41.5342,-90.3616,41.5918,-90.3277,"An EF-2 tornado tracked north then curved to the east through upper Rock Island county.  An estimated 40 homes were damaged with the most severe damage to a neighborhood in rural East Moline where 10 homes were completely destroyed.  Ten people reported minor injuries.  The maximum wind with this tornado were estimated at  130 mph.","A strong area of low pressure and associated warm front tracked northeast from Missouri into northern Illinois late in the day.  Numerous severe thunderstorms developed over the region, bringing large hail, damaging winds, and several tornadoes to the area.  The warm front lifting north was a focus area for tornadic supercells.",179
626922,SCOTT CO.,MC CAUSLAND,03/15/2016,1833,Tornado, ,EF0,0,0,0,0,IA,CST-6, ,104322,C,163,DVN,0,0,NWS Storm Survey, ,0.03,50,2,WSW,2,WSW,MC CAUSLAND,03/15/2016,1834,41.7593,-90.4359,41.7592,-90.4351,"A tornado touched down on the Scott County side of the Wapsipinicon River and quickly cross the river into Clinton County.  Damage was mainly to trees.  The wind speeds with this tornado were estimated at 80 mph.","A strong area of low pressure and associated warm front tracked northeast from Missouri into northern Illinois late in the day.  Numerous severe thunderstorms developed over the region, bringing large hail and several tornadoes to the area.  The warm front lifting north was a focus area for tornadic supercells.",180
625075,CLINTON CO.,FOLLETTS,03/15/2016,1834,Tornado, ,EF0,0,0,0,0,IA,CST-6, ,104322,C,45,DVN,0,0,NWS Storm Survey, ,1.17,50,3,WNW,2,WNW,FOLLETTS,03/15/2016,1835,41.7592,-90.4356,41.7579,-90.413,"A tornado touched down on the Scott County side of the Wapsipinicon River and quickly crossed the river into Clinton County.  Damage was mainly to trees.  The wind speeds with this tornado were estimated at 80 mph.","A strong area of low pressure and associated warm front tracked northeast from Missouri into northern Illinois late in the day.  Numerous severe thunderstorms developed over the region, bringing large hail and several tornadoes to the area.  The warm front lifting north was a focus area for tornadic supercells.",181
624457,PEORIA CO.,TRIVOLI,03/15/2016,1842,Tornado, ,EF2,0,0,1000000,0,IL,CST-6, ,104287,C,143,ILX,0,0,NWS Storm Survey, ,7.55,440,2,NNW,1,NNW,KRAMM,03/15/2016,1857,40.7135,-89.9146,40.7594,-89.7838,"A tornado touched down 2 miles northwest of Trivoli just west of Quarry Road at 7:42 PM CDT.  A garage and house roofs were damaged, a car was picked up and thrown 50 yards into a field, a pickup truck was damaged, and several trees were snapped.  As the tornado approached Trivoli Road, it developed multiple vorticies and widened to about one quarter of a mile across.  Several outbuildings and grain bins were destroyed, house roofs were damaged, and numerous trees were uprooted.  Near Texas Road and Cottonwood Road, a church roof was severely damaged and several trees were snapped.  As the tornado continued tracking to the northeast, more outbuildings and trees were damaged.  The worst damage occurred at a residence on Southport Road between Cutoff Road and Kramm Road, where the roof was completely torn off a house, outbuildings were damaged, and a tree was ripped out of the ground and thrown.  The tornado then dissipated 2.7 miles southwest of Kickapoo near Kickapoo Creek at 7:57 PM CDT.","An area of low pressure deepened considerably as it tracked from northeast Missouri into southern Wisconsin on March 15th.  While the airmass ahead of this system across central Illinois remained capped for much of the day, an approaching upper trough helped weaken the cap and set the stage for scattered severe thunderstorms ahead of an approaching cold front during the evening of the 15th.  Several clusters of thunderstorms moved across west-central Illinois, mainly along and west of I-55.  The first cluster tracked from just north of Quincy toward the Peoria area, while a second cluster impacted locations from Jacksonville to Springfield.  Thanks to moderate instability and strong low-level wind shear near the low track, many of the storms rotated and produced large hail and tornadoes.  A total of 4 tornadoes touched down, including an EF-2 just northwest of Trivoli in Peoria County.",182
624459,SANGAMON CO.,KNAPP,03/15/2016,1844,Tornado, ,EF1,0,0,280000,0,IL,CST-6, ,104287,C,167,ILX,0,0,NWS Storm Survey, ,3.62,75,2,NNE,1,SE,RIDDLE HILL,03/15/2016,1850,39.7404,-89.8153,39.7738,-89.7627,"A tornado touched down 2.4 miles west of Curran along Werner Road about three quarters of a mile west of the intersection with Farmingdale Road at 7:44 PM CDT.  The roof of a home lost some shingles and a few pine trees were broken off in this area.  The tornado tracked across mainly open fields and crossed I-72 just east of Farmingdale Road at 7:45 PM CDT.  The tornado continued northeastward and damaged a house along Bunker Hill Road, blowing out windows, removing shingles, and breaking several trees.  It then caused minor shingle damage to a home along Emerson Road about a quarter mile south of Iles Avenue.  Further northeast, the tornado caused significant damage to a home along Iles Avenue about a half mile east of the intersection with Emerson Road, removing most of the roof and blowing out a wall on the west side of the structure.  Across the street, a barn lost its roof and several trees were snapped off.  The tornado then dissipated in an open field 6.6 miles west-southwest of Springfield at 7:50 PM CDT.","An area of low pressure deepened considerably as it tracked from northeast Missouri into southern Wisconsin on March 15th.  While the airmass ahead of this system across central Illinois remained capped for much of the day, an approaching upper trough helped weaken the cap and set the stage for scattered severe thunderstorms ahead of an approaching cold front during the evening of the 15th.  Several clusters of thunderstorms moved across west-central Illinois, mainly along and west of I-55.  The first cluster tracked from just north of Quincy toward the Peoria area, while a second cluster impacted locations from Jacksonville to Springfield.  Thanks to moderate instability and strong low-level wind shear near the low track, many of the storms rotated and produced large hail and tornadoes.  A total of 4 tornadoes touched down, including an EF-2 just northwest of Trivoli in Peoria County.",183
625074,CLINTON CO.,CLINTON MUNI ARPT,03/15/2016,1849,Tornado, ,EF1,0,3,50000,0,IA,CST-6, ,104322,C,45,DVN,0,0,NWS Storm Survey, ,1.35,75,2,SSE,1,W,LOW MOOR,03/15/2016,1851,41.8052,-90.3175,41.8194,-90.2995,"An EF-1 tornado with winds estimated at 90 mph hit a mobile home park, destroying at least 5 mobile homes and damaging numerous others. At least 3 people were injuried.","A strong area of low pressure and associated warm front tracked northeast from Missouri into northern Illinois late in the day.  Numerous severe thunderstorms developed over the region, bringing large hail and several tornadoes to the area.  The warm front lifting north was a focus area for tornadic supercells.",184
625076,CLINTON CO.,BRYANT,03/15/2016,1857,Tornado, ,EF1,0,0,0,0,IA,CST-6, ,104322,C,45,DVN,0,0,NWS Storm Survey, ,3.38,300,4,SSE,2,SW,ALMONT,03/15/2016,1901,41.9164,-90.2883,41.9556,-90.2488,"An EF-1 tornado with winds estimated at 95 mph tracked northeast across Clinton County, where it damaged mainly farm outbuildings and trees.","A strong area of low pressure and associated warm front tracked northeast from Missouri into northern Illinois late in the day.  Numerous severe thunderstorms developed over the region, bringing large hail and several tornadoes to the area.  The warm front lifting north was a focus area for tornadic supercells.",185
624460,PEORIA CO.,POTTSTOWN,03/15/2016,1905,Tornado, ,EF0,0,0,260000,0,IL,CST-6, ,104287,C,143,ILX,0,0,NWS Storm Survey, ,3.68,200,1,ENE,1,SE,KELLER,03/15/2016,1914,40.7304,-89.6491,40.7602,-89.5908,"A tornado touched down 4 miles northwest of Peoria just northwest of the intersection of Richwoods Boulevard and Molleck Drive at 8:05 PM CDT.  Damage was done to the roof, gutters, soffit, and ceiling tiles of the St. Francis Woods Supportive Living Center.  The tornado intermittently touched down along a path to the northeast through the city of Peoria.  Damage was done to roofs and trees near University and Christine, the Farmer's Market at the Metro Centre shopping facility, and trees at the Donovan Golf Course.  The tornado broke a pole, snapped a tree that fell into a garage, and damaged shingles and siding in Peoria Heights on Prospect and Wickwood Roads.  The tornado then dissipated 1 mile northwest of Peoria Heights before it approached Forest Park at 8:14 PM CDT.","An area of low pressure deepened considerably as it tracked from northeast Missouri into southern Wisconsin on March 15th.  While the airmass ahead of this system across central Illinois remained capped for much of the day, an approaching upper trough helped weaken the cap and set the stage for scattered severe thunderstorms ahead of an approaching cold front during the evening of the 15th.  Several clusters of thunderstorms moved across west-central Illinois, mainly along and west of I-55.  The first cluster tracked from just north of Quincy toward the Peoria area, while a second cluster impacted locations from Jacksonville to Springfield.  Thanks to moderate instability and strong low-level wind shear near the low track, many of the storms rotated and produced large hail and tornadoes.  A total of 4 tornadoes touched down, including an EF-2 just northwest of Trivoli in Peoria County.",186
625079,WHITESIDE CO.,DEER GROVE,03/15/2016,1933,Tornado, ,EF0,0,0,0,0,IL,CST-6, ,104323,C,195,DVN,0,0,NWS Storm Survey, ,1.76,50,3,N,4,S,STERLING ARPT,03/15/2016,1938,41.6636,-89.6925,41.687,-89.6788,"A tornado uprooted a tree, damaged shingles and siding on two homes, and overturned a short portion of an irrigation rig.  The damage was rated EF0 with winds estimated at 80 MPH.  The path was about 50 yards wide and roughly 1.5 miles long.","A strong area of low pressure and associated warm front tracked northeast from Missouri into northern Illinois late in the day.  Numerous severe thunderstorms developed over the region, bringing large hail, damaging winds, and several tornadoes to the area.  The warm front lifting north was a focus area for tornadic supercells.",187
615370,BROWARD CO.,PORT EVERGLADES,03/19/2016,1345,Tornado, ,EF0,0,0,0,0,FL,EST-5, ,102991,C,11,MFL,0,0,Law Enforcement, ,0.17,50,2,ENE,2,ESE,FT LAUDERDALE,03/19/2016,1346,26.1145,-80.1047,26.1168,-80.1039,"A tornado briefly touched down on the sand right along Fort Lauderdale Beach near the 600 block of Seabreeze Boulevard/A1A. The tornado flipped a few small boats and kayaks stored along the beach, beach chairs were flipped, and small signs blown down. No damage was observed to any nearby trees or buildings on the west side of A1A. The tornado became a waterspout as it moved off to the north-northeast into the Atlantic Ocean.","A line of storms moved into the Florida coast from the Gulf of Mexico during the late morning hours on March 19th. The combination of daytime heating, deep moisture, and a passing upper level system allowed the line to strengthen as it moved into South Florida. These storms produced a severe wind gust and dime size hail in Palm Beach county and tornado that briefly touched down along the beach in Broward County before moving offshore.",188
