EVENT_ID,CZ_NAME_STR,BEGIN_LOCATION,BEGIN_DATE,BEGIN_TIME,EVENT_TYPE,MAGNITUDE,TOR_F_SCALE,DEATHS_DIRECT,INJURIES_DIRECT,DAMAGE_PROPERTY_NUM,DAMAGE_CROPS_NUM,STATE_ABBR,CZ_TIMEZONE,MAGNITUDE_TYPE,EPISODE_ID,CZ_TYPE,CZ_FIPS,WFO,INJURIES_INDIRECT,DEATHS_INDIRECT,SOURCE,FLOOD_CAUSE,TOR_LENGTH,TOR_WIDTH,BEGIN_RANGE,BEGIN_AZIMUTH,END_RANGE,END_AZIMUTH,END_LOCATION,END_DATE,END_TIME,BEGIN_LAT,BEGIN_LON,END_LAT,END_LON,EVENT_NARRATIVE,EPISODE_NARRATIVE,ABSOLUTE_ROWNUMBER
1047728,SAN JUAN CO.,TSAYA,09/22/2022,1203,Tornado, ,EFU,0,0,0,0,NM,MST-7, ,172611,C,45,ABQ,0,0,Broadcast Media, ,0.1,20,8,N,8,N,TSAYA,09/22/2022,1205,36.24,-108.18,36.2407,-108.1784,"A landspout tornado formed briefly about 10 miles north of Lake Valley, NM near State Road 371. No injuries or damage occurred with this storm.","A deep fetch of subtropical moisture streaming over New Mexico allowed scattered to numerous showers and thunderstorms with heavy rainfall to impact parts of the region. A couple thunderstorms along the Continental Divide became strong with gusty outflow winds, frequent lightning strikes, and hail. One of the stronger storms produced a brief landspout tornado near Lake Valley, NM in San Juan County. No damage or injuries occurred with this brief storm.",1
1055997,DELAWARE CO.,BEERSTON,09/25/2022,1738,Tornado, ,EF1,0,0,85000,0,NY,EST-5, ,174091,C,25,BGM,0,0,NWS Storm Survey, ,2.29,150,2,NNW,1,SSW,WALTON,09/25/2022,1741,42.1518,-75.1843,42.1548,-75.1398,"The National Weather Service in Binghamton NY confirmed with a |storm survey, that a tornado moved through the Walton area on the |evening of September 25th between 6:38 PM to 6:41 PM. During the |survey, tornado damage was first noted along Walton Mountain Rd |where trees fell in a convergent pattern. Talking to several |residents, winds came from multiple directions, with lawn furniture|and part of a deck railing blown northwest while trees in |the back yard were blown down facing southwest. Sporadic tree |damage was followed down to route 10 to an autoshop with some |metal sheeting ripped off of the roof and thrown about a 100 |yards. From there the damage picked back up across the West Branch|of the Delaware River along S River Rd. Sporadic tree damage |continued along the south shore of the river to just south of S |river Rd with the worst tree damage occurring near the end of the |tornado's track. Up until this section, the damage from the |tornado was EF0. Many large trees were snapped or uprooted and |fell in a cross stitch pattern for a section of forest that was |about 300 yards long and 50 yards wide where the EF1 damage was |found.","A warm front and trailing cold front swept across Central New York. One storm developed in the warm sector and dropped quarter sized hail in Broome County. This storm then weakened but became stronger again in Delaware County as it approached the warm front. The shear from the warm front was enough for a weak tornado to develop.",2
1057615,SUFFOLK CO.,LAUREL,09/25/2022,2217,Tornado, ,EF0,0,0,100000,0,NY,EST-5, ,174456,C,103,OKX,0,0,NWS Storm Survey, ,2.1,75,1,NW,0,WSW,MATTITUCK,09/25/2022,2220,40.9837,-72.5624,40.9968,-72.5266,"A National Weather Service storm survey team, in |coordination with Suffolk County Fire Rescue and Emergency |Services has confirmed an EF0 tornado in the Mattituck area of|Suffolk County NY.||Based on analysis of the storm survey findings and OKX dual pol |radar reflectivity, velocity and derived data (including a |tornadic debris signature), it was determined that an EF0 tornado|first touched down at Juniper Hill farms around 1117 pm, damaging|a greenhouse and downing a couple of large trees on the property.||The tornadic circulation likely lifted or skipped along as it|tracked east northeast across a one mile stretch of remote wooded|area, before touching down and shearing several tree tops and|large limbs in the vicinity of Cottage Way, Walnut Place, and |Lipco Road, between Sound Avenue and Old Sound Avenue. Peripheral |straight line wind damage to a large tree was noted near Shirley |Road and Horton Avenue to the north of Sound Avenue as well.||The tornadic circulation likely skipped east northeast in the|vicinity of Old Sound Avenue/Main Street over Love Lane and|Wickham Avenue with spotty tree damage noted, before definitively|touching down once again between Wickham Ave and Mary's Road to |the north of Pike Street, with a large maple tree sheared a few |feet from its base, minor siding and roof damage, and leaf |splatter on the west and south sides of homes. This most |prominent damage path, about 50 to 75 yards in width, continued |across Mary's Road, where 3 evergreen trees were snapped at their |base in a convergent pattern (the 2 southernmost trees laying in a|northeast direction and the northernmost tree laying in a |southeast direction). The tornado continued eastward across the |Mattituck-Cutchogue Jr/Sr high school track, twisting and damaging|a large scoreboard, overturning metals benches, and laying down a|100 ft section of wind fence on the north side of the adjacent |tennis courts in a northerly direction (again consistent with a |convergent wind pattern). The tornado then continued east over the|high school, ripping up large sections of asphalt roofing |material over one of the main buildings. The damage across the |high school grounds was the most severe along the path, consistent|with tornadic winds of 75 to 85 mph.||The tornado then exited east over an area of homes on Village |Lane, causing significant tree and fence damage to several homes, |before likely lifting around 1120 pm as the rotating storm |continued eastward over the farm fields and vineyards that lay to|the east. No visible damage was noted to the east of this point, |marking the presumed end of the tornado path.","A mid-level shortwave trough approached aloft and severe thunderstorms were produced in the warm sector over southeastern NY along a pre-frontal trough ahead of a cold frontal passage. These storms produced damaging wind gusts and a tornado.",3
1057195,MIAMI-DADE CO.,MIAMI NEW TAMIAMI AR,09/27/2022,1448,Tornado, ,EFU,0,0,0,0,FL,EST-5, ,174305,C,86,MFL,0,0,Official NWS Observations, ,5.18,100,21,WNW,24,W,PENNSUCO,09/27/2022,1458,25.8,-80.72,25.87,-80.75,"Tornado over the Everglades of far NW Miami-Dade County was confirmed by doppler radar tornado debris signature.","A tropical depression formed in the central Caribbean Sea on September 23rd, then was upgraded to Tropical Storm Ian at 11 PM on September 23rd. Ian moved westward, then turned northwest on September 25th, passing just west of Jamaica and near the Cayman Islands. Ian became a hurricane on Monday, September 26th south of western Cuba, then moved north and made landfall in Pinar Del Rio Province, Cuba early on Tuesday, September 27th as a Category 3 hurricane with maximum sustained winds of 125 mph. ||Ian moved into the SE Gulf of Mexico around midday on Tuesday, September 27th, then moved over Dry Tortugas as a Category 3 hurricane later that evening. Ian strengthened over the SE Gulf of Mexico as it approached Southwest Florida, becoming a Category 4 hurricane at 7 AM on Wednesday, September 28th with maximum sustained winds of 155 mph and a lowest central pressure of 936 mb. Ian moved N-NE and made landfall in Cayo Costa west of Fort Myers at 3:05 PM on Wednesday, September 28th with maximum sustained winds of 150 mph and minimum central pressure of 940 mb. ||Ian moved NE across the central Florida peninsula during the evening and night of Wednesday, September 28th, finally being downgraded to a tropical storm about 20 miles west of Melbourne at 5 AM Thursday, September 29th. Ian moved off the east coast of Florida just north of Cape Canaveral during the mid-morning hours of Thursday, September 29th. ||Ian produced a catastrophic storm surge across coastal sections of SW Florida on Wednesday, September 28th. Storm surge from surveys was estimated in the 8-11 ft range above MHHW along the Gulf beaches from Naples north to Barefoot Beach, and extending inland about 1 mile. Storm surge of 4-7 ft above MHHW was surveyed in the Naples Bay area and extending north to the Naples Airport area, as well as in North Naples near the Cocohatchee River. Farther south and east along the coast, storm surge values were estimated at 5-7 feet above MHHW in Marco Island and Goodland, and 4-6 ft MHHW in Everglades City and Chokoloskee.||Wind gusts as high as 110 mph were measured in the Naples area at heights well above the standard surface elevation of 33 feet. Sustained winds in the 70-75 mph range likely occurred in NW Collier County as well as far western sections of Hendry and Glades counties. Elsewhere across South Florida, peak winds were generally in the 45-70 mph range. ||A total of 13 reported tornadoes were spawned by Ian on Tuesday, September 27th and early on Wednesday, September 28th as it was approaching the SW Florida coast, the strongest being an EF-2 in the Delray Beach area of Palm Beach County. ||Storm total rainfall amounts from 8 AM on September 26th to 8 AM on September 29th ranged from 4 to 10 inches across southern Florida. The highest rainfall amounts occurred in the day or two leading up to the storm's landfall, with highest values over western metro Broward County in the 8-10 inch range, as well as in parts of the city of Miami.||All of the associated effects of Ian in southern Florida resulted in 10 fatalities, at least 2 injuries, $2.2 billion in property damage, and at least $500,000 in crop damage. The vast majority of the damage was likely caused by the significant to major storm surge in Collier County. Of the 10 deaths, 2 were directly caused by the storm surge in Collier County, and the remaining 8 were indirectly caused by the storm during evacuation, preparation, and clean-up activities. The 13 associated tornadoes resulted in 2 injuries an estimated $2.5 million in property damage.||Six people were injured at South Pointe Pier Park on Miami Beach on September 30th by large waves caused by swells from the back side of Ian.",4
1057197,MONROE CO.,PINECREST,09/27/2022,1610,Tornado, ,EFU,0,0,0,0,FL,EST-5, ,174305,C,87,MFL,0,0,Official NWS Observations, ,0.02,50,4,W,4,W,PINECREST,09/27/2022,1610,25.75,-80.99,25.75,-80.99,"Tornado over the Everglades of Mainland Monroe County near Loop Road was confirmed by doppler radar tornado debris signature.","A tropical depression formed in the central Caribbean Sea on September 23rd, then was upgraded to Tropical Storm Ian at 11 PM on September 23rd. Ian moved westward, then turned northwest on September 25th, passing just west of Jamaica and near the Cayman Islands. Ian became a hurricane on Monday, September 26th south of western Cuba, then moved north and made landfall in Pinar Del Rio Province, Cuba early on Tuesday, September 27th as a Category 3 hurricane with maximum sustained winds of 125 mph. ||Ian moved into the SE Gulf of Mexico around midday on Tuesday, September 27th, then moved over Dry Tortugas as a Category 3 hurricane later that evening. Ian strengthened over the SE Gulf of Mexico as it approached Southwest Florida, becoming a Category 4 hurricane at 7 AM on Wednesday, September 28th with maximum sustained winds of 155 mph and a lowest central pressure of 936 mb. Ian moved N-NE and made landfall in Cayo Costa west of Fort Myers at 3:05 PM on Wednesday, September 28th with maximum sustained winds of 150 mph and minimum central pressure of 940 mb. ||Ian moved NE across the central Florida peninsula during the evening and night of Wednesday, September 28th, finally being downgraded to a tropical storm about 20 miles west of Melbourne at 5 AM Thursday, September 29th. Ian moved off the east coast of Florida just north of Cape Canaveral during the mid-morning hours of Thursday, September 29th. ||Ian produced a catastrophic storm surge across coastal sections of SW Florida on Wednesday, September 28th. Storm surge from surveys was estimated in the 8-11 ft range above MHHW along the Gulf beaches from Naples north to Barefoot Beach, and extending inland about 1 mile. Storm surge of 4-7 ft above MHHW was surveyed in the Naples Bay area and extending north to the Naples Airport area, as well as in North Naples near the Cocohatchee River. Farther south and east along the coast, storm surge values were estimated at 5-7 feet above MHHW in Marco Island and Goodland, and 4-6 ft MHHW in Everglades City and Chokoloskee.||Wind gusts as high as 110 mph were measured in the Naples area at heights well above the standard surface elevation of 33 feet. Sustained winds in the 70-75 mph range likely occurred in NW Collier County as well as far western sections of Hendry and Glades counties. Elsewhere across South Florida, peak winds were generally in the 45-70 mph range. ||A total of 13 reported tornadoes were spawned by Ian on Tuesday, September 27th and early on Wednesday, September 28th as it was approaching the SW Florida coast, the strongest being an EF-2 in the Delray Beach area of Palm Beach County. ||Storm total rainfall amounts from 8 AM on September 26th to 8 AM on September 29th ranged from 4 to 10 inches across southern Florida. The highest rainfall amounts occurred in the day or two leading up to the storm's landfall, with highest values over western metro Broward County in the 8-10 inch range, as well as in parts of the city of Miami.||All of the associated effects of Ian in southern Florida resulted in 10 fatalities, at least 2 injuries, $2.2 billion in property damage, and at least $500,000 in crop damage. The vast majority of the damage was likely caused by the significant to major storm surge in Collier County. Of the 10 deaths, 2 were directly caused by the storm surge in Collier County, and the remaining 8 were indirectly caused by the storm during evacuation, preparation, and clean-up activities. The 13 associated tornadoes resulted in 2 injuries an estimated $2.5 million in property damage.||Six people were injured at South Pointe Pier Park on Miami Beach on September 30th by large waves caused by swells from the back side of Ian.",5
1057191,MIAMI-DADE CO.,SWEET WATER,09/27/2022,1713,Tornado, ,EF0,0,0,3000,0,FL,EST-5, ,174305,C,86,MFL,0,0,Social Media, ,0.1,50,2,E,2,E,SWEET WATER,09/27/2022,1713,25.7711,-80.3354,25.7711,-80.3354,"Picture received via social media of tree damage in the Fountainbleau area near the Dolphin Expressway and Galloway Road. Radar data indicated the likelihood of a small tornado in the area. Tree damage in Doral a few minutes after this event likely came from the same parent storm.","A tropical depression formed in the central Caribbean Sea on September 23rd, then was upgraded to Tropical Storm Ian at 11 PM on September 23rd. Ian moved westward, then turned northwest on September 25th, passing just west of Jamaica and near the Cayman Islands. Ian became a hurricane on Monday, September 26th south of western Cuba, then moved north and made landfall in Pinar Del Rio Province, Cuba early on Tuesday, September 27th as a Category 3 hurricane with maximum sustained winds of 125 mph. ||Ian moved into the SE Gulf of Mexico around midday on Tuesday, September 27th, then moved over Dry Tortugas as a Category 3 hurricane later that evening. Ian strengthened over the SE Gulf of Mexico as it approached Southwest Florida, becoming a Category 4 hurricane at 7 AM on Wednesday, September 28th with maximum sustained winds of 155 mph and a lowest central pressure of 936 mb. Ian moved N-NE and made landfall in Cayo Costa west of Fort Myers at 3:05 PM on Wednesday, September 28th with maximum sustained winds of 150 mph and minimum central pressure of 940 mb. ||Ian moved NE across the central Florida peninsula during the evening and night of Wednesday, September 28th, finally being downgraded to a tropical storm about 20 miles west of Melbourne at 5 AM Thursday, September 29th. Ian moved off the east coast of Florida just north of Cape Canaveral during the mid-morning hours of Thursday, September 29th. ||Ian produced a catastrophic storm surge across coastal sections of SW Florida on Wednesday, September 28th. Storm surge from surveys was estimated in the 8-11 ft range above MHHW along the Gulf beaches from Naples north to Barefoot Beach, and extending inland about 1 mile. Storm surge of 4-7 ft above MHHW was surveyed in the Naples Bay area and extending north to the Naples Airport area, as well as in North Naples near the Cocohatchee River. Farther south and east along the coast, storm surge values were estimated at 5-7 feet above MHHW in Marco Island and Goodland, and 4-6 ft MHHW in Everglades City and Chokoloskee.||Wind gusts as high as 110 mph were measured in the Naples area at heights well above the standard surface elevation of 33 feet. Sustained winds in the 70-75 mph range likely occurred in NW Collier County as well as far western sections of Hendry and Glades counties. Elsewhere across South Florida, peak winds were generally in the 45-70 mph range. ||A total of 13 reported tornadoes were spawned by Ian on Tuesday, September 27th and early on Wednesday, September 28th as it was approaching the SW Florida coast, the strongest being an EF-2 in the Delray Beach area of Palm Beach County. ||Storm total rainfall amounts from 8 AM on September 26th to 8 AM on September 29th ranged from 4 to 10 inches across southern Florida. The highest rainfall amounts occurred in the day or two leading up to the storm's landfall, with highest values over western metro Broward County in the 8-10 inch range, as well as in parts of the city of Miami.||All of the associated effects of Ian in southern Florida resulted in 10 fatalities, at least 2 injuries, $2.2 billion in property damage, and at least $500,000 in crop damage. The vast majority of the damage was likely caused by the significant to major storm surge in Collier County. Of the 10 deaths, 2 were directly caused by the storm surge in Collier County, and the remaining 8 were indirectly caused by the storm during evacuation, preparation, and clean-up activities. The 13 associated tornadoes resulted in 2 injuries an estimated $2.5 million in property damage.||Six people were injured at South Pointe Pier Park on Miami Beach on September 30th by large waves caused by swells from the back side of Ian.",6
1057192,MIAMI-DADE CO.,MEDLEY,09/27/2022,1722,Tornado, ,EF0,0,0,3000,0,FL,EST-5, ,174305,C,86,MFL,0,0,Emergency Manager, ,0.15,50,2,SW,2,SW,MEDLEY,09/27/2022,1722,25.8075,-80.3511,25.8075,-80.3511,"Several trees were significantly damaged by a brief tornado next to the city of Doral Police Training complex. Damage to the SE in the Fountainbleau area a few minutes earlier likely came from the same parent storm.","A tropical depression formed in the central Caribbean Sea on September 23rd, then was upgraded to Tropical Storm Ian at 11 PM on September 23rd. Ian moved westward, then turned northwest on September 25th, passing just west of Jamaica and near the Cayman Islands. Ian became a hurricane on Monday, September 26th south of western Cuba, then moved north and made landfall in Pinar Del Rio Province, Cuba early on Tuesday, September 27th as a Category 3 hurricane with maximum sustained winds of 125 mph. ||Ian moved into the SE Gulf of Mexico around midday on Tuesday, September 27th, then moved over Dry Tortugas as a Category 3 hurricane later that evening. Ian strengthened over the SE Gulf of Mexico as it approached Southwest Florida, becoming a Category 4 hurricane at 7 AM on Wednesday, September 28th with maximum sustained winds of 155 mph and a lowest central pressure of 936 mb. Ian moved N-NE and made landfall in Cayo Costa west of Fort Myers at 3:05 PM on Wednesday, September 28th with maximum sustained winds of 150 mph and minimum central pressure of 940 mb. ||Ian moved NE across the central Florida peninsula during the evening and night of Wednesday, September 28th, finally being downgraded to a tropical storm about 20 miles west of Melbourne at 5 AM Thursday, September 29th. Ian moved off the east coast of Florida just north of Cape Canaveral during the mid-morning hours of Thursday, September 29th. ||Ian produced a catastrophic storm surge across coastal sections of SW Florida on Wednesday, September 28th. Storm surge from surveys was estimated in the 8-11 ft range above MHHW along the Gulf beaches from Naples north to Barefoot Beach, and extending inland about 1 mile. Storm surge of 4-7 ft above MHHW was surveyed in the Naples Bay area and extending north to the Naples Airport area, as well as in North Naples near the Cocohatchee River. Farther south and east along the coast, storm surge values were estimated at 5-7 feet above MHHW in Marco Island and Goodland, and 4-6 ft MHHW in Everglades City and Chokoloskee.||Wind gusts as high as 110 mph were measured in the Naples area at heights well above the standard surface elevation of 33 feet. Sustained winds in the 70-75 mph range likely occurred in NW Collier County as well as far western sections of Hendry and Glades counties. Elsewhere across South Florida, peak winds were generally in the 45-70 mph range. ||A total of 13 reported tornadoes were spawned by Ian on Tuesday, September 27th and early on Wednesday, September 28th as it was approaching the SW Florida coast, the strongest being an EF-2 in the Delray Beach area of Palm Beach County. ||Storm total rainfall amounts from 8 AM on September 26th to 8 AM on September 29th ranged from 4 to 10 inches across southern Florida. The highest rainfall amounts occurred in the day or two leading up to the storm's landfall, with highest values over western metro Broward County in the 8-10 inch range, as well as in parts of the city of Miami.||All of the associated effects of Ian in southern Florida resulted in 10 fatalities, at least 2 injuries, $2.2 billion in property damage, and at least $500,000 in crop damage. The vast majority of the damage was likely caused by the significant to major storm surge in Collier County. Of the 10 deaths, 2 were directly caused by the storm surge in Collier County, and the remaining 8 were indirectly caused by the storm during evacuation, preparation, and clean-up activities. The 13 associated tornadoes resulted in 2 injuries an estimated $2.5 million in property damage.||Six people were injured at South Pointe Pier Park on Miami Beach on September 30th by large waves caused by swells from the back side of Ian.",7
1057165,BROWARD CO.,HOLLYWOOD N PERRY AR,09/27/2022,1817,Tornado, ,EF1,0,0,2000000,0,FL,EST-5, ,174305,C,11,MFL,0,0,NWS Storm Survey, ,5.73,150,1,WSW,3,W,DAVIE,09/27/2022,1825,25.9952,-80.2386,26.0665,-80.2856,"A tornado touched down at North Perry Airport (HWO), causing EF-1 damage to 20 general aviation aircraft, including several which flipped over, damage to 50 feet of fencing, and minor damage to hangar doors and structures. The tornado crossed Pines Boulevard near the University Drive intersection, passing over the College Plaza|and Pembroke Commons shopping centers and causing mainly EF-0 damage to |signs and trees. It then continued moving NW into the Pasadena Lakes neighborhood where it intensified into the high-end EF-0 range, with many large tree branches broken, minor roof damage to two houses, and windows broken at Pasadena Lakes Elementary School. The tornado caused EF-1 damage to a Publix at the corner of Sheridan Street and Pine Island Road where the front glass sliding doors were broken off their hinges. It continued NW through Brian Piccolo Park in Cooper City, uprooting a large tree near the corner of Palm Avenue and Griffin Road before lifting just north of Griffin Road.","A tropical depression formed in the central Caribbean Sea on September 23rd, then was upgraded to Tropical Storm Ian at 11 PM on September 23rd. Ian moved westward, then turned northwest on September 25th, passing just west of Jamaica and near the Cayman Islands. Ian became a hurricane on Monday, September 26th south of western Cuba, then moved north and made landfall in Pinar Del Rio Province, Cuba early on Tuesday, September 27th as a Category 3 hurricane with maximum sustained winds of 125 mph. ||Ian moved into the SE Gulf of Mexico around midday on Tuesday, September 27th, then moved over Dry Tortugas as a Category 3 hurricane later that evening. Ian strengthened over the SE Gulf of Mexico as it approached Southwest Florida, becoming a Category 4 hurricane at 7 AM on Wednesday, September 28th with maximum sustained winds of 155 mph and a lowest central pressure of 936 mb. Ian moved N-NE and made landfall in Cayo Costa west of Fort Myers at 3:05 PM on Wednesday, September 28th with maximum sustained winds of 150 mph and minimum central pressure of 940 mb. ||Ian moved NE across the central Florida peninsula during the evening and night of Wednesday, September 28th, finally being downgraded to a tropical storm about 20 miles west of Melbourne at 5 AM Thursday, September 29th. Ian moved off the east coast of Florida just north of Cape Canaveral during the mid-morning hours of Thursday, September 29th. ||Ian produced a catastrophic storm surge across coastal sections of SW Florida on Wednesday, September 28th. Storm surge from surveys was estimated in the 8-11 ft range above MHHW along the Gulf beaches from Naples north to Barefoot Beach, and extending inland about 1 mile. Storm surge of 4-7 ft above MHHW was surveyed in the Naples Bay area and extending north to the Naples Airport area, as well as in North Naples near the Cocohatchee River. Farther south and east along the coast, storm surge values were estimated at 5-7 feet above MHHW in Marco Island and Goodland, and 4-6 ft MHHW in Everglades City and Chokoloskee.||Wind gusts as high as 110 mph were measured in the Naples area at heights well above the standard surface elevation of 33 feet. Sustained winds in the 70-75 mph range likely occurred in NW Collier County as well as far western sections of Hendry and Glades counties. Elsewhere across South Florida, peak winds were generally in the 45-70 mph range. ||A total of 13 reported tornadoes were spawned by Ian on Tuesday, September 27th and early on Wednesday, September 28th as it was approaching the SW Florida coast, the strongest being an EF-2 in the Delray Beach area of Palm Beach County. ||Storm total rainfall amounts from 8 AM on September 26th to 8 AM on September 29th ranged from 4 to 10 inches across southern Florida. The highest rainfall amounts occurred in the day or two leading up to the storm's landfall, with highest values over western metro Broward County in the 8-10 inch range, as well as in parts of the city of Miami.||All of the associated effects of Ian in southern Florida resulted in 10 fatalities, at least 2 injuries, $2.2 billion in property damage, and at least $500,000 in crop damage. The vast majority of the damage was likely caused by the significant to major storm surge in Collier County. Of the 10 deaths, 2 were directly caused by the storm surge in Collier County, and the remaining 8 were indirectly caused by the storm during evacuation, preparation, and clean-up activities. The 13 associated tornadoes resulted in 2 injuries an estimated $2.5 million in property damage.||Six people were injured at South Pointe Pier Park on Miami Beach on September 30th by large waves caused by swells from the back side of Ian.",8
1057167,BROWARD CO.,WEST HOLLYWOOD,09/27/2022,1851,Tornado, ,EF0,0,0,5000,0,FL,EST-5, ,174305,C,11,MFL,0,0,Emergency Manager, ,7.44,75,1,SSE,2,NW,DAVIE,09/27/2022,1907,26.0047,-80.192,26.0977,-80.2523,"A tornado touched down in the 4800 block of Jefferson Street in Hollywood, breaking off large tree branches. A well defined tornado debris signature (TDS) was observed on doppler radar as the tornado moved NW across portions of Hollywood, crossing the Florida Turnpike near Stirling Road. Trees were uprooted west of the Turnpike near and south of the Broward College central campus in Davie, before lifting near the intersection of University Drive and I-595 in Davie.","A tropical depression formed in the central Caribbean Sea on September 23rd, then was upgraded to Tropical Storm Ian at 11 PM on September 23rd. Ian moved westward, then turned northwest on September 25th, passing just west of Jamaica and near the Cayman Islands. Ian became a hurricane on Monday, September 26th south of western Cuba, then moved north and made landfall in Pinar Del Rio Province, Cuba early on Tuesday, September 27th as a Category 3 hurricane with maximum sustained winds of 125 mph. ||Ian moved into the SE Gulf of Mexico around midday on Tuesday, September 27th, then moved over Dry Tortugas as a Category 3 hurricane later that evening. Ian strengthened over the SE Gulf of Mexico as it approached Southwest Florida, becoming a Category 4 hurricane at 7 AM on Wednesday, September 28th with maximum sustained winds of 155 mph and a lowest central pressure of 936 mb. Ian moved N-NE and made landfall in Cayo Costa west of Fort Myers at 3:05 PM on Wednesday, September 28th with maximum sustained winds of 150 mph and minimum central pressure of 940 mb. ||Ian moved NE across the central Florida peninsula during the evening and night of Wednesday, September 28th, finally being downgraded to a tropical storm about 20 miles west of Melbourne at 5 AM Thursday, September 29th. Ian moved off the east coast of Florida just north of Cape Canaveral during the mid-morning hours of Thursday, September 29th. ||Ian produced a catastrophic storm surge across coastal sections of SW Florida on Wednesday, September 28th. Storm surge from surveys was estimated in the 8-11 ft range above MHHW along the Gulf beaches from Naples north to Barefoot Beach, and extending inland about 1 mile. Storm surge of 4-7 ft above MHHW was surveyed in the Naples Bay area and extending north to the Naples Airport area, as well as in North Naples near the Cocohatchee River. Farther south and east along the coast, storm surge values were estimated at 5-7 feet above MHHW in Marco Island and Goodland, and 4-6 ft MHHW in Everglades City and Chokoloskee.||Wind gusts as high as 110 mph were measured in the Naples area at heights well above the standard surface elevation of 33 feet. Sustained winds in the 70-75 mph range likely occurred in NW Collier County as well as far western sections of Hendry and Glades counties. Elsewhere across South Florida, peak winds were generally in the 45-70 mph range. ||A total of 13 reported tornadoes were spawned by Ian on Tuesday, September 27th and early on Wednesday, September 28th as it was approaching the SW Florida coast, the strongest being an EF-2 in the Delray Beach area of Palm Beach County. ||Storm total rainfall amounts from 8 AM on September 26th to 8 AM on September 29th ranged from 4 to 10 inches across southern Florida. The highest rainfall amounts occurred in the day or two leading up to the storm's landfall, with highest values over western metro Broward County in the 8-10 inch range, as well as in parts of the city of Miami.||All of the associated effects of Ian in southern Florida resulted in 10 fatalities, at least 2 injuries, $2.2 billion in property damage, and at least $500,000 in crop damage. The vast majority of the damage was likely caused by the significant to major storm surge in Collier County. Of the 10 deaths, 2 were directly caused by the storm surge in Collier County, and the remaining 8 were indirectly caused by the storm during evacuation, preparation, and clean-up activities. The 13 associated tornadoes resulted in 2 injuries an estimated $2.5 million in property damage.||Six people were injured at South Pointe Pier Park on Miami Beach on September 30th by large waves caused by swells from the back side of Ian.",9
1057163,PALM BEACH CO.,BOCA RATON,09/27/2022,1959,Tornado, ,EF2,0,2,0,0,FL,EST-5, ,174305,C,99,MFL,0,0,NWS Storm Survey, ,6.98,200,2,NW,5,W,DELRAY BEACH,09/27/2022,2017,26.3705,-80.1054,26.464,-80.1487,"A strong tornado affected portions of Boca Raton and unincorporated Delray Beach on the evening of September 27th, 2022. The beginning of the identified damage was at the Florida Atlantic University Campus in Boca Raton, where siding was torn off of a |building. Doppler radar showed evidence of strong rotation along the track, however damage reports are unavailable for the remainder of the Boca Raton portion of the track. EF-0 damage was noted at the American Heritage School just south of Linton Blvd where trees were uprooted and fences were damaged. ||The tornado intensified after crossing Linton Blvd and entered the Kings Point community. Considerable damage to condominium buildings, trees, and vehicles was noted. EF-1 and EF-2 damage was common in Kings Point. The roof was completely lifted off of a small two-story building complex, with an adjacent larger two-story building complex having about 25% of its roof lifted. Several palm trees were snapped at the middle, and one of the snapped palm trees crashed into a second story|unit and tore a large hole into the wall. A few cars were flipped and moved, and many large tree branches were snapped at the top of the tree canopies. ||In Kings Point, 2 people were injured in their homes when their roof collapsed. One person was rescued from her bathroom after her roof collapsed. A total of about 30 people were evacuated. ||Just north of the Kings Point community, large tree branches were broken off trees at a Home Depot parking lot at Jog Road and Atlantic Avenue. The tornado continued north of Atlantic Avenue and entered the Villages of Oriole where EF-1 damage was observed to a few homes, mainly in the form of roof uplift and loss of roof covering/shingles. The tornado lifted in the area of Jog Road and N. Oriole Blvd.","A tropical depression formed in the central Caribbean Sea on September 23rd, then was upgraded to Tropical Storm Ian at 11 PM on September 23rd. Ian moved westward, then turned northwest on September 25th, passing just west of Jamaica and near the Cayman Islands. Ian became a hurricane on Monday, September 26th south of western Cuba, then moved north and made landfall in Pinar Del Rio Province, Cuba early on Tuesday, September 27th as a Category 3 hurricane with maximum sustained winds of 125 mph. ||Ian moved into the SE Gulf of Mexico around midday on Tuesday, September 27th, then moved over Dry Tortugas as a Category 3 hurricane later that evening. Ian strengthened over the SE Gulf of Mexico as it approached Southwest Florida, becoming a Category 4 hurricane at 7 AM on Wednesday, September 28th with maximum sustained winds of 155 mph and a lowest central pressure of 936 mb. Ian moved N-NE and made landfall in Cayo Costa west of Fort Myers at 3:05 PM on Wednesday, September 28th with maximum sustained winds of 150 mph and minimum central pressure of 940 mb. ||Ian moved NE across the central Florida peninsula during the evening and night of Wednesday, September 28th, finally being downgraded to a tropical storm about 20 miles west of Melbourne at 5 AM Thursday, September 29th. Ian moved off the east coast of Florida just north of Cape Canaveral during the mid-morning hours of Thursday, September 29th. ||Ian produced a catastrophic storm surge across coastal sections of SW Florida on Wednesday, September 28th. Storm surge from surveys was estimated in the 8-11 ft range above MHHW along the Gulf beaches from Naples north to Barefoot Beach, and extending inland about 1 mile. Storm surge of 4-7 ft above MHHW was surveyed in the Naples Bay area and extending north to the Naples Airport area, as well as in North Naples near the Cocohatchee River. Farther south and east along the coast, storm surge values were estimated at 5-7 feet above MHHW in Marco Island and Goodland, and 4-6 ft MHHW in Everglades City and Chokoloskee.||Wind gusts as high as 110 mph were measured in the Naples area at heights well above the standard surface elevation of 33 feet. Sustained winds in the 70-75 mph range likely occurred in NW Collier County as well as far western sections of Hendry and Glades counties. Elsewhere across South Florida, peak winds were generally in the 45-70 mph range. ||A total of 13 reported tornadoes were spawned by Ian on Tuesday, September 27th and early on Wednesday, September 28th as it was approaching the SW Florida coast, the strongest being an EF-2 in the Delray Beach area of Palm Beach County. ||Storm total rainfall amounts from 8 AM on September 26th to 8 AM on September 29th ranged from 4 to 10 inches across southern Florida. The highest rainfall amounts occurred in the day or two leading up to the storm's landfall, with highest values over western metro Broward County in the 8-10 inch range, as well as in parts of the city of Miami.||All of the associated effects of Ian in southern Florida resulted in 10 fatalities, at least 2 injuries, $2.2 billion in property damage, and at least $500,000 in crop damage. The vast majority of the damage was likely caused by the significant to major storm surge in Collier County. Of the 10 deaths, 2 were directly caused by the storm surge in Collier County, and the remaining 8 were indirectly caused by the storm during evacuation, preparation, and clean-up activities. The 13 associated tornadoes resulted in 2 injuries an estimated $2.5 million in property damage.||Six people were injured at South Pointe Pier Park on Miami Beach on September 30th by large waves caused by swells from the back side of Ian.",10
1057171,PALM BEACH CO.,WELLINGTON,09/27/2022,2022,Tornado, ,EF1,0,0,200000,0,FL,EST-5, ,174305,C,99,MFL,0,0,Emergency Manager, ,7.48,150,3,SW,4,N,LOXAHATCHEE,09/27/2022,2030,26.6449,-80.2878,26.7376,-80.3503,"Tornado began in Wellington just north of Greenbriar Park, causing EF-0 to EF-1 damage in the form of torn roof tiles and many broken tree branches in the Wanderer's Golf Course community. The tornado moved northwest into the Lakefield West and Meadow Wood of the Landings communities, causing minor roof damage before crossing Flying Cow Ranch Road and moving over open land south of Southern Boulevard. ||Damage totals are estimated based on at least 2 dozen homes sustaining roof damage.||The tornado crossed Southern Boulevard near Lion Country Safari Road, causing significant tree damage, then passed just west of Lion Country Safari into Loxahatchee where tree trunks were snapped in the Buck Ridge Trail and Hanover Circle area. |The last reported damage was fence damage at Hanover Circle and Duellant Road.","A tropical depression formed in the central Caribbean Sea on September 23rd, then was upgraded to Tropical Storm Ian at 11 PM on September 23rd. Ian moved westward, then turned northwest on September 25th, passing just west of Jamaica and near the Cayman Islands. Ian became a hurricane on Monday, September 26th south of western Cuba, then moved north and made landfall in Pinar Del Rio Province, Cuba early on Tuesday, September 27th as a Category 3 hurricane with maximum sustained winds of 125 mph. ||Ian moved into the SE Gulf of Mexico around midday on Tuesday, September 27th, then moved over Dry Tortugas as a Category 3 hurricane later that evening. Ian strengthened over the SE Gulf of Mexico as it approached Southwest Florida, becoming a Category 4 hurricane at 7 AM on Wednesday, September 28th with maximum sustained winds of 155 mph and a lowest central pressure of 936 mb. Ian moved N-NE and made landfall in Cayo Costa west of Fort Myers at 3:05 PM on Wednesday, September 28th with maximum sustained winds of 150 mph and minimum central pressure of 940 mb. ||Ian moved NE across the central Florida peninsula during the evening and night of Wednesday, September 28th, finally being downgraded to a tropical storm about 20 miles west of Melbourne at 5 AM Thursday, September 29th. Ian moved off the east coast of Florida just north of Cape Canaveral during the mid-morning hours of Thursday, September 29th. ||Ian produced a catastrophic storm surge across coastal sections of SW Florida on Wednesday, September 28th. Storm surge from surveys was estimated in the 8-11 ft range above MHHW along the Gulf beaches from Naples north to Barefoot Beach, and extending inland about 1 mile. Storm surge of 4-7 ft above MHHW was surveyed in the Naples Bay area and extending north to the Naples Airport area, as well as in North Naples near the Cocohatchee River. Farther south and east along the coast, storm surge values were estimated at 5-7 feet above MHHW in Marco Island and Goodland, and 4-6 ft MHHW in Everglades City and Chokoloskee.||Wind gusts as high as 110 mph were measured in the Naples area at heights well above the standard surface elevation of 33 feet. Sustained winds in the 70-75 mph range likely occurred in NW Collier County as well as far western sections of Hendry and Glades counties. Elsewhere across South Florida, peak winds were generally in the 45-70 mph range. ||A total of 13 reported tornadoes were spawned by Ian on Tuesday, September 27th and early on Wednesday, September 28th as it was approaching the SW Florida coast, the strongest being an EF-2 in the Delray Beach area of Palm Beach County. ||Storm total rainfall amounts from 8 AM on September 26th to 8 AM on September 29th ranged from 4 to 10 inches across southern Florida. The highest rainfall amounts occurred in the day or two leading up to the storm's landfall, with highest values over western metro Broward County in the 8-10 inch range, as well as in parts of the city of Miami.||All of the associated effects of Ian in southern Florida resulted in 10 fatalities, at least 2 injuries, $2.2 billion in property damage, and at least $500,000 in crop damage. The vast majority of the damage was likely caused by the significant to major storm surge in Collier County. Of the 10 deaths, 2 were directly caused by the storm surge in Collier County, and the remaining 8 were indirectly caused by the storm during evacuation, preparation, and clean-up activities. The 13 associated tornadoes resulted in 2 injuries an estimated $2.5 million in property damage.||Six people were injured at South Pointe Pier Park on Miami Beach on September 30th by large waves caused by swells from the back side of Ian.",11
1057173,PALM BEACH CO.,LOXAHATCHEE,09/27/2022,2030,Tornado, ,EF1,0,0,50000,0,FL,EST-5, ,174305,C,99,MFL,0,0,Trained Spotter, ,1.39,100,4,NNE,5,N,LOXAHATCHEE,09/27/2022,2036,26.7338,-80.3355,26.7487,-80.3499,"A brief tornado moved through western sections of Loxahatchee at around the same time that another tornado was occurring in the same general area west of Lion Country Safari. The tornado started near Dellwood Road and produced EF1 tree damage as well as roof damage to a single family home. The last damage point available was along Capet|Creek Court where significant damage to the roof of a stable was observed. Damage amount is estimated.","A tropical depression formed in the central Caribbean Sea on September 23rd, then was upgraded to Tropical Storm Ian at 11 PM on September 23rd. Ian moved westward, then turned northwest on September 25th, passing just west of Jamaica and near the Cayman Islands. Ian became a hurricane on Monday, September 26th south of western Cuba, then moved north and made landfall in Pinar Del Rio Province, Cuba early on Tuesday, September 27th as a Category 3 hurricane with maximum sustained winds of 125 mph. ||Ian moved into the SE Gulf of Mexico around midday on Tuesday, September 27th, then moved over Dry Tortugas as a Category 3 hurricane later that evening. Ian strengthened over the SE Gulf of Mexico as it approached Southwest Florida, becoming a Category 4 hurricane at 7 AM on Wednesday, September 28th with maximum sustained winds of 155 mph and a lowest central pressure of 936 mb. Ian moved N-NE and made landfall in Cayo Costa west of Fort Myers at 3:05 PM on Wednesday, September 28th with maximum sustained winds of 150 mph and minimum central pressure of 940 mb. ||Ian moved NE across the central Florida peninsula during the evening and night of Wednesday, September 28th, finally being downgraded to a tropical storm about 20 miles west of Melbourne at 5 AM Thursday, September 29th. Ian moved off the east coast of Florida just north of Cape Canaveral during the mid-morning hours of Thursday, September 29th. ||Ian produced a catastrophic storm surge across coastal sections of SW Florida on Wednesday, September 28th. Storm surge from surveys was estimated in the 8-11 ft range above MHHW along the Gulf beaches from Naples north to Barefoot Beach, and extending inland about 1 mile. Storm surge of 4-7 ft above MHHW was surveyed in the Naples Bay area and extending north to the Naples Airport area, as well as in North Naples near the Cocohatchee River. Farther south and east along the coast, storm surge values were estimated at 5-7 feet above MHHW in Marco Island and Goodland, and 4-6 ft MHHW in Everglades City and Chokoloskee.||Wind gusts as high as 110 mph were measured in the Naples area at heights well above the standard surface elevation of 33 feet. Sustained winds in the 70-75 mph range likely occurred in NW Collier County as well as far western sections of Hendry and Glades counties. Elsewhere across South Florida, peak winds were generally in the 45-70 mph range. ||A total of 13 reported tornadoes were spawned by Ian on Tuesday, September 27th and early on Wednesday, September 28th as it was approaching the SW Florida coast, the strongest being an EF-2 in the Delray Beach area of Palm Beach County. ||Storm total rainfall amounts from 8 AM on September 26th to 8 AM on September 29th ranged from 4 to 10 inches across southern Florida. The highest rainfall amounts occurred in the day or two leading up to the storm's landfall, with highest values over western metro Broward County in the 8-10 inch range, as well as in parts of the city of Miami.||All of the associated effects of Ian in southern Florida resulted in 10 fatalities, at least 2 injuries, $2.2 billion in property damage, and at least $500,000 in crop damage. The vast majority of the damage was likely caused by the significant to major storm surge in Collier County. Of the 10 deaths, 2 were directly caused by the storm surge in Collier County, and the remaining 8 were indirectly caused by the storm during evacuation, preparation, and clean-up activities. The 13 associated tornadoes resulted in 2 injuries an estimated $2.5 million in property damage.||Six people were injured at South Pointe Pier Park on Miami Beach on September 30th by large waves caused by swells from the back side of Ian.",12
1057196,BROWARD CO.,MIRAMAR,09/27/2022,2340,Tornado, ,EFU,0,0,0,0,FL,EST-5, ,174305,C,11,MFL,0,0,Official NWS Observations, ,2.83,100,22,NW,25,NNW,MIRAMAR,09/27/2022,2342,26.26,-80.61,26.3,-80.62,"Tornado over the Everglades of NW Broward County was confirmed by doppler radar tornado debris signature.","A tropical depression formed in the central Caribbean Sea on September 23rd, then was upgraded to Tropical Storm Ian at 11 PM on September 23rd. Ian moved westward, then turned northwest on September 25th, passing just west of Jamaica and near the Cayman Islands. Ian became a hurricane on Monday, September 26th south of western Cuba, then moved north and made landfall in Pinar Del Rio Province, Cuba early on Tuesday, September 27th as a Category 3 hurricane with maximum sustained winds of 125 mph. ||Ian moved into the SE Gulf of Mexico around midday on Tuesday, September 27th, then moved over Dry Tortugas as a Category 3 hurricane later that evening. Ian strengthened over the SE Gulf of Mexico as it approached Southwest Florida, becoming a Category 4 hurricane at 7 AM on Wednesday, September 28th with maximum sustained winds of 155 mph and a lowest central pressure of 936 mb. Ian moved N-NE and made landfall in Cayo Costa west of Fort Myers at 3:05 PM on Wednesday, September 28th with maximum sustained winds of 150 mph and minimum central pressure of 940 mb. ||Ian moved NE across the central Florida peninsula during the evening and night of Wednesday, September 28th, finally being downgraded to a tropical storm about 20 miles west of Melbourne at 5 AM Thursday, September 29th. Ian moved off the east coast of Florida just north of Cape Canaveral during the mid-morning hours of Thursday, September 29th. ||Ian produced a catastrophic storm surge across coastal sections of SW Florida on Wednesday, September 28th. Storm surge from surveys was estimated in the 8-11 ft range above MHHW along the Gulf beaches from Naples north to Barefoot Beach, and extending inland about 1 mile. Storm surge of 4-7 ft above MHHW was surveyed in the Naples Bay area and extending north to the Naples Airport area, as well as in North Naples near the Cocohatchee River. Farther south and east along the coast, storm surge values were estimated at 5-7 feet above MHHW in Marco Island and Goodland, and 4-6 ft MHHW in Everglades City and Chokoloskee.||Wind gusts as high as 110 mph were measured in the Naples area at heights well above the standard surface elevation of 33 feet. Sustained winds in the 70-75 mph range likely occurred in NW Collier County as well as far western sections of Hendry and Glades counties. Elsewhere across South Florida, peak winds were generally in the 45-70 mph range. ||A total of 13 reported tornadoes were spawned by Ian on Tuesday, September 27th and early on Wednesday, September 28th as it was approaching the SW Florida coast, the strongest being an EF-2 in the Delray Beach area of Palm Beach County. ||Storm total rainfall amounts from 8 AM on September 26th to 8 AM on September 29th ranged from 4 to 10 inches across southern Florida. The highest rainfall amounts occurred in the day or two leading up to the storm's landfall, with highest values over western metro Broward County in the 8-10 inch range, as well as in parts of the city of Miami.||All of the associated effects of Ian in southern Florida resulted in 10 fatalities, at least 2 injuries, $2.2 billion in property damage, and at least $500,000 in crop damage. The vast majority of the damage was likely caused by the significant to major storm surge in Collier County. Of the 10 deaths, 2 were directly caused by the storm surge in Collier County, and the remaining 8 were indirectly caused by the storm during evacuation, preparation, and clean-up activities. The 13 associated tornadoes resulted in 2 injuries an estimated $2.5 million in property damage.||Six people were injured at South Pointe Pier Park on Miami Beach on September 30th by large waves caused by swells from the back side of Ian.",13
1057194,BROWARD CO.,DAVIE,09/28/2022,31,Tornado, ,EF0,0,0,10000,0,FL,EST-5, ,174305,C,11,MFL,0,0,NWS Storm Survey, ,0.06,50,7,WNW,7,WNW,DAVIE,09/28/2022,32,26.1123,-80.3297,26.1131,-80.3297,"A tornado affected two blocks of the Sunshine Village manufactured home community in Davie near SW 136 Avenue and I-595. Damage was relatively minor, mainly to siding, gutters, awnings, and trees. Damage totals are estimated.","A tropical depression formed in the central Caribbean Sea on September 23rd, then was upgraded to Tropical Storm Ian at 11 PM on September 23rd. Ian moved westward, then turned northwest on September 25th, passing just west of Jamaica and near the Cayman Islands. Ian became a hurricane on Monday, September 26th south of western Cuba, then moved north and made landfall in Pinar Del Rio Province, Cuba early on Tuesday, September 27th as a Category 3 hurricane with maximum sustained winds of 125 mph. ||Ian moved into the SE Gulf of Mexico around midday on Tuesday, September 27th, then moved over Dry Tortugas as a Category 3 hurricane later that evening. Ian strengthened over the SE Gulf of Mexico as it approached Southwest Florida, becoming a Category 4 hurricane at 7 AM on Wednesday, September 28th with maximum sustained winds of 155 mph and a lowest central pressure of 936 mb. Ian moved N-NE and made landfall in Cayo Costa west of Fort Myers at 3:05 PM on Wednesday, September 28th with maximum sustained winds of 150 mph and minimum central pressure of 940 mb. ||Ian moved NE across the central Florida peninsula during the evening and night of Wednesday, September 28th, finally being downgraded to a tropical storm about 20 miles west of Melbourne at 5 AM Thursday, September 29th. Ian moved off the east coast of Florida just north of Cape Canaveral during the mid-morning hours of Thursday, September 29th. ||Ian produced a catastrophic storm surge across coastal sections of SW Florida on Wednesday, September 28th. Storm surge from surveys was estimated in the 8-11 ft range above MHHW along the Gulf beaches from Naples north to Barefoot Beach, and extending inland about 1 mile. Storm surge of 4-7 ft above MHHW was surveyed in the Naples Bay area and extending north to the Naples Airport area, as well as in North Naples near the Cocohatchee River. Farther south and east along the coast, storm surge values were estimated at 5-7 feet above MHHW in Marco Island and Goodland, and 4-6 ft MHHW in Everglades City and Chokoloskee.||Wind gusts as high as 110 mph were measured in the Naples area at heights well above the standard surface elevation of 33 feet. Sustained winds in the 70-75 mph range likely occurred in NW Collier County as well as far western sections of Hendry and Glades counties. Elsewhere across South Florida, peak winds were generally in the 45-70 mph range. ||A total of 13 reported tornadoes were spawned by Ian on Tuesday, September 27th and early on Wednesday, September 28th as it was approaching the SW Florida coast, the strongest being an EF-2 in the Delray Beach area of Palm Beach County. ||Storm total rainfall amounts from 8 AM on September 26th to 8 AM on September 29th ranged from 4 to 10 inches across southern Florida. The highest rainfall amounts occurred in the day or two leading up to the storm's landfall, with highest values over western metro Broward County in the 8-10 inch range, as well as in parts of the city of Miami.||All of the associated effects of Ian in southern Florida resulted in 10 fatalities, at least 2 injuries, $2.2 billion in property damage, and at least $500,000 in crop damage. The vast majority of the damage was likely caused by the significant to major storm surge in Collier County. Of the 10 deaths, 2 were directly caused by the storm surge in Collier County, and the remaining 8 were indirectly caused by the storm during evacuation, preparation, and clean-up activities. The 13 associated tornadoes resulted in 2 injuries an estimated $2.5 million in property damage.||Six people were injured at South Pointe Pier Park on Miami Beach on September 30th by large waves caused by swells from the back side of Ian.",14
1057172,GLADES CO.,MOORE HAVEN,09/28/2022,125,Tornado, ,EF0,0,0,50000,0,FL,EST-5, ,174305,C,43,MFL,0,0,Emergency Manager, ,1.09,75,0,SSE,1,NW,MOORE HAVEN,09/28/2022,133,26.827,-81.0781,26.8376,-81.0912,"A tornado moved NW over portions of Moore Haven early Wednesday morning, September 28th. First signs of damage was tree damage near Park Avenue and Yaun Road, with siding and panel damage to a home on Park Avenue, as well as two storage trailers tipped near the Sportsman Village on Daniels Road next to the US 27 bridge. The damage path ended near the Moore Haven Yacht Club where siding damage to homes were observed. Damage is consistent with the higher end of the EF-0 scale.|Damage totals are estimated.","A tropical depression formed in the central Caribbean Sea on September 23rd, then was upgraded to Tropical Storm Ian at 11 PM on September 23rd. Ian moved westward, then turned northwest on September 25th, passing just west of Jamaica and near the Cayman Islands. Ian became a hurricane on Monday, September 26th south of western Cuba, then moved north and made landfall in Pinar Del Rio Province, Cuba early on Tuesday, September 27th as a Category 3 hurricane with maximum sustained winds of 125 mph. ||Ian moved into the SE Gulf of Mexico around midday on Tuesday, September 27th, then moved over Dry Tortugas as a Category 3 hurricane later that evening. Ian strengthened over the SE Gulf of Mexico as it approached Southwest Florida, becoming a Category 4 hurricane at 7 AM on Wednesday, September 28th with maximum sustained winds of 155 mph and a lowest central pressure of 936 mb. Ian moved N-NE and made landfall in Cayo Costa west of Fort Myers at 3:05 PM on Wednesday, September 28th with maximum sustained winds of 150 mph and minimum central pressure of 940 mb. ||Ian moved NE across the central Florida peninsula during the evening and night of Wednesday, September 28th, finally being downgraded to a tropical storm about 20 miles west of Melbourne at 5 AM Thursday, September 29th. Ian moved off the east coast of Florida just north of Cape Canaveral during the mid-morning hours of Thursday, September 29th. ||Ian produced a catastrophic storm surge across coastal sections of SW Florida on Wednesday, September 28th. Storm surge from surveys was estimated in the 8-11 ft range above MHHW along the Gulf beaches from Naples north to Barefoot Beach, and extending inland about 1 mile. Storm surge of 4-7 ft above MHHW was surveyed in the Naples Bay area and extending north to the Naples Airport area, as well as in North Naples near the Cocohatchee River. Farther south and east along the coast, storm surge values were estimated at 5-7 feet above MHHW in Marco Island and Goodland, and 4-6 ft MHHW in Everglades City and Chokoloskee.||Wind gusts as high as 110 mph were measured in the Naples area at heights well above the standard surface elevation of 33 feet. Sustained winds in the 70-75 mph range likely occurred in NW Collier County as well as far western sections of Hendry and Glades counties. Elsewhere across South Florida, peak winds were generally in the 45-70 mph range. ||A total of 13 reported tornadoes were spawned by Ian on Tuesday, September 27th and early on Wednesday, September 28th as it was approaching the SW Florida coast, the strongest being an EF-2 in the Delray Beach area of Palm Beach County. ||Storm total rainfall amounts from 8 AM on September 26th to 8 AM on September 29th ranged from 4 to 10 inches across southern Florida. The highest rainfall amounts occurred in the day or two leading up to the storm's landfall, with highest values over western metro Broward County in the 8-10 inch range, as well as in parts of the city of Miami.||All of the associated effects of Ian in southern Florida resulted in 10 fatalities, at least 2 injuries, $2.2 billion in property damage, and at least $500,000 in crop damage. The vast majority of the damage was likely caused by the significant to major storm surge in Collier County. Of the 10 deaths, 2 were directly caused by the storm surge in Collier County, and the remaining 8 were indirectly caused by the storm during evacuation, preparation, and clean-up activities. The 13 associated tornadoes resulted in 2 injuries an estimated $2.5 million in property damage.||Six people were injured at South Pointe Pier Park on Miami Beach on September 30th by large waves caused by swells from the back side of Ian.",15
1057174,PALM BEACH CO.,OCEAN RIDGE,09/28/2022,456,Tornado, ,EF0,0,0,2000,0,FL,EST-5, ,174305,C,99,MFL,0,0,Public, ,0.2,50,1,WNW,1,WNW,OCEAN RIDGE,09/28/2022,456,26.5282,-80.068,26.5282,-80.068,"Brief tornado occurred in Boynton Beach near I-95 and Boynton Beach Boulevard. Damage was minor and confined to trees and a fence. There was an unconfirmed report of damage to the city hall building in the town of Gulf Stream which may be from this parent storm.","A tropical depression formed in the central Caribbean Sea on September 23rd, then was upgraded to Tropical Storm Ian at 11 PM on September 23rd. Ian moved westward, then turned northwest on September 25th, passing just west of Jamaica and near the Cayman Islands. Ian became a hurricane on Monday, September 26th south of western Cuba, then moved north and made landfall in Pinar Del Rio Province, Cuba early on Tuesday, September 27th as a Category 3 hurricane with maximum sustained winds of 125 mph. ||Ian moved into the SE Gulf of Mexico around midday on Tuesday, September 27th, then moved over Dry Tortugas as a Category 3 hurricane later that evening. Ian strengthened over the SE Gulf of Mexico as it approached Southwest Florida, becoming a Category 4 hurricane at 7 AM on Wednesday, September 28th with maximum sustained winds of 155 mph and a lowest central pressure of 936 mb. Ian moved N-NE and made landfall in Cayo Costa west of Fort Myers at 3:05 PM on Wednesday, September 28th with maximum sustained winds of 150 mph and minimum central pressure of 940 mb. ||Ian moved NE across the central Florida peninsula during the evening and night of Wednesday, September 28th, finally being downgraded to a tropical storm about 20 miles west of Melbourne at 5 AM Thursday, September 29th. Ian moved off the east coast of Florida just north of Cape Canaveral during the mid-morning hours of Thursday, September 29th. ||Ian produced a catastrophic storm surge across coastal sections of SW Florida on Wednesday, September 28th. Storm surge from surveys was estimated in the 8-11 ft range above MHHW along the Gulf beaches from Naples north to Barefoot Beach, and extending inland about 1 mile. Storm surge of 4-7 ft above MHHW was surveyed in the Naples Bay area and extending north to the Naples Airport area, as well as in North Naples near the Cocohatchee River. Farther south and east along the coast, storm surge values were estimated at 5-7 feet above MHHW in Marco Island and Goodland, and 4-6 ft MHHW in Everglades City and Chokoloskee.||Wind gusts as high as 110 mph were measured in the Naples area at heights well above the standard surface elevation of 33 feet. Sustained winds in the 70-75 mph range likely occurred in NW Collier County as well as far western sections of Hendry and Glades counties. Elsewhere across South Florida, peak winds were generally in the 45-70 mph range. ||A total of 13 reported tornadoes were spawned by Ian on Tuesday, September 27th and early on Wednesday, September 28th as it was approaching the SW Florida coast, the strongest being an EF-2 in the Delray Beach area of Palm Beach County. ||Storm total rainfall amounts from 8 AM on September 26th to 8 AM on September 29th ranged from 4 to 10 inches across southern Florida. The highest rainfall amounts occurred in the day or two leading up to the storm's landfall, with highest values over western metro Broward County in the 8-10 inch range, as well as in parts of the city of Miami.||All of the associated effects of Ian in southern Florida resulted in 10 fatalities, at least 2 injuries, $2.2 billion in property damage, and at least $500,000 in crop damage. The vast majority of the damage was likely caused by the significant to major storm surge in Collier County. Of the 10 deaths, 2 were directly caused by the storm surge in Collier County, and the remaining 8 were indirectly caused by the storm during evacuation, preparation, and clean-up activities. The 13 associated tornadoes resulted in 2 injuries an estimated $2.5 million in property damage.||Six people were injured at South Pointe Pier Park on Miami Beach on September 30th by large waves caused by swells from the back side of Ian.",16
1058585,BREVARD CO.,JUNE PARK,09/28/2022,1432,Tornado, ,EF0,0,0,0,0,FL,EST-5, ,174569,C,9,MLB,0,0,Trained Spotter, ,3,100,10,WNW,12,WNW,JUNE PARK,09/28/2022,1446,28.083,-80.8669,28.1249,-80.8841,"A trained spotter and storm chaser sent video of a short-duration tornado that touched down to the south of US-192 near Deer Park. The tornado lifted once it crossed and moved north of the highway before it touched down briefly a second time to the east of Deer Park Rd. No structures were present in the area of the touchdown and only minimal damage occurred to trees and vegetation. The tornado was embedded within an outer rainband ahead of Hurricane Ian.","After making landfall as a major hurricane in southwest Florida near Cayo Costa, Ian crossed the peninsula and into east central Florida (southern Osceola County) as a Category 1 Hurricane with estimated maximum sustained winds of 75 mph. The system was downgraded to a tropical storm shortly thereafter and emerged into the Atlantic Ocean near Cape Canaveral. Ian's slow movement and large wind field led to a long period of tropical storm force winds across all of east central Florida, as well as hurricane force gusts in squalls and historic rainfall and flooding across parts of the area. Widespread rainfall totals of 4 to 8 inches were reported throughout the area, with a corridor of 10 to 20 inches across Osceola, Orange, Seminole, Volusia, and northern Brevard counties. The maximum observed rainfall total was 21.09 inches in Spruce Creek, Volusia County. The St. Johns River experienced historic rises with record crests set at Astor, Deland, Sanford, and Lake Harney in the days and weeks following Ian's heavy rainfall. A tornado briefly touched down and crossed US-192 in rural Brevard County with no damage to structures reported. Persistent onshore flow before and during the storm led to water level rises (storm surge) of 1-3 feet along the east central Florida, bringing moderate to severe beach erosion, with the most significant effects noted in Volusia County. Collectively, the effects of Hurricane Ian led to 15 storm-related fatalities (6 direct and 9 indirect) and between $800-900M in property damage across east central Florida.",17
1057084,BRUNSWICK CO.,HOLDEN BEACH,09/30/2022,1125,Tornado, ,EF0,0,0,0,0,NC,EST-5, ,174194,C,19,ILM,0,0,NWS Storm Survey, ,0.74,20,1,WSW,1,S,SECESSION,09/30/2022,1128,33.9128,-78.2882,33.9132,-78.3011,"The tornado developed in the vicinity of Ocean |Blvd W just east of Highpoint St. It primarily impacted a small |community situated along canals just north of Ocean Blvd W |between Highpoint St and Greensboro St where it was observed by |several residents. The tornado caused minor siding and roof damage |in this area. It also lifted a large porch off its foundation on |one home. Overall there were approximately a dozen homes impacted. |The tornado likely dissipated across a marshy area just west of |Greensboro St.","Hurricane Ian made landfall along the west coast of Florida on September 28, 2022, then moved across the Florida peninsula and exited off the east coast of Florida on September 29, 2022. Ian then moved north and made a second landfall near Georgetown, SC on September 30, 2022. Ian resulted in a variety of impacts across southeast North Carolina from strong winds to storm surge and an isolated tornado.",18
1055867,BEAUFORT CO.,SOUTH CREEK,09/30/2022,1422,Tornado, ,EFU,0,0,0,0,NC,EST-5, ,174073,C,13,MHX,0,0,NWS Storm Survey, ,0.7,12,1,SW,1,WNW,SOUTH CREEK,09/30/2022,1423,35.3242,-76.7076,35.3325,-76.7147,"A storm survey crew traveled to Beaufort County to verify tornado damage, though the area of interest was inaccessible to vehicles. After viewing before and after high resolution satellite images utilizing Sentinelhub, we determined a 0.70 mile long damage swath occurred in an uninhabited location with a damage scar visible in a large farm field.","Ian initially made landfall on the west coast of Florida as a major category 4 hurricane, and then crossed into the Atlantic and moved northward, making a second landfall on the South Carolina coast near Georgetown as a category 1 hurricane. For Eastern NC, tropical storm force winds, elevated water levels, heavy rainfall of 3 to 6 inches, and a tornado were associated with Ian. Strong high pressure over New England and hurricane Ian well to the south combined to produce strong northeast winds well ahead of the actual arrival of Ian in the Carolinas with some elevated water levels. Winds up to tropical storm strength were observed as far north and east as the Outer Banks by late in the day on Wednesday, September 28th. The winds turned southerly and winds to tropical storm strength were observed across portions of Eastern NC on Friday, September 30th as Ian made landfall in South Carolina.",19
1055701,COCONINO CO.,PERRIN,10/03/2022,1237,Tornado, ,EF1,0,0,350000,0,AZ,MST-7, ,174056,C,5,FGZ,0,0,Law Enforcement, ,0.7,30,2,ENE,2,SW,WEST RED LAKE,10/03/2022,1252,35.36,-112.2108,35.3631,-112.199,"A tornado touched down about 8 miles west-northwest of Williams in the Junipine Estates neighborhood. Ten 10 structures were damaged and or destroyed (homes and outbuildings). One power poll was blown down and the power was out in the entire community. Camping trailers/mobile homes were turn over. Some rooves were blown off houses.","A large area of low pressure was stationed over eastern Montana with shortwaves rotating around it over northern Arizona. This provided dynamic support to an already moist|environment with numerous showers and thunderstorms. A stronger shortwave moved from the northwest to southcentral portions of Arizona during the afternoon to provide even more lift to an already unstable atmosphere. Some storms became severe with hail and at least one tornado.",20
1059255,RIVERSIDE CO.,LAKE ELSINORE,10/08/2022,1325,Tornado, ,EF0,0,0,0,0,CA,PST-8, ,174746,C,65,SGX,0,0,Public, ,1.56,50,5,E,1,ENE,SUN CITY,10/08/2022,1432,33.7,-117.213,33.7024,-117.1861,"An EF-0 landspout occurred from Menifee to Southern Canyon Lake along Highway 78. The landspout tracked across mostly open space before dissipating near I-15. Minor damage reported. Half inch hail was also reported.","Monsoonal flow led to several days of thunderstorms October 7 and 8. Riverside County saw the highest impacts, with several reports of small hail, funnel clouds and a landspout tornado.",21
1053432,JEFFERSON CO.,GRELLTON,10/12/2022,1013,Tornado, ,EF0,0,0,0,0,WI,CST-6, ,173555,C,55,MKX,0,0,NWS Storm Survey, ,0.48,25,3,NNW,3,NNW,GRELLTON,10/12/2022,1014,43.1746,-88.8006,43.1719,-88.7919,"Path was initially observed using the combination of radar data and Sentinel satellite data.  The following ground survey found the damage to a few trees with the main path going through a yet to be combined corn field.","A cold front moving through southern Wisconsin was the focus for tornadic development through the lunch hour.  Temperatures and dew points rose enough in the late morning to help fuel the strengthening of the rain along the front.  There were numerous tornadic debris signatures that developed, many of which appeared to be extremely brief which did no damage outside of lofting leaves into the air.  The main tornado for this event was the one that went through West Allis which mainly did tree damage as it came through.  No lightning was observed through this event.",22
1053433,JEFFERSON CO.,AZTALAN,10/12/2022,1018,Tornado, ,EF0,0,0,0,0,WI,CST-6, ,173555,C,55,MKX,0,0,NWS Storm Survey, ,0.44,25,2,E,2,WSW,JOHNSON CREEK,10/12/2022,1019,43.0757,-88.8178,43.074,-88.8093,"Path was initially found using a combination of radar data and Sentinel satellite information.  Ensuing ground survey found the entry and exit points of the damage to a yet to be combined corn field along with some minor tree damage at the beginning of the path.","A cold front moving through southern Wisconsin was the focus for tornadic development through the lunch hour.  Temperatures and dew points rose enough in the late morning to help fuel the strengthening of the rain along the front.  There were numerous tornadic debris signatures that developed, many of which appeared to be extremely brief which did no damage outside of lofting leaves into the air.  The main tornado for this event was the one that went through West Allis which mainly did tree damage as it came through.  No lightning was observed through this event.",23
1053434,JEFFERSON CO.,OAK HILL,10/12/2022,1042,Tornado, ,EF0,0,0,0,0,WI,CST-6, ,173555,C,55,MKX,0,0,NWS Storm Survey, ,0.79,25,3,NNE,3,NE,OAK HILL,10/12/2022,1043,42.9654,-88.5854,42.96,-88.5717,"Path initially detected by a combination of radar data and Sentinel satellite information.  Ensuing ground survey found the damage path through a yet to be combined corn field with damage points to a horse fence along with some minor tree damage.","A cold front moving through southern Wisconsin was the focus for tornadic development through the lunch hour.  Temperatures and dew points rose enough in the late morning to help fuel the strengthening of the rain along the front.  There were numerous tornadic debris signatures that developed, many of which appeared to be extremely brief which did no damage outside of lofting leaves into the air.  The main tornado for this event was the one that went through West Allis which mainly did tree damage as it came through.  No lightning was observed through this event.",24
1053435,WAUKESHA CO.,NASHOTAH,10/12/2022,1048,Tornado, ,EF0,0,0,0,0,WI,CST-6, ,173555,C,133,MKX,0,0,NWS Storm Survey, ,0.61,50,1,E,1,W,HARTLAND,10/12/2022,1050,43.1017,-88.3812,43.1011,-88.3691,"Short lived, weak tornado lofted considerable leaf debris.  Multiple public reports of a funnel and debris in the air heading eastbound on Highway 16 east of Highway C and near the intersection of Highways 16 and 83.","A cold front moving through southern Wisconsin was the focus for tornadic development through the lunch hour.  Temperatures and dew points rose enough in the late morning to help fuel the strengthening of the rain along the front.  There were numerous tornadic debris signatures that developed, many of which appeared to be extremely brief which did no damage outside of lofting leaves into the air.  The main tornado for this event was the one that went through West Allis which mainly did tree damage as it came through.  No lightning was observed through this event.",25
1053436,MILWAUKEE CO.,MILWAUKEE COUNTY ZOO,10/12/2022,1117,Tornado, ,EF0,0,0,0,0,WI,CST-6, ,173555,C,79,MKX,0,0,NWS Storm Survey, ,3.07,40,2,S,1,SW,WEST ALLIS,10/12/2022,1127,43.0062,-88.0434,42.991,-87.9863,"Damage was mainly to trees with one large weeping willow tree being uprooted and many other hardwood trees having been topped off.  This tornado was caught on security camera near 90th and Beecher St.","A cold front moving through southern Wisconsin was the focus for tornadic development through the lunch hour.  Temperatures and dew points rose enough in the late morning to help fuel the strengthening of the rain along the front.  There were numerous tornadic debris signatures that developed, many of which appeared to be extremely brief which did no damage outside of lofting leaves into the air.  The main tornado for this event was the one that went through West Allis which mainly did tree damage as it came through.  No lightning was observed through this event.",26
1053437,WALWORTH CO.,LAKE GENEVA PLYBY AR,10/12/2022,1117,Tornado, ,EF0,0,0,0,0,WI,CST-6, ,173555,C,127,MKX,0,0,NWS Storm Survey, ,2.43,40,2,S,3,NNE,PELL LAKE,10/12/2022,1123,42.5956,-88.377,42.5741,-88.3391,"The tornado path started at the cemetery south of State Road 50 and tracked to the southeast toward Lake Ivanhoe.","A cold front moving through southern Wisconsin was the focus for tornadic development through the lunch hour.  Temperatures and dew points rose enough in the late morning to help fuel the strengthening of the rain along the front.  There were numerous tornadic debris signatures that developed, many of which appeared to be extremely brief which did no damage outside of lofting leaves into the air.  The main tornado for this event was the one that went through West Allis which mainly did tree damage as it came through.  No lightning was observed through this event.",27
1053439,RACINE CO.,BURLINGTON,10/12/2022,1120,Tornado, ,EF0,0,0,0,0,WI,CST-6, ,173555,C,101,MKX,0,0,NWS Storm Survey, ,3.97,25,1,SW,2,SSE,BROWNS LAKE,10/12/2022,1124,42.6596,-88.2872,42.6358,-88.216,"Minor damage was found along the path.  Tornado determination was supported by multiple eyewitness reports and a tornadic debris signature on radar.","A cold front moving through southern Wisconsin was the focus for tornadic development through the lunch hour.  Temperatures and dew points rose enough in the late morning to help fuel the strengthening of the rain along the front.  There were numerous tornadic debris signatures that developed, many of which appeared to be extremely brief which did no damage outside of lofting leaves into the air.  The main tornado for this event was the one that went through West Allis which mainly did tree damage as it came through.  No lightning was observed through this event.",28
1063264,TELFAIR CO.,SCOTLAND,10/12/2022,2055,Tornado, ,EF0,0,0,0,0,GA,EST-5, ,175313,C,271,FFC,0,0,Emergency Manager, ,0.38,100,5,SSW,5,SSW,SCOTLAND,10/12/2022,2056,31.9825,-82.8483,31.9854,-82.8428,"A brief tornado crossed Hwy 149 about a mile southeast of Racetrack Road, southeast of the town of McRae in Telfair County. The tornado was on the ground for less than a 1/2 mile and snapped or uprooted trees along its path.","A strong cold front pushed through central Georgia on the evening of October 12th, producing showers and embedded strong to isolated severe thunderstorms.",29
1060706,NUECES CO.,CHAPMAN RANCH,10/13/2022,1423,Tornado, ,EFU,0,0,0,0,TX,CST-6, ,174976,C,355,CRP,0,0,Public, ,0.19,20,1,N,1,N,CHAPMAN RANCH,10/13/2022,1424,27.59,-97.47,27.5916,-97.4675,"Video and pictures were relayed by a broadcast media partner of a land spout tornado from the public. The tornado occurred near Farm to Market Road 70 near Chapman Ranch.","Images and video were relayed through a broadcast media partner of a landspout type of tornado near Chapman Ranch.",30
1061368,PINAL CO.,OCOTILLO,10/16/2022,1500,Tornado, ,EF0,0,0,0,0,AZ,MST-7, ,175008,C,21,PSR,0,0,Trained Spotter, ,0.28,25,3,SW,3,SW,OCOTILLO,10/16/2022,1505,33.1997,-111.8819,33.1983,-111.8865,"Several pictures and videos from the public and trained spotters showed a brief landspout, lasted about 5 minutes, touching down over the open field just south of Sun Lakes. Unknown how strong it was given that it was over an open field, however, based on climatology, it was rated an EF-0. No damages or injuries were reported.","A slow moving low pressure system brought several rounds of showers and thunderstorms across portions of south-central and southwestern Arizona throughout the day on the 15th. Strong southerly flow out ahead of the low pressure system brought in highly anomalous moisture content across the southern half of Arizona, with PWATs surging to 1.1-1.4, which are near record values for mid-October.  Along with the highly anomalous moisture values, moderate to high instability values were also present with MLCAPE rising to 1000-1500 J/KG. Bulk shear values between 25-35 kts were also present. The combination of the highly anomalous moisture content, instability, and shear along with the strong dynamic forcing to the east and north of the low pressure system was a recipe for these showers and thunderstorms to produce flash flooding as well as severe wind gusts and hail. The greatest flash flood impact occurred along portions of western Maricopa County in the area from Buckeye to Tonopah, The greatest damaging wind impact occurred in the Tonopah area, where two rounds of severe thunderstorms, one hour apart, impacted causing widespread power outages due to downed power poles, destroyed two mobile homes, damaged dairy farm structures, and resulted livestock losses. Severe hail was also reported with a storm that moved into the Mesa to Scottsdale area during the overnight period. ||As the area of low pressure moved eastward on the 16th, lingering moisture resulted in the development of more showers and thunderstorms, mainly concentrated across the higher terrain areas east of Phoenix. One isolated storm in particular developed on a open field near Sun Lakes, resulting in the development of a short-lived landspout during the mid-afternoon hours with no damages reported.",31
1054050,INDIAN RIVER CO.,OSLO,10/17/2022,1741,Tornado, ,EF0,0,0,142240,0,FL,EST-5, ,173703,C,61,MLB,0,0,NWS Storm Survey, ,0.5,100,1,SE,1,SW,FLORIDA RIDGE,10/17/2022,1745,27.57,-80.37,27.56,-80.36,"A National Weather Service Melbourne damage survey confirms that a brief EF-0 tornado touched down in the Midway Estates mobile home community in Vero Beach. The tornado continued to the east-southeast for approximately 4 minutes along a 0.5 mile long track until it dissipated as it crossed into the Vero Shores residential community. The tornado had a maximum width of approximately 100 yards and peak winds estimated between 75-85 mph. Damage was first noted near the entrance to the Midway Estates community when the tornado touched down at approximately 541 PM |EST near the intersection of Douglas and Debra Lanes. Indian River Emergency Management documented 16 homes with at least some damage, with more substantial damage noted toward the southeast corner of the community. Most of these homes suffered at least some damage to their metal roofs, awnings, siding, and skirting. |Several carport and porch awnings were torn away from homes and lofted into neighboring yards, and about  portion of one home's roof was lost into the neighboring woods. ||The tornado continued into the Vero Shores residential community where damage was noted to large oak trees and several boat lift awnings. Notably, a carport overhang from a home in neighboring Midway Estates landed in a resident's driveway at the corner of 5th Ct SE. The tornado lifted at approximately 545 PM EST near the|intersection of 5th Ct SE and 22nd St SE.||Per Indian River County EM, eight residential manufactured homes sustained ���Major��� damage, nine residential homes sustained ���Minor��� damage, and three residential homes were ���Affected���. No residential manufactured homes were destroyed.","Strong thunderstorms pushing offshore of the Brevard and Treasure Coasts produced severe weather, including a tornado.",32
1059708,CLACKAMAS CO.,CHERRYVILLE,10/22/2022,1640,Tornado, ,EF0,0,0,50000,0,OR,PST-8, ,174418,C,5,PQR,0,0,NWS Storm Survey, ,0.87,248,1,WNW,0,WNW,CHERRYVILLE,10/22/2022,1648,45.3753,-122.1413,45.3723,-122.1371,"A brief, weak tornado occurred on Saturday evening northeast of Cherryville, OR. Video confirmation was obtained, as well as a storm damage survey.  It did cause damage to trees, powerlines, a vehicle, one residence, and small outbuildings. Estimated wind speeds of 75 to 85 mph which rates this tornado as EF-0.","A brief, weak tornado occurred in Cherryville with minor damage.",33
1061448,CANADIAN CO.,UNION CITY,10/24/2022,827,Tornado, ,EF0,0,0,5000,0,OK,CST-6, ,174809,C,17,OUN,0,0,NWS Storm Survey, ,2.9,50,6,E,4,W,MUSTANG,10/24/2022,833,35.391,-97.841,35.399,-97.791,"The tornado initially broke some tree branches along State Highway 152 between Gregory Road and Banner Road, then moved east-northeast producing more tree damage and roof damage on the north side of a residence on Richland Road north of SH-152.","A line of thunderstorms crosses the area during the morning of the 24th with minor wind damage and a couple of tornadoes reported embedded within the line.",34
1061447,POTTAWATOMIE CO.,MACOMB,10/24/2022,932,Tornado, ,EF0,0,0,0,0,OK,CST-6, ,174809,C,125,OUN,0,0,Emergency Manager, ,0.1,10,4,E,4,E,MACOMB,10/24/2022,932,35.144,-96.933,35.144,-96.933,"Emergency management spotters reported a brief tornado near US Highway 177 and State Highway 59B. No damage was reported.","A line of thunderstorms crosses the area during the morning of the 24th with minor wind damage and a couple of tornadoes reported embedded within the line.",35
1059709,MARION CO.,WEST WOODBURN,10/24/2022,1530,Tornado, ,EF0,0,0,25000,0,OR,PST-8, ,174419,C,47,PQR,0,0,Trained Spotter, ,0.04,17,1,NNW,1,NNW,WEST WOODBURN,10/24/2022,1540,45.1607,-122.9069,45.1607,-122.9055,"A weak tornado occurred in rural Woodburn, confirmed by video and supported by damage photos obtained from the public. Rated EF-0 with winds estimated between 61-74 mph. Damage to two residential properties.","A weak EF-0 tornado occurred in rural Woodburn with minor damage.",36
1058632,WILLIAMSON CO.,JARRELL SYBERT ARPT,10/24/2022,1946,Tornado, ,EF1,0,0,500000,0,TX,CST-6, ,174276,C,491,EWX,0,0,NWS Storm Survey, ,3.86,150,2,NW,1,SW,CORN HILL,10/24/2022,1953,30.797,-97.6742,30.7883,-97.61,"A National Weather Service storm survey team determined a tornado touched down just west of CR 234 and north of CR 239. The tornado moved southeastward producing EF-0 damage to trees and a barn and knocked down a two-story home that was still under construction near CR 310 and CR 237. As the tornado crossed this intersection it turned east and strengthened and widened. High end EF-0 damage was observed to trees and some homes just to the west of I-35. The tornado crossed I-35 south of CR 314 and north of Ronald Reagan Blvd. and strengthened further. A semi-trailer was flipped on I-35 and the driver sustained minor injuries. Nine wooden power poles were brought down on the north bound side of I-35, including one that was snapped in half. As the tornado continued east of I-35 and west of Little Road EF-1 damage was observed. Additional power poles were damaged and snapped. A home sustained roof damage and many large tree branches were snapped. A barn had a portion of the roof removed. A small, enclosed cargo trailer on the property was lofted roughly 100 yards downwind. Maximum winds were estimated at 100 mph just east of I-35. The tornado dissipated east of Little Road.","A shortwave trough moved through the upper pattern and pushed a cold front through South Central Texas. Thunderstorms developed along this front and produced damaging wind gusts and one tornado.",37
1060889,ALLEN PAR.,OBERLIN,10/25/2022,339,Tornado, ,EF2,0,0,150000,0,LA,CST-6, ,175004,C,3,LCH,0,0,NWS Storm Survey, ,0.44,170,3,NW,3,NW,OBERLIN,10/25/2022,340,30.652,-92.8043,30.6557,-92.7982,"The tornado started near the Calcasieu River near Mike Manuel Road. As it moved northeast, a tree was blown into a manufactured home and the front porch awning was ripped off. Another home had a damaged carport which fell onto a car. Several softwood trees were snapped off at the tops with a couple of hardwood trees snapped off near their bases. A third small industrial building on the property sustained damage to its roll-up shop door and a nearby parked and loaded construction trailer was pushed 4 to 6 feet to the east. The tornado lifted after this point, although its |circulation remained close to the surface as noted by bent and snapped softwood trees down Mike Manuel Road. The maximum estimated winds were 111 mph.","A line of storms moved through the region with a cold front. A couple cells became severe producing a tornado and wind damage.",38
1054289,HOLMES CO.,BONIFAY,10/25/2022,2214,Tornado, ,EF0,0,0,20000,0,FL,CST-6, ,173812,C,59,TAE,0,0,NWS Storm Survey, ,1.12,70,3,W,2,W,BONIFAY,10/25/2022,2219,30.7768,-85.7261,30.7776,-85.7072,"A tornado touched down in a densely wooded area west of Henry Grey road in southeastern Holmes county around 1114 pm CDT. The starting point was based on a tornadic debris signature (TDS) from the Eglin Air Force Base radar, as access to this area is extremely limited. The tornado continued east just north of Sand Path Road, but was likely quite weak by the time it reached Henry Grey road. No damage was noted to homes near this intersection. The only damage noted along the path was along Barefield Lane. At this location, a small metal outbuilding was lifted and tossed into a nearby power pole. In addition, numerous fence panels were blown out. Finally, a large tree limb fell onto a vehicle. However, no structural damage to any of the surrounding manufactured homes was noted. Maximum winds were estimated at this location to be around 75 mph. The tornado likely dissipated at this point at approximately 1119 pm CDT. No additional damage was seen to the east of this location, and the TDS dissipated on radar. The tornado was rated an EF0 with max winds around 75 mph. Thanks to Holmes County Emergency management for aiding in this assessment.","A cold front moved through the area during the overnight hours of October 25th.  A marginal risk of severe storms was expected from the Storm Prediction Center due to a low end combination of instability and wind shear.  One brief tornado occurred in Holmes county, resulting in minor damage.",39
1057369,OKALOOSA CO.,SHALIMAR,10/29/2022,1135,Tornado, ,EF0,0,0,0,0,FL,CST-6, ,174395,C,91,MOB,0,0,NWS Storm Survey, ,0.08,20,3,SSW,3,SSW,SHALIMAR,10/29/2022,1136,30.393,-86.5927,30.3943,-86.5926,"A waterspout moved onshore the afternoon of the 30th, tossing and|destroying a large shed based on numerous eyewitness reports and|video. The tornado was rated EF0 with winds up to 85mph. The|tornado dissipated quickly before reaching Highway 98.","A very localized tornado outbreak Saturday afternoon and evening as an unstable airmass developed over Mobile and Baldwin counties along with the western Florida panhandle ahead of an approaching cold front. Twelve tornadoes were found with 5 in Mobile County, 6 in Baldwin County and 1 tornado in Okaloosa County, FL.",40
1164591,HARRISON CO.,LIGANA,10/29/2022,1235,Tornado, ,EF0,0,0,2000,0,MS,CST-6, ,175027,C,47,LIX,0,0,NWS Storm Survey, ,1.56,50,5,SSW,5,SW,LIGANA,10/29/2022,1242,30.46,-89.29,30.48,-89.31,"An EF0 (65 mph) tornado developed near Firetower Rd and moved north-northwest parallel to Vidalia Road. NDVI differencing helped to identify generally branch and foliage damage to trees along an inconsistent but cohesive path indicative of a weak tornado moving along the tree tops. The tornado reached a clearing near Cable Bridge Rd where it tossed a small awning similar to a gas station awning into a few power poles causing them to snap. Thereafter, the NDVI differencing in conjunction with an apparent tornado debris signature on KLIX radar shows the tornado continued north-northwest through mainly rural areas of trees. The end of the path is somewhere along Cleveland Ladner Rd per NDVI differencing and it is noted that the tornado debris signature continued approximately another 0.75 miles north before dissipating. However, no apparent damage could be identified using high resolution satellite imagery to confirm a clear end point.","A surface low pressure developed over central Louisiana in response to a negatively tilted mid-level trough over northeast Texas. A warm front developed in association with the surface low and surged northward through southern Mississippi in the early afternoon. This left coastal Mississippi in the warm sector of the cyclone where modest instability and sufficient wind shear was present to produce damaging winds and tornadoes.",41
1060965,JACKSON CO.,KREOLE,10/29/2022,1321,Tornado, ,EF0,0,0,0,0,MS,CST-6, ,175027,C,59,LIX,0,0,NWS Storm Survey, ,5.08,75,1,NW,3,WSW,HELENA,10/29/2022,1335,30.4074,-88.5116,30.48,-88.54,"An NWS Storm Survey of the Moss Point tornado found damage representative of an 80 MPH EF-0. The tornado touched near Grierson St and Hwy 63 in Jackson County, MS, where it broke large branches off trees and partially snapped a hardwood tree. It then crossed Hwy 63 and Marvin Ave moving NE and moved northward over the marsh area and crossed Elder Ferry Rd, where it snapped several more large branches and a hallowed out hardwood tree. The tornado continued northward where it crossed I-10 and broke some branches off of nearby trees, in addition to damaging a road sign. At this point, the tornado began to occlude north-northwest where it damaged a swath of deciduous trees near Old Saracennia Road within the PQL air field. The tornado then began to gradually weaken per high resolution satellite NDVI differencing and radar imagery and it is estimated to have lifted somewhere south of the Sentinel Drive neighborhood.","A surface low pressure developed over central Louisiana in response to a negatively tilted mid-level trough over northeast Texas. A warm front developed in association with the surface low and surged northward through southern Mississippi in the early afternoon. This left coastal Mississippi in the warm sector of the cyclone where modest instability and sufficient wind shear was present to produce damaging winds and tornadoes.",42
1060967,JACKSON CO.,BIG PT,10/29/2022,1524,Tornado, ,EF0,0,0,10000,0,MS,CST-6, ,175027,C,59,LIX,0,0,NWS Storm Survey, ,3.11,50,2,NNW,1,S,HURLEY,10/29/2022,1532,30.6,-88.49,30.65,-88.5,"An EF0 (85 mph) tornado touched down just north of Big Point, MS near Bentwood Drive at around 5:24 PM CDT. The tornado continued generally northward where a swath of trees could be seen visibly damaged on high resolution satellite imagery. The tornado then crossed the Soccer Fields at Lum Cumbest Park, where it leaned a freestanding metal light pole. As it progressed northward into the Park Ridge Estates community, it broke branches and snapped several trees. The tornado then continued to parallel Highway 613 northward into an open field and rural land where video confirmation indications the tornado gradually roped out as it approached Highway 614. The exact end point of this tornado was estimated based off video and high resolution satellite imagery.","A surface low pressure developed over central Louisiana in response to a negatively tilted mid-level trough over northeast Texas. A warm front developed in association with the surface low and surged northward through southern Mississippi in the early afternoon. This left coastal Mississippi in the warm sector of the cyclone where modest instability and sufficient wind shear was present to produce damaging winds and tornadoes.",43
1060966,JACKSON CO.,THREE RIVERS,10/29/2022,1528,Tornado, ,EF1,0,0,5000,0,MS,CST-6, ,175027,C,59,LIX,0,0,NWS Storm Survey, ,1.46,125,4,W,5,W,THREE RIVERS,10/29/2022,1532,30.5976,-88.6424,30.6116,-88.6535,"A tornado touched down snapping numerous small branches on trees near the intersection of River Place Dr and River Walk Dr. It moved northwestward and snapped two oak trees as it crossed River Bluffs Dr. The most concentrated damage was found near the east end of Polly Lake Rd. in this area numerous large pine trees were snapped. It also caused damage to a home near the end of the road, tearing facia from both the front and back of the home near the eaves, tossing a small metal shelter and rolling a small out building. Based on the large snapped pine trees, the tornado is given a maximum rating of EF-1 with estimated peak winds of 104 mph. The tornado then turned more toward the north-northwest and crossed Wade-Vancleave Rd before turning more northward. It lifted as it approached the intersection of Old River Rd and Moungers Rd. Numerous large branches were snapped from several oak trees on a property just south of the intersection, but no damage was found beyond this point.","A surface low pressure developed over central Louisiana in response to a negatively tilted mid-level trough over northeast Texas. A warm front developed in association with the surface low and surged northward through southern Mississippi in the early afternoon. This left coastal Mississippi in the warm sector of the cyclone where modest instability and sufficient wind shear was present to produce damaging winds and tornadoes.",44
1057372,MOBILE CO.,LAURENDINE,10/29/2022,1603,Tornado, ,EF0,0,0,0,0,AL,CST-6, ,174066,C,97,MOB,0,0,NWS Storm Survey, ,1.84,20,2,NW,2,WSW,THEODORE,10/29/2022,1608,30.516,-88.1968,30.5427,-88.1978,"An EF-0 tornado likely began just to the south of Government|Boulevard near Theodore tracking north across the area. The|beginning point of the tornado is estimated by a radar confirmed|debris signature that started in a heavily wooded area to the|south of Government Boulevard. The tornado crossed Government|Blvd and tracked up through Tung Avenue West where some minor|tree damage occurred with numerous limbs knocked down and a fence|was blown over. The tornado continued across Oakane Drive where|minor shingle damage occurred to homes. At this point the tornado|likely lifted with no further damage reports to the north.","A very localized tornado outbreak Saturday afternoon and evening as an unstable airmass developed over Mobile and Baldwin counties along with the western Florida panhandle ahead of an approaching cold front. Twelve tornadoes were found with 5 in Mobile County, 6 in Baldwin County and 1 tornado in Okaloosa County, FL.",45
1164590,JACKSON CO.,THREE RIVERS,10/29/2022,1604,Tornado, ,EFU,0,0,0,0,MS,CST-6, ,175027,C,59,LIX,0,0,NWS Storm Survey, ,3.85,25,2,SW,2,SW,WADE,10/29/2022,1613,30.58,-88.6,30.63,-88.59,"A damage path identified on high resolution satellite imagery after 10/29/22 was in close association to a tornado debris signature on KMOB radar which tracked over inaccessible lands along the Pascagoula River. Only small patches of tree damage could be identified, but the degree of damage remains indiscernible due to limitations of the imagery resolution. Therefore, this is rated EF Unknown.","A surface low pressure developed over central Louisiana in response to a negatively tilted mid-level trough over northeast Texas. A warm front developed in association with the surface low and surged northward through southern Mississippi in the early afternoon. This left coastal Mississippi in the warm sector of the cyclone where modest instability and sufficient wind shear was present to produce damaging winds and tornadoes.",46
1055785,BALDWIN CO.,BON SECOUR,10/29/2022,1610,Tornado, ,EF0,0,0,0,0,AL,CST-6, ,174066,C,3,MOB,0,0,NWS Storm Survey, ,0.5,20,2,W,2,W,BON SECOUR,10/29/2022,1612,30.3159,-87.7587,30.3232,-87.7585,"The tornado likely started south of county road 49 in Skunk|Bayou. The tornado moved north resulting in uprooted softwood|pines, one snapped pine along county road 49. A chicken coop was|flipped and a barn destroyed just west of Carver Rd. Sporadic|large limbs were noted on carver road and a travel trailer had|its windows broken by debris. The tornado likely lifted just|north of county road 49.","A very localized tornado outbreak Saturday afternoon and evening as an unstable airmass developed over Mobile and Baldwin counties along with the western Florida panhandle ahead of an approaching cold front. Twelve tornadoes were found with 5 in Mobile County, 6 in Baldwin County and 1 tornado in Okaloosa County, FL.",47
1055771,BALDWIN CO.,MAGNOLIA SPGS,10/29/2022,1616,Tornado, ,EF1,0,0,0,0,AL,CST-6, ,174066,C,3,MOB,0,0,NWS Storm Survey, ,0.59,40,3,SSE,2,SSE,MAGNOLIA SPGS,10/29/2022,1618,30.3638,-87.7665,30.3703,-87.773,"Tornado likely began in a field to the southeast of county road|49 and moved northeast across county road 49 south of Bay Rd E.|Several wood power poles were snapped at this location; however,|age of power poles suggested lower bound and lack of other damage|indicators. Weak tree debris was noted along Bay Rd E where|social media video suggests the tornado lifted as it crossed Bay|Rd E.","A very localized tornado outbreak Saturday afternoon and evening as an unstable airmass developed over Mobile and Baldwin counties along with the western Florida panhandle ahead of an approaching cold front. Twelve tornadoes were found with 5 in Mobile County, 6 in Baldwin County and 1 tornado in Okaloosa County, FL.",48
1057366,MOBILE CO.,(BFM)MOBILE BROOKLEY,10/29/2022,1623,Tornado, ,EF0,0,0,0,0,AL,CST-6, ,174066,C,97,MOB,0,0,NWS Storm Survey, ,2.67,110,1,SSW,1,N,MOBILE AEROSPACE ARP,10/29/2022,1630,30.613,-88.0551,30.6488,-88.0721,"An EF-0 tornado came onshore near the southern end of Mobile|Downtown Airport. The start point of this is based on visual|confirmation of the tornado via pictures and video. The tornado|crossed parts of the airport, with no notable damage being|reported. As the tornado tracked northwest, it moved across South|Broad Street where it removed branches from trees and damaged|some fencing. The final observable damage point was on Avenue C|where metal roofing was removed from a building, with the metal|canopy/overhang collapsed at the end of the building. The tornado|may have continued slightly north-northwest of this point, but the|area was inaccessible due to limited road access.","A very localized tornado outbreak Saturday afternoon and evening as an unstable airmass developed over Mobile and Baldwin counties along with the western Florida panhandle ahead of an approaching cold front. Twelve tornadoes were found with 5 in Mobile County, 6 in Baldwin County and 1 tornado in Okaloosa County, FL.",49
1062031,JACKSON CO.,WADE,10/29/2022,1633,Tornado, ,EFU,0,0,0,0,MS,CST-6, ,175027,C,59,LIX,0,0,NWS Storm Survey, ,2.83,25,3,N,5,W,HARLESTON,10/29/2022,1640,30.6877,-88.5766,30.7287,-88.577,"A tornado of unknown strength touched down in rural portions of northern Jackson County near or along Mississippi Highway 63. This was confirmed by a storm spotter video of a tornado received in the area. Due to no damage being reported, the tornado will be rated as unknown strength. If damage information is received, this report will be updated.","A surface low pressure developed over central Louisiana in response to a negatively tilted mid-level trough over northeast Texas. A warm front developed in association with the surface low and surged northward through southern Mississippi in the early afternoon. This left coastal Mississippi in the warm sector of the cyclone where modest instability and sufficient wind shear was present to produce damaging winds and tornadoes.",50
1055768,MOBILE CO.,ST ELMO ARPT,10/29/2022,1740,Tornado, ,EF1,0,0,0,0,AL,CST-6, ,174066,C,97,MOB,0,0,NWS Storm Survey, ,4.9,250,3,NNE,1,NNW,DAWES,10/29/2022,1750,30.537,-88.2623,30.6075,-88.2537,"Tornado likely began in a field to the southwest the Pecan|Terrace subdivision and moved north-northeast as it crossed Old|Pascagoula Rd. The damage was predominantly confined to trees and|fences as the tornado moved toward Dep Busby Rd. The tornado then|moved across open fields and cotton fields for about a mile and a|half. The tornado moved across the Labrador Trail subdivision|with significant damage to fences with shingle and soffit/fascia|damage noted on many homes in the neighborhood. Several sheds in|the neighborhood were also damaged. The tornado then crossed|another large field before moving across Dawes Creek Drive and|Dawes Oak Drive. A home along Dawes Oak Drive had two south-|facing windows pushed in and broken with roof damage, which|prompted the low-end EF-1 rating for this point. The tornado|continued off to the north-northeast as it crossed Three Notch|Road. The tornado likely lifted near Dawes Lane N given the lack|of damage to the north of this road.","A very localized tornado outbreak Saturday afternoon and evening as an unstable airmass developed over Mobile and Baldwin counties along with the western Florida panhandle ahead of an approaching cold front. Twelve tornadoes were found with 5 in Mobile County, 6 in Baldwin County and 1 tornado in Okaloosa County, FL.",51
1055772,BALDWIN CO.,GULF SHRS,10/29/2022,1750,Tornado, ,EF1,0,0,0,0,AL,CST-6, ,174066,C,3,MOB,0,0,NWS Storm Survey, ,2.48,110,3,W,0,SSE,BON SECOUR,10/29/2022,1759,30.2785,-87.7249,30.3144,-87.7262,"Additional surveys and satellite imagery shows that the Tornado |likely began as a waterspout over Oyster Bay and crossed Oyster |Bay rd. A swath of tall grass was flatted as it crossed the road |as the tornado tracked through a heavily forested area southeast |of County Road 6. The tornado was likely weak or discontinuous |through the wooded area. The tornado then quickly tracked northwest|where the first damage was reported. A barn lost most of its tin |roofing and several large hard and softwood branches were snapped.|The tornado intensified as it crossed County Road 6 where a |couple large hardwoods and softwoods uprooted. Peak intensity |occurred just north of County Road 6 where a manufactured home was|rolled and completely destroyed. 3 individuals were inside the |home and were transported to the hospital with minor injuries. A |pontoon boat on a trailer was dragged about 30 yards and deposited|on a stump causing the boat to shift on the trailer. A few hard |and softwood snaps were also located at the area. The tornado then|continued on northeast causing minor tree damage. The tornado |then crossed the Bon Secour river causing minor damage to a |construction site and minor tree damage. The Tornado likely lifted|shortly after with sporadic wind damage noted along Bon Secour |highway.","A very localized tornado outbreak Saturday afternoon and evening as an unstable airmass developed over Mobile and Baldwin counties along with the western Florida panhandle ahead of an approaching cold front. Twelve tornadoes were found with 5 in Mobile County, 6 in Baldwin County and 1 tornado in Okaloosa County, FL.",52
1055978,MOBILE CO.,SPRING HILL,10/29/2022,1757,Tornado, ,EF0,0,0,0,0,AL,CST-6, ,174066,C,97,MOB,0,0,NWS Storm Survey, ,2.14,10,1,ENE,1,SSW,WHISTLER,10/29/2022,1802,30.7087,-88.1346,30.739,-88.1271,"A weak EF-0 tornado with peak winds of 75mph likely began in Pine|Grove along Threemile Creek and quickly moved north across|Moffett Road where a tornado debris signature became apparent on|radar. This tornado continued along Pine Grove Avenue where a|couple of older/dead trees were knocked down and healthier large|tree limbs were knocked down at the intersection of Pine Grove|Avenue and Pringle Drive. Due to limited road access north of|this point, the rest of the tornadoes path is approximated based|on radar tornado debris signature and rotational velocity. It is|likely the tornado ended just to the southeast of Laidlaw Lane|prior to reaching Wolf Ridge Road.","A very localized tornado outbreak Saturday afternoon and evening as an unstable airmass developed over Mobile and Baldwin counties along with the western Florida panhandle ahead of an approaching cold front. Twelve tornadoes were found with 5 in Mobile County, 6 in Baldwin County and 1 tornado in Okaloosa County, FL.",53
1055769,MOBILE CO.,ORCHARD,10/29/2022,1809,Tornado, ,EF0,0,0,0,0,AL,CST-6, ,174066,C,97,MOB,0,0,NWS Storm Survey, ,2.45,180,1,SE,2,NNE,ORCHARD,10/29/2022,1815,30.713,-88.1879,30.7483,-88.1846,"Tornado began along Lucerne Drive and moved north-northeast as it|crossed Overlook Road. The damage along Lucerne Drive was|predominantly confined to trees and fences as the tornado moved|toward Donham Drive. The tornado then crossed Howells Ferry Road|and moved along Grider Road. The tornado continued to the north-|northeast with more damage to sheds and homes along Grider Road.|One home near Rose Hill Lane had some uplift to the roof with|more tree damage nearby. The tornado moved over a heavily wooded|area before likely lifting around Moffett Road. The tornado may|have continued off to the north-northeast, but that wooded area|is completely inaccessible.","A very localized tornado outbreak Saturday afternoon and evening as an unstable airmass developed over Mobile and Baldwin counties along with the western Florida panhandle ahead of an approaching cold front. Twelve tornadoes were found with 5 in Mobile County, 6 in Baldwin County and 1 tornado in Okaloosa County, FL.",54
1055775,BALDWIN CO.,POINT CLEAR,10/29/2022,1951,Tornado, ,EF0,0,0,0,0,AL,CST-6, ,174066,C,3,MOB,0,0,NWS Storm Survey, ,0.02,20,2,SSE,2,SSE,POINT CLEAR,10/29/2022,1952,30.4426,-87.9109,30.4429,-87.9109,"A very brief EF0 tornado with peak winds of around 85mph touched|down off of Scenic Highway 98 by James Lowe Lane in southwestern|Baldwin County. The tornado uprooted a hardwood tree, shifted a|wooden carport off its holding blocks, and shifted a loaded|trailer approximately 20 feet from its resting position at this|location. Damage was confirmed to be from a tornado thanks to|video by local residents. Sporadic wind damage was observed in|the surrounding area, and it is possible the tornado began before|this point and continued further north, but limited access to|roads made it difficult to assess.","A very localized tornado outbreak Saturday afternoon and evening as an unstable airmass developed over Mobile and Baldwin counties along with the western Florida panhandle ahead of an approaching cold front. Twelve tornadoes were found with 5 in Mobile County, 6 in Baldwin County and 1 tornado in Okaloosa County, FL.",55
1055871,BALDWIN CO.,DAPHNE,10/29/2022,2019,Tornado, ,EF0,0,0,0,0,AL,CST-6, ,174066,C,3,MOB,0,0,NWS Storm Survey, ,0.6,20,0,ENE,1,NE,DAPHNE,10/29/2022,2020,30.6028,-87.894,30.6108,-87.8901,"The tornado likely began south of Daphne Ave where light tree|debris was noted. Sporadic light wind damage was noted before|this location. The tornado then crossed Daphne Ave where it|brought down a couple hardwoods including a couple significant|snaps. However, the health of the trees were in question and|given the lack of other damage indicators, especially to|healthier trees, a lower bound damage rating was designated. A|convergent path was noted here. albeit weak, it was noticeable.|The tornado then crossed Randall Ave with some tree branches|snapped and one uproot. One home lost some shingles before the|tornado likely lifted north of Randall Ave.","A very localized tornado outbreak Saturday afternoon and evening as an unstable airmass developed over Mobile and Baldwin counties along with the western Florida panhandle ahead of an approaching cold front. Twelve tornadoes were found with 5 in Mobile County, 6 in Baldwin County and 1 tornado in Okaloosa County, FL.",56
1057367,BALDWIN CO.,SPANISH FT,10/29/2022,2029,Tornado, ,EF1,0,0,0,0,AL,CST-6, ,174066,C,3,MOB,0,0,NWS Storm Survey, ,0.25,20,1,SSE,1,SSE,SPANISH FT,10/29/2022,2030,30.6688,-87.8956,30.6723,-87.8944,"An EF1 tornado began in the Spanish Fort area of Baldwin County|with peak winds of 90mph. This tornado likely began near or just|southwest of Waites Lane where it snapped and uprooted a couple|hardwood trees. The tornado was intermittently touching down,|lifting briefly after this first point, before once again|touching down to the northeast after crossing Spanish Fort Blvd|moving onto the City Hall property. Here it snapped a couple of|pines and uprooted a hardwood tree. The tornado likely went|further northeast, but damage became rather sporadic.","A very localized tornado outbreak Saturday afternoon and evening as an unstable airmass developed over Mobile and Baldwin counties along with the western Florida panhandle ahead of an approaching cold front. Twelve tornadoes were found with 5 in Mobile County, 6 in Baldwin County and 1 tornado in Okaloosa County, FL.",57
1065104,BRYAN CO.,CALERA,11/04/2022,1230,Tornado, ,EF1,0,0,75000,0,OK,CST-6, ,175534,C,13,OUN,0,0,NWS Storm Survey, ,3.4,40,2,SW,1,NNE,CALERA,11/04/2022,1234,33.912,-96.458,33.948,-96.425,"A tornado touched down southwest of Calera crossing US-69 and blowing a semi truck and trailer into the median. A number of unoccupied, unanchored mobile homes just north of US-69 were displaced and damaged including at least one that was rolled and destroyed. The tornado moved northeast, parallel to and just northwest of US-69, and moved into the west and north sides of Calera. A number of trees had damage or were snapped in Calera with at least two houses heavily damaged by falling trees. Other homes in town received shingle damage from the tornado. The tornado dissipated just northeast of the city limits of Calera before reaching Choctaw Road.","A storm system brought numerous thunderstorms to south central and southeast Oklahoma on the 4th, bringing hail and also a tornado near Calera.",58
1062581,LAMAR CO.,HIGH,11/04/2022,1516,Tornado, ,EF4,0,10,5000000,0,TX,CST-6, ,175231,C,277,FWD,0,0,NWS Storm Survey, ,25.91,1350,0,ESE,2,ENE,ARTHUR CITY,11/04/2022,1546,33.5995,-95.749,33.888,-95.4637,"A tornado formed near Brookston in western Lamar County and tracked rapidly northeastward, passing to the northwest of Paris, Texas before exiting the northern edge of Lamar County, east of Arthur City. The tornado continued into Choctaw County Oklahoma and additional information about the damage in that county can be found in a separate entry. Several dozen individual homes, businesses and outbuildings were impacted across western and northern Lamar County.  Damage consistent with EF-3 intensity tornadic winds of 150-160 mph were identified at several locations west through north of Paris.  In particular, several residences along Farm Market Road 1499 northwest of Paris were completely unroofed, with most external and internal walls destroyed.  This damage was consistent with tornado intensities of approximately 160 mph. One particular house on CR 33620 revealed EF-4 damage, with estimated winds of at least 170 MPH. EF-3 damage of 145 to 155 mph was also identified with a small number of structures along Farm to Market Road 906 near Mideity, as well as with a residence along Farm to Market Road 2820 west-northwest of Paris.  Primary damage to these structures was the total loss of roofs and large-scale interior and exterior wall failure. EF-2 damage, consistent with winds of 111 to 135 mph, was identified with a number of other structures along the tornado's path.  Structures with this degree of damage had either all or large portions of their roofs destroyed or significantly damaged, with some wall failures.  Widespread EF-1 damage was also apparent all along the track from Brookston to east of Arthur City, as evidenced by trees uprooted, power poles snapped, outbuildings severely damaged, and/or wood frame homes with serious roof damage. Maximum estimated winds were 170 mph.","A fast-moving cold front served as a focus for thunderstorm development across North and Central Texas, as an upper level storm system swept across the Plains the afternoon of November 4. Large hail and damaging wind gusts accompanied several of these storms, and a total of 5 tornadoes occurred. The hardest-hit area was Lamar County, where an EF-4 tornado occurred.",59
1063292,CHOCTAW CO.,ORD,11/04/2022,1546,Tornado, ,EF2,0,1,900000,0,OK,CST-6, ,174333,C,23,TSA,0,0,NWS Storm Survey, ,18.8,1700,2,ESE,3,ESE,SPENCERVILLE,11/04/2022,1612,33.888,-95.464,34.117,-95.296,"This tornado developed in Lamar County, Texas, and produced EF-4 damage northwest of Paris, and then crossed the Red River into Choctaw County. Extensive tree damage occurred just north of the Red River with numerous hardwood trees snapped from E2150 Road to E2140 Road. The tornado moved northeast, becoming about a mile wide several miles south of Sawyer, and continued to produce a very wide damage swath until a couple miles north of Highway 70. Throughout the path, numerous trees were snapped and uprooted, numerous power poles were snapped, numerous outbuildings were destroyed, and 38 homes were damaged, at least sixteen of which were severely damaged. The tornado dissipated between the N 4340 Road and N 4360 Road, and south of the E1980 Road. Based on the damage in Choctaw County, maximum estimated wind in this segment of the tornado was 110 to 120 mph.","Severe thunderstorms moved through eastern Oklahoma during the late afternoon and evening of the 4th. The atmosphere became moderately unstable ahead of a cold front approaching from the north and a dry line approaching from the west. Deep layer and low level wind shear increased during the afternoon and evening across the area, with the approach of a strong upper level disturbance, and became very strong by early evening. The combination of moderately strong instability and strong to very strong wind shear resulted in some supercell thunderstorm structures, as well as a severe squall line that moved through the region. Multiple tornadoes occurred across eastern Oklahoma from these storms. Damaging wind and large hail up to quarter size also occurred. Heavy rainfall resulted in localized flash flooding.",60
1062582,RAINS CO.,DOUGHERTY,11/04/2022,1608,Tornado, ,EF1,0,0,20000,0,TX,CST-6, ,175231,C,379,FWD,0,0,NWS Storm Survey, ,2.43,150,1,WNW,2,N,DOUGHERTY,11/04/2022,1611,32.9545,-95.7928,32.98,-95.764,"A tornado started in northern Rains County crossing FM 514 near Daugherty. In this area, damage to a carport was noted along with damage to large trees. The tornado moved northeast causing notable tree damage to the Clifton Cemetery. The tornado continued northeast into southern Hopkins County where its track was traced by tree damage. Additional information on the tornado track in Hopkins County can found in a separate entry. Video evidence shows this tornado lifted just east of Hopkins County Road 1159 before the next tornado started. Maximum estimated winds were 100 mph.","A fast-moving cold front served as a focus for thunderstorm development across North and Central Texas, as an upper level storm system swept across the Plains the afternoon of November 4. Large hail and damaging wind gusts accompanied several of these storms, and a total of 5 tornadoes occurred. The hardest-hit area was Lamar County, where an EF-4 tornado occurred.",61
1063925,HOPKINS CO.,BONANZA,11/04/2022,1611,Tornado, ,EF1,0,0,0,0,TX,CST-6, ,175231,C,223,FWD,0,0,NWS Storm Survey, ,1.95,150,3,W,2,NW,BONANZA,11/04/2022,1614,32.98,-95.764,32.9988,-95.7388,"This tornado is a continuation of the tornado that started in northern Rains County. The tornado moved northeast causing notable tree damage to the Clifton Cemetery in Rains County. The tornado continued northeast into southern Hopkins County where its track was traced by tree damage. Video evidence shows this tornado lifted just east of Hopkins County Road 1159 before the next tornado started. Maximum estimated winds were 100 mph.","A fast-moving cold front served as a focus for thunderstorm development across North and Central Texas, as an upper level storm system swept across the Plains the afternoon of November 4. Large hail and damaging wind gusts accompanied several of these storms, and a total of 5 tornadoes occurred. The hardest-hit area was Lamar County, where an EF-4 tornado occurred.",62
1062583,HOPKINS CO.,GREENVIEW,11/04/2022,1615,Tornado, ,EF2,0,0,1000000,0,TX,CST-6, ,175231,C,223,FWD,0,0,NWS Storm Survey, ,2.9,160,2,SSW,1,ENE,GREENVIEW,11/04/2022,1619,33.0072,-95.7297,33.0397,-95.698,"According to eyewitness and video the second tornado started in a field west of County Road 1164. It moved northeast striking a home at the intersection of CR 3389 and FM 1567. This home sustained EF2 damage when the winds took the roof and attic off the house. The tornado continued NE across open field before striking a few homes off of CR 1181. One home along 1181 sustained EF2 damage and was pushed off its support. Two more homes were damaged on the east side of 1181, and the tornado dissipated soon after. Maximum estimated winds were 120 mph.","A fast-moving cold front served as a focus for thunderstorm development across North and Central Texas, as an upper level storm system swept across the Plains the afternoon of November 4. Large hail and damaging wind gusts accompanied several of these storms, and a total of 5 tornadoes occurred. The hardest-hit area was Lamar County, where an EF-4 tornado occurred.",63
1062584,HENDERSON CO.,MALAKOFF,11/04/2022,1635,Tornado, ,EF2,0,0,3000000,0,TX,CST-6, ,175231,C,213,FWD,0,0,NWS Storm Survey, ,15.05,150,4,SSE,4,NE,ATHENS,11/04/2022,1658,32.108,-96.0044,32.2438,-95.8046,"The tornado first touched down around 5:35 PM south of Malakoff, hitting a private family property and wedding venue just west of CR 3441. The tornado continued to move northeast and damaged another family home on CR 1208. The tornado made a continuous path northeast, marked by damage to trees and outbuildings. The tornado moved through Athens, damaging additional structures and uprooting/snapping trees. A Dollar General had its windows blown out. The tornado moved over the Athens Steel Building Corporation, causing the most significant damage of the tornado track. Damage included collapse of the southern portion of the structure. The tornado exited the city and dissipated after damaging structures and trees in the Trey Meadows neighborhood, southwest of Murchison around 5:58 PM. Maximum estimated winds were 115 mph.","A fast-moving cold front served as a focus for thunderstorm development across North and Central Texas, as an upper level storm system swept across the Plains the afternoon of November 4. Large hail and damaging wind gusts accompanied several of these storms, and a total of 5 tornadoes occurred. The hardest-hit area was Lamar County, where an EF-4 tornado occurred.",64
1057264,MCCURTAIN CO.,PICKENS,11/04/2022,1646,Tornado, ,EF2,1,1,300000,0,OK,CST-6, ,174357,C,89,SHV,0,0,NWS Storm Survey, ,2.83,800,2,ESE,2,NW,BATTIEST,11/04/2022,1649,34.3908,-94.9909,34.4237,-94.9612,"An EF-2 tornado with estimated maximum winds near 125 mph touched down in extreme Northwest McCurtain County near the Pickens community. The tornado touched down off of Pickens Road where it completed destroyed a chicken house, removed large sections of a roof of a home, and snapped multiple hardwood trees. The tornado then impacted a double-wide mobile home that was tied down with straps, which were snapped or footings pulled out of the ground. The mobile home was vaulted to the northwest and led to a fatality of a 90 year old male inside. A vehicle was also tossed and rolled at this location as well. The tornado continued moving northeast and uprooted multiple hardwood and softwood trees as it crossed Mount Zion Church Road, Glover Road, and Cedarwood Lane, before lifting near Coleman Road.","A strong upper level trough progressed through the Rockies and into the Central and Southern Plains during the day on November 4th, enhancing strong surface low development over the Upper Red River Valley into Oklahoma. This produced a strong pressure gradient over the Southern Plains and Lower Mississippi Valley, allowing for very rich Gulf moisture to surge north across the Ark-La-Tex area into Eastern Oklahoma and much of Arkansas. This generated moderate instability across these areas during the afternoon, as temperatures rose into the lower to mid 80s. Very strong wind shear was also in place over these areas, with the upper trough reinforcing a cold front southeast into Southeast Oklahoma, Western Arkansas, and East Texas. This trough enhanced large scale forcing along the front, with discrete supercell development also occurring ahead of the main line of storms over portions of East Texas, Southeast Oklahoma, and Southwest Arkansas. Multiple tornadoes, some strong, touched down across these areas, with additional instances of damaging winds also reported before the line of storms overtook these discrete supercells and shifted east across the remainder of East Texas, Southwest Arkansas, and into North Louisiana during the evening and overnight hours.",65
1057269,MCCURTAIN CO.,BATTIEST,11/04/2022,1651,Tornado, ,EF1,0,0,0,0,OK,CST-6, ,174357,C,89,SHV,0,0,NWS Storm Survey, ,4,900,4,N,8,N,BATTIEST,11/04/2022,1656,34.4578,-94.9439,34.507,-94.907,"An EF-1 tornado with estimated maximum winds near 105 mph touched down in a heavily wooded area in far Northwest McCurtain County northwest of Second Mountain. Numerous trees were snapped or uprooted as it crossed Dog Creek northeast into Southern Le Flore County just southeast of the Honobia community. This is part of an overall 11+ mile track from Northwest McCurtain County into Southwest Le Flore County.","A strong upper level trough progressed through the Rockies and into the Central and Southern Plains during the day on November 4th, enhancing strong surface low development over the Upper Red River Valley into Oklahoma. This produced a strong pressure gradient over the Southern Plains and Lower Mississippi Valley, allowing for very rich Gulf moisture to surge north across the Ark-La-Tex area into Eastern Oklahoma and much of Arkansas. This generated moderate instability across these areas during the afternoon, as temperatures rose into the lower to mid 80s. Very strong wind shear was also in place over these areas, with the upper trough reinforcing a cold front southeast into Southeast Oklahoma, Western Arkansas, and East Texas. This trough enhanced large scale forcing along the front, with discrete supercell development also occurring ahead of the main line of storms over portions of East Texas, Southeast Oklahoma, and Southwest Arkansas. Multiple tornadoes, some strong, touched down across these areas, with additional instances of damaging winds also reported before the line of storms overtook these discrete supercells and shifted east across the remainder of East Texas, Southwest Arkansas, and into North Louisiana during the evening and overnight hours.",66
1058365,LE FLORE CO.,LUDLOW,11/04/2022,1656,Tornado, ,EF1,0,0,70000,0,OK,CST-6, ,174333,C,79,TSA,0,0,NWS Storm Survey, ,7.3,1600,3,SW,5,NNE,LUDLOW,11/04/2022,1707,34.5065,-94.907,34.598,-94.843,"This is the second segment of a two segment tornado, which developed in heavily wooded terrain in far northern McCurtain County. In Le Flore County, numerous trees were snapped or uprooted, a couple homes were damaged, and several outbuildings were destroyed from southeast of Honobia to northeast of Honobia. Based on this damage, maximum estimated wind in this segment of the tornado was 100 to 110 mph.","Severe thunderstorms moved through eastern Oklahoma during the late afternoon and evening of the 4th. The atmosphere became moderately unstable ahead of a cold front approaching from the north and a dry line approaching from the west. Deep layer and low level wind shear increased during the afternoon and evening across the area, with the approach of a strong upper level disturbance, and became very strong by early evening. The combination of moderately strong instability and strong to very strong wind shear resulted in some supercell thunderstorm structures, as well as a severe squall line that moved through the region. Multiple tornadoes occurred across eastern Oklahoma from these storms. Damaging wind and large hail up to quarter size also occurred. Heavy rainfall resulted in localized flash flooding.",67
1063274,RED RIVER CO.,RUGBY,11/04/2022,1715,Tornado, ,EF4,0,7,2000000,0,TX,CST-6, ,174356,C,387,SHV,0,0,NWS Storm Survey, ,27.93,1056,2,ENE,3,NE,ACWORTH,11/04/2022,1744,33.5047,-95.2418,33.8055,-94.9175,"An EF-4 tornado initially touched down near the Fulbright community southwest of Clarksville. An aerial survey confirmed that the tornado damage was to tin metal roof panels that were peeled off of a plant on CR-1200. As the tornado continued northeast, near FM-411, a single family home had all of its walls removed with only the interior room left standing where a family of three sheltered where winds were estimated at 150 mph. After it crossed FM-411, it hit another single family home and collapsed all the walls, injuring a woman who left her vehicle to take shelter inside the home. The tornado continued on to CR-1275 where debarking of a few trees was first observed in addition to thousands of trees that were snapped and uprooted throughout the path of the tornado. It then crossed US-82, CR-2123, CR-2124, and FM-2283. At FM-2283, it destroyed a single family home along with several outbuildings. This area could not be surveyed at this location as debris removal had already begun. The tornado then continued to move along CR-2125 and CR-2030 before taking a more eastward jog across SH-37. At this point, it is estimated that it was about a third of a mile wide and it began to widen further as it demonstrated more widespread tree snaps and isolated debarking throughout the remainder of Red River County. After crossing SH-37, the tornado wiped a single family home off of its foundation north of Clarksville with large portions of the walls and roof carried several hundred yards northeast of the home. This damage was surrounded by widespread tree snaps with isolated debarking. This location was reviewed by a regional Quick Response Team (QRT) that determined the damage at this location was EF-4 with maximum winds of 170 mph. This was based on the construction of the home, the debris field spread 50-200 yards downstream from the home in small pieces, and the slab of the home being wiped clean. Ten people on the property of the home took shelter in an oil drain of a metal outbuilding that was completely destroyed with no injuries. The damage swath widened to approximately 0.6 miles northeast of Clarksville as it approached Acworth and continued to cross the Red River. Before it crossed the Red River, it collapsed all the walls on a single family home and completely destroyed Mount Olive Church. It then lifted a double-wide manufactured home off the ground near FM-1159 and threw it 50 yards with three dogs inside that all survived. The tornado then crossed the Red River into south-central McCurtain County, Oklahoma.","A strong upper level trough progressed through the Rockies and into the Central and Southern Plains during the day on November 4th, enhancing strong surface low development over the Upper Red River Valley into Oklahoma. This produced a strong pressure gradient over the Southern Plains and Lower Mississippi Valley, allowing for very rich Gulf moisture to surge north across the Ark-La-Tex area into Eastern Oklahoma and much of Arkansas. This generated moderate instability across these areas during the afternoon, as temperatures rose into the lower to mid 80s. Very strong wind shear was also in place over these areas, with the upper trough reinforcing a cold front southeast into Southeast Oklahoma, Western Arkansas, and East Texas. This trough enhanced large scale forcing along the front, with discrete supercell development also occurring ahead of the main line of storms over portions of East Texas, Southeast Oklahoma, and Southwest Arkansas. Multiple tornadoes, some strong, touched down across these areas, with additional instances of damaging winds also reported before the line of storms overtook these discrete supercells and shifted east across the remainder of East Texas, Southwest Arkansas, and into North Louisiana during the evening and overnight hours.",68
1057289,LE FLORE CO.,HEAVENER,11/04/2022,1733,Tornado, ,EF1,0,0,75000,0,OK,CST-6, ,174333,C,79,TSA,0,0,NWS Storm Survey, ,6.5,900,1,SE,2,S,MONROE,11/04/2022,1741,34.871,-94.589,34.945,-94.519,"This tornado developed just south of Highway 128 on the southeast side of Heavener, where several homes were damaged, outbuildings were destroyed, and trees were snapped or uprooted. It moved northeast into mountainous, and heavily wooded terrain, snapping and uprooting numerous trees on Middle Mountain and Poteau Mountain before dissipating near Cowskin Ridge. Based on this damage, maximum estimated wind in the tornado was 100 to 110 mph.","Severe thunderstorms moved through eastern Oklahoma during the late afternoon and evening of the 4th. The atmosphere became moderately unstable ahead of a cold front approaching from the north and a dry line approaching from the west. Deep layer and low level wind shear increased during the afternoon and evening across the area, with the approach of a strong upper level disturbance, and became very strong by early evening. The combination of moderately strong instability and strong to very strong wind shear resulted in some supercell thunderstorm structures, as well as a severe squall line that moved through the region. Multiple tornadoes occurred across eastern Oklahoma from these storms. Damaging wind and large hail up to quarter size also occurred. Heavy rainfall resulted in localized flash flooding.",69
1063547,CAMP CO.,CENTER PT,11/04/2022,1738,Tornado, ,EF1,0,0,0,0,TX,CST-6, ,174356,C,63,SHV,0,0,NWS Storm Survey, ,2.22,350,3,W,2,NW,CENTER PT,11/04/2022,1741,32.9458,-94.8712,32.9701,-94.8461,"A damage survey team initially found damage east of Pittsburg in Camp County, Texas in association with a northeastward moving supercell thunderstorm which eventually went on to produce four tornadoes through northeast Texas and into southwest Arkansas. This initial EF-1 tornado with estimated maximum winds of 95 mph produced only minor tree damage, beginning near FM-2254 and traveling a few miles through rural areas before ending near CR-4244.","A strong upper level trough progressed through the Rockies and into the Central and Southern Plains during the day on November 4th, enhancing strong surface low development over the Upper Red River Valley into Oklahoma. This produced a strong pressure gradient over the Southern Plains and Lower Mississippi Valley, allowing for very rich Gulf moisture to surge north across the Ark-La-Tex area into Eastern Oklahoma and much of Arkansas. This generated moderate instability across these areas during the afternoon, as temperatures rose into the lower to mid 80s. Very strong wind shear was also in place over these areas, with the upper trough reinforcing a cold front southeast into Southeast Oklahoma, Western Arkansas, and East Texas. This trough enhanced large scale forcing along the front, with discrete supercell development also occurring ahead of the main line of storms over portions of East Texas, Southeast Oklahoma, and Southwest Arkansas. Multiple tornadoes, some strong, touched down across these areas, with additional instances of damaging winds also reported before the line of storms overtook these discrete supercells and shifted east across the remainder of East Texas, Southwest Arkansas, and into North Louisiana during the evening and overnight hours.",70
1060587,MCCURTAIN CO.,BOSS,11/04/2022,1744,Tornado, ,EF4,0,6,35000000,0,OK,CST-6, ,174357,C,89,SHV,0,0,NWS Employee, ,32.3,1056,3,WSW,8,NNE,EAGLETOWN,11/04/2022,1821,33.8055,-94.9175,34.1263,-94.5078,"This is the continuation of the Red River County Texas EF-4 tornado. This tornado had weakened upon entering Southern McCurtain County Oklahoma, producing EF-2 damage in rural areas southwest of Idabel, ripping the roofs off of several single family homes. Shortly before entering Idabel, the outer edge of this tornado hit the Oklahoma Mesonet observing platform located about 5 miles to the southwest off of Ravens Nest Road. An anemometer located 10 meters above the platform measured a wind gust of 108 mph, with a nearby single family home sustaining roof damage where EF-2 winds estimated near 125 mph removed a large section of the roof structure with a wall collapsing on another single family home off of Osprey Road. The tornado continued on to snap several hundred trees before hitting a single family home off of Boss Road which had a wall collapse and partial roof damage that could not be rated due to trees falling into the home. More EF-2 damage was observed as the tornado approached Highway 259 when the tornado removed the roof and much of the second story off of a single family home. The two people in the home took shelter on the first floor under the stairs, preventing injury as winds estimated at 125 mph damaged the home. As the tornado moved northeast across Stone Haven Road, a Davis weather station recorded a gust of approximately 130 mph. ||Upon entering Idabel, the tornado damaged additional roofs of homes in several neighborhoods on the southeast side of town. One of the most hard hit subdivisions was Country Club Estates. None of the homes in the Country Club Estates were rated due to tree damage which resulted in much of the structural damage from trees falling into homes. Nearby at the Idabel Country Club, nearly every tree sustained damage on approximately six holes, with mostly snaps observed. There was also some debarking of trees in this area, where an EF-3 swath of damage had begun. Behind the golf course, a single family home was destroyed with most of its walls collapsed except for a small interior room. ||The tornado continued to move northeast, hitting the Kiamichi Family Medical Center where EF-2 damage (near 115 mph) was estimated due to the facade components that were torn from the structure. As the tornado approached Highway 259 and East Washington Street, it damaged the sign of a McDonald's and a swath of EF-3 winds completely destroyed the Donut Crossing and Express Tire stores. A sign from the Donut Crossing store was lofted by the tornado and carried 14.3 miles where it was found on the west side of Eagletown. After crossing East Washington Street, the tornado completely destroyed the Trinity Baptist Church. Winds at this location were estimated to be near 155 mph with the total destruction of the metal building system which was surrounded by a brick wall that collapsed with concrete anchors pulled up from the ground. The tornado moved on to produce narrow EF-2 damage in the more broader EF-1 damage swath with small vorticies likely extending down to the ground from the elevated large funnel cloud at this point. ||After moving northeast of Idabel, the tornado crossed mainly rural areas and completely destroyed chicken houses while snapping hardwood and softwood trees for approximately the next ten miles. An areal survey indicates that the tornado briefly lifted near the Little River and then touched down again in a forested area before damaging a metal structure atop a chicken plant off of Craig Road. A survey team from the National Weather Service Little Rock office found EF-2 damage with 135 mph winds between Eagletown and Broken Bow just south of Highway 70, where numerous trees and several wooden utility poles were snapped near the base near the Tyson Craig Feed Mill, a large elevator structure on top of a silo collapsed with a portion of a metal roof and walls ripped off of an adjacent metal building, and a doublewide manufactured home at the eastern end of Box Turtle Road was thrown off of its concrete pad, nearly pulling out an underground shelter, rolling over it, and landing about 30 feet to the north. Over half of the house was stripped of the undercarriage. Only about one-third of the walls/roof were left with the remainder of the structure removed and scattered well to the north. ||As the tornado crossed Highway 70 just west of Eagletown, many additional pines and hardwoods were snapped and uprooted. Nearly all utility poles within the path were also snapped or pushed over. The tornado then moved into a heavily forested area north of Eagletown with more specific damage noted from Old Winship Road to Pero Creek through the use of high-resolution satellite imagery before the tornado finally lifted a few miles before reaching the border with Northwestern Sevier County in Southwest Arkansas. ||Remarkedly, only 6 injuries and no fatalities were reported from this long track tornado throughout Southern and Eastern McCurtain County Oklahoma. In total, 220 homes were estimated to had been affected by this tornado, with 10-20 businesses damaged or destroyed. Of the total homes affected, 65 of them were destroyed.","A strong upper level trough progressed through the Rockies and into the Central and Southern Plains during the day on November 4th, enhancing strong surface low development over the Upper Red River Valley into Oklahoma. This produced a strong pressure gradient over the Southern Plains and Lower Mississippi Valley, allowing for very rich Gulf moisture to surge north across the Ark-La-Tex area into Eastern Oklahoma and much of Arkansas. This generated moderate instability across these areas during the afternoon, as temperatures rose into the lower to mid 80s. Very strong wind shear was also in place over these areas, with the upper trough reinforcing a cold front southeast into Southeast Oklahoma, Western Arkansas, and East Texas. This trough enhanced large scale forcing along the front, with discrete supercell development also occurring ahead of the main line of storms over portions of East Texas, Southeast Oklahoma, and Southwest Arkansas. Multiple tornadoes, some strong, touched down across these areas, with additional instances of damaging winds also reported before the line of storms overtook these discrete supercells and shifted east across the remainder of East Texas, Southwest Arkansas, and into North Louisiana during the evening and overnight hours.",71
1063555,MORRIS CO.,CASON,11/04/2022,1744,Tornado, ,EF3,1,8,5000000,0,TX,CST-6, ,174356,C,343,SHV,0,0,NWS Storm Survey, ,14.47,650,2,S,2,SE,NAPLES,11/04/2022,1803,33.0218,-94.8157,33.18,-94.652,"The supercell thunderstorm which produced a brief and weak tornado in eastern Camp County then went on to produce a stronger and longer-lasting tornado from southwestern Morris County and into northwestern Cass County. This EF-3 tornado with estimated maximum winds of 155 mph initially started along FM-144 south of the Cason community and very quickly became quite destructive, producing EF-3 damage to a home, and EF-2 damage to multiple structures before tracking northeast to Texas Highway 11. A few mobile homes were destroyed near the start of the tornado which resulted in several injuries. The tornado continued to track northeast from Texas Highway 11 to Highway 49, doing mostly EF-1 damage for 3 miles before reaching Highway 49. As the tornado crossed Highway 49, two nearby homes were completely destroyed and largely swept from their foundations and at least one injury resulted. This damage was only rated EF-2 because of the pier and beam foundation construction of both homes did not anchor the structures well to the intense wind loading. Behind the homes, some isolated tree debarking was observed with a swath of EF-3 damage with maximum winds of 140 mph. The tornado continued to the northeast, completely destroying a mobile home along CR-3201, where one fatality associated with this tornado occurred. The tornado continued to advance northeastward, doing mainly EF-1 damage to trees and some structures before knocking over and destroying a few large electrical transmission lines near the intersection of CR-3211 and CR-3209. EF-2 level winds at 125 mph were estimated to have caused this structural damage. Finally, the tornado continued on another several miles to the northeast across U.S. Highway 259 before crossing into northwestern Cass County.","A strong upper level trough progressed through the Rockies and into the Central and Southern Plains during the day on November 4th, enhancing strong surface low development over the Upper Red River Valley into Oklahoma. This produced a strong pressure gradient over the Southern Plains and Lower Mississippi Valley, allowing for very rich Gulf moisture to surge north across the Ark-La-Tex area into Eastern Oklahoma and much of Arkansas. This generated moderate instability across these areas during the afternoon, as temperatures rose into the lower to mid 80s. Very strong wind shear was also in place over these areas, with the upper trough reinforcing a cold front southeast into Southeast Oklahoma, Western Arkansas, and East Texas. This trough enhanced large scale forcing along the front, with discrete supercell development also occurring ahead of the main line of storms over portions of East Texas, Southeast Oklahoma, and Southwest Arkansas. Multiple tornadoes, some strong, touched down across these areas, with additional instances of damaging winds also reported before the line of storms overtook these discrete supercells and shifted east across the remainder of East Texas, Southwest Arkansas, and into North Louisiana during the evening and overnight hours.",72
1057290,WASHINGTON CO.,SUNSET,11/04/2022,1753,Tornado, ,EF1,0,0,2000,0,AR,CST-6, ,174335,C,143,TSA,0,0,NWS Storm Survey, ,6.5,1000,1,WNW,2,NNE,HAZEL VLY,11/04/2022,1800,35.829,-94.054,35.901,-93.98,"This tornado developed and moved across highly rugged and wooded terrain. It uprooted trees and snapped a few power poles. Based on this damage, maximum estimated wind in the tornado was 90 to 100 mph.","Severe thunderstorms moved through northwestern Arkansas during the evening of the 4th. The atmosphere became moderately unstable ahead of a cold front approaching from the north and a dry line approaching from the west. Deep layer and low level wind shear increased during the afternoon and evening across the area, with the approach of a strong upper level disturbance, and became very strong by early evening. The combination of moderately strong instability and strong to very strong wind shear resulted in some supercell thunderstorm structures, as well as a severe squall line that moved through the region. Multiple tornadoes occurred across northwestern Arkansas, along with damaging wind gusts.",73
1058226,SEBASTIAN CO.,HUNTINGTON,11/04/2022,1758,Tornado, ,EF1,0,0,400000,0,AR,CST-6, ,174335,C,131,TSA,0,0,NWS Storm Survey, ,5.8,1000,4,S,2,SSW,DAYTON,11/04/2022,1807,35.019,-94.272,35.097,-94.242,"This tornado developed south of Mansfield where trees were blown down and outbuildings were damaged on Johnnie Cake Way. It moved north across Mansfield and across the east side of Huntington. Sixteen homes were damaged in Mansfield, several significantly. Trees were snapped or uprooted, and power poles were blown down. Based on this damage, maximum estimated wind in the tornado was 105 to 110 mph.","Severe thunderstorms moved through northwestern Arkansas during the evening of the 4th. The atmosphere became moderately unstable ahead of a cold front approaching from the north and a dry line approaching from the west. Deep layer and low level wind shear increased during the afternoon and evening across the area, with the approach of a strong upper level disturbance, and became very strong by early evening. The combination of moderately strong instability and strong to very strong wind shear resulted in some supercell thunderstorm structures, as well as a severe squall line that moved through the region. Multiple tornadoes occurred across northwestern Arkansas, along with damaging wind gusts.",74
1063556,CASS CO.,JENNINGS LAKE,11/04/2022,1803,Tornado, ,EF3,0,0,0,0,TX,CST-6, ,174356,C,67,SHV,0,0,NWS Storm Survey, ,2.44,650,5,SW,3,WSW,JENNINGS LAKE,11/04/2022,1806,33.18,-94.652,33.2064,-94.6241,"This is a continuation of an EF-3 tornado that occurred in Morris County and tracked into extreme northwestern Cass County. This tornado produced mainly EF-1 damage with estimated maximum winds near 105 mph to a mix of trees and structures as it crossed CR-2888 and CR-2738, before lifting shortly after crossing Texas Highway 77.","A strong upper level trough progressed through the Rockies and into the Central and Southern Plains during the day on November 4th, enhancing strong surface low development over the Upper Red River Valley into Oklahoma. This produced a strong pressure gradient over the Southern Plains and Lower Mississippi Valley, allowing for very rich Gulf moisture to surge north across the Ark-La-Tex area into Eastern Oklahoma and much of Arkansas. This generated moderate instability across these areas during the afternoon, as temperatures rose into the lower to mid 80s. Very strong wind shear was also in place over these areas, with the upper trough reinforcing a cold front southeast into Southeast Oklahoma, Western Arkansas, and East Texas. This trough enhanced large scale forcing along the front, with discrete supercell development also occurring ahead of the main line of storms over portions of East Texas, Southeast Oklahoma, and Southwest Arkansas. Multiple tornadoes, some strong, touched down across these areas, with additional instances of damaging winds also reported before the line of storms overtook these discrete supercells and shifted east across the remainder of East Texas, Southwest Arkansas, and into North Louisiana during the evening and overnight hours.",75
1063564,BOWIE CO.,BASSETT,11/04/2022,1817,Tornado, ,EF3,0,0,7000000,0,TX,CST-6, ,174356,C,37,SHV,0,0,NWS Storm Survey, ,15.65,800,1,ESE,3,ESE,DANIELS CHAPEL,11/04/2022,1838,33.3163,-94.5625,33.506,-94.4142,"The supercell thunderstorm which produced a second tornado ending in northwestern Cass County continued on to the northeast and produced another tornado just north of the Sulphur River in southwestern Bowie County. This tornado was determined to be the strongest one produced by this particular thunderstorm and generated a few spots of low end EF-3 damage in several locations along its nearly 16-mile long path, with estimated maximum winds near 140 mph. This tornado first touched down along U.S. Highway 67 to the southwest of Simms and quickly grew in strength and width after tracking a few miles, briefing reaching a width of nearly a half mile at times. Just west of Simms and continuing northeast just past FM-561, the tornado produced many instances of EF-2 damage to both trees and structures. As the tornado crossed FM-561, there were several structures, a few well built, which had roofs and many walls removed, with 140 mph winds estimated here which were just inside the EF-3 threshold. Additionally, near this structural damage, there was a small section of asphalt road removed from FM-561 and the road debris was thrown into one residence. From there, the tornado then tracked northeast nearly four miles through very rural and uninhabited areas west of Texas Highway 98. The tornado finally moved back over Highway 98 and produced another area of considerable damage at the intersection of Highway 98 and CR-1840. In this area, several structures were largely destroyed, including a few small retail buildings, and this again garnered some high end EF-2 and low end EF-3 ratings with no injuries. After this point, the tornado travelled its final seven miles by crossing the southwestern, then western, and then northern portions of the city of New Boston, before ending just west of Highway 8 north of Interstate 30. Damage to structures and trees in these areas was mostly EF-1 caliber, although considerable damage to one or two well-built homes on the western side of New Boston did warrant an EF-2 damage rating.","A strong upper level trough progressed through the Rockies and into the Central and Southern Plains during the day on November 4th, enhancing strong surface low development over the Upper Red River Valley into Oklahoma. This produced a strong pressure gradient over the Southern Plains and Lower Mississippi Valley, allowing for very rich Gulf moisture to surge north across the Ark-La-Tex area into Eastern Oklahoma and much of Arkansas. This generated moderate instability across these areas during the afternoon, as temperatures rose into the lower to mid 80s. Very strong wind shear was also in place over these areas, with the upper trough reinforcing a cold front southeast into Southeast Oklahoma, Western Arkansas, and East Texas. This trough enhanced large scale forcing along the front, with discrete supercell development also occurring ahead of the main line of storms over portions of East Texas, Southeast Oklahoma, and Southwest Arkansas. Multiple tornadoes, some strong, touched down across these areas, with additional instances of damaging winds also reported before the line of storms overtook these discrete supercells and shifted east across the remainder of East Texas, Southwest Arkansas, and into North Louisiana during the evening and overnight hours.",76
1058229,MADISON CO.,HARMONY,11/04/2022,1820,Tornado, ,EF0,0,0,30000,0,AR,CST-6, ,174335,C,87,TSA,0,0,NWS Storm Survey, ,1.3,150,1,N,1,SSW,ALABAM,11/04/2022,1822,36.115,-93.697,36.132,-93.687,"This tornado developed northeast of Huntsville, damaging a chicken house and uprooting trees. The tornado crossed Highway 412 and dissipated. Based on this damage, maximum estimated wind in the tornado was 70 to 80 mph.","Severe thunderstorms moved through northwestern Arkansas during the evening of the 4th. The atmosphere became moderately unstable ahead of a cold front approaching from the north and a dry line approaching from the west. Deep layer and low level wind shear increased during the afternoon and evening across the area, with the approach of a strong upper level disturbance, and became very strong by early evening. The combination of moderately strong instability and strong to very strong wind shear resulted in some supercell thunderstorm structures, as well as a severe squall line that moved through the region. Multiple tornadoes occurred across northwestern Arkansas, along with damaging wind gusts.",77
1058232,SEBASTIAN CO.,FT CHAFFEE,11/04/2022,1822,Tornado, ,EFU,0,0,0,0,AR,CST-6, ,174335,C,131,TSA,0,0,NWS Employee, ,1,150,3,WNW,2,WNW,FT CHAFFEE,11/04/2022,1824,35.228,-94.099,35.23,-94.082,"This is the first segment of a two segment tornado. The tornado produced a tornadic debris signature (TDS) from the KSRX WSR-88D that persisted from at least 722 pm through 728 pm. The TDS/debris was likely a result of damage to trees, based on aerial imagery. An NWS Tulsa survey team attempted to investigate the area where the damage occurred, but could not access the area. Since no damage could be evaluated, the tornado was rated EF-unknown. It continued into Franklin County.","Severe thunderstorms moved through northwestern Arkansas during the evening of the 4th. The atmosphere became moderately unstable ahead of a cold front approaching from the north and a dry line approaching from the west. Deep layer and low level wind shear increased during the afternoon and evening across the area, with the approach of a strong upper level disturbance, and became very strong by early evening. The combination of moderately strong instability and strong to very strong wind shear resulted in some supercell thunderstorm structures, as well as a severe squall line that moved through the region. Multiple tornadoes occurred across northwestern Arkansas, along with damaging wind gusts.",78
1058233,FRANKLIN CO.,CHARLESTON,11/04/2022,1824,Tornado, ,EFU,0,0,0,0,AR,CST-6, ,174335,C,47,TSA,0,0,NWS Employee, ,1.5,150,6,SSW,5,SSW,CHARLESTON,11/04/2022,1828,35.23,-94.082,35.232,-94.055,"This is the second segment of a two segment tornado that moved into Franklin County from Sebastian County. The tornado produced a tornadic debris signature (TDS) from the KSRX WSR-88D that persisted from at least 722 pm through 728 pm. The TDS/debris was likely a result of damage to trees, based on aerial imagery. An NWS Tulsa survey team attempted to investigate the area where the damage occurred, but could not access the area. Since no damage could be evaluated, the tornado was rated EF-unknown.","Severe thunderstorms moved through northwestern Arkansas during the evening of the 4th. The atmosphere became moderately unstable ahead of a cold front approaching from the north and a dry line approaching from the west. Deep layer and low level wind shear increased during the afternoon and evening across the area, with the approach of a strong upper level disturbance, and became very strong by early evening. The combination of moderately strong instability and strong to very strong wind shear resulted in some supercell thunderstorm structures, as well as a severe squall line that moved through the region. Multiple tornadoes occurred across northwestern Arkansas, along with damaging wind gusts.",79
1063565,CASS CO.,HUGHES SPGS,11/04/2022,1837,Tornado, ,EF2,0,0,2000000,0,TX,CST-6, ,174356,C,67,SHV,0,0,NWS Storm Survey, ,19.67,700,3,WSW,1,NNE,CUSSETA,11/04/2022,1900,32.9829,-94.645,33.1882,-94.4096,"The tornado first touched down just to the southwest of Hughes Springs and then moved northeast into the city limits, where EF-1 damage was noted. Two single family residences sustained damage to the roofs with partial roof removal. The forest station on Pine Street also sustained damage to the roof and walls. Additionally, numerous large trees were downed along the path. Damage continued along CR-2994, just northeast of Hughes Springs, where two well-built homes sustained substantial roof damage consistent with an EF-2 rating. As the tornado continued on its path, it continued to cause EF-1 damage through more rural areas of Cass County, with a consistent path of snapped and uprooted softwood and hardwood trees. The tornado began to intensify near Cusseta, with a tornado debris signature appearing on radar. Here, the tornado caused widespread EF-2 damage to countless hardwood and softwood trees. Trees were snapped and twisted over an extensive area of ground, with the tornado causing EF-1 damage to an old structure located on a small hill. The tornado began to weaken on the north side of Texas Highway 77 west of Douglassville, but not before snapping more hardwood and softwood trees on both sides of the highway. Through the use of high resolution satellite imagery, the track was found to be continuous in areas that originally could not be surveyed by ground.","A strong upper level trough progressed through the Rockies and into the Central and Southern Plains during the day on November 4th, enhancing strong surface low development over the Upper Red River Valley into Oklahoma. This produced a strong pressure gradient over the Southern Plains and Lower Mississippi Valley, allowing for very rich Gulf moisture to surge north across the Ark-La-Tex area into Eastern Oklahoma and much of Arkansas. This generated moderate instability across these areas during the afternoon, as temperatures rose into the lower to mid 80s. Very strong wind shear was also in place over these areas, with the upper trough reinforcing a cold front southeast into Southeast Oklahoma, Western Arkansas, and East Texas. This trough enhanced large scale forcing along the front, with discrete supercell development also occurring ahead of the main line of storms over portions of East Texas, Southeast Oklahoma, and Southwest Arkansas. Multiple tornadoes, some strong, touched down across these areas, with additional instances of damaging winds also reported before the line of storms overtook these discrete supercells and shifted east across the remainder of East Texas, Southwest Arkansas, and into North Louisiana during the evening and overnight hours.",80
1058235,FRANKLIN CO.,PETER PENDER,11/04/2022,1838,Tornado, ,EF1,0,0,75000,0,AR,CST-6, ,174335,C,47,TSA,0,0,Emergency Manager, ,3.3,350,1,SE,3,SSE,MEG,11/04/2022,1842,35.34,-93.913,35.356,-93.859,"This tornado moved east-northeast from Shaw Loop to Highway 23. It uprooted trees, damaged a couple homes, and destroyed several outbuildings. Based on this damage, maximum estimated wind in the tornado was 90 to 100 mph.","Severe thunderstorms moved through northwestern Arkansas during the evening of the 4th. The atmosphere became moderately unstable ahead of a cold front approaching from the north and a dry line approaching from the west. Deep layer and low level wind shear increased during the afternoon and evening across the area, with the approach of a strong upper level disturbance, and became very strong by early evening. The combination of moderately strong instability and strong to very strong wind shear resulted in some supercell thunderstorm structures, as well as a severe squall line that moved through the region. Multiple tornadoes occurred across northwestern Arkansas, along with damaging wind gusts.",81
1058361,FRANKLIN CO.,PETER PENDER,11/04/2022,1841,Tornado, ,EF0,0,0,25000,0,AR,CST-6, ,174335,C,47,TSA,0,0,Emergency Manager, ,1.7,150,2,NE,2,SSE,MEG,11/04/2022,1843,35.37,-93.9,35.375,-93.871,"This tornado moved east-northeast from just east of Highway 54 to north of Compressor Road, and damaged outbuildings and snapped large tree limbs. Based on this damage, maximum estimated wind in the tornado was 75 to 80 mph.","Severe thunderstorms moved through northwestern Arkansas during the evening of the 4th. The atmosphere became moderately unstable ahead of a cold front approaching from the north and a dry line approaching from the west. Deep layer and low level wind shear increased during the afternoon and evening across the area, with the approach of a strong upper level disturbance, and became very strong by early evening. The combination of moderately strong instability and strong to very strong wind shear resulted in some supercell thunderstorm structures, as well as a severe squall line that moved through the region. Multiple tornadoes occurred across northwestern Arkansas, along with damaging wind gusts.",82
1064086,POLK CO.,WICKES,11/04/2022,1843,Tornado, ,EF1,0,0,0,0,AR,CST-6, ,174635,C,113,LZK,0,0,NWS Storm Survey, ,1.8,200,1,SE,2,E,WICKES,11/04/2022,1845,34.2862,-94.3135,34.3009,-94.2868,"This brief tornado developed along a strong rear flank downdraft surge that swept across areas immediately southeast of Wickes. Several chicken houses sustained varying degrees of damage, from roof panels stripped off most structures, to walls collapsed on at least one structure. Surrounding tree damage west of the track suggested strong inflow into the tornado while tree damage east of the track was consistent with non-tornadic damaging winds. Start and end locations/times were approximated due to limited accessibility.","A cold front approached Arkansas from the west late Friday night into Saturday morning. Strong to severe thunderstorms developed along and ahead of this front,|with damaging winds and tornadoes observed across the state. This thunderstorm activity grew upscale from singular supercells into a linear QLCS line over the eastern half of Arkansas.",83
1058362,CARROLL CO.,GREEN FOREST,11/04/2022,1843,Tornado, ,EF1,0,0,200000,0,AR,CST-6, ,174335,C,15,TSA,0,0,NWS Storm Survey, ,8.5,1100,2,WSW,1,NNW,FARWELL,11/04/2022,1851,36.307,-93.489,36.391,-93.377,"This tornado developed southwest of Green Forest and moved into town, damaging trees and power poles. Several poultry barns were damaged or destroyed, three grain bins were toppled, and multiple homes were damaged. It continued northeast of town where trees were uprooted, several homes were damaged, and several poultry barns were damaged. Based on this damage, maximum estimated wind in the tornado was 90 to 100 mph.","Severe thunderstorms moved through northwestern Arkansas during the evening of the 4th. The atmosphere became moderately unstable ahead of a cold front approaching from the north and a dry line approaching from the west. Deep layer and low level wind shear increased during the afternoon and evening across the area, with the approach of a strong upper level disturbance, and became very strong by early evening. The combination of moderately strong instability and strong to very strong wind shear resulted in some supercell thunderstorm structures, as well as a severe squall line that moved through the region. Multiple tornadoes occurred across northwestern Arkansas, along with damaging wind gusts.",84
1058363,FRANKLIN CO.,DENNING,11/04/2022,1846,Tornado, ,EF1,0,0,0,0,AR,CST-6, ,174335,C,47,TSA,0,0,Emergency Manager, ,1.3,1100,2,NW,2,NNW,DENNING,11/04/2022,1848,35.416,-93.829,35.421,-93.807,"This is the first segment of a three segment tornado. The tornado developed east of Highway 23, and crossed Highway 309, where trees were uprooted and large tree limbs were snapped. It then moved briefly across a small portion of Logan County. Based on this damage, maximum estimated wind in this segment of the tornado was 90 to 95 mph.","Severe thunderstorms moved through northwestern Arkansas during the evening of the 4th. The atmosphere became moderately unstable ahead of a cold front approaching from the north and a dry line approaching from the west. Deep layer and low level wind shear increased during the afternoon and evening across the area, with the approach of a strong upper level disturbance, and became very strong by early evening. The combination of moderately strong instability and strong to very strong wind shear resulted in some supercell thunderstorm structures, as well as a severe squall line that moved through the region. Multiple tornadoes occurred across northwestern Arkansas, along with damaging wind gusts.",85
1064092,LOGAN CO.,ROSEVILLE,11/04/2022,1848,Tornado, ,EF1,0,0,0,0,AR,CST-6, ,174635,C,83,LZK,0,0,NWS Storm Survey, ,0.2,1100,3,NNW,3,NNW,ROSEVILLE,11/04/2022,1849,35.4211,-93.8072,35.4218,-93.8041,"This short tornado track is a continuation from Franklin County in Tulsa's CWA as it crossed into a small portion of Logan County across the Arkansas River Valley southwest of Denning. This tornado then crossed back into Franklin County after crossing the Arkansas River. Peak strength and width data came from Tulsa's survey findings.","A cold front approached Arkansas from the west late Friday night into Saturday morning. Strong to severe thunderstorms developed along and ahead of this front,|with damaging winds and tornadoes observed across the state. This thunderstorm activity grew upscale from singular supercells into a linear QLCS line over the eastern half of Arkansas.",86
1058364,FRANKLIN CO.,DENNING,11/04/2022,1849,Tornado, ,EF1,0,0,0,0,AR,CST-6, ,174335,C,47,TSA,0,0,Emergency Manager, ,1.6,900,2,N,2,SSW,ALTUS,11/04/2022,1851,35.422,-93.804,35.428,-93.777,"This is the third segment of a three segment tornado. The tornado moved back into Franklin County after briefly moving across the Arkansas River in Logan County. It uprooted a few trees and snapped large tree limbs before dissipating just east of Highway 46. Based on this damage, maximum estimated wind in this segment of the tornado was 85 to 90 mph.","Severe thunderstorms moved through northwestern Arkansas during the evening of the 4th. The atmosphere became moderately unstable ahead of a cold front approaching from the north and a dry line approaching from the west. Deep layer and low level wind shear increased during the afternoon and evening across the area, with the approach of a strong upper level disturbance, and became very strong by early evening. The combination of moderately strong instability and strong to very strong wind shear resulted in some supercell thunderstorm structures, as well as a severe squall line that moved through the region. Multiple tornadoes occurred across northwestern Arkansas, along with damaging wind gusts.",87
1057258,HOWARD CO.,CENTER PT,11/04/2022,1937,Tornado, ,EF2,0,0,200000,0,AR,CST-6, ,174358,C,61,SHV,0,0,NWS Storm Survey, ,8.14,200,3,WSW,2,S,MUDDY FORK,11/04/2022,1943,34.0178,-93.9763,34.0988,-93.873,"An EF-2 tornado with estimated maximum winds near 115 mph touched down near the intersection of Possum Hollow Road and Highway 26 just southwest of the Center Point community, where a metal outbuilding was destroyed and numerous trees were snapped or uprooted. The tornado continued northeast damaging chicken houses near Madison Street and significantly damaged a mobile home off of Billings Road and Highway 278. The tornado continued to snap and uproot trees in a heavily forested area southwest of Briar before lifting just north of Muddy Fork Road.","A strong upper level trough progressed through the Rockies and into the Central and Southern Plains during the day on November 4th, enhancing strong surface low development over the Upper Red River Valley into Oklahoma. This produced a strong pressure gradient over the Southern Plains and Lower Mississippi Valley, allowing for very rich Gulf moisture to surge north across the Ark-La-Tex area into Eastern Oklahoma and much of Arkansas. This generated moderate instability across these areas during the afternoon, as temperatures rose into the lower to mid 80s. Very strong wind shear was also in place over these areas, with the upper trough reinforcing a cold front southeast into Southeast Oklahoma, Western Arkansas, and East Texas. This trough enhanced large scale forcing along the front, with discrete supercell development also occurring ahead of the main line of storms over portions of East Texas, Southeast Oklahoma, and Southwest Arkansas. Multiple tornadoes, some strong, touched down across these areas, with additional instances of damaging winds also reported before the line of storms overtook these discrete supercells and shifted east across the remainder of East Texas, Southwest Arkansas, and into North Louisiana.",88
1064104,YELL CO.,GRAVELLY,11/04/2022,1949,Tornado, ,EF1,0,0,0,0,AR,CST-6, ,174635,C,149,LZK,0,0,NWS Storm Survey, ,3.7,600,2,SE,0,W,BLUFFTON,11/04/2022,1953,34.8638,-93.6553,34.9001,-93.6071,"The tornado began along Little Texas Road south of Highway 28 in Yell County. Several pine and hardwood trees were either snapped or uprooted along Little Texas Road and Billingsley Lane. As the tornado moved northeast and crossed Highway 28 near Gafford Creek, a carport was destroyed but the home received no damage. Additional tree damage occurred as the tornado crossed Gafford Creek with the tornado dissipating shortly after near Bluff Road.","A cold front approached Arkansas from the west late Friday night into Saturday morning. Strong to severe thunderstorms developed along and ahead of this front,|with damaging winds and tornadoes observed across the state. This thunderstorm activity grew upscale from singular supercells into a linear QLCS line over the eastern half of Arkansas.",89
1064109,PIKE CO.,KIRBY,11/04/2022,2008,Tornado, ,EF2,0,0,0,0,AR,CST-6, ,174635,C,109,LZK,0,0,NWS Storm Survey, ,1.7,75,1,S,1,E,KIRBY,11/04/2022,2010,34.2297,-93.6332,34.2476,-93.6141,"The tornado began at the base of Kirby Mountain just to the east of Highway 27 and south of Mitchell Road. Along the path of the tornado, a barn was completely destroyed. A metal outbuilding had minor roof damage. Numerous trees were snapped or uprooted. The tornado ended along and just north of Highway 84 east of Kirby.","A cold front approached Arkansas from the west late Friday night into Saturday morning. Strong to severe thunderstorms developed along and ahead of this front,|with damaging winds and tornadoes observed across the state. This thunderstorm activity grew upscale from singular supercells into a linear QLCS line over the eastern half of Arkansas.",90
1064113,YELL CO.,GILKEY,11/04/2022,2015,Tornado, ,EF1,0,0,0,0,AR,CST-6, ,174635,C,149,LZK,0,0,NWS Storm Survey, ,2.3,100,1,NE,1,N,KINGSTON,11/04/2022,2018,35.0074,-93.3366,35.0363,-93.3161,"The tornado began just north of Norman Hill Road at Kingston Road and tracked northeast along Kingston Road. This tornado snapped trees adjacent to the road and removed much of the roofing material from a home. A small outbuilding was destroyed on Covey Rise Lane. The tornado continued to move northeast before dissipating near Peeler Gap Road north of County Road 728. Trees were snapped along the path from Covey Rise Lane to the ending point.","A cold front approached Arkansas from the west late Friday night into Saturday morning. Strong to severe thunderstorms developed along and ahead of this front,|with damaging winds and tornadoes observed across the state. This thunderstorm activity grew upscale from singular supercells into a linear QLCS line over the eastern half of Arkansas.",91
1064120,CLARK CO.,COPELAND RIDGE,11/04/2022,2100,Tornado, ,EF1,0,0,0,0,AR,CST-6, ,174635,C,19,LZK,0,0,NWS Storm Survey, ,7.7,200,2,W,2,W,GRIFFITHTOWN,11/04/2022,2107,33.9722,-93.0618,34.0538,-92.9763,"This tornado started just southwest of Vaden Road, continuing northeast across 2nd Road towards Newton and Copeland Ridge Roads. Mainly tree damage was noted, either uprooted or snapped. An old church building was knocked just slightly off the block foundation. This tornado continued northeast, eventually crossing Open Banks Road, near the Ouachita River. The tornado continued northeast, crossing the Ouachita River, eventually crossing Dutche Hunter Road before lifting just before State Highway 7.","A cold front approached Arkansas from the west late Friday night into Saturday morning. Strong to severe thunderstorms developed along and ahead of this front,|with damaging winds and tornadoes observed across the state. This thunderstorm activity grew upscale from singular supercells into a linear QLCS line over the eastern half of Arkansas.",92
1064123,HOT SPRING CO.,TWIN OAKS,11/04/2022,2127,Tornado, ,EF1,0,0,0,0,AR,CST-6, ,174635,C,59,LZK,0,0,NWS Storm Survey, ,0.4,150,2,NW,2,NW,TWIN OAKS,11/04/2022,2128,34.268,-92.8255,34.2723,-92.8218,"A brief tornado touched down just west of Ridge Road south of Malvern. The tornado uprooted or snapped numerous trees and caused minor roof damage to a metal outbuilding.","A cold front approached Arkansas from the west late Friday night into Saturday morning. Strong to severe thunderstorms developed along and ahead of this front,|with damaging winds and tornadoes observed across the state. This thunderstorm activity grew upscale from singular supercells into a linear QLCS line over the eastern half of Arkansas.",93
1057183,CADDO PAR.,SPRING RIDGE,11/04/2022,2157,Tornado, ,EF0,0,0,3000,0,LA,CST-6, ,174359,C,17,SHV,0,0,NWS Storm Survey, ,1.26,70,1,WSW,1,E,SPRING RIDGE,11/04/2022,2159,32.3166,-93.9581,32.3179,-93.9365,"An EF-0 tornado with estimated maximum winds near 85 mph briefly touched down in the Spring Ridge community just east of Adams Road in a heavily wooded area, where it snapped the top off of a couple of trees. The tornado continued east across Greenwood-Springridge Road and along Godfrey Road, where it snapped several trees and large limbs, and ripped some shingles off of a home. The tornado lifted in a heavily wooded area just east-northeast of Godfrey Road.","A strong upper level trough progressed through the Rockies and into the Central and Southern Plains during the day on November 4th, enhancing strong surface low development over the Upper Red River Valley into Oklahoma. This produced a strong pressure gradient over the Southern Plains and Lower Mississippi Valley, allowing for very rich Gulf moisture to surge north across the Ark-La-Tex area into Eastern Oklahoma and much of Arkansas. This generated moderate instability across these areas during the afternoon, as temperatures rose into the lower to mid 80s. Very strong wind shear was also in place over these areas, with the upper trough reinforcing a cold front southeast into Southeast Oklahoma, Western Arkansas, and East Texas. This trough enhanced large scale forcing along the front, with discrete supercell development also occurring ahead of the main line of storms over portions of East Texas, Southeast Oklahoma, and Southwest Arkansas. Multiple tornadoes, some strong, touched down across these areas, with additional instances of damaging winds also reported before the line of storms overtook these discrete supercells and shifted east across the remainder of East Texas, Southwest Arkansas, and into North Louisiana during the evening and overnight hours into the 5th.",94
1064125,SALINE CO.,SARDIS,11/04/2022,2204,Tornado, ,EF2,0,0,0,0,AR,CST-6, ,174635,C,125,LZK,0,0,NWS Storm Survey, ,1.6,200,1,S,1,E,SARDIS,11/04/2022,2206,34.5138,-92.4014,34.5267,-92.3778,"This tornado started on Cardinal Circle southeast of Sardis, uprooting or snapping trees as it moved northeast over West Fairview Road and Long Drive. The worst damage was noted along Pruett Road, where several homes were damaged, some which lost their roofs. The tornado continued northeast over East Sardis Road, damaging more trees. The tornado lifted near the intersection of East Sardis Road and Stan Cove.","A cold front approached Arkansas from the west late Friday night into Saturday morning. Strong to severe thunderstorms developed along and ahead of this front,|with damaging winds and tornadoes observed across the state. This thunderstorm activity grew upscale from singular supercells into a linear QLCS line over the eastern half of Arkansas.",95
1062697,KENDALL CO.,LITTLE ROCK,11/05/2022,1006,Tornado, ,EF0,0,0,0,0,IL,CST-6, ,175159,C,93,LOT,0,0,NWS Storm Survey, ,0.2,100,0,ESE,0,E,LITTLE ROCK,11/05/2022,1007,41.7172,-88.5733,41.72,-88.572,"A tornado with peak winds of 80 mph touched down just south of Galena Road near Little Rock and moved north crossing into Kane County.  Sporadic tree and power line damage occurred along its path.","A strong cold front moved across northern Illinois during the late morning and early afternoon of November 5th with convective showers which produced thunderstorm wind damage and one tornado.  Wind damage from the convection was described as countywide across Ogle, Boone and McHenry Counties.  DuPage Airport measured a peak wind gust to 77 mph.  A handheld anemometer measured a wind gust to 80 mph near Roselle.||High winds caused tree damage both in the early morning of November 5th and then again in the afternoon of November 5th.  A large portion of a roof was blown off an apartment building in Elk Grove Village.  Some trees fell onto vehicles in Chicago.  Peak wind gusts included 62 mph at DuPage Airport; 61 mph at Aurora Municipal Airport; 59 mph at Chicago Midway and Chicago Executive Airports and 58 mph at Waukegan Airport.",96
1062698,KANE CO.,BIG ROCK,11/05/2022,1007,Tornado, ,EF0,0,0,0,0,IL,CST-6, ,175159,C,89,LOT,0,0,NWS Storm Survey, ,3.5,100,3,SSW,1,N,BIG ROCK,11/05/2022,1010,41.72,-88.572,41.7674,-88.5499,"A tornado with peak winds of 80 mph touched down near Little Rock in Kendall County and moved north into Kane County.  The tornado produced sporadic tree and power line damage along its path.  Roof damage occurred to a barn near Jericho Road.  The tornado moved across parts of northwest Big Rock and lifted just north of Route 30.","A strong cold front moved across northern Illinois during the late morning and early afternoon of November 5th with convective showers which produced thunderstorm wind damage and one tornado.  Wind damage from the convection was described as countywide across Ogle, Boone and McHenry Counties.  DuPage Airport measured a peak wind gust to 77 mph.  A handheld anemometer measured a wind gust to 80 mph near Roselle.||High winds caused tree damage both in the early morning of November 5th and then again in the afternoon of November 5th.  A large portion of a roof was blown off an apartment building in Elk Grove Village.  Some trees fell onto vehicles in Chicago.  Peak wind gusts included 62 mph at DuPage Airport; 61 mph at Aurora Municipal Airport; 59 mph at Chicago Midway and Chicago Executive Airports and 58 mph at Waukegan Airport.",97
1062971,SACRAMENTO CO.,NEED,11/08/2022,1340,Tornado, ,EF0,0,0,0,0,CA,PST-8, ,175329,C,67,STO,0,0,Law Enforcement, ,0.8,400,1,WNW,1,WNW,NEED,11/08/2022,1345,38.33,-121.32,38.33,-121.32,"A weak tornado touched down near Highway 99 and Arno Rd., about 4 miles NNW of Galt. The California Highway Patrol reported a tin roof from a barn blown off and downed powerlines over Arno Rd. and a bus had windows blown out. Maximum estimated wind speeds were 70 mph. Path length was approximately 0.8 miles, path width 400 yards,  |from preliminary information.","A storm system brought heavy snow to the Sierra Nevada and southern Cascades. Reports of 15 to 44 inches of new snow were received in the northern Sierra, with heavy snow reported down to around 3000 feet in the southern Cascades. Northbound Interstate 5 was closed 10 miles north of Fawndale for approximately 5 hours on the night of the 7th and again for about 4 hours on the 8th due to winter weather conditions. During the event, chain controls were in place on Interstate 5, Interstate 80, US Highway 50 and other mountain highways. A brief EF-0 tornado was confirmed 4 miles north northwest of Galt on the morning of the 8th, with minor damage reported.",98
1066579,KING AND QUEEN CO.,SALVIA,11/11/2022,1543,Tornado, ,EF0,0,0,10000,0,VA,EST-5, ,175685,C,97,AKQ,0,0,NWS Storm Survey, ,1.38,150,2,NE,3,NNE,SALVIA,11/11/2022,1546,37.95,-77.11,37.97,-77.11,"An EF0 tornado touched down briefly in northern King and Queen County south of Root Swamp Road. The tornado tracked north along north Root Swamp Road uprooting trees and snapping tree limbs. The tornado then tracked into Caroline county.","A combination of Tropical Depression Nicole and the approach of a cold front caused scattered severe thunderstorms which produced damaging winds and two tornadoes across portions of central and south central Virginia.",99
1066580,CAROLINE CO.,TIGNOR,11/11/2022,1546,Tornado, ,EF0,0,0,50000,0,VA,EST-5, ,175685,C,33,AKQ,0,0,NWS Storm Survey, ,1.49,150,1,E,2,NE,TIGNOR,11/11/2022,1548,37.97,-77.11,37.99,-77.1,"An EF0 tornado tracked from King and Queen county into Caroline county. The tornado struck a farm in Tignor at the intersection of Sparta Road and Tignor Road (Root Swamp Road becomes Tignor Road). Several outbuildings were heavily damaged or destroyed. One silo was damaged along with 3 tractors. The tornado dissipated just north of the farm.","A combination of Tropical Depression Nicole and the approach of a cold front caused scattered severe thunderstorms which produced damaging winds and two tornadoes across portions of central and south central Virginia.",100
1066581,DINWIDDIE CO.,MC KENNEY,11/11/2022,1559,Tornado, ,EF0,0,0,15000,0,VA,EST-5, ,175685,C,53,AKQ,0,0,Storm Chaser, ,2.09,50,7,ESE,5,SSE,DEWITT,11/11/2022,1604,36.93,-77.62,36.96,-77.615,"The EF0 tornado in Dinwiddie county was confirmed partially via drone footage from a storm chaser positioned along Route 40 as the storm tracked north. The video showed a funnel reaching the ground and a brief period of debris just north of Route 40. NWS storm survey found a snapped cedar tree and broken limbs along Ridge Road just south|of Route 40. Much of the area is highly wooded and inaccessible. Damage was all very light with winds estimated around 50 to 55 mph.","A combination of Tropical Depression Nicole and the approach of a cold front caused scattered severe thunderstorms which produced damaging winds and two tornadoes across portions of central and south central Virginia.",101
1061172,ST. CHARLES PAR.,PARADIS,11/26/2022,1418,Tornado, ,EF1,0,0,35000,0,LA,CST-6, ,175031,C,89,LIX,0,0,NWS Storm Survey, ,0.69,200,1,SW,0,W,PARADIS,11/26/2022,1420,29.8714,-90.4417,29.88,-90.4357,"A tornado touched down east of Highway 90 and just south of Bayou|Gauche Road, peeling the roof off a house and a car port as well|as flipping a RV. Extensive tree damage was noted around the|property and to the northwest as well as debris thrown a|significant distance. North of Bayou Gauche Road, a church|complex had roof damage to most of the buildings as well as a|flipped RV. These buildings were noted to have also been damaged|from Ida, with blue tarps on the roofs still. One brand new roof,|though, did have notable damage to the southeast corner. As the|tornado moved northwest across Highway 90, mostly tree damage and|light structural damage, such as shingles and siding damage, were|noted before the tornado quickly lifted.","A surface low developed in southeast Texas early November 26th and tracked northeast towards central Arkansas throughout the day. At the same time, a cold front tracked across western Louisiana while a warm front lifted north across southeast Louisiana and southern Mississippi. Moisture rich unstable air within this warm sector over the local area provided the environment to support a few severe thunderstorms. Severe winds, a tornado and flash flooding occurred with this event.",102
1067274,LAWRENCE CO.,TILTON,11/29/2022,1623,Tornado, ,EF1,0,0,15000,0,MS,CST-6, ,175806,C,77,JAN,0,0,NWS Storm Survey, ,2,200,4,SW,2,SW,TILTON,11/29/2022,1628,31.3824,-90.0697,31.4009,-90.0444,"An EF-1 tornado began along Tilton Creek just west of the intersection of Tilton Road and Givens Road. It crossed Givens Rd and moved northeast along Tilton Road. The tornado mostly uprooted and damaged trees, and a couple of sheds were damaged or destroyed. One home had minor roof damage. The tornado dissipated after it had traveled two miles along Tilton Road. The estimated peak wind speed was 90 mph, and the maximum width was 200 yards. A tornadic debris signature was detected by radar with this tornado.","As a low pressure system moved from the High Plains toward the Great Lakes on November 29th, a warm front lifted north from the Gulf Coast. Strong wind shear interacted with the increasingly unstable environment across Mississippi, and widespread strong to severe thunderstorms developed through the day and into the evening. This severe weather episode was marked by many supercell thunderstorms which were observed on radar and by storm chasers in the region. Large hail fell mainly in areas through the Delta Region, but damaging wind gusts and tornadoes were common through much of the central and southern portions of the state.  The strongest tornadoes were rated EF-2.",103
1067283,JEFFERSON DAVIS CO.,HATHORN,11/29/2022,1703,Tornado, ,EF0,0,0,1000,0,MS,CST-6, ,175806,C,65,JAN,0,0,NWS Storm Survey, ,0.46,70,7,ENE,7,SW,BASSFIELD,11/29/2022,1704,31.4257,-89.8311,31.4288,-89.8242,"Satellite imagery suggests this EF-0 tornado may have touched down near and began damaging trees along Pierce Creek between JL Robbins Road and Smith Hill Road in southwest Jefferson Davis County. The tornado continued northeastward and briefly crossed into far northern Marion County. After it crossed Bunker Hill Road, the tornado continued again into Jefferson Davis County. A few trees were uprooted and damaged near Ebenezer Church Road, and satellite imagery suggests a few additional trees were damaged or uprooted between Ebenezer Church Road and Mill Road. The tornado dissipated before it reached Mississippi Highway 35. The estimated peak wind speed was 85 mph. The combined tornado path across both counties was 3.38 miles. A tornadic debris signature was observed on radar with this tornado.","As a low pressure system moved from the High Plains toward the Great Lakes on November 29th, a warm front lifted north from the Gulf Coast. Strong wind shear interacted with the increasingly unstable environment across Mississippi, and widespread strong to severe thunderstorms developed through the day and into the evening. This severe weather episode was marked by many supercell thunderstorms which were observed on radar and by storm chasers in the region. Large hail fell mainly in areas through the Delta Region, but damaging wind gusts and tornadoes were common through much of the central and southern portions of the state.  The strongest tornadoes were rated EF-2.",104
1067284,MARION CO.,GOSS,11/29/2022,1704,Tornado, ,EF0,0,0,1000,0,MS,CST-6, ,175806,C,91,JAN,0,0,NWS Storm Survey, ,1.17,70,7,NE,8,NE,GOSS,11/29/2022,1706,31.4288,-89.8242,31.4341,-89.8054,"Satellite imagery suggests this EF-0 tornado may have touched down near and began damaging trees along Pierce Creek between JL Robbins Road and Smith Hill Road in southwest Jefferson Davis County. The tornado continued northeastward and briefly crossed into far northern Marion County. After it crossed Bunker Hill Road, the tornado continued again into Jefferson Davis County. A few trees were uprooted and damaged near Ebenezer Church Road, and satellite imagery suggests a few additional trees were damaged or uprooted between Ebenezer Church Road and Mill Road. The tornado dissipated before it reached Mississippi Highway 35. The estimated peak wind speed was 85 mph. The combined tornado path across both counties was 3.38 miles. A tornadic debris signature was observed on radar with this tornado.","As a low pressure system moved from the High Plains toward the Great Lakes on November 29th, a warm front lifted north from the Gulf Coast. Strong wind shear interacted with the increasingly unstable environment across Mississippi, and widespread strong to severe thunderstorms developed through the day and into the evening. This severe weather episode was marked by many supercell thunderstorms which were observed on radar and by storm chasers in the region. Large hail fell mainly in areas through the Delta Region, but damaging wind gusts and tornadoes were common through much of the central and southern portions of the state.  The strongest tornadoes were rated EF-2.",105
1067287,JEFFERSON DAVIS CO.,BASSFIELD,11/29/2022,1706,Tornado, ,EF0,0,0,3000,0,MS,CST-6, ,175806,C,65,JAN,0,0,NWS Storm Survey, ,1.72,70,6,SW,4,SSW,BASSFIELD,11/29/2022,1710,31.4341,-89.8054,31.445,-89.7791,"Satellite imagery suggests this EF-0 tornado may have touched down near and began damaging trees along Pierce Creek between JL Robbins Road and Smith Hill Road in southwest Jefferson Davis County. The tornado continued northeastward and briefly crossed into far northern Marion County. After it crossed Bunker Hill Road, the tornado continued again into Jefferson Davis County. A few trees were uprooted and damaged near Ebenezer Church Road, and satellite imagery suggests a few additional trees were damaged or uprooted between Ebenezer Church Road and Mill Road. The tornado dissipated before it reached Mississippi Highway 35. The estimated peak wind speed was 85 mph. The combined tornado path across both counties was 3.38 miles. A tornadic debris signature was observed on radar with this tornado.","As a low pressure system moved from the High Plains toward the Great Lakes on November 29th, a warm front lifted north from the Gulf Coast. Strong wind shear interacted with the increasingly unstable environment across Mississippi, and widespread strong to severe thunderstorms developed through the day and into the evening. This severe weather episode was marked by many supercell thunderstorms which were observed on radar and by storm chasers in the region. Large hail fell mainly in areas through the Delta Region, but damaging wind gusts and tornadoes were common through much of the central and southern portions of the state.  The strongest tornadoes were rated EF-2.",106
1067556,CHOCTAW CO.,REFORM,11/29/2022,1711,Tornado, ,EF1,0,0,100000,0,MS,CST-6, ,175806,C,19,JAN,0,0,NWS Storm Survey, ,6.8,330,6,WNW,1,N,SHERWOOD,11/29/2022,1722,33.4605,-89.2425,33.49,-89.1303,"An EF-1 tornado touched down near the intersection of Mississippi Highway 9 and Maddox Road, where a few trees were snapped or damaged. The tornado moved northeast and crossed the Natchez Trace Parkway where a few trees were blown down into the roadway. Along Hester Road, the tornado blew the roof off of a barn and snapped several nearby trees. Also in this area an RV was rolled on its side, and a tree fell onto and damaged another home. The tornado continued to snap and uproot trees along its path as it crossed Franklin Road and Breland Road, and it dissipated shortly after it crossed Mississippi Highway 15 near Sherwood Road. A home near Sherwood Road was partially damaged. The estimated peak wind speed was 90 mph.","As a low pressure system moved from the High Plains toward the Great Lakes on November 29th, a warm front lifted north from the Gulf Coast. Strong wind shear interacted with the increasingly unstable environment across Mississippi, and widespread strong to severe thunderstorms developed through the day and into the evening. This severe weather episode was marked by many supercell thunderstorms which were observed on radar and by storm chasers in the region. Large hail fell mainly in areas through the Delta Region, but damaging wind gusts and tornadoes were common through much of the central and southern portions of the state.  The strongest tornadoes were rated EF-2.",107
1068326,JEFFERSON DAVIS CO.,BASSFIELD,11/29/2022,1713,Tornado, ,EF1,0,0,60000,0,MS,CST-6, ,175806,C,65,JAN,0,0,NWS Storm Survey, ,3.86,400,3,S,3,ESE,BASSFIELD,11/29/2022,1721,31.4597,-89.7572,31.4852,-89.6994,"An EF-1 tornado touched down near the intersection of Bassfield Cemetery Road and McLeod Drive and then moved to the northeast. At the start, some tin was blown off a large shed and some power poles were broken. As it crossed Bass and South Williamsburg Roads, several trees were damaged and an awning was blow down. A brick home in the area had minor roof damage as well. The tornado peaked in intensity as it crossed Mississippi Highway 42, where a large metal shed had more than 80% of the roof blown off and numerous trees were snapped and uprooted. A more focused corridor of damage was noted here in the tree damage. The tornado dissipated after crossing Hosey Mikell Road. The estimated peak wind speed was 110 mph. A tornadic debris signature was observed on radar with this tornado, and storm chasers recorded footage of the tornado as it crossed Highway 42.","As a low pressure system moved from the High Plains toward the Great Lakes on November 29th, a warm front lifted north from the Gulf Coast. Strong wind shear interacted with the increasingly unstable environment across Mississippi, and widespread strong to severe thunderstorms developed through the day and into the evening. This severe weather episode was marked by many supercell thunderstorms which were observed on radar and by storm chasers in the region. Large hail fell mainly in areas through the Delta Region, but damaging wind gusts and tornadoes were common through much of the central and southern portions of the state.  The strongest tornadoes were rated EF-2.",108
1060628,CALDWELL PAR.,HOLUM,11/29/2022,1803,Tornado, ,EF3,0,1,450000,0,LA,CST-6, ,174954,C,21,SHV,0,0,NWS Storm Survey, ,7.9,300,1,ESE,6,E,COPENHAGEN,11/29/2022,1813,31.9743,-92.0655,32.0197,-91.9417,"An EF-3 tornado with estimated maximum winds near 140 mph touched down along Highway 126 in rural Southeast Caldwell Parish, just southeast of the Holum community. The most intense damage of the tornado occurred here as two residences were essentially destroyed. One residence was a one or two family residence which had its roof and most of its walls removed, with many interior walls collapsed. One injury occurred at this home, but fortunately, was not significant. A nearby single-wide mobile home was also destroyed from this tornado. In addition, many barns and/or outbuildings were destroyed in this general location and at least several livestock were killed. The peak 140 mph EF-3 rating of this tornado occurred here as well, due to observed tree debarking near the one or two family residence. Significant ground scouring near where the livestock were killed was also observed. This ground scouring is usually a trait associated with very intense tornado vorticies, but it is not an official damage indicator used to rate tornadoes. ||From this location, the tornado continued roughly 3.5 miles east-northeast before crossing Wyant Road and the Twelve Mile Post Road intersection. The survey team did not have access in the 3.5 mile span before this intersection, but used available drone footage to confirm significant swaths of tree damage in this gap. Only tree damage was observed along Wyant Road, but the high level of tree snapping was enough to confirm EF-2 strength here. From here, the tornado continued along Wyant Road, which had turned northeast to criss-cross the tornado's path through the hillier terrain. The tornado damage showed a tendency for the tornado to narrow and weaken at times through the terrain, but it did continue without lifting until reaching the Ouachita River. Along the southwestern bank of the river, there were two homes that received significant damage and several outbuildings were totally destroyed with debris thrown into the river. The tornado crossed the river and did significant tree damage along Lee Lane. From there, the tornado continued east-northeast while gradually narrowing and weakening, crossing Highway 559 and Parish Road 6629. Based on a report from the Louisiana Department of Wildlife and Fisheries, additional trees were downed on an unnamed road just east of the intersection of Hotshot Road and Parish Road 6629, with satellite imagery supporting that the tornado finally lifted just east of this road over the Boeuf Wildlife Management Area.","A large upper trough progressed east out of the Rockies and into the Plains during the afternoon and evening of November 29th, which reinforced a cold front southeast into the Ozarks and portions of the Southern Plains. Meanwhile, a dryline developed over West Texas ahead of the trough and front, and rapidly mixed east into East Texas and Southeast Oklahoma during the afternoon. Very warm and humid air quickly spread north with the strong low level southerly flow throughout the day on the 29th, resulting in moderately unstable conditions developing within a strongly sheared environment ahead of the approaching dryline and upper trough. Isolated strong to severe thunderstorms were able to develop near the dryline over portions of Deep East Texas by mid to late afternoon, which eventually spread across portions of North-Central Louisiana during the late afternoon and evening while becoming more numerous. Instances of damaging winds which downed trees as well as large hail occurred with these storms, with an isolated strong tornado spawning over Southeast Caldwell Parish before moving into Eastern Louisiana by late evening.",109
1068430,LOWNDES CO.,WELLS,11/29/2022,1826,Tornado, ,EF2,0,0,1000000,0,MS,CST-6, ,175806,C,87,JAN,0,0,NWS Storm Survey, ,8.42,1100,2,SW,0,SSW,STEENS HOPPER ARPT,11/29/2022,1840,33.5832,-88.4231,33.6137,-88.2838,"An EF-2 tornado touched down just northwest of the city Steens along Jess Lyons Road on the north side of the Green Oaks Golf Course. Several softwood trees were uprooted at the start. The tornado continued east and northeast across mostly wooded areas and produced intermittent tree and vegetation damage. The steeple on Mt. Zion Church near the intersection of Wolfe Road and Neilson Road was blown over. The tornado quickly widened and intensified as it moved east of Wolfe Road, and an approximately 150 yard wide by 1.8 mile long swath of downed trees was observed on Sentinel-2 satellite imagery before the tornado reached Calendonia Steens Road. Several homes had broken windows, trees were snapped, and roofs were damaged near at Caledonia Steens Rd. As the tornado crossed Mississippi Highway 12, it attained its peak intensity of 132 mph. A house along Hwy 12 had many of its exterior walls collapsed. The fire house for Lowndes County Fire Department District One Station Two was severely damaged as well. The doors were blown in, the roof was blown off, and several panels were blown out or damaged. Trees were also snapped and uprooted along Hwy 12 and Jerry Reynolds Road, and then the tornado continued east across Vaughn Roberts Road where softwood trees were blown. The tornado dissipated before reaching the Alabama state border. A tornadic debris signature was observed on radar with this tornado. The estimated peak wind speed was 132 mph.","As a low pressure system moved from the High Plains toward the Great Lakes on November 29th, a warm front lifted north from the Gulf Coast. Strong wind shear interacted with the increasingly unstable environment across Mississippi, and widespread strong to severe thunderstorms developed through the day and into the evening. This severe weather episode was marked by many supercell thunderstorms which were observed on radar and by storm chasers in the region. Large hail fell mainly in areas through the Delta Region, but damaging wind gusts and tornadoes were common through much of the central and southern portions of the state.  The strongest tornadoes were rated EF-2.",110
1068469,JASPER CO.,MOSS,11/29/2022,1830,Tornado, ,EF2,0,0,450000,0,MS,CST-6, ,175806,C,61,JAN,0,0,NWS Storm Survey, ,11.81,330,2,NNW,3,ESE,WALDRUP,11/29/2022,1850,31.8464,-89.2062,31.9586,-89.0584,"An EF-2 tornado touched down southeast of Stringer near the intersection of County Roads 195 and 19. Trees were damaged or uprooted in this area, and two homes had minor roof damage. The tornado moved nort-northeast and crossed CR 193 where an older wooden home lost a significant portion of the roof, had its windows broken, and walls damaged. The tornado then turned to the northeast and crossed CR 21 where minor shingle damage was done to a home along with multiple uprooted nearby pine trees. The tornado then traveled across a large wooded creek bottom area. Satellite imagery indicated a swath of damaged or downed trees approximately 120 yards wide by 1.5 miles long between the Terrapin Creek and CR 23. The tornado broke a light pole and damaged a metal building as it crossed CR 23. It continued across more creek bottom land and then crossed CR 52816 near its intersection with Mississippi Highway 528. The most intense damage occurred here, where there was a focused path of damage to trees and buildings. There was heavy tree damage, a shed was destroyed and debris thrown a sizable distance, a well built brick home had the entire roof removed with sections thrown and deposited some distance away, and some chicken houses were heavily damaged. A few other homes in this vicinity were damaged but were just outside of the strong core. The tornado weakened as it moved past Highway 528. It dissipated near the intersection of CR 14 and 31. A tornadic debris signature was observed on radar with this tornado. The peak estimated wind wind speed was 120 mph.","As a low pressure system moved from the High Plains toward the Great Lakes on November 29th, a warm front lifted north from the Gulf Coast. Strong wind shear interacted with the increasingly unstable environment across Mississippi, and widespread strong to severe thunderstorms developed through the day and into the evening. This severe weather episode was marked by many supercell thunderstorms which were observed on radar and by storm chasers in the region. Large hail fell mainly in areas through the Delta Region, but damaging wind gusts and tornadoes were common through much of the central and southern portions of the state.  The strongest tornadoes were rated EF-2.",111
1069104,WINSTON CO.,HIGH PT,11/29/2022,1847,Tornado, ,EF1,0,0,10000,0,MS,CST-6, ,175806,C,159,JAN,0,0,NWS Storm Survey, ,4.44,300,3,SW,1,NNE,HIGH PT,11/29/2022,1856,33.1509,-89.1935,33.198,-89.144,"An EF-1 tornado began along Bethany-Ebenezer Road in northwestern Winston County. The tornado mainly uprooted, snapped, or damaged trees along its path. It crossed Turnipseed Road, Miller Road, and then into the Highpoint community before it moved into southeastern Choctaw County near Eiland Road. It snapped a few trees before it dissipated near the intersection of Mississippi Highway 15. The peak estimated wind speed was 90 mph. The total path length across the two counties was 5.06 miles.","As a low pressure system moved from the High Plains toward the Great Lakes on November 29th, a warm front lifted north from the Gulf Coast. Strong wind shear interacted with the increasingly unstable environment across Mississippi, and widespread strong to severe thunderstorms developed through the day and into the evening. This severe weather episode was marked by many supercell thunderstorms which were observed on radar and by storm chasers in the region. Large hail fell mainly in areas through the Delta Region, but damaging wind gusts and tornadoes were common through much of the central and southern portions of the state.  The strongest tornadoes were rated EF-2.",112
1069105,CHOCTAW CO.,TOLLISON,11/29/2022,1856,Tornado, ,EF1,0,0,1000,0,MS,CST-6, ,175806,C,19,JAN,0,0,NWS Storm Survey, ,0.62,50,5,SE,5,SE,TOLLISON,11/29/2022,1857,33.198,-89.144,33.2066,-89.1403,"An EF-1 tornado began along Bethany-Ebenezer Road in northwestern Winston County. The tornado mainly uprooted, snapped, or damaged trees along its path. It crossed Turnipseed Road, Miller Road, and then into the Highpoint community before it moved into southeastern Choctaw County near Eiland Road. It snapped a few trees before it dissipated near the intersection of Mississippi Highway 15. The peak estimated wind speed was 90 mph. The total path length across the two counties was 5.06 miles.","As a low pressure system moved from the High Plains toward the Great Lakes on November 29th, a warm front lifted north from the Gulf Coast. Strong wind shear interacted with the increasingly unstable environment across Mississippi, and widespread strong to severe thunderstorms developed through the day and into the evening. This severe weather episode was marked by many supercell thunderstorms which were observed on radar and by storm chasers in the region. Large hail fell mainly in areas through the Delta Region, but damaging wind gusts and tornadoes were common through much of the central and southern portions of the state.  The strongest tornadoes were rated EF-2.",113
1069106,MADISON PAR.,TENDAL ARPT,11/29/2022,1906,Tornado, ,EFU,0,0,0,0,LA,CST-6, ,176106,C,65,JAN,0,0,Storm Chaser, ,1.12,10,9,S,9,S,TENDAL ARPT,11/29/2022,1907,32.2898,-91.3668,32.2954,-91.3489,"A storm chaser observed and filmed a tornado near the Tensas River and in the vicinity of the Tensas River National Wildlife Refuge. The video was relayed via Twitter. A follow-up NWS survey was unable to find conclusive evidence of damage along accessible roadways in the area, so the exact location and intensity of this tornado is unknown.","As a low pressure system moved from the High Plains toward the Great Lakes on November 29th, a warm front lifted north from the Gulf Coast. Strong wind shear interacted with the increasingly unstable environment across northeast Louisiana, and thunderstorms developed through the day and into the evening. Two tornadoes in this part of the state were observed and filmed or photographed by storm chasers, but subsequent storm damage surveys were unable to access or identify damage in the areas where the tornadoes likely occurred. Both were assigned a rating of EF-U for unknown intensity.",114
1069107,MADISON PAR.,THOMASTOWN,11/29/2022,1932,Tornado, ,EFU,0,0,0,0,LA,CST-6, ,176106,C,65,JAN,0,0,Storm Chaser, ,0.4,10,2,NNW,2,N,THOMASTOWN,11/29/2022,1934,32.3972,-91.0795,32.4001,-91.0735,"A storm chaser observed and photographed a tornado northwest Mound, LA. Pictures were relayed via Twitter. A follow-up NWS survey was unable to find conclusive evidence of damage along accessible roadways in the area, so the exact location and intensity of this tornado is unknown.","As a low pressure system moved from the High Plains toward the Great Lakes on November 29th, a warm front lifted north from the Gulf Coast. Strong wind shear interacted with the increasingly unstable environment across northeast Louisiana, and thunderstorms developed through the day and into the evening. Two tornadoes in this part of the state were observed and filmed or photographed by storm chasers, but subsequent storm damage surveys were unable to access or identify damage in the areas where the tornadoes likely occurred. Both were assigned a rating of EF-U for unknown intensity.",115
1069525,LOWNDES CO.,CRAWFORD,11/29/2022,1935,Tornado, ,EF1,0,0,3000,0,MS,CST-6, ,175806,C,87,JAN,0,0,NWS Storm Survey, ,2.47,250,2,NNW,4,N,CRAWFORD,11/29/2022,1941,33.3312,-88.6363,33.3625,-88.6155,"An EF-1 tornado began at Sam Hill Road and tracked northeast towards across US Highway 45. Several softwood trees were snapped or damaged in this area. After it crossed Highway 45, the tornado continued northeast across Swedenburg Road where it uprooted additional trees and downed large tree branches. The tornado dissipated before it reached Clarke Road. The estimated peak wind speed was 90 mph. A tornadic debris signature was observed on radar with this tornado.","As a low pressure system moved from the High Plains toward the Great Lakes on November 29th, a warm front lifted north from the Gulf Coast. Strong wind shear interacted with the increasingly unstable environment across Mississippi, and widespread strong to severe thunderstorms developed through the day and into the evening. This severe weather episode was marked by many supercell thunderstorms which were observed on radar and by storm chasers in the region. Large hail fell mainly in areas through the Delta Region, but damaging wind gusts and tornadoes were common through much of the central and southern portions of the state.  The strongest tornadoes were rated EF-2.",116
1066379,GREENE CO.,EUTAW,11/29/2022,2144,Tornado, ,EF1,0,0,0,0,AL,CST-6, ,175655,C,63,BMX,0,0,NWS Storm Survey, ,7.21,650,4,WNW,3,N,MC CLURE,11/29/2022,2153,32.8445,-87.9401,32.877,-87.822,"National Weather Service meteorologists surveyed damage in eastern Greene County and determined that it was consistent with an EF1 tornado, with maximum winds near 110 mph. The tornado touched down in an inaccessible area west of Eutaw shortly before crossing Greene County Road 131 where it impacted the Sagewood Apartment complex. The most significant damage here was to the northernmost unit where the majority of the roof structure was peeled away and blown into the nearby tree line. Adjacent units only showed minor damage to shingles and to siding. Nearby timber damage was also not particularly intense, though there was a variety of sporadic uprooted and snapped tree trunks. Timber and powerline damage in this area was consistent with low-end EF-1. The tornado continued east-northeast toward Highway 14 where additional timber and power line damage was observed. Several homes sustained minor roof damage on Kirkwood Lane or were more significantly damaged by uprooted trees. The tornado crossed US Highway 11 causing additional tree damage. The tornado continued northeast towards the Black Warrior River where the path became inaccessible.  The tornado crossed the Black Warrior and continued into Hale County.","A very dynamic and deepening low pressure system moved through the Ohio Valley states on November 29-30 with a trailing cold.  The air mass across Central Alabama was initially stable during the day on November 29th with surface dewpoints in the 40s and 50s.  Instability increased dramatically the evening of the 29th as 60 plus surface dewpoints advected northward into Central Alabama. A QLCS developed ahead of the approaching cold front in addition to discrete thunderstorms.",117
1066380,HALE CO.,EVANSVILLE,11/29/2022,2153,Tornado, ,EFU,0,0,0,0,AL,CST-6, ,175655,C,65,BMX,0,0,NWS Storm Survey, ,0.46,475,5,NW,5,W,AKRON,11/29/2022,2154,32.877,-87.822,32.88,-87.815,"This tornado crossed the Black Warrior River several times and this is a short segment that the tornado moved into Hale County from Greene County. The area was inaccessible so the segment was rated as unknown intensity.","A very dynamic and deepening low pressure system moved through the Ohio Valley states on November 29-30 with a trailing cold.  The air mass across Central Alabama was initially stable during the day on November 29th with surface dewpoints in the 40s and 50s.  Instability increased dramatically the evening of the 29th as 60 plus surface dewpoints advected northward into Central Alabama. A QLCS developed ahead of the approaching cold front in addition to discrete thunderstorms.",118
1066381,GREENE CO.,MC CLURE,11/29/2022,2154,Tornado, ,EFU,0,0,0,0,AL,CST-6, ,175655,C,63,BMX,0,0,NWS Storm Survey, ,0.36,450,4,NNE,4,NNE,MC CLURE,11/29/2022,2155,32.88,-87.815,32.883,-87.81,"This tornado crossed the Black Warrior River several times and this is a short segment that the tornado moved back into Greene County from Hale County. The area was inaccessible so the segment was rated as unknown intensity.","A very dynamic and deepening low pressure system moved through the Ohio Valley states on November 29-30 with a trailing cold.  The air mass across Central Alabama was initially stable during the day on November 29th with surface dewpoints in the 40s and 50s.  Instability increased dramatically the evening of the 29th as 60 plus surface dewpoints advected northward into Central Alabama. A QLCS developed ahead of the approaching cold front in addition to discrete thunderstorms.",119
1066382,HALE CO.,AKRON,11/29/2022,2155,Tornado, ,EF1,0,0,0,0,AL,CST-6, ,175655,C,65,BMX,0,0,NWS Storm Survey, ,11.23,1200,5,W,2,SE,CYPRESS,11/29/2022,2213,32.883,-87.81,32.9362,-87.627,"This tornado originated in Greene County and crossed the Black Warrior River into Hale County. The tornado tracked just south of the river for several miles.  The first section of observable damage was in the Oak Village Community northwest of Akron. Several homes sustained significant damage near the riverfront where impressive timber damage was observed. The tornado continued northeast toward Stewart where additional timber damage was observed along Highway 42. A home sustained roof damage on Mileous Chapel Road. Near this area timber damage became very diverse in direction and damage intensity.  The tornado was at its widest point here with a width around 1,200 yards. Based on the nature of the damage it is believed to have been in a multi-vortex state. The tornado then continued northeast and began to weaken with minor timber damage on Massey Loop Road. The tornado dissipated shortly after crossing Highway 69.","A very dynamic and deepening low pressure system moved through the Ohio Valley states on November 29-30 with a trailing cold.  The air mass across Central Alabama was initially stable during the day on November 29th with surface dewpoints in the 40s and 50s.  Instability increased dramatically the evening of the 29th as 60 plus surface dewpoints advected northward into Central Alabama. A QLCS developed ahead of the approaching cold front in addition to discrete thunderstorms.",120
1066383,WALKER CO.,DIXIE SPGS,11/30/2022,28,Tornado, ,EF0,0,0,0,0,AL,CST-6, ,175655,C,127,BMX,0,0,NWS Storm Survey, ,1.99,50,5,S,6,S,DIXIE SPGS,11/30/2022,30,33.6237,-87.383,33.6122,-87.3514,"A NWS Birmingham survey team was able to find very minor and spatially isolated timber damage along Tutwiler Road. This was the only damage observed on the survey. Radar data indicated a weak TVS northwest of Highway 69 in an inaccessible area.","A very dynamic and deepening low pressure system moved through the Ohio Valley states on November 29-30 with a trailing cold.  The air mass across Central Alabama was initially stable during the day on November 29th with surface dewpoints in the 40s and 50s.  Instability increased dramatically the evening of the 29th as 60 plus surface dewpoints advected northward into Central Alabama. A QLCS developed ahead of the approaching cold front in addition to discrete thunderstorms.",121
1061176,AMITE CO.,HURON,11/30/2022,38,Tornado, ,EF1,0,0,150000,0,MS,CST-6, ,175037,C,5,LIX,0,0,NWS Storm Survey, ,5.82,250,0,N,2,ESE,MIXON,11/30/2022,49,31.1,-90.65,31.112,-90.548,"An EF1 tornado with maximum winds of 100 MPH and a maximum width of 250 yards touched down on Jim Thomas Road southeast of Liberty, MS. The entire length of the track saw extensive and widespread tree damage consisting of large uprooted trees and snapped trees near the base with many notable convergent signatures. On Kermit Road, a residential house had part of its roof removed along with a destroyed barn. At this point, the tornado exited Amite County and entered Pike County between Kermit and Church roads.","A cold extending from Canada across the US to Mexico raced east across the country late on November 29th. As a warm front lifted north ahead of this boundary, a robust thunderstorm developed within the warm sector in southwest Mississippi and produced hail and damaging winds in Amite County. A second round of thunderstorms developed later as the actual cold front moved through and one storm was able to produce a tornado in the same county.",122
1081310,PIKE CO.,TERRYS CREEK,11/30/2022,49,Tornado, ,EF1,0,0,50000,0,MS,CST-6, ,175037,C,113,LIX,0,0,NWS Storm Survey, ,5.99,250,3,NNW,3,SSE,MAGNOLIA,11/30/2022,59,31.112,-90.548,31.117,-90.4469,"An EF1 tornado with maximum winds of 100 MPH and a maximum width of 250 yards entered Pike County from Amite County between Kermit and Church Roads. As it moved east, on Church Road, an old building was damaged. These last two locations saw the max width of the tornado. On JJ Carter Road, there was extensive damage to a few manufactured homes. One was shifted off its foundation,|rotated backwards and rolled over at least once. Another lost its entire roof and a wall. The other homes had minor damage. Drone data were analyzed to fill in damage between here and I-55 where|extensive tree damage was noted along the highway. It moved east, damaging a camp on Highway 51 before lifting on Centerville Road.","A cold extending from Canada across the US to Mexico raced east across the country late on November 29th. As a warm front lifted north ahead of this boundary, a robust thunderstorm developed within the warm sector in southwest Mississippi and produced hail and damaging winds in Amite County. A second round of thunderstorms developed later as the actual cold front moved through and one storm was able to produce a tornado in the same county.",123
1066415,BLOUNT CO.,ADVILLE,11/30/2022,57,Tornado, ,EF0,0,0,0,0,AL,CST-6, ,175655,C,9,BMX,0,0,NWS Storm Survey, ,3.46,500,3,NNW,1,NNE,LOCUST FORK,11/30/2022,102,33.9149,-86.6725,33.9156,-86.6126,"National Weather Service meteorologists surveyed damage in the Locust Fork area of Blount County and determined that it was consistent with an EF0 tornado, with maximum winds near 65 mph.  The tornado touched down in a heavily wooded area near the Locust Fork River, just west of Standridge Trail. The first observable damage was in the area of Standridge Trail where minor timber damage occurred. Two barns sustained roof damage and one camper trailer was rolled and destroyed. The tornado continued east toward Deaver Walker and Campbell Roads. The circulation was fairly broad. Most damage consisted of sporadic uprooted trees. A few structures had minor roof damage with at least two structures damaged by uprooted trees. The tornado moved generally east across Tabernacle Road and County Road 13, producing additional sporadic and minor timber damage. The tornado dissipated before crossing Highway 79. Given the weak nature of the circulation, most if not all damage was on the right side with debris facing in a N to NE direction indicating non-divergent damage relative to path. No damage was found on the north side of the damage path.","A very dynamic and deepening low pressure system moved through the Ohio Valley states on November 29-30 with a trailing cold.  The air mass across Central Alabama was initially stable during the day on November 29th with surface dewpoints in the 40s and 50s.  Instability increased dramatically the evening of the 29th as 60 plus surface dewpoints advected northward into Central Alabama. A QLCS developed ahead of the approaching cold front in addition to discrete thunderstorms.",124
1066416,MARENGO CO.,COXHEATH,11/30/2022,111,Tornado, ,EF1,0,0,0,0,AL,CST-6, ,175655,C,91,BMX,0,0,NWS Storm Survey, ,15.49,535,1,SSW,2,N,MAGNOLIA,11/30/2022,130,32.0608,-87.9057,32.1638,-87.6753,"National Weather Service meteorologists surveyed damage in southern Marengo County and determined that it was consistent with an EF1 tornado, with maximum winds near 110 mph. The tornado began in a wooded area southeast of County Road 6 to the southwest of Sweet Water. Tree damage was initially minor as it moved northeastward, with portions of roofs removed from a couple outbuildings as well as a patio overhang from a residence along Dogwood Lane and County Road 7. Damage was barely discernible as it moved northeast across Highway 10, but the tornado intensified as it crossed Sweetwater Creek. Numerous trees were snapped near Wayne Road; one of which was blown into and damaged the exterior wall of a double wide manufactured home. Damage to the manufactured home probably would have been much worse if it had not been well-anchored and had its roof attached with clips. A camper was also moved several feet. The tornado continued to snap and uproot trees as it crossed Union Grove Road and caused shingle and window damage to a residence. Tree damage was minor across Highway 43, but the tornado intensified again as it crossed Pillie Road and County Road 73. The tornado removed the roof from an addition to a manufactured home along County Road 47 before dissipating prior to reaching Highway 25.","A very dynamic and deepening low pressure system moved through the Ohio Valley states on November 29-30 with a trailing cold.  The air mass across Central Alabama was initially stable during the day on November 29th with surface dewpoints in the 40s and 50s.  Instability increased dramatically the evening of the 29th as 60 plus surface dewpoints advected northward into Central Alabama. A QLCS developed ahead of the approaching cold front in addition to discrete thunderstorms.",125
1066689,CALHOUN CO.,BOILING SPGS,11/30/2022,137,Tornado, ,EF0,0,0,0,0,AL,CST-6, ,175655,C,15,BMX,0,0,NWS Storm Survey, ,0.79,300,4,SSW,3,SSW,BOILING SPGS,11/30/2022,138,33.6806,-86.064,33.6878,-86.0539,"National Weather Service meteorologists surveyed damage in southwest Calhoun County and determined that it was consistent with an EF0 tornado, with maximum winds near 75 mph.  The tornado began near the intersection of Mitchellville Road and Mayfield Road, where damage consisted of several uprooted trees and snapped trunks.|The tornado continued northeast toward Mudd Street where the most severe damage occurred at two residences. Two homes also sustained minor roof damage. The tornado likely dissipated as it moved past Mudd Street as no other damage was observed downstream.  There was also evidence of a weak TDS associated with this tornado from the KBMX radar.","A very dynamic and deepening low pressure system moved through the Ohio Valley states on November 29-30 with a trailing cold.  The air mass across Central Alabama was initially stable during the day on November 29th with surface dewpoints in the 40s and 50s.  Instability increased dramatically the evening of the 29th as 60 plus surface dewpoints advected northward into Central Alabama. A QLCS developed ahead of the approaching cold front in addition to discrete thunderstorms.",126
1069545,MARION CO.,JAMESTOWN,11/30/2022,149,Tornado, ,EF2,0,0,150000,0,MS,CST-6, ,175806,C,91,JAN,0,0,NWS Storm Survey, ,5.99,150,2,SW,1,WNW,HUB,11/30/2022,159,31.1649,-89.8896,31.1585,-89.7895,"An EF-2 tornado touched down just north of Ten Mile Creek Road in southern Marion County where it initially produced minor tree damage. An outbuilding was blown over in this area as well. The tornado quickly intensified and damaged the roof of a residence as it moved eastward. Nearby trees, power poles, and a flag pole were also blown down. The tornado tracked eastward where it continued to intensify and reached its maximum intensity with approximately 125 mph winds. Here, a cellular tower along Dunaway Loop was destroyed. As the tornado crossed Mississippi Highway 35, outbuildings were damaged, and snapped and uprooted trees were common in a narrow path. Sentinel satellite imagery indicated that the tornado continued eastward across the Pearl River and dissipated just west of Old River Road. A tornadic debris signature was observed on radar with this tornado.","As a low pressure system moved from the High Plains toward the Great Lakes on November 29th, a warm front lifted north from the Gulf Coast. Strong wind shear interacted with the increasingly unstable environment across Mississippi, and widespread strong to severe thunderstorms developed through the day and into the evening. This severe weather episode was marked by many supercell thunderstorms which were observed on radar and by storm chasers in the region. Large hail fell mainly in areas through the Delta Region, but damaging wind gusts and tornadoes were common through much of the central and southern portions of the state.  The strongest tornadoes were rated EF-2.",127
1061360,GREENE CO.,COUNTY LINE,11/30/2022,227,Tornado, ,EF1,0,0,0,0,MS,CST-6, ,175087,C,41,MOB,0,0,NWS Storm Survey, ,3.6,500,7,SSE,9,SE,COUNTY LINE,11/30/2022,230,31.3351,-88.5049,31.339,-88.444,"The tornado began near Highway 57 in Greene County where several|softwood tree trunks were snapped. It continued on an east|northeast track producing damage along Nursery Road. The track|continued into Washington County Alabama. The tornado crossed|Highway 45 and hit Fruitdale High School where windows were|damaged along with roof damage to the school and nearby houses.|Widespread tree and power line damage was also observed in the|Fruitdale area. The damage in Fruitdale is estimated to have been|in the high EF-1 range with winds 105-110 mph. The tornado|continued northeast and strengthened as it approached Baxter|McIllwain Road. This is where the tornado reached peak intensity.|Based on the ground survey, a nearly 500 yard swath of major tree|damage was observed with countless hardwood and softwood trees|destroyed. The EF-3 peak intensity (140 mph) is based on this|swath of major tree damage. The tornado continued to track|eastward through Tibbie with more significant to major tree|damage (EF-2 intensity), along with roof damage observed along|Leo and Boyd Willie Parnell Road. The tornado weakened as it moved|east across Howardtown Road and dissipated east of Clarke Place|Road.","A very warm and moist airmass developed ahead of a strong cold front. Thunderstorms developed ahead of the front and produced damaging winds along with a EF3 tornado that tracked from Greene County Mississippi into Washington County in Alabama.",128
1061361,WASHINGTON CO.,FRUITDALE,11/30/2022,230,Tornado, ,EF3,0,0,0,0,AL,CST-6, ,175088,C,129,MOB,0,0,NWS Storm Survey, ,16.46,700,2,WNW,4,ENE,UNIFORM,11/30/2022,256,31.339,-88.444,31.3713,-88.1676,"The tornado began near Highway 57 in Greene County where several softwood tree trunks were snapped. It continued on an east northeast track producing damage along Nursery Road. The track continued into Washington County Alabama. The tornado crossed Highway 45 and hit Fruitdale High School where windows were damaged along with roof damage to the school and nearby houses. Widespread tree and power line damage was also observed in the Fruitdale area. The damage in Fruitdale is estimated to have been in the high EF-1 range with winds 105-110 mph. The tornado continued northeast and strengthened as it approached Baxter McIllwain Road. This is where the tornado reached peak intensity. Based on the ground survey, a nearly 500 yard swath of major tree damage was observed with countless hardwood and softwood trees destroyed. The EF-3 peak intensity (140 mph) is based on this swath of major tree damage. The tornado continued to track eastward through Tibbie with more significant to major tree damage (EF-2 intensity), along with roof damage observed along Leo and Boyd Willie Parnell Road. The tornado weakened as it moved east across Howardtown Road and dissipated east of Clarke Place Road. The tornado path received many cosmetic changes based on high resolution Planet and Worldview satellite imagery. The peak width was updated to be 700 yards.","A very warm and moist airmass developed ahead of a strong cold front. Thunderstorms developed ahead of the front and produced damaging winds along with a EF3 tornado that tracked from Greene County Mississippi into Washington County in Alabama.",129
1066417,ELMORE CO.,PRATTVILLE JCT,11/30/2022,314,Tornado, ,EF0,0,0,0,0,AL,CST-6, ,175655,C,51,BMX,0,0,NWS Storm Survey, ,0.52,360,2,SSE,3,SE,PRATTVILLE JCT,11/30/2022,315,32.4385,-86.3318,32.44,-86.323,"National Weather Service meteorologists surveyed damage in southwest Elmore County and determined that it was consistent with an EF0 tornado, with maximum winds near 65 mph. The tornado began just west of the Montgomery County line near the Alabama River Parkway, where an outbuilding and retaining wall were damaged. It tracked east and crossed the Alabama River into Montgomery County.","A very dynamic and deepening low pressure system moved through the Ohio Valley states on November 29-30 with a trailing cold.  The air mass across Central Alabama was initially stable during the day on November 29th with surface dewpoints in the 40s and 50s.  Instability increased dramatically the evening of the 29th as 60 plus surface dewpoints advected northward into Central Alabama. A QLCS developed ahead of the approaching cold front in addition to discrete thunderstorms.",130
1066418,MONTGOMERY CO.,BOYLSTON,11/30/2022,315,Tornado, ,EF2,2,2,0,0,AL,CST-6, ,175655,C,101,BMX,0,0,NWS Storm Survey, ,6.79,650,3,WNW,2,NNE,MADISON,11/30/2022,322,32.44,-86.323,32.464,-86.21,"National Weather Service meteorologists surveyed damage in Montgomery County and determined that it was consistent with an EF2 tornado, with maximum winds near 120 mph. The tornado crossed the Alabama River and into Montgomery County and continued east-northeastward towards Coosada Ferry Road, where it uprooted and snapped several pine trees.  It strengthened as it reached Williams Road, where a manufactured home and a site-built home suffered roof damage. Just west of Franson Road two manufactured homes were completely destroyed with debris blown downstream. One manufactured home had some evidence of straps but the occupancy status of both are unknown. As the tornado moved into the Flatwood community, many homes had roof damage and damage from uprooted trees. Unfortunately an uprooted tree fell on a manufactured home, resulting in two fatalities and one serious injury. The concrete masonry unit community center also suffered collapse of all exterior walls. The tornado crossed Lower Wetumpka Road twice, continuing to snap and uproot trees and cause roof damage, with one home suffering complete roof loss. A couple of wooden transmission line poles fell north of Anderson Road. The tornado then crossed the Tallapoosa River into Elmore County.","A very dynamic and deepening low pressure system moved through the Ohio Valley states on November 29-30 with a trailing cold.  The air mass across Central Alabama was initially stable during the day on November 29th with surface dewpoints in the 40s and 50s.  Instability increased dramatically the evening of the 29th as 60 plus surface dewpoints advected northward into Central Alabama. A QLCS developed ahead of the approaching cold front in addition to discrete thunderstorms.",131
1066419,ELMORE CO.,MAN,11/30/2022,322,Tornado, ,EF2,0,0,0,0,AL,CST-6, ,175655,C,51,BMX,0,0,NWS Storm Survey, ,2.54,700,4,SE,6,SSE,WETUMPKA,11/30/2022,328,32.464,-86.21,32.4758,-86.1688,"This tornado crossed the Tallapoosa River from Montgomery County and into Elmore County. An impressive swath of trees were uprooted on the west side of Highway 231. The tornado continued northeastward along Jasmine Hill Road and Willow Springs Road, where several homes were damaged from falling trees. The tornado finally dissipated south of Willow Springs Road east of Ross Ridge Lane.","A very dynamic and deepening low pressure system moved through the Ohio Valley states on November 29-30 with a trailing cold.  The air mass across Central Alabama was initially stable during the day on November 29th with surface dewpoints in the 40s and 50s.  Instability increased dramatically the evening of the 29th as 60 plus surface dewpoints advected northward into Central Alabama. A QLCS developed ahead of the approaching cold front in addition to discrete thunderstorms.",132
1066690,ELMORE CO.,WARE,11/30/2022,338,Tornado, ,EF2,0,0,0,0,AL,CST-6, ,175655,C,51,BMX,0,0,NWS Storm Survey, ,6.26,400,4,NE,2,S,TALLASSEE,11/30/2022,349,32.4892,-86.0017,32.5071,-85.8966,"National Weather Service meteorologists surveyed damage in southeast Elmore County and determined that it was consistent with an EF2 tornado, with maximum winds near 115 mph. The tornado began along Rock Springs Road north of Rifle Range Road, downing branches and causing damage to an outbuilding. It continued northeastward through inaccessible forest land, before snapping and uprooting trees along Dark Corners Road and New Quarter Road.  A majority of a roof was removed from a home along New Quarter Road with one exterior wall collapsing. It continued northeastward uprooting more trees along Rifle Range Road before dissipating prior to reaching Highway 229.","A very dynamic and deepening low pressure system moved through the Ohio Valley states on November 29-30 with a trailing cold.  The air mass across Central Alabama was initially stable during the day on November 29th with surface dewpoints in the 40s and 50s.  Instability increased dramatically the evening of the 29th as 60 plus surface dewpoints advected northward into Central Alabama. A QLCS developed ahead of the approaching cold front in addition to discrete thunderstorms.",133
1066693,PIKE CO.,MONTICELLO,11/30/2022,542,Tornado, ,EF0,0,0,0,0,AL,CST-6, ,175655,C,109,BMX,0,0,NWS Storm Survey, ,1.42,150,1,SE,2,W,ENON,11/30/2022,544,31.8216,-85.7711,31.8181,-85.7474,"National Weather Service meteorologists surveyed damage in eastern Pike County and determined that it was consistent with an EF0 tornado, with maximum winds near 70 mph.  A brief weak tornado developed along County Road 6643 just east of Highway 130 and the Buckhorn community. Damage consisted of a few uprooted trees and broken branches along County Road 6643. The tornado dissipated as it crossed Buckhorn Creek. A weak TDS was evident from KEOX radar.","A very dynamic and deepening low pressure system moved through the Ohio Valley states on November 29-30 with a trailing cold.  The air mass across Central Alabama was initially stable during the day on November 29th with surface dewpoints in the 40s and 50s.  Instability increased dramatically the evening of the 29th as 60 plus surface dewpoints advected northward into Central Alabama. A QLCS developed ahead of the approaching cold front in addition to discrete thunderstorms.",134
1066695,PIKE CO.,BRUNDIDGE MUNI ARPT,11/30/2022,545,Tornado, ,EF0,0,0,0,0,AL,CST-6, ,175655,C,109,BMX,0,0,NWS Storm Survey, ,0.79,150,4,SE,4,SE,BRUNDIDGE MUNI ARPT,11/30/2022,546,31.6823,-85.7535,31.6881,-85.742,"National Weather Service meteorologists surveyed damage in southeast Pike County and determined that it was consistent with an EF0 tornado, with maximum winds near 75 mph. The brief tornado touched down in the woods between Ten Mile Road and Barefoot Road. As the tornado approached Barefoot Road, numerous pine trees received large limb damage. The tornado crossed Barefoot Road and caused more tree limb damage. The tornado lifted between Barefoot Road and Pike County Road 4420.","A very dynamic and deepening low pressure system moved through the Ohio Valley states on November 29-30 with a trailing cold.  The air mass across Central Alabama was initially stable during the day on November 29th with surface dewpoints in the 40s and 50s.  Instability increased dramatically the evening of the 29th as 60 plus surface dewpoints advected northward into Central Alabama. A QLCS developed ahead of the approaching cold front in addition to discrete thunderstorms.",135
1066707,BARBOUR CO.,LINDSEY,11/30/2022,606,Tornado, ,EF0,0,0,0,0,AL,CST-6, ,175655,C,5,BMX,0,0,NWS Storm Survey, ,6.6,300,1,SSW,4,ENE,TEXASVILLE,11/30/2022,617,31.7385,-85.4857,31.7409,-85.3736,"National Weather Service meteorologists surveyed damage in southeast Barbour County and determined that it was consistent with an EF0 tornado, with maximum winds near 80 mph.  A tornado touched down in the woods between Stark Brothers Road and County Road 53 just northeast of Texasville. As the tornado crossed County Road 53, a few pine tree tops were snapped. The tornado continued eastward to the intersection of Alabama Highway 131 and County Road 20, where a pine tree was snapped and fell into the roadway. Large limbs were broken to the north of Alabama Highway 131 and west of County Road 20. From there the tornado paralleled Alabama Highway 131 as it traveled east before striking a chicken farm. It caused significant damage to four chicken houses, with large sections of barn roofing were removed and blown as much as 200 yards downstream. The tornado continued across the farm through mainly open fields uprooting a few large trees, and then causing minor damage to a riding arena and farmhouse. The tornado then crossed County Road 67 and uprooted a few pine trees before dissipating.","A very dynamic and deepening low pressure system moved through the Ohio Valley states on November 29-30 with a trailing cold.  The air mass across Central Alabama was initially stable during the day on November 29th with surface dewpoints in the 40s and 50s.  Instability increased dramatically the evening of the 29th as 60 plus surface dewpoints advected northward into Central Alabama. A QLCS developed ahead of the approaching cold front in addition to discrete thunderstorms.",136
1061267,GENEVA CO.,SLOCOMB,11/30/2022,642,Tornado, ,EF1,0,0,40000,0,AL,CST-6, ,175068,C,61,TAE,0,0,NWS Storm Survey, ,1.79,50,3,N,3,NE,SLOCOMB,11/30/2022,644,31.1386,-85.5845,31.1258,-85.5582,"A brief EF1 tornado touched down along Hundley Road near Slocomb with significant roof damage to a house and carport. The rear window of a Tahoe was also blown out. The tornado moved southeastward through a wooded area with some trees snapped along its path. It then moved across McCollough Road where a pole was bent. The tornado lifted near the intersection of McCollough Road and Green Road. Peak winds were estimated near 95 mph.","The last few days of November were fairly active across the tri-state area with a pair of cold fronts moving through. Both fronts brought thunderstorms to the area, a few of which were severe with impacts mainly to trees and power lines.  However, a couple of brief tornadoes did occur in southwest Georgia and southeast Alabama, all which were rated either EF0 or EF1.",137
1063127,COLQUITT CO.,HAMILTON ELEMENTARY SCHOOL,11/30/2022,926,Tornado, ,EF0,0,0,5000,0,GA,EST-5, ,175070,C,71,TAE,0,0,Emergency Manager, ,0.04,25,1,WNW,1,WNW,HAMILTON ELEMENTARY SCHOOL,11/30/2022,927,31.22,-83.99,31.2205,-83.9896,"Minor damage occurred to a barn from a brief EF0 tornado.","The last few days of November were fairly active across the tri-state area with a pair of cold fronts moving through. Both fronts brought thunderstorms to the area, a few of which were severe with impacts mainly to trees and power lines.  However, a couple of brief tornadoes did occur in southwest Georgia and southeast Alabama, all which were rated either EF0 or EF1.",138
1063128,COLQUITT CO.,FUNSTON,11/30/2022,938,Tornado, ,EFU,0,0,0,0,GA,EST-5, ,175070,C,71,TAE,0,0,Emergency Manager, ,0.01,25,3,NNW,3,NNW,FUNSTON,11/30/2022,938,31.23,-83.89,31.23,-83.89,"A brief tornado touched down in a field with no damage reported.","The last few days of November were fairly active across the tri-state area with a pair of cold fronts moving through. Both fronts brought thunderstorms to the area, a few of which were severe with impacts mainly to trees and power lines.  However, a couple of brief tornadoes did occur in southwest Georgia and southeast Alabama, all which were rated either EF0 or EF1.",139
1070553,BEAVER CO.,BALKO,12/12/2022,2121,Tornado, ,EFU,0,0,0,0,OK,CST-6, ,176314,C,7,AMA,0,0,NWS Storm Survey, ,1.22,50,1,SE,2,E,BALKO,12/12/2022,2123,36.6188,-100.6606,36.629,-100.6426,"This tornado track was estimated based on photos and eyewitness accounts. The tornado was moved northeast and was on the ground for just under 2 minutes. No damage was found, however the tornado didn't encounter any damage indicators along the path as|it remained in open grasslands. Given the lack of damage indicators, an unknown rating has been assigned.","A vigorous upper level storm system crossed the Plains and combined with very strong wind shear and modest instability to create an environment capable of supercells during the evening hours across the combined northeast Texas and eastern Oklahoma Panhandles. One supercell generated at least two brief tornadoes. These did not produce |damage, but were documented with video and photographs by storm chasers and a few local residents. Hail between 1.5 and 2.5 fell across Beaver County as well.",140
1070554,BEAVER CO.,ELMWOOD,12/12/2022,2138,Tornado, ,EF0,0,0,0,0,OK,CST-6, ,176314,C,7,AMA,0,0,NWS Storm Survey, ,0.66,50,4,N,5,N,ELMWOOD,12/12/2022,2139,36.6843,-100.524,36.6885,-100.5133,"This tornado was documented by multiple storm chasers with photos and video as it crossed US Highway 270 south of Beaver, Oklahoma. The tornado was on the ground for approximately one minute. With no damage reported to the power lines that the tornado crossed along the highway and no other damage indicators along the path which remained in open grassland areas, the tornado was rated an EF0.|The track and width were estimated based on eye witness reports, radar signatures and photographs. The maximum estimated wind speeds were 80 mph.","A vigorous upper level storm system crossed the Plains and combined with very strong wind shear and modest instability to create an environment capable of supercells during the evening hours across the combined northeast Texas and eastern Oklahoma Panhandles. One supercell generated at least two brief tornadoes. These did not produce |damage, but were documented with video and photographs by storm chasers and a few local residents. Hail between 1.5 and 2.5 fell across Beaver County as well.",141
1068172,BECKHAM CO.,ERICK,12/13/2022,13,Tornado, ,EFU,0,0,0,0,OK,CST-6, ,175940,C,9,OUN,0,0,Storm Chaser, ,0.2,40,4,SSW,4,SSW,ERICK,12/13/2022,13,35.158,-99.91,35.158,-99.91,"Storm chasers observed a brief QLCS tornado approaching State Highway 30 to the south-southwest of Erick. No damage was reported.","Storms moved through Oklahoma late in the evening of December 12th and into the early morning hours of the 13th, producing isolated severe weather including a few tornadoes.",142
1068185,STEPHENS CO.,DUNCAN,12/13/2022,424,Tornado, ,EF1,0,0,3000,0,OK,CST-6, ,175940,C,137,OUN,0,0,Emergency Manager, ,0.32,50,2,NNW,2,NNW,DUNCAN,12/13/2022,426,34.523,-97.973,34.525,-97.968,"A large tree was uprooted and a power pole snapped as a tornado touched down in the northwest part of Duncan. At the same time, the rear-flank downdraft from the storm was producing damage across southwest and central portions of Duncan.","Storms moved through Oklahoma late in the evening of December 12th and into the early morning hours of the 13th, producing isolated severe weather including a few tornadoes.",143
1068186,GRADY CO.,COX CITY,12/13/2022,451,Tornado, ,EF2,0,0,75000,0,OK,CST-6, ,175940,C,51,OUN,0,0,Emergency Manager, ,0.6,50,1,NW,1,NNW,COX CITY,12/13/2022,452,34.741,-97.746,34.743,-97.736,"A tornado touched down near Cox City and moved east-northeast. The roof and exterior second floor walls were removed from house and a barn was destroyed near Cox City Road just northwest of town.","Storms moved through Oklahoma late in the evening of December 12th and into the early morning hours of the 13th, producing isolated severe weather including a few tornadoes.",144
1068187,MCCLAIN CO.,WAYNE,12/13/2022,527,Tornado, ,EF2,0,0,75000,0,OK,CST-6, ,175940,C,87,OUN,0,0,NWS Storm Survey, ,4,300,1,S,4,NE,WAYNE,12/13/2022,532,34.91,-97.318,34.961,-97.282,"A tornado touched down just south of the city limits of Wayne and moved north through town. Three power poles were snapped along State Highway 59 on the south side of Wayne, and produced tree and roof damage at a few locations in Wayne. As the tornado moved north of town, a house about a mile north of town had it's roof removed and exterior walls near the garage and porch were destroyed. An outbuilding was also destroyed in this area. Powerline and tree damage were observed farther north as the tornado moved north and then northeast crossing the Canadian River into Cleveland County.","Storms moved through Oklahoma late in the evening of December 12th and into the early morning hours of the 13th, producing isolated severe weather including a few tornadoes.",145
1068188,CLEVELAND CO.,LEXINGTON,12/13/2022,532,Tornado, ,EF1,0,0,5000,0,OK,CST-6, ,175940,C,27,OUN,0,0,Public, ,0.9,100,5,SE,5,SE,LEXINGTON,12/13/2022,533,34.961,-97.282,34.969,-97.271,"This tornado crossed the Canadian River from McClain County into Cleveland County. In Cleveland County, it uprooted a tree, and damaged an abandoned home and windmill before dissipating.","Storms moved through Oklahoma late in the evening of December 12th and into the early morning hours of the 13th, producing isolated severe weather including a few tornadoes.",146
1065981,EASTLAND CO.,STAFF,12/13/2022,535,Tornado, ,EF2,0,0,0,0,TX,CST-6, ,175615,C,133,FWD,0,0,NWS Storm Survey, ,11.13,355,4,SE,8,NNE,DESDEMONA,12/13/2022,553,32.2965,-98.6678,32.3764,-98.503,"The tornado began near CR 575 with tree and fence damage observed. It moved northeast and severely damaged a large forested area, uprooting and debarking large trees. A 2-story single family home near CR 2214 and CR 571 was severely damaged. Portions of the roof were peeled away, and a partial exterior wall collapse was sustained on the north side of the structure. Additionally, substantial interior damage was observed, along with blown out windows and missing exterior brick sections. A large hardwood tree was uprooted and fell onto the southeast side of the 2-story house as well. A covered brick outdoor kitchen was completely destroyed and farming equipment was lofted and damaged. Significant tree damage continued near CR 433. The tornado then moved onto another private property off of CR 488 and severely damaged a manufactured home, collapsing all exterior walls. A large metal frame shed used to house large farm equipment was also destroyed on the property. As the tornado tracked across farm land, tree damage continued near CR 488 and hay bale coverings were plastered on the fence line where it crossed the road. The tornado continued across ranch land, and as it crossed Highway 16, it continued to cause tree damage. The tornado began weakening as it continued its northeast track beyond Highway 16, but some tree damage was observed on CR 495 before the tornado finally lifted. Maximum estimated winds were 135 mph.","A tornado outbreak occurred in the morning hours of December 13th resulting in 16 tornadoes across the northern half of the CWA; generally all along and north of Interstate 20. A total of 4 tornadoes were rated EF-2, and 9 people were injured, but none sustained life saving injuries. The most injuries occurred in the Grapevine tornado in Tarrant County. In addition to the tornadoes, one storm produced hail up to the size tennis balls in Rockwall County.",147
1068190,POTTAWATOMIE CO.,WANETTE,12/13/2022,546,Tornado, ,EF0,0,0,5000,0,OK,CST-6, ,175940,C,125,OUN,0,0,Emergency Manager, ,0.6,30,5,WSW,5,WSW,WANETTE,12/13/2022,547,34.938,-97.116,34.944,-97.11,"A trailer was damaged in far southern Pottawatomie County to the west-southwest of Wanette.","Storms moved through Oklahoma late in the evening of December 12th and into the early morning hours of the 13th, producing isolated severe weather including a few tornadoes.",148
1068193,GARVIN CO.,HENNEPIN,12/13/2022,555,Tornado, ,EF1,0,0,5000,0,OK,CST-6, ,175940,C,49,OUN,0,0,Emergency Manager, ,4.2,100,1,E,5,NE,HENNEPIN,12/13/2022,600,34.511,-97.34,34.553,-97.287,"Trees were damaged and the roof was removed from a communications building along State Highway 7 just northeast of Hennepin. The tornado likely moved northeast into unpopulated areas near Wildhorse Creek and Sandy Creek before dissipating.","Storms moved through Oklahoma late in the evening of December 12th and into the early morning hours of the 13th, producing isolated severe weather including a few tornadoes.",149
1065985,PARKER CO.,COOL,12/13/2022,610,Tornado, ,EF0,0,0,0,0,TX,CST-6, ,175615,C,367,FWD,0,0,NWS Storm Survey, ,1.07,50,5,NW,5,SSW,WHITT,12/13/2022,613,32.8785,-98.0565,32.8848,-98.0397,"A brief EF-0 tornado affected western Parker County where tree damage was noted through the wooded terrain and open fields near Lamkin Road. Maximum estimated winds were 80 mph.","A tornado outbreak occurred in the morning hours of December 13th resulting in 16 tornadoes across the northern half of the CWA; generally all along and north of Interstate 20. A total of 4 tornadoes were rated EF-2, and 9 people were injured, but none sustained life saving injuries. The most injuries occurred in the Grapevine tornado in Tarrant County. In addition to the tornadoes, one storm produced hail up to the size tennis balls in Rockwall County.",150
1065982,PALO PINTO CO.,SANTO,12/13/2022,631,Tornado, ,EF1,0,0,0,0,TX,CST-6, ,175615,C,363,FWD,0,0,NWS Storm Survey, ,3.7,230,5,ESE,5,SSE,BRAZOS,12/13/2022,644,32.5735,-98.138,32.6076,-98.0891,"An EF-1 tornado affected southeastern Palo Pinto County near Santo. The tornado touched down near the intersection of South Bosley Road and Single Oak Lane where tree damage and minor roof damage was noted. The tornado then moved northeast, crossing Highway 281 towards Live Oak Road where it produced damage to numerous outbuildings, including the complete destruction of a small home gym. The tornado lifted east of Live Oak Road. Maximum estimated winds were 110 MPH.","A tornado outbreak occurred in the morning hours of December 13th resulting in 16 tornadoes across the northern half of the CWA; generally all along and north of Interstate 20. A total of 4 tornadoes were rated EF-2, and 9 people were injured, but none sustained life saving injuries. The most injuries occurred in the Grapevine tornado in Tarrant County. In addition to the tornadoes, one storm produced hail up to the size tennis balls in Rockwall County.",151
1065986,WISE CO.,PARADISE,12/13/2022,659,Tornado, ,EF2,0,2,0,0,TX,CST-6, ,175615,C,497,FWD,0,0,NWS Storm Survey, ,9.71,370,2,S,3,N,HERMAN,12/13/2022,713,33.1195,-97.6563,33.2154,-97.5338,"An EF-2 tornado affected Wise County from southeast of Paradise to southeast of Decatur. The tornado started along Thompson Road where tree damage was noted along with minor structure damage. Moving northeast the tornado impacted structures and trees along CRs 4380 & 4396. The tornado appeared to strengthen and widen as it approached CR 4280 near CR 4191. The tornado struck two homes along CR 4191 causing EF-2 damage. Continuing northeast, the tornado caused EF-2 roof damage to two more homes along FM 730. The next notable damage was to an industrial park near Highway 287 and FM 2264. This area was rated EF-1. By this time, the tornado had narrowed in width. It continued to do minor damage until it lifted north of CR 4010. Maximum estimated winds were 125 mph.","A tornado outbreak occurred in the morning hours of December 13th resulting in 16 tornadoes across the northern half of the CWA; generally all along and north of Interstate 20. A total of 4 tornadoes were rated EF-2, and 9 people were injured, but none sustained life saving injuries. The most injuries occurred in the Grapevine tornado in Tarrant County. In addition to the tornadoes, one storm produced hail up to the size tennis balls in Rockwall County.",152
1065983,PARKER CO.,BROCK,12/13/2022,700,Tornado, ,EF0,0,0,0,0,TX,CST-6, ,175615,C,367,FWD,0,0,NWS Storm Survey, ,0.71,50,4,NE,5,SW,WEATHERFORD,12/13/2022,710,32.7259,-97.8788,32.7289,-97.8672,"An EF-0 tornado briefly affected Parker County on the southwest side of Greenwood, southwest of Weatherford. The tornado touched down just south of I-20 on Quanah Hill Road near Dennis Road where tree damage was noted along with damage to a nearby parked trailer. Moving northeast the tornado crossed Interstate 20 where multiple 18 wheelers were flipped over. Just north of Interstate 20, the tornado impacted a commercial warehouse/garage on Dennis Road where the overhead doors and a portion of the south wall collapsed outward while the overhead doors on the north side of the building collapsed inward. The tornado continued northeastward into a neighborhood north of Quanah Hill Road where additional tree damage was noted with additional minor damage along the street before the tornado lifted. Maximum estimated winds were 85 mph.","A tornado outbreak occurred in the morning hours of December 13th resulting in 16 tornadoes across the northern half of the CWA; generally all along and north of Interstate 20. A total of 4 tornadoes were rated EF-2, and 9 people were injured, but none sustained life saving injuries. The most injuries occurred in the Grapevine tornado in Tarrant County. In addition to the tornadoes, one storm produced hail up to the size tennis balls in Rockwall County.",153
1065984,ERATH CO.,BLUFF DALE,12/13/2022,734,Tornado, ,EF1,0,0,0,0,TX,CST-6, ,175615,C,143,FWD,0,0,NWS Storm Survey, ,0.66,44,1,SSW,1,SSE,BLUFF DALE,12/13/2022,737,32.3331,-98.0242,32.3359,-98.0134,"A brief EF-1 tornado affected Erath County near Bluff Dale. The tornado briefly touched down near Peninsula Drive where multiple, large oak trees were uprooted. The tornado lifted northeast across Lakeside Drive, uprooting numerous trees at three homes along Lanyard Drive. One home suffered significant loss of roofing materials. The tornado continued northeast towards County Road 172 before lifting. Maximum estimated winds were 95 mph.","A tornado outbreak occurred in the morning hours of December 13th resulting in 16 tornadoes across the northern half of the CWA; generally all along and north of Interstate 20. A total of 4 tornadoes were rated EF-2, and 9 people were injured, but none sustained life saving injuries. The most injuries occurred in the Grapevine tornado in Tarrant County. In addition to the tornadoes, one storm produced hail up to the size tennis balls in Rockwall County.",154
1065987,COOKE CO.,CALLISBURG,12/13/2022,744,Tornado, ,EF0,0,0,30000,0,TX,CST-6, ,175615,C,97,FWD,0,0,NWS Storm Survey, ,0.44,150,3,WNW,3,NW,CALLISBURG,12/13/2022,746,33.7232,-97.0697,33.7265,-97.0631,"The tornado formed just northwest of the intersection of FM 371 and Cooke County Road 122, about 2 miles northwest of Callisburg. One residence just west of FM 371 sustained minor roof damage, a window broken due to a snapped tree limb, and a storage door buckled in. Substantial tree damage also occurred on the property surrounding this residence. The tornado crossed FM 371 and moved northeast through a grove of trees for approximately 400 yards. Substantial tree damage was observed within this part of the track. The tornado dissipated after transiting this grove of trees. Maximum estimated winds were 85 mph.","A tornado outbreak occurred in the morning hours of December 13th resulting in 16 tornadoes across the northern half of the CWA; generally all along and north of Interstate 20. A total of 4 tornadoes were rated EF-2, and 9 people were injured, but none sustained life saving injuries. The most injuries occurred in the Grapevine tornado in Tarrant County. In addition to the tornadoes, one storm produced hail up to the size tennis balls in Rockwall County.",155
1065988,TARRANT CO.,WESTOVER HILLS,12/13/2022,810,Tornado, ,EF0,0,0,50000,0,TX,CST-6, ,175615,C,439,FWD,0,0,NWS Storm Survey, ,0.81,25,0,WSW,0,WSW,WESTWORTH,12/13/2022,812,32.7693,-97.4337,32.7778,-97.4245,"A supercell embedded within the line of storms moved into the White Settlement/far northwestern Fort Worth area shortly after 8:00 AM. As the storm moved over the NAS JRB, video evidence shows a tornado developed near the control tower. Damage was observed to a metal warehouse building where the metal roof was peeled off and scattered across the taxiway. The tornado continued to track northeast damaging a fitness facility before dissipating just south of the commissary near the food court. The heaviest of the damage occurred to the fitness facility, where most of the sunshades were ripped off. Additional damage was observed to trees along the path of the tornado. Maximum estimated winds were 75 mph.","A tornado outbreak occurred in the morning hours of December 13th resulting in 16 tornadoes across the northern half of the CWA; generally all along and north of Interstate 20. A total of 4 tornadoes were rated EF-2, and 9 people were injured, but none sustained life saving injuries. The most injuries occurred in the Grapevine tornado in Tarrant County. In addition to the tornadoes, one storm produced hail up to the size tennis balls in Rockwall County.",156
1065991,TARRANT CO.,LAKE WORTH,12/13/2022,814,Tornado, ,EF1,0,0,1000,0,TX,CST-6, ,175615,C,439,FWD,0,0,Public, ,0.18,40,1,SW,1,WSW,LAKE WORTH,12/13/2022,816,32.7945,-97.4096,32.797,-97.4085,"The parent mesocyclone that impacted the NAS JRB continued moving off to the northeast, developing another tornado that mainly impacted the Marion Sansom Park. Damage was confined to trees, with a few trees snapped near the top of the trunk. The tornado crossed Roberts Cut Off Rd, causing more tree damage and minor fence damage before dissipating as it entered the city of Sansom Park. Maximum estimated winds were 105 mph.","A tornado outbreak occurred in the morning hours of December 13th resulting in 16 tornadoes across the northern half of the CWA; generally all along and north of Interstate 20. A total of 4 tornadoes were rated EF-2, and 9 people were injured, but none sustained life saving injuries. The most injuries occurred in the Grapevine tornado in Tarrant County. In addition to the tornadoes, one storm produced hail up to the size tennis balls in Rockwall County.",157
1065992,TARRANT CO.,(FTW)MEACHAM ARPT FT,12/13/2022,818,Tornado, ,EF0,0,0,1000,0,TX,CST-6, ,175615,C,439,FWD,0,0,NWS Storm Survey, ,0.34,25,1,NE,1,NE,(FTW)MEACHAM ARPT FT,12/13/2022,820,32.8294,-97.3387,32.8316,-97.3334,"Video evidence was received of a brief, EF0 tornado that crossed over the train tracks at the railyard east of Blue Mound Road and north of Meacham Blvd. The tornado knocked over a few rail cars. A few broken branches were noted east of the railyard. Maximum estimated winds were around 70 mph.","A tornado outbreak occurred in the morning hours of December 13th resulting in 16 tornadoes across the northern half of the CWA; generally all along and north of Interstate 20. A total of 4 tornadoes were rated EF-2, and 9 people were injured, but none sustained life saving injuries. The most injuries occurred in the Grapevine tornado in Tarrant County. In addition to the tornadoes, one storm produced hail up to the size tennis balls in Rockwall County.",158
1065993,TARRANT CO.,SMITHFIELD,12/13/2022,834,Tornado, ,EF1,0,0,0,0,TX,CST-6, ,175615,C,439,FWD,0,0,NWS Storm Survey, ,1.85,40,2,WNW,2,S,KELLER GOODE ARPT,12/13/2022,840,32.8863,-97.2055,32.9041,-97.1819,"An EF-1 tornado with maximum winds of 90 mph developed just west of Davis Blvd on Sayer Ln in North Richland Hills, causing damage to residential properties. Roof damage was observed, along with damage to trees, as the tornado moved to the northeast. Notable roof damage occurred to several businesses along Davis Blvd before moving over the NRH Tipps Canine Hollow Dog Park. The tornado crossed Northfield Park then moved into another residential neighborhood where additional tree and shingle damage was observed. The tornado crossed Precinct Line just north of Lavaca Trl and dissipated as it reached W. McDonwell School Rd.","A tornado outbreak occurred in the morning hours of December 13th resulting in 16 tornadoes across the northern half of the CWA; generally all along and north of Interstate 20. A total of 4 tornadoes were rated EF-2, and 9 people were injured, but none sustained life saving injuries. The most injuries occurred in the Grapevine tornado in Tarrant County. In addition to the tornadoes, one storm produced hail up to the size tennis balls in Rockwall County.",159
1065994,TARRANT CO.,GRAPEVINE,12/13/2022,842,Tornado, ,EF1,0,5,0,0,TX,CST-6, ,175615,C,439,FWD,0,0,NWS Storm Survey, ,3.11,150,1,W,2,NNE,GRAPEVINE,12/13/2022,849,32.9282,-97.1016,32.9587,-97.0628,"An EF-1 tornado moved through Grapevine beginning near the Mustang Elite Car Wash on Ira E Woods Ave south of Hwy 114. The tornado crossed Ira E Woods Ave causing significant roof damage to the Sam's Club. Large sections of the roof were peeled off leaving large holes. The tornado then damaged a storage unit facility and a Discount Tire store. Many of the windows of the Discount Tire lobby where blown out, and a few power poles next to the store were also damaged. The tornado continued moving northeast damaging trees and shingles in a residential area. Near the intersection of Northwest Highway & North Dove Road the tornado damaged another car wash and a restaurant. The tornado next caused damage to two HVACs at Grapevine Middle School. The next notable damage was to the Grapevine Service Center where significant roof damage was observed, and several garage doors where blown out. One small truck was also overturned. The tornado continued through a residential area where it caused minor damage to several trees and roofs, but it damaged several large trees at the Grapevine Cemetery. The tornado continued to weaken from here until it dissipated near the Glass Cactus on the Gaylord Texan Resort property. Maximum estimated winds were 110 mph.","A tornado outbreak occurred in the morning hours of December 13th resulting in 16 tornadoes across the northern half of the CWA; generally all along and north of Interstate 20. A total of 4 tornadoes were rated EF-2, and 9 people were injured, but none sustained life saving injuries. The most injuries occurred in the Grapevine tornado in Tarrant County. In addition to the tornadoes, one storm produced hail up to the size tennis balls in Rockwall County.",160
1065995,TARRANT CO.,GRAPEVINE,12/13/2022,849,Tornado, ,EF1,0,0,0,0,TX,CST-6, ,175615,C,439,FWD,0,0,NWS Storm Survey, ,0.75,100,3,NE,4,NE,GRAPEVINE,12/13/2022,851,32.965,-97.044,32.9747,-97.0381,"A brief EF-1 tornado damaged parts of Grapevine Mills Mall including portions of the roof near the food court, paneling and HVACs on the roof of the mall, and the walls around the Burlington store. The tornado tracked north where it damaged some roofs in the Terrawood Apartment complex. There was also some minor tree damage in between the mall and the apartment complex. The tornado dissipated shortly after that. Maximum estimated winds were 100 mph.","A tornado outbreak occurred in the morning hours of December 13th resulting in 16 tornadoes across the northern half of the CWA; generally all along and north of Interstate 20. A total of 4 tornadoes were rated EF-2, and 9 people were injured, but none sustained life saving injuries. The most injuries occurred in the Grapevine tornado in Tarrant County. In addition to the tornadoes, one storm produced hail up to the size tennis balls in Rockwall County.",161
1065999,COLLIN CO.,BLUE RIDGE,12/13/2022,947,Tornado, ,EF2,0,2,0,0,TX,CST-6, ,175615,C,85,FWD,0,0,NWS Storm Survey, ,7.52,225,2,W,2,NNW,PIKE,12/13/2022,957,33.2981,-96.4287,33.349,-96.32,"An EF-2 tornado affected Collin and Fannin Counties from west of Blue Ridge to northwest of Bailey with damage noted around the northwestern side of Leonard. The tornado touched down on the west side of Blue Ridge along FM 545 where tree damage and structure damage was noted. Moving northeast the tornado impacted the athletic fields near the junior high and high school with several free standing light poles bent near the ground, the complete collapse of the brick dug outs near the baseball field, and damage to trees, fences, and other equipment around the property. The tornado appeared to strengthen as it struck 3 manufactured homes just east of the schools where two of the single wide trailers rolled, and the walls and roof of the homes became separated from the undercarriage. The next notable damage occurred in northeast Collin County where a double wide manufactured home rolled and collapsed leading to 1 injury from occupant entrapment. The narrow path of tree and structural damage continued across the county line into Fannin County to the west and north of Leonard. The tornado continued to do damage to several structures including a water plant and several single family homes until it lifted near State Highway 11 west of Bailey. Maximum estimated winds were 125 mph.","A tornado outbreak occurred in the morning hours of December 13th resulting in 16 tornadoes across the northern half of the CWA; generally all along and north of Interstate 20. A total of 4 tornadoes were rated EF-2, and 9 people were injured, but none sustained life saving injuries. The most injuries occurred in the Grapevine tornado in Tarrant County. In addition to the tornadoes, one storm produced hail up to the size tennis balls in Rockwall County.",162
1066000,FANNIN CO.,NOBILITY,12/13/2022,957,Tornado, ,EF2,0,0,0,0,TX,CST-6, ,175615,C,147,FWD,0,0,NWS Storm Survey, ,10.09,225,3,ESE,1,NW,BAILEY,12/13/2022,1013,33.349,-96.32,33.4412,-96.1858,"This is a continuation of the tornado that began in Collin County near Blue Ridge. An EF-2 tornado affected Collin and Fannin Counties from west of Blue Ridge to northwest of Bailey with damage noted around the northwestern side of Leonard. The tornado touched down on the west side of Blue Ridge along FM 545 where tree damage and structure damage was noted. Moving northeast the tornado impacted the athletic fields near the junior high and high school with several free standing light poles bent near the ground, the complete collapse of the brick dug outs near the baseball field, and damage to trees, fences, and other equipment around the property. The tornado appeared to strengthen as it struck 3 manufactured homes just east of the schools where two of the single wide trailers rolled, and the walls and roof of the homes became separated from the undercarriage. The next notable damage occurred in northeast Collin County where a double wide manufactured home rolled and collapsed leading to 1 injury from occupant entrapment. The narrow path of tree and structural damage continued across the county line into Fannin County to the west and north of Leonard. The tornado continued to do damage to several structures including a water plant and several single family homes until it lifted near State Highway 11 west of Bailey. Maximum estimated winds were 125 mph.","A tornado outbreak occurred in the morning hours of December 13th resulting in 16 tornadoes across the northern half of the CWA; generally all along and north of Interstate 20. A total of 4 tornadoes were rated EF-2, and 9 people were injured, but none sustained life saving injuries. The most injuries occurred in the Grapevine tornado in Tarrant County. In addition to the tornadoes, one storm produced hail up to the size tennis balls in Rockwall County.",163
1066001,HUNT CO.,BAILEY,12/13/2022,1012,Tornado, ,EF1,0,0,0,0,TX,CST-6, ,175615,C,231,FWD,0,0,NWS Storm Survey, ,1.64,50,6,SSE,5,SE,BAILEY,12/13/2022,1014,33.3566,-96.1333,33.376,-96.117,"An EF-1 tornado affected Hunt and Fannin Counties near Wolfe City. The tornado touched down near FM 816 near Loring Creek in Hunt County where tree and structural damage was noted. Moving northeast the tornado crossed the county line into Fannin County where additional tree and structural damage was noted near State Highway 11. The tornado continued northeast through southern Fannin County where it moved through a solar farm destroying a path of panels. By this time, the tornado had weakened with the last notable damage found near Speaker Jimmy Turman Road where it continued to do minor damage before lifting. Maximum estimated winds were 90 mph.","A tornado outbreak occurred in the morning hours of December 13th resulting in 16 tornadoes across the northern half of the CWA; generally all along and north of Interstate 20. A total of 4 tornadoes were rated EF-2, and 9 people were injured, but none sustained life saving injuries. The most injuries occurred in the Grapevine tornado in Tarrant County. In addition to the tornadoes, one storm produced hail up to the size tennis balls in Rockwall County.",164
1066003,FANNIN CO.,BAILEY,12/13/2022,1014,Tornado, ,EF1,0,0,0,0,TX,CST-6, ,175615,C,147,FWD,0,0,NWS Storm Survey, ,4.96,50,5,SE,4,SE,GOBER,12/13/2022,1022,33.376,-96.117,33.4217,-96.0528,"This is a continuation of the tornado that started in northern Hunt County. An EF-1 tornado affected Hunt and Fannin Counties near Wolfe City. The tornado touched down near FM 816 near Loring Creek in Hunt County where tree and structural damage was noted. Moving northeast the tornado crossed the county line into Fannin County where additional tree and structural damage was noted near State Highway 11. The tornado continued northeast through southern Fannin County where it moved through a solar farm destroying a path of panels. By this time, the tornado had weakened with the last notable damage found near Speaker Jimmy Turman Road where it continued to do minor damage before lifting. Maximum estimated winds were 90 mph.","A tornado outbreak occurred in the morning hours of December 13th resulting in 16 tornadoes across the northern half of the CWA; generally all along and north of Interstate 20. A total of 4 tornadoes were rated EF-2, and 9 people were injured, but none sustained life saving injuries. The most injuries occurred in the Grapevine tornado in Tarrant County. In addition to the tornadoes, one storm produced hail up to the size tennis balls in Rockwall County.",165
1066002,LAMAR CO.,PETTY,12/13/2022,1045,Tornado, ,EF2,0,0,0,0,TX,CST-6, ,175615,C,277,FWD,0,0,NWS Storm Survey, ,10.21,200,1,NNW,3,S,SUMNER,12/13/2022,1057,33.6144,-95.8268,33.6895,-95.6763,"The tornado formed in open pastureland west of FM 38, approximately 1.5 miles west of Petty, TX. The tornado moved northeast, crossing FM 38 and significantly damaging a metal roofing system at a commercial establishment.  Approximately half of the metal roof and siding panels were removed, and metal support beams were ripped from their anchors.  Damage at this location was consistent with high end EF-1 tornado wind speeds.  The tornado also impacted 2 metal buildings immediately northeast of this main commercial establishment.  The tornado continued toward the northeast, crossing County Road 35020 and causing minor EF-0 tree and shingle damage to two residences along CR 35020.  The tornado continued to travel northeast, eventually impacting 3 residences near FM 38 and CR 34020.  The most significant damage occurred to a large combination metal system barn/residence. Most of this structure was destroyed, with large portions of the metal roofing and siding removed. Large metal beams were dislodged from their anchors and several were severely twisted. Damage here was consistent with low end EF-2 wind speeds of approximately 115 mph. Adjacent structures suffered less significant roof damage consistent with EF-0/EF-1 winds. The tornado traveled northeast for an additional three quarters of a mile, impacting some outbuildings and trees with EF-0 winds. Dissipation occurred shortly after crossing CR 33040 approximately 3.5 miles west of Hopewell. Maximum estimated winds were 115 mph.","A tornado outbreak occurred in the morning hours of December 13th resulting in 16 tornadoes across the northern half of the CWA; generally all along and north of Interstate 20. A total of 4 tornadoes were rated EF-2, and 9 people were injured, but none sustained life saving injuries. The most injuries occurred in the Grapevine tornado in Tarrant County. In addition to the tornadoes, one storm produced hail up to the size tennis balls in Rockwall County.",166
1061291,PANOLA CO.,DE BERRY,12/13/2022,1538,Tornado, ,EF2,0,0,25000,0,TX,CST-6, ,175074,C,365,SHV,0,0,NWS Storm Survey, ,3.4,460,3,NW,4,WSW,PANOLA PEDROS ARPT,12/13/2022,1544,32.3323,-94.2154,32.366,-94.173,"An EF-2 tornado with estimated maximum winds around 115 mph touched down in a forested area in Northern Panola County just west of County Road 3123, where approximately a couple hundred softwood trees were snapped and uprooted across an area around 460 yards wide. The tornado damage swath narrowed as it damaged a roof of a single family home off of County Road 312 and County Road 3123. The tornado continued to snap and uproot trees as it tracked across FM 31 and into Southern Harrison County near the Elysian Fields community.","A strong upper level low pressure system shifted northeast out of the Central Rockies across Eastern Colorado and Northwest Kansas during the day on December 13th, which allowed for surface low pressure to develop along an attendant cold front that extended south across Western Kansas into Western Oklahoma and Northwest Texas. Meanwhile, a tightening pressure gradient ahead of the front resulted in strong southerly low level winds across the Southern Plains and Lower Mississippi Valley, with an increase in warmer, more humid and unstable air spreading back north into East Texas and the Lower Mississippi Valley. Large scale forcing increased during the afternoon across East Texas ahead of the approaching upper trough, along a dry line that had mixed east ahead of the cold front. Thus, scattered showers and thunderstorms developed across much of East Texas, some of which became severe as they tapped the strongly sheared air mass in place and the better instability contributed from daytime heating. Several reports of damaging winds which downed trees were received across East Texas, and spawned an isolated tornado over Northern Panola and Southern Harrison Counties near the Elysian Fields community, before lifting prior to reaching Caddo Parish in Northwest Louisiana.",167
1061292,HARRISON CO.,ELYSIAN FLDS,12/13/2022,1544,Tornado, ,EF2,0,0,60000,0,TX,CST-6, ,175074,C,203,SHV,0,0,NWS Storm Survey, ,5.75,460,0,SE,4,SSW,WASKOM,12/13/2022,1552,32.366,-94.173,32.4211,-94.0992,"This is a continuation of the Northern Panola County EF-2 tornado. This tornado weakened slightly to a strong EF-1 with estimated maximum winds near 110 mph as it entered Southern Harrison County near the Elysian Fields community, where it continued to snap and uproot trees before crossing Old Town Road south of FM 451. A few shingles were torn off of a roof of a single family home along Old Town Road, before the tornado crossed FM 451 near CR 1212 just west of Elysian Fields High School, where it paralleled CR 1214 as it continued to snap and uproot trees, and damaged the roof of an outbuilding and destroyed another. The tornado then crossed FM 9 where it damaged a two story home, removing large portions of the roof before lifting shortly thereafter upon crossing a private road just southeast of FM 9.","A strong upper level low pressure system shifted northeast out of the Central Rockies across Eastern Colorado and Northwest Kansas during the day on December 13th, which allowed for surface low pressure to develop along an attendant cold front that extended south across Western Kansas into Western Oklahoma and Northwest Texas. Meanwhile, a tightening pressure gradient ahead of the front resulted in strong southerly low level winds across the Southern Plains and Lower Mississippi Valley, with an increase in warmer, more humid and unstable air spreading back north into East Texas and the Lower Mississippi Valley. Large scale forcing increased during the afternoon across East Texas ahead of the approaching upper trough, along a dry line that had mixed east ahead of the cold front. Thus, scattered showers and thunderstorms developed across much of East Texas, some of which became severe as they tapped the strongly sheared air mass in place and the better instability contributed from daytime heating. Several reports of damaging winds which downed trees were received across East Texas, and spawned an isolated tornado over Northern Panola and Southern Harrison Counties near the Elysian Fields community, before lifting prior to reaching Caddo Parish in Northwest Louisiana.",168
1061294,CADDO PAR.,FOUR FORKS,12/13/2022,1636,Tornado, ,EF2,2,2,500000,0,LA,CST-6, ,175075,C,17,SHV,0,0,NWS Storm Survey, ,3.46,700,2,W,3,NNE,FOUR FORKS,12/13/2022,1641,32.221,-94.0102,32.2569,-93.969,"An EF-2 tornado with estimated maximum winds near 130 mph touched down in extreme Southwest Caddo Parish near the Four Forks community, where it initially produced minor tree damage along Johns Road just to the south of Keatchie Marshall Road. As the tornado crossed Keatchie Marshall Road, it quickly began to strengthen, producing damage to a number of hardwood and softwood trees. The tornado continued its northeast track across Rita and Laurie Ann Streets, where additional trees were snapped and uprooted, and minor damage to a few homes occurred. The tornado then approached a number of manufactured homes as it moved across Pecan Road, producing EF-2 damage with winds estimated at 130 mph. A single-wide mobile home was completely destroyed, with similar damage occurring to three additional single-wide homes on Pecan Road as it moved across Lareta Street. Two other single-wide mobile homes were completely destroyed on both sides of Pecan Road just south of Lareta Street. ||As the tornado crossed Lareta Street, it lifted a double-wide manufactured home and tossed it to the north and east. Two residents inside the home were killed, with an 8 year old boy thrown an estimated 500-600 yards to the north, and his 30 year old mother thrown an estimated 200 yards before being found on Paula Road. In addition to these two fatalities, two other individuals on Pecan Road were injured from this tornado. Upon crossing Paula Street, the tornado continued to move northeast, snapping and uprooting additional trees to the west of Four Forks Road before crossing Highway 169 just south of Small Road and lifting.","A strong upper level low pressure system shifted northeast out of the Central Rockies across Eastern Colorado and Northwest Kansas during the day on December 13th, which allowed for surface low pressure to develop along an attendant cold front that extended south across Western Kansas into Western Oklahoma and Northwest Texas. Meanwhile, a tightening pressure gradient ahead of the front resulted in strong southerly low level winds across the Southern Plains and Lower Mississippi Valley, with an increase in warmer, more humid and unstable air spreading back north into East Texas and the Lower Mississippi Valley. Large scale forcing increased during the afternoon across East Texas ahead of the approaching upper trough, along a dry line that had mixed east ahead of the cold front. Thus, scattered showers and thunderstorms developed across much of East Texas and Western Louisiana, before becoming more numerous as they spread east across North-central Louisiana. Some of these storms became severe across North Louisiana as they tapped the strongly sheared air mass in place and the better instability contributed from daytime heating. A couple of isolated strong tornadoes were spawned across extreme Southwest Caddo Parish near the Four Forks community, as well as near Farmerville in Central Union Parish. These storms exited the region into Northeast Louisiana by late evening.",169
1061296,UNION PAR.,BAYOU D ARBONNE LAKE,12/13/2022,2023,Tornado, ,EF3,0,14,1200000,0,LA,CST-6, ,175075,C,111,SHV,0,0,NWS Storm Survey, ,9.06,500,3,WNW,2,NNE,CANBEAL,12/13/2022,2034,32.772,-92.4683,32.8477,-92.3409,"An EF-3 tornado with estimated maximum winds near 140 mph touched down near the shore of Lake D'Arbonne along Duty Road, where it tracked northeast while snapping and uprooting numerous hardwood and softwood trees, with trees falling on homes resulting in structural damage. The tornado then briefly moved back over the lake before crossing Highway 2 where several single family homes were heavily damaged and at least a few shops and outbuildings destroyed. The most heavily damaged structure, warranting a 130 mph wind speed estimate, was a two story home which had its roof and much of the second story removed or destroyed. Two injuries occurred within this home, although both were non-critical. The tornado then tracked over a small portion of the lake again before coming ashore and moving across Corney Creek Drive and Dozier Road. In this area, there were several residences damaged by falling trees, although one cabin was largely destroyed due to a combination of falling trees and wind forcing. ||The tornado then tracked over a nearly 2 mile span where the survey team had no access, although a tornado debris signature on radar gave confidence that the circulation remained on the ground. The tornado had grown to a width of approximately 500 yards by the time it next crossed Denton Road, where many EF-2 damage indicators were found and four single family homes were heavily damaged or destroyed. One double-wide mobile home here was thrown and completely destroyed, with 5 injuries reported. A single-wide mobile home was also thrown and destroyed, although no injuries were known to the survey team at this location. Two one or two family homes in this location also suffered damage to roofs and some walls. Additionally, extreme tree damage with at least a few trees exhibiting some debarking were found in this area as well. Significant tree damage continued to the northeast as the tornado crossed Highway 15 and moved across Camp Road. ||The most significant damage associated with this tornado occurred in the Camp Road area as the 400-500 yard wide tornado struck an apartment complex and an adjacent mobile home park. Here, seven of the nine single-wide mobile homes were thrown or completely destroyed. It is estimated that the strongest core of the tornadic winds only clipped the south end of the apartment complex, but one building in this area had a large portion of its roof and some exterior walls removed. This damage warranted the peak 140 mph EF-3 rating of the tornado with widespread mid to strong EF-2 damage occurring throughout this area. According to Louisiana Governor John Bel Edwards, of the 74 units at this housing complex, only 12 of them were habitable following this tornado. The survey team received a confirmation of 14 total injuries, two of which were critical, from this tornado. However, details of which injuries occurred in associated to the various damaged structures along Camp Road were not known. ||Afterwards, the tornado moved through a nearly 2 mile long heavily forested area inaccessible to the survey team,  although the team did confirm strong EF-2 level tree damage did continue well into this forested area east of Camp Road. The tornado did weaken considerably as it crossed Feazel Road after traversing the wooded area. Here, only EF-1 level structural and tree damage was found. The tornado continued to track another mile or so, producing only EF-0 damage to trees before lifting along Sweet Lily Road.","A strong upper level low pressure system shifted northeast out of the Central Rockies across Eastern Colorado and Northwest Kansas during the day on December 13th, which allowed for surface low pressure to develop along an attendant cold front that extended south across Western Kansas into Western Oklahoma and Northwest Texas. Meanwhile, a tightening pressure gradient ahead of the front resulted in strong southerly low level winds across the Southern Plains and Lower Mississippi Valley, with an increase in warmer, more humid and unstable air spreading back north into East Texas and the Lower Mississippi Valley. Large scale forcing increased during the afternoon across East Texas ahead of the approaching upper trough, along a dry line that had mixed east ahead of the cold front. Thus, scattered showers and thunderstorms developed across much of East Texas and Western Louisiana, before becoming more numerous as they spread east across North-central Louisiana. Some of these storms became severe across North Louisiana as they tapped the strongly sheared air mass in place and the better instability contributed from daytime heating. A couple of isolated strong tornadoes were spawned across extreme Southwest Caddo Parish near the Four Forks community, as well as near Farmerville in Central Union Parish. These storms exited the region into Northeast Louisiana by late evening.",170
1083234,FRANKLIN PAR.,SWAMPERS,12/13/2022,2219,Tornado, ,EF1,0,0,20000,0,LA,CST-6, ,178065,C,41,JAN,0,0,NWS Storm Survey, ,1.81,300,2,E,3,ENE,SWAMPERS,12/13/2022,2222,32.18,-91.54,32.2,-91.52,"This tornado began along LA Highway 610 in eastern Franklin Parish where it snapped sporadic trees and downed a utility pole. It reached its peak intensity as it crossed into southwestern Madison Parish where it snapped several more trees. On Parker Rd, a home was shifted on its block foundation, with portions of the roof removed and most windows shattered. A car was crushed by a large tree at this location as well. The tornado crossed LA 610 again then Poland Rd and overturned an irrigation pivot. It then moved into the Big Lake Wildlife Management Area where it downed more trees as it crossed Mill Road. As it approached the Tensas River, it damaged multiple camp buildings off Sharkey Rd. A few roofs were peeled back, and some carports were blown away along with continued snapped and uprooted trees. The tornado crossed the Tensas River and ended shortly thereafter. The maximum estimated winds were 100 mph, EF-1, for this portion of the track. The total path length was 11.13 miles across the two parishes.","Severe thunderstorms developed ahead of a cold front in northeastern Louisiana, including one which produced a tornado.",171
1083235,MADISON PAR.,QUIMBY,12/13/2022,2222,Tornado, ,EF1,0,0,250000,35000,LA,CST-6, ,178065,C,65,JAN,0,0,NWS Storm Survey, ,9.44,300,18,W,9,SSW,TENDAL ARPT,12/13/2022,2235,32.2,-91.52,32.3,-91.41,"This tornado began along LA Highway 610 in eastern Franklin Parish where it snapped sporadic trees and downed a utility pole. It reached its peak intensity as it crossed into southwestern Madison Parish where it snapped several more trees. On Parker Rd, a home was shifted on its block foundation, with portions of the roof removed and most windows shattered. A car was crushed by a large tree at this location as well. The tornado crossed LA 610 again then Poland Rd and overturned an irrigation pivot. It then moved into the Big Lake Wildlife Management Area where it downed more trees as it crossed Mill Road. As it approached the Tensas River, it damaged multiple camp buildings off Sharkey Rd. A few roofs were peeled back, and some carports were blown away along with continued snapped and uprooted trees. The tornado crossed the Tensas River and ended shortly thereafter. The maximum estimated winds were 105 mph, EF-1, for this portion of the track. The total path length was 11.13 miles across the two parishes.","Severe thunderstorms developed ahead of a cold front in northeastern Louisiana, including one which produced a tornado.",172
1069519,RAPIDES PAR.,FOREST HILL,12/13/2022,2226,Tornado, ,EF1,0,0,40000,0,LA,CST-6, ,176168,C,79,LCH,0,0,NWS Storm Survey, ,2.74,100,1,NE,2,SSW,VALDE ROUGE,12/13/2022,2229,31.0599,-92.5369,31.0927,-92.511,"An EF-1 tornado touched down near 10th street on the northwest edge of Forest Hill. The tornado tracked northeast across Highway 165 and lifted near Fish Hatchery Road.  Numerous trees were snapped or uprooted. There was also extensive damage to a nursery and a home located at the nursery. Several outbuildings were also heavily damaged. The maximum estimated winds were 105 mph.","A strong cold front moved through the region spawning a line of thunderstorms. Several tornadoes occurred.",173
1069520,RAPIDES PAR.,VALDE ROUGE,12/13/2022,2231,Tornado, ,EF1,0,0,75000,0,LA,CST-6, ,176168,C,79,LCH,0,0,NWS Storm Survey, ,7.3,150,1,E,1,N,MORELAND,12/13/2022,2237,31.1208,-92.4855,31.2095,-92.4185,"An EF-1 tornado touched down roughly 2 miles south of Woodworth near Campground Road and tracked northeast across Interstate 49 and lifted just east of Old Baton Rouge Highway. The tornado damaged vehicles and buildings at the Louisiana Department of Agriculture and Forestry, while snapping and uprooting numerous trees. The tornado then heavily damaged a large office supply building located on Highway 167. The tornado then damaged a home and numerous outbuildings at a farm on Old Baton Rouge Highway prior to lifting just northeast of this location. The maximum estimated winds were 110 mph.","A strong cold front moved through the region spawning a line of thunderstorms. Several tornadoes occurred.",174
1077241,SHARKEY CO.,ANGUILLA,12/13/2022,2312,Tornado, ,EF2,0,3,1000000,0,MS,CST-6, ,177216,C,125,JAN,0,0,NWS Storm Survey, ,1.06,250,1,W,1,N,ANGUILLA,12/13/2022,2314,32.97,-90.84,32.98,-90.82,"A tornado touched down north of Rolling Fork Road where a few trees had limbs damaged. The tornado intensified quickly as it traveled northeast across Garfield Rd. and destroyed numerous outbuildings. The tornado reached its maximum intensity as it crossed Rolling Fork Rd. and destroyed a well-constructed outbuilding after pulling out concrete anchors weighing several hundred pounds. The concrete was lofted and carried about 50 yards before landing on the pavement. The tornado continued northeastward, with some fluctuation in strength as it damaged numerous trees and caused primarily roof damage to homes. As the tornado crossed US Highway 61, several mobile homes were rolled and destroyed. In this group of homes, three injuries were reported. The tornado weakened and lifted shortly after over farmland. The maximum width was 250 yards. The maximum wind speed was 125 mph.","Severe thunderstorms moved across Mississippi during the evening and overnight hours of the 13th into the 14th, with flash flooding across areas of the Delta and several tornadoes. Severe storm coverage diminished during the night, but storms became severe again during the afternoon of the 14th as a cold front interacted with a warm and unstable air mass in the region. Tornadoes on the 14th were generally along and south of the Interstate 20 corridor with severe storms continuing into the evening.",175
1077242,ISSAQUENA CO.,NEW FITLER,12/13/2022,2321,Tornado, ,EF0,0,0,10000,0,MS,CST-6, ,177216,C,55,JAN,0,0,NWS Storm Survey, ,5.85,200,7,S,4,WNW,VALLEY PARK,12/13/2022,2329,32.6,-91,32.66,-90.929,"A tornado touched down near Lake Albemarle. Initially it produced intermittent tree damage, moved northeast across the levee at Mississippi Highway 465, and then moved across mostly forested and lowland areas of river bottom. The tornado remained near EF-0 intensity until it crossed into Sharkey County near US Highway 61 where it intensified and downed several trees near the roadway. After it crossed the highway, the tornado intensified further, and destroyed numerous farm outbuildings, uprooted and snapped trees, tossed a grain bin, and rolled semi trailers. The tornado here reached a peak intensity of EF-2 with estimated maximum winds of 120 mph. The tornado moved northeast to Omega Road where a few trees were downed, and then it dissipated just west of the Delta National Forest. The maximum estimated winds in Issaquena County were 85 mph. The total path length was 10.28 miles across the two counties.","Severe thunderstorms moved across Mississippi during the evening and overnight hours of the 13th into the 14th, with flash flooding across areas of the Delta and several tornadoes. Severe storm coverage diminished during the night, but storms became severe again during the afternoon of the 14th as a cold front interacted with a warm and unstable air mass in the region. Tornadoes on the 14th were generally along and south of the Interstate 20 corridor with severe storms continuing into the evening.",176
1077243,SHARKEY CO.,SMEDES,12/13/2022,2329,Tornado, ,EF2,0,0,400000,0,MS,CST-6, ,177216,C,125,JAN,0,0,NWS Storm Survey, ,4.41,400,1,SSW,3,ENE,SMEDES,12/13/2022,2336,32.66,-90.929,32.7,-90.87,"A tornado touched down near Lake Albemarle. Initially it produced intermittent tree damage, moved northeast across the levee at Mississippi Highway 465, and then moved across mostly forested and lowland areas of river bottom. The tornado remained near EF-0 intensity until it crossed into Sharkey County near US Highway 61 where it intensified and downed several trees near the roadway. After it crossed the highway, the tornado intensified further, and destroyed numerous farm outbuildings, uprooted and snapped trees, tossed a grain bin, and rolled semi trailers. The tornado here reached a peak intensity of EF-2 with estimated maximum winds of 120 mph. The tornado moved northeast to Omega Road where a few trees were downed, and then it dissipated just west of the Delta National Forest.  The maximum estimated winds in Sharkey county were 120 mph. The total path length was 10.28 miles across the two counties.","Severe thunderstorms moved across Mississippi during the evening and overnight hours of the 13th into the 14th, with flash flooding across areas of the Delta and several tornadoes. Severe storm coverage diminished during the night, but storms became severe again during the afternoon of the 14th as a cold front interacted with a warm and unstable air mass in the region. Tornadoes on the 14th were generally along and south of the Interstate 20 corridor with severe storms continuing into the evening.",177
1077244,HUMPHREYS CO.,CASTLEMAN,12/13/2022,2356,Tornado, ,EF1,0,0,100000,0,MS,CST-6, ,177216,C,53,JAN,0,0,NWS Storm Survey, ,3.15,200,2,NE,1,SE,FOUR MILE,12/14/2022,0,33.24,-90.5,33.27,-90.46,"This tornado began west of Mississippi Highway 7 near Fishco Road, where it overturned an irrigation pivot. As it continued northeast across Smith Rd., it lofted and destroyed an outbuilding and pulled the concrete footing of an outbuilding out of the ground and threw it. Farther northeast, an outbuilding was damaged along Jake Town Rd., and some trees were uprooted. The tornado downed another tree and additional tree branches as it lifted near Four Mile Lake Rd. Maximum estimated winds were 110 mph.","Severe thunderstorms moved across Mississippi during the evening and overnight hours of the 13th into the 14th, with flash flooding across areas of the Delta and several tornadoes. Severe storm coverage diminished during the night, but storms became severe again during the afternoon of the 14th as a cold front interacted with a warm and unstable air mass in the region. Tornadoes on the 14th were generally along and south of the Interstate 20 corridor with severe storms continuing into the evening.",178
1077245,HOLMES CO.,HOWARD,12/14/2022,104,Tornado, ,EF0,0,0,10000,0,MS,CST-6, ,177216,C,51,JAN,0,0,NWS Storm Survey, ,5.91,100,1,SW,2,NW,SHADY GROVE,12/14/2022,109,33.12,-90.19,33.19,-90.14,"A tornado touched down in the Hillside National Wildlife Refuge southeast of Tchula and near Howard, along Blissdale Road. The tornado moved northeast and produced intermittent tree damage as it crossed Mississippi Highway 12 and dissipated near Chinquipin Rd. Estimated peak winds were 80 mph.","Severe thunderstorms moved across Mississippi during the evening and overnight hours of the 13th into the 14th, with flash flooding across areas of the Delta and several tornadoes. Severe storm coverage diminished during the night, but storms became severe again during the afternoon of the 14th as a cold front interacted with a warm and unstable air mass in the region. Tornadoes on the 14th were generally along and south of the Interstate 20 corridor with severe storms continuing into the evening.",179
1083261,ADAMS CO.,CRANFIELD,12/14/2022,254,Tornado, ,EF1,0,0,75000,0,MS,CST-6, ,177216,C,1,JAN,0,0,NWS Storm Survey, ,5.19,300,4,SW,1,E,CRANFIELD,12/14/2022,304,31.5,-91.27,31.53,-91.2,"This tornado began near the intersection of Liberty Road and Prospect Rd. where it uprooted trees and downed large tree branches. It continued northeast across Cranfield Rd. and downed additional trees. The most concentrated damage occurred along Nations Rd. where a mobile home, a travel trailer, and sheds were damaged. Eight residents were trapped in a damaged home along Nations Rd. Farther east, the tornado weakened and lifted before it reached Shady Creek Rd. The maximum estimated winds were 105 mph.","Severe thunderstorms moved across Mississippi during the evening and overnight hours of the 13th into the 14th, with flash flooding across areas of the Delta and several tornadoes. Severe storm coverage diminished during the night, but storms became severe again during the afternoon of the 14th as a cold front interacted with a warm and unstable air mass in the region. Tornadoes on the 14th were generally along and south of the Interstate 20 corridor with severe storms continuing into the evening.",180
1083277,JEFFERSON CO.,HICKS,12/14/2022,324,Tornado, ,EF1,0,0,50000,0,MS,CST-6, ,177216,C,63,JAN,0,0,NWS Storm Survey, ,4.47,300,1,E,4,SE,HARRISTON,12/14/2022,334,31.6194,-91.0314,31.6712,-90.9884,"This tornado began east of Mississippi Highway 33 in southern Jefferson County and moved northeastward near the McNair community. Several trees were snapped or uprooted as the tornado crossed Coonville Road and McNair Rd. and then roughly paralleled Puffer Rd. The tornado damaged the roofs of two homes and damaged a shed as it crossed MS Hwy 28, and lifted shortly thereafter. The estimated peak winds were 105 mph.","Severe thunderstorms moved across Mississippi during the evening and overnight hours of the 13th into the 14th, with flash flooding across areas of the Delta and several tornadoes. Severe storm coverage diminished during the night, but storms became severe again during the afternoon of the 14th as a cold front interacted with a warm and unstable air mass in the region. Tornadoes on the 14th were generally along and south of the Interstate 20 corridor with severe storms continuing into the evening.",181
1083240,FORREST CO.,MACEDONIA,12/14/2022,444,Tornado, ,EF0,0,0,40000,0,MS,CST-6, ,177216,C,35,JAN,0,0,NWS Storm Survey, ,0.2,50,1,NNE,2,NNE,MACEDONIA,12/14/2022,445,31.3986,-89.1701,31.4014,-89.169,"This tornado very briefly touched down just east of Macedonia Road during the morning hours. It damaged the roof of a hay barn, removed the roof from a small shed, tossed a trailer around 100 feet, and snapped several trees. The maximum estimated winds were 75 mph.","Severe thunderstorms moved across Mississippi during the evening and overnight hours of the 13th into the 14th, with flash flooding across areas of the Delta and several tornadoes. Severe storm coverage diminished during the night, but storms became severe again during the afternoon of the 14th as a cold front interacted with a warm and unstable air mass in the region. Tornadoes on the 14th were generally along and south of the Interstate 20 corridor with severe storms continuing into the evening.",182
1083281,JONES CO.,OVETT,12/14/2022,509,Tornado, ,EF1,0,0,20000,0,MS,CST-6, ,177216,C,67,JAN,0,0,NWS Storm Survey, ,4.05,50,4,N,4,S,MYRICK,12/14/2022,518,31.5366,-89.0408,31.5904,-89.0134,"This tornado touched down along Mississippi Highway 15 near its intersection with Ed Crowder Road, where some trees and power lines were blown down. The tornado moved northeast and uprooted and snapped several trees. It dissipated shortly after it crossed Road 201. The maximum wind speed was 90 mph.","Severe thunderstorms moved across Mississippi during the evening and overnight hours of the 13th into the 14th, with flash flooding across areas of the Delta and several tornadoes. Severe storm coverage diminished during the night, but storms became severe again during the afternoon of the 14th as a cold front interacted with a warm and unstable air mass in the region. Tornadoes on the 14th were generally along and south of the Interstate 20 corridor with severe storms continuing into the evening.",183
1077247,HINDS CO.,TERRY,12/14/2022,514,Tornado, ,EF0,0,0,1000,0,MS,CST-6, ,177216,C,49,JAN,0,0,NWS Storm Survey, ,0.8,70,2,SW,1,SW,TERRY,12/14/2022,518,32.0834,-90.3164,32.0927,-90.3082,"This tornado touched down just west of the I-55 Frontage Road and south of Tank Road. There was minor damage to trees near this intersection. A TDS was noted on radar with this tornado. The estimated maximum wind speed was 75 mph.","Severe thunderstorms moved across Mississippi during the evening and overnight hours of the 13th into the 14th, with flash flooding across areas of the Delta and several tornadoes. Severe storm coverage diminished during the night, but storms became severe again during the afternoon of the 14th as a cold front interacted with a warm and unstable air mass in the region. Tornadoes on the 14th were generally along and south of the Interstate 20 corridor with severe storms continuing into the evening.",184
1083264,COPIAH CO.,GEORGETOWN,12/14/2022,548,Tornado, ,EF1,0,0,5000,0,MS,CST-6, ,177216,C,29,JAN,0,0,NWS Storm Survey, ,5.01,150,3,W,4,N,GEORGETOWN,12/14/2022,555,31.8708,-90.2328,31.92,-90.17,"This tornado began near Mississippi Highway 28 west of Georgetown and moved northeastward across MS Hwy 27 and the Pearl River into Simpson County. It lifted near Old River Road. Only tree damage was observed along this tornado track, with multiple trees uprooted. Maximum estimated winds in Copiah county were 90 mph. The total path length was 6.37 miles across both counties.","Severe thunderstorms moved across Mississippi during the evening and overnight hours of the 13th into the 14th, with flash flooding across areas of the Delta and several tornadoes. Severe storm coverage diminished during the night, but storms became severe again during the afternoon of the 14th as a cold front interacted with a warm and unstable air mass in the region. Tornadoes on the 14th were generally along and south of the Interstate 20 corridor with severe storms continuing into the evening.",185
1083265,SIMPSON CO.,UNION,12/14/2022,555,Tornado, ,EF1,0,0,5000,0,MS,CST-6, ,177216,C,127,JAN,0,0,NWS Storm Survey, ,1.34,150,6,WNW,5,WSW,HARRISVILLE,12/14/2022,557,31.92,-90.17,31.938,-90.1616,"This tornado began near Mississippi Highway 28 west of Georgetown and moved northeastward across MS Hwy 27 and the Pearl River into Simpson County. It lifted near Old River Road. Only tree damage was observed along this tornado track, with multiple trees uprooted. Maximum estimated winds in Simpson County were 90 mph. The total path length was 6.37 miles across both counties.","Severe thunderstorms moved across Mississippi during the evening and overnight hours of the 13th into the 14th, with flash flooding across areas of the Delta and several tornadoes. Severe storm coverage diminished during the night, but storms became severe again during the afternoon of the 14th as a cold front interacted with a warm and unstable air mass in the region. Tornadoes on the 14th were generally along and south of the Interstate 20 corridor with severe storms continuing into the evening.",186
1103480,RANKIN CO.,KOCH,12/14/2022,602,Tornado, ,EF0,0,0,1000,0,MS,CST-6, ,177216,C,121,JAN,0,0,NWS Storm Survey, ,0.47,100,4,N,4,N,KOCH,12/14/2022,604,32.5514,-89.8921,32.558,-89.89,"This tornado touched down around the northern reaches of the Ross Barnett Reservoir in Rankin County where a TDS was observed on radar. The tornado moved northeast into Madison County and across the Natchez Trace Parkway where a few dozen trees were either snapped or uprooted. A few mobile homes near Rock Road were damaged, and power lines near the Reservoir were damaged. The tornado snapped and uprooted additional trees near the intersection of Whiddon Rd., Ratliff Ferry Rd., and Holmes Hollow Lane. Trees along Allenwood Drive were blown down including some onto power lines. The tornado continued to snap or uproot scattered trees as it moved northeast into the Shoccoe community. It dissipated after it crossed the intersection of Pat Luckett Rd. and Mississippi Highway 16. For the segment of track in Rankin County, maximum estimated winds were 75 mph. The total path length was 8.96 miles across the two counties.","Severe thunderstorms moved across Mississippi during the evening and overnight hours of the 13th into the 14th, with flash flooding across areas of the Delta and several tornadoes. Severe storm coverage diminished during the night, but storms became severe again during the afternoon of the 14th as a cold front interacted with a warm and unstable air mass in the region. Tornadoes on the 14th were generally along and south of the Interstate 20 corridor with severe storms continuing into the evening.",187
1089571,HINDS CO.,TOUGALOO,12/14/2022,603,Tornado, ,EF0,0,0,1000,0,MS,CST-6, ,177216,C,49,JAN,0,0,NWS Storm Survey, ,0.53,200,17,NE,18,NE,TOUGALOO,12/14/2022,604,32.55,-89.89,32.5577,-89.8898,"This tornado touched down around the northern reaches of the Ross Barnett Reservoir where a tornadic debris signature was observed on radar. The tornado moved northeast across the Natchez Trace Parkway, where a few dozen trees were either snapped or uprooted. A few mobile homes near Rock Road were damaged, and power lines near the Reservoir were damaged. The tornado snapped and uprooted additional trees near the intersection of Whiddon Road, Ratliff Ferry Road, and Holmes Hollow Lane. Trees along Allenwood Drive were blown down including some onto power lines. The tornado continued to snap or uproot scattered trees as it moved northeast into the Shoccoe community. It dissipated after crossing the intersection of Pat Luckett Road and MS Highway 16. Maximum estimated winds for this tornado were 105 mph, EF-1. The maximum estimated width was 2000 yards. For the segment of track in Hinds county, maximum estimated winds were 74 mph, EF-0.","Severe storms approached mostly northern portions the area into the evening and overnight on the 13th with flash flooding across areas of the Mississippi River Delta and several storms producing tornadoes. Severe storm coverage diminished somewhat overnight but with a cold front still northwest of much of the area by afternoon the 14th, storms became intense once again with warm southerly wind and day time heating adding fuel. Tornadoes on the 14th were generally along and south of the I-20 corridor with severe storms continuing into the evening.",188
1089572,MADISON CO.,SHOCCO,12/14/2022,604,Tornado, ,EF1,0,0,50000,0,MS,CST-6, ,177216,C,89,JAN,0,0,NWS Storm Survey, ,8.5,1000,4,S,5,W,FARMHAVEN,12/14/2022,618,32.558,-89.89,32.6691,-89.8274,"This tornado touched down around the northern reaches of the Ross Barnett Reservoir in Rankin County where a TDS was observed on radar. The tornado moved northeast into Madison County and across the Natchez Trace Parkway where a few dozen trees were either snapped or uprooted. A few mobile homes near Rock Road were damaged, and power lines near the Reservoir were damaged. The tornado snapped and uprooted additional trees near the intersection of Whiddon Rd., Ratliff Ferry Rd., and Holmes Hollow Lane. Trees along Allenwood Drive were blown down including some onto power lines. The tornado continued to snap or uproot scattered trees as it moved northeast into the Shoccoe community. It dissipated after it crossed the intersection of Pat Luckett Rd. and Mississippi Highway 16. For the segment of track in Madison County, maximum estimated winds were 105 mph.  The total path length was 8.96 miles across the two counties.","Severe thunderstorms moved across Mississippi during the evening and overnight hours of the 13th into the 14th, with flash flooding across areas of the Delta and several tornadoes. Severe storm coverage diminished during the night, but storms became severe again during the afternoon of the 14th as a cold front interacted with a warm and unstable air mass in the region. Tornadoes on the 14th were generally along and south of the Interstate 20 corridor with severe storms continuing into the evening.",189
1083283,RANKIN CO.,JOHNS,12/14/2022,630,Tornado, ,EF0,0,0,50000,0,MS,CST-6, ,177216,C,121,JAN,0,0,NWS Storm Survey, ,3.83,400,5,WSW,3,SE,ROOK HILL,12/14/2022,634,32.1036,-89.9048,32.1585,-89.8951,"This tornado touched down west of Wade Patrick Road near Cato. It moved north-northeast and caused minor tree damage as it crossed the road. The tornado moved across Rock Hill Rd. near the Rivers Plant Farm. There it collapsed a hay barn and partially damaged a metal roll-up door. Skirting on a nearby mobile home was blown in. The tornado dissipated before it reached MS Highway 18. Maximum estimated winds were 80 mph.","Severe thunderstorms moved across Mississippi during the evening and overnight hours of the 13th into the 14th, with flash flooding across areas of the Delta and several tornadoes. Severe storm coverage diminished during the night, but storms became severe again during the afternoon of the 14th as a cold front interacted with a warm and unstable air mass in the region. Tornadoes on the 14th were generally along and south of the Interstate 20 corridor with severe storms continuing into the evening.",190
1083284,RANKIN CO.,RUFUS,12/14/2022,644,Tornado, ,EF2,0,0,700000,0,MS,CST-6, ,177216,C,121,JAN,0,0,NWS Storm Survey, ,3.59,250,2,NNW,3,SE,CROSS ROADS,12/14/2022,652,32.1999,-89.7911,32.2198,-89.7359,"This tornado touched town in a forested area near Antioch-Shiloh Road and Gaddis Myers Rd. and moved northeast into a chicken farm along Gaddis Myers Rd. All four chicken houses were destroyed, and the debris was strewn throughout the area for several miles to the northeast from there. A few smaller trees were uprooted or damaged as the tornado crossed Mississippi Highway 43 and Elton Everett Rd. After it downed a few tree branches along Concord Road, the tornado dissipated before it reached the Smith County Line. A tornadic debris signature was observed on radar with this tornado. The maximum width was 250 yards. The maximum wind speed was 115 mph.","Severe thunderstorms moved across Mississippi during the evening and overnight hours of the 13th into the 14th, with flash flooding across areas of the Delta and several tornadoes. Severe storm coverage diminished during the night, but storms became severe again during the afternoon of the 14th as a cold front interacted with a warm and unstable air mass in the region. Tornadoes on the 14th were generally along and south of the Interstate 20 corridor with severe storms continuing into the evening.",191
1083285,SCOTT CO.,NORRIS,12/14/2022,737,Tornado, ,EF1,0,0,40000,10000,MS,CST-6, ,177216,C,123,JAN,0,0,NWS Storm Survey, ,5.16,400,2,SW,3,NNE,NORRIS,12/14/2022,749,32.2762,-89.4567,32.3351,-89.4044,"This tornado touched down near Norris Homewood Road and moved northeast across mainly rural portions of southeast Scott County. Most tree damage consisted of downed tree limbs, but a few trees were snapped or uprooted along the path. The most intense damage was centered near the intersection of Annie Moore Road and MS Highway 501 where the roofs of a few homes were partially damaged. The tornado dissipated shortly after it crossed Interstate 20 halfway between Forest and Lake. The maximum estimated wind speed was 105 mph.","Severe thunderstorms moved across Mississippi during the evening and overnight hours of the 13th into the 14th, with flash flooding across areas of the Delta and several tornadoes. Severe storm coverage diminished during the night, but storms became severe again during the afternoon of the 14th as a cold front interacted with a warm and unstable air mass in the region. Tornadoes on the 14th were generally along and south of the Interstate 20 corridor with severe storms continuing into the evening.",192
1083249,JEFFERSON DAVIS CO.,GWINVILLE,12/14/2022,758,Tornado, ,EF1,0,0,25000,0,MS,CST-6, ,177216,C,65,JAN,0,0,NWS Storm Survey, ,4.02,250,4,ESE,7,ENE,GWINVILLE,12/14/2022,804,31.7392,-89.8187,31.774,-89.7638,"A tornado touched down in the morning near NE Sixteenth Rd. in northeastern Jefferson Davis County where a few trees were uprooted. The tornado continued northeast at an estimated EF-0 intensity across Clem School Rd. where numerous trees were damaged or uprooted and some tin panels were removed from an outbuilding roof. The tornado intensified as it approached the Simpson County line, where a more concentrated area of uprooted trees and small snapped trees supported an intensity of EF-1, with peak winds estimated up to 90 mph. Continuing into southeastern Simpson County, the tornado crossed Scott Harrington Rd. and Newhope Rd. where trees were downed, some roofing material of a home was damaged, and a carport and outbuilding were. The tornado weakened as it crossed Berry Lott Rd., with large branches down and some shingles removed from a home. The tornado traveled a short distance further northeast and dissipated. Maximum estimated winds in Jefferson Davis Cunty were 90 mph. The total path length across the two counties was 6.53.","Severe thunderstorms moved across Mississippi during the evening and overnight hours of the 13th into the 14th, with flash flooding across areas of the Delta and several tornadoes. Severe storm coverage diminished during the night, but storms became severe again during the afternoon of the 14th as a cold front interacted with a warm and unstable air mass in the region. Tornadoes on the 14th were generally along and south of the Interstate 20 corridor with severe storms continuing into the evening.",193
1083286,SCOTT CO.,LAKE,12/14/2022,758,Tornado, ,EF1,0,0,50000,0,MS,CST-6, ,177216,C,123,JAN,0,0,NWS Storm Survey, ,0.85,200,2,NNW,2,N,LAKE,12/14/2022,800,32.3767,-89.3496,32.3838,-89.3377,"This tornado touched down south of Crane 11 Road and west of 4th Street where it snapped and uprooted a few trees. As it moved northeast across 4th St. and Little Warrior Rd., the tornado blew down tree branches and damaged a few barns. It dissipated shortly after it crossed Little Warrior Rd. The maximum estimated wind speed was 105 mph.","Severe thunderstorms moved across Mississippi during the evening and overnight hours of the 13th into the 14th, with flash flooding across areas of the Delta and several tornadoes. Severe storm coverage diminished during the night, but storms became severe again during the afternoon of the 14th as a cold front interacted with a warm and unstable air mass in the region. Tornadoes on the 14th were generally along and south of the Interstate 20 corridor with severe storms continuing into the evening.",194
1083251,SIMPSON CO.,JAYNESVILLE,12/14/2022,804,Tornado, ,EF1,0,0,25000,0,MS,CST-6, ,177216,C,127,JAN,0,0,NWS Storm Survey, ,2.5,250,1,ENE,3,NE,JAYNESVILLE,12/14/2022,809,31.774,-89.7638,31.8021,-89.7369,"A tornado touched down in the morning near NE Sixteenth Rd. in northeastern Jefferson Davis County where a few trees were uprooted. The tornado continued northeast at an estimated EF-0 intensity across Clem School Rd. where numerous trees were damaged or uprooted and some tin panels were removed from an outbuilding roof. The tornado intensified as it approached the Simpson County line, where a more concentrated area of uprooted trees and small snapped trees supported an intensity of EF-1, with peak winds estimated up to 90 mph. Continuing into southeastern Simpson County, the tornado crossed Scott Harrington Rd. and Newhope Rd. where trees were downed, some roofing material of a home was damaged, and a carport and outbuilding were. The tornado weakened as it crossed Berry Lott Rd., with large branches down and some shingles removed from a home. The tornado traveled a short distance further northeast and dissipated. Maximum estimated winds in Simpson Cunty were 90 mph. The total path length across the two counties was 6.53.","Severe thunderstorms moved across Mississippi during the evening and overnight hours of the 13th into the 14th, with flash flooding across areas of the Delta and several tornadoes. Severe storm coverage diminished during the night, but storms became severe again during the afternoon of the 14th as a cold front interacted with a warm and unstable air mass in the region. Tornadoes on the 14th were generally along and south of the Interstate 20 corridor with severe storms continuing into the evening.",195
1069521,EVANGELINE PAR.,TATE COVE,12/14/2022,925,Tornado, ,EFU,0,0,0,0,LA,CST-6, ,176168,C,39,LCH,0,0,Public, ,0.01,1,3,NE,3,NE,TATE COVE,12/14/2022,926,30.7663,-92.2172,30.7663,-92.2172,"A storm spotter photographed a tornado that briefly touched down in the Coulee Teal Swamp. The NWS attempted to survey this tornado, however, there are no roads into the area where the tornado touched down. Therefore, the rating will remain unknown.","A strong cold front moved through the region spawning a line of thunderstorms. Several tornadoes occurred.",196
1069523,IBERIA PAR.,DAVIDS,12/14/2022,1049,Tornado, ,EF2,0,16,500000,0,LA,CST-6, ,176168,C,45,LCH,0,0,NWS Storm Survey, ,5.2,300,2,E,2,NW,OLIVIER,12/14/2022,1059,29.9533,-91.8382,30.0009,-91.7708,"An EF-2 tornado touched down just southwest of New Iberia, and tracked northeast along the southeastern edge of New Iberia. The tornado damaged roughly 20 to 25 mobile homes on Bradley Lane. Four of these mobile homes were completely destroyed. ||The tornado then tracked northeast through mostly open field, and clipped a neighborhood on Fontelieu Drive and Copper Road. ||The tornado then directly impacted the New Iberia Medical Center. Numerous vehicles and buildings in the medical center district were heavily damaged. The roofing exterior was completely blown off of a mid rise medical building. A large chunk of the roof decking was also ripped off, while some interior wall damage occurred. ||The tornado then heavily damaged numerous homes along Bayou BLVD, Avenue Bonne Terre, and Old Jeanerette Road.  The tornado continued northeast over open field, before lifting near Sam Snead Drive. ||Maximum estimated winds were 135 mph.","A strong cold front moved through the region spawning a line of thunderstorms. Several tornadoes occurred.",197
1069524,IBERIA PAR.,DAVIDS,12/14/2022,1052,Tornado, ,EFU,0,0,0,0,LA,CST-6, ,176168,C,45,LCH,0,0,Broadcast Media, ,0.2,10,3,E,3,E,DAVIDS,12/14/2022,1053,29.9523,-91.8281,29.955,-91.8267,"This is the Satellite tornado visible on the video footage and verified the location using satellite imagery in a field just west of highway 83.","A strong cold front moved through the region spawning a line of thunderstorms. Several tornadoes occurred.",198
1071345,TANGIPAHOA PAR.,LORANGER,12/14/2022,1158,Tornado, ,EF1,0,0,5000,0,LA,CST-6, ,175951,C,105,LIX,0,0,NWS Storm Survey, ,6.84,50,4,SSE,1,ESE,HUSSER,12/14/2022,1210,30.58,-90.37,30.66,-90.31,"A tornado dropped down near Chappepeela Road, damaging a shed near noon. It continued northeast, tearing a shed in half and throwing it downstream about 100 yards. The tornado tracked northeast, flipping and turning over a shed as it reached Averett Road. A few small trees, less than 10 feet tall, were downed at this location. The tornado continued northeast. It torn down and threw sections of residential wood fencing as it crossed Beau Place Lane and Allen Drive. One home on Allen drive had around half a dozen hardwoods snapped or uprooted, consistent with wind speeds of 100 mph. The path width at this point was the greatest at 50 yards. The rest of the tornado track was in inaccessible woods area. Video evidence showed the tornado |racking through this wooded and field area north of Highway 40 and west of Highway 445. High resolution satellite imagery provided proof of tree damage and defoliation through this area north of Hwy 40 and west of Hwy 445 which was supported by video evidence and existence of a tornado debris signature on KLIX. The tornado lifted after reaching Highway 445 at approximately 12:10 PM CST.","A strong upper level disturbance and surface low produced several supercell thunderstorms with embedded tornadoes across Southeast Louisiana and Southern Mississippi during the late afternoon and evening hours of Wednesday December 14, 2022. These supercell thunderstorms produced straight line wind damage and a several tornadoes in the area. Two EF-2 tornados impacted portions of the New Orleans metro area in St. Charles Parish, and in Jefferson, Orleans, and St. Bernard Parishes.||6 tornadoes have been confirmed from this event. These tornadoes have been determined to range in strength from EF0 to EF2 after NWS storm surveys were conducted. The St. Charles tornado resulted in 8 injuries and 1 fatality.",199
1084755,JASPER CO.,BAXTER,12/14/2022,1208,Tornado, ,EF0,0,0,10000,0,MS,CST-6, ,177216,C,61,JAN,0,0,NWS Storm Survey, ,3.11,100,2,WSW,2,N,BAXTER,12/14/2022,1213,32.1908,-89.2098,32.224,-89.174,"This long track tornado touched down in far northern Jasper County along County Road 24 where some minor tree damage occurred. It initially moved through a wooded hunting area with a TDS observed on radar at the time. Then the tornado moved northeast into Newton County near Mississippi Highway 15. It snapped and uprooted trees it crossed MS Hwy 15. The tornado then crossed MS Hwy 504 and Nicholson Rd. Along Shelby and Garvin Roads, many more trees were damaged and a couple of sheds  were either destroyed or heavily damaged. Some minor roof damage to 2 homes occurred here as well. The tornado continued to move NE and crossed several more roads through a creek bottom area where it mainly damaged trees. The tornado increased in intensity as it neared the west side of Hickory and US Highway 80. It widened and heavily damaged trees and power lines, destroyed a shed, and caused minor roof damage to some homes in the Highway 80/503 area. The tornado crossed Interstate 20 at Hickory-Little Rock Rd. and continued to heavily damage trees and powerlines. One home had some of the roof removed and windows broken. Peak intensity occurred along Caldwell, Pleasant Ridge, and Tatum Roads where low end EF-2 damage occurred to timber. The tornado weakened as it reached Ridge Rd. An old chicken house was heavily damaged between Archie and McNeil Roads. Minor tree limb damage occurred near Chunky Duffy Rd. and Suqualena Rd. as the tornado crossed into Lauderdale County. It dissipated just east of the county line. The maximum estimated winds in Jasper County were 75 mph. The total path length was 25.3 miles across the three counties.","Severe thunderstorms moved across Mississippi during the evening and overnight hours of the 13th into the 14th, with flash flooding across areas of the Delta and several tornadoes. Severe storm coverage diminished during the night, but storms became severe again during the afternoon of the 14th as a cold front interacted with a warm and unstable air mass in the region. Tornadoes on the 14th were generally along and south of the Interstate 20 corridor with severe storms continuing into the evening.",200
1084757,NEWTON CO.,ROBERTS,12/14/2022,1213,Tornado, ,EF2,0,0,300000,0,MS,CST-6, ,177216,C,101,JAN,0,0,NWS Storm Survey, ,21.74,600,3,E,2,SSE,DUFFEE,12/14/2022,1253,32.224,-89.174,32.45,-88.915,"This long track tornado touched down in far northern Jasper County along County Road 24 where some minor tree damage occurred. It initially moved through a wooded hunting area with a TDS observed on radar at the time. Then the tornado moved northeast into Newton County near Mississippi Highway 15. It snapped and uprooted trees it crossed MS Hwy 15. The tornado then crossed MS Hwy 504 and Nicholson Rd. Along Shelby and Garvin Roads, many more trees were damaged and a couple of sheds  were either destroyed or heavily damaged. Some minor roof damage to 2 homes occurred here as well. The tornado continued to move NE and crossed several more roads through a creek bottom area where it mainly damaged trees. The tornado increased in intensity as it neared the west side of Hickory and US Highway 80. It widened and heavily damaged trees and power lines, destroyed a shed, and caused minor roof damage to some homes in the Highway 80/503 area. The tornado crossed Interstate 20 at Hickory-Little Rock Rd. and continued to heavily damage trees and powerlines. One home had some of the roof removed and windows broken. Peak intensity occurred along Caldwell, Pleasant Ridge, and Tatum Roads where low end EF-2 damage occurred to timber. The tornado weakened as it reached Ridge Rd. An old chicken house was heavily damaged between Archie and McNeil Roads. Minor tree limb damage occurred near Chunky Duffy Rd. and Suqualena Rd. as the tornado crossed into Lauderdale County. It dissipated just east of the county line. The maximum estimated winds in Newton County were 115 mph. The total path length was 25.3 miles across the three counties.","Severe thunderstorms moved across Mississippi during the evening and overnight hours of the 13th into the 14th, with flash flooding across areas of the Delta and several tornadoes. Severe storm coverage diminished during the night, but storms became severe again during the afternoon of the 14th as a cold front interacted with a warm and unstable air mass in the region. Tornadoes on the 14th were generally along and south of the Interstate 20 corridor with severe storms continuing into the evening.",201
1084759,LAUDERDALE CO.,SCHAMBERVILLE,12/14/2022,1253,Tornado, ,EF0,0,0,1000,0,MS,CST-6, ,177216,C,75,JAN,0,0,NWS Storm Survey, ,0.18,100,3,SW,3,SW,SCHAMBERVILLE,12/14/2022,1254,32.45,-88.915,32.4511,-88.9122,"This long track tornado touched down in far northern Jasper County along County Road 24 where some minor tree damage occurred. It initially moved through a wooded hunting area with a TDS observed on radar at the time. Then the tornado moved northeast into Newton County near Mississippi Highway 15. It snapped and uprooted trees it crossed MS Hwy 15. The tornado then crossed MS Hwy 504 and Nicholson Rd. Along Shelby and Garvin Roads, many more trees were damaged and a couple of sheds  were either destroyed or heavily damaged. Some minor roof damage to 2 homes occurred here as well. The tornado continued to move NE and crossed several more roads through a creek bottom area where it mainly damaged trees. The tornado increased in intensity as it neared the west side of Hickory and US Highway 80. It widened and heavily damaged trees and power lines, destroyed a shed, and caused minor roof damage to some homes in the Highway 80/503 area. The tornado crossed Interstate 20 at Hickory-Little Rock Rd. and continued to heavily damage trees and powerlines. One home had some of the roof removed and windows broken. Peak intensity occurred along Caldwell, Pleasant Ridge, and Tatum Roads where low end EF-2 damage occurred to timber. The tornado weakened as it reached Ridge Rd. An old chicken house was heavily damaged between Archie and McNeil Roads. Minor tree limb damage occurred near Chunky Duffy Rd. and Suqualena Rd. as the tornado crossed into Lauderdale County. It dissipated just east of the county line. The maximum estimated winds in Lauderdale County were 75 mph. The total path length was 25.3 miles across the three counties.","Severe thunderstorms moved across Mississippi during the evening and overnight hours of the 13th into the 14th, with flash flooding across areas of the Delta and several tornadoes. Severe storm coverage diminished during the night, but storms became severe again during the afternoon of the 14th as a cold front interacted with a warm and unstable air mass in the region. Tornadoes on the 14th were generally along and south of the Interstate 20 corridor with severe storms continuing into the evening.",202
1083243,FORREST CO.,MACEDONIA,12/14/2022,1313,Tornado, ,EF2,0,0,100000,0,MS,CST-6, ,177216,C,35,JAN,0,0,NWS Storm Survey, ,1.93,125,1,N,3,NNE,MACEDONIA,12/14/2022,1316,31.3966,-89.1829,31.4179,-89.1618,"This tornado developed along Pop Runnels Road and moved northeast near the Macedonia community. It snapped and uprooted numerous trees along its path as it crossed John Odom Rd., Coffey Lane, Cedar Grove Rd., Walters Rd., and Macedonia Rd. The roof was taken off of a small building along John Odom R.d, and a tree fell on a mobile home along Macedonia Rd. The most prolific tree damage along the path occurred along Walters Rd. the tornado lifted near Pleasant Trail. Maximum estimated winds were 115 mph.","Severe thunderstorms moved across Mississippi during the evening and overnight hours of the 13th into the 14th, with flash flooding across areas of the Delta and several tornadoes. Severe storm coverage diminished during the night, but storms became severe again during the afternoon of the 14th as a cold front interacted with a warm and unstable air mass in the region. Tornadoes on the 14th were generally along and south of the Interstate 20 corridor with severe storms continuing into the evening.",203
1083258,LAUDERDALE CO.,VIMVILLE,12/14/2022,1357,Tornado, ,EF1,0,0,40000,0,MS,CST-6, ,177216,C,75,JAN,0,0,NWS Storm Survey, ,8.14,300,2,SE,1,SW,KEWANEE,12/14/2022,1411,32.3137,-88.5528,32.4033,-88.4642,"This tornado began near the intersection of Mississippi Highway 19 and Leo McDonald Road and moved northeastward. It snapped several trees along the path. It crossed Linton Rd. twice, where it took the roof off a hay barn, then crossed MS Hwy 496 near Alamucha. It ended near the intersection of Shelby Gressett Rd. and Smith Spur Rd. Here, the roof was taken off an outbuilding, another structure sustained roof damage, and some trees were blown down. Maximum estimated winds were 100 mph.","Severe thunderstorms moved across Mississippi during the evening and overnight hours of the 13th into the 14th, with flash flooding across areas of the Delta and several tornadoes. Severe storm coverage diminished during the night, but storms became severe again during the afternoon of the 14th as a cold front interacted with a warm and unstable air mass in the region. Tornadoes on the 14th were generally along and south of the Interstate 20 corridor with severe storms continuing into the evening.",204
1083260,CLARKE CO.,SHUBUTA,12/14/2022,1419,Tornado, ,EF2,0,0,300000,0,MS,CST-6, ,177216,C,23,JAN,0,0,NWS Storm Survey, ,19.51,1000,4,NE,4,N,PINE RIDGE,12/14/2022,1447,31.899,-88.6554,32.1305,-88.4696,"This tornado started northeast of Shubuta where it snapped a few trees. The tornado continued northeast across County Road 694 where it strengthened to EF-2 strength and began to snap numerous softwood and hardwood trees. The tornado continued across CR 615 where it snapped power poles and numerous trees. As it crossed CR 631 it destroyed a small wood frame home and blew down numerous trees and power poles. As the tornado crossed CR 511, it snapped a few more power poles and numerous hardwood and softwood trees. Near CR 650 and CR 670 it partially lifted the roof off one home and also destroyed a manufactured home as it lifted it off its foundation. The tornado continued along CR 415 where it snapped numerous trees and then crossed MS Hwy 18. The tornado continued northeast and lifted after it crossed CR 421. The maximum estimated wind speed was 135 mph.","Severe thunderstorms moved across Mississippi during the evening and overnight hours of the 13th into the 14th, with flash flooding across areas of the Delta and several tornadoes. Severe storm coverage diminished during the night, but storms became severe again during the afternoon of the 14th as a cold front interacted with a warm and unstable air mass in the region. Tornadoes on the 14th were generally along and south of the Interstate 20 corridor with severe storms continuing into the evening.",205
1071358,ST. CHARLES PAR.,KILLONA,12/14/2022,1420,Tornado, ,EF2,1,8,250000,0,LA,CST-6, ,175951,C,89,LIX,0,0,NWS Storm Survey, ,9.85,75,3,WSW,1,WNW,LA BRANCH,12/14/2022,1433,29.98,-90.52,30.06,-90.39,"NWS Storm Survey found damage consistent with an EF-2 tornado with max winds of 120 mph and a max width of 75 yards in Killona/Montz, LA in St Charles Parish. The tornado touched down near the St Charles Sheriff s Office and Nelson Coleman Correctional Facility at 2:21PM, where it tore off some of the metal roofing sheets and tossed them across a nearby field. The tornado moved northeastward across Hwy 3141, Hwy 3127, and Adams street, snapping small trees and large branches. It then strengthened and crossed Railroad Drive and Schoolhouse Rds, where it destroyed 2 mobile homes and tossed and flipped another mobile home into a neighboring house. It uplifted the roofs of nearby houses and carried them away. Some houses lost their exterior walls. It then continued northeastward and crossed River Rd west of Waterford 3 Nuclear Facility. It crossed the Mississippi River, River Rd (628), and Etienne St. On Etienne St and River Rd, it tore the roof off of a home near the levee and shifted a mobile home off of its foundation.  It also broke large branches off of a few trees. It continued northeastward, crossing Vickers Ln where it snapped a large oak tree and tore the porch off of a house. It also damaged the windows in vehicles at the nearby Cembell Industries, Inc. The tornado continued northeastward paralleling 628 (CC rd), where it snapped a few trees and broke off some large branches. It continued|northeastward across the Kansas Southern Railroad before lifting just before E Airline Hwy at 2:26PM. High resolution satellite coupled with radar imagery indicated the tornado deviated northward briefly toward Prescot Road after crossing Airline Hwy, but then turned east-northeast causing tree damage and defoliation per NDVI differencing. The tornado debris signature on KLIX and NDVI differencing supported the continuation of this path to the shore of Lake Pontchartrain and it's likely the tornado continued into the lake. Preliminarily, there was 1 fatality and 8 injuries associated with this tornado.","A strong upper level disturbance and surface low produced several supercell thunderstorms with embedded tornadoes across Southeast Louisiana and Southern Mississippi during the late afternoon and evening hours of Wednesday December 14, 2022. These supercell thunderstorms produced straight line wind damage and a several tornadoes in the area. Two EF-2 tornados impacted portions of the New Orleans metro area in St. Charles Parish, and in Jefferson, Orleans, and St. Bernard Parishes.||6 tornadoes have been confirmed from this event. These tornadoes have been determined to range in strength from EF0 to EF2 after NWS storm surveys were conducted. The St. Charles tornado resulted in 8 injuries and 1 fatality.",206
1142122,ST. TAMMANY PAR.,COVINGTON ARPT,12/14/2022,1454,Tornado, ,EF0,0,0,0,0,LA,CST-6, ,175951,C,103,LIX,0,0,NWS Storm Survey, ,7.7,50,1,E,1,W,TALISHEEK,12/14/2022,1505,30.45,-89.97,30.53,-89.88,"A combination of storm reports, radar tornado debris signature, and high resolution satellite analysis of the prospective damage path have enabled the confirmation of a weak tornado that tracked over largely rural areas of St. Tammany Parish during the afternoon of 12/14/2022. Radar data and land change analysis indicate the tornado peaked in intensity northeast of Firetower Rd, just after passing the end of Dogwood Rd.","A strong upper level disturbance and surface low produced several supercell thunderstorms with embedded tornadoes across Southeast Louisiana and Southern Mississippi during the late afternoon and evening hours of Wednesday December 14, 2022. These supercell thunderstorms produced straight line wind damage and a several tornadoes in the area. Two EF-2 tornados impacted portions of the New Orleans metro area in St. Charles Parish, and in Jefferson, Orleans, and St. Bernard Parishes.||6 tornadoes have been confirmed from this event. These tornadoes have been determined to range in strength from EF0 to EF2 after NWS storm surveys were conducted. The St. Charles tornado resulted in 8 injuries and 1 fatality.",207
1071407,TERREBONNE PAR.,MULBERRY,12/14/2022,1502,Tornado, ,EF0,0,0,100000,0,LA,CST-6, ,175951,C,109,LIX,0,0,NWS Storm Survey, ,1.63,50,1,NNE,2,SE,HOUMA,12/14/2022,1505,29.5651,-90.7226,29.5823,-90.7041,"A tornado touched down around 3:02 PM CST on Bayou Dularge Rd, rolling an RV trailer and downing some fences. It continued to the northeast and crossed the Bayou Dularge bridge causing minor damage to the Chet Morrison Contractors buildings. There, at 3:03 PM CST, the tornado took all of the roofing panel off of an entrance shed as well as peeled some of the siding and roof off of a large metal warehouse. The tornado also snapped small tree branches before continuing its path to the northeast across the Intercoastal Waterway and Houma Canal and into the east side of Houma. At 3:05 PM CST, the tornado ended its path shortly after entering the east side of Houma as it peeled off roofing panels off a home on Cleveland St when the front porch came off of the house. The tornado also produced some siding damage and minor tree damage on Cleveland St before lifting as it approached Laban Avenue. Peak wind speed was estimated at 85 mph.","A strong upper level disturbance and surface low produced several supercell thunderstorms with embedded tornadoes across Southeast Louisiana and Southern Mississippi during the late afternoon and evening hours of Wednesday December 14, 2022. These supercell thunderstorms produced straight line wind damage and a several tornadoes in the area. Two EF-2 tornados impacted portions of the New Orleans metro area in St. Charles Parish, and in Jefferson, Orleans, and St. Bernard Parishes.||6 tornadoes have been confirmed from this event. These tornadoes have been determined to range in strength from EF0 to EF2 after NWS storm surveys were conducted. The St. Charles tornado resulted in 8 injuries and 1 fatality.",208
1071095,SUMTER CO.,SILOAM,12/14/2022,1517,Tornado, ,EF1,0,0,0,0,AL,CST-6, ,176399,C,119,BMX,0,0,NWS Storm Survey, ,4.4,225,4,S,3,ESE,SILOAM,12/14/2022,1524,32.3698,-88.2732,32.4133,-88.2201,"National Weather Service meteorologists surveyed damage in southern Sumter County and determined that it was consistent with an EF1 tornado, with maximum winds near 90 mph. The tornado touched down just west of the the intersection of  County Road 9 and Jessie Powell Road.  Several softwood trees were snapped along County Road 9 and there was damage to two homes. Each home sustained varying degrees of roof damage, mostly minor. One home had roof material peeled away and was lofted to the northwest, and the porch had been lifted. A couple of nearby farm structures had roof and minor structural damage with debris lofted to the north. The tornado then continued northeast crossing Gully Road where a few trees were damaged. The next observable damage point was at the intersection of Highway 17 and Wright Road, where additional tree damage was observed.  The tornado lifted shortly after crossing Highway 17.","A warm sector with surface temperatures in the 70s and dewpoints in the 60s developed over southwest Alabama during the afternoon of December 14th.  Low level shear and helicity values were also high during the afternoon, producing conditions favorable for tornadoes.",209
1083279,FORREST CO.,CARNES,12/14/2022,1528,Tornado, ,EF1,0,0,40000,0,MS,CST-6, ,177216,C,35,JAN,0,0,NWS Storm Survey, ,3.9,50,3,W,3,N,CARNES,12/14/2022,1533,30.9884,-89.3195,31.0247,-89.2697,"This tornado began just east-northeast of Joe Lee Road where it uprooted several softwood trees. The tornado moved northeast across Havard Road where a pig shed was destroyed, a roof was taken off of a hay barn,  and the side of a barn was damaged. The tornado continued northeast across MS Highway 13 and Old Highway 13, where several more trees were uprooted. It continued northeast across Pete Thompson Rd., uprooted several more trees, and then dissipated. Estimated maximum winds were 105 mph.","Severe thunderstorms moved across Mississippi during the evening and overnight hours of the 13th into the 14th, with flash flooding across areas of the Delta and several tornadoes. Severe storm coverage diminished during the night, but storms became severe again during the afternoon of the 14th as a cold front interacted with a warm and unstable air mass in the region. Tornadoes on the 14th were generally along and south of the Interstate 20 corridor with severe storms continuing into the evening.",210
1071399,JEFFERSON PAR.,WESTWEGO ARPT,12/14/2022,1549,Tornado, ,EF2,0,2,50000000,0,LA,CST-6, ,175951,C,51,LIX,0,0,NWS Storm Survey, ,6.09,200,0,ESE,1,NE,GOULDSBORO,12/14/2022,1559,29.8773,-90.1239,29.9275,-90.0403,"The tornado touched down just west of Luther Dr, causing roof damage to a home near the intersection with Mather Dr. It moved northeastward causing damage to trees and roofs, with significant damage to three homes near the intersection of Betty St and|Deana St. Just after passing the intersection of Ames Blvd and August Ave, it pushed a large set of bleachers off its foundation at Archbishop Shaw HS. Widespread tree damage was also observed here. The tornado continued northeast into Marrero and Harvey where it caused widespread structural damage along its path. A couple homes on the west side of Harvey suffered complete loss of their roofs with multiple walls collapsed, and were also shifted from their foundations. Other homes along the path in this area suffered minor roof and wall damage. The tornado weakened as it moved east-northeast into Gretna, causing damage mostly to trees. It then strengthened again as it approached approached the Westbank Expressway in far eastern Gretna. In the vicinity of Cook St and Theard St, several homes were severely damaged, with portions of roof structure removed, and one home was completely shifted from its foundation.","A strong upper level disturbance and surface low produced several supercell thunderstorms with embedded tornadoes across Southeast Louisiana and Southern Mississippi during the late afternoon and evening hours of Wednesday December 14, 2022. These supercell thunderstorms produced straight line wind damage and a several tornadoes in the area. Two EF-2 tornados impacted portions of the New Orleans metro area in St. Charles Parish, and in Jefferson, Orleans, and St. Bernard Parishes.||6 tornadoes have been confirmed from this event. These tornadoes have been determined to range in strength from EF0 to EF2 after NWS storm surveys were conducted. The St. Charles tornado resulted in 8 injuries and 1 fatality.",211
1178303,PEARL RIVER CO.,SILVER RUN,12/14/2022,1556,Tornado, ,EF0,0,0,0,10000,MS,CST-6, ,175952,C,109,LIX,0,0,NWS Storm Survey, ,2.02,75,1,WSW,1,NNE,SILVER RUN,12/14/2022,1603,30.723,-89.3658,30.744,-89.3415,"Emergency management surveyed this area and reported multiple areas of tree damage along with two sheds damaged. Further analysis of this EF-0 using high resolution satellite imagery found intermittent swaths of tree damage along a confined path from Berth Road northeastward near Lester Ladner Road and across into Stone County where the path apparently ends near Horsehead Lake.","A strong upper level disturbance and surface low produced several supercell thunderstorms with embedded tornadoes across Southeast Louisiana and Southern Mississippi during the late afternoon and evening hours of Wednesday December 14, 2022. These supercell thunderstorms produced straight line wind damage, flash flooding and tornadoes. ||2 tornadoes have been confirmed in Mississippi from this event. These tornadoes have been determined to range in strength from EF0 to EF1 after NWS storm surveys were conducted.",212
1071410,PEARL RIVER CO.,SILVER RUN,12/14/2022,1557,Tornado, ,EF0,0,0,5000,0,MS,CST-6, ,175952,C,109,LIX,0,0,NWS Storm Survey, ,1.16,50,1,WSW,1,N,SILVER RUN,12/14/2022,1558,30.725,-89.3626,30.738,-89.3502,"Emergency management surveyed this area and reported multiple areas of tree damage along with two sheds damaged.","A strong upper level disturbance and surface low produced several supercell thunderstorms with embedded tornadoes across Southeast Louisiana and Southern Mississippi during the late afternoon and evening hours of Wednesday December 14, 2022. These supercell thunderstorms produced straight line wind damage, flash flooding and tornadoes. ||2 tornadoes have been confirmed in Mississippi from this event. These tornadoes have been determined to range in strength from EF0 to EF1 after NWS storm surveys were conducted.",213
1071404,ORLEANS PAR.,GOULDSBORO,12/14/2022,1559,Tornado, ,EF2,0,4,50000000,0,LA,CST-6, ,175951,C,71,LIX,0,0,NWS Storm Survey, ,2.12,200,1,NE,3,NE,GOULDSBORO,12/14/2022,1602,29.9275,-90.0403,29.946,-90.0121,"The tornado entered into Orleans Parish from Jefferson Parish as it crossed the Westbank Expressway. Moving into Algiers, the tornado again caused significant structural damage along Tita St. One home was shifted from its foundation and began to roll over, being completely destroyed in the process. Three others suffered significant roof structure loss or partial wall collapse. A church was also|shifted from its foundation and destroyed on Wiltz Ln. The tornado then crossed the river, exiting Orleans Parish and entering into St. Bernard Parish.","A strong upper level disturbance and surface low produced several supercell thunderstorms with embedded tornadoes across Southeast Louisiana and Southern Mississippi during the late afternoon and evening hours of Wednesday December 14, 2022. These supercell thunderstorms produced straight line wind damage and a several tornadoes in the area. Two EF-2 tornados impacted portions of the New Orleans metro area in St. Charles Parish, and in Jefferson, Orleans, and St. Bernard Parishes.||6 tornadoes have been confirmed from this event. These tornadoes have been determined to range in strength from EF0 to EF2 after NWS storm surveys were conducted. The St. Charles tornado resulted in 8 injuries and 1 fatality.",214
1071405,ST. BERNARD PAR.,ARABI,12/14/2022,1602,Tornado, ,EF2,0,4,50000000,0,LA,CST-6, ,175951,C,87,LIX,0,0,NWS Storm Survey, ,2.38,200,1,WSW,2,NE,ARABI,12/14/2022,1606,29.946,-90.0121,29.9668,-89.9804,"The tornado entered into Orleans Parish from Jefferson Parish as it crossed the Mississippi River and moved into Arabi. It continued to cause damage to trees, power lines and structures as it moved northeastward. Minor fascia damage was noted to an apartment building where the tornado crossed Patricia street and moved into an inaccessible forested area. The track was extended into the Florida Walk Canal based on high resolution satellite data indicating tree damage along the path through the forest. It may have continued into the marsh, but no damage was observable. The maximum rating of 125 mph EF-2 is based on the homes that lost all or most of their roof structure as well as suffering some wall collapse.","A strong upper level disturbance and surface low produced several supercell thunderstorms with embedded tornadoes across Southeast Louisiana and Southern Mississippi during the late afternoon and evening hours of Wednesday December 14, 2022. These supercell thunderstorms produced straight line wind damage and a several tornadoes in the area. Two EF-2 tornados impacted portions of the New Orleans metro area in St. Charles Parish, and in Jefferson, Orleans, and St. Bernard Parishes.||6 tornadoes have been confirmed from this event. These tornadoes have been determined to range in strength from EF0 to EF2 after NWS storm surveys were conducted. The St. Charles tornado resulted in 8 injuries and 1 fatality.",215
1143754,ST. BERNARD PAR.,SHELL BEACH,12/14/2022,1643,Tornado, ,EFU,0,0,0,0,LA,CST-6, ,175951,C,87,LIX,0,0,Official NWS Observations, ,3.95,50,6,ENE,10,ENE,SHELL BEACH,12/14/2022,1652,29.9017,-89.5915,29.9403,-89.5428,"A post-event analysis using high resolution satellite imagery helped to identify a defined, narrow tornado damage path in the marsh of the Biloxi State Wildlife Management Area. This damage path is matched closely with KLIX radar data that indicated a strong area of rotation with a tornado debris signature between 5:44 and 5:52 PM CST. Given the rotation was much stronger right before the tornado moved over land it is possible the tornado was already down while it was over Lake Borgne. Additionally, the exact end of the tornado path is less clear as several lagoons obscure any semblance of a damage path toward the end before the tornado debris signature began to dissipate. Exact peak intensity is unknown given no damage indicators could be identified.","A strong upper level disturbance and surface low produced several supercell thunderstorms with embedded tornadoes across Southeast Louisiana and Southern Mississippi during the late afternoon and evening hours of Wednesday December 14, 2022. These supercell thunderstorms produced straight line wind damage and a several tornadoes in the area. Two EF-2 tornados impacted portions of the New Orleans metro area in St. Charles Parish, and in Jefferson, Orleans, and St. Bernard Parishes.||6 tornadoes have been confirmed from this event. These tornadoes have been determined to range in strength from EF0 to EF2 after NWS storm surveys were conducted. The St. Charles tornado resulted in 8 injuries and 1 fatality.",216
1144084,PLAQUEMINES PAR.,HAPPY JACK,12/14/2022,1701,Tornado, ,EFU,0,0,0,0,LA,CST-6, ,175951,C,75,LIX,0,0,NWS Storm Survey, ,7.14,50,2,N,9,ENE,BESHEL,12/14/2022,1712,29.55,-89.73,29.63,-89.65,"A post-event analysis using high resolution satellite imagery helped to identify a defined, narrow tornado damage path in the marsh near Felicity Bay in Plaquemines Parish. This damage path is matched closely with KLIX radar data that indicated a strong area of rotation with a tornado debris signature between 6:01 and 6:06 PM CST which matched up with the narrow damage path. The exact end of the tornado path is unclear as bays and lagoons obscure any semblance of a damage path toward the end before the tornado debris signature began to dissipate. Exact peak intensity is unknown given no damage indicators could be identified.","A strong upper level disturbance and surface low produced several supercell thunderstorms with embedded tornadoes across Southeast Louisiana and Southern Mississippi during the late afternoon and evening hours of Wednesday December 14, 2022. These supercell thunderstorms produced straight line wind damage and a several tornadoes in the area. Two EF-2 tornados impacted portions of the New Orleans metro area in St. Charles Parish, and in Jefferson, Orleans, and St. Bernard Parishes.||6 tornadoes have been confirmed from this event. These tornadoes have been determined to range in strength from EF0 to EF2 after NWS storm surveys were conducted. The St. Charles tornado resulted in 8 injuries and 1 fatality.",217
1072169,WASHINGTON CO.,SILVER CROSS,12/14/2022,1740,Tornado, ,EF2,0,0,0,0,AL,CST-6, ,176553,C,129,MOB,0,0,NWS Storm Survey, ,1.43,140,2,W,2,NW,SILVER CROSS,12/14/2022,1744,31.68,-88.214,31.698,-88.202,"An EF2 tornado has been confirmed in far northern Washington into southeastern Choctaw Counties. The tornado touched down as an EF0 along Dry Creek Road where a few trees were uprooted. The next available road was along County Road 31 where significant tree damage occurred to the north of Frankville. Numerous trees were snapped or uprooted in a 120 yard swath. Significant snapping and deforestation seemed evident looking further southwest along the track; however, this area was inaccessible at the time and required satellite data to confirm the degree of damage.||After review of high resolution satellite imagery, several changes have been made to this tornado. The first major change was to the intensity of the tornado. Complete deforestation of trees to the southwest of County Road 31 was noted on satellite imagery, indicating numerous if not all trees in the path were uprooted/snapped low at their base. Based on this, the intensity is bumped to 130mph making this a high-end EF2. The next major change is to end the tornado just northeast of County Road 31. Satellite imagery indicates the tornado occluded to the left rather abruptly, and reached its widest point of 140 yards as it once again produced EF2 damage with widespread deforestation during the occlusion process. The damage path ended abruptly once the tornado was moving due north on satellite imagery. It's possible it continued to travel to the north for a bit while weakening, however, based on the storm survey on Blue Dirt Road it never reached the road. This satellite imagery explains the discontinuity that was noted in the original storm survey downstream by Blue Dirt Road where a new tornado began.","A very warm and moist airmass developed ahead of a strong cold front. Thunderstorms developed ahead of the front and produced damaging winds along with a 2-EF2 tornadoes in Choctaw County Alabama along with wind damage in Baldwin County.",218
1072167,CHOCTAW CO.,BLADON SPGS,12/14/2022,1744,Tornado, ,EF2,0,0,0,0,AL,CST-6, ,176553,C,23,MOB,0,0,NWS Storm Survey, ,1.93,140,2,S,1,ESE,BLADON SPGS,12/14/2022,1748,31.698,-88.202,31.7201,-88.182,"An EF2 tornado has been confirmed in far northern Washington into southeastern Choctaw Counties. The tornado touched down as an EF0 along Dry Creek Road where a few trees were uprooted. The next available road was along County Road 31 where significant tree damage occurred to the north of Frankville. Numerous trees were snapped or uprooted in a 120 yard swath. Significant snapping and deforestation seemed evident looking further southwest along the track; however, this area was inaccessible at the time and required satellite data to confirm the degree of damage.||After review of high resolution satellite imagery, several changes have been made to this tornado. The first major change was to the intensity of the tornado. Complete deforestation of trees to the southwest of County Road 31 was noted on satellite imagery, indicating numerous if not all trees in the path were uprooted/snapped low at their base. Based on this, the intensity is bumped to 130mph making this a high-end EF2. The next major change is to end the tornado just northeast of County Road 31. Satellite imagery indicates the tornado occluded to the left rather abruptly, and reached its widest point of 140 yards as it once again produced EF2 damage with widespread deforestation during the occlusion process. The damage path ended abruptly once the tornado was moving due north on satellite imagery. It's possible it continued to travel to the north for a bit while weakening, however, based on the storm survey on Blue Dirt Road it never reached the road. This satellite imagery explains the discontinuity that was noted in the original storm survey downstream by Blue Dirt Road where a new tornado began.","A very warm and moist airmass developed ahead of a strong cold front. Thunderstorms developed ahead of the front and produced damaging winds along with a 2-EF2 tornadoes in Choctaw County Alabama along with wind damage in Baldwin County.",219
1072168,CHOCTAW CO.,BLADON SPGS,12/14/2022,1748,Tornado, ,EF2,0,0,0,0,AL,CST-6, ,176553,C,23,MOB,0,0,NWS Storm Survey, ,2.67,120,1,ESE,0,SSW,SERVICE,12/14/2022,1752,31.7187,-88.1788,31.7489,-88.1505,"After reviewing sentinel satellite imagery available on 12/18/22, the determination has been made that the segment of the original surveyed tornado track from Blue Dirt Road to Highway 84 was a separate EF2 tornado with peak winds of 115mph. The original tornado occluded a few minutes prior to the genesis of this tornado. A remarkable gradient at the point of genesis was noted by the survey team in a field of snapped/uprooted trees, where trees went from untouched to numerous snaps of softwood trees in as little as 5 to 10 feet. Based on sentinel satellite imagery, the tornado maintained intensity, perhaps slightly strengthening as it moved off to the northeast of Blue Dirt Road where significant deforestation was noted in an approximate 120 yard swath. At the tornadoes halfway point, it likely weakened to an EF0/EF1 as it passed by a field with no notable tree damage on satellite imagery. Once the tornado reached Highway 84, it was a very weak EF0 that uprooted a couple softwood trees, lifting at that location.||Extended path to start earlier based on Planet and Worldview Satellite Imagery. Tornado start time was simultaneous to the timing of the occlusion of the first tornado.","A very warm and moist airmass developed ahead of a strong cold front. Thunderstorms developed ahead of the front and produced damaging winds along with a 2-EF2 tornadoes in Choctaw County Alabama along with wind damage in Baldwin County.",220
1071413,HARRISON CO.,BEAUVOIR,12/14/2022,1752,Tornado, ,EF1,0,0,0,0,MS,CST-6, ,175952,C,47,LIX,0,0,NWS Storm Survey, ,2.31,100,1,SE,2,NW,(BIX)KEESLER AFB BIL,12/14/2022,1755,30.3908,-88.9702,30.4163,-88.9451,"A waterspout likely came onshore near the Beauvoir section of Biloxi around 5:52 PM CST. The first surveyed damage revealed numerous large limbs snapped on Brady Drive. The tornado then moved northeastward over marsh, reaching Tara Lane where a pine tree  fell onto a pavilion and caused damage to the roof. It continued northeast across Pass Road and then through the intersection of Belvedere Drive and Belvedere Circle where tree|limbs fell on power lines. The roof of a metal shed was ripped off.  The tornado continued across Hiller Park where several pine trees were partially uprooted and unsecured bleachers were thrown 50 yards to the northeast through a chain link fence and on a tennis court. A few roof shingles were missing at nearby military housing. The tornado crossed near Atkinson Rd and Veterans Ave where several oak trees had large limbs snapped. Numerous snapped|tree limbs fell, damaging markers at Biloxi National Cemetery. The most significant tornadic damage in the path occurred in the VA Gulf Coast Health Care System Campus along Veterans Avenue where damage was consistent with a EF-1 tornado and maximum winds of 90 mph. A window on the south-facing side of a campus building|was blown in and another window was blown out on the northern side of the building. A roof from a small building was peeled off and thrown back to the southeast into an adjacent partially covered outbuilding, causing the outbuilding to collapse. The tornado uprooted several trees just before lifting as it reached Mullet Lake around 5:55 pm.","A strong upper level disturbance and surface low produced several supercell thunderstorms with embedded tornadoes across Southeast Louisiana and Southern Mississippi during the late afternoon and evening hours of Wednesday December 14, 2022. These supercell thunderstorms produced straight line wind damage, flash flooding and tornadoes. ||2 tornadoes have been confirmed in Mississippi from this event. These tornadoes have been determined to range in strength from EF0 to EF1 after NWS storm surveys were conducted.",221
1070885,LIBERTY CO.,SUMATRA,12/14/2022,1954,Tornado, ,EF0,0,0,0,0,FL,EST-5, ,176185,C,77,TAE,0,0,NWS Employee, ,3.57,25,5,NE,4,ESE,WILMA,12/14/2022,2005,30.07,-84.92,30.12,-84.905,"A tornadic debris signature (TDS) tracked through portions of rural Liberty county in the Apalachicola National Forest. Only tree damage occurred in this rural area, and the tornado is rated EF0.","A strong cold front moved through the area during the Dec 14-15 time frame, bringing with it a round of beneficial rainfall. A few severe storms also occurred across the tri-state area, including a few tornadoes.",222
1070886,FRANKLIN CO.,YENT PLACE,12/14/2022,2054,Tornado, ,EF0,0,0,0,0,FL,EST-5, ,176185,C,37,TAE,0,0,NWS Storm Survey, ,0.33,210,5,NNW,5,NNW,YENT PLACE,12/14/2022,2056,29.9233,-84.7343,29.9281,-84.7338,"A brief EF0 tornado with max winds estimated at 85 mph touched down about 0.75 miles north of New River Primitive Campsite 8 in the Tates Hell State Forest. The tornado tracked to the northeast towards the New River, where it lifted. Through its path, a few larger pine trees were snapped, and several smaller pine trees were snapped or uprooted before lifting.","A strong cold front moved through the area during the Dec 14-15 time frame, bringing with it a round of beneficial rainfall. A few severe storms also occurred across the tri-state area, including a few tornadoes.",223
1070884,WALTON CO.,ARGYLE,12/14/2022,2055,Tornado, ,EF0,0,0,0,0,FL,CST-6, ,176185,C,131,TAE,0,0,Emergency Manager, ,1.61,25,2,SSE,1,ESE,ARGYLE,12/14/2022,2100,30.678,-86.029,30.7,-86.02,"The Holmes county dispatch received calls of a possible tornado touchdown near Walton County Road 183. In addition, a tornadic debris signature (TDS) was present on radar. Damage consisted of several trees blown down. The tornado was rated EF0 with max winds estimated near 85 mph.","A strong cold front moved through the area during the Dec 14-15 time frame, bringing with it a round of beneficial rainfall. A few severe storms also occurred across the tri-state area, including a few tornadoes.",224
1070891,WAKULLA CO.,SANBORN,12/14/2022,2129,Tornado, ,EF1,0,0,50000,0,FL,EST-5, ,176185,C,129,TAE,0,0,NWS Storm Survey, ,5.69,75,3,ESE,4,N,SOPCHOPPY,12/14/2022,2142,30.053,-84.548,30.114,-84.484,"An EF1 tornado touched down west of Sopchoppy and moved across Smith Creek Road, damaging a residential home.  The home sustained roof damage, and a stand of several mature pine trees was snapped half way up. The tornado then moved to the northeast across Smith Creek Road before lifting in a nearby wooded area. Peak winds are estimated to be 90 mph.","A strong cold front moved through the area during the Dec 14-15 time frame, bringing with it a round of beneficial rainfall. A few severe storms also occurred across the tri-state area, including a few tornadoes.",225
1070895,WAKULLA CO.,BETHEL,12/14/2022,2214,Tornado, ,EF0,0,0,0,0,FL,EST-5, ,176185,C,129,TAE,0,0,Emergency Manager, ,1.5,25,2,NW,3,NNW,BETHEL,12/14/2022,2218,30.274,-84.348,30.292,-84.334,"Trees were blown down with a tornadic debris signature (TDS) present. This tornado produced no other damage and was rated EF0.","A strong cold front moved through the area during the Dec 14-15 time frame, bringing with it a round of beneficial rainfall. A few severe storms also occurred across the tri-state area, including a few tornadoes.",226
1069717,COLQUITT CO.,TICKNOR,12/15/2022,527,Tornado, ,EF2,0,0,1000000,0,GA,EST-5, ,176186,C,71,TAE,0,0,NWS Storm Survey, ,1.96,280,1,SW,1,N,TICKNOR,12/15/2022,532,31.3039,-83.9463,31.329,-83.9309,"A tornado touched down in a field southwest of Doerun in Colquitt County and began to progress north northeast. The first damage occurred just north of the intersection of Mt. Sinai Road and Culbreth Road, where it caused roof and tree damage to a mobile home consistent with a high end EF-1. After hitting the mobile home, the tornado moved near the intersection of West Highway 270 and Herman Simmons Road where it would snap and uproot many trees resulting in high end EF-1 damage. It would then uproot a couple large oak trees and cause roof damage to a single family home consistent with EF-1 damage. The tornado would then continue to cross West Highway 270 where it would cause significant damage to a cotton gin facility. This was the maximum damage along the path, consistent with EF-2 intensity with max winds estimated near 120 mph. The tornado would then weaken rapidly as it continued northeast, uprooting and snapping more pine trees before dissipating in a field before the intersection of Ticknor Road and North Highway 133.","A strong cold front moved through the area during the Dec 14-15 time frame, bringing with it a round of beneficial rainfall. A few severe storms also occurred across the tri-state area, including a few tornadoes. One brief but strong tornado touched down in northwest Colquitt county, resulting in EF2 damage.",227
1069522,ST. MARTIN PAR.,BANKERS,12/15/2022,1116,Tornado, ,EF1,0,0,20000,0,LA,CST-6, ,176168,C,99,LCH,0,0,NWS Storm Survey, ,0.09,50,2,SE,2,ESE,BANKERS,12/15/2022,1117,30.112,-91.639,30.113,-91.638,"An EF-1 tornado briefly touched down in an area along Bayou Benoit Levee Road. A mobile home was flipped over, while a few trees sustained damage. Maximum estimated winds were 95 mph.","A strong cold front moved through the region spawning a line of thunderstorms. Several tornadoes occurred.",228
1063849,PASCO CO.,LOYCE,12/15/2022,1548,Tornado, ,EF1,0,0,50000,0,FL,EST-5, ,175405,C,101,TBW,0,0,NWS Storm Survey, ,0.69,100,4,N,4,NNE,LOYCE,12/15/2022,1550,28.431,-82.4729,28.4338,-82.462,"NWS survey determined that an EF-1 tornado touched down in|extreme northern Pasco County south of Masaryktown then moved|into Hernando County before dissipating a few miles west of|Interstate 75. Primary damage was near beginning of track where a|home suffered roof damage. Elsewhere, most damage consisted of|snapped or uprooted trees as the tornado tracked mostly over|forested area.","A squall line ahead of a strong cold front produced damaging winds and 2 tornadoes across West Central Florida.",229
1067645,HERNANDO CO.,MASARYKTOWN,12/15/2022,1550,Tornado, ,EF0,0,0,50000,0,FL,EST-5, ,175405,C,53,TBW,0,0,NWS Storm Survey, ,9.61,100,0,SSW,1,NNW,DIXIE,12/15/2022,1603,28.4337,-82.462,28.4681,-82.3088,"NWS survey determined that an EF-1 tornado touched down in extreme northern Pasco County south of Masaryktown then moved into Hernando County before dissipating a few miles west of Interstate 75. Primary damage was near beginning of track where a home suffered roof damage. Elsewhere, most damage consisted of snapped or uprooted trees as the tornado tracked mostly over forested area.","A squall line ahead of a strong cold front produced damaging winds and 2 tornadoes across West Central Florida.",230
1063858,PINELLAS CO.,PASADENA,12/15/2022,1701,Tornado, ,EF1,0,2,500000,0,FL,EST-5, ,175405,C,103,TBW,0,0,NWS Storm Survey, ,1.88,100,1,ENE,2,S,KENNETH CITY,12/15/2022,1705,27.7744,-82.7345,27.782,-82.705,"NWS survey determined that an EF-1 tornado touched down in western|Pinellas County near Pasadena and moved east-northeast for nearly|2 miles causing minor to moderate damage to at least 5 homes and|2 other buildings, mostly with roofs partially peeled or trees|downed onto them. Most of the damage was observed near 9th Ave|from just west of Tyrone Blvd and 53rd St. 2 minor injuries were|reported near St. Vincent`s Episcopal Church.","A squall line ahead of a strong cold front produced damaging winds and 2 tornadoes across West Central Florida.",231
1063870,SARASOTA CO.,NORTH PORT,12/15/2022,2015,Tornado, ,EF0,0,0,0,0,FL,EST-5, ,175405,C,115,TBW,0,0,Emergency Manager, ,0.14,100,3,NNW,3,NNW,NORTH PORT,12/15/2022,2017,27.07,-82.22,27.0724,-82.2132,"EM, media, and public all relayed pictures and video of lanai damage and additional picture of a large tree downed near the lanai. Radar indicates brief rotation and videos support a tornado designation. Estimated ef-0 strength with winds of 85 mph.","A squall line ahead of a strong cold front produced damaging winds and 2 tornadoes across West Central Florida.",232
1069665,TYLER CO.,HICKSBAUGH,12/29/2022,1608,Tornado, ,EF1,0,0,15000,0,TX,CST-6, ,176178,C,457,LCH,0,0,NWS Storm Survey, ,0.42,75,5,E,6,ENE,HICKSBAUGH,12/29/2022,1609,30.584,-94.2611,30.59,-94.26,"Several pine trees were damaged along with a few hardwoods. The tornado reached maximum intensity near County Road 4600 where a few pine trees were snapped within it's trunk. At this same location, a BBQ shack was heavily damaged along with an awning that was completely destroyed. A pontoon boat was ripped off of its trailer, and thrown approximately 25 yards into a pine tree. Two mobile homes also sustained minor damage along County Road 4600. Estimated maximum winds were 90 mph.","A gulf low develop along the Texas coast and moved northeast across the region. Heavy rain and severe storms occurred ahead of the low and associated cold front.",233
1067679,LINCOLN CO.,ARLINGTON,12/30/2022,652,Tornado, ,EF1,0,0,75000,0,MS,CST-6, ,175865,C,85,JAN,0,0,NWS Storm Survey, ,8.92,250,3,SSE,1,ENE,WILKINSON,12/30/2022,701,31.375,-90.5529,31.3859,-90.4055,"This tornado touched down in southwestern Lincoln County along Brumfield Road SW near the Tangipahoa River, where it initially produced limb damage to pine trees. The tornado moved east across Summit Drive SW and Wallace Drive SW, where a few pines and oaks were uprooted. The tornado continued eastward and primarily damaged trees and vegetation as it crossed Interstate 55 and US Highway 51. The tornado intensified as it crossed Pricedale Road and followed a mostly west to east section of Windmill Drive SE, crossing the road near the intersection with Bobby Gates Lane SE. It is in this area that the tornado reached maximum intensity with winds estimated to 100 mph. The tornado downed dozens of trees including one onto a home. Several power poles were downed by fallen trees. A tree was also felled onto a shed that additionally sustained wind damage to some tin panels just south of the roadway. The tornado dissipated south of Arch Trail SE and before it reached Pleasant Hill Drive SE.","A cold front generated a band of strong to sever storms across southern Mississippi. Warm, moist air was confined to areas south of Interstate 20 and severe weather was only reported in that area as the squall moved through. A tornado as well as damaging wind was reported with this activity.",234
