EVENT_ID,CZ_NAME_STR,BEGIN_LOCATION,BEGIN_DATE,BEGIN_TIME,EVENT_TYPE,MAGNITUDE,TOR_F_SCALE,DEATHS_DIRECT,INJURIES_DIRECT,DAMAGE_PROPERTY_NUM,DAMAGE_CROPS_NUM,STATE_ABBR,CZ_TIMEZONE,MAGNITUDE_TYPE,EPISODE_ID,CZ_TYPE,CZ_FIPS,WFO,INJURIES_INDIRECT,DEATHS_INDIRECT,SOURCE,FLOOD_CAUSE,TOR_LENGTH,TOR_WIDTH,BEGIN_RANGE,BEGIN_AZIMUTH,END_RANGE,END_AZIMUTH,END_LOCATION,END_DATE,END_TIME,BEGIN_LAT,BEGIN_LON,END_LAT,END_LON,EVENT_NARRATIVE,EPISODE_NARRATIVE,ABSOLUTE_ROWNUMBER
179797,OWYHEE CO.,RIDDLE,06/21/2009,1050,Tornado, ,EF0,0,0,0,0,ID,MST-7, ,30681,C,73,BOI,0,0,Law Enforcement, ,0.12,20,12,S,12,S,RIDDLE,06/21/2009,1055,42.01,-116.14,42.009,-116.142,"A weak tornado was observed by law enforcement as it moved east northeast across State Highway 51, 4 miles north of the Nevada border. Dust and sage brush were picked up by the tornado and was on the ground for about 1 minute.","An upper low swinging out of the lee side of the Cascades moved into Southwest Idaho spawning a tornado and strong thunderstorms that resulted in localized flash flooding.",1
166189,HAMILTON CO.,KAMRAR,06/21/2009,1548,Tornado, ,EF0,0,0,0,4000,IA,CST-6, ,28255,C,79,DMX,0,0,Trained Spotter, ,1.35,30,2,SW,1,S,KAMRAR,06/21/2009,1550,42.3813,-93.7541,42.388,-93.7292,"A tornado was viewed to the north from 320th and Highway 17.  Spotter reported a debris cloud and the tornado becoming rain wrapped.","Low pressure was located over southeast South Dakota during the afternoon of the 21st.  A warm front extended southeast out of the low across central, into southeast Iowa.  Considerable moisture was in place from moisture transport the previous night with precipitable water values in the 1.5 to 2 inch range.  Surface temperatures warmed into the mid 80s to low 90s, with dew point values in the mid 70s to low 80s.  CAPE was 2000 to 3000 J/kg, with 150 to 200 J/kg in the 0-3 km layer.  The freezing level was quite high at 17,300 feet with CAPE in the -10 to -30 C layer of the atmosphere of 300 to 500 J/kg.  The LCL was quite low at 750 meters with downdraft CAPE of 700 to 1000 J/kg.  Thunderstorms erupted over north central Iowa by mid afternoon.  The storms were discrete cells, however organization was poor through the afternoon.  A landspout was produced by one of the storms as it passed north of Stanhope in Hamilton County.  There was some debris in a field as it touched down briefly.  Several of the storms produced wall clouds and funnel clouds.  A tornado touched down briefly southeast of Williams in Hamilton County.  A cluster of storms continued to move east and northeast with numerous reports of land spouts and small tornadoes.  The bulk of the reports came from two to three cells traveling together.  Though the vast majority of the reports were landspout type tornadoes, there were 2 tornadoes that were on the ground for a few miles. The first was in Grundy County in the Wellsburg and Holland areas.  The tornado was on the ground for over 2 miles intermittently.  It did have a debris cloud, then became rain wrapped.  Another was on the ground for about 2 miles in Grundy County in the Dike area.  A hog confinement building was severely damaged west of Dike shortly after the tornado's initial touchdown.  The storms began to produce high winds as they exited the CWA.  Sixty MPH winds caused tree damage in parts of Grundy County before the storm moved east.",2
179017,LYON CO.,DOON,06/21/2009,1629,Tornado, ,EF0,0,0,0,0,IA,CST-6, ,30561,C,119,FSD,0,0,Trained Spotter, ,0.43,50,2,ESE,2,SE,DOON,06/21/2009,1630,43.265,-96.195,43.26,-96.19,"A brief tornado caused no reported damage.","Thunderstorms produced a brief tornado near Doon in Lyon County during the afternoon of June 21st. A few funnel clouds were also observed in the area.",3
166341,HAMILTON CO.,WILLIAMS,06/21/2009,1636,Tornado, ,EF0,0,0,0,0,IA,CST-6, ,28255,C,79,DMX,0,0,Trained Spotter, ,0.53,30,1,E,2,E,WILLIAMS,06/21/2009,1637,42.4781,-93.5295,42.4805,-93.5197,"There was a brief tornado touchdown with no damage reported.","Low pressure was located over southeast South Dakota during the afternoon of the 21st.  A warm front extended southeast out of the low across central, into southeast Iowa.  Considerable moisture was in place from moisture transport the previous night with precipitable water values in the 1.5 to 2 inch range.  Surface temperatures warmed into the mid 80s to low 90s, with dew point values in the mid 70s to low 80s.  CAPE was 2000 to 3000 J/kg, with 150 to 200 J/kg in the 0-3 km layer.  The freezing level was quite high at 17,300 feet with CAPE in the -10 to -30 C layer of the atmosphere of 300 to 500 J/kg.  The LCL was quite low at 750 meters with downdraft CAPE of 700 to 1000 J/kg.  Thunderstorms erupted over north central Iowa by mid afternoon.  The storms were discrete cells, however organization was poor through the afternoon.  A landspout was produced by one of the storms as it passed north of Stanhope in Hamilton County.  There was some debris in a field as it touched down briefly.  Several of the storms produced wall clouds and funnel clouds.  A tornado touched down briefly southeast of Williams in Hamilton County.  A cluster of storms continued to move east and northeast with numerous reports of land spouts and small tornadoes.  The bulk of the reports came from two to three cells traveling together.  Though the vast majority of the reports were landspout type tornadoes, there were 2 tornadoes that were on the ground for a few miles. The first was in Grundy County in the Wellsburg and Holland areas.  The tornado was on the ground for over 2 miles intermittently.  It did have a debris cloud, then became rain wrapped.  Another was on the ground for about 2 miles in Grundy County in the Dike area.  A hog confinement building was severely damaged west of Dike shortly after the tornado's initial touchdown.  The storms began to produce high winds as they exited the CWA.  Sixty MPH winds caused tree damage in parts of Grundy County before the storm moved east.",4
166218,HARDIN CO.,EAGLE CITY,06/21/2009,1715,Tornado, ,EF0,0,0,0,1000,IA,CST-6, ,28255,C,83,DMX,0,0,Trained Spotter, ,0.65,30,2,W,1,WNW,EAGLE CITY,06/21/2009,1716,42.4751,-93.1863,42.4783,-93.1744,"A brief touchdown was reported.","Low pressure was located over southeast South Dakota during the afternoon of the 21st.  A warm front extended southeast out of the low across central, into southeast Iowa.  Considerable moisture was in place from moisture transport the previous night with precipitable water values in the 1.5 to 2 inch range.  Surface temperatures warmed into the mid 80s to low 90s, with dew point values in the mid 70s to low 80s.  CAPE was 2000 to 3000 J/kg, with 150 to 200 J/kg in the 0-3 km layer.  The freezing level was quite high at 17,300 feet with CAPE in the -10 to -30 C layer of the atmosphere of 300 to 500 J/kg.  The LCL was quite low at 750 meters with downdraft CAPE of 700 to 1000 J/kg.  Thunderstorms erupted over north central Iowa by mid afternoon.  The storms were discrete cells, however organization was poor through the afternoon.  A landspout was produced by one of the storms as it passed north of Stanhope in Hamilton County.  There was some debris in a field as it touched down briefly.  Several of the storms produced wall clouds and funnel clouds.  A tornado touched down briefly southeast of Williams in Hamilton County.  A cluster of storms continued to move east and northeast with numerous reports of land spouts and small tornadoes.  The bulk of the reports came from two to three cells traveling together.  Though the vast majority of the reports were landspout type tornadoes, there were 2 tornadoes that were on the ground for a few miles. The first was in Grundy County in the Wellsburg and Holland areas.  The tornado was on the ground for over 2 miles intermittently.  It did have a debris cloud, then became rain wrapped.  Another was on the ground for about 2 miles in Grundy County in the Dike area.  A hog confinement building was severely damaged west of Dike shortly after the tornado's initial touchdown.  The storms began to produce high winds as they exited the CWA.  Sixty MPH winds caused tree damage in parts of Grundy County before the storm moved east.",5
166221,HARDIN CO.,ABBOTT,06/21/2009,1739,Tornado, ,EF0,0,0,0,1000,IA,CST-6, ,28255,C,83,DMX,0,0,Trained Spotter, ,0.42,30,1,WNW,1,NW,ABBOTT,06/21/2009,1740,42.4878,-93.0911,42.4896,-93.0831,"There was a brief touchdown.","Low pressure was located over southeast South Dakota during the afternoon of the 21st.  A warm front extended southeast out of the low across central, into southeast Iowa.  Considerable moisture was in place from moisture transport the previous night with precipitable water values in the 1.5 to 2 inch range.  Surface temperatures warmed into the mid 80s to low 90s, with dew point values in the mid 70s to low 80s.  CAPE was 2000 to 3000 J/kg, with 150 to 200 J/kg in the 0-3 km layer.  The freezing level was quite high at 17,300 feet with CAPE in the -10 to -30 C layer of the atmosphere of 300 to 500 J/kg.  The LCL was quite low at 750 meters with downdraft CAPE of 700 to 1000 J/kg.  Thunderstorms erupted over north central Iowa by mid afternoon.  The storms were discrete cells, however organization was poor through the afternoon.  A landspout was produced by one of the storms as it passed north of Stanhope in Hamilton County.  There was some debris in a field as it touched down briefly.  Several of the storms produced wall clouds and funnel clouds.  A tornado touched down briefly southeast of Williams in Hamilton County.  A cluster of storms continued to move east and northeast with numerous reports of land spouts and small tornadoes.  The bulk of the reports came from two to three cells traveling together.  Though the vast majority of the reports were landspout type tornadoes, there were 2 tornadoes that were on the ground for a few miles. The first was in Grundy County in the Wellsburg and Holland areas.  The tornado was on the ground for over 2 miles intermittently.  It did have a debris cloud, then became rain wrapped.  Another was on the ground for about 2 miles in Grundy County in the Dike area.  A hog confinement building was severely damaged west of Dike shortly after the tornado's initial touchdown.  The storms began to produce high winds as they exited the CWA.  Sixty MPH winds caused tree damage in parts of Grundy County before the storm moved east.",6
166337,GRUNDY CO.,WELLSBURG,06/21/2009,1751,Tornado, ,EF0,0,0,0,1000,IA,CST-6, ,28255,C,75,DMX,0,0,Amateur Radio, ,0.37,30,3,WNW,3,WNW,WELLSBURG,06/21/2009,1752,42.4459,-92.9823,42.4463,-92.975,"A tornado touched down briefly southeast of Cleves.","Low pressure was located over southeast South Dakota during the afternoon of the 21st.  A warm front extended southeast out of the low across central, into southeast Iowa.  Considerable moisture was in place from moisture transport the previous night with precipitable water values in the 1.5 to 2 inch range.  Surface temperatures warmed into the mid 80s to low 90s, with dew point values in the mid 70s to low 80s.  CAPE was 2000 to 3000 J/kg, with 150 to 200 J/kg in the 0-3 km layer.  The freezing level was quite high at 17,300 feet with CAPE in the -10 to -30 C layer of the atmosphere of 300 to 500 J/kg.  The LCL was quite low at 750 meters with downdraft CAPE of 700 to 1000 J/kg.  Thunderstorms erupted over north central Iowa by mid afternoon.  The storms were discrete cells, however organization was poor through the afternoon.  A landspout was produced by one of the storms as it passed north of Stanhope in Hamilton County.  There was some debris in a field as it touched down briefly.  Several of the storms produced wall clouds and funnel clouds.  A tornado touched down briefly southeast of Williams in Hamilton County.  A cluster of storms continued to move east and northeast with numerous reports of land spouts and small tornadoes.  The bulk of the reports came from two to three cells traveling together.  Though the vast majority of the reports were landspout type tornadoes, there were 2 tornadoes that were on the ground for a few miles. The first was in Grundy County in the Wellsburg and Holland areas.  The tornado was on the ground for over 2 miles intermittently.  It did have a debris cloud, then became rain wrapped.  Another was on the ground for about 2 miles in Grundy County in the Dike area.  A hog confinement building was severely damaged west of Dike shortly after the tornado's initial touchdown.  The storms began to produce high winds as they exited the CWA.  Sixty MPH winds caused tree damage in parts of Grundy County before the storm moved east.",7
166343,HARDIN CO.,STEAMBOAT ROCK,06/21/2009,1759,Tornado, ,EF0,0,0,0,2000,IA,CST-6, ,28255,C,83,DMX,0,0,Trained Spotter, ,0.57,30,1,ENE,2,ENE,STEAMBOAT ROCK,06/21/2009,1800,42.4235,-93.0491,42.427,-93.0389,"The tornado was on the ground briefly with a small debris cloud.","Low pressure was located over southeast South Dakota during the afternoon of the 21st.  A warm front extended southeast out of the low across central, into southeast Iowa.  Considerable moisture was in place from moisture transport the previous night with precipitable water values in the 1.5 to 2 inch range.  Surface temperatures warmed into the mid 80s to low 90s, with dew point values in the mid 70s to low 80s.  CAPE was 2000 to 3000 J/kg, with 150 to 200 J/kg in the 0-3 km layer.  The freezing level was quite high at 17,300 feet with CAPE in the -10 to -30 C layer of the atmosphere of 300 to 500 J/kg.  The LCL was quite low at 750 meters with downdraft CAPE of 700 to 1000 J/kg.  Thunderstorms erupted over north central Iowa by mid afternoon.  The storms were discrete cells, however organization was poor through the afternoon.  A landspout was produced by one of the storms as it passed north of Stanhope in Hamilton County.  There was some debris in a field as it touched down briefly.  Several of the storms produced wall clouds and funnel clouds.  A tornado touched down briefly southeast of Williams in Hamilton County.  A cluster of storms continued to move east and northeast with numerous reports of land spouts and small tornadoes.  The bulk of the reports came from two to three cells traveling together.  Though the vast majority of the reports were landspout type tornadoes, there were 2 tornadoes that were on the ground for a few miles. The first was in Grundy County in the Wellsburg and Holland areas.  The tornado was on the ground for over 2 miles intermittently.  It did have a debris cloud, then became rain wrapped.  Another was on the ground for about 2 miles in Grundy County in the Dike area.  A hog confinement building was severely damaged west of Dike shortly after the tornado's initial touchdown.  The storms began to produce high winds as they exited the CWA.  Sixty MPH winds caused tree damage in parts of Grundy County before the storm moved east.",8
166339,GRUNDY CO.,DIKE,06/21/2009,1820,Tornado, ,EF1,0,0,25000,2000,IA,CST-6, ,28255,C,75,DMX,0,0,Law Enforcement, ,2.3,90,1,WSW,2,N,DIKE,06/21/2009,1828,42.465,-92.6512,42.4931,-92.6271,"A tornado touched down west of Dike and ended north of Dike.  A hog containment building sustained significant damage west of Dike.","Low pressure was located over southeast South Dakota during the afternoon of the 21st.  A warm front extended southeast out of the low across central, into southeast Iowa.  Considerable moisture was in place from moisture transport the previous night with precipitable water values in the 1.5 to 2 inch range.  Surface temperatures warmed into the mid 80s to low 90s, with dew point values in the mid 70s to low 80s.  CAPE was 2000 to 3000 J/kg, with 150 to 200 J/kg in the 0-3 km layer.  The freezing level was quite high at 17,300 feet with CAPE in the -10 to -30 C layer of the atmosphere of 300 to 500 J/kg.  The LCL was quite low at 750 meters with downdraft CAPE of 700 to 1000 J/kg.  Thunderstorms erupted over north central Iowa by mid afternoon.  The storms were discrete cells, however organization was poor through the afternoon.  A landspout was produced by one of the storms as it passed north of Stanhope in Hamilton County.  There was some debris in a field as it touched down briefly.  Several of the storms produced wall clouds and funnel clouds.  A tornado touched down briefly southeast of Williams in Hamilton County.  A cluster of storms continued to move east and northeast with numerous reports of land spouts and small tornadoes.  The bulk of the reports came from two to three cells traveling together.  Though the vast majority of the reports were landspout type tornadoes, there were 2 tornadoes that were on the ground for a few miles. The first was in Grundy County in the Wellsburg and Holland areas.  The tornado was on the ground for over 2 miles intermittently.  It did have a debris cloud, then became rain wrapped.  Another was on the ground for about 2 miles in Grundy County in the Dike area.  A hog confinement building was severely damaged west of Dike shortly after the tornado's initial touchdown.  The storms began to produce high winds as they exited the CWA.  Sixty MPH winds caused tree damage in parts of Grundy County before the storm moved east.",9
166338,GRUNDY CO.,WELLSBURG,06/21/2009,1825,Tornado, ,EF1,0,0,10000,5000,IA,CST-6, ,28255,C,75,DMX,0,0,Law Enforcement, ,2.08,70,3,ESE,2,WNW,HOLLAND,06/21/2009,1830,42.4085,-92.8743,42.4077,-92.8336,"A tornado was skipping up and down through the crops.  The tornado destroyed a corrugated steel building.","Low pressure was located over southeast South Dakota during the afternoon of the 21st.  A warm front extended southeast out of the low across central, into southeast Iowa.  Considerable moisture was in place from moisture transport the previous night with precipitable water values in the 1.5 to 2 inch range.  Surface temperatures warmed into the mid 80s to low 90s, with dew point values in the mid 70s to low 80s.  CAPE was 2000 to 3000 J/kg, with 150 to 200 J/kg in the 0-3 km layer.  The freezing level was quite high at 17,300 feet with CAPE in the -10 to -30 C layer of the atmosphere of 300 to 500 J/kg.  The LCL was quite low at 750 meters with downdraft CAPE of 700 to 1000 J/kg.  Thunderstorms erupted over north central Iowa by mid afternoon.  The storms were discrete cells, however organization was poor through the afternoon.  A landspout was produced by one of the storms as it passed north of Stanhope in Hamilton County.  There was some debris in a field as it touched down briefly.  Several of the storms produced wall clouds and funnel clouds.  A tornado touched down briefly southeast of Williams in Hamilton County.  A cluster of storms continued to move east and northeast with numerous reports of land spouts and small tornadoes.  The bulk of the reports came from two to three cells traveling together.  Though the vast majority of the reports were landspout type tornadoes, there were 2 tornadoes that were on the ground for a few miles. The first was in Grundy County in the Wellsburg and Holland areas.  The tornado was on the ground for over 2 miles intermittently.  It did have a debris cloud, then became rain wrapped.  Another was on the ground for about 2 miles in Grundy County in the Dike area.  A hog confinement building was severely damaged west of Dike shortly after the tornado's initial touchdown.  The storms began to produce high winds as they exited the CWA.  Sixty MPH winds caused tree damage in parts of Grundy County before the storm moved east.",10
167238,FARIBAULT CO.,EASTON,06/21/2009,1836,Tornado, ,EF0,0,0,1000,0,MN,CST-6, ,28324,C,43,MPX,0,0,NWS Storm Survey, ,0.04,5,2,NNE,2,NNE,EASTON,06/21/2009,1836,43.7925,-93.9065,43.7925,-93.9065,"A tree was downed and a garage door damaged from a brief tornado at a farmstead. Rear flank downdraft winds also caused tree damage about 150 yards north-northwest of the tornado.","Atmospheric conditions for tornadoes developed rapidly in far south central Minnesota the evening of June 21st. During the late afternoon, a very warm and humid air mass lifted northward across northern Iowa, and into far southern Minnesota. Several weak storms formed in northwest and north central Iowa and moved into south central Minnesota where a warm front laid. Winds shifted from the south to the east and southeast across Freeborn and Faribault counties of far south central Minnesota. The combination of increasing wind shear near the boundary layer, and enough lift from thunderstorms, brief tornadoes developed.",11
167246,FARIBAULT CO.,WALTERS,06/21/2009,1908,Tornado, ,EF0,0,0,1000,0,MN,CST-6, ,28324,C,43,MPX,0,0,NWS Storm Survey, ,0.29,5,2,W,1,W,WALTERS,06/21/2009,1909,43.599,-93.712,43.601,-93.707,"Tornado moved through a corn field, occasionally touching down, then blew the lids off the top of two grain bins, crossed Highway 22, and dissipated in a corn field.","Atmospheric conditions for tornadoes developed rapidly in far south central Minnesota the evening of June 21st. During the late afternoon, a very warm and humid air mass lifted northward across northern Iowa, and into far southern Minnesota. Several weak storms formed in northwest and north central Iowa and moved into south central Minnesota where a warm front laid. Winds shifted from the south to the east and southeast across Freeborn and Faribault counties of far south central Minnesota. The combination of increasing wind shear near the boundary layer, and enough lift from thunderstorms, brief tornadoes developed.",12
175666,FARIBAULT CO.,WALTERS,06/21/2009,1918,Tornado, ,EF0,0,0,0,0,MN,CST-6, ,28324,C,43,MPX,0,0,Emergency Manager, ,0.04,5,2,NE,2,NE,WALTERS,06/21/2009,1918,43.621,-93.658,43.621,-93.658,"Brief touchdown in open field for less than one minute. Photo and multiple eyewitnesses.","Atmospheric conditions for tornadoes developed rapidly in far south central Minnesota the evening of June 21st. During the late afternoon, a very warm and humid air mass lifted northward across northern Iowa, and into far southern Minnesota. Several weak storms formed in northwest and north central Iowa and moved into south central Minnesota where a warm front laid. Winds shifted from the south to the east and southeast across Freeborn and Faribault counties of far south central Minnesota. The combination of increasing wind shear near the boundary layer, and enough lift from thunderstorms, brief tornadoes developed.",13
167257,FREEBORN CO.,ALDEN,06/21/2009,1932,Tornado, ,EF0,0,0,0,0,MN,CST-6, ,28324,C,47,MPX,0,0,NWS Storm Survey, ,1.8,10,3,WSW,2,WNW,ALDEN,06/21/2009,1937,43.655,-93.626,43.681,-93.626,"Tornado touched down briefly at 1932 CST in an open field, then lifted up, and touched down again at 1935 CST.  During the time that it was off the ground, video showed the same parent funnel overhead.  When it touched back down again, it moved across a corn field and into a farmstead, knocking down several trees and blowing away a garden bench. The tornado continued moving north into another corn field, where it dissipated.  The tornado was photographed and videotaped by numerous storm chasers.","Atmospheric conditions for tornadoes developed rapidly in far south central Minnesota the evening of June 21st. During the late afternoon, a very warm and humid air mass lifted northward across northern Iowa, and into far southern Minnesota. Several weak storms formed in northwest and north central Iowa and moved into south central Minnesota where a warm front laid. Winds shifted from the south to the east and southeast across Freeborn and Faribault counties of far south central Minnesota. The combination of increasing wind shear near the boundary layer, and enough lift from thunderstorms, brief tornadoes developed.",14
166940,WELD CO.,PIERCE,06/22/2009,2047,Tornado, ,EF0,0,0,0,0,CO,MST-7, ,28375,C,123,BOU,0,0,Trained Spotter, ,0.1,50,4,W,4,W,PIERCE,06/22/2009,2047,40.63,-104.83,40.63,-104.83,"A small tornado touched down but did no damage.","Severe thunderstorms produced large hail across Boulder, Larimer and Weld Counties.  Hail up to 2 inches in diameter was observed in Boulder County.  Crop damage was observed near Wellington.  Very heavy rain produced flash flooding in parts of Fort Collins, Laporte, Livermore and Wellington.  Two weak tornadoes also touched down.",15
166945,WELD CO.,NUNN,06/22/2009,2110,Tornado, ,EF0,0,0,0,0,CO,MST-7, ,28375,C,123,BOU,0,0,Public, ,0.1,50,3,SW,3,SW,NUNN,06/22/2009,2110,40.67,-104.81,40.67,-104.81,"A small tornado touched down but did no damage.","Severe thunderstorms produced large hail across Boulder, Larimer and Weld Counties.  Hail up to 2 inches in diameter was observed in Boulder County.  Crop damage was observed near Wellington.  Very heavy rain produced flash flooding in parts of Fort Collins, Laporte, Livermore and Wellington.  Two weak tornadoes also touched down.",16
184506,CITRUS CO.,INVERNESS ARPT,06/23/2009,1545,Tornado, ,EF0,0,0,250000,0,FL,EST-5, ,31249,C,17,TBW,0,0,NWS Storm Survey, ,0.47,50,2,ESE,2,SE,INVERNESS ARPT,06/23/2009,1550,28.7874,-82.2969,28.7816,-82.3011,"A tornado touched down in the Castle Lake Mobile Home Park and the Stoneridge Landing Mobile Home Park, causing damage ranging from minor to severe to an estimated 50 mobile homes. The severe damage occurred to roofs and carports. In addition, 50 trees around the parks had the tops sheared off or twisted requiring removal of the trees. Winds were estimated at 85mph.","A frontal boundary gradually settled across the area on the 23rd and 24th. The energy associated with the boundary combined with warm afternoon temperatures to produce scattered thunderstorms mainly along and ahead of the boundary. Several thunderstorms produced large hail, strong damaging winds and two tornadoes.",17
166954,ELBERT CO.,MATHESON,06/23/2009,1558,Tornado, ,EF0,0,0,0,0,CO,MST-7, ,28376,C,39,BOU,0,0,Trained Spotter, ,0.1,50,5,E,5,E,MATHESON,06/23/2009,1558,39.17,-103.89,39.17,-103.89,"A small tornado touched down but did no damage.","Severe thunderstorms produced quarter size hail across Adams, Denver, Douglas and Elbert Counties.  In addition, wet microbursts produced thunderstorm outflow winds up to 80 mph across Logan, Morgan, Phillips and Sedgwick Counties.  Two weak tornadoes were reported in Elbert and Logan Counties.  The severe weather caused a fatal automobile accident along Interstate 76 between Sterling and Julesburg.",18
176122,FRANKLIN CO.,ROYAL BLUFF,06/23/2009,1615,Tornado, ,EF0,0,0,5000,0,FL,EST-5, ,30080,C,37,TAE,0,0,Emergency Manager, ,0.57,25,5,S,5,S,ROYAL BLUFF,06/23/2009,1617,29.7203,-84.7545,29.716,-84.7463,"A waterspout came ashore as an EF0 tornado and moved across St George Island State Park.  It capsized a boat and downed some tree limbs.","A waterspout moved across St George Island State Park.  It capsized a boat and downed some tree limbs.",19
168437,LOGAN CO.,STAPLETON,06/23/2009,1807,Tornado, ,EF0,0,0,0,0,NE,CST-6, ,28632,C,113,LBF,0,0,Fire Department/Rescue, ,3,20,9,NNW,6,NNW,STAPLETON,06/23/2009,1812,41.6003,-100.5866,41.5602,-100.5644,"Trained spotters from the volunteer fire department saw the tornado as it moved across open rangeland.","An isolated tornadic supercell developed early in the evening over western Nebraska which also produced flash flooding as it moved slowly southeast. Scattered storms developed by late evening in the eastern Panhandle that produced strong winds.",20
168682,LOGAN CO.,FLEMING,06/23/2009,1907,Tornado, ,EF0,0,0,0,0,CO,MST-7, ,28376,C,75,BOU,0,0,Public, ,0.1,50,6,SSW,6,SSW,FLEMING,06/23/2009,1907,40.6,-102.88,40.6,-102.88,"A tornado touched down but did no damage.","Severe thunderstorms produced quarter size hail across Adams, Denver, Douglas and Elbert Counties.  In addition, wet microbursts produced thunderstorm outflow winds up to 80 mph across Logan, Morgan, Phillips and Sedgwick Counties.  Two weak tornadoes were reported in Elbert and Logan Counties.  The severe weather caused a fatal automobile accident along Interstate 76 between Sterling and Julesburg.",21
177278,ROCK CO.,MILTON JCT,06/23/2009,1909,Tornado, ,EF0,0,0,8000,0,WI,CST-6, ,30276,C,105,MKX,0,0,NWS Storm Survey, ,0.84,30,2,NNW,2,N,MILTON JCT,06/23/2009,1911,42.7988,-88.9836,42.7954,-88.9675,"An isolated thunderstorm cell quickly developed and spun up a weak landspout-type tornado that was spotted by the Janesville airport observer, trained spotters and the public.  It began over the southwest part of Clear Lake and moved east-southeast and ended just east of STH 59.  A screen porch was ripped off a mobile home trailer and some trees just south and southeast of Clear Lake were uprooted or damaged.  The estimated max wind speeds of were 70-75 mph.  Starting and ending location of 42.79879/-88.98358 and 42.79540/-88.96750.  The compass bearing was 117 degrees.  The average path width was about 15 yds. DI#3, DOD2.","A single isolated cell developed quickly in the Edgerton area of north-central Rock County, moved east-southeast, and produced a weak landspout-type tornado and wind damage northwest of the Milton area.",22
168431,CUSTER CO.,ARNOLD,06/23/2009,1954,Tornado, ,EF0,0,0,0,0,NE,CST-6, ,28632,C,41,LBF,0,0,Public, ,0.1,30,6,SSW,6,SSW,ARNOLD,06/23/2009,1954,41.3498,-100.2443,41.3498,-100.2443,"The brief tornado touched down over open land with no damage reported.","An isolated tornadic supercell developed early in the evening over western Nebraska which also produced flash flooding as it moved slowly southeast. Scattered storms developed by late evening in the eastern Panhandle that produced strong winds.",23
184381,SARASOTA CO.,HIDDEN RIVER,06/23/2009,2325,Tornado, ,EF1,0,0,350000,0,FL,EST-5, ,31249,C,115,TBW,0,0,NWS Storm Survey, ,0.63,100,4,WNW,4,WNW,HIDDEN RIVER,06/23/2009,2330,27.3394,-82.3286,27.3303,-82.328,"The tornado touched down along Fruitville Road, snapping a few trees, and then traveled south into a plant farm. It tore two metal beams from the foundation of a metal building on the farm and then moved across a field of more than two dozen greenhouses, destroying or seriously damaging all but one. The tornado then continued south into a wooded area, where it damaged a few more trees before lifting. Winds were estimated around 95mph.","A frontal boundary gradually settled across the area on the 23rd and 24th. The energy associated with the boundary combined with warm afternoon temperatures to produce scattered thunderstorms mainly along and ahead of the boundary. Several thunderstorms produced large hail, strong damaging winds and two tornadoes.",24
172492,STARK CO.,BELFIELD,06/24/2009,1628,Tornado, ,EF1,0,0,700000,40000,ND,MST-7, ,29350,C,89,BIS,0,0,Newspaper, ,6.83,80,5,S,12,SSE,BELFIELD,06/24/2009,1645,46.8076,-103.2,46.7182,-103.1383,"The same supercell thunderstorm that produced this EF1 tornado from 1628 MST to 1645 MST produced another tornado, an EF0, from 1703 MST to 1738 MST as it moved southeast. The first tornado, the EF1, was in Stark County, while the second, the EF0, started in Stark County and crossed into Hettinger County.||The Stark County tornado touched down about five miles south of Belfield and crossed U.S. Highway 85 as it moved southeast. It lifted nearly 12 miles south-southeast of Belfield after doing significant damage on a farm about 10 miles south-southeast of Belfield. There was no other damage reported outside of that one farm. Four structures were damaged or destroyed and several farm animals were killed. Only minor damage was done to the farm house. In addition to buildings, fences and vehicles were also damaged or destroyed. The damage corresponded to high end EF1 on the Enhanced Fujita Tornado Scale. From that it was determined that wind speeds were around 105 mph. There were no deaths or injuries.","A mid level short wave impulse and a surface frontal boundary acted together to trigger late afternoon and early evening thunderstorms over western and north central North Dakota on June 24th.  The most intense storms developed across southwest North Dakota where the strongest low level wind shear and moisture pooling were collocated.  One of the longer tracked supercell storms spawned two distinct and seperate tornadoes. One of those resulted in EF1 tornado damage on a farm. Numerous reports of severe hail and two reports of severe thunderstorm wind gusts were received in addition to tornado and funnel cloud reports.",25
185338,STARK CO.,(DIK)DICKINSON MUNI,06/24/2009,1703,Tornado, ,EF0,0,0,25000,0,ND,MST-7, ,29350,C,89,BIS,0,0,Newspaper, ,1.46,50,11,SSW,13,SSW,(DIK)DICKINSON MUNI,06/24/2009,1707,46.65,-102.9,46.63,-102.89,"This tornado touched down in Stark County and crossed into Hettinger County. See the tornado entry for Hettinger County 1707 MST to 1738 MST.||The same supercell thunderstorm that produced this EF0 tornado produced an EF1 tornado in Stark County earlier in the day. See the tornado entry 1628 MST to 1645 MST for Stark County.||The tornado touched down about three miles southwest of Schefield, Stark County. This touchdown location is about seven miles north-northwest of the Hettinger County city of New England. It moved southeast and crossed into Hettinger County and lifted about eight miles west-northwest of Regent, after doing damage to several farms. Several medium to large trees were uprooted and there was window and roof damage to buildings. The damage corresponded to high end EF0 on the Enhanced Fujita Tornado Scale. From that it was determined that wind speeds were around 85 mph. There were no deaths or injuries.","A mid level short wave impulse and a surface frontal boundary acted together to trigger late afternoon and early evening thunderstorms over western and north central North Dakota on June 24th.  The most intense storms developed across southwest North Dakota where the strongest low level wind shear and moisture pooling were collocated.  One of the longer tracked supercell storms spawned two distinct and seperate tornadoes. One of those resulted in EF1 tornado damage on a farm. Numerous reports of severe hail and two reports of severe thunderstorm wind gusts were received in addition to tornado and funnel cloud reports.",26
172501,HETTINGER CO.,NEW ENGLAND,06/24/2009,1707,Tornado, ,EF0,0,0,50000,0,ND,MST-7, ,29350,C,41,BIS,0,0,Newspaper, ,17.34,50,7,NNW,5,NNW,REGENT,06/24/2009,1738,46.63,-102.89,46.4869,-102.5902,"This tornado touched down in Stark County and crossed into Hettinger County. See the tornado entry for Stark County 1703 MST to 1707 MST.||The same supercell thunderstorm that produced this EF0 tornado produced an EF1 tornado in Stark County earlier in the day. See the tornado entry 1628 MST to 1645 MST for Stark County.||The tornado touched down in Stark County about seven miles north-northwest of the Hettinger County city of New England. It moved southeast and crossed into Hettinger County and lifted about eight miles west-northwest of Regent, after doing damage to several farms. Several medium to large trees were uprooted and there was window and roof damage to buildings. The damage corresponded to high end EF0 on the Enhanced Fujita Tornado Scale. From that it was determined that wind speeds were around 85 mph. There were no deaths or injuries.","A mid level short wave impulse and a surface frontal boundary acted together to trigger late afternoon and early evening thunderstorms over western and north central North Dakota on June 24th.  The most intense storms developed across southwest North Dakota where the strongest low level wind shear and moisture pooling were collocated.  One of the longer tracked supercell storms spawned two distinct and seperate tornadoes. One of those resulted in EF1 tornado damage on a farm. Numerous reports of severe hail and two reports of severe thunderstorm wind gusts were received in addition to tornado and funnel cloud reports.",27
179052,BEADLE CO.,VIRGIL,06/24/2009,1907,Tornado, ,EF0,0,0,0,0,SD,CST-6, ,30569,C,5,FSD,0,0,Public, ,0.44,100,1,WNW,0,W,VIRGIL,06/24/2009,1909,44.283,-98.435,44.279,-98.428,"A brief tornado caused no reported damage. The tornado was observed to have multiple vortices.","Thunderstorms produced numerous reports of large hail and damaging winds, along with several brief tornadoes, over southeast South Dakota during the evening of June 24th, to a little after midnight on June 25th. There was also at least two areas affected by flash flooding. The storms moved from the western to the southeastern parts of the area.",28
185428,DAY CO.,ANDOVER,06/24/2009,1950,Tornado, ,EF0,0,0,0,0,SD,CST-6, ,31562,C,37,ABR,0,0,Public, ,0.31,20,4,SW,4,SW,ANDOVER,06/24/2009,1952,45.36,-97.98,45.3576,-97.9745,"A tornado touched down briefly south of Andover with no damage reported.","Several supercell thunderstorms that developed along a stationary front across central and northeast South Dakota brought very large hail up to the size of tennis balls, damaging winds up to 70 mph, along with a tornado.",29
179864,SANBORN CO.,ARTESIAN,06/24/2009,2000,Tornado, ,EF0,0,0,0,0,SD,CST-6, ,30569,C,111,FSD,0,0,Public, ,0.41,50,3,S,4,S,ARTESIAN,06/24/2009,2001,43.972,-97.923,43.968,-97.917,"A brief tornado caused tree damage.","Thunderstorms produced numerous reports of large hail and damaging winds, along with several brief tornadoes, over southeast South Dakota during the evening of June 24th, to a little after midnight on June 25th. There was also at least two areas affected by flash flooding. The storms moved from the western to the southeastern parts of the area.",30
179869,HANSON CO.,FULTON,06/24/2009,2041,Tornado, ,EF0,0,0,0,0,SD,CST-6, ,30569,C,61,FSD,0,0,Storm Chaser, ,0.12,50,3,N,3,N,FULTON,06/24/2009,2042,43.771,-97.822,43.77,-97.82,"A brief tornado caused no reported damage.","Thunderstorms produced numerous reports of large hail and damaging winds, along with several brief tornadoes, over southeast South Dakota during the evening of June 24th, to a little after midnight on June 25th. There was also at least two areas affected by flash flooding. The storms moved from the western to the southeastern parts of the area.",31
179870,HANSON CO.,FULTON,06/24/2009,2042,Tornado, ,EF0,0,0,0,0,SD,CST-6, ,30569,C,61,FSD,0,0,Emergency Manager, ,0.24,50,3,E,3,E,FULTON,06/24/2009,2043,43.731,-97.762,43.729,-97.758,"A weak tornado caused no reported damage.","Thunderstorms produced numerous reports of large hail and damaging winds, along with several brief tornadoes, over southeast South Dakota during the evening of June 24th, to a little after midnight on June 25th. There was also at least two areas affected by flash flooding. The storms moved from the western to the southeastern parts of the area.",32
179872,MCCOOK CO.,BRIDGEWATER,06/24/2009,2126,Tornado, ,EF0,0,0,0,0,SD,CST-6, ,30569,C,87,FSD,0,0,Storm Chaser, ,0.33,50,1,N,1,N,BRIDGEWATER,06/24/2009,2127,43.562,-97.503,43.559,-97.498,"A brief tornado caused no reported damage.","Thunderstorms produced numerous reports of large hail and damaging winds, along with several brief tornadoes, over southeast South Dakota during the evening of June 24th, to a little after midnight on June 25th. There was also at least two areas affected by flash flooding. The storms moved from the western to the southeastern parts of the area.",33
179875,TURNER CO.,MARION,06/24/2009,2204,Tornado, ,EF0,0,0,0,0,SD,CST-6, ,30569,C,125,FSD,0,0,Emergency Manager, ,0.24,50,3,S,3,SSE,MARION,06/24/2009,2205,43.381,-97.262,43.379,-97.258,"A brief tornado caused no reported damage.","Thunderstorms produced numerous reports of large hail and damaging winds, along with several brief tornadoes, over southeast South Dakota during the evening of June 24th, to a little after midnight on June 25th. There was also at least two areas affected by flash flooding. The storms moved from the western to the southeastern parts of the area.",34
179896,TURNER CO.,VIBORG,06/24/2009,2239,Tornado, ,EF0,0,0,0,0,SD,CST-6, ,30569,C,125,FSD,0,0,Broadcast Media, ,0.06,50,0,NW,0,N,VIBORG,06/24/2009,2240,43.1705,-97.081,43.17,-97.08,"A brief tornado caused no reported damage.","Thunderstorms produced numerous reports of large hail and damaging winds, along with several brief tornadoes, over southeast South Dakota during the evening of June 24th, to a little after midnight on June 25th. There was also at least two areas affected by flash flooding. The storms moved from the western to the southeastern parts of the area.",35
169326,ROCK CO.,NEWPORT,06/24/2009,2243,Tornado, ,EF2,0,0,200000,15000,NE,CST-6, ,28796,C,149,LBF,0,0,Trained Spotter, ,4.56,20,3,N,3,E,NEWPORT,06/24/2009,2245,42.64,-99.3288,42.5933,-99.2653,"A tornado touched down north of Newport and overturned 2 center pivot irrigation systems, moved a 5000 bushel gran bin approximately 75 yards, snapped a large electrical transmission line pole, snapped a smaller wooden power pole, broke off numerous tree limbs, damaged the roof of an outbuilding, and picked up and spun around an empty grain truck traveling on Highway 20.  The truck was heading west and was picked up and deposited in the south ditch.  A storm chaser on Highway 20 also witnessed the tornado.","A supercell dropped south out of South Dakota and into north central Nebraska late in the evening.  The supercell produced strong winds...large hail...and 2 brief tornadoes.",36
179905,DOUGLAS CO.,HARRISON,06/24/2009,2327,Tornado, ,EF0,0,0,0,0,SD,CST-6, ,30569,C,43,FSD,0,0,Law Enforcement, ,0.24,50,3,SSW,3,SSW,HARRISON,06/24/2009,2328,43.391,-98.552,43.389,-98.548,"A brief tornado caused no reported damage.","Thunderstorms produced numerous reports of large hail and damaging winds, along with several brief tornadoes, over southeast South Dakota during the evening of June 24th, to a little after midnight on June 25th. There was also at least two areas affected by flash flooding. The storms moved from the western to the southeastern parts of the area.",37
179207,AROOSTOOK CO.,JEMTLAND,06/26/2009,1420,Tornado, ,EF0,0,0,0,0,ME,EST-5, ,30579,C,3,CAR,0,0,NWS Storm Survey, ,0.69,50,1,NE,1,S,STOCKHOLM,06/26/2009,1423,47.03,-68.13,47.04,-68.13,"A mini-supercell thunderstorm produced an EF0 tornado just east and southeast of the town of Stockholm...in the vicinity of School Street. The tornado sporadically reached tree top level along its path...shearing the tops off some trees (DI 27, DOD 2). Based on the damage...the tornado winds were estimated at around 65 mph. The average path width was around 25 yards.","Severe thunderstorms developed across northern Maine during the afternoon of the 26th in advance of a cold front crossing the region. The thunderstorms continued into the evening. The thunderstorms produced a weak tornado...large hail...damaging winds and flash flooding.",38
168693,ADAMS CO.,STRASBURG,06/26/2009,1500,Tornado, ,EF0,0,0,0,0,CO,MST-7, ,28669,C,1,BOU,0,0,Trained Spotter, ,0.1,50,10,N,10,N,STRASBURG,06/26/2009,1500,39.86,-104.3,39.86,-104.3,"A tornado touched down but did no damage.","Severe thunderstorms produced wind gusts from 60 to 80 mph across the Urban Corridor and Northeast Plains.  One weak tornado was also reported.",39
179002,HARTFORD CO.,WETHERSFIELD,06/26/2009,1550,Tornado, ,EF1,0,0,750000,0,CT,EST-5, ,30539,C,3,BOX,0,0,NWS Storm Survey, ,1.7,40,1,N,0,ENE,SOUTH WETHERSFIELD,06/26/2009,1553,41.7154,-72.6731,41.7005,-72.647,"A narrow tornado moved through Wethersfield.  The NWS storm survey team found damage beginning near the intersection of Nott Street and Park Avenue and continuing southeast into a cornfield along Elm Street, between Maple Street and Interstate 91.  ||Along this track, numerous trees were downed.  One of these trees fell onto a car on Park Avenue, trapping a person.  Another fallen tree blocked the exit ramp of Exit 24  on Interstate 91.  Many of these trees were large, healthy oak trees that were sliced in half, sheared off at their bases, or uprooted.  One tree fell onto a house with such force it split the house in half.  Two of the residents were inside the house at the time, but escaped without injury.  One injury indirectly occurred as a result of this tornado, when a split branch high up in a tree fell the following day, striking a person.||In the cornfield at the end of the tornado track, cornstalks were found flattened in a criss-cross pattern.  Farther into the cornfield, cornstalks were found to have not been impacted at all by the winds.  ||At a sporting goods store along the tornado track, a kayak inside the store was sucked out onto the road through a front window.","A cold front moved across Southern New England providing lift for showers and thunderstorms to develop across the area.  Strong instability across the state of Connecticut as well as deep layer shear resulted in many of these storms to become severe.  One of these storms produced a weak tornado (EF1) that moved across the community of Wethersfield.  Numerous trees were downed, including one that split a house in half when it fell.",40
172370,DUVAL CO.,(NIP)NAS JACKSONVILL,06/26/2009,1600,Tornado, ,EF0,0,0,0,0,FL,EST-5, ,29361,C,31,JAX,0,0,Public, ,7.14,20,1,ESE,3,SSW,JACKSONVILLE,06/26/2009,1640,30.21,-81.66,30.31,-81.69,"A waterspout over the northern St. Johns River moved onshore as a tornado in the Riverside area of Jacksonville near Stockton Street and Post Street. Several trees were blown down and two trees fell on vehicles. Minor property damage occurred.","A waterspout developed over the St. Johns River north of the Buckman Bridge. The waterspout followed the river generally northward to northeast of the Ortega River entrance and south of the Fuller Warren Bridge near downtown Jacksonville before dissipating. Per eyewitness accounts and live TV web-cam coverage, there may have been two separate waterspouts near the Ortega River entrance. ||A severe storm over St. Johns county produced an outflow boundary which traveled north and collided with another out-flow boundary and the Atlantic coast sea breeze front. These three boundaries converged over the river which produced a small area of strong rotation which yielded the tornado.",41
180499,BENSON CO.,MADDOCK RICES ARPT,06/26/2009,1630,Tornado, ,EF0,0,0,0,0,ND,CST-6, ,28578,C,5,FGF,0,0,Public, ,0.33,25,7,SSW,6,SSW,MADDOCK RICES ARPT,06/26/2009,1631,47.8641,-99.5955,47.8655,-99.5887,"A persistent funnel produced a couple of brief touchdowns in open rangeland in southern Arne Township, near the Wells County line.","A warm front pushed northward through eastern North Dakota during the afternoon of the 26th. By the early evening, low pressure had set up over northwest South Dakota, with the warm front extending to the northeast along a line from near Bismarck to near Devils Lake. The airmass in the warm sector was quite juicy, with surface dew points in the mid to upper 60s and temperatures in the low 90s. Thunderstorms fired up along the front and moved very slowly, which led to heavy rainfall and some flooding issues. Atmospheric conditions were also favorable for tornadoes, with the warm front, juicy air, and outflow boundaries from the thunderstorms. This led to a large number of funnel cloud reports, mostly because the rotating low clouds advanced through the larger population density centered around the Grand Forks/East Grand Forks area.",42
180482,NELSON CO.,MICHIGAN CITY,06/26/2009,1632,Tornado, ,EF0,0,0,0,0,ND,CST-6, ,28578,C,63,FGF,0,0,Fire Department/Rescue, ,3,100,1,NNW,3,NE,MICHIGAN CITY,06/26/2009,1639,48.04,-98.13,48.0507,-98.0741,"This tornado remained mostly over open fields and rangeland. Peak winds were estimated at 80 mph.","A warm front pushed northward through eastern North Dakota during the afternoon of the 26th. By the early evening, low pressure had set up over northwest South Dakota, with the warm front extending to the northeast along a line from near Bismarck to near Devils Lake. The airmass in the warm sector was quite juicy, with surface dew points in the mid to upper 60s and temperatures in the low 90s. Thunderstorms fired up along the front and moved very slowly, which led to heavy rainfall and some flooding issues. Atmospheric conditions were also favorable for tornadoes, with the warm front, juicy air, and outflow boundaries from the thunderstorms. This led to a large number of funnel cloud reports, mostly because the rotating low clouds advanced through the larger population density centered around the Grand Forks/East Grand Forks area.",43
180484,GRAND FORKS CO.,EDISONS,06/26/2009,1730,Tornado, ,EF1,0,0,0,0,ND,CST-6, ,28578,C,35,FGF,0,0,Law Enforcement, ,7,200,1,SW,5,NNE,LARIMORE,06/26/2009,1747,47.96,-97.7,47.9669,-97.5887,"This tornado was viewed by the Highway Patrol just to the north of U. S. Highway 2. The tornado tracked intermittently for nearly 7 miles to about 5 miles north-northeast of Larimore. The tornado was viewed and reported by multiple sources and snapped  or uprooted numerous trees in shelterbelts. Peak winds were estimated at 95 mph.","A warm front pushed northward through eastern North Dakota during the afternoon of the 26th. By the early evening, low pressure had set up over northwest South Dakota, with the warm front extending to the northeast along a line from near Bismarck to near Devils Lake. The airmass in the warm sector was quite juicy, with surface dew points in the mid to upper 60s and temperatures in the low 90s. Thunderstorms fired up along the front and moved very slowly, which led to heavy rainfall and some flooding issues. Atmospheric conditions were also favorable for tornadoes, with the warm front, juicy air, and outflow boundaries from the thunderstorms. This led to a large number of funnel cloud reports, mostly because the rotating low clouds advanced through the larger population density centered around the Grand Forks/East Grand Forks area.",44
180485,WALSH CO.,FOREST RIVER,06/26/2009,1730,Tornado, ,EF0,0,0,0,0,ND,CST-6, ,28578,C,99,FGF,0,0,Public, ,3.2,200,3,SE,2,WSW,ARDOCH,06/26/2009,1738,48.1842,-97.4312,48.1876,-97.3619,"From near Forest River, a tornado tracked east-southeast to about 1.5 miles southwest of Ardoch. The tornado broke down several large tree limbs in shelterbelts and produced a fairly wide debris swirl to the west of Ardoch, as viewed by observers near the southwest edge of Ardoch. Peak winds were estimated at 80 mph.","A warm front pushed northward through eastern North Dakota during the afternoon of the 26th. By the early evening, low pressure had set up over northwest South Dakota, with the warm front extending to the northeast along a line from near Bismarck to near Devils Lake. The airmass in the warm sector was quite juicy, with surface dew points in the mid to upper 60s and temperatures in the low 90s. Thunderstorms fired up along the front and moved very slowly, which led to heavy rainfall and some flooding issues. Atmospheric conditions were also favorable for tornadoes, with the warm front, juicy air, and outflow boundaries from the thunderstorms. This led to a large number of funnel cloud reports, mostly because the rotating low clouds advanced through the larger population density centered around the Grand Forks/East Grand Forks area.",45
180503,WALSH CO.,KELLOGG,06/26/2009,1735,Tornado, ,EF1,0,0,250000,50000,ND,CST-6, ,28578,C,99,FGF,0,0,NWS Storm Survey, ,3.07,300,1,NE,1,ENE,GRAFTON ARPT,06/26/2009,1742,48.3823,-97.4165,48.4019,-97.3564,"The tornado lifted a barn from its foundation and destroyed it while uprooting numerous trees in the farmyard. Later the tornado broke down three power poles and snapped off numerous other trees along its route. Peak winds were estimated to 105 mph.","A warm front pushed northward through eastern North Dakota during the afternoon of the 26th. By the early evening, low pressure had set up over northwest South Dakota, with the warm front extending to the northeast along a line from near Bismarck to near Devils Lake. The airmass in the warm sector was quite juicy, with surface dew points in the mid to upper 60s and temperatures in the low 90s. Thunderstorms fired up along the front and moved very slowly, which led to heavy rainfall and some flooding issues. Atmospheric conditions were also favorable for tornadoes, with the warm front, juicy air, and outflow boundaries from the thunderstorms. This led to a large number of funnel cloud reports, mostly because the rotating low clouds advanced through the larger population density centered around the Grand Forks/East Grand Forks area.",46
173118,MCLEAN CO.,UNDERWOOD,06/26/2009,1743,Tornado, ,EF0,0,0,0,0,ND,CST-6, ,29481,C,55,BIS,0,0,Public, ,0.5,20,6,ESE,7,ESE,UNDERWOOD,06/26/2009,1746,47.4168,-101.0114,47.414,-101.0015,"A brief tornado touchdown occurred in open country. The tornado impacted no structures and so no damage was done.","In the early afternoon of June 26th, Severe Thunderstorm Watch 518 was issued in anticipation of severe thunderstorms developing and intensifying along and ahead of a surface boundary across western South Dakota and central North Dakota, and ahead of a series of upper level vorticity maxima advancing northeast into North Dakota. Tornado watch 522 was then issued in the early evening and replaced eastern portions of Severe Thunderstorm Watch 518. This upgrade was due to discrete supercells developing along a warm front where enhanced ascent and strong low level wind shear coincided.||Multiple tornado and several severe thunderstorm warnings were issued. Multiple reports of large hail, several reports of severe thunderstorm wind gusts, and two confirmed tornado reports were received from the mid afternoon hours through the mid evening hours. In addition, very heavy rainfall over north central and south central North Dakota prompted the issuance of several flash flood warnings.",47
180507,WALSH CO.,WARSAW,06/26/2009,1755,Tornado, ,EF1,0,0,7000,20000,ND,CST-6, ,28578,C,99,FGF,0,0,Trained Spotter, ,3.63,250,3,NW,1,E,WARSAW,06/26/2009,1805,48.3266,-97.2994,48.2983,-97.2328,"The tornado snapped off numerous large tree limbs and blew down a 3000 bushel steel grain bin along its path. Peak winds were estimated at 90 mph.","A warm front pushed northward through eastern North Dakota during the afternoon of the 26th. By the early evening, low pressure had set up over northwest South Dakota, with the warm front extending to the northeast along a line from near Bismarck to near Devils Lake. The airmass in the warm sector was quite juicy, with surface dew points in the mid to upper 60s and temperatures in the low 90s. Thunderstorms fired up along the front and moved very slowly, which led to heavy rainfall and some flooding issues. Atmospheric conditions were also favorable for tornadoes, with the warm front, juicy air, and outflow boundaries from the thunderstorms. This led to a large number of funnel cloud reports, mostly because the rotating low clouds advanced through the larger population density centered around the Grand Forks/East Grand Forks area.",48
173121,MCLEAN CO.,MERCER,06/26/2009,1810,Tornado, ,EF0,0,0,0,0,ND,CST-6, ,29481,C,55,BIS,0,0,Public, ,0.1,20,1,W,1,W,MERCER,06/26/2009,1811,47.48,-100.75,47.48,-100.7478,"A tornado briefly touched down in open country. The tornado impacted no structures and so no damage was done.","In the early afternoon of June 26th, Severe Thunderstorm Watch 518 was issued in anticipation of severe thunderstorms developing and intensifying along and ahead of a surface boundary across western South Dakota and central North Dakota, and ahead of a series of upper level vorticity maxima advancing northeast into North Dakota. Tornado watch 522 was then issued in the early evening and replaced eastern portions of Severe Thunderstorm Watch 518. This upgrade was due to discrete supercells developing along a warm front where enhanced ascent and strong low level wind shear coincided.||Multiple tornado and several severe thunderstorm warnings were issued. Multiple reports of large hail, several reports of severe thunderstorm wind gusts, and two confirmed tornado reports were received from the mid afternoon hours through the mid evening hours. In addition, very heavy rainfall over north central and south central North Dakota prompted the issuance of several flash flood warnings.",49
180489,GRAND FORKS CO.,MANVEL,06/26/2009,1822,Tornado, ,EF0,0,0,0,0,ND,CST-6, ,28578,C,35,FGF,0,0,Public, ,0.1,25,1,NNW,1,NNW,MANVEL,06/26/2009,1822,48.09,-97.18,48.09,-97.18,"A tornado briefly touched down in an open field.","A warm front pushed northward through eastern North Dakota during the afternoon of the 26th. By the early evening, low pressure had set up over northwest South Dakota, with the warm front extending to the northeast along a line from near Bismarck to near Devils Lake. The airmass in the warm sector was quite juicy, with surface dew points in the mid to upper 60s and temperatures in the low 90s. Thunderstorms fired up along the front and moved very slowly, which led to heavy rainfall and some flooding issues. Atmospheric conditions were also favorable for tornadoes, with the warm front, juicy air, and outflow boundaries from the thunderstorms. This led to a large number of funnel cloud reports, mostly because the rotating low clouds advanced through the larger population density centered around the Grand Forks/East Grand Forks area.",50
180491,GRAND FORKS CO.,GRAND FORKS,06/26/2009,1843,Tornado, ,EF0,0,0,0,0,ND,CST-6, ,28578,C,35,FGF,0,0,Amateur Radio, ,0.1,25,3,WSW,3,WSW,GRAND FORKS,06/26/2009,1843,47.9,-97.1,47.9,-97.1,"A brief tornado touchdown was reported north of U. S. Highway 2, heading east toward Grand Forks.","A warm front pushed northward through eastern North Dakota during the afternoon of the 26th. By the early evening, low pressure had set up over northwest South Dakota, with the warm front extending to the northeast along a line from near Bismarck to near Devils Lake. The airmass in the warm sector was quite juicy, with surface dew points in the mid to upper 60s and temperatures in the low 90s. Thunderstorms fired up along the front and moved very slowly, which led to heavy rainfall and some flooding issues. Atmospheric conditions were also favorable for tornadoes, with the warm front, juicy air, and outflow boundaries from the thunderstorms. This led to a large number of funnel cloud reports, mostly because the rotating low clouds advanced through the larger population density centered around the Grand Forks/East Grand Forks area.",51
169382,LINCOLN CO.,HERSHEY,06/26/2009,1915,Tornado, ,EF0,0,0,750,0,NE,CST-6, ,28800,C,111,LBF,0,0,NWS Employee, ,0.1,20,7,SE,7,SE,HERSHEY,06/26/2009,1915,41.1011,-100.9039,41.1011,-100.9039,"A tornado developed on the northwest corner of a bow echo and touched down very briefly.  It ripped a 70 pound cover off a hot tub and tossed it 150 feet into a field. It also tore off shingles from roofs.  The storm that produced the tornado continued northeast and produced another brief tornado.","Numerous thunderstorms moved northeast out of Colorado and into southwest Nebraska during the afternoon hours. The storms initially produced large hail.  However, then the storms started to develop into a bow echo as they moved northeast and produced very strong winds and a couple of brief tornadoes.",52
169383,LINCOLN CO.,NORTH PLATTE,06/26/2009,1922,Tornado, ,EF1,0,0,152000,0,NE,CST-6, ,28800,C,111,LBF,0,0,Trained Spotter, ,0.1,20,2,W,2,W,NORTH PLATTE,06/26/2009,1922,41.15,-100.8184,41.15,-100.8184,"A tornado developed on the northwest corner of a bow echo and touched down very briefly over Union Pacific Railroad Bailey Yard and was witnessed by numerous railroad workers.  The tornado derailed 14 empty coal cars and overturned a semi in Bailey Yard. It also snapped off large trees on the north edge of Bailey Yard before lifting.  The storm had produced another brief tornado previous to this one.","Numerous thunderstorms moved northeast out of Colorado and into southwest Nebraska during the afternoon hours. The storms initially produced large hail.  However, then the storms started to develop into a bow echo as they moved northeast and produced very strong winds and a couple of brief tornadoes.",53
180514,TRAILL CO.,BUXTON,06/26/2009,1935,Tornado, ,EF1,0,0,150000,0,ND,CST-6, ,28578,C,97,FGF,0,0,NWS Storm Survey, ,0.07,100,0,E,0,E,BUXTON,06/26/2009,1935,47.5989,-97.09,47.5989,-97.09,"A 60x120 foot diameter storage building was destroyed and roofing materials were peeled up on a potato warehouse. Several trees were snapped off. Peak winds were estimated at 95 mph.","A warm front pushed northward through eastern North Dakota during the afternoon of the 26th. By the early evening, low pressure had set up over northwest South Dakota, with the warm front extending to the northeast along a line from near Bismarck to near Devils Lake. The airmass in the warm sector was quite juicy, with surface dew points in the mid to upper 60s and temperatures in the low 90s. Thunderstorms fired up along the front and moved very slowly, which led to heavy rainfall and some flooding issues. Atmospheric conditions were also favorable for tornadoes, with the warm front, juicy air, and outflow boundaries from the thunderstorms. This led to a large number of funnel cloud reports, mostly because the rotating low clouds advanced through the larger population density centered around the Grand Forks/East Grand Forks area.",54
180512,TRAILL CO.,TAFT,06/26/2009,2012,Tornado, ,EF0,0,0,5000,0,ND,CST-6, ,28578,C,97,FGF,0,0,Public, ,2.88,75,2,N,4,NE,TAFT,06/26/2009,2020,47.4836,-97.0673,47.4908,-97.0065,"Several trees were broken down in shelterbelts. Peak winds were estimated at 80 mph.","A warm front pushed northward through eastern North Dakota during the afternoon of the 26th. By the early evening, low pressure had set up over northwest South Dakota, with the warm front extending to the northeast along a line from near Bismarck to near Devils Lake. The airmass in the warm sector was quite juicy, with surface dew points in the mid to upper 60s and temperatures in the low 90s. Thunderstorms fired up along the front and moved very slowly, which led to heavy rainfall and some flooding issues. Atmospheric conditions were also favorable for tornadoes, with the warm front, juicy air, and outflow boundaries from the thunderstorms. This led to a large number of funnel cloud reports, mostly because the rotating low clouds advanced through the larger population density centered around the Grand Forks/East Grand Forks area.",55
180516,TRAILL CO.,CALEDONIA,06/26/2009,2050,Tornado, ,EF0,0,0,0,0,ND,CST-6, ,28578,C,97,FGF,0,0,NWS Storm Survey, ,1,75,2,SW,0,SW,CALEDONIA,06/26/2009,2053,47.45,-96.9,47.47,-96.88,"Several tree limbs were broken down and a few shingles were torn off of homes. Peak winds were estimated at 80 mph.","A warm front pushed northward through eastern North Dakota during the afternoon of the 26th. By the early evening, low pressure had set up over northwest South Dakota, with the warm front extending to the northeast along a line from near Bismarck to near Devils Lake. The airmass in the warm sector was quite juicy, with surface dew points in the mid to upper 60s and temperatures in the low 90s. Thunderstorms fired up along the front and moved very slowly, which led to heavy rainfall and some flooding issues. Atmospheric conditions were also favorable for tornadoes, with the warm front, juicy air, and outflow boundaries from the thunderstorms. This led to a large number of funnel cloud reports, mostly because the rotating low clouds advanced through the larger population density centered around the Grand Forks/East Grand Forks area.",56
168125,TOWNER CO.,CONSIDINE,06/27/2009,1345,Tornado, ,EF0,0,0,0,0,ND,CST-6, ,28587,C,95,FGF,0,0,Public, ,0.1,50,4,E,4,E,CONSIDINE,06/27/2009,1346,48.56,-99.2,48.56,-99.2,"A brief tornado touchdown occurred.","An upper level disturbance swung through the area during middle of the afternoon of the 27th, and helped to ignite scattered afternoon thunderstorms. A cold pool aloft also helped to destabilize the atmosphere.",57
168126,TOWNER CO.,CONSIDINE,06/27/2009,1355,Tornado, ,EF0,0,0,0,0,ND,CST-6, ,28587,C,95,FGF,0,0,Public, ,0.22,50,2,ENE,2,ENE,CONSIDINE,06/27/2009,1356,48.5775,-99.2381,48.5787,-99.2337,"A North Dakota Atmospheric Resource Board observer reported a brief touchdown north of their location. Another funnel cloud was visible to the east, but a tree line obscured the view of it.","An upper level disturbance swung through the area during middle of the afternoon of the 27th, and helped to ignite scattered afternoon thunderstorms. A cold pool aloft also helped to destabilize the atmosphere.",58
185312,BERKELEY CO.,THE FARMS,06/27/2009,1748,Tornado, ,EF0,0,0,150000,0,SC,EST-5, ,31542,C,15,CHS,0,0,NWS Storm Survey, ,0.25,40,1,E,1,E,THE FARMS,06/27/2009,1749,32.92,-80.01,32.9184,-80.0092,"A National Weather Service storm survey team confirmed an EF-0 Tornado in Hanahan, South Carolina.  Based on eyewitness reports and a survey of the damage, an EF-0 Tornado developed over Turkey Creek and tracked south-southeast for about 0.25 miles along the marsh just to the east of east Recess Road and west of Dennis Drive before dissipating.  ||Straight-line winds produced extensive tree damage adjacent to the short path of the Tornado, along a 0.75 mile wide area extending from east Recess Road to Steward Street and along a length of approximately 0.70 miles extending from Turkey Creek to Meadowcliff Avenue.  Numerous large trees were knocked down, tops of many trees were sheared off and tops of some power poles were broken off.  There was minor damage to several homes and other structures, mainly a result of the fallen trees and tree limbs.  South Carolina Electric and Gas reported nearly 3500 customers were without power after the storm as a result of the downed power lines.  Along with the damaging winds, the public also reported quarter to golf ball size hail.","A trough of low pressure in the lee of the Appalachians sparked thunderstorm development across central South Carolina which then propagated to the South Carolina coast.  The thunderstorms intensified as they met up with the sea breeze and collided with numerous outflow boundaries, resulting in scattered strong to severe thunderstorms across southern South Carolina.",59
181237,MARSHALL CO.,ALBERTVILLE MUNI ARP,06/28/2009,1550,Tornado, ,EF0,0,0,18000,0,AL,CST-6, ,30255,C,95,HUN,0,0,NWS Storm Survey, ,1.32,50,1,WSW,1,S,ALBERTVILLE MUNI ARP,06/28/2009,1555,34.22,-86.272,34.222,-86.249,"A brief tornado touched down 4 miles southwest of Albertville, just southwest of the Albertville airport. Damage was sporadic and generally light, with a few trees uprooted and weaker softwood trees snapped. Light damage was also noted to a barn roof along White Oak road.  Some damage also occurred to mature corn crops on the farm.","Thunderstorms developed in an unstable air mass ahead of an approaching cold front during the afternoon hours.  Most of the activity occurred east of interstate 65.  A miniature supercell produced a tornado near the Albertville Airport in Marshall County. Thunderstorm wind damage was also reported in Morgan and Cullman Counties.  Southern and western portions of Marshall county also received two to three inches of rainfall in a short time leading to minor flash flooding.",60
185346,CAMPBELL CO.,ROZET,06/30/2009,1400,Tornado, ,EF0,0,0,0,0,WY,MST-7, ,31547,C,5,UNR,0,0,Public, ,0.02,10,7,NE,7,NE,ROZET,06/30/2009,1402,44.3617,-105.1117,44.3617,-105.1117,"A small tornado briefly touched down north of Rozet.","A small tornado briefly touched down in extreme eastern Campbell County.",61
184490,HILLSBOROUGH CO.,CARROLLWOOD,06/30/2009,1405,Tornado, ,EF0,0,0,20000,0,FL,EST-5, ,31399,C,57,TBW,0,0,Emergency Manager, ,0.05,20,2,WNW,2,WNW,CARROLLWOOD,06/30/2009,1406,28.0616,-82.512,28.0613,-82.5112,"A brief and weak tornado touched down across Golf Crest Circle as the result of two merging thunderstorms. Three nearly 100-foot tall pine trees were blown over, one falling on a house causing major roof damage.","A trough of low pressure was in place across the area and high pressure was ridging across south Florida with an upper level disturbance moving into the area from the north. Numerous thunderstorms developed in this moist and unstable environment producing a tornado.",62
169020,WIBAUX CO.,CARLYLE,06/30/2009,1708,Tornado, ,EF0,0,0,0,0,MT,MST-7, ,28732,C,109,GGW,0,0,Storm Chaser, ,0.25,5,6,WNW,6,WNW,CARLYLE,06/30/2009,1711,46.6832,-104.1469,46.6832,-104.1469,"A storm chasing tour group witnessed a tornado for 3 minutes before it dissipated. It was in open country and eventually became rain-wrapped.  Tornado times are based on video of the event.","Strong supercells formed over the region, producing large hail, damaging winds, funnel clouds and at least one tornado.",63
184858,HILLSBOROUGH CO.,RIVERVIEW,07/01/2009,648,Tornado, ,EF0,0,0,5000,0,FL,EST-5, ,31467,C,57,TBW,0,0,Utility Company, ,2.92,30,2,NNW,1,E,BRANDON ARPT,07/01/2009,650,27.8908,-82.3306,27.8981,-82.2836,"A tornado briefly touched down in a few locations along the path causing trees to be snapped or uprooted along Duncan Road, Bloomingdale Avenue, and Craft Road. Winds were estimated at 75mph.","A trough of low pressure was dissipating across the area with high pressure ridging across southern Florida. This kept west to southwest winds in place across the local area and allowed for numerous thunderstorms with heavy rains and a tornado.",64
169523,SALINE CO.,NEW CAMBRIA,07/03/2009,1942,Tornado, ,EF0,0,0,0,0,KS,CST-6, ,28822,C,169,ICT,0,0,Storm Chaser, ,0.35,50,3,ENE,3,ENE,NEW CAMBRIA,07/03/2009,1943,38.89,-97.45,38.8926,-97.4444,"A tornado briefly touched down in an open field.","A lone supercell developed along a stalled frontal boundary across Central Kansas on the evening of July 3rd, 2009.  This supercell produced a brief tornado touchdown in an open field, in Saline county, Kansas as it moved to the east.",65
175383,CALLOWAY CO.,ALMO,07/04/2009,1729,Tornado, ,EF0,0,0,3000,10000,KY,CST-6, ,29942,C,35,PAH,0,0,NWS Storm Survey, ,0.98,50,3,NE,0,NE,HICO,07/04/2009,1731,36.7307,-88.2317,36.72,-88.22,"This weak tornado occurred in rural farm country and caused little damage. Several tree limbs and tree tops were blown down. Some field corn was blown over. Peak winds were estimated near 75 mph.","Western Kentucky was located in the destabilizing warm sector of a surface low across northern Missouri. Mixed layer CAPE values at or above 1000 j/kg aided thunderstorm intensification as large scale lift was maintained ahead of the surface low.  Deep-layer wind shear on the order of 40 to 50 knots contributed to persistent rotating updrafts. A few tornadoes occurred with rotating storms that crossed a warm front draped across southern parts of western Kentucky.",66
175384,TRIGG CO.,GOLDEN POND,07/04/2009,1739,Tornado, ,EF0,0,0,3000,0,KY,CST-6, ,29942,C,221,PAH,0,0,NWS Storm Survey, ,0.5,50,4,SW,4,SW,GOLDEN POND,07/04/2009,1740,36.7391,-88.0711,36.7442,-88.0647,"This brief, weak tornado touched down in the Land Between The Lakes National Recreation Area. Several tree limbs and tree tops were downed. The peak wind was estimated near 70 mph.","Western Kentucky was located in the destabilizing warm sector of a surface low across northern Missouri. Mixed layer CAPE values at or above 1000 j/kg aided thunderstorm intensification as large scale lift was maintained ahead of the surface low.  Deep-layer wind shear on the order of 40 to 50 knots contributed to persistent rotating updrafts. A few tornadoes occurred with rotating storms that crossed a warm front draped across southern parts of western Kentucky.",67
175385,CHRISTIAN CO.,HERNDON,07/04/2009,1813,Tornado, ,EF1,0,0,10000,0,KY,CST-6, ,29942,C,47,PAH,0,0,NWS Storm Survey, ,0.5,110,1,SE,2,SE,HERNDON,07/04/2009,1814,36.7172,-87.554,36.7121,-87.5477,"A few dozen trees were uprooted, and numerous large limbs were broken. Minor shingle damage was noted on one home. A small area of corn was flattened. Peak winds were estimated at 95 mph.","Western Kentucky was located in the destabilizing warm sector of a surface low across northern Missouri. Mixed layer CAPE values at or above 1000 j/kg aided thunderstorm intensification as large scale lift was maintained ahead of the surface low.  Deep-layer wind shear on the order of 40 to 50 knots contributed to persistent rotating updrafts. A few tornadoes occurred with rotating storms that crossed a warm front draped across southern parts of western Kentucky.",68
174118,LOGAN CO.,STERLING,07/05/2009,1740,Tornado, ,EF0,0,0,0,0,CO,MST-7, ,29575,C,75,BOU,0,0,Trained Spotter, ,0.1,50,3,SE,3,SE,STERLING,07/05/2009,1740,40.6,-103.15,40.6,-103.15,"A tornado touched down briefly but did  no damage.","Several severe thunderstorms developed east of the Interstate 25 corridor and in the Northeast Plains.  Most of the storms produced damaging straightline winds.  Hail, very heavy rainfall and one tornado were also reported.  Most of the damage occurred in the city of Sterling.",69
175876,DAWSON CO.,GLENDIVE,07/05/2009,1755,Tornado, ,EF0,0,0,0,0,MT,MST-7, ,30032,C,21,GGW,0,0,Trained Spotter, ,0.25,1,13,ENE,13,ENE,GLENDIVE,07/05/2009,1755,47.172,-104.4745,47.172,-104.4745,"Brief tornado touchdown to the northeast of the spotter location.","A cold front that dropped south from Saskatchewan brought severe thunderstorms to the area.",70
186349,COTTONWOOD CO.,STORDEN,07/07/2009,1710,Tornado, ,EF0,0,0,0,0,MN,CST-6, ,31748,C,33,FSD,0,0,Law Enforcement, ,0.2,50,6,N,6,N,STORDEN,07/07/2009,1711,44.13,-95.322,44.13,-95.318,"A brief tornado caused no reported damage.","Thunderstorms produced damaging winds, hail, and one tornado in Murray and Cottonwood Counties in southwest Minnesota on the late afternoon of July 7th. The tornado caused no reported damage.",71
180873,PEORIA CO.,LANCASTER,07/08/2009,1555,Tornado, ,EF0,0,0,0,0,IL,CST-6, ,30811,C,143,ILX,0,0,Law Enforcement, ,0.1,10,1,W,1,W,LANCASTER,07/08/2009,1555,40.5822,-89.8583,40.5822,-89.8583,"A tornado briefly touched down in a field near the Glasford-Peoria Blacktop.","Scattered thunderstorms developed along a stationary frontal boundary extending from near Galesburg southeastward to Effingham during the afternoon of July 8th.  Two brief tornado touchdowns were reported in Peoria and Mason counties.  An isolated downburst caused minor wind damage in the town of Neoga in Cumberland County.  In addition, a heavy downpour caused street flooding in Mattoon in Coles County.",72
180874,MASON CO.,TEHERAN,07/08/2009,1603,Tornado, ,EF0,0,0,0,0,IL,CST-6, ,30811,C,125,ILX,0,0,Fire Department/Rescue, ,0.1,10,1,WNW,1,WNW,TEHERAN,07/08/2009,1603,40.2239,-89.8103,40.2239,-89.8103,"A tornado briefly touched down in a field 2 miles east-southeast of Easton.","Scattered thunderstorms developed along a stationary frontal boundary extending from near Galesburg southeastward to Effingham during the afternoon of July 8th.  Two brief tornado touchdowns were reported in Peoria and Mason counties.  An isolated downburst caused minor wind damage in the town of Neoga in Cumberland County.  In addition, a heavy downpour caused street flooding in Mattoon in Coles County.",73
191590,PENNINGTON CO.,DEERFIELD,07/08/2009,1606,Tornado, ,EF1,0,0,1000,0,SD,MST-7, ,29260,C,103,UNR,0,0,NWS Storm Survey, ,0.81,50,13,SSW,12,SSW,DEERFIELD,07/08/2009,1610,43.859,-103.945,43.861,-103.929,"A tornado blew down and snapped pine trees from Forest Service (FS) Road 376 to the Custer Limestone Road (FS Road 284). The survey could not determine whether the path was longer as the surrounding area was covered with downed trees from the 2000 Jasper Fire. The event time was estimated from radar.","A supercell thunderstorm moved from Wyoming across the central Black Hills, producing large hail, strong winds, and a brief tornado west of Hill City.",74
186706,GOLDEN VALLEY CO.,SENTINEL BUTTE,07/08/2009,1705,Tornado, ,EF0,0,0,0,0,ND,MST-7, ,31771,C,33,BIS,0,0,Fire Department/Rescue, ,0.5,30,10,NE,10,NE,SENTINEL BUTTE,07/08/2009,1710,47.02,-103.69,47.0223,-103.68,"A brief tornado occurred. The tornado touched down in open country and impacted no structures. There were no reports of damage.","In the mid afternoon hours of Wednesday, July 8th, Tornado Watch 563 was issued for all of western and parts of central North Dakota, due to the expected widespread and dangerous development and rapid intensification of thunderstorms near a surface trough along the western North Dakota border. Destabilization along the surface trough, coupled with the approach of a strong upper level trough and an intensifying late afternoon/early evening low level jet, all contributed to the watch issuance. Later Wednesday evening, Severe Thunderstorm Watch 565 was issued for much of central North Dakota to replace the expiring Tornado Watch, and specifically to account for a developing bow echo which was expected to push east across the watch area into the early morning hours of Thursday, July 9th.||The end result was a large severe weather outbreak experienced across much of west and central North Dakota, lasting from the late afternoon hours of the 8th, into the early morning hours of the 9th. Multiple severe thunderstorm and tornado warnings were issued. Numerous reports of large hail and severe thunderstorm wind gusts were received throughout this event.  Several tornadoes occurred, including an EF3 within city limits on the south side of Dickinson. That tornado alone resulted in over twenty million dollars in damage.",75
186708,BILLINGS CO.,MEDORA,07/08/2009,1727,Tornado, ,EF0,0,0,0,0,ND,MST-7, ,31771,C,7,BIS,0,0,Law Enforcement, ,0.1,40,3,NNE,4,NNE,MEDORA,07/08/2009,1730,46.9655,-103.5024,46.9668,-103.5016,"A brief tornado touchdown was reported. No reports of damage or injuries were received.","In the mid afternoon hours of Wednesday, July 8th, Tornado Watch 563 was issued for all of western and parts of central North Dakota, due to the expected widespread and dangerous development and rapid intensification of thunderstorms near a surface trough along the western North Dakota border. Destabilization along the surface trough, coupled with the approach of a strong upper level trough and an intensifying late afternoon/early evening low level jet, all contributed to the watch issuance. Later Wednesday evening, Severe Thunderstorm Watch 565 was issued for much of central North Dakota to replace the expiring Tornado Watch, and specifically to account for a developing bow echo which was expected to push east across the watch area into the early morning hours of Thursday, July 9th.||The end result was a large severe weather outbreak experienced across much of west and central North Dakota, lasting from the late afternoon hours of the 8th, into the early morning hours of the 9th. Multiple severe thunderstorm and tornado warnings were issued. Numerous reports of large hail and severe thunderstorm wind gusts were received throughout this event.  Several tornadoes occurred, including an EF3 within city limits on the south side of Dickinson. That tornado alone resulted in over twenty million dollars in damage.",76
186705,BURKE CO.,PORTAL,07/08/2009,1815,Tornado, ,EF1,0,0,185000,50000,ND,CST-6, ,31771,C,13,BIS,0,0,Fire Department/Rescue, ,9.67,80,5,W,5,E,PORTAL,07/08/2009,1840,49,-102.6603,48.9906,-102.4475,"A tornado was reported west of Portal near the Canadian border where it blew out the windows of two vehicles and blew the vehicles into the ditch. The tornado continued east-southeast towards the southern side of the town of Portal, uprooting 12 inch in diameter trees, snapping several power poles, and destroying an old oak barn. The tornado then continued east of Portal, uprooting several more large trees, downing more power lines, and destroying a granary, before dissipating. The damage corresponded to low end EF1 on the Enhanced Fujita Tornado Scale. From that it was determined that wind speeds were around 90 mph. No injuries and no deaths were reported.","In the mid afternoon hours of Wednesday, July 8th, Tornado Watch 563 was issued for all of western and parts of central North Dakota, due to the expected widespread and dangerous development and rapid intensification of thunderstorms near a surface trough along the western North Dakota border. Destabilization along the surface trough, coupled with the approach of a strong upper level trough and an intensifying late afternoon/early evening low level jet, all contributed to the watch issuance. Later Wednesday evening, Severe Thunderstorm Watch 565 was issued for much of central North Dakota to replace the expiring Tornado Watch, and specifically to account for a developing bow echo which was expected to push east across the watch area into the early morning hours of Thursday, July 9th.||The end result was a large severe weather outbreak experienced across much of west and central North Dakota, lasting from the late afternoon hours of the 8th, into the early morning hours of the 9th. Multiple severe thunderstorm and tornado warnings were issued. Numerous reports of large hail and severe thunderstorm wind gusts were received throughout this event.  Several tornadoes occurred, including an EF3 within city limits on the south side of Dickinson. That tornado alone resulted in over twenty million dollars in damage.",77
186883,BOWMAN CO.,RHAME,07/08/2009,1845,Tornado, ,EF0,0,0,0,0,ND,MST-7, ,31771,C,11,BIS,0,0,Newspaper, ,0.97,30,1,N,2,NNE,RHAME,07/08/2009,1850,46.2481,-103.65,46.2567,-103.634,"A newspaper article mentioned a brief tornado near Rhame. There was no mention of damage. Follow up with law enforcement also indicated that no damage was done.","In the mid afternoon hours of Wednesday, July 8th, Tornado Watch 563 was issued for all of western and parts of central North Dakota, due to the expected widespread and dangerous development and rapid intensification of thunderstorms near a surface trough along the western North Dakota border. Destabilization along the surface trough, coupled with the approach of a strong upper level trough and an intensifying late afternoon/early evening low level jet, all contributed to the watch issuance. Later Wednesday evening, Severe Thunderstorm Watch 565 was issued for much of central North Dakota to replace the expiring Tornado Watch, and specifically to account for a developing bow echo which was expected to push east across the watch area into the early morning hours of Thursday, July 9th.||The end result was a large severe weather outbreak experienced across much of west and central North Dakota, lasting from the late afternoon hours of the 8th, into the early morning hours of the 9th. Multiple severe thunderstorm and tornado warnings were issued. Numerous reports of large hail and severe thunderstorm wind gusts were received throughout this event.  Several tornadoes occurred, including an EF3 within city limits on the south side of Dickinson. That tornado alone resulted in over twenty million dollars in damage.",78
186775,STARK CO.,DICKINSON,07/08/2009,1915,Tornado, ,EF3,0,2,20000000,0,ND,MST-7, ,31771,C,89,BIS,0,0,NWS Storm Survey, ,2.29,350,2,SW,2,SSE,DICKINSON,07/08/2009,1930,46.8554,-102.8159,46.8599,-102.7679,"Meteorologists from the National Weather Service conducted a storm damage survey in and around Dickinson on Thursday, July 9th, 2009. Meteorologists walked through the area and spoke with numerous people affected, many of whom were eye witnesses to the event.||This tornado passed through the city of Dickinson on the far south side, mainly just south of the Heart River. No witnesses spoken to actually saw the tornado. From their eye witness accounts, and from video obtained by the Dickinson Police Department, it is likely that this was a rain-wrapped tornado, and very difficult if not impossible to see. The tornado occurred before sunset, yet it was described as being as dark as night during the event.||The conclusion of the damage survey was that this tornado touched down around a mile or so outside the city limits, on the southwest side, and moved east-northeast, passing through the far southern part of the city. It lifted back into the parent thunderstorm on the extreme southeast side of Dickinson near the city limit. This occurred in the window between 815 PM MDT and 830 PM MDT.||Over 450 structures were damaged, of which nearly 100 were declared completely destroyed or beyond repair. Numerous vehicles were damaged or destroyed, some were on their roofs. Power lines were snapped, knocking out power to most of Dickinson, and tree damage was extensive. Two minor injuries were reported, with no deaths. The injuries were to a 23 year old male and a 42 year old male. Both occurred in homes.||The worst damage surveyed was between the Heart River and roughly 8th Street Southwest and 8th Street Southeast in southern Dickinson. Of that damage, the absolute worst corresponded to middle EF3 on the Enhanced Fujita Tornado Scale. From that it was determined that peak wind speeds in the tornado were on the order of 150 mph.||Other parts of Dickinson and the surrounding area sustained wind damage likely associated with the rear flank downdraft of the storm.","In the mid afternoon hours of Wednesday, July 8th, Tornado Watch 563 was issued for all of western and parts of central North Dakota, due to the expected widespread and dangerous development and rapid intensification of thunderstorms near a surface trough along the western North Dakota border. Destabilization along the surface trough, coupled with the approach of a strong upper level trough and an intensifying late afternoon/early evening low level jet, all contributed to the watch issuance. Later Wednesday evening, Severe Thunderstorm Watch 565 was issued for much of central North Dakota to replace the expiring Tornado Watch, and specifically to account for a developing bow echo which was expected to push east across the watch area into the early morning hours of Thursday, July 9th.||The end result was a large severe weather outbreak experienced across much of west and central North Dakota, lasting from the late afternoon hours of the 8th, into the early morning hours of the 9th. Multiple severe thunderstorm and tornado warnings were issued. Numerous reports of large hail and severe thunderstorm wind gusts were received throughout this event.  Several tornadoes occurred, including an EF3 within city limits on the south side of Dickinson. That tornado alone resulted in over twenty million dollars in damage.",79
186719,BURKE CO.,NORTHGATE,07/08/2009,1919,Tornado, ,EF0,0,0,30000,0,ND,CST-6, ,31771,C,13,BIS,0,0,Law Enforcement, ,0.76,40,3,ENE,4,E,NORTHGATE,07/08/2009,1924,48.99,-102.2,48.98,-102.1928,"Oil storage tanks were reported damaged from a tornado east of Northgate. The damage corresponded to high end EF0 on the Enhanced Fujita Tornado Scale. From that it was determined that wind speed were around 85 mph. There were no other damage reports. There were no injuries and no deaths.","In the mid afternoon hours of Wednesday, July 8th, Tornado Watch 563 was issued for all of western and parts of central North Dakota, due to the expected widespread and dangerous development and rapid intensification of thunderstorms near a surface trough along the western North Dakota border. Destabilization along the surface trough, coupled with the approach of a strong upper level trough and an intensifying late afternoon/early evening low level jet, all contributed to the watch issuance. Later Wednesday evening, Severe Thunderstorm Watch 565 was issued for much of central North Dakota to replace the expiring Tornado Watch, and specifically to account for a developing bow echo which was expected to push east across the watch area into the early morning hours of Thursday, July 9th.||The end result was a large severe weather outbreak experienced across much of west and central North Dakota, lasting from the late afternoon hours of the 8th, into the early morning hours of the 9th. Multiple severe thunderstorm and tornado warnings were issued. Numerous reports of large hail and severe thunderstorm wind gusts were received throughout this event.  Several tornadoes occurred, including an EF3 within city limits on the south side of Dickinson. That tornado alone resulted in over twenty million dollars in damage.",80
186720,BURKE CO.,POWERS LAKE,07/08/2009,1935,Tornado, ,EF0,0,0,0,0,ND,CST-6, ,31771,C,13,BIS,0,0,Public, ,1.83,40,3,WNW,1,WNW,POWERS LAKE,07/08/2009,1940,48.59,-102.69,48.5769,-102.6553,"This report came to the National Weather Service from the public, relayed through broadcast media. The report was of a brief tornado that hit no structures and did no damage. No reports of injuries or deaths were received.","In the mid afternoon hours of Wednesday, July 8th, Tornado Watch 563 was issued for all of western and parts of central North Dakota, due to the expected widespread and dangerous development and rapid intensification of thunderstorms near a surface trough along the western North Dakota border. Destabilization along the surface trough, coupled with the approach of a strong upper level trough and an intensifying late afternoon/early evening low level jet, all contributed to the watch issuance. Later Wednesday evening, Severe Thunderstorm Watch 565 was issued for much of central North Dakota to replace the expiring Tornado Watch, and specifically to account for a developing bow echo which was expected to push east across the watch area into the early morning hours of Thursday, July 9th.||The end result was a large severe weather outbreak experienced across much of west and central North Dakota, lasting from the late afternoon hours of the 8th, into the early morning hours of the 9th. Multiple severe thunderstorm and tornado warnings were issued. Numerous reports of large hail and severe thunderstorm wind gusts were received throughout this event.  Several tornadoes occurred, including an EF3 within city limits on the south side of Dickinson. That tornado alone resulted in over twenty million dollars in damage.",81
186876,RENVILLE CO.,SHERWOOD,07/08/2009,2030,Tornado, ,EF1,0,0,80000,0,ND,CST-6, ,31771,C,75,BIS,0,0,Public, ,10.54,50,9,WSW,2,WSW,LORAINE,07/08/2009,2050,48.9202,-101.8032,48.8589,-101.5907,"This tornado touched down in rural parts of northern Renville County. There was damage done on a farmstead nine miles west and four miles south of Sherwood. The tornado damage was rated low end EF1 on the Enhanced Fujita Tornado Scale. From that it was determined that wind speeds were on the order of 90 mph. No injuries or deaths were reported.","In the mid afternoon hours of Wednesday, July 8th, Tornado Watch 563 was issued for all of western and parts of central North Dakota, due to the expected widespread and dangerous development and rapid intensification of thunderstorms near a surface trough along the western North Dakota border. Destabilization along the surface trough, coupled with the approach of a strong upper level trough and an intensifying late afternoon/early evening low level jet, all contributed to the watch issuance. Later Wednesday evening, Severe Thunderstorm Watch 565 was issued for much of central North Dakota to replace the expiring Tornado Watch, and specifically to account for a developing bow echo which was expected to push east across the watch area into the early morning hours of Thursday, July 9th.||The end result was a large severe weather outbreak experienced across much of west and central North Dakota, lasting from the late afternoon hours of the 8th, into the early morning hours of the 9th. Multiple severe thunderstorm and tornado warnings were issued. Numerous reports of large hail and severe thunderstorm wind gusts were received throughout this event.  Several tornadoes occurred, including an EF3 within city limits on the south side of Dickinson. That tornado alone resulted in over twenty million dollars in damage.",82
187361,TODD CO.,PARMELEE,07/08/2009,2110,Tornado, ,EF0,0,0,0,0,SD,CST-6, ,29264,C,121,UNR,0,0,Storm Chaser, ,3.54,200,10,WNW,7,W,PARMELEE,07/08/2009,2118,43.3497,-101.2184,43.3332,-101.1518,"A storm chaser observed a tornado over prairie land northwest of Parmalee. The storm location was estimated by radar.","Severe storms developed over Fall River County and moved eastward across southwestern and south central South Dakota. The storms produced large hail and strong wind gusts. Two tornadoes were observed in Todd County and two tornadoes touched down in southern Tripp County.",83
187363,TODD CO.,MISSION,07/08/2009,2253,Tornado, ,EF0,0,0,0,0,SD,CST-6, ,29264,C,121,UNR,0,0,Storm Chaser, ,0.01,50,5,SE,5,SE,MISSION,07/08/2009,2255,43.2488,-100.5997,43.2488,-100.5997,"A storm chaser observed a small tornado southeast of Mission. The location was estimated from radar data.","Severe storms developed over Fall River County and moved eastward across southwestern and south central South Dakota. The storms produced large hail and strong wind gusts. Two tornadoes were observed in Todd County and two tornadoes touched down in southern Tripp County.",84
187444,TRIPP CO.,CLEARFIELD,07/09/2009,31,Tornado, ,EF1,0,0,2000,0,SD,CST-6, ,29264,C,123,UNR,0,0,NWS Storm Survey, ,1.28,300,5,ENE,6,ENE,CLEARFIELD,07/09/2009,38,43.2007,-99.949,43.2115,-99.9284,"A small tornado tracked across Dog Ear Township from 311th Avenue to near the intersection of 289th Street and 312th Avenue. The tornado blew down large cottonwood trees. Event times were estimated from radar data.","Severe storms developed over Fall River County and moved eastward across southwestern and south central South Dakota. The storms produced large hail and strong wind gusts. Two tornadoes were observed in Todd County and two tornadoes touched down in southern Tripp County.",85
187448,TRIPP CO.,CLEARFIELD,07/09/2009,48,Tornado, ,EF1,0,0,3000,0,SD,CST-6, ,29264,C,123,UNR,0,0,NWS Storm Survey, ,0.2,100,8,NE,8,NE,CLEARFIELD,07/09/2009,48,43.2553,-99.9198,43.2553,-99.9198,"A small tornado trouched down on a farm west of the intersection of 286th Street and 313th Avenue. The tornado blew a garage off its foundation, tipped over a combine, and snapped large cottonwood trees. Event times were estimated from radar data.","Severe storms developed over Fall River County and moved eastward across southwestern and south central South Dakota. The storms produced large hail and strong wind gusts. Two tornadoes were observed in Todd County and two tornadoes touched down in southern Tripp County.",86
186650,ROSS CO.,SUMMITHILL,07/11/2009,1455,Tornado, ,EF1,0,0,95000,15000,OH,EST-5, ,31639,C,141,ILN,0,0,NWS Storm Survey, ,3.07,440,1,ESE,1,NNW,DENVER,07/11/2009,1501,39.2163,-83.1117,39.1973,-83.0599,"The tornado initially touched down near a grocery store near State Route 772 and Valley Road in Summithill where several trees were knocked down and uprooted.  There were several intermittent touch downs between Summithill and Denver.  To the southeast of Summithill, along Schaffer Road, approximately six homes and two mobile homes were damaged and numerous trees were snapped and uprooted.  An eye-witness on Schaffer Road reported a rope tornado which had several brief touch downs.  Further southeast in the Denver area, a home received substantial damage with a loss of the roof and some walls down.  Portions of the roof were thrown 700 yards and wrapped around trees.  There was also widespread crop damage in the area.  Two barns off of Denver Road were completely destroyed and uprooted trees were observed intermittently along this path.","A large area of thunderstorms moved through during the afternoon hours sparking straight line damaging winds, large hail, flash flooding, and tornadoes.",87
186651,PIKE CO.,SARGENTS,07/11/2009,1520,Tornado, ,EF1,0,0,5000,0,OH,EST-5, ,31639,C,131,ILN,0,0,NWS Storm Survey, ,0.61,100,2,E,3,ESE,SARGENTS,07/11/2009,1521,38.9987,-82.9761,38.9905,-82.9721,"Damage indicates that the tornado touched down briefly in two locations.  The initial touch down occurred near Loop Road where an estimated 15 trees were uprooted and knocked down.  The tornado then briefly lifted before touching down again in a cemetery off of Bailey Chapel Road.  There, it uprooted and knocked down approximately 10 more trees, and lifted a nearby trampoline over a fence.","A large area of thunderstorms moved through during the afternoon hours sparking straight line damaging winds, large hail, flash flooding, and tornadoes.",88
182032,ELBERT CO.,KUTCH,07/11/2009,1635,Tornado, ,EF0,0,0,0,0,CO,MST-7, ,31042,C,39,BOU,0,0,Trained Spotter, ,0.1,50,4,ESE,4,ESE,KUTCH,07/11/2009,1635,38.88,-103.8,38.88,-103.8,"A tornado touched down but did no damage.","Severe thunderstorms produced large hail across Elbert, Lincoln, Weld and Washington Counties.  One weak tornado also touched down.",89
172414,UNION CO.,WHITE DEER,07/11/2009,1640,Tornado, ,EF0,0,0,5000,0,PA,EST-5, ,29171,C,119,CTP,0,0,NWS Storm Survey, ,1,50,4,W,3,WSW,WHITE DEER,07/11/2009,1642,41.08,-76.9472,41.0712,-76.9276,"An EF0 tornado, with maximum wind speeds estimated around 75 mph, touched down on the north side of Interstate 80 and moved southeast for approximately one mile. The tornado crossed Interstate 80 before lifting near White Deer Furnace. Damage was minimal with about ten trees and several large branches blown down or uprooted. Eye witnesses, including a Pennsylvania State Trooper, reported broad rotation within the storm and a funnel reaching the ground.","The National Weather Service in State College confirmed an EF0 tornado near White Deer Furnace in Union County.",90
186959,STARK CO.,GLADSTONE,07/11/2009,1755,Tornado, ,EF0,0,0,0,0,ND,MST-7, ,31828,C,89,BIS,0,0,Trained Spotter, ,4,30,2,ESE,6,ESE,GLADSTONE,07/11/2009,1805,46.8589,-102.5109,46.8368,-102.4327,"Trained weather spotters reported this tornado touchdown in open country in the vicinity of Gladstone. The tornado impacted no objects. There was no damage and there were no injuries.","Isolated supercellular thunderstorms developed during the early evening hours of  July 11th, along a weak surface boundary stretched across western North Dakota. Thunderstorm development was aided by sufficient deep layer shear and by large scale ascent ahead of an approaching upper level jet streak. Several severe thunderstorm and tornado warnings were issued. Several reports of large hail and severe thunderstorm wind gusts were received through the evening hours of the 11th and into the early morning hours of the 12th. One report of a tornado was also received.",91
171393,INDIAN RIVER CO.,VERO BEACH AIRPARK,07/12/2009,1730,Tornado, ,EF0,0,0,0,0,FL,EST-5, ,29203,C,61,MLB,0,0,Public, ,0.44,20,4,WNW,4,WNW,VERO BEACH AIRPARK,07/12/2009,1732,27.6615,-80.5895,27.6587,-80.5831,"A citizen at State Road 60 and Country Road 512 observed a brief tornado touchdown in a rural area, approximately 3 miles to the east-northeast.","A brief tornado developed over the rural Indian River County associated with a rapidly developing cell on the south end of a line of storms, resulting from a collision of sea breezes.",92
178611,TAOS CO.,TRES PIEDRAS,07/13/2009,1620,Tornado, ,EF0,0,0,10000,0,NM,MST-7, ,30487,C,55,ABQ,0,0,Public, ,0.1,10,2,S,2,S,TRES PIEDRAS,07/13/2009,1621,36.6211,-105.97,36.6211,-105.97,"A brief tornado, likely a landspout, occurred two miles south of the Highway 64 and 285 intersection.  The tornado tore the roof off a barn and ripped up some fencing.","Though no hail or heavy rain occurred around the area, a brief tornado formed south of Tres Piedras causing damage to a barn and fencing.",93
190535,CROOK CO.,ALVA,07/13/2009,1710,Tornado, ,EF2,0,2,300000,0,WY,MST-7, ,29273,C,11,UNR,0,0,NWS Storm Survey, ,9.4,600,6,S,6,SSW,ALADDIN,07/13/2009,1732,44.588,-104.429,44.557,-104.243,"A large tornado touched down west of Cook Lake and tracked east-southeastward across the Bear Lodge Mountains, dissipating west of Wyoming Highway 111. The tornado downed about 4000 acres of Ponderosa pine trees, destroyed two metal shop buildings and a large barn at a ranch, and severely damaged a house and mobile home. Two people in the residences received very minor injuries.","A supercell thunderstorm developed over northern Campbell County and moved southeastward across Crook County. The storm produced very large hail across western Crook County, which caused significant damage in the New Haven and Hulett areas. The storm also spawned a large tornado over the Bear Lodge Mountains north of Sundance.",94
191573,TODD CO.,PARMELEE,07/13/2009,1735,Tornado, ,EF0,0,0,0,0,SD,CST-6, ,30335,C,121,UNR,0,0,Fire Department/Rescue, ,0.05,20,2,SSW,2,SSW,PARMELEE,07/13/2009,1735,43.2942,-101.0272,43.2942,-101.0272,"A spotter observed a brief tornado in open area near the intersection of US Highway 18 and state Highway 63. Path length and width were estimated.","A long-lived supercell thunderstorm moved southeastward from eastern Pennington County to Todd County and into north central Nebraska. The storm produced large hail, strong wind gusts, numerous funnel clouds, and a brief tornado near Parmalee. Damage along the storm's path included downed trees and minor damage to siding, roofs, and vehicles.",95
188187,VALLEY CO.,FRAZER,07/13/2009,1833,Tornado, ,EF0,0,0,0,0,MT,MST-7, ,32096,C,105,GGW,0,0,Public, ,0.38,10,2,W,2,W,FRAZER,07/13/2009,1835,48.05,-106.0733,48.05,-106.0733,"Disaster and Emergency Service's (DES) son reported a funnel cloud that had been dipping down and just recently made contact with the ground. This is the first of two touchdowns.","A few thunderstorms became severe due to a very moist atmosphere. A tornado was spotted just west of Frazer, in southeast Valley County.",96
188190,VALLEY CO.,FRAZER,07/13/2009,1840,Tornado, ,EF0,0,0,0,0,MT,MST-7, ,32096,C,105,GGW,0,0,Public, ,0.27,5,1,WSW,1,WSW,FRAZER,07/13/2009,1842,48.0445,-106.05,48.0445,-106.05,"This is the second of two brief touchdowns.","A few thunderstorms became severe due to a very moist atmosphere. A tornado was spotted just west of Frazer, in southeast Valley County.",97
173253,CHERRY CO.,CROOKSTON,07/13/2009,2020,Tornado, ,EF2,0,0,25000,0,NE,CST-6, ,29533,C,31,LBF,0,0,Public, ,0.1,20,7,S,7,S,CROOKSTON,07/13/2009,2021,42.8297,-100.7548,42.8297,-100.7548,"The tornado touched down briefly on the north side of the Bob Kruger ranch.  The tornado lifted an old trailer home south southwestward about 20 yards and destroyed it.  It also moved a hay baler 10 yards and turned it around.  It snapped off numerous tree limbs, tore metal siding off a quonset, and destroyed a metal wind break.  Numerous storm chasers captured the intense supercell on video.  Chasers reported inflow winds into the supercell of up to 70 mph.","A very intense supercell moved out of central South Dakota and into north central Nebraska producing an isolated tornado and damaging inflow winds. Another isolated thunderstorm also developed over southwest Nebraska with large hail and strong wind gusts.",98
172084,SWIFT CO.,SWIFT FALLS,07/14/2009,1521,Tornado, ,EF2,0,0,250000,50000,MN,CST-6, ,29278,C,151,MPX,0,0,NWS Storm Survey, ,4.06,350,3,SW,1,NE,SWIFT FALLS,07/14/2009,1530,45.3695,-95.4678,45.4122,-95.4103,"A National Weather Service storm survey and visual reports confirmed that a tornado moved through portions of Swift and Pope Counties in west central Minnesota where two turkey barns and several outbuildings were destroyed, with extensive tree damage throughout the entire path. Maximum damage was EF-2 with estimated winds of 111-119 mph. In the town of Swift Falls, two residences were damaged along with two garages that were destroyed. The tornado was produced minor crop damage northeast of Swift Falls.","A strong cold front, deep moisture and a high shear environment led to severe weather across portions of central Minnesota late Tuesday afternoon and evening of July 14th. Several individual storms developed across west central Minnesota and moved quickly northeast and spawned three tornadoes near Swift Falls, Elrosa and Spicer, Minnesota. In addition, several strong thunderstorms tracked across northern Todd and far northwestern Morrison County where two to four inches of rain fell in a short period of time. Due to the highly moist environment, and high rainfall rates, several areas of urban flooding was reported. One was in the community of Staples, and another was in St. Cloud.",99
191451,POPE CO.,GILCHRIST,07/14/2009,1530,Tornado, ,EF2,0,0,250000,50000,MN,CST-6, ,29278,C,121,MPX,0,0,NWS Storm Survey, ,3.8,350,5,SW,1,SSW,GILCHRIST,07/14/2009,1537,45.4122,-95.4103,45.4516,-95.3557,"A National Weather Service storm survey and visual reports confirmed that a tornado moved through portions of Swift and Pope Counties in west central Minnesota where two turkey barns and several outbuildings were destroyed, with extensive tree damage throughout the entire path. Maximum damage was EF-2 with estimated winds of 111-119 mph. In the town of Swift Falls, two residences were damaged along with two garages that were destroyed. The tornado was produced minor crop damage northeast of Swift Falls.","A strong cold front, deep moisture and a high shear environment led to severe weather across portions of central Minnesota late Tuesday afternoon and evening of July 14th. Several individual storms developed across west central Minnesota and moved quickly northeast and spawned three tornadoes near Swift Falls, Elrosa and Spicer, Minnesota. In addition, several strong thunderstorms tracked across northern Todd and far northwestern Morrison County where two to four inches of rain fell in a short period of time. Due to the highly moist environment, and high rainfall rates, several areas of urban flooding was reported. One was in the community of Staples, and another was in St. Cloud.",100
172095,KANDIYOHI CO.,SPICER,07/14/2009,1541,Tornado, ,EF1,0,0,250000,0,MN,CST-6, ,29278,C,67,MPX,0,0,NWS Storm Survey, ,6.4,250,2,SW,5,ENE,SPICER,07/14/2009,1553,45.213,-94.9811,45.2498,-94.8604,"A National Weather Service storm survey, plus visual reports and video, confirmed that a tornado moved through portions of Kandiyohi County near the town of Spicer. Portions of downtown Spicer were damaged, including the partial destruction of the upper level of a home, roof damage to multiple houses, several outbuildings destroyed, and a dozen or more car windows blown out at the local Green Mall parking lot. Maximum wind damage was estimated between 100 to 110 mph.","A strong cold front, deep moisture and a high shear environment led to severe weather across portions of central Minnesota late Tuesday afternoon and evening of July 14th. Several individual storms developed across west central Minnesota and moved quickly northeast and spawned three tornadoes near Swift Falls, Elrosa and Spicer, Minnesota. In addition, several strong thunderstorms tracked across northern Todd and far northwestern Morrison County where two to four inches of rain fell in a short period of time. Due to the highly moist environment, and high rainfall rates, several areas of urban flooding was reported. One was in the community of Staples, and another was in St. Cloud.",101
175659,STEARNS CO.,ELROSA,07/14/2009,1607,Tornado, ,EF0,0,0,0,0,MN,CST-6, ,29278,C,145,MPX,0,0,Trained Spotter, ,0.04,20,1,NW,1,NW,ELROSA,07/14/2009,1607,45.583,-94.988,45.583,-94.988,"Brief touchdown in an open field was videotaped by a trained spotter and viewed by multiple eyewitnesses.","A strong cold front, deep moisture and a high shear environment led to severe weather across portions of central Minnesota late Tuesday afternoon and evening of July 14th. Several individual storms developed across west central Minnesota and moved quickly northeast and spawned three tornadoes near Swift Falls, Elrosa and Spicer, Minnesota. In addition, several strong thunderstorms tracked across northern Todd and far northwestern Morrison County where two to four inches of rain fell in a short period of time. Due to the highly moist environment, and high rainfall rates, several areas of urban flooding was reported. One was in the community of Staples, and another was in St. Cloud.",102
190302,FORD CO.,WILROADS,07/14/2009,1752,Tornado, ,EF0,0,0,0,0,KS,CST-6, ,32515,C,57,DDC,0,0,NWS Employee, ,0.4,30,8,SSW,7,NNW,BLOOM,07/14/2009,1754,37.58,-99.97,37.575,-99.965,"This brief landspout was observed underneath a rapidly developing thunderstorm.","Convergence along and ahead of a cold front helped to produce scattered thunderstorms, some of which became severe producing marginally severe hail but also high wind gusts. There was one landspout that was observed under a rapidly developing thunderstorm.  Other elevated thunderstorms formed during the overnight as moisture pooled north of the front and an upper level jet streak increased lift.",103
172051,ORANGE CO.,SKY LAKE,07/15/2009,1845,Tornado, ,EF0,0,0,25000,0,FL,EST-5, ,29325,C,95,MLB,0,0,NWS Storm Survey, ,0.14,50,3,SW,3,W,TAFT,07/15/2009,1846,28.4239,-81.4171,28.4228,-81.4191,"A tornado associated with a rapidly developing thunderstorm touched down briefly and heavily damaged the roof of the Ikon Office Solutions warehouse. Large portions of the aluminum roof, and insulation were pealed away, with much of the debris falling into the warehouse. Two trailers adjacent to the building were also knocked onto their sides and a pickup truck was heavily damaged from flying debris. NWS officials rated the tornado as EF0, with winds estimated at 65 to 75 mph.","A north to south line of thunderstorms developed rapidly over central Orange County, including metro Orlando as the west coast sea breeze boundary intersected another mesoscale boundary. A funnel cloud associated with a strong storm tracked just south of Highway 528, then touched down briefly and heavily damaged the roof of a large warehouse. Excessive lightning, nearly 2200 cloud to ground strikes in an hour, affected central Orange County. Lightning struck a apartment complex north of Orlando and started a fire.",104
173191,ORANGE CO.,WILLIAMSTOWN,07/16/2009,1805,Tornado, ,EF0,0,0,50000,25000,VT,EST-5, ,29488,C,17,BTV,0,0,NWS Storm Survey, ,2.71,425,3,S,4,SW,WASHINGTON,07/16/2009,1809,44.0711,-72.5291,44.0512,-72.4821,"A tornado produced a broken path of damage. The most significant damage occurred to a blown barn roof near the beginning of the track along South Hill Road near  Lighthouse Road In Williamstown. The tornado moved southeast and lifted near the|intersection of Stellar and Williamstown Roads in Chelsea.||The majority of the damage was downed softwood trees along the Chelsea/Williamstown Road. The north side of the path had over a hundred trees blown down in a east to west direction. Meanwhile on the south side of the path, dozens of trees were blown in a west to east direction.","On July 16th, a strong upper atmospheric area of low pressure was located north of the Great Lakes in south central Canada. In addition, a significant mid-level shortwave and associated surface low moved across the eastern Great Lakes, while a warm front and subsequent cold front swept across northern New York and Vermont during the afternoon and evening.||Numerous thunderstorms developed and moved across Vermont, in a moderate to strong unstable atmosphere during the afternoon and evening. In addition there were a few super-cell thunderstorms that produced very large hail, up to 3.3 inches in diameter in Westford (Chittenden county) with numerous reports of damage to vehicles, homes, crop and livestock and a brief EF-0 tornado along the Williamstown-Chelsea town line (Orange county). ||The measured 3.3 inch diameter hail in Westford, also had a circumference of 6.8 inches and has been determined by the State Climate Extremes Committee as the largest recorded hail stone in Vermont.",105
187630,PITTSYLVANIA CO.,BRIGHTS,07/17/2009,948,Tornado, ,EF1,0,0,75000,0,VA,EST-5, ,31882,C,143,RNK,0,0,NWS Storm Survey, ,0.52,75,2,WNW,1,WNW,BRIGHTS,07/17/2009,950,37.04,-79.4615,37.0397,-79.4521,"The tornado caused damage to mainly trees. However, one tree fell on a house. Damage values are estimated.","In the advance of a strong cold front, numerous showers and thunderstorms developed. Many of these grew to severe levels and produced damaging winds and hail. Enough rotation existed for the development of three tornadoes, two occurring in Pittsylvania County and one in southern Campbell County.",106
187642,PITTSYLVANIA CO.,HURT,07/17/2009,1002,Tornado, ,EF1,0,0,570000,0,VA,EST-5, ,31882,C,143,RNK,0,0,NWS Storm Survey, ,0.59,150,2,WNW,2,NW,HURT,07/17/2009,1004,37.0877,-79.3084,37.0947,-79.3023,"The tornado caused many trees to be blown down. Eight structures were damaged by the fallen trees with two of these having trees fall through their roofs. Damage values are estimated.","In the advance of a strong cold front, numerous showers and thunderstorms developed. Many of these grew to severe levels and produced damaging winds and hail. Enough rotation existed for the development of three tornadoes, two occurring in Pittsylvania County and one in southern Campbell County.",107
189838,CAMPBELL CO.,BROOKNEAL,07/17/2009,1025,Tornado, ,EF0,0,0,20000,0,VA,EST-5, ,31882,C,31,RNK,0,0,NWS Storm Survey, ,0.02,30,2,WNW,2,WNW,BROOKNEAL,07/17/2009,1025,37.059,-79.008,37.059,-79.008,"A brief tornado touchdown occurred just north of Epsons Road, two miles west of Brookneal. The tornado downed and snapped numerous trees. Damage values are estimated.","In the advance of a strong cold front, numerous showers and thunderstorms developed. Many of these grew to severe levels and produced damaging winds and hail. Enough rotation existed for the development of three tornadoes, two occurring in Pittsylvania County and one in southern Campbell County.",108
180730,BEAUFORT CO.,ALLIGOODS,07/17/2009,1623,Tornado, ,EF0,0,0,0,0,NC,EST-5, ,30647,C,13,MHX,0,0,Law Enforcement, ,0.52,20,2,ENE,3,ENE,ALLIGOODS,07/17/2009,1625,35.58,-76.91,35.5842,-76.9024,"Fire fighter witnessed multiple tornado touchdowns north of Highway 264, 10 miles east northeast of Washington. No damage was reported.","A cold front in combination with an upper level disturbance produced numerous strong to severe thunderstorms, and two weak tornadoes across the area during the afternoon and evening hours.",109
174226,BENT CO.,PRITCHETT,07/17/2009,1755,Tornado, ,EF0,0,0,0,0,CO,MST-7, ,29756,C,11,PUB,0,0,Storm Chaser, ,1.72,100,21,NNW,20,NNW,PRITCHETT,07/17/2009,1757,37.6668,-102.9679,37.6437,-102.9797,"A tornado formed in Bent County at 1755 MST, 21.3 miles north-northwest of Pritchett, and move south-southwest for 1.3 miles to the county line at 1757 MST, 20 miles north-northwest of Pritchett. The tornado continued moving south-southwest in Baca County for another 2.3 miles, and dissipated at 1801 MST.  There was no known damage.","A supercell thunderstorm produced a short-lived tornado.",110
190445,BACA CO.,PRITCHETT,07/17/2009,1757,Tornado, ,EF0,0,0,0,0,CO,MST-7, ,29756,C,9,PUB,0,0,Storm Chaser, ,2.32,100,20,NNW,18,NNW,PRITCHETT,07/17/2009,1801,37.6437,-102.9797,37.6126,-102.9955,"A tornado formed in Bent County at 1755 MST, 21.3 miles north-northwest of Pritchett, and move south-southwest for 1.3 miles to the county line at 1757 MST, 20 miles north-northwest of Pritchett. The tornado continued moving south-southwest in Baca County for another 2.3 miles, and dissipated 18.3 miles north-northwest of Pritchett at 1801 MST.  There was no known damage.","A supercell thunderstorm produced a short-lived tornado.",111
179568,BEAUFORT CO.,BUNYAN,07/17/2009,1912,Tornado, ,EF0,0,0,0,0,NC,EST-5, ,30647,C,13,MHX,0,0,Emergency Manager, ,1.17,100,3,S,3,S,COX XRDS,07/17/2009,1914,35.4918,-76.9766,35.4832,-76.9587,"A weak tornado moved southeast from near the intersection of Swan Point Road and River Road, for about one mile, to the Pamlico River in southeastern Beaufort county. Twenty five homes were damaged with trees and power lines down. Damage was estimated at 58 thousand dollars. No deaths or injuries were reported.","A cold front in combination with an upper level disturbance produced numerous strong to severe thunderstorms, and two weak tornadoes across the area during the afternoon and evening hours.",112
187275,OXFORD CO.,EAST BETHEL,07/18/2009,1805,Tornado, ,EF0,0,0,0,0,ME,EST-5, ,31905,C,17,GYX,0,0,NWS Storm Survey, ,1.3,100,2,W,1,NW,EAST BETHEL,07/18/2009,1813,44.4714,-70.7367,44.4787,-70.7167,"A brief EF0 tornado touched down in East Bethel downing trees and damaging a corn field. A National Weather Service storm survey team estimated winds at 80 mph. The path length was 1.3 miles with a maximum width of 100 yards.","A National Weather Service storm survey team confirmed a brief EF0 tornado damaged trees and a cornfield in East Bethel on the evening of July 18th. Maximum winds were estimated at 80 mph with a path length of 1.3 miles and maximum width of 100 yards. Damage was minor and limited to downed trees and a small portion of a corn field.",113
173019,SANTA FE CO.,GOLDEN,07/18/2009,2002,Tornado, ,EF0,0,0,0,0,NM,MST-7, ,29424,C,49,ABQ,0,0,Public, ,0.89,10,5,SSE,6,SSE,GOLDEN,07/18/2009,2008,35.2031,-106.1761,35.1898,-106.1693,"The tornado was observed about 8 miles north of Edgewood, was on the ground for about 6 minutes and moved slowly to the southeast.","Another back door cold front dropped south across the eastern plains with a fresh supply of low level moisture. Good shear from the surface to the mid levels of the atmosphere produced long lived thunderstorms with isolated reports of large hail.",114
181511,SHERMAN CO.,GOODLAND ARPT,07/20/2009,1725,Tornado, ,EF0,0,0,0,0,KS,MST-7, ,30966,C,181,GLD,0,0,Trained Spotter, ,1.5,10,12,N,10,N,GOODLAND ARPT,07/20/2009,1726,39.54,-101.71,39.5157,-101.7008,"A tornado was observed by law enforcement and an NWS employee.  The tornado remained over open fields with no known damage.","An intense supercell developed in western Nebraska during the afternoon and moved south through the evening hours, producing golf ball to softball sized hail and damaging wind gusts to near 80 mph. Millions of dollars in property and crop damage and livestock fatalities and injuries occurred as a result.",115
181515,SHERMAN CO.,GOODLAND ARPT,07/20/2009,1734,Tornado, ,EF0,0,0,0,0,KS,MST-7, ,30966,C,181,GLD,0,0,Law Enforcement, ,0.25,10,1,NW,1,NW,GOODLAND ARPT,07/20/2009,1735,39.38,-101.71,39.38,-101.71,"Brief tornado remained over open fields with no known damage.","An intense supercell developed in western Nebraska during the afternoon and moved south through the evening hours, producing golf ball to softball sized hail and damaging wind gusts to near 80 mph. Millions of dollars in property and crop damage and livestock fatalities and injuries occurred as a result.",116
181712,CHEYENNE CO.,ST FRANCIS ARPT,07/20/2009,1803,Tornado, ,EF0,0,0,51000,0,KS,CST-6, ,30966,C,23,GLD,0,0,Storm Chaser, ,0.25,10,4,W,4,W,ST FRANCIS ARPT,07/20/2009,1804,39.7571,-101.8811,39.7571,-101.8811,"Brief tornado damaged a car and blew a semi-trailer off highway 36 into the ditch. Car window blown in and a hail guard torn from the roof of the vehicle.","An intense supercell developed in western Nebraska during the afternoon and moved south through the evening hours, producing golf ball to softball sized hail and damaging wind gusts to near 80 mph. Millions of dollars in property and crop damage and livestock fatalities and injuries occurred as a result.",117
175317,KINGMAN CO.,RAGO,07/20/2009,1809,Tornado, ,EF0,0,0,0,0,KS,CST-6, ,29924,C,95,ICT,0,0,Law Enforcement, ,2.03,75,2,E,3,E,RAGO,07/20/2009,1811,37.45,-98.04,37.4416,-98.0245,"A rope tornado touched down a few miles east to southeast of Rago in an open field.","A cold front and associated upper level disturbance triggered widespread severe thunderstorms across central, south-central and southeast Kansas during the evening and overnight hours of July 20th. The following are some highlights from the event. Three relatively minor and short-lived tornadoes touched down in Kingman, Barton and Butler counties, producing no known damage. The supercell that spawned the Kingman county tornado dove southeast, spreading a narrow swath of golfball to baseball size hail and 60 to 70 mph winds across northern and eastern portions of Harper county, along a line from roughly Runnymede to Danville to Freeport. Localized property and especially crop damage was extensive, particularly to the corn, soybean and milo crop. Over Butler county, a squall line spread 70 to 80 mph winds across the El Dorado area, overturning two camper trailers and downing numerous large trees at the Shady Creek Campground on the east side of El Dorado Lake. Finally, 70 mph winds heavily damaged two grain bins north of Winfield, as a squall line surged south across the area.",118
175320,BARTON CO.,OLMITZ,07/20/2009,1845,Tornado, ,EF0,0,0,0,0,KS,CST-6, ,29924,C,9,ICT,0,0,Law Enforcement, ,0.2,50,1,S,1,SSE,OLMITZ,07/20/2009,1846,38.51,-98.93,38.5094,-98.9263,"The tornado touched down briefly in an open field.","A cold front and associated upper level disturbance triggered widespread severe thunderstorms across central, south-central and southeast Kansas during the evening and overnight hours of July 20th. The following are some highlights from the event. Three relatively minor and short-lived tornadoes touched down in Kingman, Barton and Butler counties, producing no known damage. The supercell that spawned the Kingman county tornado dove southeast, spreading a narrow swath of golfball to baseball size hail and 60 to 70 mph winds across northern and eastern portions of Harper county, along a line from roughly Runnymede to Danville to Freeport. Localized property and especially crop damage was extensive, particularly to the corn, soybean and milo crop. Over Butler county, a squall line spread 70 to 80 mph winds across the El Dorado area, overturning two camper trailers and downing numerous large trees at the Shady Creek Campground on the east side of El Dorado Lake. Finally, 70 mph winds heavily damaged two grain bins north of Winfield, as a squall line surged south across the area.",119
181539,LOGAN CO.,MC ALLASTER,07/20/2009,1921,Tornado, ,EF0,0,0,0,0,KS,CST-6, ,30966,C,109,GLD,0,0,Emergency Manager, ,0.25,10,9,S,9,S,MC ALLASTER,07/20/2009,1921,38.87,-101.42,38.87,-101.42,"A brief EF0 tornado occurred over open fields with no known damage.","An intense supercell developed in western Nebraska during the afternoon and moved south through the evening hours, producing golf ball to softball sized hail and damaging wind gusts to near 80 mph. Millions of dollars in property and crop damage and livestock fatalities and injuries occurred as a result.",120
175319,BUTLER CO.,ROSALIA,07/20/2009,2102,Tornado, ,EF0,0,0,5000,0,KS,CST-6, ,29924,C,15,ICT,0,0,Emergency Manager, ,0.81,150,3,SSW,3,S,ROSALIA,07/20/2009,2105,37.78,-96.64,37.7743,-96.6272,"Minor damage occurred to a tree row.","A cold front and associated upper level disturbance triggered widespread severe thunderstorms across central, south-central and southeast Kansas during the evening and overnight hours of July 20th. The following are some highlights from the event. Three relatively minor and short-lived tornadoes touched down in Kingman, Barton and Butler counties, producing no known damage. The supercell that spawned the Kingman county tornado dove southeast, spreading a narrow swath of golfball to baseball size hail and 60 to 70 mph winds across northern and eastern portions of Harper county, along a line from roughly Runnymede to Danville to Freeport. Localized property and especially crop damage was extensive, particularly to the corn, soybean and milo crop. Over Butler county, a squall line spread 70 to 80 mph winds across the El Dorado area, overturning two camper trailers and downing numerous large trees at the Shady Creek Campground on the east side of El Dorado Lake. Finally, 70 mph winds heavily damaged two grain bins north of Winfield, as a squall line surged south across the area.",121
182083,DOUGLAS CO.,CASTLE ROCK,07/20/2009,2239,Tornado, ,EF0,0,0,0,0,CO,MST-7, ,31053,C,35,BOU,0,0,NWS Employee, ,0.1,50,2,NE,2,NE,CASTLE ROCK,07/20/2009,2239,39.39,-104.85,39.39,-104.85,"A tornado touched down but did no damage.","A severe thunderstorm produced damaging winds, large hail and very heavy rain across the western and southern suburbs of Denver.  Widespread damage was observed in the cities of Arvada, Wheat Ridge and Lakewood.  The intense straightline winds were the result of a wet microburst which downed hundreds of trees and snapped power poles.  Winds gusts to 80 mph were reported along with nickel to golfball size hail.  The combination of wind and hail produced widepread damage to homes and vehicles.  The damage claim estimates totaled $350 million; about 32,900 claims were filed for homes, while another 19,500 claims were for vehicles.  As many as 90,000 homes and businesses were left without power.  In some areas it took up to 3 days to completely restore electrical service.  Minor injuries were reported from broken glass during the storm, but no one was hospitalized.   The storm crippled the computers at the Colorado Crime Information Center in Lakewood for nearly 3 hours.  One weak tornado was also observed.||In Larimer and Weld Counties, severe thunderstorms produced widepread damage over approximately 150 square miles of farmland.  In all, 400 farms were directly impacted by severe weather.  Damage to crops alone was estimated to be around $4 million; most of the damage was observed in Weld County.",122
188094,HEMPSTEAD CO.,BINGEN,07/21/2009,1242,Tornado, ,EF0,0,0,5000,0,AR,CST-6, ,32079,C,57,SHV,0,0,NWS Storm Survey, ,1.28,125,0,SW,1,NNE,DOYLE,07/21/2009,1244,33.9653,-93.7848,33.959,-93.7639,"Several trees were snapped along a fence line east of Hempstead 27 near some chicken houses.  A nearby wellhouse was partially knocked over and the walls of a metal shop were thurst outward at the northeast corner.  Numerous trees were uprooted and snapped approximately 0.75 miles east along Hempstead 348 and further east in a heavily wooded area.","Rain during the early morning hours dissipated and the atmosphere became very unstable during the afternoon hours across the region.  The result was severe thunderstorms that developed ahead of a frontal boundary.  These storms produced strong and damaging wind gusts and there was enough shear along the leading edge of an outflow boundary for a weak tornado to develop in southwest Arkansas.",123
186593,LYNN CO.,LAKEVIEW,07/21/2009,1509,Tornado, ,EF0,0,0,0,0,TX,CST-6, ,31772,C,305,LUB,0,0,Law Enforcement, ,0.4,50,4,ENE,4,ENE,LAKEVIEW,07/21/2009,1511,33.3561,-101.9816,33.3594,-101.9863,"Local law enforcement officials and the public observed a non-mesocyclonic tornado which persisted for two minutes in open fields northwest of New Home. The tornado developed as thunderstorm outflow interacted with new convective development along a pre-existing northwest to southeast oriented low level boundary. The tornado was photographed by a number of observers. Preliminary reports placed the tornado near Slide in southern Lubbock County, however, a detailed report from a resident revealed that the tornado actually occurred four miles west of the intersection of Farm to Market Road 1730 and Lynn County Road 121. The tornado resulted in no damages.","Thunderstorms developed during the afternoon hours of the 21st along a pre-existing low level boundary over the western and southern South Plains of west Texas. One of the initial storms produced quarter size hail near Wilson (Lynn County). Outflow from this storm interacted with the pre-existing boundary and newly developing convection to result in a well-documented non-mesocyclonic tornado near New Home (Lynn County). The most significant impact from the event, however, occurred in northeastern Cochran County during the early evening hours when a pair of thunderstorms produced a swath of large hail that caused major damage to 15,000 acres of cotton crops. Agricultural losses were estimated at $3 million.",124
178580,FAULKNER CO.,MAYFLOWER,07/21/2009,1512,Tornado, ,EF0,0,0,0,0,AR,CST-6, ,30482,C,45,LZK,0,0,Public, ,0.94,25,5,NNE,1,NNW,LAKE CONWAY,07/21/2009,1516,35.0102,-92.3996,35.0005,-92.388,"A waterspout occurred over Lake Conway, and was photographed by a number of people.  There was no damage and the waterspout never moved onshore.","A moist, semi-tropical atmosphere existed over Arkansas on the 21st.  A cold front moving through the state triggered some showers.  A waterspout and two tornadoes occurred from mid afternoon through early evening.  These occurred without any thunder, indicating that the mechanism that caused them was much like the one that triggers waterspouts off the Florida Keys in the summer.",125
178581,FAULKNER CO.,VILONIA,07/21/2009,1534,Tornado, ,EF0,0,0,10000,0,AR,CST-6, ,30482,C,45,LZK,0,0,NWS Storm Survey, ,1.18,250,4,ENE,4,ENE,VILONIA,07/21/2009,1537,35.1044,-92.1652,35.0975,-92.1461,"A judging stand at a horse arena and a shed were destroyed.  A large tree and some fences were blown down.  Minor damage occurred to the roof of a house.","A moist, semi-tropical atmosphere existed over Arkansas on the 21st.  A cold front moving through the state triggered some showers.  A waterspout and two tornadoes occurred from mid afternoon through early evening.  These occurred without any thunder, indicating that the mechanism that caused them was much like the one that triggers waterspouts off the Florida Keys in the summer.",126
178582,JEFFERSON CO.,SULPHUR SPGS,07/21/2009,1920,Tornado, ,EF0,0,0,10000,0,AR,CST-6, ,30482,C,69,LZK,0,0,NWS Storm Survey, ,1.64,200,1,NW,1,ENE,SULPHUR SPGS,07/21/2009,1924,34.1932,-92.144,34.1874,-92.1162,"Roof damage occurred to a couple of houses and a number of trees were blown down or snapped off.  Yard items were blown around, including a grill, a small flat-bottom boat, and a deer feeder.  A fence was blown down.","A moist, semi-tropical atmosphere existed over Arkansas on the 21st.  A cold front moving through the state triggered some showers.  A waterspout and two tornadoes occurred from mid afternoon through early evening.  These occurred without any thunder, indicating that the mechanism that caused them was much like the one that triggers waterspouts off the Florida Keys in the summer.",127
182112,LINCOLN CO.,BOYERO,07/23/2009,1415,Tornado, ,EF0,0,0,0,0,CO,MST-7, ,31056,C,73,BOU,0,0,Law Enforcement, ,0.1,50,5,S,5,S,BOYERO,07/23/2009,1415,38.86,-103.27,38.86,-103.27,"A small tornado touched down but did no damage.","Severe thunderstorms produced large hail along with thunderstorm winds to 60 mph over parts of Lincoln, Phillips and Washington Counties.  One weak tornado also touched down.",128
174222,PROWERS CO.,BRISTOL,07/23/2009,1826,Tornado, ,EF0,0,0,0,0,CO,MST-7, ,29755,C,99,PUB,0,0,Trained Spotter, ,1.94,75,4,NNE,3,NE,BRISTOL,07/23/2009,1831,38.1753,-102.289,38.1515,-102.2702,"A tornado occurred over open country and caused no damage.","A weak non-mesocyclone tornado occurred on the front edge of a line of storms.",129
191119,DORCHESTER CO.,ELLIOTT,07/24/2009,30,Tornado, ,EF0,0,2,10000,0,MD,EST-5, ,32702,C,19,AKQ,0,0,Emergency Manager, ,0.26,25,1,N,1,NNE,ELLIOTT,07/24/2009,32,38.31,-76,38.3105,-75.9952,"An apparent waterspout moved on shore. The tornado then overturned a 24 foot travel trailer 3 times at the extreme west end of Elliott Island. There was also some damage to trees and other vegetation. Winds were estimated at the high end of an EF0.","Isolated severe thunderstorm produced a tornado across portions of Dorchester county.",130
191642,LAFAYETTE CO.,SEYMOUR CORNERS,07/24/2009,1612,Tornado, ,EF0,0,0,100000,10000,WI,CST-6, ,32301,C,65,MKX,0,0,NWS Storm Survey, ,3.36,75,3,SSW,2,NNE,SHULLSBURG,07/24/2009,1617,42.6301,-90.2683,42.5996,-90.2167,"A weak tornado spun up a little north of the intersection of CTH Q and Prairie Rd. (about 4 miles northwest of Shullsburg).  It proceded to move on a 145 degreee bearing southeast to just southeast of the intersecton of CTH U and Jackson Rd. a couple miles north-northeast of Shullsburg.  Major damage was inflicted on a barn and storage pole shed, several trees were uprooted or snapped, and some minor damage was inflicted on a corn field.  The specific starting and ending GPS coordinates were 42.63011/-90.26829 and 42.59963/-90.21671, and the damage intensity was based on DI 1 (SBO), DOD 8.  The average width was about 30 yards.  The wind was estimated to be about 105 mph.","A cold front crossed Wisconsin during the late afternoon and evening hours of July 24th. Large scale lift and deep layer wind shear associated with upper level low pressure moving into the region led to the development of supercell thunderstorms in southwest Wisconsin. Severe thunderstorm wind gusts, large hail, and two tornadoes were reported in Lafayette County with the supercell storms.",131
174626,VOLUSIA CO.,ORMOND BEACH,07/24/2009,1646,Tornado, ,EF0,0,0,1000,0,FL,EST-5, ,29829,C,127,MLB,0,0,Law Enforcement, ,0.64,50,1,NE,1,E,ORMOND BEACH,07/24/2009,1649,29.2883,-81.0376,29.2799,-81.0334,"Volusia County Beach Patrol witnessed a waterspout moving onshore the beach, then meandering southward along the beach, into backyards of some residences adjacent to beach and back into the near-shore Atlantic waters. The beach patrol indicated that multiple vortices formed, dissipated and re-formed along the indicated north-south track. The tornado tossed some light chairs and tables in a backyard just inland from the beach and also moved a small catamaran from the upper part of the beach to the surf-line and snapped the mast. Circular marks were evident in the beach sand where the tornado crossed from the backyards to the ocean, near the location of the deposited catamaran. The tornado was rated at the minimum end of the EF-0 range (65 mph).","Sea breeze boundaries collided over coastal Volusia County, resulting in the rapid development of a severe storm near Ormond Beach. This cell then back-built south-southwest along a boundary during the late afternoon, producing a complex of strong to severe cells farther inland. A waterspout developed within the initial severe cell offshore of Ormond Beach and moved onto the beach as a tornado, reaching the adjacent backyard of several homes just beyond the beach. This vortex, or more likely other vorticies associated with the same cell then meandered south along the beach and near-shore Atlantic waters for about ten minutes (about 3 minutes over or near the beach). Early in the evening, another tornado (rated EF0) developed inland over Port Orange and damaged over 150 manufactured/mobile homes before lifting. One person sustained minor injuries from broken glass. Also, between Ormond Beach and Port Orange, a man was struck and injured by lightning.",132
174623,VOLUSIA CO.,BLAKE,07/24/2009,1725,Tornado, ,EF0,0,1,2500000,0,FL,EST-5, ,29829,C,127,MLB,0,0,NWS Storm Survey, ,0.72,165,2,W,2,SW,BLAKE,07/24/2009,1728,29.1463,-81.0265,29.1364,-81.0228,"A NWS ground survey of damage revealed a weak EF0 tornado touched down in the extreme northeast portion of the Lighthouse Point mobile home community. The tornado continued south-southwest and strengthened to a strong EF0 tornado within the Laurelwood manufactured home community, then lifted in the extreme northwest portion of the Brandy Hills subdivision. Light debris (insulation, styrofoam) was deposited up to 2 miles downstream (south-southeast) from where the tornado lifted. 154 homes sustained damage: 3 uninhabitable, 60 major damage, 43 minor damage, 48 very minimal damage. One man sustained a minor injury, due to cuts from broken glass. EF assessment: DI3, DOD4, LB-EXP.","Sea breeze boundaries collided over coastal Volusia County, resulting in the rapid development of a severe storm near Ormond Beach. This cell then back-built south-southwest along a boundary during the late afternoon, producing a complex of strong to severe cells farther inland. A waterspout developed within the initial severe cell offshore of Ormond Beach and moved onto the beach as a tornado, reaching the adjacent backyard of several homes just beyond the beach. This vortex, or more likely other vorticies associated with the same cell then meandered south along the beach and near-shore Atlantic waters for about ten minutes (about 3 minutes over or near the beach). Early in the evening, another tornado (rated EF0) developed inland over Port Orange and damaged over 150 manufactured/mobile homes before lifting. One person sustained minor injuries from broken glass. Also, between Ormond Beach and Port Orange, a man was struck and injured by lightning.",133
191644,LAFAYETTE CO.,NEW DIGGING,07/24/2009,1732,Tornado, ,EF0,0,0,50000,10000,WI,CST-6, ,32301,C,65,MKX,0,0,NWS Storm Survey, ,4.16,50,2,NNE,3,S,SHULLSBURG,07/24/2009,1740,42.5527,-90.3119,42.5212,-90.2424,"A weak tornado spun up about 1/3 mile south-southwest of the intsection of STH 11 and CTH I, or roughly a couple northeast of New Diggings.  It proceded to move on a 122 degreee bearing southeast to about 1/3 mile east of the intersecton of CTH O and Blackhawk Rd., about 3.5 miles southeast of Shullsburg.  A small pole shed was destroyed and small portions of a side-wall and roof of a home were peeled off.  Otherwise several trees were uprooted or snapped.  The specific starting and ending GPS coordinates were 42.55270/-90.31193 and 42.52115/-90.24236, and the damage intensity was based on DI 1 (SBO), DOD 6.  The average width was about 25 yards.  The wind was estimated to be about 90 mph.","A cold front crossed Wisconsin during the late afternoon and evening hours of July 24th. Large scale lift and deep layer wind shear associated with upper level low pressure moving into the region led to the development of supercell thunderstorms in southwest Wisconsin. Severe thunderstorm wind gusts, large hail, and two tornadoes were reported in Lafayette County with the supercell storms.",134
191325,BUREAU CO.,PRINCETON PIPER ARPT,07/24/2009,2050,Tornado, ,EF1,0,0,150000,0,IL,CST-6, ,32327,C,11,DVN,0,0,NWS Storm Survey, ,1.21,50,2,SSW,2,SSE,PRINCETON PIPER ARPT,07/24/2009,2055,41.3485,-89.4459,41.3469,-89.4227,"On the evening of July 24, a line of severe thunderstorms moved through Bureau County.  This line intensified over Princeton, IL producing a series of down-bursts which resulted in straight-line winds of 80 to 90 mph and the formation of a brief EF1 tornado with wind speeds estimated to be around 105 mph.  The tornado formed in a field southeast of town around 950 pm and tracked east southeast where it caused damage to a farmstead near Highway 26.  It dissipated in a field east of Highway 26 around 955 pm.  The farm had one barn completely destroyed. Debris from the barn damaged the house and some vehicles.  A two by six board was driven into the side of the garage.  A grain bin just north of the house was also destroyed.  Trees and power poles at the property were snapped.","A cold front from Lake Superior across northwest Iowa coupled with an upper level low over southwest Ontario with an associated short wave dropping across southern Minnesota sparked the development of thunderstorms during the afternoon and evening of July 24. Severe storms producing copious amounts of large hail up to the size of a tennis ball and damaging wind gusts between 60 and 90 mph were common. An isolated tornado touched down near Princeton, IL around 950 pm.",135
191002,GENESEE CO.,FARGO,07/25/2009,1553,Tornado, ,EF1,0,0,2000000,0,NY,EST-5, ,32689,C,37,BUF,0,0,NWS Storm Survey, ,4.12,100,1,NE,3,NNE,CORFU,07/25/2009,1605,42.9361,-78.4224,42.9832,-78.3723,"A tornado crossed the town of Darien and village of Corfu in Genesee county. The initial touchdown occurred at 453 PM EDT on Reynolds Road in Darien. The tornado moved northeast across Routes 77 and 33 before lifting near Boyce Road at 505 PM EDT (a path length of about four miles). Widespread damage occurred to the small village. Over 30 homes were damaged and three buildings were demolished. Two greenhouses were also destroyed. Twenty power poles were snapped, countless trees were uprooted and a number of vehicles sustained damage. The tornado was rated an EF1 with wind speeds estimated close to 100 mph.","A tornado crossed the town of Darien and village of Corfu in Genesee county. The initial touchdown occurred at 453 PM EDT on Reynolds Road in Darien. The tornado moved northeast across Routes 77 and 33 before lifting near Boyce Road at 505 PM EDT (a path length of about four miles). Widespread damage occurred to the small village. Over 30 homes were damaged and three buildings were demolished. Two greenhouses were also destroyed. Twenty power poles were snapped, countless trees were uprooted and a number of vehicles sustained damage. The tornado was rated an EF1 with wind speeds estimated close to 100 mph.",136
191007,MONROE CO.,PARMA CENTER,07/25/2009,1655,Tornado, ,EF0,0,0,75000,0,NY,EST-5, ,32690,C,55,BUF,0,0,NWS Storm Survey, ,1.49,30,1,NE,1,NW,GREECE STATION,07/25/2009,1705,43.2785,-77.7917,43.2945,-77.7718,"The thunderstorm that produced a tornado in Genesee county earlier continued to move northeast across the region during the late afternoon hours and spawned another tornado in the village of Hilton in Monroe county. Initial touchdown occurred at 555 PM EDT on the southern edge of the village, just west of Hilton Parma Road and continued in a northeast direction for approximately a mile and a half. The damage from this tornado was primarily tree damage and broken outdoor furniture, although one home on Hillside Drive did sustain minor structural damage. The tornado was rated an EF0 with wind speeds peaking around 75 mph.","The thunderstorm that produced a tornado in Genesee county earlier continued to move northeast across the region during the late afternoon hours and spawned another tornado in the village of Hilton in Monroe county. Initial touchdown occurred at 555 PM EDT on the southern edge of the village, just west of Hilton Parma Road and continued in a northeast direction for approximately a mile and a half. The damage from this tornado was primarily tree damage and broken outdoor furniture, although one home on Hillside Drive did sustain minor structural damage. The tornado was rated an EF0 with wind speeds peaking around 75 mph.",137
175416,ELK CO.,KETNER,07/26/2009,1721,Tornado, ,EF1,0,0,5000,0,PA,EST-5, ,29952,C,47,CTP,0,0,NWS Storm Survey, ,1.25,30,3,SSE,4,N,ST MARYS,07/26/2009,1725,41.4852,-78.5943,41.4819,-78.5706,"A weak EF1 tornado was confirmed in a mainly rural area just north of St. Marys. Much of the tornado was classified in the EF0 range. The tornado was on the ground for about 1.25 miles mainly over a wooded area. The tornado snapped off or toppled about 20 to 30 trees. A corn field was also damaged. A gutter and chimney were damaged on two homes near the end of the tornado track on Siecker Road. The maximum wind speed was estimated near 90 mph. No injuries were reported.","The National Weather Service in State College confirmed a EF1 tornado about three miles north of Saint Marys in Elk County.",138
191029,CATTARAUGUS CO.,ONOVILLE,07/26/2009,1750,Tornado, ,EF1,0,0,300000,0,NY,EST-5, ,32692,C,9,BUF,0,0,NWS Storm Survey, ,12.88,100,3,WSW,5,ESE,QUAKER BRIDGE,07/26/2009,1810,42.0173,-79.0297,42.0428,-78.781,"A thunderstorm moving across Cattaraugus county produced a tornado. The tornado initially touched at 650 PM EDT on near Guernsey-Hollow Road in the town of South Valley in the southwest part of the county and moved across the Onoville Marina on Quaker Lake, continuing west across Allegany State Park, lifting near Route 1 in Red House at 710 PM EDT. Most of the property damage from the tornado was within in the Onoville Marina where several boats were overturned. A mobile trailer was also overturned there while several other trailers were pushed off their supports and numerous awnings were destroyed. In Allegany State Park and along Guernsey Hollow Road hundreds of trees were knocked over. Most of the damage occurred in heavily forested areas. There was notable tree damage near the Cain Hollow Campground. The tornado was rated an EF1 with a length of 13 miles and a maximum width of 100 yards.","A thunderstorm moving across Cattaraugus county produced a tornado. The tornado initially touched at 650 PM EDT on near Guernsey-Hollow Road in the town of South Valley in the southwest part of the county and moved across the Onoville Marina on Quaker Lake, continuing west across Allegany State Park, lifting near Route 1 in Red House at 710 PM EDT. Most of the property damage from the tornado was within in the Onoville Marina where several boats were overturned. A mobile trailer was also overturned there while several other trailers were pushed off their supports and numerous awnings were destroyed. In Allegany State Park and along Guernsey Hollow Road hundreds of trees were knocked over. Most of the damage occurred in heavily forested areas. There was notable tree damage near the Cain Hollow Campground. The tornado was rated an EF1 with a length of 13 miles and a maximum width of 100 yards.",139
191032,CATTARAUGUS CO.,IRVINE MILLS,07/26/2009,1815,Tornado, ,EF0,0,0,20000,0,NY,EST-5, ,32693,C,9,BUF,0,0,NWS Storm Survey, ,2.17,100,3,WSW,1,SW,IRVINE MILLS,07/26/2009,1820,42.0578,-78.6885,42.0567,-78.6463,"The thunderstorm that produced a tornado beginning in South Valley continued moving west across Cattaraugus county. It produced another tornado that first touched down at 715 PM EDT on Rice Brook Road in Allegany State Park and continued until lifting at 720 PM EDT at Parkside Drive in Limestone. Most of the damage occurred in heavily forested areas with notable tree damage in the Rice Brook area of the Park. This tornado was ranked an EF1 with a path length of 2.2 miles and a maximum width of 100 yards.","The thunderstorm that produced a tornado beginning in South Valley continued moving west across Cattaraugus county. It produced another tornado that first touched down at 715 PM EDT on Rice Brook Road in Allegany State Park and continued until lifting at 720 PM EDT at Parkside Drive in Limestone. Most of the damage occurred in heavily forested areas with notable tree damage in the Rice Brook area of the Park. This tornado was ranked an EF1 with a path length of 2.2 miles and a maximum width of 100 yards.",140
185842,HILLSBOROUGH CO.,ROCKY CREEK,07/27/2009,1027,Tornado, ,EF0,0,0,0,0,FL,EST-5, ,31636,C,57,TBW,0,0,Public, ,0.19,30,1,SSW,1,SSW,ROCKY CREEK,07/27/2009,1028,27.9733,-82.6046,27.9722,-82.6018,"A waterspout formed north of the Courtney Campbell Causeway and moved southeast across the road then dissipated just south of the causeway.  Photographs from the public suggest the spout crossed the causeway.  There were no reports of damage to vehicles as traffic slowed or stopped on either side of the storm.","High pressure ridging across the area allowed for an early sea breeze development near the coast. Showers and thunderstorms developed along the boundary and allowed several waterspouts to form along with some strong gusty winds.",141
175581,CRAWFORD CO.,FAIRVIEW,07/27/2009,1616,Tornado, ,EF1,0,0,30000,40000,WI,CST-6, ,29975,C,23,ARX,0,0,Law Enforcement, ,4.04,75,1,E,1,NNE,STAR VLY,07/27/2009,1626,43.37,-90.93,43.3966,-90.8583,"Initial reports suggested seeing debris flying in the air.  The tornado formed near a ridge area but traveled into nearby valleys hitting several farms and knocking down trees and branches in a narrow path.  Hail was observed before the tornado as well.","Low pressure triggered a cluster of severe thunderstorms during the afternoon and early evening of July 27. Damaging winds and large hail were reported by storm spotters, law enforcement officials and the public. In addition, a tornado was reported in Crawford County, which was the first confirmed tornado in this county since June 17, 1987.||A survey team from the La Crosse National Weather Service confirmed the tornado.  The path length was 4 miles long and went in a northeasterly direction, touching down 1 mile east of Fairview and staying on the ground until 5 miles west of Soldiers Grove. For most of the path length, the tornado was rated EF0, although the survey team determined it reached EF1 for a short time.  Approximate time of the tornado occurrence was 516 p.m. to 526 p.m.",142
182121,LINCOLN CO.,(LIC)LIMON ARPT,07/27/2009,1621,Tornado, ,EF0,0,0,0,0,CO,MST-7, ,31060,C,73,BOU,0,0,Public, ,0.1,50,7,NNW,7,NNW,(LIC)LIMON ARPT,07/27/2009,1621,39.37,-103.69,39.37,-103.69,"A small tornado touched down but did no damage.","A combination of heavy rain, large hail, damaging straightline winds and one tornado swept across eastern Elbert and Lincoln Counties.  Several cars in Arriba were damaged by golfball size hail.",143
187479,CAMPBELL CO.,SAVAGETON,07/27/2009,1625,Tornado, ,EF0,0,0,2000,0,WY,MST-7, ,31958,C,5,UNR,0,0,COOP Observer, ,0.5,100,6,S,6,S,SAVAGETON,07/27/2009,1627,43.7897,-105.7997,43.7897,-105.7997,"A small tornado was observed south of Savageton by a cooperative observer. It blew over a section of snow fence along Wyoming Highway 50 and tin off a shed. Path length and width were estimated by the observer.","A tornado briefly touched down south of Savageton.",144
191139,MARQUETTE CO.,GLENOAK,07/27/2009,1648,Tornado, ,EF1,0,0,10000,10000,WI,CST-6, ,32323,C,77,MKX,0,0,NWS Storm Survey, ,7.41,150,2,WNW,5,SE,GLENOAK,07/27/2009,1712,43.7611,-89.3682,43.7011,-89.2453,"A tornado spun up about 2 miles west-northwest of Glen Oak (about 3 miles southwest of Montello), roughly mid-way between Williams Lake and Metcalf Lake. It proceded to move southeast on a 150 degree bearing to where Grand Ave. crosses into Green Lake County.  This weak tornado eventually dissipated about 2 miles northwest of Dalton in southwest Green Lake County.  Mainly tree damage was noted along the track in Marquette County.  However, one small pole shed lost some roof shingles, and minor roof damage was infliced upon two mobile trailer homes along Grand Ave.  Minor damage to corn crops was noted as well.   The starting ending GPS coordinates in Marquette County were 43.76112/-89.36820 and 43.71007, with a damage indicator of DI 27 (TH), DOD 3.  The wind speed was estimated at 95 mph.  The average path width was about 75 yards.","Deep layer shear with a short wave trough interacted with instability ahead of a surface trough trailing from a surface low in central Wisconsin. The instability and shear produced supercell thunderstorms in southern Wisconsin along and ahead of the surface trough. The severe thunderstorms produced damaging winds, large hail and tornadoes. Heavy rains accompanying the severe thunderstorms produced flash flooding in Lafayette County.",145
191141,GREEN LAKE CO.,DALTON,07/27/2009,1712,Tornado, ,EF0,0,0,0,2000,WI,CST-6, ,32323,C,47,MKX,0,0,NWS Storm Survey, ,2.15,100,4,NNW,2,NNW,DALTON,07/27/2009,1716,43.7011,-89.2453,43.6755,-89.221,"This tornado segment was a continuation of a EF1 tornado what spun up about 3 miles soutwhest of Montello in Marquette County.  It moved southeast and crossed into Green Lake County where Grand Ave. enters the county. It dissipated about 2 miles north-northwest of the Village of Dalton.  Damage was limited mainly to trees (uprooted or branches snapped), but there was some minor damage to a corn field.","Deep layer shear with a short wave trough interacted with instability ahead of a surface trough trailing from a surface low in central Wisconsin. The instability and shear produced supercell thunderstorms in southern Wisconsin along and ahead of the surface trough. The severe thunderstorms produced damaging winds, large hail and tornadoes. Heavy rains accompanying the severe thunderstorms produced flash flooding in Lafayette County.",146
191158,LAFAYETTE CO.,GRATIOT,07/27/2009,1910,Tornado, ,EF0,0,0,0,0,WI,CST-6, ,32323,C,65,MKX,0,0,NWS Storm Survey, ,0.09,25,2,NE,2,NE,GRATIOT,07/27/2009,1911,42.6084,-89.991,42.6077,-89.9894,"A NWS storm survey team found evidence of a brief tornado about 2 miles northeast of the Village of Gratiot on a farm just southwest of the intersection of STH 78 and West Chruch Rd.  It moved east-southeast on a 95 degree bearing and dissipated on STH 78.  Damage was limited mainly to trees (uprooted or branches snapped).  The beginning/ending GPS coordinates were 41.60841/-89.99102 and 42.60773/-89.98941 with a damage indicator of DI 27 (TH), DOD 3.  The winds were estimated at about 80 mph, and the average path width about 15 yards.","Deep layer shear with a short wave trough interacted with instability ahead of a surface trough trailing from a surface low in central Wisconsin. The instability and shear produced supercell thunderstorms in southern Wisconsin along and ahead of the surface trough. The severe thunderstorms produced damaging winds, large hail and tornadoes. Heavy rains accompanying the severe thunderstorms produced flash flooding in Lafayette County.",147
188481,HARRISON CO.,CROSSROADS,07/28/2009,828,Tornado, ,EF1,0,0,50000,0,TX,CST-6, ,32089,C,203,SHV,0,0,NWS Storm Survey, ,0.39,75,3,SE,3,SE,CROSSROADS,07/28/2009,829,32.4218,-94.1923,32.4223,-94.1857,"An EF1 tornado touched down just north of Strickland Springs Road and just east of Grimes Road.  Several trees were uprooted and snapped.  Some minor damage was observed to two homes and a mobile home.  A vehicle was also destroyed as a tree fell on it.  There were no injuries reported.  One small barn completely lost its roof.  Radar signature places this area directly under a couplet.  Winds were estimated at 90-100 mph.","A mesoscale convective complex formed across southeast Oklahoma, southwest Arkansas and northeast Texas during the predawn hours of July 28th and spread southeast towards the Interstate 20 corridor of northeast Texas into northwest Louisiana during the day. The result was a few reports of wind damage and even a tornado across the region but the main result was excessive heavy rainfall. This rainfall resulted in numerous flooding reports across the region with several high water rescues reported and water into some homes and businesses.",148
191314,NEMAHA CO.,CENTRALIA,07/28/2009,1220,Tornado, ,EF0,0,0,0,0,KS,CST-6, ,32745,C,131,TOP,0,0,Trained Spotter, ,0.04,25,3,SSW,3,SSW,CENTRALIA,07/28/2009,1221,39.6877,-96.1561,39.6881,-96.1555,"A weather observer near Centralia and his wife snapped some pictures of this event. The observer reported he could see rotation all the way towards the ground, and it does appear that a brief landspout did touch down. No damage was reported to the office.","In the early afternoon of July 28th, 2009, thunderstorms formed along a stationary front in Northeast Kansas. These storms were not classic supercell thunderstorms, but rather more ordinary single cell thunderstorms. Funnel clouds and possibly landspout tornadoes formed as a result of these thunderstorms.",149
189482,OKTIBBEHA CO.,PATRICK,07/28/2009,1443,Tornado, ,EF0,0,0,0,0,MS,CST-6, ,32354,C,105,JAN,0,0,Trained Spotter, ,0.26,20,3,ESE,3,E,PATRICK,07/28/2009,1444,33.4703,-88.7369,33.4728,-88.7335,"A spotter witnessed a brief tornado touch down just east of Starkville off Highway 82. A brief debris cloud and condensation funnel was observed across some open farmland.","A strong upper disturbance moved over the region during the afternoon and evening of the 28th. This helped to produce a couple strong to severe thunderstorms which contained wind damage along with a rare July non-tropical tornado in Oktibbeha County.",150
186952,WARREN CO.,GOODBARS,07/28/2009,1632,Tornado, ,EF1,0,0,100000,1000,TN,CST-6, ,31805,C,177,OHX,0,0,Emergency Manager, ,0.62,100,3,SW,3,SSW,GOODBARS,07/28/2009,1634,35.6931,-85.6349,35.6956,-85.6242,"A barn, grain silo, and several buildings were destroyed.  A residence suffered minor roof damage.","With southerly, rich in moisture, flow well established into the upper level of the atmosphere, and daytime heating influences providing instability and lift, thunderstorms developed across the mid state during the afternoon hours. One of these thunderstorms produced flash flooding in Putnam County. Another thunderstorm spawned a brief small tornado 7 miles east of McMinnville in Warren County. Several outbuildings and a grain silo were destroyed.",151
180571,LIMESTONE CO.,ELKMONT,07/28/2009,1855,Tornado, ,EF0,0,0,0,0,AL,CST-6, ,30007,C,83,HUN,0,0,NWS Storm Survey, ,0.18,30,2,NNW,2,NNW,ELKMONT,07/28/2009,1856,34.951,-86.996,34.953,-86.994,"A small tornado with estimated peak winds of 75 mph touched down on the west side of Highway 127 in the Elkmont community.  The tornado tracked northeast before lifting in a heavily forested area on the east side of Highway 127.  One local resident reported seeing the tornado.  Several small trees were snapped and a few larger trees were also snapped in this area.","A low topped miniature supercell with no cloud to ground lightning developed within a tropical and unstable airmass during the early evening hours.  The cell produced a brief tornado in the community of Elkmont, knocking down trees and power lines.",152
187736,WYOMING CO.,EATONVILLE,07/29/2009,1218,Tornado, ,EF0,0,0,10000,0,PA,EST-5, ,32010,C,131,BGM,0,0,NWS Storm Survey, ,0.14,45,1,SE,1,SE,EATONVILLE,07/29/2009,1220,41.5111,-75.9573,41.5125,-75.9553,"The tornado first touched down behind a house on Jurista Hill Road. The first signs of damage were to the top quarter of a pine tree which was twisted and bent over the tree itself. Continuing northeast, one large tree was uprooted with one smaller tree snapped. Another large tree was uprooted, and an 8 foot by 16 foot wooden shed rolled over for 30 yards. More tree branches were broken before the tornado moved toward a corn field, damaging a barn. After minor damage to small areas of the corn field, more trees were snapped and uprooted before the tornado lifted. The tornado passed right next to a two story house, with only a small section of the metal roof showing signs of uplifting.","Showers and  thunderstorms developed ahead of a frontal boundary that moved east across northeast Pennsylvania in the afternoon. Isolated severe storms developed, with one thunderstorm producing a weak tornado.",153
187737,WYOMING CO.,TUNKHANNOCK,07/29/2009,1222,Tornado, ,EF0,0,0,5000,0,PA,EST-5, ,32010,C,131,BGM,0,0,NWS Storm Survey, ,0.24,65,0,S,0,SE,TUNKHANNOCK,07/29/2009,1224,41.5232,-75.9485,41.5256,-75.9452,"A NWS storm survey confirmed a tornado touchdown at the Skyhaven Airport. The first signs of damage were to a metal roof which was peeled away from a farm outbuilding. Pieces of this roof were moved in a northeast direction for over 400 yards. There was limited damaged to trees, mainly consisting of small downed branches. Toward the edge of the airport, corn stalks were  blown toward the northeast. On the other side of a grove of pine trees, pieces of the metal roof were blown back toward the west and southwest. Pieces of roof ended up toward the emergency operations center, about 1.21 miles from the building from which it was peeled. The tornado continued northeast to the edge of the runway before lifting up.","Showers and  thunderstorms developed ahead of a frontal boundary that moved east across northeast Pennsylvania in the afternoon. Isolated severe storms developed, with one thunderstorm producing a weak tornado.",154
186787,MONROE CO.,BOSSARDSVILLE,07/29/2009,1235,Tornado, ,EF2,0,2,1000000,0,PA,EST-5, ,30117,C,89,PHI,0,0,NWS Storm Survey, ,4.58,100,2,E,1,ESE,STROUDSBURG,07/29/2009,1244,40.9301,-75.251,40.9765,-75.1884,"An EF-2 tornado with estimated maximum wind speeds of 120 mph touched down and affected Hamilton and Stroud Townships. The highest wind speeds and worst reported damage occurred on Middle Road in Hamilton Township and Stroudsmoor Road in Stroud Township. Two men were injured and about 10,000 homes and businesses lost power. Hundreds of trees were destroyed and at least 25 telephone poles had to be replaced. Power was not fully restored until the 31st. In Hamilton Township, two homes suffered roof damage and four large farm buildings and one garage were destroyed. In Stroud Township, one home lost its roof, two others had trees on their roofs and a section of a resort building lost its roof. This was the first reported tornado in Monroe County since July 1, 2001 and the first reported EF2 or F2 tornado in the county since October 5, 1979.||The tornado touched down southwest of Kemmertown Road in Hamilton Township before causing substantial damage to the Blakeslee Farm near the intersection of Middle and Blakeslee Roads. On Kemmertown Road, a downed tree damaged a porch at an assisted living facility. At the Blakeslee Farm, the tornado destroyed three barns and a garage shed and took the roof and attic off of the home. A 46-year-old man suffered facial and rib injuries and a 66-year-old man suffered a head injury as the garage shed collapsed. In addition to the property damage, the tornado damaged the corn, hay, wheat and oat crops on the farm.   Thirty percent of the trees on the property were destroyed . ||The tornado then lifted, causing only relatively minor damage as it followed Middle Road into Stroud Township. However, more substantial damage again occurred from Larsens Lane northeast to Fox Run Road and Essig Lane.  More damage occurred as the tornado crossed Stroudsmoor Road, where numerous trees were felled, and roof damage occurred to the Stroudsmoor Country Inn. A downed tree also damaged a home on Stroudsmoor Road. Another downed tree damaged a home on Pennsylvania State Route 191. The tornado lifted just before it moved over the intersections of Routes 191 and 611 (Foxtwon Hill Road) just south of Stroudsburg. The tornado was on the ground for about 4.6 miles and its maximum width was about 100 yards. Damage was estimated at 1 million dollars.","A warm front retreating to the north and a cold front approaching from the west produced strong to severe thunderstorms across eastern Pennsylvania during the afternoon of the 29th. One EF-2 tornado also occurred.",155
189033,ALLEGANY CO.,OLDTOWN,07/29/2009,1348,Tornado, ,EF0,0,0,0,0,MD,EST-5, ,32086,C,1,LWX,0,0,NWS Storm Survey, ,5.3,100,1,SW,4,W,GREEN RANGE STATION,07/29/2009,1405,39.544,-78.629,39.6062,-78.5088,"Damage to trees, telephone poles, and structures were surveyed near the intersection of Old Braddock Trail and Brookstree Lane. ||Dozens of trees were uprooted along Wagner Road as well as Oldtown Cemetery Road and Lower Town Creek Road.","A potent cold front approached Maryland on the 29th. Showers and thunderstorms developed ahead of the cold front. Strong winds aloft combined with instability ahead of the front for some thunderstorms to become severe.",156
186816,SUSSEX CO.,LIBERTYVILLE,07/29/2009,1348,Tornado, ,EF2,0,0,800000,200000,NJ,EST-5, ,30114,C,37,PHI,0,0,NWS Storm Survey, ,6.56,100,1,N,3,NW,OWENS,07/29/2009,1400,41.2408,-74.67,41.3012,-74.5726,"An EF-2 tornado touched down in Wantage Township at about 248 p.m. EDT on the 29th. It was the first confirmed tornado in Sussex County since August of 1990, the first tornado of F2 or EF2 strength ever in the county since records started in 1950 and the first tornado to reach EF2 or F2 strength in New Jersey since the Manalapan tornado of May 27, 2001. The tornado remained on the ground for 6.6 miles before it crossed the border into New York State. Its maximum width was about 100 yards and its highest estimated wind speed was 120 mph. The tornado damaged thousands of trees, decimated acres of farmland and some rural property.||The tornado touched down near the intersection of Route 519 and Rutgers Road, then crossed Libertyville Road, Snoyer Road and Ramsey Road, producing minor tree and limb damage along the way.  More substantial damage, mainly in the form of downed trees and some minor structural damage, occurred after the tornado crossed New Jersey State Route 23 near its intersection with Unionville Road and Rose Morrow Road. The worst damage of the entire tornado occurred along Beemer Road and on the north side of New Jersey State Route 23.  Substantial damage occurred to the Ricker Farm, as two barns and one silo were destroyed. Two other barns suffered severe wind damage. Some minor damage also occurred to the adjacent farmhouse. Pieces of one barn roof were found three quarters of a mile away. A two week old calf was killed by the flying debris, two others were thrown fifty feet, but not seriously hurt. Damage estimates for the Ricker farm reached as high as $500,000. ||Hundreds of trees were felled further north along Beemer Road, and power was out for several hours as power lines were brought down by the tornado and falling trees.  The tornado weakened after it crossed Wolfpit Road and Black Dirt Road on its way into New York State. On Wolfpit Road, it ripped the porch from a home and lifted a boat and carried it one quarter of a mile away.  A vineyard in the township was also damaged. The tornado crossed into Orange County, New York near Quarry Road as an EF-1.  No other deaths or injuries were reported from this tornado.","A warm front retreating to the north and a cold front approaching from the west produced strong to severe thunderstorms across New Jersey during the afternoon and early evening of the 29th. One EF-2 tornado also occurred. The wind damage and lightning resulted in about 57,000 homes and businesses in losing power.",157
189898,ORANGE CO.,UNIONVILLE,07/29/2009,1405,Tornado, ,EF0,0,0,75000,0,NY,EST-5, ,32395,C,71,OKX,0,0,NWS Storm Survey, ,0.86,30,1,S,1,E,UNIONVILLE,07/29/2009,1407,41.29,-74.57,41.3,-74.56,"Based on a damage survey conducted by the NWS Mount Holly New Jersey Office in conjunction with the Orange County Office of Emergency Management, along with evidence from Doppler Weather Radar and photographs, it was confirmed that an EF0 tornado struck Unionville. Dozens of trees and a multitude of large tree branches fell across streets, and upon several houses and cars.|  |This tornado was produced by the same severe thunderstorm that produced an EF2 tornado in Wantage New Jersey just minutes earlier during the afternoon on July 29th.","A pre-frontal trough caused scattered severe thunderstorms to develop across Southeast New York, including a tornado in Orange County. Some of the storms produced very heavy rain which led to flash flooding in New York City.",158
189034,ALLEGANY CO.,BELLE GROVE,07/29/2009,1429,Tornado, ,EF0,0,0,0,0,MD,EST-5, ,32086,C,1,LWX,0,0,Emergency Manager, ,0.8,50,1,SSW,0,E,BELLE GROVE,07/29/2009,1431,39.693,-78.3334,39.7,-78.3215,"A funnel cloud was observed in association with tree damage near Whitfield Road.","A potent cold front approached Maryland on the 29th. Showers and thunderstorms developed ahead of the cold front. Strong winds aloft combined with instability ahead of the front for some thunderstorms to become severe.",159
190446,BACA CO.,PRITCHETT,07/29/2009,1558,Tornado, ,EF0,0,0,0,0,CO,MST-7, ,32388,C,9,PUB,0,0,NWS Employee, ,0.21,50,8,W,8,W,PRITCHETT,07/29/2009,1600,37.3801,-103.0092,37.3774,-103.0109,"A tornado formed approximately 8 miles west of Pritchett and moved south-southwest, and lasted for a brief time before dissipating.  The landspout caused no damage.","Numerous severe thunderstorms occurred over the southeast plains.  There was hail up to the size of baseballs and wind gusts around 60 mph at times were noted. The city of Pueblo was particularly hard hit with golf ball to tennis ball size hail.  Damage estimates were around $110 million to vehicles, structures, and crops.",160
182129,ELBERT CO.,RESOLIS,07/29/2009,1628,Tornado, ,EF0,0,0,75000,0,CO,MST-7, ,31062,C,39,BOU,0,0,Law Enforcement, ,0.25,75,6,SSE,6,SSE,RESOLIS,07/29/2009,1628,39.19,-103.78,39.19,-103.78,"Several power poles were completely removed from the ground, knocking out electrical power when a tornado touched down. Some trees and a home were also damaged.","A combination of heavy rain, large hail, damaging straightline winds and one tornado swept across eastern Elbert and Lincoln Counties. A tornado reportedly touched down southwest of Limon, in Elbert County.",161
188214,CADDO PAR.,GAYLES,07/30/2009,1015,Tornado, ,EF0,0,0,35000,0,LA,CST-6, ,32105,C,17,SHV,0,0,NWS Storm Survey, ,0.96,75,1,NNW,2,NNE,GAYLES,07/30/2009,1017,32.3438,-93.6384,32.3513,-93.6246,"A storage building at a home along Charis Road was destroyed with portions of the metal roof scattered for several hundred yards to the east.  Some of the metal was wrapped in a tree 100 feet from the building location while other pieces hit and damaged a nearby truck.  Another small shed was completely collapsed.  A third small shed was overturned.  Several trees were snapped in the area between the railroad track and Hwy. 1.  The tornado lifted shortly after crossing Hwy. 1.  One eyewitness interviewed reported that the tornado was rain wrapped.","Strong thunderstorms developed along the leading edge of an unusual late July cold front during the late morning hours of July 30th.  These thunderstorms were brief in nature but enough shear was present along the leading edge of the boundary such that a weak tornado spun up in southeast Caddo Parish.",162
178569,DALLAS CO.,MT OLIVE,07/30/2009,1342,Tornado, ,EF1,0,0,15000,0,AR,CST-6, ,30479,C,39,LZK,0,0,NWS Storm Survey, ,2.3,250,2,E,0,SSW,JACINTO,07/30/2009,1347,33.8775,-92.6651,33.8957,-92.6316,"Dozens of trees were snapped off or blown down.  A few of the falling trees knocked down power lines.  No damage to structures was found.  The majority of the tree damage was in areas close to Arkansas Highway 9.","During the morning of the 30th, a large cluster of thunderstorms known as a Mesoscale Convective System (MCS) moved into Arkansas from the southwest.   The MCS weakened, leaving behind a Mesoscale Convective Vortex (MCV) or small area of circulation aloft.  During the afternoon, this MCV helped to trigger new storms and a few tornadoes.",163
178573,ARKANSAS CO.,ARKANSAS POST,07/30/2009,1423,Tornado, ,EF2,0,0,850000,0,AR,CST-6, ,30479,C,1,LZK,0,0,NWS Storm Survey, ,12.27,600,4,NE,5,ENE,WEBER,07/30/2009,1446,34.0628,-91.2735,34.1537,-91.0892,"A tornado began in southeastern Arkansas County, northeast of Arkansas Post.  Initially, the tornado was weak and its track was mostly over open farm land.  The porch of an old mobile home, being used as a hunting camp, was torn off.  The tornado soon moved into the White River National Wildlife Refuge and intensified greatly.  The U.S. Fish and Wildlife Service estimated that 1750 acres of timber were destroyed within the refuge.  Most of these old-growth trees were snapped off.  Three families were camping at Jacks Bay in the refuge.  No one was injured, but the campers were unable to exit the refuge because Jacks Bay Road, the only road out of that section of the refuge, was blocked by fallen trees.  It took several hours for county, state, and federal crews to reopen the road.  Altogether, they had to cut trees off 2537 feet of roadway.  A few of the falling trees knocked down power lines.  The tornado crossed the White River, into Phillips County, east-northeast of Weber.  ||This tornado was destined to be one for the record books.  The total path length in Arkansas and Phillips counties was by far the longest tornado track ever recorded in Arkansas during the month of July.  Also, it was only the eighth tornado in Arkansas history to achieve a rating of F2/EF2 in the month of July.","During the morning of the 30th, a large cluster of thunderstorms known as a Mesoscale Convective System (MCS) moved into Arkansas from the southwest.   The MCS weakened, leaving behind a Mesoscale Convective Vortex (MCV) or small area of circulation aloft.  During the afternoon, this MCV helped to trigger new storms and a few tornadoes.",164
190637,PHILLIPS CO.,CRUMROD,07/30/2009,1446,Tornado, ,EF2,0,0,1500000,0,AR,CST-6, ,32593,C,107,MEG,0,0,NWS Storm Survey, ,10.02,600,6,W,2,ESE,MELLWOOD,07/30/2009,1505,34.1537,-91.0892,34.2074,-90.9263,"A tornado touched down in Arkansas County roughly 5 miles south of Tichnor. The tornado moved northeast crossing into Phillips County. The tornado knocked down around one thousand trees in the White River National Wildlife Refuge. From there, the tornado traveled northeast on a continuous path producing damage near Lundell. The Phillips County Airport sustained damage to several buildings. One brick building had major roof damage while another building was completely destroyed. An airport hangar was damaged as well. Several airplanes received damage. Another building sustained minor damage. Several trees were snapped off and many power lines were knocked down in the area. The tornado continued northeast crossing into Coahoma County, Mississippi near Jackson Point.","A cold front approached the Mid-South during the afternoon hours of July 30th, 2009. A low pressure center developed along the front as the front moved into the area. The low pressure helped to spawn several tornadoes across the Mid-South. In addition, other storms produced damaging winds, large hail and flash flooding into the evening hours.",165
190635,POINSETT CO.,HYDRICK,07/30/2009,1448,Tornado, ,EF0,0,0,100000,0,AR,CST-6, ,32593,C,111,MEG,0,0,Emergency Manager, ,4.53,150,2,NW,1,SSE,BETHEL,07/30/2009,1454,35.4748,-90.7807,35.5233,-90.7266,"A tornado touched down along Highway 214 snapping a telephone pole in half. The tornado tracked northeastward across W.D. Thomas Road damaging two grain bins and three farm buildings. The tornado continued northeast knocking down one tree and damaging air conditioning units at a home. A truck window was shattered and a mobile home window was broken as well. A shed on the property was picked up and moved into a power pole a couple of feet away. Further northeast, an old barn was toppled. The tornado traveled further northeast lifting along Highway 1 after damaging a barn and a few sheds.","A cold front approached the Mid-South during the afternoon hours of July 30th, 2009. A low pressure center developed along the front as the front moved into the area. The low pressure helped to spawn several tornadoes across the Mid-South. In addition, other storms produced damaging winds, large hail and flash flooding into the evening hours.",166
190638,COAHOMA CO.,HILLHOUSE,07/30/2009,1505,Tornado, ,EF2,0,0,2000000,0,MS,CST-6, ,32594,C,27,MEG,0,0,NWS Storm Survey, ,2.19,600,9,NW,8,WNW,GREEN GROVE,07/30/2009,1509,34.2074,-90.9263,34.2237,-90.8935,"A tornado crossed into the Jackson Point area from Phillips County, Arkansas and continued northeast. Several trees were snapped in the area. Approximately, 50-55 residences including mobile homes, houses, and hunting camps were damaged or destroyed. The tornado continued northeast crossing back into Phillips County, Arkansas.","A cold front approached the Mid-South during the afternoon hours of July 30th, 2009. A low pressure center developed along the front as the front moved into the area. The low pressure helped to spawn several tornadoes across the Mid-South. In addition, other storms produced damaging winds, large hail and flash flooding into the evening hours.",167
190639,PHILLIPS CO.,RATIO,07/30/2009,1509,Tornado, ,EF2,0,0,10000,0,AR,CST-6, ,32593,C,107,MEG,0,0,NWS Storm Survey, ,3.69,600,2,SE,2,SSE,RAGAN,07/30/2009,1516,34.2237,-90.8935,34.2497,-90.8372,"A tornado crossed into Phillips County from Coahoma County, Mississippi. The tornado moved northeast through a wooded area crossing the Mississippi River back into Coahoma County, Mississippi. Several trees were knocked down.","A cold front approached the Mid-South during the afternoon hours of July 30th, 2009. A low pressure center developed along the front as the front moved into the area. The low pressure helped to spawn several tornadoes across the Mid-South. In addition, other storms produced damaging winds, large hail and flash flooding into the evening hours.",168
178570,LINCOLN CO.,CUMMINS,07/30/2009,1511,Tornado, ,EF0,0,0,30000,0,AR,CST-6, ,30479,C,79,LZK,0,0,NWS Storm Survey, ,1.91,150,0,N,2,ENE,CUMMINS,07/30/2009,1514,34.0717,-91.5803,34.0816,-91.5492,"All of the damage from this tornado occurred on the farm at Cummins Prison, well away from the prison building itself.  A farm shop building had a metal door blown in and a metal wall peeled back.  Quite a few trees had large limbs torn off, and a few trees were uprooted altogether.","During the morning of the 30th, a large cluster of thunderstorms known as a Mesoscale Convective System (MCS) moved into Arkansas from the southwest.   The MCS weakened, leaving behind a Mesoscale Convective Vortex (MCV) or small area of circulation aloft.  During the afternoon, this MCV helped to trigger new storms and a few tornadoes.",169
190640,COAHOMA CO.,GREEN GROVE,07/30/2009,1516,Tornado, ,EF2,0,0,750000,0,MS,CST-6, ,32594,C,27,MEG,0,0,NWS Storm Survey, ,4.24,600,7,NW,4,W,HUMBER,07/30/2009,1524,34.2497,-90.8372,34.2804,-90.7728,"A tornado continued northeast crossing over from Phillips County, Arkansas into Coahoma County, Mississippi and weakend. The tornado produced EF-1 damage near Burke Landing. Two hunting cabins were heavily damaged due to trees falling. An additional three to four houses were damaged. Several trees were knocked down in the area as well. The tornado continued northeast crossing back into Phillips County, Arkansas.","A cold front approached the Mid-South during the afternoon hours of July 30th, 2009. A low pressure center developed along the front as the front moved into the area. The low pressure helped to spawn several tornadoes across the Mid-South. In addition, other storms produced damaging winds, large hail and flash flooding into the evening hours.",170
190641,PHILLIPS CO.,MODOC,07/30/2009,1524,Tornado, ,EF2,0,0,2000,0,AR,CST-6, ,32593,C,107,MEG,0,0,NWS Storm Survey, ,0.96,600,3,S,3,SSE,MODOC,07/30/2009,1526,34.2804,-90.7728,34.2941,-90.7701,"A tornado crossed over from Burke Landing in Coahoma County Mississippi continuing to weaken and lifted shortly thereafter. A few trees were knocked down.","A cold front approached the Mid-South during the afternoon hours of July 30th, 2009. A low pressure center developed along the front as the front moved into the area. The low pressure helped to spawn several tornadoes across the Mid-South. In addition, other storms produced damaging winds, large hail and flash flooding into the evening hours.",171
186344,BOONE CO.,CAPRON,07/30/2009,1526,Tornado, ,EF0,0,0,0,0,IL,CST-6, ,31706,C,7,LOT,0,0,Trained Spotter, ,0.25,20,1,NNE,1,NE,CAPRON,07/30/2009,1527,42.407,-88.7465,42.4068,-88.7416,"A brief tornado was reported near Capron and Boone School Roads.  A few tree limbs were blown down but no other damage was reported.","Strong to severe thunderstorms moved across far northern Illinois producing funnel clouds and one tornado.",172
190659,SHELBY CO.,SHELBY CENTER,07/30/2009,1549,Tornado, ,EF1,0,0,250000,0,TN,CST-6, ,32595,C,157,MEG,0,1,NWS Storm Survey, ,1.96,250,2,E,2,NW,LENOW,07/30/2009,1554,35.1864,-89.8086,35.1958,-89.7758,"A tornado touched down just east of the intersection of Interstate 40 and Appling Road. The tornado damaged a couple of baseball fields and proceeded northeast. A Kohl's department store and a Toyota dealership sustained damage. Several vehicles had windows blown out. A tractor-trailer was also overturned in the Kohl's parking lot. The tornado then crossed Germantown Parkway and damaged a Shogun Japanese Restaurant, a gas station and several other businesses. The tornado then proceeded northeast into a residential neighborhood where 97 homes sustained minor damage. Four apartment complexes and a total of 25 businesses received at least minor damage. Trees were also uprooted and snapped in the area. The tornado then moved into a golf course where at least 50 trees, fences and one small building was damaged. The tornado lifted near the center of the golf course. An off-duty firefighter was killed a few days later cleaning up storm debris when a tree fell on him.","A cold front approached the Mid-South during the afternoon hours of July 30th, 2009. A low pressure center developed along the front as the front moved into the area. The low pressure helped to spawn several tornadoes across the Mid-South. In addition, other storms produced damaging winds, large hail and flash flooding into the evening hours.",173
190798,DE SOTO CO.,MILLER,07/30/2009,1600,Tornado, ,EF2,0,0,6000000,0,MS,CST-6, ,32594,C,33,MEG,0,0,NWS Storm Survey, ,5.82,440,1,SW,2,SSE,HANDY CORNER,07/30/2009,1612,34.9131,-89.8301,34.9499,-89.7376,"A tornado touched down on Highway 305, four tenths of a mile south of College Road, southeast of Olive Branch. The tornado moved northeast on a non-continuous track. Several subdivisions had numerous trees and power lines knocked down. Some of which fell onto houses damaging them. The hardest hit area was in the Bethel Park Subdivison. Seven homes were destroyed, 15 homes sustained major damage while at least 113 other homes received minor damage including damage such as minor roof or shingle damage. In addition, one business sustained major damage and another business sustained minor damage. The tornado lifted just east of the intersection of Center Hill Road and Knightsbridge Road.","A cold front approached the Mid-South during the afternoon hours of July 30th, 2009. A low pressure center developed along the front as the front moved into the area. The low pressure helped to spawn several tornadoes across the Mid-South. In addition, other storms produced damaging winds, large hail and flash flooding into the evening hours.",174
190800,LAUDERDALE CO.,ORYSA,07/30/2009,1601,Tornado, ,EF0,0,0,2000,2000,TN,CST-6, ,32595,C,97,MEG,0,0,NWS Storm Survey, ,0.14,50,2,NNW,1,NNW,ORYSA,07/30/2009,1602,35.6394,-89.5335,35.6396,-89.5309,"A tornado briefly touched down southeast of Henning, just northwest of the intersection of Queens Crossing Road and John Moorer Road. The tornado lifted shortly after crossing Queens Crossing Road. A corn field was damaged. Several trees were damaged in the area as well.","A cold front approached the Mid-South during the afternoon hours of July 30th, 2009. A low pressure center developed along the front as the front moved into the area. The low pressure helped to spawn several tornadoes across the Mid-South. In addition, other storms produced damaging winds, large hail and flash flooding into the evening hours.",175
190835,HENDERSON CO.,CHAPEL HILL,07/30/2009,1840,Tornado, ,EF1,0,0,50000,0,TN,CST-6, ,32595,C,77,MEG,0,0,NWS Storm Survey, ,3.71,100,1,N,2,SSE,BROADWAY,07/30/2009,1848,35.6113,-88.5007,35.6471,-88.4514,"A tornado touched down near Mills Darden Road. The tornado moved northeast and lifted near Old Jackson Road. A few outbuildings were damaged or destroyed along the path. Multiple trees and power lines were knocked down as well. A mobile home was moved from the foundation into a power pole.","A cold front approached the Mid-South during the afternoon hours of July 30th, 2009. A low pressure center developed along the front as the front moved into the area. The low pressure helped to spawn several tornadoes across the Mid-South. In addition, other storms produced damaging winds, large hail and flash flooding into the evening hours.",176
190848,HENDERSON CO.,WILDERSVILLE,07/30/2009,1852,Tornado, ,EF0,0,0,25000,0,TN,CST-6, ,32595,C,77,MEG,0,0,NWS Storm Survey, ,0.1,30,1,E,1,E,WILDERSVILLE,07/30/2009,1853,35.7811,-88.3577,35.782,-88.3562,"A tornado briefly touched down near Webb Road in Wildersville. Shingles were blown off a church roof. Significant structural damage occurred to a shed on the church property. Several tree limbs in the area were knocked down and one power pole was broken.","A cold front approached the Mid-South during the afternoon hours of July 30th, 2009. A low pressure center developed along the front as the front moved into the area. The low pressure helped to spawn several tornadoes across the Mid-South. In addition, other storms produced damaging winds, large hail and flash flooding into the evening hours.",177
187098,SUMNER CO.,BRANSFORD,07/30/2009,2200,Tornado, ,EF1,0,0,100000,0,TN,CST-6, ,31806,C,165,OHX,0,0,NWS Storm Survey, ,3,100,2,NW,1,SE,PROVIDENCE,07/30/2009,2203,36.5263,-86.3043,36.5713,-86.3038,"A few hundred trees were either snapped off or uprooted. Power lines were snapped also in the area. A few homes sustained very light damage with windows blown off. Some homes had shingles blown off. One large barn was flattened. Several outbuildings and carports were also damaged. Winds were estimated between 95 MPH and 100 MPH.","As a strong low pressure system and associated front moved quickly from the Midwest U.S. into Middle Tennessee by the afternoon hours, and through the mid state during the evening hours, thunderstorms developed along and ahead of this weather system. This thunderstorm development was supported by southerly, rich in moisture, flow that was well established through the upper levels of the atmosphere. The resulting combination of moisture, instability, and lift caused a variety of severe weather to occur in three different counties of the mid state during the evening hours. Damaging thunderstorm winds in Perry County, flash flooding in Montgomery County, and an EF1 Tornado in Sumner County. The tornado in Sumner County downed trees and power lines along with causing damage to several structures.",178
186327,ALLEN CO.,SCOTTSVILLE,07/30/2009,2235,Tornado, ,EF1,0,0,25000,0,KY,CST-6, ,31523,C,3,LMK,0,0,NWS Storm Survey, ,1.4,200,8,N,10,N,SCOTTSVILLE,07/30/2009,2240,36.8701,-86.18,36.8904,-86.18,"This short-lived tornado was on the ground for about a mile and a half. Along its path, the tornado did considerable damage to a a stand of substantially sized hardwood trees, some up to four feet in diameter. There was also damage to two barns and one home, where residents witnessed the tornado.","A slow moving thunderstorm produced heavy rain and resulted in localized flash flooding on the east side of Louisville.||Later in the night, severe thunderstorms moved into south central Kentucky from Tennessee. One of these storms produced a short lived tornado in Allen County.",179
189232,WAYNE CO.,MORELAND,07/31/2009,645,Tornado, ,EF1,0,0,35000,0,OH,EST-5, ,32310,C,169,CLE,0,0,NWS Storm Survey, ,0.28,20,1,NNE,1,NE,MORELAND,07/31/2009,647,40.7305,-81.9209,40.7304,-81.9156,"A tornado touched down in rural Wayne County about five miles south of downtown Wooster.  The tornado was rated an EF1 and was on the ground for around a quarter mile.  The damage path was less than 20 yards in width.  The tornado touched down about a mile east of State Route 83 on the north side of East Messner Road and continued east for a couple hundred yards before lifting.  A pole barn was damaged and portions of a fence knocked down by the tornado.  Several trees were toppled along the damage path.  Sheet metal from the barn was found as much as a mile and a half away.","A cold front moved across northern Ohio early on July 31st.  Thunderstorms developed in advance of the front.  One of the thunderstorms produced a weak tornado in Wayne County.",180
189031,FREDERICK CO.,URBANA,07/31/2009,1306,Tornado, ,EF1,0,0,0,0,MD,EST-5, ,32093,C,21,LWX,0,0,NWS Storm Survey, ,2.6,125,2,NNW,1,E,IJAMSVILLE,07/31/2009,1313,39.3514,-77.3584,39.3708,-77.3168,"Sporadic tree damage was noted along Tabler Road, where large branches were broken from hardwood trees. The circulation impacted several residences along Ball Road between Tabler Road and Ijamsville Road. One residence suffered roof structure damage and broken windows. In this location the roof was uplifted and shifted northward. An air conditioner unit on the north side of the home was lifted and transported fifteen feet to the east. ||Many trees were snapped along Mussetter Road. A large home suffered roof damage and structural damage and a barn was destroyed. |||A second residence also experienced an uplift of roofing. Several metal-sided barns were also destroyed.","A cold front and its associated trough of low pressure triggered showers and thunderstorms across Maryland. A southwest flow ahead of the front ushered in plenty of moisture from the Gulf of Mexico, resulting in an unstable atmosphere. The moderate amounts of instability combined with the forcing from the front and strong winds aloft for some thunderstorms to become severe.",181
189032,FREDERICK CO.,IJAMSVILLE,07/31/2009,1308,Tornado, ,EF1,0,0,0,0,MD,EST-5, ,32093,C,21,LWX,0,0,NWS Storm Survey, ,2.6,350,1,SSW,1,W,MONROVIA,07/31/2009,1314,39.3531,-77.3352,39.3688,-77.2962,"Several trees were snapped or uprooted along Ijamsville Road and Price Distillery Road. Several hundred hardwood and softwood trees were snapped or uprooted along Whiskey Road and Whiskey Court. One home bearing specialty shingles to withstand winds up to 100 mph suffered some dislodging of its shingles. A clubhouse on the golf Course also lost many shingles from its roof.","A cold front and its associated trough of low pressure triggered showers and thunderstorms across Maryland. A southwest flow ahead of the front ushered in plenty of moisture from the Gulf of Mexico, resulting in an unstable atmosphere. The moderate amounts of instability combined with the forcing from the front and strong winds aloft for some thunderstorms to become severe.",182
189030,CARROLL CO.,GAMBER,07/31/2009,1340,Tornado, ,EF0,0,0,0,0,MD,EST-5, ,32093,C,13,LWX,1,0,NWS Storm Survey, ,0.92,100,2,NNE,1,WSW,FINKSBURG,07/31/2009,1343,39.492,-76.933,39.494,-76.916,"A large tree limb was down just west of Deer Park Road. Two pine trees were down on the westernmost portion of Constellation Way. Two residents suffered a significant loss of roof covering material. Several pine trees were uprooted at several locations along with numerous tree limbs broken. A portion of a corn field was blown over along Kays Mill Road.","A cold front and its associated trough of low pressure triggered showers and thunderstorms across Maryland. A southwest flow ahead of the front ushered in plenty of moisture from the Gulf of Mexico, resulting in an unstable atmosphere. The moderate amounts of instability combined with the forcing from the front and strong winds aloft for some thunderstorms to become severe.",183
189029,HOWARD CO.,ALPHA,07/31/2009,1342,Tornado, ,EF1,0,0,0,0,MD,EST-5, ,32093,C,27,LWX,0,0,NWS Storm Survey, ,0.1,50,0,S,0,SSE,ALPHA,07/31/2009,1343,39.3261,-76.9301,39.3269,-76.9286,"Numerous trees were down.","A cold front and its associated trough of low pressure triggered showers and thunderstorms across Maryland. A southwest flow ahead of the front ushered in plenty of moisture from the Gulf of Mexico, resulting in an unstable atmosphere. The moderate amounts of instability combined with the forcing from the front and strong winds aloft for some thunderstorms to become severe.",184
189782,FAIRFIELD CO.,PINE ROCK PARK,07/31/2009,1456,Tornado, ,EF1,0,0,10000,0,CT,EST-5, ,32402,C,1,OKX,0,0,NWS Storm Survey, ,0.86,100,1,W,1,N,PINE ROCK PARK,07/31/2009,1457,41.27,-73.11,41.28,-73.1,"A narrow path of wind damage extended along the Yutaka Trail near Kanungum Trail and Agawam trail to Long Hill Avenue near Pochong Trail. The most concentrated wind damage was along Oronogue trail, where many trees were downed.","A cold front transiting the Tri-State formed a squall line with multiple bow echoes, producing two tornadoes, and widespread damage from straight line winds.",185
189785,NEW HAVEN CO.,EAST RIVER,07/31/2009,1528,Tornado, ,EF1,0,0,10000,0,CT,EST-5, ,32402,C,9,OKX,0,0,NWS Storm Survey, ,2.94,100,1,NNE,1,WNW,GRISWOLD ARPT,07/31/2009,1533,41.3,-72.62,41.28,-72.57,"The tornado cut a narrow, discontinuous swath of damage nearly 3 miles long from near Copse Trail east-southeast to Hull Road between Acorn and Saxon Roads. Downed trees on Wellsweep Drive were strewn in multiple directions in a pattern indicative of a tornado. Snapped and uprooted hardwood trees were also indicative of maximum wind speeds around 100 mph, or EF1 on the Enhanced Fujita Scale.","A cold front transiting the Tri-State formed a squall line with multiple bow echoes, producing two tornadoes, and widespread damage from straight line winds.",186
183654,GOVE CO.,GOVE,07/31/2009,1942,Tornado, ,EF0,0,0,0,0,KS,CST-6, ,31133,C,63,GLD,0,0,Storm Chaser, ,0.25,10,12,S,12,S,GOVE,07/31/2009,1943,38.78,-100.45,38.78,-100.45,"Storm chaser reported a brief tornado.  Rapid low cloud rotation is still in existence. Report received via The Spotter Network.","Several clusters of severe thunderstorms developed over southwest Nebraska and northwest Kansas during the late afternoon and evening hours.  Numerous reports of large hail were received, and two brief tornadoes were witnessed by storm chasers in Gove county Kansas.",187
183655,GOVE CO.,GOVE,07/31/2009,1944,Tornado, ,EF0,0,0,0,0,KS,CST-6, ,31133,C,63,GLD,0,0,Storm Chaser, ,0.25,10,14,SSE,14,SSE,GOVE,07/31/2009,1945,38.75,-100.41,38.75,-100.41,"Storm chaser reported a second brief tornado lasting about 80 seconds.","Several clusters of severe thunderstorms developed over southwest Nebraska and northwest Kansas during the late afternoon and evening hours.  Numerous reports of large hail were received, and two brief tornadoes were witnessed by storm chasers in Gove county Kansas.",188
190303,LANE CO.,PENDENNIS,07/31/2009,2025,Tornado, ,EF0,0,0,0,0,KS,CST-6, ,32516,C,101,DDC,0,0,Storm Chaser, ,0.69,40,3,ENE,4,ENE,PENDENNIS,07/31/2009,2028,38.652,-100.277,38.647,-100.266,"This small tornado persisted for three minutes and formed on the rear flank down draft gust front as the main mesocyclone was occluding.","Discrete supercell thunderstorms formed in the afternoon heat and in areas of strong surface convergence.  Some of these became tornadic.  Another area of thunderstorms moved off the higher terrain of eastern Colorado and into western Kansas.",189
190304,NESS CO.,UTICA,07/31/2009,2032,Tornado, ,EF0,0,0,0,0,KS,CST-6, ,32516,C,135,DDC,0,0,Storm Chaser, ,0.38,100,4,WSW,4,WSW,UTICA,07/31/2009,2033,38.63,-100.24,38.629,-100.233,"This tornado formed as the mesocyclone occluded but did not strike anything to cause damage.","Discrete supercell thunderstorms formed in the afternoon heat and in areas of strong surface convergence.  Some of these became tornadic.  Another area of thunderstorms moved off the higher terrain of eastern Colorado and into western Kansas.",190
193379,BROOME CO.,KIRKWOOD,08/02/2009,1235,Tornado, ,EF0,0,0,1000,0,NY,EST-5, ,33203,C,7,BGM,0,0,NWS Storm Survey, ,0.08,50,1,NE,1,NE,KIRKWOOD,08/02/2009,1237,42.0364,-75.7688,42.0376,-75.7683,"A National Weather Service survey team confirmed a tornado near Kirkwood. The tornado first touched down at the bottom of a hill behind a stand of trees, with three trees heavily damaged. The tornado moved northeast for about 175 yards and then lifted.","Widespread showers and isolated thunderstorms associated with deep moisture ahead of a cold front brought heavy downpours with isolated flash flooding to parts of central New York. With some breaks of sun and modest destabilization, isolated thunderstorms became strong, with one storm producing a weak tornado.",191
176764,HASKELL CO.,SATANTA,08/02/2009,1940,Tornado, ,EF0,0,0,0,0,KS,CST-6, ,30208,C,81,DDC,0,0,Emergency Manager, ,1,40,2,SE,3,SE,SATANTA,08/02/2009,1944,37.4113,-100.9586,37.3983,-100.9507,"This was a narrow tornado that moved across a corn field but did minimal damage to the crop.","An unusually strong supercell thunderstorm for early August moved slowly south and produced two tornadoes in southern Haskell and norther Seward counties.  Fortunately the tornadoes were narrow and there was not much to impact in this part of the area.",192
176767,HASKELL CO.,SATANTA,08/02/2009,1950,Tornado, ,EF1,0,0,65000,0,KS,CST-6, ,30208,C,81,DDC,0,0,Emergency Manager, ,0.82,40,2,S,3,S,SATANTA,08/02/2009,1953,37.3981,-100.9782,37.3878,-100.9709,"This narrow tornado damaged a pivot irrigation sprinkler and corn.  It moved into Seward county at 853 PM CDT.","An unusually strong supercell thunderstorm for early August moved slowly south and produced two tornadoes in southern Haskell and norther Seward counties.  Fortunately the tornadoes were narrow and there was not much to impact in this part of the area.",193
176771,SEWARD CO.,KISMET,08/02/2009,1953,Tornado, ,EF1,0,0,5000,0,KS,CST-6, ,30208,C,175,DDC,0,0,Emergency Manager, ,2.68,75,20,NW,17,NW,KISMET,08/02/2009,2000,37.3878,-100.9709,37.3515,-100.9536,"This narrow tornado moved out of Haskell county at 853 PM.  It damaged two small grain bins and caused some roof damage to a home.  Also, corn was destroyed as the vortex moved through the fields.","An unusually strong supercell thunderstorm for early August moved slowly south and produced two tornadoes in southern Haskell and norther Seward counties.  Fortunately the tornadoes were narrow and there was not much to impact in this part of the area.",194
195736,MORGAN CO.,EMINENCE,08/04/2009,1110,Tornado, ,EF1,0,0,85000,500,IN,EST-5, ,33572,C,109,IND,0,0,NWS Storm Survey, ,0.21,50,0,ENE,1,ENE,EMINENCE,08/04/2009,1111,39.5225,-86.6433,39.5221,-86.6394,"A representative from the National Weather Service reclassified the damage in Eminence to be from a weak tornado.  The damage began on the west side of Back Street, where corn stalks were pressed down and pointing towards the east-northeast.  The damage continued eastward across the street where a tied-down, single-wide mobile home was flipped over and destroyed.  More damage was found across State Road 42 where much of a large tree was downed and another mobile home was damaged and unlivable.  The track continued east where a home on North Forest Street was destroyed as its roof was totally lifted and spread downstream about 100 yards.  A garage located just behind this house had its roof collapsed and debris located just behind it.  Winds were estimated near 105 miles per hour, placing the damage as EF1 on the Enhanced Fujita Scale.","All modes of severe weather were noted during this event. Hail was the primary threat from the scattered early event storms.  Then, the bow echo pushed across Central Indiana producing widespread wind damage.  A brief tornado even caused some damage where the bow echo met the east-west orientated line of scattered storms in Central Indiana.  Heavy rain and flooding, some of it flash flooding, were also widely observed across the region.",195
187331,CHRISTIAN CO.,GAINSVILLE,08/04/2009,1755,Tornado, ,EF0,0,1,35000,0,KY,CST-6, ,31878,C,47,PAH,0,0,NWS Storm Survey, ,1.03,40,2,NNW,2,N,GAINSVILLE,08/04/2009,1757,36.899,-87.4826,36.8923,-87.4659,"This tornado briefly touched down twice within an area of downburst winds. The first brief touchdown, which was eyewitnessed by a trained spotter, began at the intersection of U.S. Highway 41 and the bypass (Kentucky 1682). This tornado travelled just north of the bypass for about one-half mile. Damage included two fiberglass light poles snapped at the base, several trees snapped, and large limbs broken. An additional brief touchdown occurred just east of the Pennyrile Parkway on the south side of the bypass. Damage included a roof torn off a metal storage building, which was blown north back across the highway. One trained spotter was struck by a flying piece of wood and received a badly bruised shoulder which required hospital treatment. Peak winds were estimated near 80 mph.","An organized complex of thunderstorms developed ahead of a cold front as it approached southern Illinois and southeast Missouri during the hottest and most unstable time of day. Very strong instability, coupled with moderately strong mid-level winds, resulted in numerous damaging wind events. Most of the damaging winds were associated with small-scale bows that raced southeast ahead of the main storm complex.",196
187123,UINTAH CO.,LEOTA,08/06/2009,1510,Tornado, ,EF0,0,0,40000,0,UT,MST-7, ,31848,C,47,GJT,0,0,Public, ,2.18,25,3,W,1,NNW,LEOTA,08/06/2009,1520,40.1873,-109.7012,40.1988,-109.6628,"A tornado was observed by a number of people in the Pelican Lake area.  The tornado was first seen as it came up over a hill just west of Pelican Lake.  The tornado then traveled across Pelican Lake and turned white as it pick up water off the lake.  On the east shore of the lake, the tornado tore up some trees and flipped over a trailer used for living quarters at a man camp.  Nobody was in the trailer at the time of the event.","Strong thunderstorms produced severe weather events across northwest Utah.",197
187125,UINTAH CO.,VERNAL,08/06/2009,1639,Tornado, ,EF0,0,0,1000,0,UT,MST-7, ,31848,C,47,GJT,0,0,Newspaper, ,0.49,20,0,W,0,N,VERNAL,08/06/2009,1642,40.4492,-109.5379,40.4534,-109.5303,"A tornado tracked through a small section of Vernal, mostly staying between houses.  A number of trees had large limbs broken off and some minor damage occurred to sheds.  The tornado was seen by many area residents and photographed by at least three persons.","Strong thunderstorms produced severe weather events across northwest Utah.",198
178457,HENNEPIN CO.,MINNETRISTA,08/08/2009,1933,Tornado, ,EF1,0,0,1000000,0,MN,CST-6, ,30446,C,53,MPX,0,0,NWS Storm Survey, ,9.13,200,2,ENE,2,SW,PLYMOUTH,08/08/2009,1949,44.9629,-93.6691,45.0075,-93.4933,"A damage survey determined that an EF1 tornado touched down in the northeast side of Minnetrista, or on the west side of the intersection of County Road 110, and 151. The tornado tracked east-northeast for approximately nine miles to the east side of County Road 101, or at Garland and 25th which is in the southwest portion of Plymouth. Numerous trees were snapped and dozens of other trees fell on homes and vehicles. Boats were tossed and roofs were partially removed from two homes and a business.","The evening of August 8th, a very unstable air mass was in place across the upper Midwest with a warm front draped across the Twin Cities area, then eastward across west central Wisconsin. Initially, a strong cap suppressed thunderstorm development until around sunset as a cool front moved across east central Minnesota, and developed a supercell in the western part of Hennepin County. The supercell moved across the northern Twin Cities metro, then into Wisconsin.",199
192433,WELD CO.,KAUFMAN,08/08/2009,2002,Tornado, ,EF0,0,0,0,0,CO,MST-7, ,33015,C,123,BOU,0,0,Official NWS Observations, ,0.1,50,7,S,7,S,KAUFMAN,08/08/2009,2002,40.68,-103.83,40.68,-103.83,"A small tornado touched down but did no damage.","Severe thunderstorms broke out across the Northeast Plains of Colorado.  The hardest hit areas were in Morgan, Logan and Weld Counties.  Hail up to softball size was reported in Morgan County, while hail up to golfball size occurred in Logan and Weld Counties.",200
178460,ST. CROIX CO.,BURKHARDT,08/08/2009,2124,Tornado, ,EF1,0,0,500000,0,WI,CST-6, ,30466,C,109,MPX,0,0,NWS Storm Survey, ,5,450,1,N,3,SE,BOARDMAN,08/08/2009,2141,45.0384,-92.675,45.0379,-92.5725,"A damage survey determined an EF-1 tornado touched down and tracked approximately six miles to two miles southeast of Boardman, Wisconsin. Numerous trees were snapped off or uprooted.  Several garages and a boat were blown away. This tornado was also accompanied by very strong southerly inflow winds that also knocked down numerous trees 1/4 to 1/2 mile south of the tornado.","The evening of August 8th, a very unstable air mass was in place across the upper Midwest with a warm front draped across the Twin Cities area, then eastward across west central Wisconsin. Initially, a strong cap suppressed thunderstorm development until around sunset as a cool front moved across east central Minnesota, and developed a supercell west of Minneapolis, Minnesota.  The storm complex then moved into west central Wisconsin.",201
178461,ST. CROIX CO.,HAMMOND,08/08/2009,2151,Tornado, ,EF0,0,0,100000,0,WI,CST-6, ,30466,C,109,MPX,0,0,NWS Storm Survey, ,0.32,50,3,NNW,3,N,HAMMOND,08/08/2009,2153,45.0265,-92.4661,45.0268,-92.4596,"A damage survey determined that an EF-0 touched down approximately three miles north-northwest of Hammond, Wisconsin, and tracked eastward for approximately one-half mile before lifting. Several garage doors were blown in. A portion of a roof was blown off a house. Numerous soffets were blown off, and corn in the area was blown down. The damage occurred in the area of 167th Street.","The evening of August 8th, a very unstable air mass was in place across the upper Midwest with a warm front draped across the Twin Cities area, then eastward across west central Wisconsin. Initially, a strong cap suppressed thunderstorm development until around sunset as a cool front moved across east central Minnesota, and developed a supercell west of Minneapolis, Minnesota.  The storm complex then moved into west central Wisconsin.",202
194494,ALLEGANY CO.,RAWSON,08/09/2009,1305,Tornado, ,EF1,0,0,200000,50000,NY,EST-5, ,33456,C,3,BUF,0,0,NWS Storm Survey, ,7.84,25,2,ENE,3,E,CUBA,08/09/2009,1315,42.3288,-78.2846,42.2282,-78.2137,"NWS Survey confirmed tornado touchdown.","A massive convective complex moving south across the region produced a tornado in Allegany county.  The initial touchdown occurred in the northwest corner of New Hudson near White Meeting House Road. Final touchdown occurred on Jackson Hill in Cuba. In addition to trees being downed...a 100' communications tower collapsed. Several homes sustained minor structural damage from the tornado. Several others, and several automobiles, were damaged by felled trees. There are no known injuries due to the tornado.",203
183273,ELK CO.,FORCE,08/09/2009,1558,Tornado, ,EF1,0,0,0,0,PA,EST-5, ,30725,C,47,CTP,0,0,NWS Storm Survey, ,0.25,150,1,W,1,WSW,FORCE,08/09/2009,1559,41.2507,-78.5321,41.247,-78.5317,"The National Weather Service in State College confirmed EF1 tornado damage near Tyler in northern Clearfield County, with maximum wind speeds between 95 and 100 mph. The tornado touched down just north of Scattertown in Elk County and moved south crossing into Clearfield County, before lifting about one-half mile south of Tyler. One home in Tyler sustained minor damage with about two dozen trees knocked down in the tornado path.","The National Weather Service in State College confirmed EF1 tornado damage near Tyler in northern Clearfield County.",204
180117,CLEARFIELD CO.,TYLER,08/09/2009,1559,Tornado, ,EF1,0,0,10000,0,PA,EST-5, ,30725,C,33,CTP,0,0,NWS Storm Survey, ,1.25,150,1,N,1,SE,TYLER,08/09/2009,1602,41.2423,-78.53,41.2249,-78.5232,"The National Weather Service in State College confirmed EF1 tornado damage near Tyler in northern Clearfield County, with maximum wind speeds between 95 and 100 mph. The tornado touched down just north of Scattertown in Elk County and moved south crossing into Clearfield County, before lifting about one-half mile south of Tyler. One home in Tyler sustained minor damage with about two dozen trees knocked down in the tornado path.","The National Weather Service in State College confirmed EF1 tornado damage near Tyler in northern Clearfield County.",205
194016,HORRY CO.,FORNEY,08/12/2009,1300,Tornado, ,EF0,0,0,13000,0,SC,EST-5, ,33313,C,51,ILM,0,0,NWS Storm Survey, ,1.12,40,1,NNW,1,ENE,BURGAN,08/12/2009,1303,33.838,-79.1722,33.8541,-79.1706,"A National Weather Service Storm Survey concluded a tornado initially touched down near the intersection of Highway 378 and Marigold Road causing damage to some trees. One tree fell onto a single wide trailer along Marigold Road and ripped part of the roof off. The tornado caused sporadic tree damage before causing significant damage to an abandoned barn along Marigold Road. The top of the barn was sheared back into a small nearby field. There were also about a dozen pine trees snapped in the vicinity of the barn. The tornado moved north across Hampton Road, near the intersection of Marigold Road and dissipated. The tornado was classified as an EF-0 with winds estimated to 80 mph. The path length was 1.12 miles and the maximum path width was 40 yards. There were no injuries or fatalities. The Horry County Emergency Manager estimated the monetary damage at $13,000.","Strong heating allowed thunderstorms to develop along and ahead of a weak cold front. These thunderstorms intensified as an upper level jet streak impinged on the area.",206
192267,POLK CO.,AUBURNDALE,08/12/2009,1620,Tornado, ,EF0,0,0,35000,0,FL,EST-5, ,32855,C,105,TBW,0,0,Public, ,0.14,30,2,NNE,2,NNE,AUBURNDALE,08/12/2009,1623,28.1001,-81.7773,28.1009,-81.7752,"A EF-0 tornado briefly touched down in the Diamond Ridge neighboorhood of Auburndale. Several trees were snapped or uprooted, and there was damage to fences, sheds, well-anchored playground equipment, and a screen porch was destroyed also causing minor roof damage where it was attached to the home.","Scattered afternoon thunderstorms formed along sea breeze and outflow boundaries briefly causing a tornado to touch down and causing lightning damage to a residence.",207
192629,WASHAKIE CO.,(WRL)WORLAND MUNI AR,08/14/2009,1627,Tornado, ,EF0,0,0,0,0,WY,MST-7, ,32880,C,43,RIW,0,0,Public, ,0.75,30,15,SE,15,SE,(WRL)WORLAND MUNI AR,08/14/2009,1629,43.8358,-107.7143,43.8428,-107.7028,"A non-supercell tornado was photographed from Worland over southern Washakie County. The tornado was short-lived and caused no damage over open range.","Southwest flow ahead of an upper low over the Intermountain West and a favorably unstable atmosphere combined to generate hail and an isolated tornado over the southern Big Horn Basin.",208
186773,MOFFAT CO.,DINOSAUR,08/15/2009,1300,Tornado, ,EF0,0,0,0,0,CO,MST-7, ,31812,C,81,GJT,0,0,Airplane Pilot, ,2.93,50,2,SE,4,WSW,BLUE MTN,08/15/2009,1305,40.227,-108.9685,40.2308,-108.9132,"A tornado was observed by many people in the Rangely area and also photographed by a couple of individuals.  The tornado remained over open country during its lifespan.  The tornado track location is an estimate based on triangulation of eyewitness reports.","A tornado touched down in southwest Moffat County.",209
192245,LEE CO.,CAPE CORAL,08/16/2009,1542,Tornado, ,EF0,0,0,103000,0,FL,EST-5, ,32975,C,71,TBW,0,0,Emergency Manager, ,0.36,20,3,NNW,3,NNW,CAPE CORAL,08/16/2009,1545,26.6847,-81.9831,26.6881,-81.9786,"Twenty three homes were damaged from an EF-0 tornado with winds estimated at 70 to 80mph. Eleven homes suffered the most damage mainly to roofs, fascia, soffits, broken windows, and outdoor equipment such as satellite and electric systems.","A developing area of low pressure was in place over the eastern Gulf of Mexico, sending bands of showers and thunderstorms over the area and increasing winds across the area. With the storms, an isolated tornado briefly touched down in Cape Coral.",210
192492,ELBERT CO.,KUTCH,08/17/2009,1722,Tornado, ,EF0,0,0,0,0,CO,MST-7, ,33024,C,39,BOU,0,0,Trained Spotter, ,0.1,50,10,NW,10,NW,KUTCH,08/17/2009,1728,39,-104,39,-104,"A small tornado touched down but did no damage.","Severe thunderstorms broke out across Arapahoe, Elbert, Lincoln and Washington Counties.  The hail piled up to a foot deep in spots along State Highway 71, south of Limon.  The storms produced hail up to the size of tennis balls and one tornado.",211
192562,PARK CO.,LAKE GEORGE,08/18/2009,1216,Tornado, ,EF1,0,0,0,0,CO,MST-7, ,33044,C,93,BOU,0,0,Law Enforcement, ,9.31,100,8,W,1,SE,LAKE GEORGE,08/18/2009,1233,38.9625,-105.5209,38.9676,-105.3476,"North of Eleven Mile State Park, the tornado destroyed to small sheds and a camper, while a steel framed barn suffered major damage.  Two homes received minor damage including:  broken windows, cracked siding, lost shingles and a collapsed deck awning.  At another property northeast of Lake George, another camper was flipped and destroyed.  Minor damage was also observed with signs knocked down along State Highway 24.  Between Eleven Mile Reservoir and Lake George, there were numerous areas of significant tree damage.  Large ponderosa pines, two feet in diameter, were uprooted and snapped off.","A tornado touched down in Park County near Lake George.  In spite of its nearly 10-mi. storm track, the damage associated with the tornado was relatively minor.",212
194711,JEFFERSON CO.,GILLBURG,08/18/2009,1257,Tornado, ,EF1,0,10,20000000,0,TX,CST-6, ,33490,C,245,LCH,0,0,NWS Storm Survey, ,0.94,100,1,SSW,1,ESE,GILLBURG,08/18/2009,1300,30.1199,-94.1726,30.1255,-94.1582,"An EF1 Tornado touched down just west of the Kohls Department Store in the Parkdale Mall area.  The tornado struck the Kohls, tearing off part of its roof and collapsing the front entrance.  Damage to the store forced it to close for several weeks.  The tornado continued to the northeast and crossed a Walmart parking lot, flipping over four vehicles and damaging dozens of others.  Further to the northeast, the tornado struck Parkdale Mall, damaging the roofs of several department stores.  The tornado lifted in the east parking lot of Parkdale Mall before reaching Highway 69. |Numerous photographs and videos of the tornado were taken.","Scattered thunderstorms developed during the morning and afternoon hours across southeast Texas.  One of these thunderstorms moving across the northern portions of Beaumont spawned an EF1 tornado which struck the Parkdale Mall area.",213
190704,HUERFANO CO.,WALSENBURG,08/18/2009,1318,Tornado, ,EF0,0,0,0,0,CO,MST-7, ,32619,C,55,PUB,0,0,Trained Spotter, ,1.23,75,11,SE,13,SE,WALSENBURG,08/18/2009,1321,37.5125,-104.6448,37.495,-104.625,"A brief tornado occurred and caused no known damage east of Interstate 25 over open country.","A supercell produced a brief tornado over open country which caused no known damage.",214
183076,HARDING CO.,MILLS,08/18/2009,1509,Tornado, ,EF0,0,0,0,0,NM,MST-7, ,30970,C,21,ABQ,0,0,Law Enforcement, ,0.2,20,3,ENE,3,ENE,MILLS,08/18/2009,1511,36.09,-104.2,36.09,-104.2,"Multiple reports of a tornado were received approximately 10 miles north of Roy.  No damage was reported.","Severe weather erupted across portions of the eastern plains during the afternoon hours as a strong shortwave moved across northern New Mexico.  Dewpoints in the mid 50s to low 60s, abundant instability, and 40 to 50 knots of 0 to 6 km shear was present across the northeast quarter of the state.  Storms formed along the east slopes of the central mountain chain and quickly became supercellular as they moved into more unstable air.  Very large hail, damaging wind gusts and an isolated tornado resulted from the storms.",215
182764,HENNEPIN CO.,RICHFIELD,08/19/2009,1250,Tornado, ,EF0,0,0,500000,0,MN,CST-6, ,31090,C,53,MPX,0,0,NWS Storm Survey, ,4.25,500,2,NNW,2,S,MINNEAPOLIS,08/19/2009,1300,44.9067,-93.2621,44.9676,-93.2738,"A National Weather Service Storm Survey determined that an EF-0 Tornado tracked from near East 53rd Street and Park Avenue in South Minneapolis, to near the Convention Center in Downtown Minneapolis. Most of the damage was confined to large trees blown down, or damage to roofs and buildings/houses as the trees fell on the structures. Most of the eyewitnesses reported swirling above, and strong winds at the surface. At the widest and strongest portion of the tornado, wind speeds were estimated between 75 and 85 mph.","During the afternoon of August 19th, a large area of generally moderate to heavy showers occurred across most of south central and east central Minnesota. The area had very few lightning strikes, and most of the shower activity was racing northward at 40 to 50 mph. An area of low pressure developed across east central Minnesota during the afternoon, and began to intensify prior to the tornado development. Several weak areas of intense showers moved northward across the Twin Cities metro area. Low level humidity levels were very high, which provided a very low cloud base around 1000'. Although weak circulations were noted on radar, not until the surface low intensified and allowed for an overall increase in the surface inflow, did tornadoes develop. Most of the tornadoes were weak.",216
188897,GREENE CO.,BARROW,08/19/2009,1310,Tornado, ,EF0,0,0,0,0,IL,CST-6, ,32242,C,61,LSX,0,0,NWS Storm Survey, ,1.07,100,1,NW,1,N,BARROW,08/19/2009,1314,39.5114,-90.4169,39.5209,-90.4011,"A tornado touched down just north of Barrow near Illinois Route 106 and travelled to the northeast crossing County Line Road east of the railroad tracks into Scott County (WFO Lincoln's CWA).  Damage was confined to trees and rated EF0 on the Enhanced Fujita scale.","An upper level system moved northeast through the region, triggering showers and thunderstorms.  Some of the storms produced large hail, damaging winds and tornadoes.",217
194265,SCOTT CO.,ALSEY,08/19/2009,1314,Tornado, ,EF1,0,0,75000,112000,IL,CST-6, ,32994,C,171,ILX,0,0,NWS Storm Survey, ,5.92,200,3,SE,3,NE,MANCHESTER,08/19/2009,1323,39.5209,-90.4011,39.559,-90.3015,"The tornado first touched down in the National Weather Service St. Louis County Warning Area (CWA) in Greene County about 3.5 miles southeast of Alsey at 110 PM CST.  The tornado crossed into Scott County at 114 PM CST, then continued northeastward and crossed into Morgan County at 123 PM CST, eventually lifting in western Morgan County 3.5 miles southwest of Franklin at 135 PM CST.  Severe damage occurred to a mobile home north of Manchester and widespread tree and crop damage occurred along the path of the tornado.  The total length of the tornado from Greene County across Scott and Morgan counties was 18 miles.","A vigorous upper-level disturbance in conjunction with a warm front lifting northward through central Illinois triggered strong to severe thunderstorms during the afternoon and evening of August 19th.  Embedded supercells within a long line of storms produced enhanced wind damage and tornadoes.  Seven tornadoes touched down on August 19th, affecting parts of Scott, Morgan, Sangamon, Logan, DeWitt, McLean, and Vermilion counties.  The strongest tornado was rated as an EF3 by an NWS Storm Survey as it tracked across southern Logan County. Total damages to crops and property from the 7 tornadoes were estimated to be more than $25 Million.",218
186071,DAKOTA CO.,NEW TRIER,08/19/2009,1316,Tornado, ,EF1,0,0,25000,50000,MN,CST-6, ,31090,C,37,MPX,0,0,NWS Storm Survey, ,1.61,50,3,SSE,1,SE,NEW TRIER,08/19/2009,1318,44.568,-92.9059,44.5907,-92.9134,"A roof was completely torn off a farm house, and several large sheds and outbuildings were destroyed.  The tornado tracked through corn fields, from south-southeast to the north-northwest.","During the afternoon of August 19th, a large area of generally moderate to heavy showers occurred across most of south central and east central Minnesota. The area had very few lightning strikes, and most of the shower activity was racing northward at 40 to 50 mph. An area of low pressure developed across east central Minnesota during the afternoon, and began to intensify prior to the tornado development. Several weak areas of intense showers moved northward across the Twin Cities metro area. Low level humidity levels were very high, which provided a very low cloud base around 1000'. Although weak circulations were noted on radar, not until the surface low intensified and allowed for an overall increase in the surface inflow, did tornadoes develop. Most of the tornadoes were weak.",219
194267,MORGAN CO.,MURRAYVILLE,08/19/2009,1323,Tornado, ,EF1,0,0,320000,175000,IL,CST-6, ,32994,C,137,ILX,0,0,NWS Storm Survey, ,8.12,250,3,WSW,2,NW,NORTONVILLE,08/19/2009,1335,39.559,-90.3015,39.5883,-90.1539,"The tornado crossed from Scott County into Morgan County, then lifted 3.5 miles southwest of Franklin at 135 PM CST. Widespread tree and crop damage occurred along its path. Numerous grain bins and sheds were also damaged. The tornado reached a maximum width of 250 yards as it moved across extreme western Morgan County.","A vigorous upper-level disturbance in conjunction with a warm front lifting northward through central Illinois triggered strong to severe thunderstorms during the afternoon and evening of August 19th.  Embedded supercells within a long line of storms produced enhanced wind damage and tornadoes.  Seven tornadoes touched down on August 19th, affecting parts of Scott, Morgan, Sangamon, Logan, DeWitt, McLean, and Vermilion counties.  The strongest tornado was rated as an EF3 by an NWS Storm Survey as it tracked across southern Logan County. Total damages to crops and property from the 7 tornadoes were estimated to be more than $25 Million.",220
182781,WASHINGTON CO.,POINT DOUGLAS,08/19/2009,1340,Tornado, ,EF1,0,0,100000,0,MN,CST-6, ,31090,C,163,MPX,0,0,NWS Storm Survey, ,0.68,75,3,NW,3,NW,POINT DOUGLAS,08/19/2009,1343,44.7731,-92.8647,44.7804,-92.8738,"A National Weather Service Storm Survey determined that an EF-1 torando tracked from near U.S. Highway 61 and 122nd Street South, to near Lehigh Avenue South on the far southeast periphery of Cottage Grove, Minnesota. ||The local law enforcement officials observed the tornado as it moved through the residential area. The majority of the damage occurred in the 11700 block of Lockridge Avenue. This is where the tornado was rated an EF-1 based on large trees uprooted and winds estimated near 90 mph.  Some structural damage occurred in the residential area where a garage door collapsed inward, wooden fences blown down, and a metal shed blown across the street.","During the afternoon of August 19th, a large area of generally moderate to heavy showers occurred across most of south central and east central Minnesota. The area had very few lightning strikes, and most of the shower activity was racing northward at 40 to 50 mph. An area of low pressure developed across east central Minnesota during the afternoon, and began to intensify prior to the tornado development. Several weak areas of intense showers moved northward across the Twin Cities metro area. Low level humidity levels were very high, which provided a very low cloud base around 1000'. Although weak circulations were noted on radar, not until the surface low intensified and allowed for an overall increase in the surface inflow, did tornadoes develop. Most of the tornadoes were weak.",221
194269,MORGAN CO.,FRANKLIN,08/19/2009,1346,Tornado, ,EF1,0,0,100000,60000,IL,CST-6, ,32994,C,137,ILX,0,0,NWS Storm Survey, ,2.78,440,2,ENE,0,WSW,ROHRER,08/19/2009,1351,39.6333,-90.0066,39.6476,-89.9578,"The tornado touched down in extreme eastern Morgan County 2 miles northeast of Franklin at 146 PM CST, then crossed into Sangamon County at 151 PM CST.  The tornado then continued northeastward across Sangamon County, impacting the southern edge of the town of Loami before lifting 1.5 miles nortwest of Chatham at 208 PM CST.  Major tree and crop damage occurred along the path of the tornado in eastern Morgan County.","A vigorous upper-level disturbance in conjunction with a warm front lifting northward through central Illinois triggered strong to severe thunderstorms during the afternoon and evening of August 19th.  Embedded supercells within a long line of storms produced enhanced wind damage and tornadoes.  Seven tornadoes touched down on August 19th, affecting parts of Scott, Morgan, Sangamon, Logan, DeWitt, McLean, and Vermilion counties.  The strongest tornado was rated as an EF3 by an NWS Storm Survey as it tracked across southern Logan County. Total damages to crops and property from the 7 tornadoes were estimated to be more than $25 Million.",222
194270,SANGAMON CO.,PROUTY,08/19/2009,1351,Tornado, ,EF2,0,3,4000000,330000,IL,CST-6, ,32994,C,167,ILX,0,0,NWS Storm Survey, ,16.37,440,3,SW,2,S,ILES,08/19/2009,1416,39.6476,-89.9578,39.7254,-89.6669,"The tornado crossed into Sangamon County from Morgan County at 151 PM CST, then continued northeastward through the town of Loami before lifting 1.5 miles northwest of Chatham at 208 PM CST.  In Loami, 13 homes were destroyed and 19 homes were severely damaged.  In addition, the tornado produced damage to several homes, farm machinery sheds, trees, and crops along the remainder of its path. Three people sustained minor injuries from flying or falling debris in Loami.","A vigorous upper-level disturbance in conjunction with a warm front lifting northward through central Illinois triggered strong to severe thunderstorms during the afternoon and evening of August 19th.  Embedded supercells within a long line of storms produced enhanced wind damage and tornadoes.  Seven tornadoes touched down on August 19th, affecting parts of Scott, Morgan, Sangamon, Logan, DeWitt, McLean, and Vermilion counties.  The strongest tornado was rated as an EF3 by an NWS Storm Survey as it tracked across southern Logan County. Total damages to crops and property from the 7 tornadoes were estimated to be more than $25 Million.",223
186082,PIERCE CO.,ESDAILE,08/19/2009,1357,Tornado, ,EF0,0,0,0,10000,WI,CST-6, ,31160,C,93,MPX,0,0,NWS Storm Survey, ,0.23,10,4,N,4,N,ESDAILE,08/19/2009,1358,44.677,-92.415,44.6798,-92.417,"A tornado touched down briefly and tore a narrow path through two fields of corn. A tree was partially broken.","During the afternoon of August 19th, a large area of generally moderate to heavy showers occurred across most of south central, east central Minnesota, and into west central Wisconsin. The area had very few lightning strikes, and most of the shower activity was racing northward at 40 to 50 mph. An area of low pressure developed across east central Minnesota during the afternoon and began to intensify prior to the tornado development. Several weak areas of intense showers moved northward across the area. Low level humidity levels were very high, which provided a very low cloud base around 1000'. Although weak circulations were noted on radar, not until the surface low intensified and allowed for an overall increase in the surface inflow did tornadoes develop.",224
182814,ST. CROIX CO.,BURKHARDT,08/19/2009,1405,Tornado, ,EF0,0,0,25000,0,WI,CST-6, ,31160,C,109,MPX,0,0,NWS Storm Survey, ,0.39,25,3,S,3,S,BURKHARDT,08/19/2009,1407,44.9751,-92.69,44.9803,-92.6869,"A National Weather Service Storm Survey determined that an EF-0 tornado tracked northward across a small portion of Hudson, Wisconsin, near County Road UU, and Larson Lane. Damage was mainly associated with large trees blown down, along with minor damage to several roofs. Based on the extent of the tree and roof damage, winds were estimated between 80 and 85 mph.","During the afternoon of August 19th, a large area of generally moderate to heavy showers occurred across most of south central, east central Minnesota, and into west central Wisconsin. The area had very few lightning strikes, and most of the shower activity was racing northward at 40 to 50 mph. An area of low pressure developed across east central Minnesota during the afternoon and began to intensify prior to the tornado development. Several weak areas of intense showers moved northward across the area. Low level humidity levels were very high, which provided a very low cloud base around 1000'. Although weak circulations were noted on radar, not until the surface low intensified and allowed for an overall increase in the surface inflow did tornadoes develop.",225
186059,ANOKA CO.,LAKE NETTA,08/19/2009,1407,Tornado, ,EF0,0,0,0,0,MN,CST-6, ,31090,C,3,MPX,0,0,Storm Chaser, ,0.04,10,2,S,2,S,LAKE NETTA,08/19/2009,1407,45.2498,-93.1962,45.2498,-93.1962,"Brief touchdown in an unpopulated section of Ham Lake.","During the afternoon of August 19th, a large area of generally moderate to heavy showers occurred across most of south central and east central Minnesota. The area had very few lightning strikes, and most of the shower activity was racing northward at 40 to 50 mph. An area of low pressure developed across east central Minnesota during the afternoon, and began to intensify prior to the tornado development. Several weak areas of intense showers moved northward across the Twin Cities metro area. Low level humidity levels were very high, which provided a very low cloud base around 1000'. Although weak circulations were noted on radar, not until the surface low intensified and allowed for an overall increase in the surface inflow, did tornadoes develop. Most of the tornadoes were weak.",226
184710,CHICKASAW CO.,FREDRICKSBURG,08/19/2009,1409,Tornado, ,EF0,0,0,20000,10000,IA,CST-6, ,31436,C,37,ARX,0,0,Trained Spotter, ,1.08,40,4,SE,3,ESE,FREDRICKSBURG,08/19/2009,1414,42.9338,-92.1505,42.9471,-92.1395,"A tornado 4 miles southeast of Fredericksburg damaged a barn and an attached garage.","A warm front over southern Iowa moved north into southern Minnesota and western Wisconsin during the afternoon hours of August 19th. Thunderstorms developed along the warm front and spawned four EF0 tornadoes as it shifted north during the afternoon hours.",227
194276,SANGAMON CO.,TORONTO,08/19/2009,1417,Tornado, ,EF1,0,0,200000,240000,IL,CST-6, ,32994,C,167,ILX,0,0,NWS Storm Survey, ,12.93,200,2,SSE,3,S,MECHANICSBURG,08/19/2009,1437,39.7049,-89.6145,39.7802,-89.3917,"The tornado touched down 6 miles south-southeast of Springfield on the west banks of Lake Springfield at 217 PM CST.  The tornado then crossed the lake and continued northeastward just southeast of Rochester before lifting 2 miles south-southeast of Mechanicsburg at 237 PM CST.  Several large trees were snapped off along the west shore of Lake Springfield as the tornado first touched down.  Numerous trees and tree branches were knocked down further east along the path of the storm, with a few structures damaged by falling limbs, including the Lake Springfield Yacht Club.  In addition, widespread crop damage was observed.","A vigorous upper-level disturbance in conjunction with a warm front lifting northward through central Illinois triggered strong to severe thunderstorms during the afternoon and evening of August 19th.  Embedded supercells within a long line of storms produced enhanced wind damage and tornadoes.  Seven tornadoes touched down on August 19th, affecting parts of Scott, Morgan, Sangamon, Logan, DeWitt, McLean, and Vermilion counties.  The strongest tornado was rated as an EF3 by an NWS Storm Survey as it tracked across southern Logan County. Total damages to crops and property from the 7 tornadoes were estimated to be more than $25 Million.",228
194892,SANGAMON CO.,WILLIAMSVILLE,08/19/2009,1419,Tornado, ,EF3,0,17,11000000,75000,IL,CST-6, ,32994,C,167,ILX,0,0,NWS Storm Survey, ,4.37,600,1,WNW,4,ENE,WILLIAMSVILLE,08/19/2009,1426,39.9555,-89.5611,39.9726,-89.4837,"The tornado touched down on the west side of Williamsville, just west of I-55, at 319 PM CST.  It destroyed an antique mall, damaged the Casey's gas station building and collapsed the canopy over the gas pumps.  One person was injured at the mall, while 2 motorcyclists were injured when they were thrown from their bikes.  The tornado moved northeast through Williamsville and hit a church, throwing a 2-horse trailer onto the roof and collapsing the roof over half of the building.  One person inside the church was injured.  The tornado continued through the northern portion of town, causing damage to numerous trees and several homes.  Two homes lost their roof and several others lost a portion of their roof.  The tornado also caved in the southern end of a metal building, part of an agricultural business on the edge of town.  A total of 12 additional people were injured by tornado debris in the town of Williamsville. The width of the tornado through town ranged from 100 to 150 yards.  The maximum wind speed of 135 mph (EF2) in Williamsville was determined from the damage to the church. A total of 10 houses were destroyed and 35 houses damaged in Williamsville. A total of six businesses and non-residential properties were destroyed.||The tornado continued east-northeast and flattened cornfields, damaged farm outbuildings and machine sheds, and damaged homes, garages, and vehicles on Lester Rd.  Two houses were completely destroyed, and four others had extensive damage, as the tornado widened to 600 yards at this point.  A 19-month-old baby was injured as the family home was hit by the tornado. ||The maximum wind speed at this point was estimated at 140 mph (EF3).  The tornado continued through fields, causing extensive crop damage, until crossing into Logan County around 326 PM CST.  Path length through Sangamon County was 4.5 miles.","A vigorous upper-level disturbance in conjunction with a warm front lifting northward through central Illinois triggered strong to severe thunderstorms during the afternoon and evening of August 19th.  Embedded supercells within a long line of storms produced enhanced wind damage and tornadoes.  Seven tornadoes touched down on August 19th, affecting parts of Scott, Morgan, Sangamon, Logan, DeWitt, McLean, and Vermilion counties.  The strongest tornado was rated as an EF3 by an NWS Storm Survey as it tracked across southern Logan County. Total damages to crops and property from the 7 tornadoes were estimated to be more than $25 Million.",229
186067,WASHINGTON CO.,MARINE ON ST CROIX,08/19/2009,1425,Tornado, ,EF0,0,0,25000,0,MN,CST-6, ,31090,C,163,MPX,0,0,NWS Storm Survey, ,0.73,40,0,SE,0,NW,MARINE ON ST CROIX,08/19/2009,1426,45.1953,-92.7732,45.2031,-92.7833,"Scattered trees and large limbs were downed as a tornado moved from southeast to northwest across western sections of Marine on St. Croix.","During the afternoon of August 19th, a large area of generally moderate to heavy showers occurred across most of south central and east central Minnesota. The area had very few lightning strikes, and most of the shower activity was racing northward at 40 to 50 mph. An area of low pressure developed across east central Minnesota during the afternoon, and began to intensify prior to the tornado development. Several weak areas of intense showers moved northward across the Twin Cities metro area. Low level humidity levels were very high, which provided a very low cloud base around 1000'. Although weak circulations were noted on radar, not until the surface low intensified and allowed for an overall increase in the surface inflow, did tornadoes develop. Most of the tornadoes were weak.",230
194893,LOGAN CO.,ELKHART,08/19/2009,1426,Tornado, ,EF3,0,2,7200000,1000000,IL,CST-6, ,32994,C,107,ILX,0,0,NWS Storm Survey, ,19.9,880,3,S,2,E,BEASON,08/19/2009,1502,39.9726,-89.4837,40.1469,-89.1656,"The tornado moved into Logan county from Sangamon county at 326 PM CST and continued heading northeast.  It widened to 1/2 mile at several locations along its path. The tornado destroyed 7 houses and damaged 15 others. Numerous grain bins and outbuildings were also destroyed. Crop losses were extensive along the 20 mile path and were estimated to be around $1 Million. Two people sustained injuries when the shed they were seeking shelter in was destroyed.||Wind speeds were estimated at 140 mph as the tornado crossed from Sangamon County, decreasing to 110 to 120 mph as it moved to areas between Lincoln and Mt. Pulaski.   The tornado continued northeast before weakening to speeds of 90 to 100 mph, with a width of 50 to 100 yards.  The tornado dissipated just east of Beason at 402 PM CST.  The path length in Logan County was nearly 20 miles.","A vigorous upper-level disturbance in conjunction with a warm front lifting northward through central Illinois triggered strong to severe thunderstorms during the afternoon and evening of August 19th.  Embedded supercells within a long line of storms produced enhanced wind damage and tornadoes.  Seven tornadoes touched down on August 19th, affecting parts of Scott, Morgan, Sangamon, Logan, DeWitt, McLean, and Vermilion counties.  The strongest tornado was rated as an EF3 by an NWS Storm Survey as it tracked across southern Logan County. Total damages to crops and property from the 7 tornadoes were estimated to be more than $25 Million.",231
188790,HOWARD CO.,SARATOGA,08/19/2009,1450,Tornado, ,EF0,0,0,0,2000,IA,CST-6, ,31436,C,89,ARX,0,0,Public, ,0.1,20,2,SSE,2,SSE,SARATOGA,08/19/2009,1450,43.3502,-92.406,43.3502,-92.406,"An aerial crop assessment survey determined a brief tornado touched down in the middle of a corn field between Elma and Saratoga in rural Howard County, IA.","A warm front over southern Iowa moved north into southern Minnesota and western Wisconsin during the afternoon hours of August 19th. Thunderstorms developed along the warm front and spawned four EF0 tornadoes as it shifted north during the afternoon hours.",232
184716,FAYETTE CO.,DONNAN,08/19/2009,1450,Tornado, ,EF0,0,0,22000,45000,IA,CST-6, ,31436,C,65,ARX,0,0,Law Enforcement, ,3.53,40,3,N,2,W,WEST UNION SCOTT ARP,08/19/2009,1500,42.936,-91.8792,42.9801,-91.8439,"A tornado 2 miles west of West Union caused tree damage at a residence and roof damage to an empty poultry barn.  Several corn fields also received damage.","A warm front over southern Iowa moved north into southern Minnesota and western Wisconsin during the afternoon hours of August 19th. Thunderstorms developed along the warm front and spawned four EF0 tornadoes as it shifted north during the afternoon hours.",233
186088,ST. CROIX CO.,EMERALD,08/19/2009,1458,Tornado, ,EF0,0,0,0,0,WI,CST-6, ,31160,C,109,MPX,0,0,Trained Spotter, ,1.41,25,2,SW,1,W,EMERALD,08/19/2009,1502,45.0585,-92.2979,45.0789,-92.2992,"A tornado briefly touched down several times as it tracked northward along 250th Street. Vegetation was occasionally torn up and tossed in the air.","During the afternoon of August 19th, a large area of generally moderate to heavy showers occurred across most of south central, east central Minnesota, and into west central Wisconsin. The area had very few lightning strikes, and most of the shower activity was racing northward at 40 to 50 mph. An area of low pressure developed across east central Minnesota during the afternoon and began to intensify prior to the tornado development. Several weak areas of intense showers moved northward across the area. Low level humidity levels were very high, which provided a very low cloud base around 1000'. Although weak circulations were noted on radar, not until the surface low intensified and allowed for an overall increase in the surface inflow did tornadoes develop.",234
184720,WINNESHIEK CO.,CALMAR,08/19/2009,1500,Tornado, ,EF0,0,0,5000,35000,IA,CST-6, ,31436,C,191,ARX,0,0,NWS Storm Survey, ,5.29,25,1,NE,1,N,NORDNESS,08/19/2009,1515,43.1953,-91.8601,43.2487,-91.7849,"A tornado touch down one mile northeast of Calmar with sporadic tree and corn field damage.","A warm front over southern Iowa moved north into southern Minnesota and western Wisconsin during the afternoon hours of August 19th. Thunderstorms developed along the warm front and spawned four EF0 tornadoes as it shifted north during the afternoon hours.",235
182812,CHISAGO CO.,NORTH BRANCH,08/19/2009,1500,Tornado, ,EF0,0,0,100000,0,MN,CST-6, ,31090,C,25,MPX,0,0,NWS Storm Survey, ,0.9,200,1,SE,0,ESE,NORTH BRANCH,08/19/2009,1504,45.5061,-92.9616,45.5167,-92.9725,"A National Weather Service Storm Survey determined that an EF-0 tornado tracked from near the North Branch Middle School, northwest to near Rivercrest and Riverview Courts in North Branch, Minnesota. Roof damage was indicated at the middle school, with a telephone pole snapped, and major trees blown down in the residential area. Based on roof damage and trees blown down, winds were estimated at 70 to 80 mph.","During the afternoon of August 19th, a large area of generally moderate to heavy showers occurred across most of south central and east central Minnesota. The area had very few lightning strikes, and most of the shower activity was racing northward at 40 to 50 mph. An area of low pressure developed across east central Minnesota during the afternoon, and began to intensify prior to the tornado development. Several weak areas of intense showers moved northward across the Twin Cities metro area. Low level humidity levels were very high, which provided a very low cloud base around 1000'. Although weak circulations were noted on radar, not until the surface low intensified and allowed for an overall increase in the surface inflow, did tornadoes develop. Most of the tornadoes were weak.",236
195081,DE WITT CO.,MIDLAND CITY,08/19/2009,1504,Tornado, ,EF0,0,0,10000,8000,IL,CST-6, ,32994,C,39,ILX,0,0,NWS Storm Survey, ,2.38,15,1,NW,1,NNE,TABOR,08/19/2009,1509,40.1649,-89.1441,40.1886,-89.1113,"A tornado developed in an open field about 5.2 miles south-southwest of Waynesville, or about 0.2 mile east of the Logan/DeWitt County line and 1 mile north of Illinois Route 10. The tornado did damage to crops and trees before it dissipated about 3.5 miles south-southeast of Waynesville.","A vigorous upper-level disturbance in conjunction with a warm front lifting northward through central Illinois triggered strong to severe thunderstorms during the afternoon and evening of August 19th.  Embedded supercells within a long line of storms produced enhanced wind damage and tornadoes.  Seven tornadoes touched down on August 19th, affecting parts of Scott, Morgan, Sangamon, Logan, DeWitt, McLean, and Vermilion counties.  The strongest tornado was rated as an EF3 by an NWS Storm Survey as it tracked across southern Logan County. Total damages to crops and property from the 7 tornadoes were estimated to be more than $25 Million.",237
182816,ST. CROIX CO.,FOREST,08/19/2009,1511,Tornado, ,EF0,0,0,0,0,WI,CST-6, ,31160,C,109,MPX,0,0,Trained Spotter, ,1.66,25,1,NW,2,NNE,FOREST,08/19/2009,1515,45.1372,-92.2807,45.1552,-92.2581,"A trained spotter observed a tornado that tracked from the Highway 64, and 63 intersection, northeast to the intersection of 270th and 200th Street, west and northwest of Forest, Wisconsin.","During the afternoon of August 19th, a large area of generally moderate to heavy showers occurred across most of south central, east central Minnesota, and into west central Wisconsin. The area had very few lightning strikes, and most of the shower activity was racing northward at 40 to 50 mph. An area of low pressure developed across east central Minnesota during the afternoon and began to intensify prior to the tornado development. Several weak areas of intense showers moved northward across the area. Low level humidity levels were very high, which provided a very low cloud base around 1000'. Although weak circulations were noted on radar, not until the surface low intensified and allowed for an overall increase in the surface inflow did tornadoes develop.",238
194910,MCLEAN CO.,HOLDER,08/19/2009,1527,Tornado, ,EF0,0,0,0,4000,IL,CST-6, ,32994,C,113,ILX,0,0,Storm Chaser, ,2.48,20,3,SSE,2,S,PADUA,08/19/2009,1534,40.4112,-88.806,40.4282,-88.7645,"The tornado developed in an open field 3 miles south of the town of Holder. Damage was minimal, and was confined to crops. The tornado dissipated on the west edge of a large wind farm, about 3 miles to the southeast of Holder.","A vigorous upper-level disturbance in conjunction with a warm front lifting northward through central Illinois triggered strong to severe thunderstorms during the afternoon and evening of August 19th.  Embedded supercells within a long line of storms produced enhanced wind damage and tornadoes.  Seven tornadoes touched down on August 19th, affecting parts of Scott, Morgan, Sangamon, Logan, DeWitt, McLean, and Vermilion counties.  The strongest tornado was rated as an EF3 by an NWS Storm Survey as it tracked across southern Logan County. Total damages to crops and property from the 7 tornadoes were estimated to be more than $25 Million.",239
192272,BUCHANAN CO.,STANLEY,08/19/2009,1530,Tornado, ,EF1,0,0,75000,0,IA,CST-6, ,32939,C,19,DVN,0,0,Emergency Manager, ,2.2,100,2,S,2,ESE,STANLEY,08/19/2009,1545,42.6146,-91.819,42.6345,-91.7852,"An EF1 tornado touched down about 2.5 miles south of Stanley, IA around 430 pm August 19.  It tracked to the northeast for about 2.2 miles before lifting about 2.1 miles east southeast of Stanley, IA around 445 pm.  Wind speeds were estimated to be around 95 mph.  Two farmsteads sustained damage.  Two hog confinements were damaged.  A residence lost most of its roof.  A silo was damaged.  The back wall of a pole building was blown out and trees were blown down.","Late morning and early afternoon sunshine was the fuel for a couple rounds of showers and thunderstorms across the region August 19.  The storms brought heavy rain to most areas, with rainfall amounts between a half inch and and inch and a half common. In addition, tornadoes were reported from central Illinois all the way up to the Twin Cities. This included touchdowns near Stanley and Martelle, IA.  With all of the cloud cover during the afternoon, high temperatures only topped out in the upper 70s to lower 80s.",240
195082,VERMILION CO.,JAMESBURG,08/19/2009,1610,Tornado, ,EF0,0,0,80000,15000,IL,CST-6, ,32994,C,183,ILX,0,0,Emergency Manager, ,4.71,50,2,SSE,0,ENE,HENNING,08/19/2009,1618,40.2424,-87.7388,40.3014,-87.694,"The tornado touched down 3.5 miles northeast of Collision at 410 PM CST, and lifted at 418 PM CST one-half mile southeast of Henning.  It damaged two homes and numerous outbuildings in addition to crop and tree damage.","A vigorous upper-level disturbance in conjunction with a warm front lifting northward through central Illinois triggered strong to severe thunderstorms during the afternoon and evening of August 19th.  Embedded supercells within a long line of storms produced enhanced wind damage and tornadoes.  Seven tornadoes touched down on August 19th, affecting parts of Scott, Morgan, Sangamon, Logan, DeWitt, McLean, and Vermilion counties.  The strongest tornado was rated as an EF3 by an NWS Storm Survey as it tracked across southern Logan County. Total damages to crops and property from the 7 tornadoes were estimated to be more than $25 Million.",241
192282,JONES CO.,MARTELLE,08/19/2009,1620,Tornado, ,EF0,0,0,5000,0,IA,CST-6, ,32939,C,105,DVN,0,0,NWS Storm Survey, ,0.05,50,1,ENE,1,ENE,MARTELLE,08/19/2009,1621,42.0241,-91.3585,42.0241,-91.3575,"An EF0 tornado touched down on the north end of Martelle, IA around 520 pm August 19.  Wind speeds were estimated to be around 80 mph.  The tornado snapped and uprooted some trees in the area.  In addition, the west side of a storage building was damaged and portions of a corn field were flattened.  It was also noted that some glass and dirt was splattered on the east side of a building.","Late morning and early afternoon sunshine was the fuel for a couple rounds of showers and thunderstorms across the region August 19.  The storms brought heavy rain to most areas, with rainfall amounts between a half inch and and inch and a half common. In addition, tornadoes were reported from central Illinois all the way up to the Twin Cities. This included touchdowns near Stanley and Martelle, IA.  With all of the cloud cover during the afternoon, high temperatures only topped out in the upper 70s to lower 80s.",242
193852,IROQUOIS CO.,PITTWOOD,08/19/2009,1700,Tornado, ,EF1,0,0,100000,0,IL,CST-6, ,33278,C,75,LOT,0,0,NWS Storm Survey, ,2.75,50,3,S,3,SE,PITTWOOD,08/19/2009,1707,40.8255,-87.7306,40.8426,-87.6829,"A tornado touched down along County Road 2100 East, north of the intersection of County Roads 2100 North and 2100 East.  The initial touchdown was in a corn field where the corn was laid down in a convergent pattern.  At this location, the tornado was approximately 20 yards wide.  The tornado then crossed County Road 2100 North where it caused damage to trees and a small corn silo next to a farm house.  Just behind this farm house, several large trees were broken near their base with one tree uprooted.  Most of these trees were around three feet in diameter.  Some internal rot was noted in a few of the trees making them more susceptible to wind damage.  The tornado then appears to have lifted briefly before touching down again just behind a home along County Road 2200 East, between County Roads 2100 North and 2150 North.  At this location, significant tree damage was observed with multiple limbs between one and two feet in diameter being broken and falling in a convergent manner.  Also at this location, a detached garage was destroyed with debris being scattered 50 to 100 feet to the northeast.  This appears to be the point along the damage path where the tornado reached its maximum intensity with an estimated peak wind speed of 105 mph and a width of 50 yards.  The tornado then crossed County Road 2100 East causing damage to corn along both County Road 2100 East and County Road 2150 North.  After crossing County Road 2150 North, the tornado destroyed a barn housing farming equipment, measuring 44 by 72 feet.  Debris from this barn was scattered in all directions from the barn's original location.  Several pieces of farm equipment estimated to weigh between 5,000 and 15,000 pounds were moved several feet north and northeast of their original location including a grain wagon which was lifted and placed on top of other farm equipment.  After destroying the barn, the tornado moved northeast through a corn field where additional crop damage was observed.  The tornado then again briefly lifted before striking a home and a detached garage along County Road 2340 East.  Siding and minor roof and shingle damage was observed on the house and the detached garage lost its roof and suffered a collapse of the south wall.  At this location, the tornado was estimated to be about 40 yards wide.  The tornado appears to have lifted as it crossed County Road 2340 East.","Severe thunderstorms developed during the afternoon hours and moved northeast across parts northern and central Illinois.  Three tornadoes were confirmed during this event.",243
193850,KANE CO.,ELBURN,08/19/2009,1700,Tornado, ,EF1,0,0,25000,0,IL,CST-6, ,33278,C,89,LOT,0,0,NWS Storm Survey, ,1,40,2,N,2,S,LILY LAKE,08/19/2009,1702,41.9084,-88.4642,41.92,-88.4758,"A tornado touched down just north of Route 38.  At this location, a field of corn was flattened in a covergent manner towards the northwest.  Damage was rated EF0 with winds near 65 mph and a path width of 20 yards.  The tornado moved northwest and intensified as it moved along Route 47 where it snapped off and uprooted multiple large hardwood and softwood trees.  The damage at this location was blown in a convergent pattern to the northwest.  EF1 damage was observed with winds estimated near 105 mph and a path width of 40 yards.  The tornado continued to the northwest maintaining its strength causing more tree damage along Route 47.  Several trees were snapped off and consistently blown in the same direction to the northwest.  Several cars were damaged by falling tree limbs.  Damage was rated EF1 at this location with winds near 105 mph and a path width of 40 yards.  Several residences along Route 47 continued to receive damage to many trees on their property even as the tornado was weakening.  The last of the damage observed was in a corn field just to the west of Route 47.  Here corn was flattened and twisted before the the tornado lifted with the damage rated EF0 with winds near 65 mph.","Severe thunderstorms developed during the afternoon hours and moved northeast across parts northern and central Illinois.  Three tornadoes were confirmed during this event.",244
193851,KANE CO.,LILY LAKE,08/19/2009,1715,Tornado, ,EF0,0,0,0,0,IL,CST-6, ,33278,C,89,LOT,0,0,NWS Storm Survey, ,0.75,30,1,SSE,1,SE,LILY LAKE,08/19/2009,1716,41.9322,-88.47,41.9429,-88.4678,"A tornado touched down in a subdivision about a half mile north of Route 64.  At this location, several large hardwood tree limbs were snapped and twisted off.  Damage here was rated EF0 with winds near 75 mph and a path width of 30 yards.  The tornado quickly moved to the northeast where it continued to cause damage to multiple large trees in this subdivision.  The tornado began to weaken and produced the last of its damage about a quarter mile north of Route 64 where several large tree limbs were snapped off.  Damage was rated EF0 with winds near 70 mph and a path width of 30 yards.","Severe thunderstorms developed during the afternoon hours and moved northeast across parts northern and central Illinois.  Three tornadoes were confirmed during this event.",245
182808,BROWN CO.,SPRINGFIELD,08/19/2009,1728,Tornado, ,EF0,0,0,0,25000,MN,CST-6, ,31090,C,15,MPX,0,0,NWS Storm Survey, ,3.73,20,3,ESE,2,WNW,LEAVENWORTH,08/19/2009,1743,44.24,-94.92,44.2277,-94.8467,"Several trained spotters observed funnel clouds, and occasional brief touchdowns between Springfield, and Leavenworth, Minnesota for approximately 15 minutes. No structural damage occurred. A damage survey noted crop damage.","During the afternoon of August 19th, a large area of generally moderate to heavy showers occurred across most of south central and east central Minnesota. The area had very few lightning strikes, and most of the shower activity was racing northward at 40 to 50 mph. An area of low pressure developed across east central Minnesota during the afternoon, and began to intensify prior to the tornado development. Several weak areas of intense showers moved northward across the Twin Cities metro area. Low level humidity levels were very high, which provided a very low cloud base around 1000'. Although weak circulations were noted on radar, not until the surface low intensified and allowed for an overall increase in the surface inflow, did tornadoes develop. Most of the tornadoes were weak.",246
191862,DARKE CO.,WEIMERS MILL,08/19/2009,1730,Tornado, ,EF0,0,0,0,0,OH,EST-5, ,32883,C,37,ILN,0,0,Trained Spotter, ,0.1,20,1,SSW,1,S,WEIMERS MILL,08/19/2009,1731,40.1081,-84.6736,40.1087,-84.6723,"A weak tornado touched down in an open field two miles west of Greenville near State Highway 502.  Since this tornado occurred in an open field there was no crop or structural damage.","A series of severe storms brought damaging winds and hail to the area during the evening hours of August 19th.  One tornado was also reported.",247
193855,PORTER CO.,CHESTERTON,08/19/2009,1832,Tornado, ,EF2,0,0,1500000,0,IN,CST-6, ,33279,C,127,LOT,0,0,NWS Storm Survey, ,4,60,1,WNW,1,ENE,TREMONT,08/19/2009,1845,41.6036,-87.0654,41.6559,-87.032,"A tornado touched down in southern Chesterton east of 11th Street and southwest of South Park Drive.  The tornado quickly intensified as it moved to the northeast and caused the partial collapse of a gymnasium roof at the Chesterton Junior High School.  A wind gust to 105 mph was measured by an anemometer near the school.  This damage along with numerous trees that were either uprooted or sheared off was caused by tornado winds reaching 110 mph.  The tornado was rated EF1 at this point with a path width of 40 yards.  The tornado continued to track to the northeast across the New York Central railroad tracks toward Grant Avenue where the roof of a warehouse had been peeled off and thrown about 15 yards behind the building to the north.  The tornado continued to the northeast where an apartment building on Brown Avenue lost its entire roof.  This damage was caused by tornado winds reaching 120 mph.  The tornado damage was rated EF2 through this area with a path width of 60 yards.  In the city of Chesterton, 211 structures sustained damage; 8 were completely destroyed; 54 suffered major damage, such as trees falling through roofs.  The remaining 149 structures sustained damage such as missing shingles or damaged gutters.  Multiple vehicles were damaged by falling debris from buildings or trees.  Numerous power lines were blown down along with utility poles blown down or snapped.  This EF2 damage continued northeast where an entire field of healthy old hardwood tree trunks were snapped off or uprooted.  The tornado then started to slightly weaken as it approached the Interstate 94 eastbound exit/westbound entrance ramps at Indiana Highway 49.  A home south of the interstate had a garage roof blown off with still numerous trees uprooted or sheared off.  Tornado wind speeds here were estimated at 100 mph with an EF1 rating.  Similar tree damage was noted along a path that continued to go to the northeast across Highway 49 and toward Highway 20 near Hadenfelt Road where some aluminum roofing material of a storage facility had been peeled off.  Tornado wind speeds were estimated at 95 mph here and was rated EF1 with a path width of 30 yards.  The tornado continued to move through a heavily forested area in the Indiana Dunes National Lakeshore, eventually crossing Highway 12.  Radar imagery and an aerial survey suggests that the tornado dissipated north of Highway 12.","Strong to severe thunderstorms moved across parts of northwest Indiana during the late afternoon and evening hours of August 19th, producing one tornado in Chesterton.",248
193519,TEXAS CO.,EVENING SHADE,08/19/2009,2305,Tornado, ,EF1,0,1,25000,0,MO,CST-6, ,33224,C,215,SGF,0,0,NWS Storm Survey, ,0.75,100,1,NNE,2,NE,EVENING SHADE,08/19/2009,2306,37.6,-92.14,37.6023,-92.1288,"A National Weather Service storm survey rated the tornado an EF-1. The tornado rolled a mobile home resulting in 1 injury. The tornado produced a path three quarters of a mile long with a width of 100 yards.","A squall line of thunderstorms produced a tornado, damaging winds, hail and flash flooding.",249
191902,ROSS CO.,KINGSTON,08/20/2009,1520,Tornado, ,EF0,0,0,0,3000,OH,EST-5, ,32891,C,141,ILN,0,0,Fire Department/Rescue, ,0.25,20,2,SSE,2,SSE,KINGSTON,08/20/2009,1521,39.4438,-82.9022,39.4444,-82.9001,"Based upon information received from eyewitnesses, it was determined that a brief and weak tornado touched down along Dry Run Road.  The tornado entered a corn field and traveled a short distance before lifting.","A series of storms moved through during the afternoon and evening hours on the 20th.  These storms produced a tornado, hail, damaging thunderstorms winds, and minor flooding.",250
194531,OXFORD CO.,NORWAY CENTER,08/21/2009,1522,Tornado, ,EF1,0,0,0,0,ME,EST-5, ,33455,C,17,GYX,0,0,NWS Storm Survey, ,16.42,700,1,ENE,2,ESE,HARTFORD,08/21/2009,1601,44.2359,-70.5957,44.3655,-70.3173,"A tornado touched down on the west side of Norway Lake in Norway and moved east-northeast for more than 16 miles through the towns of Paris, Buckfield and Sumner before dissipating in the town of Hartford.  The tornado produced an intermittent path of damage along it's route.  Thousands of trees were snapped or uprooted by the tornado.  In addition...numerous buildings were damaged or destroyed by the |tornado's winds or by falling trees.  Also...many wires and utility poles were brought down by the falling trees.||The tornado was rated as EF-1 on the Enhanced Fugita Scale with maximum winds estimated between 100 and 110 mph and an estimated maximum damage path width of 700 yards (0.4 miles).||Tornado damage was observed near or across the following roads:||In Norway...Mallard Way, Dove Way, Crockett Ridge Road, Pleasant Road, Ralph Richardson Road.||In Paris...Durgin Road, Elm Hill Road, Military Road, High Street, Route 26 (Park Street), Utility Road, Paris Hill Road, Ryerson Road, and Dean Road.||In Buckfield...Allen School Road, Darnit Road, and River Road.||In Sumner...Bonney Road.||In Hartford...Rt 140 (Sumner Road), Carey Hill Road, Gurney Hill Road, Bear Pond Road (Rt 219).","A squall line developed in warm sector characterized by moderate low-level shear and low LCLs. Wind damage was the most common form of severe weather, however a few cells showed extremely high cores and low-level rotation producing large hail and numerous reports of heavy rain. There were also several reports of funnel clouds and 1 confirmed tornado.",251
200491,AGUADILLA CO.,AGUADILLA,08/25/2009,1630,Tornado, ,EF0,0,0,15000,0,XX,AST-4, ,34753,C,5,SJU,0,0,Emergency Manager, ,0.04,1,2,N,2,N,AGUADILLA,08/25/2009,1635,18.5037,-67.1254,18.5037,-67.1247,"Residents of Ramey sector in Aguadilla reported to emergency managers that a waterspout moved inland and impacted two homes in Kelly and Grubbs streets, causing damage to the exterior facade, fence, zinc roof, roof satellite TV dishes, yard equipment, and storage sheds.","A tropical wave passed to the north of Puerto Rico and produced scattered showers and isolated strong thunderstorms across the northwest section. These thunderstorms moved slwoly north northwest and produced a waterspout that was reported moving inland near the Ramey sector of Aguadilla. Two homes suffered exterior damage due to the wind gusts that were estimated by residents around 40 mph.",252
190959,LUBBOCK CO.,LUBBOCK,08/26/2009,1649,Tornado, ,EF0,0,0,0,0,TX,CST-6, ,32673,C,303,LUB,0,0,NWS Employee, ,0.15,75,3,WNW,3,NE,DOUD,08/26/2009,1651,33.5958,-101.8934,33.5955,-101.8953,"A weak non-mesocyclonic tornado occurred in north Lubbock around 16:50 CST on the 26th. The tornado developed beneath developing convection along a pre-existing southwest to northeast oriented surface boundary. The tornado was observed by the public and National Weather Service meteorologists who recorded the event using a security camera.  Eyewitness reports from the north side of the city indicate the tornado remained over the Rawls Golf Course.  Local officials reported that no damage was evident on the golf course.","Convection developed along a pre-existing surface boundary over the central South Plains of west Texas during the afternoon hours of the 26th. A non-mesocyclonic tornado occurred in the northern portions of Lubbock (Lubbock County). No damage resulted from the weak and brief tornado.",253
214897,KINGFISHER CO.,OMEGA,08/26/2009,1710,Tornado, ,EF0,0,0,0,0,OK,CST-6, ,33220,C,73,OUN,0,0,Storm Chaser, ,0.5,40,6,SSE,6,SSE,OMEGA,08/26/2009,1721,35.7898,-98.159,35.7898,-98.159,"A landspout tornado was observed in southwestern Kingfisher County.  This landspout persisted for approximately 12 minutes and moved very slowly.","Thunderstorms developed during heating of the afternoon over parts of Southern Oklahoma. Temperatures reached into the 90s, making temperature-dew point spreads on the order of 30-40 degrees. Instability was minimal, but a few thunderstorms were able to produce very strong winds, causing some minor damage in Stephens county. |At the same time, numerous thunderstorms developed ahead of a cold front that moved into northwest Oklahoma during the afternoon hours of the 26th. These thunderstorms developed through the evening hours, with the aid of convergence along the front, and lift associated with an upper level storm system moving through the central plains. The thunderstorms formed into several complexes due to the presence of numerous outflow boundaries. Surface moisture and instability along and just behind the front were sufficient for the thunderstorms to become severe. The thunderstorms moved off to the east with strong winds and large hail reported. A landspout developed over southwest Kingfisher county, remaining nearly stationary for over 10 minutes. No damage was reported with the landspout.",254
194555,ONTARIO CO.,VINCENT,08/29/2009,1205,Tornado, ,EF0,0,0,500000,0,NY,EST-5, ,33464,C,69,BUF,0,0,NWS Storm Survey, ,10.63,35,2,SW,3,E,CANANDAIGUA,08/29/2009,1215,42.8147,-77.4222,42.877,-77.2303,"NWS storm survey confirmed tornado touchdown.","Low pressure tracked across Ontario and Quebec dragging a cold front across the region. Thunderstorm winds downed trees and power lines in West Sparta, Livingston County.|Another thunderstorm accompanying the front produced a tornado in Ontario County. The tornado initially touched down in the Town of Bristol then moved to the City of Canandaigua.  Along West Ridge Run several homes suffered damage to soffits and siding. There was also some structural damage of the homes due to trees falling onto the structures. The tornado produced damage along the west shore of Canandaigua Lake at the Canandaigua Yacht Club. Widespread tree damage was observed at that location with several trees snapped off well above ground. Numerous boats were heavily damaged including a 6500 pound boat, housed in a hoist along a dock that was thrown about 40 yards into the lake where it sunk. Several houses along the lakeshore in the vicinity of Lakeview Lane also sustained minor damage to siding and roofs as well as broken windows from falling trees. The tornado finally lifted in the vicinity of Smith Road.",255
195737,ARANSAS CO.,ROCKPORT,08/30/2009,1458,Tornado, ,EF0,0,0,10000,0,TX,CST-6, ,33747,C,7,CRP,0,0,Public, ,3.48,25,7,WSW,9,SW,ROCKPORT,08/30/2009,1502,27.9832,-97.1492,27.9328,-97.1507,"Damage was confined to power lines blown down north of Aransas Pass, along Highway 35.","A tornado touched near Highway 188, just southwest of Rockport.  The tornado continued south crossing Highway 35, just north of Aransas Pass, then dissipated.",256
185962,GALVESTON CO.,GALVESTON,08/30/2009,2050,Tornado, ,EF1,0,3,500000,0,TX,CST-6, ,31660,C,167,HGX,0,0,NWS Storm Survey, ,0.33,50,2,ESE,2,ESE,GALVESTON,08/30/2009,2055,29.2855,-94.7944,29.287,-94.7975,"The tornado began as a waterspout moved onto the beach near 29th Street and Seawall Blvd. A police cruiser had its windows blown out and the roof of a souvenir shop at 29th and Seawall was blown off.  Further inland, a house on stilts was blown over and the roof of a mobile home was peeled back. A two-story home at the intersection of 31st Street and Avenue Q 1/2 at the end of the damage track had its roof completely removed. Numerous trees and fences also sustained damage.","Several strong thunderstorms formed late in the evening near Galveston Island along a nearly stationary surface front. A waterspout developed off the coast near Galveston Island before moving inland and doing damage as a tornado.",257
195877,BRULE CO.,KIMBALL MUNI ARPT,09/02/2009,1451,Tornado, ,EF0,0,0,0,0,SD,CST-6, ,33805,C,15,FSD,0,0,Emergency Manager, ,1,100,3,WSW,2,WSW,KIMBALL MUNI ARPT,09/02/2009,1455,43.74,-99.03,43.74,-99.01,"A tornado produced a visible dust and debris cloud, but caused no reported damage except to a few trees.","Thunderstorms produced a tornado and damaging winds in Brule and Charles Mix Counties, and flash flooding in Kingsbury County in southeast South Dakota, during the afternoon and early evening of September 2nd.",258
191111,CROWLEY CO.,SUGAR CITY,09/03/2009,1428,Tornado, ,EF0,0,0,0,0,CO,MST-7, ,32697,C,25,PUB,0,0,Public, ,2.35,75,2,WNW,2,NE,ORDWAY,09/03/2009,1438,38.2415,-103.6944,38.2421,-103.7378,"A landspout moved westward through open fields just south of County Road J, and caused no damage.","A line of strong thunderstorms produced a non-mesocyclone tornado (landspout) northeast of Ordway that moved from east to west, and some sub-severe hail over portions of southeast Colorado.",259
194441,PIERCE CO.,BONNEY LAKE,09/06/2009,1519,Tornado, ,EF1,0,0,180000,0,WA,PST-8, ,33444,C,53,SEW,0,0,NWS Storm Survey, ,9.6,170,2,ENE,2,ENE,BONNEY LAKE,09/06/2009,1535,47.19,-122.14,47.19,-122.14,"Confirmed EF1 tornado with estimated wind speed 100-110  mph. Maximum width was 170 yards. On ground intermittently over a 9.6 mile path length for 16 minutes.","A tornado touched down around 1619 PDT near the southeast corner of Lake Tapps and moved northeast around 36 mph for 16 minutes, lifting off the ground just northeast of Enumclaw.  There was also a lightning strike which damaged a home in Auburn.",260
199776,WARREN CO.,MC MINNVILLE ARPT FL,09/07/2009,1758,Tornado, ,EF0,0,0,25000,1000,TN,CST-6, ,33300,C,177,OHX,0,0,Emergency Manager, ,2.04,50,1,SW,1,E,OAKLAND,09/07/2009,1802,35.6936,-85.8366,35.6771,-85.8063,"Large trees were snapped and uprooted.  Roof damage was reported to a trailer and a car wash.  Siding was peeled back off homes on Laws Road.","As upper level disturbances rotated around the eastern periphery of an upper level trough positioned across the mid state, and southwesterly low level flow ushered in deep low level moisture, severe thunderstorms developed during the mid afternoon through evening hours, mainly across the eastern half of Middle Tennessee. These severe thunderstorms produced thunderstorm wind damage, large hail, heavy rainfall, and a tornado in Warren County.",261
198019,CHILTON CO.,LOMAX,09/16/2009,958,Tornado, ,EF0,0,0,10000,0,AL,CST-6, ,34197,C,21,BMX,0,0,NWS Storm Survey, ,0.66,30,1,SE,1,E,LOMAX,09/16/2009,1000,32.8737,-86.6605,32.8822,-86.6552,"The tornado touched down near the intersection of Reed Road and Judge Avenue, where it removed a few shingles off of a home and peeled back the tin roof of an outbuilding. It continued north-northeastward across Old Henry Road, to the intersection of US-31 and Lomax Drive.  Eyewitnesses at this location photographed the tornado as it moved away.  A metal roof was totally lifted off of an outbuilding, with portions of this debris deposited nearly a half mile downstream.  Damage was|relatively minor and limited to a very narrow yet discernible path.  Peak winds were estimated between 60 and 70 mph.","A slow moving upper level disturbance helped spark several days of thunderstorms across Central Alabama.  The storms were slow moving, and produced very heavy rainfall in some locations, which led to flash flooding.",262
195824,CLARK CO.,BORDEN,09/20/2009,1658,Tornado, ,EF1,0,0,10000,0,IN,EST-5, ,33624,C,19,LMK,0,0,NWS Storm Survey, ,1.14,35,2,NNE,3,NE,BORDEN,09/20/2009,1659,38.498,-85.9337,38.5026,-85.9134,"The tornado uprooted and snapped several large trees and destroyed a small shed on Daisy Hill Road north of Borden. One snapped tree came down onto the roof of a home doing considerable damage.","A mid level trough over moving over the Ohio Valley brought heavy rainfall and a few strong thunderstorms, one of which produced a weak tornado, to southern Indiana. Anywhere from three to five inches of rain fell over several hours. An already saturated ground led contributed to flash flooding conditions.  The tornado was produced in response to some increase low and mid level shear as a the low pressure system moved through the area.",263
